 zone  i=          58  j=          20 k=           1
      0.0000000000000000      0.0000000000000000     -1.0000000000000000
      1.0526316165924072      0.0000000000000000     -0.8947368264198303
      2.1052632331848145      0.0000000000000000     -0.7894737124443054
      3.1578948497772217      0.0000000000000000     -0.6842105388641357
      4.2105264663696289      0.0000000000000000     -0.5789473652839661
      5.2631578445434570      0.0000000000000000     -0.4736842215061188
      6.3157896995544434      0.0000000000000000     -0.3684210479259491
      7.3684210777282715      0.0000000000000000     -0.2631579041481018
      8.4210529327392578      0.0000000000000000     -0.1578947305679321
      9.4736843109130859      0.0000000000000000     -0.0526315793395042
     10.5263156890869141      0.0000000000000000      0.0526315793395042
     11.5789470672607422      0.0000000000000000      0.1578947305679321
     12.6315793991088867      0.0000000000000000      0.2631579041481018
     13.6842107772827148      0.0000000000000000      0.3684210479259491
     14.7368421554565430      0.0000000000000000      0.4736842215061188
     15.7894735336303711      0.0000000000000000      0.5789473652839661
     16.8421058654785156      0.0000000000000000      0.6842105388641357
     17.8947372436523438      0.0000000000000000      0.7894737124443054
     18.9473686218261719      0.0000000000000000      0.8947368264198303
     20.0000000000000000      0.0000000000000000      1.0000000000000000
     22.0421047210693359      0.0000000000000000      1.0000000000000000
     24.0842113494873047      0.0000000000000000      1.0000000000000000
     26.1263160705566406      0.0000000000000000      1.0000000000000000
     28.1684207916259766      0.0000000000000000      1.0000000000000000
     30.2105255126953125      0.0000000000000000      1.0000000000000000
     32.2526321411132813      0.0000000000000000      1.0000000000000000
     34.2947349548339844      0.0000000000000000      1.0000000000000000
     36.3368415832519531      0.0000000000000000      1.0000000000000000
     38.3789482116699219      0.0000000000000000      1.0000000000000000
     40.4210510253906250      0.0000000000000000      1.0000000000000000
     42.4631576538085938      0.0000000000000000      1.0000000000000000
     44.5052642822265625      0.0000000000000000      1.0000000000000000
     46.5473670959472656      0.0000000000000000      1.0000000000000000
     48.5894737243652344      0.0000000000000000      1.0000000000000000
     50.6315803527832031      0.0000000000000000      1.0000000000000000
     52.6736831665039063      0.0000000000000000      1.0000000000000000
     54.7157897949218750      0.0000000000000000      1.0000000000000000
     56.7578964233398438      0.0000000000000000      1.0000000000000000
     58.7999992370605469      0.0000000000000000      1.0000000000000000
     59.4947357177734375      0.0000000000000000      1.0000000000000000
     60.1894721984863281      0.0000000000000000      1.0000000000000000
     60.8842086791992188      0.0000000000000000      1.0000000000000000
     61.5789489746093750      0.0000000000000000      1.0000000000000000
     62.2736854553222656      0.0000000000000000      1.0000000000000000
     62.9684219360351563      0.0000000000000000      1.0000000000000000
     63.6631584167480469      0.0000000000000000      1.0000000000000000
     64.3578948974609375      0.0000000000000000      1.0000000000000000
     65.0526351928710938      0.0000000000000000      1.0000000000000000
     65.7473678588867188      0.0000000000000000      1.0000000000000000
     66.4421081542968750      0.0000000000000000      1.0000000000000000
     67.1368408203125000      0.0000000000000000      1.0000000000000000
     67.8315811157226563      0.0000000000000000      1.0000000000000000
     68.5263137817382813      0.0000000000000000      1.0000000000000000
     69.2210540771484375      0.0000000000000000      1.0000000000000000
     69.9157867431640625      0.0000000000000000      1.0000000000000000
     70.6105270385742188      0.0000000000000000      1.0000000000000000
     71.3052597045898438      0.0000000000000000      1.0000000000000000
     72.0000000000000000      0.0000000000000000      1.0000000000000000
      0.0000000000000000      0.0000000000000000     -1.0000000000000000
      1.0526316165924072      0.0037396121770144     -0.8948753476142883
      2.1052632331848145      0.0074792243540287     -0.7897506952285767
      3.1578948497772217      0.0112188365310431     -0.6846260428428650
      4.2105264663696289      0.0149584487080574     -0.5795013904571533
      5.2631578445434570      0.0186980608850718     -0.4743767380714417
      6.3157896995544434      0.0224376730620861     -0.3692520856857300
      7.3684210777282715      0.0261772852391005     -0.2641274333000183
      8.4210529327392578      0.0299168974161148     -0.1590027660131454
      9.4736843109130859      0.0336565114557743     -0.0538781173527241
     10.5263156890869141      0.0373961217701435      0.0512465387582779
     11.5789470672607422      0.0411357358098030      0.1563711911439896
     12.6315793991088867      0.0448753461241722      0.2614958584308624
     13.6842107772827148      0.0486149601638317      0.3666205108165741
     14.7368421554565430      0.0523545704782009      0.4717451632022858
     15.7894735336303711      0.0560941845178604      0.5768697857856750
     16.8421058654785156      0.0598337948322296      0.6819944381713867
     17.8947372436523438      0.0635734051465988      0.7871190905570984
     18.9473686218261719      0.0673130229115486      0.8922437429428101
     20.0000000000000000      0.0710526332259178      0.9973683953285217
     22.0421047210693359      0.0710526332259178      0.9973683953285217
     24.0842113494873047      0.0710526332259178      0.9973683953285217
     26.1263160705566406      0.0710526332259178      0.9973683953285217
     28.1684207916259766      0.0710526332259178      0.9973683953285217
     30.2105255126953125      0.0710526332259178      0.9973683953285217
     32.2526321411132813      0.0710526332259178      0.9973683953285217
     34.2947349548339844      0.0710526332259178      0.9973683953285217
     36.3368415832519531      0.0710526332259178      0.9973683953285217
     38.3789482116699219      0.0710526332259178      0.9973683953285217
     40.4210510253906250      0.0710526332259178      0.9973683953285217
     42.4631576538085938      0.0710526332259178      0.9973683953285217
     44.5052642822265625      0.0710526332259178      0.9973683953285217
     46.5473670959472656      0.0710526332259178      0.9973683953285217
     48.5894737243652344      0.0710526332259178      0.9973683953285217
     50.6315803527832031      0.0710526332259178      0.9973683953285217
     52.6736831665039063      0.0710526332259178      0.9973683953285217
     54.7157897949218750      0.0710526332259178      0.9973683953285217
     56.7578964233398438      0.0710526332259178      0.9973683953285217
     58.7999992370605469      0.0710526332259178      0.9973683953285217
     59.4947357177734375      0.0673130229115486      0.9975069165229797
     60.1894721984863281      0.0635734051465988      0.9976454377174377
     60.8842086791992188      0.0598337948322296      0.9977839589118958
     61.5789489746093750      0.0560941845178604      0.9979224205017090
     62.2736854553222656      0.0523545704782009      0.9980609416961670
     62.9684219360351563      0.0486149601638317      0.9981994628906250
     63.6631584167480469      0.0448753461241722      0.9983379244804382
     64.3578948974609375      0.0411357358098030      0.9984764456748962
     65.0526351928710938      0.0373961217701435      0.9986149668693542
     65.7473678588867188      0.0336565114557743      0.9987534880638123
     66.4421081542968750      0.0299168974161148      0.9988919496536255
     67.1368408203125000      0.0261772852391005      0.9990304708480835
     67.8315811157226563      0.0224376730620861      0.9991689920425415
     68.5263137817382813      0.0186980608850718      0.9993074536323547
     69.2210540771484375      0.0149584487080574      0.9994459748268127
     69.9157867431640625      0.0112188365310431      0.9995844960212708
     70.6105270385742188      0.0074792243540287      0.9997230172157288
     71.3052597045898438      0.0037396121770144      0.9998614788055420
     72.0000000000000000      0.0000000000000000      1.0000000000000000
      0.0000000000000000      0.0000000000000000     -1.0000000000000000
      1.0526316165924072      0.0074792243540287     -0.8950138688087463
      2.1052632331848145      0.0149584487080574     -0.7900276780128479
      3.1578948497772217      0.0224376730620861     -0.6850415468215942
      4.2105264663696289      0.0299168974161148     -0.5800554156303406
      5.2631578445434570      0.0373961217701435     -0.4750692546367645
      6.3157896995544434      0.0448753461241722     -0.3700830936431885
      7.3684210777282715      0.0523545704782009     -0.2650969624519348
      8.4210529327392578      0.0598337948322296     -0.1601108014583588
      9.4736843109130859      0.0673130229115486     -0.0551246553659439
     10.5263156890869141      0.0747922435402870      0.0498614944517612
     11.5789470672607422      0.0822714716196060      0.1548476517200470
     12.6315793991088867      0.0897506922483444      0.2598337829113007
     13.6842107772827148      0.0972299203276634      0.3648199439048767
     14.7368421554565430      0.1047091409564018      0.4698061048984528
     15.7894735336303711      0.1121883690357208      0.5747922658920288
     16.8421058654785156      0.1196675896644592      0.6797783970832825
     17.8947372436523438      0.1271468102931976      0.7847645282745361
     18.9473686218261719      0.1346260458230972      0.8897507190704346
     20.0000000000000000      0.1421052664518356      0.9947368502616882
     22.0421047210693359      0.1421052664518356      0.9947368502616882
     24.0842113494873047      0.1421052664518356      0.9947368502616882
     26.1263160705566406      0.1421052664518356      0.9947368502616882
     28.1684207916259766      0.1421052664518356      0.9947368502616882
     30.2105255126953125      0.1421052664518356      0.9947368502616882
     32.2526321411132813      0.1421052664518356      0.9947368502616882
     34.2947349548339844      0.1421052664518356      0.9947368502616882
     36.3368415832519531      0.1421052664518356      0.9947368502616882
     38.3789482116699219      0.1421052664518356      0.9947368502616882
     40.4210510253906250      0.1421052664518356      0.9947368502616882
     42.4631576538085938      0.1421052664518356      0.9947368502616882
     44.5052642822265625      0.1421052664518356      0.9947368502616882
     46.5473670959472656      0.1421052664518356      0.9947368502616882
     48.5894737243652344      0.1421052664518356      0.9947368502616882
     50.6315803527832031      0.1421052664518356      0.9947368502616882
     52.6736831665039063      0.1421052664518356      0.9947368502616882
     54.7157897949218750      0.1421052664518356      0.9947368502616882
     56.7578964233398438      0.1421052664518356      0.9947368502616882
     58.7999992370605469      0.1421052664518356      0.9947368502616882
     59.4947357177734375      0.1346260458230972      0.9950138330459595
     60.1894721984863281      0.1271468102931976      0.9952908754348755
     60.8842086791992188      0.1196675896644592      0.9955678582191467
     61.5789489746093750      0.1121883690357208      0.9958449006080627
     62.2736854553222656      0.1047091409564018      0.9961218833923340
     62.9684219360351563      0.0972299203276634      0.9963988661766052
     63.6631584167480469      0.0897506922483444      0.9966759085655212
     64.3578948974609375      0.0822714716196060      0.9969528913497925
     65.0526351928710938      0.0747922435402870      0.9972299337387085
     65.7473678588867188      0.0673130229115486      0.9975069165229797
     66.4421081542968750      0.0598337948322296      0.9977839589118958
     67.1368408203125000      0.0523545704782009      0.9980609416961670
     67.8315811157226563      0.0448753461241722      0.9983379244804382
     68.5263137817382813      0.0373961217701435      0.9986149668693542
     69.2210540771484375      0.0299168974161148      0.9988919496536255
     69.9157867431640625      0.0224376730620861      0.9991689920425415
     70.6105270385742188      0.0149584487080574      0.9994459748268127
     71.3052597045898438      0.0074792243540287      0.9997230172157288
     72.0000000000000000      0.0000000000000000      1.0000000000000000
      0.0000000000000000      0.0000000000000000     -1.0000000000000000
      1.0526316165924072      0.0112188365310431     -0.8951523303985596
      2.1052632331848145      0.0224376730620861     -0.7903047204017639
      3.1578948497772217      0.0336565114557743     -0.6854570508003235
      4.2105264663696289      0.0448753461241722     -0.5806094408035278
      5.2631578445434570      0.0560941845178604     -0.4757617712020874
      6.3157896995544434      0.0673130229115486     -0.3709141314029694
      7.3684210777282715      0.0785318538546562     -0.2660664916038513
      8.4210529327392578      0.0897506922483444     -0.1612188369035721
      9.4736843109130859      0.1009695306420326     -0.0563711896538734
     10.5263156890869141      0.1121883690357208      0.0484764538705349
     11.5789470672607422      0.1234071999788284      0.1533240973949432
     12.6315793991088867      0.1346260458230972      0.2581717371940613
     13.6842107772827148      0.1458448767662048      0.3630193769931793
     14.7368421554565430      0.1570637077093124      0.4678670465946198
     15.7894735336303711      0.1682825535535812      0.5727146863937378
     16.8421058654785156      0.1795013844966888      0.6775623559951782
     17.8947372436523438      0.1907202154397964      0.7824099659919739
     18.9473686218261719      0.2019390612840652      0.8872576355934143
     20.0000000000000000      0.2131578922271729      0.9921052455902100
     22.0421047210693359      0.2131578922271729      0.9921052455902100
     24.0842113494873047      0.2131578922271729      0.9921052455902100
     26.1263160705566406      0.2131578922271729      0.9921052455902100
     28.1684207916259766      0.2131578922271729      0.9921052455902100
     30.2105255126953125      0.2131578922271729      0.9921052455902100
     32.2526321411132813      0.2131578922271729      0.9921052455902100
     34.2947349548339844      0.2131578922271729      0.9921052455902100
     36.3368415832519531      0.2131578922271729      0.9921052455902100
     38.3789482116699219      0.2131578922271729      0.9921052455902100
     40.4210510253906250      0.2131578922271729      0.9921052455902100
     42.4631576538085938      0.2131578922271729      0.9921052455902100
     44.5052642822265625      0.2131578922271729      0.9921052455902100
     46.5473670959472656      0.2131578922271729      0.9921052455902100
     48.5894737243652344      0.2131578922271729      0.9921052455902100
     50.6315803527832031      0.2131578922271729      0.9921052455902100
     52.6736831665039063      0.2131578922271729      0.9921052455902100
     54.7157897949218750      0.2131578922271729      0.9921052455902100
     56.7578964233398438      0.2131578922271729      0.9921052455902100
     58.7999992370605469      0.2131578922271729      0.9921052455902100
     59.4947357177734375      0.2019390612840652      0.9925207495689392
     60.1894721984863281      0.1907202154397964      0.9929363131523132
     60.8842086791992188      0.1795013844966888      0.9933518171310425
     61.5789489746093750      0.1682825535535812      0.9937673211097717
     62.2736854553222656      0.1570637077093124      0.9941828250885010
     62.9684219360351563      0.1458448767662048      0.9945983290672302
     63.6631584167480469      0.1346260458230972      0.9950138330459595
     64.3578948974609375      0.1234071999788284      0.9954293370246887
     65.0526351928710938      0.1121883690357208      0.9958449006080627
     65.7473678588867188      0.1009695306420326      0.9962604045867920
     66.4421081542968750      0.0897506922483444      0.9966759085655212
     67.1368408203125000      0.0785318538546562      0.9970914125442505
     67.8315811157226563      0.0673130229115486      0.9975069165229797
     68.5263137817382813      0.0560941845178604      0.9979224205017090
     69.2210540771484375      0.0448753461241722      0.9983379244804382
     69.9157867431640625      0.0336565114557743      0.9987534880638123
     70.6105270385742188      0.0224376730620861      0.9991689920425415
     71.3052597045898438      0.0112188365310431      0.9995844960212708
     72.0000000000000000      0.0000000000000000      1.0000000000000000
      0.0000000000000000      0.0000000000000000     -1.0000000000000000
      1.0526316165924072      0.0149584487080574     -0.8952908515930176
      2.1052632331848145      0.0299168974161148     -0.7905817031860352
      3.1578948497772217      0.0448753461241722     -0.6858725547790527
      4.2105264663696289      0.0598337948322296     -0.5811634063720703
      5.2631578445434570      0.0747922435402870     -0.4764542877674103
      6.3157896995544434      0.0897506922483444     -0.3717451393604279
      7.3684210777282715      0.1047091409564018     -0.2670360207557678
      8.4210529327392578      0.1196675896644592     -0.1623268723487854
      9.4736843109130859      0.1346260458230972     -0.0576177276670933
     10.5263156890869141      0.1495844870805740      0.0470914132893085
     11.5789470672607422      0.1645429432392120      0.1518005579710007
     12.6315793991088867      0.1795013844966888      0.2565096914768219
     13.6842107772827148      0.1944598406553268      0.3612188398838043
     14.7368421554565430      0.2094182819128036      0.4659279882907867
     15.7894735336303711      0.2243767380714417      0.5706371068954468
     16.8421058654785156      0.2393351793289185      0.6753462553024292
     17.8947372436523438      0.2542936205863953      0.7800554037094116
     18.9473686218261719      0.2692520916461945      0.8847645521163940
     20.0000000000000000      0.2842105329036713      0.9894737005233765
     22.0421047210693359      0.2842105329036713      0.9894737005233765
     24.0842113494873047      0.2842105329036713      0.9894737005233765
     26.1263160705566406      0.2842105329036713      0.9894737005233765
     28.1684207916259766      0.2842105329036713      0.9894737005233765
     30.2105255126953125      0.2842105329036713      0.9894737005233765
     32.2526321411132813      0.2842105329036713      0.9894737005233765
     34.2947349548339844      0.2842105329036713      0.9894737005233765
     36.3368415832519531      0.2842105329036713      0.9894737005233765
     38.3789482116699219      0.2842105329036713      0.9894737005233765
     40.4210510253906250      0.2842105329036713      0.9894737005233765
     42.4631576538085938      0.2842105329036713      0.9894737005233765
     44.5052642822265625      0.2842105329036713      0.9894737005233765
     46.5473670959472656      0.2842105329036713      0.9894737005233765
     48.5894737243652344      0.2842105329036713      0.9894737005233765
     50.6315803527832031      0.2842105329036713      0.9894737005233765
     52.6736831665039063      0.2842105329036713      0.9894737005233765
     54.7157897949218750      0.2842105329036713      0.9894737005233765
     56.7578964233398438      0.2842105329036713      0.9894737005233765
     58.7999992370605469      0.2842105329036713      0.9894737005233765
     59.4947357177734375      0.2692520916461945      0.9900277256965637
     60.1894721984863281      0.2542936205863953      0.9905816912651062
     60.8842086791992188      0.2393351793289185      0.9911357164382935
     61.5789489746093750      0.2243767380714417      0.9916897416114807
     62.2736854553222656      0.2094182819128036      0.9922437667846680
     62.9684219360351563      0.1944598406553268      0.9927977919578552
     63.6631584167480469      0.1795013844966888      0.9933518171310425
     64.3578948974609375      0.1645429432392120      0.9939058423042297
     65.0526351928710938      0.1495844870805740      0.9944598078727722
     65.7473678588867188      0.1346260458230972      0.9950138330459595
     66.4421081542968750      0.1196675896644592      0.9955678582191467
     67.1368408203125000      0.1047091409564018      0.9961218833923340
     67.8315811157226563      0.0897506922483444      0.9966759085655212
     68.5263137817382813      0.0747922435402870      0.9972299337387085
     69.2210540771484375      0.0598337948322296      0.9977839589118958
     69.9157867431640625      0.0448753461241722      0.9983379244804382
     70.6105270385742188      0.0299168974161148      0.9988919496536255
     71.3052597045898438      0.0149584487080574      0.9994459748268127
     72.0000000000000000      0.0000000000000000      1.0000000000000000
      0.0000000000000000      0.0000000000000000     -1.0000000000000000
      1.0526316165924072      0.0186980608850718     -0.8954293727874756
      2.1052632331848145      0.0373961217701435     -0.7908587455749512
      3.1578948497772217      0.0560941845178604     -0.6862881183624268
      4.2105264663696289      0.0747922435402870     -0.5817174315452576
      5.2631578445434570      0.0934903025627136     -0.4771468043327332
      6.3157896995544434      0.1121883690357208     -0.3725761771202087
      7.3684210777282715      0.1308864206075668     -0.2680055499076843
      8.4210529327392578      0.1495844870805740     -0.1634349077939987
      9.4736843109130859      0.1682825535535812     -0.0588642656803131
     10.5263156890869141      0.1869806051254272      0.0457063727080822
     11.5789470672607422      0.2056786715984344      0.1502770036458969
     12.6315793991088867      0.2243767380714417      0.2548476457595825
     13.6842107772827148      0.2430747896432877      0.3594182729721069
     14.7368421554565430      0.2617728412151337      0.4639889299869537
     15.7894735336303711      0.2804709076881409      0.5685595273971558
     16.8421058654785156      0.2991689741611481      0.6731302142143250
     17.8947372436523438      0.3178670406341553      0.7777008414268494
     18.9473686218261719      0.3365651071071625      0.8822714686393738
     20.0000000000000000      0.3552631437778473      0.9868420958518982
     22.0421047210693359      0.3552631437778473      0.9868420958518982
     24.0842113494873047      0.3552631437778473      0.9868420958518982
     26.1263160705566406      0.3552631437778473      0.9868420958518982
     28.1684207916259766      0.3552631437778473      0.9868420958518982
     30.2105255126953125      0.3552631437778473      0.9868420958518982
     32.2526321411132813      0.3552631437778473      0.9868420958518982
     34.2947349548339844      0.3552631437778473      0.9868420958518982
     36.3368415832519531      0.3552631437778473      0.9868420958518982
     38.3789482116699219      0.3552631437778473      0.9868420958518982
     40.4210510253906250      0.3552631437778473      0.9868420958518982
     42.4631576538085938      0.3552631437778473      0.9868420958518982
     44.5052642822265625      0.3552631437778473      0.9868420958518982
     46.5473670959472656      0.3552631437778473      0.9868420958518982
     48.5894737243652344      0.3552631437778473      0.9868420958518982
     50.6315803527832031      0.3552631437778473      0.9868420958518982
     52.6736831665039063      0.3552631437778473      0.9868420958518982
     54.7157897949218750      0.3552631437778473      0.9868420958518982
     56.7578964233398438      0.3552631437778473      0.9868420958518982
     58.7999992370605469      0.3552631437778473      0.9868420958518982
     59.4947357177734375      0.3365651071071625      0.9875346422195435
     60.1894721984863281      0.3178670406341553      0.9882271289825439
     60.8842086791992188      0.2991689741611481      0.9889196753501892
     61.5789489746093750      0.2804709076881409      0.9896121621131897
     62.2736854553222656      0.2617728412151337      0.9903047084808350
     62.9684219360351563      0.2430747896432877      0.9909972548484802
     63.6631584167480469      0.2243767380714417      0.9916897416114807
     64.3578948974609375      0.2056786715984344      0.9923822879791260
     65.0526351928710938      0.1869806051254272      0.9930747747421265
     65.7473678588867188      0.1682825535535812      0.9937673211097717
     66.4421081542968750      0.1495844870805740      0.9944598078727722
     67.1368408203125000      0.1308864206075668      0.9951523542404175
     67.8315811157226563      0.1121883690357208      0.9958449006080627
     68.5263137817382813      0.0934903025627136      0.9965373873710632
     69.2210540771484375      0.0747922435402870      0.9972299337387085
     69.9157867431640625      0.0560941845178604      0.9979224205017090
     70.6105270385742188      0.0373961217701435      0.9986149668693542
     71.3052597045898438      0.0186980608850718      0.9993074536323547
     72.0000000000000000      0.0000000000000000      1.0000000000000000
      0.0000000000000000      0.0000000000000000     -1.0000000000000000
      1.0526316165924072      0.0224376730620861     -0.8955678939819336
      2.1052632331848145      0.0448753461241722     -0.7911357283592224
      3.1578948497772217      0.0673130229115486     -0.6867036223411560
      4.2105264663696289      0.0897506922483444     -0.5822714567184448
      5.2631578445434570      0.1121883690357208     -0.4778393208980560
      6.3157896995544434      0.1346260458230972     -0.3734072148799896
      7.3684210777282715      0.1570637077093124     -0.2689750790596008
      8.4210529327392578      0.1795013844966888     -0.1645429432392120
      9.4736843109130859      0.2019390612840652     -0.0601108036935329
     10.5263156890869141      0.2243767380714417      0.0443213284015656
     11.5789470672607422      0.2468143999576569      0.1487534642219543
     12.6315793991088867      0.2692520916461945      0.2531856000423431
     13.6842107772827148      0.2916897535324097      0.3576177358627319
     14.7368421554565430      0.3141274154186249      0.4620498716831207
     15.7894735336303711      0.3365651071071625      0.5664820075035095
     16.8421058654785156      0.3590027689933777      0.6709141135215759
     17.8947372436523438      0.3814404308795929      0.7753462791442871
     18.9473686218261719      0.4038781225681305      0.8797783851623535
     20.0000000000000000      0.4263157844543457      0.9842105507850647
     22.0421047210693359      0.4263157844543457      0.9842105507850647
     24.0842113494873047      0.4263157844543457      0.9842105507850647
     26.1263160705566406      0.4263157844543457      0.9842105507850647
     28.1684207916259766      0.4263157844543457      0.9842105507850647
     30.2105255126953125      0.4263157844543457      0.9842105507850647
     32.2526321411132813      0.4263157844543457      0.9842105507850647
     34.2947349548339844      0.4263157844543457      0.9842105507850647
     36.3368415832519531      0.4263157844543457      0.9842105507850647
     38.3789482116699219      0.4263157844543457      0.9842105507850647
     40.4210510253906250      0.4263157844543457      0.9842105507850647
     42.4631576538085938      0.4263157844543457      0.9842105507850647
     44.5052642822265625      0.4263157844543457      0.9842105507850647
     46.5473670959472656      0.4263157844543457      0.9842105507850647
     48.5894737243652344      0.4263157844543457      0.9842105507850647
     50.6315803527832031      0.4263157844543457      0.9842105507850647
     52.6736831665039063      0.4263157844543457      0.9842105507850647
     54.7157897949218750      0.4263157844543457      0.9842105507850647
     56.7578964233398438      0.4263157844543457      0.9842105507850647
     58.7999992370605469      0.4263157844543457      0.9842105507850647
     59.4947357177734375      0.4038781225681305      0.9850415587425232
     60.1894721984863281      0.3814404308795929      0.9858725666999817
     60.8842086791992188      0.3590027689933777      0.9867035746574402
     61.5789489746093750      0.3365651071071625      0.9875346422195435
     62.2736854553222656      0.3141274154186249      0.9883656501770020
     62.9684219360351563      0.2916897535324097      0.9891966581344604
     63.6631584167480469      0.2692520916461945      0.9900277256965637
     64.3578948974609375      0.2468143999576569      0.9908587336540222
     65.0526351928710938      0.2243767380714417      0.9916897416114807
     65.7473678588867188      0.2019390612840652      0.9925207495689392
     66.4421081542968750      0.1795013844966888      0.9933518171310425
     67.1368408203125000      0.1570637077093124      0.9941828250885010
     67.8315811157226563      0.1346260458230972      0.9950138330459595
     68.5263137817382813      0.1121883690357208      0.9958449006080627
     69.2210540771484375      0.0897506922483444      0.9966759085655212
     69.9157867431640625      0.0673130229115486      0.9975069165229797
     70.6105270385742188      0.0448753461241722      0.9983379244804382
     71.3052597045898438      0.0224376730620861      0.9991689920425415
     72.0000000000000000      0.0000000000000000      1.0000000000000000
      0.0000000000000000      0.0000000000000000     -1.0000000000000000
      1.0526316165924072      0.0261772852391005     -0.8957063555717468
      2.1052632331848145      0.0523545704782009     -0.7914127707481384
      3.1578948497772217      0.0785318538546562     -0.6871191263198853
      4.2105264663696289      0.1047091409564018     -0.5828254818916321
      5.2631578445434570      0.1308864206075668     -0.4785318672657013
      6.3157896995544434      0.1570637077093124     -0.3742382228374481
      7.3684210777282715      0.1832409948110580     -0.2699446082115173
      8.4210529327392578      0.2094182819128036     -0.1656509637832642
      9.4736843109130859      0.2355955690145493     -0.0613573417067528
     10.5263156890869141      0.2617728412151337      0.0429362878203392
     11.5789470672607422      0.2879501283168793      0.1472299098968506
     12.6315793991088867      0.3141274154186249      0.2515235543251038
     13.6842107772827148      0.3403047025203705      0.3558171689510345
     14.7368421554565430      0.3664819896221161      0.4601108133792877
     15.7894735336303711      0.3926592767238617      0.5644044280052185
     16.8421058654785156      0.4188365638256073      0.6686980724334717
     17.8947372436523438      0.4450138509273529      0.7729917168617249
     18.9473686218261719      0.4711911380290985      0.8772853016853333
     20.0000000000000000      0.4973684251308441      0.9815789461135864
     22.0421047210693359      0.4973684251308441      0.9815789461135864
     24.0842113494873047      0.4973684251308441      0.9815789461135864
     26.1263160705566406      0.4973684251308441      0.9815789461135864
     28.1684207916259766      0.4973684251308441      0.9815789461135864
     30.2105255126953125      0.4973684251308441      0.9815789461135864
     32.2526321411132813      0.4973684251308441      0.9815789461135864
     34.2947349548339844      0.4973684251308441      0.9815789461135864
     36.3368415832519531      0.4973684251308441      0.9815789461135864
     38.3789482116699219      0.4973684251308441      0.9815789461135864
     40.4210510253906250      0.4973684251308441      0.9815789461135864
     42.4631576538085938      0.4973684251308441      0.9815789461135864
     44.5052642822265625      0.4973684251308441      0.9815789461135864
     46.5473670959472656      0.4973684251308441      0.9815789461135864
     48.5894737243652344      0.4973684251308441      0.9815789461135864
     50.6315803527832031      0.4973684251308441      0.9815789461135864
     52.6736831665039063      0.4973684251308441      0.9815789461135864
     54.7157897949218750      0.4973684251308441      0.9815789461135864
     56.7578964233398438      0.4973684251308441      0.9815789461135864
     58.7999992370605469      0.4973684251308441      0.9815789461135864
     59.4947357177734375      0.4711911380290985      0.9825484752655029
     60.1894721984863281      0.4450138509273529      0.9835180044174194
     60.8842086791992188      0.4188365638256073      0.9844875335693359
     61.5789489746093750      0.3926592767238617      0.9854570627212524
     62.2736854553222656      0.3664819896221161      0.9864265918731689
     62.9684219360351563      0.3403047025203705      0.9873961210250854
     63.6631584167480469      0.3141274154186249      0.9883656501770020
     64.3578948974609375      0.2879501283168793      0.9893351793289185
     65.0526351928710938      0.2617728412151337      0.9903047084808350
     65.7473678588867188      0.2355955690145493      0.9912742376327515
     66.4421081542968750      0.2094182819128036      0.9922437667846680
     67.1368408203125000      0.1832409948110580      0.9932132959365845
     67.8315811157226563      0.1570637077093124      0.9941828250885010
     68.5263137817382813      0.1308864206075668      0.9951523542404175
     69.2210540771484375      0.1047091409564018      0.9961218833923340
     69.9157867431640625      0.0785318538546562      0.9970914125442505
     70.6105270385742188      0.0523545704782009      0.9980609416961670
     71.3052597045898438      0.0261772852391005      0.9990304708480835
     72.0000000000000000      0.0000000000000000      1.0000000000000000
      0.0000000000000000      0.0000000000000000     -1.0000000000000000
      1.0526316165924072      0.0299168974161148     -0.8958448767662048
      2.1052632331848145      0.0598337948322296     -0.7916897535324097
      3.1578948497772217      0.0897506922483444     -0.6875346302986145
      4.2105264663696289      0.1196675896644592     -0.5833795070648193
      5.2631578445434570      0.1495844870805740     -0.4792243838310242
      6.3157896995544434      0.1795013844966888     -0.3750692605972290
      7.3684210777282715      0.2094182819128036     -0.2709141373634338
      8.4210529327392578      0.2393351793289185     -0.1667589992284775
      9.4736843109130859      0.2692520916461945     -0.0626038759946823
     10.5263156890869141      0.2991689741611481      0.0415512472391129
     11.5789470672607422      0.3290858864784241      0.1457063704729080
     12.6315793991088867      0.3590027689933777      0.2498614937067032
     13.6842107772827148      0.3889196813106537      0.3540166318416595
     14.7368421554565430      0.4188365638256073      0.4581717550754547
     15.7894735336303711      0.4487534761428833      0.5623268485069275
     16.8421058654785156      0.4786703586578369      0.6664819717407227
     17.8947372436523438      0.5085872411727905      0.7706370949745178
     18.9473686218261719      0.5385041832923889      0.8747922182083130
     20.0000000000000000      0.5684210658073425      0.9789473414421082
     22.0421047210693359      0.5684210658073425      0.9789473414421082
     24.0842113494873047      0.5684210658073425      0.9789473414421082
     26.1263160705566406      0.5684210658073425      0.9789473414421082
     28.1684207916259766      0.5684210658073425      0.9789473414421082
     30.2105255126953125      0.5684210658073425      0.9789473414421082
     32.2526321411132813      0.5684210658073425      0.9789473414421082
     34.2947349548339844      0.5684210658073425      0.9789473414421082
     36.3368415832519531      0.5684210658073425      0.9789473414421082
     38.3789482116699219      0.5684210658073425      0.9789473414421082
     40.4210510253906250      0.5684210658073425      0.9789473414421082
     42.4631576538085938      0.5684210658073425      0.9789473414421082
     44.5052642822265625      0.5684210658073425      0.9789473414421082
     46.5473670959472656      0.5684210658073425      0.9789473414421082
     48.5894737243652344      0.5684210658073425      0.9789473414421082
     50.6315803527832031      0.5684210658073425      0.9789473414421082
     52.6736831665039063      0.5684210658073425      0.9789473414421082
     54.7157897949218750      0.5684210658073425      0.9789473414421082
     56.7578964233398438      0.5684210658073425      0.9789473414421082
     58.7999992370605469      0.5684210658073425      0.9789473414421082
     59.4947357177734375      0.5385041832923889      0.9800553917884827
     60.1894721984863281      0.5085872411727905      0.9811634421348572
     60.8842086791992188      0.4786703586578369      0.9822714924812317
     61.5789489746093750      0.4487534761428833      0.9833794832229614
     62.2736854553222656      0.4188365638256073      0.9844875335693359
     62.9684219360351563      0.3889196813106537      0.9855955839157104
     63.6631584167480469      0.3590027689933777      0.9867035746574402
     64.3578948974609375      0.3290858864784241      0.9878116250038147
     65.0526351928710938      0.2991689741611481      0.9889196753501892
     65.7473678588867188      0.2692520916461945      0.9900277256965637
     66.4421081542968750      0.2393351793289185      0.9911357164382935
     67.1368408203125000      0.2094182819128036      0.9922437667846680
     67.8315811157226563      0.1795013844966888      0.9933518171310425
     68.5263137817382813      0.1495844870805740      0.9944598078727722
     69.2210540771484375      0.1196675896644592      0.9955678582191467
     69.9157867431640625      0.0897506922483444      0.9966759085655212
     70.6105270385742188      0.0598337948322296      0.9977839589118958
     71.3052597045898438      0.0299168974161148      0.9988919496536255
     72.0000000000000000      0.0000000000000000      1.0000000000000000
      0.0000000000000000      0.0000000000000000     -1.0000000000000000
      1.0526316165924072      0.0336565114557743     -0.8959833979606628
      2.1052632331848145      0.0673130229115486     -0.7919667363166809
      3.1578948497772217      0.1009695306420326     -0.6879501342773438
      4.2105264663696289      0.1346260458230972     -0.5839335322380066
      5.2631578445434570      0.1682825535535812     -0.4799169003963470
      6.3157896995544434      0.2019390612840652     -0.3759002685546875
      7.3684210777282715      0.2355955690145493     -0.2718836665153503
      8.4210529327392578      0.2692520916461945     -0.1678670346736908
      9.4736843109130859      0.3029085993766785     -0.0638504177331924
     10.5263156890869141      0.3365651071071625      0.0401662066578865
     11.5789470672607422      0.3702216148376465      0.1441828310489655
     12.6315793991088867      0.4038781225681305      0.2481994479894638
     13.6842107772827148      0.4375346302986145      0.3522160649299622
     14.7368421554565430      0.4711911380290985      0.4562326967716217
     15.7894735336303711      0.5048476457595825      0.5602493286132812
     16.8421058654785156      0.5385041832923889      0.6642659306526184
     17.8947372436523438      0.5721606612205505      0.7682825326919556
     18.9473686218261719      0.6058171987533569      0.8722991943359375
     20.0000000000000000      0.6394736766815186      0.9763157963752747
     22.0421047210693359      0.6394736766815186      0.9763157963752747
     24.0842113494873047      0.6394736766815186      0.9763157963752747
     26.1263160705566406      0.6394736766815186      0.9763157963752747
     28.1684207916259766      0.6394736766815186      0.9763157963752747
     30.2105255126953125      0.6394736766815186      0.9763157963752747
     32.2526321411132813      0.6394736766815186      0.9763157963752747
     34.2947349548339844      0.6394736766815186      0.9763157963752747
     36.3368415832519531      0.6394736766815186      0.9763157963752747
     38.3789482116699219      0.6394736766815186      0.9763157963752747
     40.4210510253906250      0.6394736766815186      0.9763157963752747
     42.4631576538085938      0.6394736766815186      0.9763157963752747
     44.5052642822265625      0.6394736766815186      0.9763157963752747
     46.5473670959472656      0.6394736766815186      0.9763157963752747
     48.5894737243652344      0.6394736766815186      0.9763157963752747
     50.6315803527832031      0.6394736766815186      0.9763157963752747
     52.6736831665039063      0.6394736766815186      0.9763157963752747
     54.7157897949218750      0.6394736766815186      0.9763157963752747
     56.7578964233398438      0.6394736766815186      0.9763157963752747
     58.7999992370605469      0.6394736766815186      0.9763157963752747
     59.4947357177734375      0.6058171987533569      0.9775623083114624
     60.1894721984863281      0.5721606612205505      0.9788088798522949
     60.8842086791992188      0.5385041832923889      0.9800553917884827
     61.5789489746093750      0.5048476457595825      0.9813019633293152
     62.2736854553222656      0.4711911380290985      0.9825484752655029
     62.9684219360351563      0.4375346302986145      0.9837949872016907
     63.6631584167480469      0.4038781225681305      0.9850415587425232
     64.3578948974609375      0.3702216148376465      0.9862880706787109
     65.0526351928710938      0.3365651071071625      0.9875346422195435
     65.7473678588867188      0.3029085993766785      0.9887811541557312
     66.4421081542968750      0.2692520916461945      0.9900277256965637
     67.1368408203125000      0.2355955690145493      0.9912742376327515
     67.8315811157226563      0.2019390612840652      0.9925207495689392
     68.5263137817382813      0.1682825535535812      0.9937673211097717
     69.2210540771484375      0.1346260458230972      0.9950138330459595
     69.9157867431640625      0.1009695306420326      0.9962604045867920
     70.6105270385742188      0.0673130229115486      0.9975069165229797
     71.3052597045898438      0.0336565114557743      0.9987534880638123
     72.0000000000000000      0.0000000000000000      1.0000000000000000
      0.0000000000000000      0.0000000000000000     -1.0000000000000000
      1.0526316165924072      0.0373961217701435     -0.8961218595504761
      2.1052632331848145      0.0747922435402870     -0.7922437787055969
      3.1578948497772217      0.1121883690357208     -0.6883656382560730
      4.2105264663696289      0.1495844870805740     -0.5844875574111938
      5.2631578445434570      0.1869806051254272     -0.4806094169616699
      6.3157896995544434      0.2243767380714417     -0.3767313063144684
      7.3684210777282715      0.2617728412151337     -0.2728531956672668
      8.4210529327392578      0.2991689741611481     -0.1689750701189041
      9.4736843109130859      0.3365651071071625     -0.0650969520211220
     10.5263156890869141      0.3739612102508545      0.0387811623513699
     11.5789470672607422      0.4113573431968689      0.1426592767238617
     12.6315793991088867      0.4487534761428833      0.2465374022722244
     13.6842107772827148      0.4861495792865753      0.3504154980182648
     14.7368421554565430      0.5235456824302673      0.4542936384677887
     15.7894735336303711      0.5609418153762817      0.5581717491149902
     16.8421058654785156      0.5983379483222961      0.6620498895645142
     17.8947372436523438      0.6357340812683105      0.7659279704093933
     18.9473686218261719      0.6731302142143250      0.8698061108589172
     20.0000000000000000      0.7105262875556946      0.9736841917037964
     22.0421047210693359      0.7105262875556946      0.9736841917037964
     24.0842113494873047      0.7105262875556946      0.9736841917037964
     26.1263160705566406      0.7105262875556946      0.9736841917037964
     28.1684207916259766      0.7105262875556946      0.9736841917037964
     30.2105255126953125      0.7105262875556946      0.9736841917037964
     32.2526321411132813      0.7105262875556946      0.9736841917037964
     34.2947349548339844      0.7105262875556946      0.9736841917037964
     36.3368415832519531      0.7105262875556946      0.9736841917037964
     38.3789482116699219      0.7105262875556946      0.9736841917037964
     40.4210510253906250      0.7105262875556946      0.9736841917037964
     42.4631576538085938      0.7105262875556946      0.9736841917037964
     44.5052642822265625      0.7105262875556946      0.9736841917037964
     46.5473670959472656      0.7105262875556946      0.9736841917037964
     48.5894737243652344      0.7105262875556946      0.9736841917037964
     50.6315803527832031      0.7105262875556946      0.9736841917037964
     52.6736831665039063      0.7105262875556946      0.9736841917037964
     54.7157897949218750      0.7105262875556946      0.9736841917037964
     56.7578964233398438      0.7105262875556946      0.9736841917037964
     58.7999992370605469      0.7105262875556946      0.9736841917037964
     59.4947357177734375      0.6731302142143250      0.9750692248344421
     60.1894721984863281      0.6357340812683105      0.9764543175697327
     60.8842086791992188      0.5983379483222961      0.9778393507003784
     61.5789489746093750      0.5609418153762817      0.9792243838310242
     62.2736854553222656      0.5235456824302673      0.9806094169616699
     62.9684219360351563      0.4861495792865753      0.9819944500923157
     63.6631584167480469      0.4487534761428833      0.9833794832229614
     64.3578948974609375      0.4113573431968689      0.9847645163536072
     65.0526351928710938      0.3739612102508545      0.9861496090888977
     65.7473678588867188      0.3365651071071625      0.9875346422195435
     66.4421081542968750      0.2991689741611481      0.9889196753501892
     67.1368408203125000      0.2617728412151337      0.9903047084808350
     67.8315811157226563      0.2243767380714417      0.9916897416114807
     68.5263137817382813      0.1869806051254272      0.9930747747421265
     69.2210540771484375      0.1495844870805740      0.9944598078727722
     69.9157867431640625      0.1121883690357208      0.9958449006080627
     70.6105270385742188      0.0747922435402870      0.9972299337387085
     71.3052597045898438      0.0373961217701435      0.9986149668693542
     72.0000000000000000      0.0000000000000000      1.0000000000000000
      0.0000000000000000      0.0000000000000000     -1.0000000000000000
      1.0526316165924072      0.0411357358098030     -0.8962603807449341
      2.1052632331848145      0.0822714716196060     -0.7925207614898682
      3.1578948497772217      0.1234071999788284     -0.6887811422348022
      4.2105264663696289      0.1645429432392120     -0.5850415229797363
      5.2631578445434570      0.2056786715984344     -0.4813019335269928
      6.3157896995544434      0.2468143999576569     -0.3775623142719269
      7.3684210777282715      0.2879501283168793     -0.2738227248191833
      8.4210529327392578      0.3290858864784241     -0.1700831055641174
      9.4736843109130859      0.3702216148376465     -0.0663434937596321
     10.5263156890869141      0.4113573431968689      0.0373961217701435
     11.5789470672607422      0.4524930715560913      0.1411357372999191
     12.6315793991088867      0.4936287999153137      0.2448753416538239
     13.6842107772827148      0.5347645282745361      0.3486149609088898
     14.7368421554565430      0.5759002566337585      0.4523545801639557
     15.7894735336303711      0.6170359849929810      0.5560941696166992
     16.8421058654785156      0.6581717729568481      0.6598337888717651
     17.8947372436523438      0.6993075013160706      0.7635734081268311
     18.9473686218261719      0.7404432296752930      0.8673130273818970
     20.0000000000000000      0.7815789580345154      0.9710526466369629
     22.0421047210693359      0.7815789580345154      0.9710526466369629
     24.0842113494873047      0.7815789580345154      0.9710526466369629
     26.1263160705566406      0.7815789580345154      0.9710526466369629
     28.1684207916259766      0.7815789580345154      0.9710526466369629
     30.2105255126953125      0.7815789580345154      0.9710526466369629
     32.2526321411132813      0.7815789580345154      0.9710526466369629
     34.2947349548339844      0.7815789580345154      0.9710526466369629
     36.3368415832519531      0.7815789580345154      0.9710526466369629
     38.3789482116699219      0.7815789580345154      0.9710526466369629
     40.4210510253906250      0.7815789580345154      0.9710526466369629
     42.4631576538085938      0.7815789580345154      0.9710526466369629
     44.5052642822265625      0.7815789580345154      0.9710526466369629
     46.5473670959472656      0.7815789580345154      0.9710526466369629
     48.5894737243652344      0.7815789580345154      0.9710526466369629
     50.6315803527832031      0.7815789580345154      0.9710526466369629
     52.6736831665039063      0.7815789580345154      0.9710526466369629
     54.7157897949218750      0.7815789580345154      0.9710526466369629
     56.7578964233398438      0.7815789580345154      0.9710526466369629
     58.7999992370605469      0.7815789580345154      0.9710526466369629
     59.4947357177734375      0.7404432296752930      0.9725762009620667
     60.1894721984863281      0.6993075013160706      0.9740996956825256
     60.8842086791992188      0.6581717729568481      0.9756232500076294
     61.5789489746093750      0.6170359849929810      0.9771468043327332
     62.2736854553222656      0.5759002566337585      0.9786703586578369
     62.9684219360351563      0.5347645282745361      0.9801939129829407
     63.6631584167480469      0.4936287999153137      0.9817174673080444
     64.3578948974609375      0.4524930715560913      0.9832410216331482
     65.0526351928710938      0.4113573431968689      0.9847645163536072
     65.7473678588867188      0.3702216148376465      0.9862880706787109
     66.4421081542968750      0.3290858864784241      0.9878116250038147
     67.1368408203125000      0.2879501283168793      0.9893351793289185
     67.8315811157226563      0.2468143999576569      0.9908587336540222
     68.5263137817382813      0.2056786715984344      0.9923822879791260
     69.2210540771484375      0.1645429432392120      0.9939058423042297
     69.9157867431640625      0.1234071999788284      0.9954293370246887
     70.6105270385742188      0.0822714716196060      0.9969528913497925
     71.3052597045898438      0.0411357358098030      0.9984764456748962
     72.0000000000000000      0.0000000000000000      1.0000000000000000
      0.0000000000000000      0.0000000000000000     -1.0000000000000000
      1.0526316165924072      0.0448753461241722     -0.8963989019393921
      2.1052632331848145      0.0897506922483444     -0.7927978038787842
      3.1578948497772217      0.1346260458230972     -0.6891966462135315
      4.2105264663696289      0.1795013844966888     -0.5855955481529236
      5.2631578445434570      0.2243767380714417     -0.4819944500923157
      6.3157896995544434      0.2692520916461945     -0.3783933520317078
      7.3684210777282715      0.3141274154186249     -0.2747922539710999
      8.4210529327392578      0.3590027689933777     -0.1711911410093307
      9.4736843109130859      0.4038781225681305     -0.0675900280475616
     10.5263156890869141      0.4487534761428833      0.0360110811889172
     11.5789470672607422      0.4936287999153137      0.1396121829748154
     12.6315793991088867      0.5385041832923889      0.2432132959365845
     13.6842107772827148      0.5833795070648193      0.3468143939971924
     14.7368421554565430      0.6282548308372498      0.4504155218601227
     15.7894735336303711      0.6731302142143250      0.5540166497230530
     16.8421058654785156      0.7180055379867554      0.6576177477836609
     17.8947372436523438      0.7628808617591858      0.7612188458442688
     18.9473686218261719      0.8077562451362610      0.8648199439048767
     20.0000000000000000      0.8526315689086914      0.9684210419654846
     22.0421047210693359      0.8526315689086914      0.9684210419654846
     24.0842113494873047      0.8526315689086914      0.9684210419654846
     26.1263160705566406      0.8526315689086914      0.9684210419654846
     28.1684207916259766      0.8526315689086914      0.9684210419654846
     30.2105255126953125      0.8526315689086914      0.9684210419654846
     32.2526321411132813      0.8526315689086914      0.9684210419654846
     34.2947349548339844      0.8526315689086914      0.9684210419654846
     36.3368415832519531      0.8526315689086914      0.9684210419654846
     38.3789482116699219      0.8526315689086914      0.9684210419654846
     40.4210510253906250      0.8526315689086914      0.9684210419654846
     42.4631576538085938      0.8526315689086914      0.9684210419654846
     44.5052642822265625      0.8526315689086914      0.9684210419654846
     46.5473670959472656      0.8526315689086914      0.9684210419654846
     48.5894737243652344      0.8526315689086914      0.9684210419654846
     50.6315803527832031      0.8526315689086914      0.9684210419654846
     52.6736831665039063      0.8526315689086914      0.9684210419654846
     54.7157897949218750      0.8526315689086914      0.9684210419654846
     56.7578964233398438      0.8526315689086914      0.9684210419654846
     58.7999992370605469      0.8526315689086914      0.9684210419654846
     59.4947357177734375      0.8077562451362610      0.9700831174850464
     60.1894721984863281      0.7628808617591858      0.9717451333999634
     60.8842086791992188      0.7180055379867554      0.9734072089195251
     61.5789489746093750      0.6731302142143250      0.9750692248344421
     62.2736854553222656      0.6282548308372498      0.9767313003540039
     62.9684219360351563      0.5833795070648193      0.9783933758735657
     63.6631584167480469      0.5385041832923889      0.9800553917884827
     64.3578948974609375      0.4936287999153137      0.9817174673080444
     65.0526351928710938      0.4487534761428833      0.9833794832229614
     65.7473678588867188      0.4038781225681305      0.9850415587425232
     66.4421081542968750      0.3590027689933777      0.9867035746574402
     67.1368408203125000      0.3141274154186249      0.9883656501770020
     67.8315811157226563      0.2692520916461945      0.9900277256965637
     68.5263137817382813      0.2243767380714417      0.9916897416114807
     69.2210540771484375      0.1795013844966888      0.9933518171310425
     69.9157867431640625      0.1346260458230972      0.9950138330459595
     70.6105270385742188      0.0897506922483444      0.9966759085655212
     71.3052597045898438      0.0448753461241722      0.9983379244804382
     72.0000000000000000      0.0000000000000000      1.0000000000000000
      0.0000000000000000      0.0000000000000000     -1.0000000000000000
      1.0526316165924072      0.0486149601638317     -0.8965374231338501
      2.1052632331848145      0.0972299203276634     -0.7930747866630554
      3.1578948497772217      0.1458448767662048     -0.6896122097969055
      4.2105264663696289      0.1944598406553268     -0.5861495733261108
      5.2631578445434570      0.2430747896432877     -0.4826869666576385
      6.3157896995544434      0.2916897535324097     -0.3792243897914886
      7.3684210777282715      0.3403047025203705     -0.2757617831230164
      8.4210529327392578      0.3889196813106537     -0.1722991615533829
      9.4736843109130859      0.4375346302986145     -0.0688365623354912
     10.5263156890869141      0.4861495792865753      0.0346260406076908
     11.5789470672607422      0.5347645282745361      0.1380886435508728
     12.6315793991088867      0.5833795070648193      0.2415512502193451
     13.6842107772827148      0.6319944858551025      0.3450138568878174
     14.7368421554565430      0.6806094050407410      0.4484764635562897
     15.7894735336303711      0.7292243838310242      0.5519390702247620
     16.8421058654785156      0.7778393626213074      0.6554016470909119
     17.8947372436523438      0.8264542818069458      0.7588642835617065
     18.9473686218261719      0.8750692605972290      0.8623268604278564
     20.0000000000000000      0.9236842393875122      0.9657894968986511
     22.0421047210693359      0.9236842393875122      0.9657894968986511
     24.0842113494873047      0.9236842393875122      0.9657894968986511
     26.1263160705566406      0.9236842393875122      0.9657894968986511
     28.1684207916259766      0.9236842393875122      0.9657894968986511
     30.2105255126953125      0.9236842393875122      0.9657894968986511
     32.2526321411132813      0.9236842393875122      0.9657894968986511
     34.2947349548339844      0.9236842393875122      0.9657894968986511
     36.3368415832519531      0.9236842393875122      0.9657894968986511
     38.3789482116699219      0.9236842393875122      0.9657894968986511
     40.4210510253906250      0.9236842393875122      0.9657894968986511
     42.4631576538085938      0.9236842393875122      0.9657894968986511
     44.5052642822265625      0.9236842393875122      0.9657894968986511
     46.5473670959472656      0.9236842393875122      0.9657894968986511
     48.5894737243652344      0.9236842393875122      0.9657894968986511
     50.6315803527832031      0.9236842393875122      0.9657894968986511
     52.6736831665039063      0.9236842393875122      0.9657894968986511
     54.7157897949218750      0.9236842393875122      0.9657894968986511
     56.7578964233398438      0.9236842393875122      0.9657894968986511
     58.7999992370605469      0.9236842393875122      0.9657894968986511
     59.4947357177734375      0.8750692605972290      0.9675900340080261
     60.1894721984863281      0.8264542818069458      0.9693905711174011
     60.8842086791992188      0.7778393626213074      0.9711911082267761
     61.5789489746093750      0.7292243838310242      0.9729917049407959
     62.2736854553222656      0.6806094050407410      0.9747922420501709
     62.9684219360351563      0.6319944858551025      0.9765927791595459
     63.6631584167480469      0.5833795070648193      0.9783933758735657
     64.3578948974609375      0.5347645282745361      0.9801939129829407
     65.0526351928710938      0.4861495792865753      0.9819944500923157
     65.7473678588867188      0.4375346302986145      0.9837949872016907
     66.4421081542968750      0.3889196813106537      0.9855955839157104
     67.1368408203125000      0.3403047025203705      0.9873961210250854
     67.8315811157226563      0.2916897535324097      0.9891966581344604
     68.5263137817382813      0.2430747896432877      0.9909972548484802
     69.2210540771484375      0.1944598406553268      0.9927977919578552
     69.9157867431640625      0.1458448767662048      0.9945983290672302
     70.6105270385742188      0.0972299203276634      0.9963988661766052
     71.3052597045898438      0.0486149601638317      0.9981994628906250
     72.0000000000000000      0.0000000000000000      1.0000000000000000
      0.0000000000000000      0.0000000000000000     -1.0000000000000000
      1.0526316165924072      0.0523545704782009     -0.8966758847236633
      2.1052632331848145      0.1047091409564018     -0.7933518290519714
      3.1578948497772217      0.1570637077093124     -0.6900277137756348
      4.2105264663696289      0.2094182819128036     -0.5867035984992981
      5.2631578445434570      0.2617728412151337     -0.4833795130252838
      6.3157896995544434      0.3141274154186249     -0.3800553977489471
      7.3684210777282715      0.3664819896221161     -0.2767313122749329
      8.4210529327392578      0.4188365638256073     -0.1734071969985962
      9.4736843109130859      0.4711911380290985     -0.0700831040740013
     10.5263156890869141      0.5235456824302673      0.0332409963011742
     11.5789470672607422      0.5759002566337585      0.1365651041269302
     12.6315793991088867      0.6282548308372498      0.2398891896009445
     13.6842107772827148      0.6806094050407410      0.3432132899761200
     14.7368421554565430      0.7329639792442322      0.4465374052524567
     15.7894735336303711      0.7853185534477234      0.5498614907264709
     16.8421058654785156      0.8376731276512146      0.6531856060028076
     17.8947372436523438      0.8900277018547058      0.7565097212791443
     18.9473686218261719      0.9423822760581970      0.8598337769508362
     20.0000000000000000      0.9947368502616882      0.9631578922271729
     22.0421047210693359      0.9947368502616882      0.9631578922271729
     24.0842113494873047      0.9947368502616882      0.9631578922271729
     26.1263160705566406      0.9947368502616882      0.9631578922271729
     28.1684207916259766      0.9947368502616882      0.9631578922271729
     30.2105255126953125      0.9947368502616882      0.9631578922271729
     32.2526321411132813      0.9947368502616882      0.9631578922271729
     34.2947349548339844      0.9947368502616882      0.9631578922271729
     36.3368415832519531      0.9947368502616882      0.9631578922271729
     38.3789482116699219      0.9947368502616882      0.9631578922271729
     40.4210510253906250      0.9947368502616882      0.9631578922271729
     42.4631576538085938      0.9947368502616882      0.9631578922271729
     44.5052642822265625      0.9947368502616882      0.9631578922271729
     46.5473670959472656      0.9947368502616882      0.9631578922271729
     48.5894737243652344      0.9947368502616882      0.9631578922271729
     50.6315803527832031      0.9947368502616882      0.9631578922271729
     52.6736831665039063      0.9947368502616882      0.9631578922271729
     54.7157897949218750      0.9947368502616882      0.9631578922271729
     56.7578964233398438      0.9947368502616882      0.9631578922271729
     58.7999992370605469      0.9947368502616882      0.9631578922271729
     59.4947357177734375      0.9423822760581970      0.9650969505310059
     60.1894721984863281      0.8900277018547058      0.9670360088348389
     60.8842086791992188      0.8376731276512146      0.9689750671386719
     61.5789489746093750      0.7853185534477234      0.9709141254425049
     62.2736854553222656      0.7329639792442322      0.9728531837463379
     62.9684219360351563      0.6806094050407410      0.9747922420501709
     63.6631584167480469      0.6282548308372498      0.9767313003540039
     64.3578948974609375      0.5759002566337585      0.9786703586578369
     65.0526351928710938      0.5235456824302673      0.9806094169616699
     65.7473678588867188      0.4711911380290985      0.9825484752655029
     66.4421081542968750      0.4188365638256073      0.9844875335693359
     67.1368408203125000      0.3664819896221161      0.9864265918731689
     67.8315811157226563      0.3141274154186249      0.9883656501770020
     68.5263137817382813      0.2617728412151337      0.9903047084808350
     69.2210540771484375      0.2094182819128036      0.9922437667846680
     69.9157867431640625      0.1570637077093124      0.9941828250885010
     70.6105270385742188      0.1047091409564018      0.9961218833923340
     71.3052597045898438      0.0523545704782009      0.9980609416961670
     72.0000000000000000      0.0000000000000000      1.0000000000000000
      0.0000000000000000      0.0000000000000000     -1.0000000000000000
      1.0526316165924072      0.0560941845178604     -0.8968144059181213
      2.1052632331848145      0.1121883690357208     -0.7936288118362427
      3.1578948497772217      0.1682825535535812     -0.6904432177543640
      4.2105264663696289      0.2243767380714417     -0.5872576236724854
      5.2631578445434570      0.2804709076881409     -0.4840720295906067
      6.3157896995544434      0.3365651071071625     -0.3808864355087280
      7.3684210777282715      0.3926592767238617     -0.2777008414268494
      8.4210529327392578      0.4487534761428833     -0.1745152324438095
      9.4736843109130859      0.5048476457595825     -0.0713296383619308
     10.5263156890869141      0.5609418153762817      0.0318559557199478
     11.5789470672607422      0.6170359849929810      0.1350415498018265
     12.6315793991088867      0.6731302142143250      0.2382271438837051
     13.6842107772827148      0.7292243838310242      0.3414127528667450
     14.7368421554565430      0.7853185534477234      0.4445983469486237
     15.7894735336303711      0.8414127230644226      0.5477839112281799
     16.8421058654785156      0.8975069522857666      0.6509695053100586
     17.8947372436523438      0.9536011219024658      0.7541550993919373
     18.9473686218261719      1.0096952915191650      0.8573406934738159
     20.0000000000000000      1.0657894611358643      0.9605262875556946
     22.0421047210693359      1.0657894611358643      0.9605262875556946
     24.0842113494873047      1.0657894611358643      0.9605262875556946
     26.1263160705566406      1.0657894611358643      0.9605262875556946
     28.1684207916259766      1.0657894611358643      0.9605262875556946
     30.2105255126953125      1.0657894611358643      0.9605262875556946
     32.2526321411132813      1.0657894611358643      0.9605262875556946
     34.2947349548339844      1.0657894611358643      0.9605262875556946
     36.3368415832519531      1.0657894611358643      0.9605262875556946
     38.3789482116699219      1.0657894611358643      0.9605262875556946
     40.4210510253906250      1.0657894611358643      0.9605262875556946
     42.4631576538085938      1.0657894611358643      0.9605262875556946
     44.5052642822265625      1.0657894611358643      0.9605262875556946
     46.5473670959472656      1.0657894611358643      0.9605262875556946
     48.5894737243652344      1.0657894611358643      0.9605262875556946
     50.6315803527832031      1.0657894611358643      0.9605262875556946
     52.6736831665039063      1.0657894611358643      0.9605262875556946
     54.7157897949218750      1.0657894611358643      0.9605262875556946
     56.7578964233398438      1.0657894611358643      0.9605262875556946
     58.7999992370605469      1.0657894611358643      0.9605262875556946
     59.4947357177734375      1.0096952915191650      0.9626038670539856
     60.1894721984863281      0.9536011219024658      0.9646814465522766
     60.8842086791992188      0.8975069522857666      0.9667590260505676
     61.5789489746093750      0.8414127230644226      0.9688365459442139
     62.2736854553222656      0.7853185534477234      0.9709141254425049
     62.9684219360351563      0.7292243838310242      0.9729917049407959
     63.6631584167480469      0.6731302142143250      0.9750692248344421
     64.3578948974609375      0.6170359849929810      0.9771468043327332
     65.0526351928710938      0.5609418153762817      0.9792243838310242
     65.7473678588867188      0.5048476457595825      0.9813019633293152
     66.4421081542968750      0.4487534761428833      0.9833794832229614
     67.1368408203125000      0.3926592767238617      0.9854570627212524
     67.8315811157226563      0.3365651071071625      0.9875346422195435
     68.5263137817382813      0.2804709076881409      0.9896121621131897
     69.2210540771484375      0.2243767380714417      0.9916897416114807
     69.9157867431640625      0.1682825535535812      0.9937673211097717
     70.6105270385742188      0.1121883690357208      0.9958449006080627
     71.3052597045898438      0.0560941845178604      0.9979224205017090
     72.0000000000000000      0.0000000000000000      1.0000000000000000
      0.0000000000000000      0.0000000000000000     -1.0000000000000000
      1.0526316165924072      0.0598337948322296     -0.8969529271125793
      2.1052632331848145      0.1196675896644592     -0.7939057946205139
      3.1578948497772217      0.1795013844966888     -0.6908587217330933
      4.2105264663696289      0.2393351793289185     -0.5878116488456726
      5.2631578445434570      0.2991689741611481     -0.4847645461559296
      6.3157896995544434      0.3590027689933777     -0.3817174434661865
      7.3684210777282715      0.4188365638256073     -0.2786703705787659
      8.4210529327392578      0.4786703586578369     -0.1756232678890228
      9.4736843109130859      0.5385041832923889     -0.0725761801004410
     10.5263156890869141      0.5983379483222961      0.0304709132760763
     11.5789470672607422      0.6581717729568481      0.1335180103778839
     12.6315793991088867      0.7180055379867554      0.2365650981664658
     13.6842107772827148      0.7778393626213074      0.3396121859550476
     14.7368421554565430      0.8376731276512146      0.4426592886447906
     15.7894735336303711      0.8975069522857666      0.5457063913345337
     16.8421058654785156      0.9573407173156738      0.6487534642219543
     17.8947372436523438      1.0171744823455811      0.7518005371093750
     18.9473686218261719      1.0770083665847778      0.8548476696014404
     20.0000000000000000      1.1368421316146851      0.9578947424888611
     22.0421047210693359      1.1368421316146851      0.9578947424888611
     24.0842113494873047      1.1368421316146851      0.9578947424888611
     26.1263160705566406      1.1368421316146851      0.9578947424888611
     28.1684207916259766      1.1368421316146851      0.9578947424888611
     30.2105255126953125      1.1368421316146851      0.9578947424888611
     32.2526321411132813      1.1368421316146851      0.9578947424888611
     34.2947349548339844      1.1368421316146851      0.9578947424888611
     36.3368415832519531      1.1368421316146851      0.9578947424888611
     38.3789482116699219      1.1368421316146851      0.9578947424888611
     40.4210510253906250      1.1368421316146851      0.9578947424888611
     42.4631576538085938      1.1368421316146851      0.9578947424888611
     44.5052642822265625      1.1368421316146851      0.9578947424888611
     46.5473670959472656      1.1368421316146851      0.9578947424888611
     48.5894737243652344      1.1368421316146851      0.9578947424888611
     50.6315803527832031      1.1368421316146851      0.9578947424888611
     52.6736831665039063      1.1368421316146851      0.9578947424888611
     54.7157897949218750      1.1368421316146851      0.9578947424888611
     56.7578964233398438      1.1368421316146851      0.9578947424888611
     58.7999992370605469      1.1368421316146851      0.9578947424888611
     59.4947357177734375      1.0770083665847778      0.9601107835769653
     60.1894721984863281      1.0171744823455811      0.9623268842697144
     60.8842086791992188      0.9573407173156738      0.9645429253578186
     61.5789489746093750      0.8975069522857666      0.9667590260505676
     62.2736854553222656      0.8376731276512146      0.9689750671386719
     62.9684219360351563      0.7778393626213074      0.9711911082267761
     63.6631584167480469      0.7180055379867554      0.9734072089195251
     64.3578948974609375      0.6581717729568481      0.9756232500076294
     65.0526351928710938      0.5983379483222961      0.9778393507003784
     65.7473678588867188      0.5385041832923889      0.9800553917884827
     66.4421081542968750      0.4786703586578369      0.9822714924812317
     67.1368408203125000      0.4188365638256073      0.9844875335693359
     67.8315811157226563      0.3590027689933777      0.9867035746574402
     68.5263137817382813      0.2991689741611481      0.9889196753501892
     69.2210540771484375      0.2393351793289185      0.9911357164382935
     69.9157867431640625      0.1795013844966888      0.9933518171310425
     70.6105270385742188      0.1196675896644592      0.9955678582191467
     71.3052597045898438      0.0598337948322296      0.9977839589118958
     72.0000000000000000      0.0000000000000000      1.0000000000000000
      0.0000000000000000      0.0000000000000000     -1.0000000000000000
      1.0526316165924072      0.0635734051465988     -0.8970913887023926
      2.1052632331848145      0.1271468102931976     -0.7941828370094299
      3.1578948497772217      0.1907202154397964     -0.6912742257118225
      4.2105264663696289      0.2542936205863953     -0.5883656740188599
      5.2631578445434570      0.3178670406341553     -0.4854570627212524
      6.3157896995544434      0.3814404308795929     -0.3825484812259674
      7.3684210777282715      0.4450138509273529     -0.2796398997306824
      8.4210529327392578      0.5085872411727905     -0.1767313033342361
      9.4736843109130859      0.5721606612205505     -0.0738227143883705
     10.5263156890869141      0.6357340812683105      0.0290858726948500
     11.5789470672607422      0.6993075013160706      0.1319944560527802
     12.6315793991088867      0.7628808617591858      0.2349030524492264
     13.6842107772827148      0.8264542818069458      0.3378116488456726
     14.7368421554565430      0.8900277018547058      0.4407202303409576
     15.7894735336303711      0.9536011219024658      0.5436288118362427
     16.8421058654785156      1.0171744823455811      0.6465374231338501
     17.8947372436523438      1.0807479619979858      0.7494459748268127
     18.9473686218261719      1.1443213224411011      0.8523545861244202
     20.0000000000000000      1.2078946828842163      0.9552631378173828
     22.0421047210693359      1.2078946828842163      0.9552631378173828
     24.0842113494873047      1.2078946828842163      0.9552631378173828
     26.1263160705566406      1.2078946828842163      0.9552631378173828
     28.1684207916259766      1.2078946828842163      0.9552631378173828
     30.2105255126953125      1.2078946828842163      0.9552631378173828
     32.2526321411132813      1.2078946828842163      0.9552631378173828
     34.2947349548339844      1.2078946828842163      0.9552631378173828
     36.3368415832519531      1.2078946828842163      0.9552631378173828
     38.3789482116699219      1.2078946828842163      0.9552631378173828
     40.4210510253906250      1.2078946828842163      0.9552631378173828
     42.4631576538085938      1.2078946828842163      0.9552631378173828
     44.5052642822265625      1.2078946828842163      0.9552631378173828
     46.5473670959472656      1.2078946828842163      0.9552631378173828
     48.5894737243652344      1.2078946828842163      0.9552631378173828
     50.6315803527832031      1.2078946828842163      0.9552631378173828
     52.6736831665039063      1.2078946828842163      0.9552631378173828
     54.7157897949218750      1.2078946828842163      0.9552631378173828
     56.7578964233398438      1.2078946828842163      0.9552631378173828
     58.7999992370605469      1.2078946828842163      0.9552631378173828
     59.4947357177734375      1.1443213224411011      0.9576177000999451
     60.1894721984863281      1.0807479619979858      0.9599723219871521
     60.8842086791992188      1.0171744823455811      0.9623268842697144
     61.5789489746093750      0.9536011219024658      0.9646814465522766
     62.2736854553222656      0.8900277018547058      0.9670360088348389
     62.9684219360351563      0.8264542818069458      0.9693905711174011
     63.6631584167480469      0.7628808617591858      0.9717451333999634
     64.3578948974609375      0.6993075013160706      0.9740996956825256
     65.0526351928710938      0.6357340812683105      0.9764543175697327
     65.7473678588867188      0.5721606612205505      0.9788088798522949
     66.4421081542968750      0.5085872411727905      0.9811634421348572
     67.1368408203125000      0.4450138509273529      0.9835180044174194
     67.8315811157226563      0.3814404308795929      0.9858725666999817
     68.5263137817382813      0.3178670406341553      0.9882271289825439
     69.2210540771484375      0.2542936205863953      0.9905816912651062
     69.9157867431640625      0.1907202154397964      0.9929363131523132
     70.6105270385742188      0.1271468102931976      0.9952908754348755
     71.3052597045898438      0.0635734051465988      0.9976454377174377
     72.0000000000000000      0.0000000000000000      1.0000000000000000
      0.0000000000000000      0.0000000000000000     -1.0000000000000000
      1.0526316165924072      0.0673130229115486     -0.8972299098968506
      2.1052632331848145      0.1346260458230972     -0.7944598197937012
      3.1578948497772217      0.2019390612840652     -0.6916897296905518
      4.2105264663696289      0.2692520916461945     -0.5889196395874023
      5.2631578445434570      0.3365651071071625     -0.4861495792865753
      6.3157896995544434      0.4038781225681305     -0.3833794891834259
      7.3684210777282715      0.4711911380290985     -0.2806094288825989
      8.4210529327392578      0.5385041832923889     -0.1778393387794495
      9.4736843109130859      0.6058171987533569     -0.0750692486763000
     10.5263156890869141      0.6731302142143250      0.0277008302509785
     11.5789470672607422      0.7404432296752930      0.1304709166288376
     12.6315793991088867      0.8077562451362610      0.2332409918308258
     13.6842107772827148      0.8750692605972290      0.3360110819339752
     14.7368421554565430      0.9423822760581970      0.4387811720371246
     15.7894735336303711      1.0096952915191650      0.5415512323379517
     16.8421058654785156      1.0770083665847778      0.6443213224411011
     17.8947372436523438      1.1443213224411011      0.7470914125442505
     18.9473686218261719      1.2116343975067139      0.8498615026473999
     20.0000000000000000      1.2789473533630371      0.9526315927505493
     22.0421047210693359      1.2789473533630371      0.9526315927505493
     24.0842113494873047      1.2789473533630371      0.9526315927505493
     26.1263160705566406      1.2789473533630371      0.9526315927505493
     28.1684207916259766      1.2789473533630371      0.9526315927505493
     30.2105255126953125      1.2789473533630371      0.9526315927505493
     32.2526321411132813      1.2789473533630371      0.9526315927505493
     34.2947349548339844      1.2789473533630371      0.9526315927505493
     36.3368415832519531      1.2789473533630371      0.9526315927505493
     38.3789482116699219      1.2789473533630371      0.9526315927505493
     40.4210510253906250      1.2789473533630371      0.9526315927505493
     42.4631576538085938      1.2789473533630371      0.9526315927505493
     44.5052642822265625      1.2789473533630371      0.9526315927505493
     46.5473670959472656      1.2789473533630371      0.9526315927505493
     48.5894737243652344      1.2789473533630371      0.9526315927505493
     50.6315803527832031      1.2789473533630371      0.9526315927505493
     52.6736831665039063      1.2789473533630371      0.9526315927505493
     54.7157897949218750      1.2789473533630371      0.9526315927505493
     56.7578964233398438      1.2789473533630371      0.9526315927505493
     58.7999992370605469      1.2789473533630371      0.9526315927505493
     59.4947357177734375      1.2116343975067139      0.9551246762275696
     60.1894721984863281      1.1443213224411011      0.9576177000999451
     60.8842086791992188      1.0770083665847778      0.9601107835769653
     61.5789489746093750      1.0096952915191650      0.9626038670539856
     62.2736854553222656      0.9423822760581970      0.9650969505310059
     62.9684219360351563      0.8750692605972290      0.9675900340080261
     63.6631584167480469      0.8077562451362610      0.9700831174850464
     64.3578948974609375      0.7404432296752930      0.9725762009620667
     65.0526351928710938      0.6731302142143250      0.9750692248344421
     65.7473678588867188      0.6058171987533569      0.9775623083114624
     66.4421081542968750      0.5385041832923889      0.9800553917884827
     67.1368408203125000      0.4711911380290985      0.9825484752655029
     67.8315811157226563      0.4038781225681305      0.9850415587425232
     68.5263137817382813      0.3365651071071625      0.9875346422195435
     69.2210540771484375      0.2692520916461945      0.9900277256965637
     69.9157867431640625      0.2019390612840652      0.9925207495689392
     70.6105270385742188      0.1346260458230972      0.9950138330459595
     71.3052597045898438      0.0673130229115486      0.9975069165229797
     72.0000000000000000      0.0000000000000000      1.0000000000000000
      0.0000000000000000      0.0000000000000000     -1.0000000000000000
      1.0526316165924072      0.0710526332259178     -0.8973684310913086
      2.1052632331848145      0.1421052664518356     -0.7947368621826172
      3.1578948497772217      0.2131578922271729     -0.6921052336692810
      4.2105264663696289      0.2842105329036713     -0.5894736647605896
      5.2631578445434570      0.3552631437778473     -0.4868420958518982
      6.3157896995544434      0.4263157844543457     -0.3842105269432068
      7.3684210777282715      0.4973684251308441     -0.2815789580345154
      8.4210529327392578      0.5684210658073425     -0.1789473742246628
      9.4736843109130859      0.6394736766815186     -0.0763157904148102
     10.5263156890869141      0.7105262875556946      0.0263157896697521
     11.5789470672607422      0.7815789580345154      0.1289473623037338
     12.6315793991088867      0.8526315689086914      0.2315789461135864
     13.6842107772827148      0.9236842393875122      0.3342105150222778
     14.7368421554565430      0.9947368502616882      0.4368421137332916
     15.7894735336303711      1.0657894611358643      0.5394737124443054
     16.8421058654785156      1.1368421316146851      0.6421052813529968
     17.8947372436523438      1.2078946828842163      0.7447368502616882
     18.9473686218261719      1.2789473533630371      0.8473684191703796
     20.0000000000000000      1.3500000238418579      0.9499999880790710
     22.0421047210693359      1.3500000238418579      0.9499999880790710
     24.0842113494873047      1.3500000238418579      0.9499999880790710
     26.1263160705566406      1.3500000238418579      0.9499999880790710
     28.1684207916259766      1.3500000238418579      0.9499999880790710
     30.2105255126953125      1.3500000238418579      0.9499999880790710
     32.2526321411132813      1.3500000238418579      0.9499999880790710
     34.2947349548339844      1.3500000238418579      0.9499999880790710
     36.3368415832519531      1.3500000238418579      0.9499999880790710
     38.3789482116699219      1.3500000238418579      0.9499999880790710
     40.4210510253906250      1.3500000238418579      0.9499999880790710
     42.4631576538085938      1.3500000238418579      0.9499999880790710
     44.5052642822265625      1.3500000238418579      0.9499999880790710
     46.5473670959472656      1.3500000238418579      0.9499999880790710
     48.5894737243652344      1.3500000238418579      0.9499999880790710
     50.6315803527832031      1.3500000238418579      0.9499999880790710
     52.6736831665039063      1.3500000238418579      0.9499999880790710
     54.7157897949218750      1.3500000238418579      0.9499999880790710
     56.7578964233398438      1.3500000238418579      0.9499999880790710
     58.7999992370605469      1.3500000238418579      0.9499999880790710
     59.4947357177734375      1.2789473533630371      0.9526315927505493
     60.1894721984863281      1.2078946828842163      0.9552631378173828
     60.8842086791992188      1.1368421316146851      0.9578947424888611
     61.5789489746093750      1.0657894611358643      0.9605262875556946
     62.2736854553222656      0.9947368502616882      0.9631578922271729
     62.9684219360351563      0.9236842393875122      0.9657894968986511
     63.6631584167480469      0.8526315689086914      0.9684210419654846
     64.3578948974609375      0.7815789580345154      0.9710526466369629
     65.0526351928710938      0.7105262875556946      0.9736841917037964
     65.7473678588867188      0.6394736766815186      0.9763157963752747
     66.4421081542968750      0.5684210658073425      0.9789473414421082
     67.1368408203125000      0.4973684251308441      0.9815789461135864
     67.8315811157226563      0.4263157844543457      0.9842105507850647
     68.5263137817382813      0.3552631437778473      0.9868420958518982
     69.2210540771484375      0.2842105329036713      0.9894737005233765
     69.9157867431640625      0.2131578922271729      0.9921052455902100
     70.6105270385742188      0.1421052664518356      0.9947368502616882
     71.3052597045898438      0.0710526332259178      0.9973683953285217
     72.0000000000000000      0.0000000000000000      1.0000000000000000
 zone  i=          20  j=          58 k=           1
     72.0000000000000000      0.0000000000000000      1.0000000000000000
     72.0000000000000000      0.0000000000000000      1.0000000000000000
     72.0000000000000000      0.0000000000000000      1.0000000000000000
     72.0000000000000000      0.0000000000000000      1.0000000000000000
     72.0000000000000000      0.0000000000000000      1.0000000000000000
     72.0000000000000000      0.0000000000000000      1.0000000000000000
     72.0000000000000000      0.0000000000000000      1.0000000000000000
     72.0000000000000000      0.0000000000000000      1.0000000000000000
     72.0000000000000000      0.0000000000000000      1.0000000000000000
     72.0000000000000000      0.0000000000000000      1.0000000000000000
     72.0000000000000000      0.0000000000000000      1.0000000000000000
     72.0000000000000000      0.0000000000000000      1.0000000000000000
     72.0000000000000000      0.0000000000000000      1.0000000000000000
     72.0000000000000000      0.0000000000000000      1.0000000000000000
     72.0000000000000000      0.0000000000000000      1.0000000000000000
     72.0000000000000000      0.0000000000000000      1.0000000000000000
     72.0000000000000000      0.0000000000000000      1.0000000000000000
     72.0000000000000000      0.0000000000000000      1.0000000000000000
     72.0000000000000000      0.0000000000000000      1.0000000000000000
     72.0000000000000000      0.0000000000000000      1.0000000000000000
     71.3052597045898438      0.0710526332259178      0.9973683953285217
     71.3052597045898438      0.0710526332259178      0.9921052455902100
     71.3052597045898438      0.0710526332259178      0.9868420958518982
     71.3052597045898438      0.0710526332259178      0.9815789461135864
     71.3052597045898438      0.0710526332259178      0.9763157963752747
     71.3052597045898438      0.0710526332259178      0.9710526466369629
     71.3052597045898438      0.0710526332259178      0.9657894968986511
     71.3052597045898438      0.0710526332259178      0.9605262875556946
     71.3052597045898438      0.0710526332259178      0.9552631378173828
     71.3052597045898438      0.0710526332259178      0.9499999880790710
     71.3052597045898438      0.0710526332259178      0.9447368383407593
     71.3052597045898438      0.0710526332259178      0.9394736886024475
     71.3052597045898438      0.0710526332259178      0.9342105388641357
     71.3052597045898438      0.0710526332259178      0.9289473891258240
     71.3052597045898438      0.0710526332259178      0.9236842393875122
     71.3052597045898438      0.0710526332259178      0.9184210300445557
     71.3052597045898438      0.0710526332259178      0.9131578803062439
     71.3052597045898438      0.0710526332259178      0.9078947305679321
     71.3052597045898438      0.0710526332259178      0.9026315808296204
     71.3052597045898438      0.0710526332259178      0.8973684310913086
     70.6105270385742188      0.1421052664518356      0.9947368502616882
     70.6105270385742188      0.1421052664518356      0.9842105507850647
     70.6105270385742188      0.1421052664518356      0.9736841917037964
     70.6105270385742188      0.1421052664518356      0.9631578922271729
     70.6105270385742188      0.1421052664518356      0.9526315927505493
     70.6105270385742188      0.1421052664518356      0.9421052336692810
     70.6105270385742188      0.1421052664518356      0.9315789341926575
     70.6105270385742188      0.1421052664518356      0.9210526347160339
     70.6105270385742188      0.1421052664518356      0.9105263352394104
     70.6105270385742188      0.1421052664518356      0.8999999761581421
     70.6105270385742188      0.1421052664518356      0.8894736766815186
     70.6105270385742188      0.1421052664518356      0.8789473772048950
     70.6105270385742188      0.1421052664518356      0.8684210777282715
     70.6105270385742188      0.1421052664518356      0.8578947186470032
     70.6105270385742188      0.1421052664518356      0.8473684191703796
     70.6105270385742188      0.1421052664518356      0.8368421196937561
     70.6105270385742188      0.1421052664518356      0.8263157606124878
     70.6105270385742188      0.1421052664518356      0.8157894611358643
     70.6105270385742188      0.1421052664518356      0.8052631616592407
     70.6105270385742188      0.1421052664518356      0.7947368621826172
     69.9157867431640625      0.2131578922271729      0.9921052455902100
     69.9157867431640625      0.2131578922271729      0.9763157963752747
     69.9157867431640625      0.2131578922271729      0.9605262875556946
     69.9157867431640625      0.2131578922271729      0.9447368383407593
     69.9157867431640625      0.2131578922271729      0.9289473891258240
     69.9157867431640625      0.2131578922271729      0.9131578803062439
     69.9157867431640625      0.2131578922271729      0.8973684310913086
     69.9157867431640625      0.2131578922271729      0.8815789222717285
     69.9157867431640625      0.2131578922271729      0.8657894730567932
     69.9157867431640625      0.2131578922271729      0.8500000238418579
     69.9157867431640625      0.2131578922271729      0.8342105150222778
     69.9157867431640625      0.2131578922271729      0.8184210658073425
     69.9157867431640625      0.2131578922271729      0.8026315569877625
     69.9157867431640625      0.2131578922271729      0.7868421077728271
     69.9157867431640625      0.2131578922271729      0.7710526585578918
     69.9157867431640625      0.2131578922271729      0.7552631497383118
     69.9157867431640625      0.2131578922271729      0.7394737005233765
     69.9157867431640625      0.2131578922271729      0.7236841917037964
     69.9157867431640625      0.2131578922271729      0.7078947424888611
     69.9157867431640625      0.2131578922271729      0.6921052336692810
     69.2210540771484375      0.2842105329036713      0.9894737005233765
     69.2210540771484375      0.2842105329036713      0.9684210419654846
     69.2210540771484375      0.2842105329036713      0.9473684430122375
     69.2210540771484375      0.2842105329036713      0.9263157844543457
     69.2210540771484375      0.2842105329036713      0.9052631855010986
     69.2210540771484375      0.2842105329036713      0.8842105269432068
     69.2210540771484375      0.2842105329036713      0.8631578683853149
     69.2210540771484375      0.2842105329036713      0.8421052694320679
     69.2210540771484375      0.2842105329036713      0.8210526108741760
     69.2210540771484375      0.2842105329036713      0.8000000119209290
     69.2210540771484375      0.2842105329036713      0.7789473533630371
     69.2210540771484375      0.2842105329036713      0.7578947544097900
     69.2210540771484375      0.2842105329036713      0.7368420958518982
     69.2210540771484375      0.2842105329036713      0.7157894968986511
     69.2210540771484375      0.2842105329036713      0.6947368383407593
     69.2210540771484375      0.2842105329036713      0.6736842393875122
     69.2210540771484375      0.2842105329036713      0.6526315808296204
     69.2210540771484375      0.2842105329036713      0.6315789222717285
     69.2210540771484375      0.2842105329036713      0.6105263233184814
     69.2210540771484375      0.2842105329036713      0.5894736647605896
     68.5263137817382813      0.3552631437778473      0.9868420958518982
     68.5263137817382813      0.3552631437778473      0.9605262875556946
     68.5263137817382813      0.3552631437778473      0.9342105388641357
     68.5263137817382813      0.3552631437778473      0.9078947305679321
     68.5263137817382813      0.3552631437778473      0.8815789222717285
     68.5263137817382813      0.3552631437778473      0.8552631735801697
     68.5263137817382813      0.3552631437778473      0.8289473652839661
     68.5263137817382813      0.3552631437778473      0.8026315569877625
     68.5263137817382813      0.3552631437778473      0.7763158082962036
     68.5263137817382813      0.3552631437778473      0.7500000000000000
     68.5263137817382813      0.3552631437778473      0.7236841917037964
     68.5263137817382813      0.3552631437778473      0.6973684430122375
     68.5263137817382813      0.3552631437778473      0.6710526347160339
     68.5263137817382813      0.3552631437778473      0.6447368264198303
     68.5263137817382813      0.3552631437778473      0.6184210777282715
     68.5263137817382813      0.3552631437778473      0.5921052694320679
     68.5263137817382813      0.3552631437778473      0.5657894611358643
     68.5263137817382813      0.3552631437778473      0.5394737124443054
     68.5263137817382813      0.3552631437778473      0.5131579041481018
     68.5263137817382813      0.3552631437778473      0.4868420958518982
     67.8315811157226563      0.4263157844543457      0.9842105507850647
     67.8315811157226563      0.4263157844543457      0.9526315927505493
     67.8315811157226563      0.4263157844543457      0.9210526347160339
     67.8315811157226563      0.4263157844543457      0.8894736766815186
     67.8315811157226563      0.4263157844543457      0.8578947186470032
     67.8315811157226563      0.4263157844543457      0.8263157606124878
     67.8315811157226563      0.4263157844543457      0.7947368621826172
     67.8315811157226563      0.4263157844543457      0.7631579041481018
     67.8315811157226563      0.4263157844543457      0.7315789461135864
     67.8315811157226563      0.4263157844543457      0.6999999880790710
     67.8315811157226563      0.4263157844543457      0.6684210300445557
     67.8315811157226563      0.4263157844543457      0.6368421316146851
     67.8315811157226563      0.4263157844543457      0.6052631735801697
     67.8315811157226563      0.4263157844543457      0.5736842155456543
     67.8315811157226563      0.4263157844543457      0.5421052575111389
     67.8315811157226563      0.4263157844543457      0.5105262994766235
     67.8315811157226563      0.4263157844543457      0.4789473712444305
     67.8315811157226563      0.4263157844543457      0.4473684132099152
     67.8315811157226563      0.4263157844543457      0.4157894849777222
     67.8315811157226563      0.4263157844543457      0.3842105269432068
     67.1368408203125000      0.4973684251308441      0.9815789461135864
     67.1368408203125000      0.4973684251308441      0.9447368383407593
     67.1368408203125000      0.4973684251308441      0.9078947305679321
     67.1368408203125000      0.4973684251308441      0.8710526227951050
     67.1368408203125000      0.4973684251308441      0.8342105150222778
     67.1368408203125000      0.4973684251308441      0.7973684072494507
     67.1368408203125000      0.4973684251308441      0.7605262994766235
     67.1368408203125000      0.4973684251308441      0.7236841917037964
     67.1368408203125000      0.4973684251308441      0.6868420839309692
     67.1368408203125000      0.4973684251308441      0.6499999761581421
     67.1368408203125000      0.4973684251308441      0.6131578683853149
     67.1368408203125000      0.4973684251308441      0.5763157606124878
     67.1368408203125000      0.4973684251308441      0.5394737124443054
     67.1368408203125000      0.4973684251308441      0.5026316046714783
     67.1368408203125000      0.4973684251308441      0.4657894670963287
     67.1368408203125000      0.4973684251308441      0.4289473593235016
     67.1368408203125000      0.4973684251308441      0.3921052515506744
     67.1368408203125000      0.4973684251308441      0.3552631437778473
     67.1368408203125000      0.4973684251308441      0.3184210658073425
     67.1368408203125000      0.4973684251308441      0.2815789580345154
     66.4421081542968750      0.5684210658073425      0.9789473414421082
     66.4421081542968750      0.5684210658073425      0.9368420839309692
     66.4421081542968750      0.5684210658073425      0.8947368264198303
     66.4421081542968750      0.5684210658073425      0.8526315689086914
     66.4421081542968750      0.5684210658073425      0.8105263113975525
     66.4421081542968750      0.5684210658073425      0.7684210538864136
     66.4421081542968750      0.5684210658073425      0.7263157963752747
     66.4421081542968750      0.5684210658073425      0.6842105388641357
     66.4421081542968750      0.5684210658073425      0.6421052813529968
     66.4421081542968750      0.5684210658073425      0.6000000238418579
     66.4421081542968750      0.5684210658073425      0.5578947663307190
     66.4421081542968750      0.5684210658073425      0.5157894492149353
     66.4421081542968750      0.5684210658073425      0.4736842215061188
     66.4421081542968750      0.5684210658073425      0.4315789341926575
     66.4421081542968750      0.5684210658073425      0.3894736766815186
     66.4421081542968750      0.5684210658073425      0.3473684191703796
     66.4421081542968750      0.5684210658073425      0.3052631616592407
     66.4421081542968750      0.5684210658073425      0.2631579041481018
     66.4421081542968750      0.5684210658073425      0.2210526317358017
     66.4421081542968750      0.5684210658073425      0.1789473742246628
     65.7473678588867188      0.6394736766815186      0.9763157963752747
     65.7473678588867188      0.6394736766815186      0.9289473891258240
     65.7473678588867188      0.6394736766815186      0.8815789222717285
     65.7473678588867188      0.6394736766815186      0.8342105150222778
     65.7473678588867188      0.6394736766815186      0.7868421077728271
     65.7473678588867188      0.6394736766815186      0.7394737005233765
     65.7473678588867188      0.6394736766815186      0.6921052336692810
     65.7473678588867188      0.6394736766815186      0.6447368264198303
     65.7473678588867188      0.6394736766815186      0.5973684191703796
     65.7473678588867188      0.6394736766815186      0.5500000119209290
     65.7473678588867188      0.6394736766815186      0.5026316046714783
     65.7473678588867188      0.6394736766815186      0.4552631676197052
     65.7473678588867188      0.6394736766815186      0.4078947305679321
     65.7473678588867188      0.6394736766815186      0.3605263233184814
     65.7473678588867188      0.6394736766815186      0.3131578862667084
     65.7473678588867188      0.6394736766815186      0.2657894790172577
     65.7473678588867188      0.6394736766815186      0.2184210568666458
     65.7473678588867188      0.6394736766815186      0.1710526347160339
     65.7473678588867188      0.6394736766815186      0.1236842125654221
     65.7473678588867188      0.6394736766815186      0.0763157904148102
     65.0526351928710938      0.7105262875556946      0.9736841917037964
     65.0526351928710938      0.7105262875556946      0.9210526347160339
     65.0526351928710938      0.7105262875556946      0.8684210777282715
     65.0526351928710938      0.7105262875556946      0.8157894611358643
     65.0526351928710938      0.7105262875556946      0.7631579041481018
     65.0526351928710938      0.7105262875556946      0.7105262875556946
     65.0526351928710938      0.7105262875556946      0.6578947305679321
     65.0526351928710938      0.7105262875556946      0.6052631735801697
     65.0526351928710938      0.7105262875556946      0.5526315569877625
     65.0526351928710938      0.7105262875556946      0.5000000000000000
     65.0526351928710938      0.7105262875556946      0.4473684132099152
     65.0526351928710938      0.7105262875556946      0.3947368562221527
     65.0526351928710938      0.7105262875556946      0.3421052694320679
     65.0526351928710938      0.7105262875556946      0.2894736826419830
     65.0526351928710938      0.7105262875556946      0.2368421107530594
     65.0526351928710938      0.7105262875556946      0.1842105239629745
     65.0526351928710938      0.7105262875556946      0.1315789520740509
     65.0526351928710938      0.7105262875556946      0.0789473652839661
     65.0526351928710938      0.7105262875556946      0.0263157896697521
     65.0526351928710938      0.7105262875556946     -0.0263157896697521
     64.3578948974609375      0.7815789580345154      0.9710526466369629
     64.3578948974609375      0.7815789580345154      0.9131578803062439
     64.3578948974609375      0.7815789580345154      0.8552631735801697
     64.3578948974609375      0.7815789580345154      0.7973684072494507
     64.3578948974609375      0.7815789580345154      0.7394737005233765
     64.3578948974609375      0.7815789580345154      0.6815789341926575
     64.3578948974609375      0.7815789580345154      0.6236842274665833
     64.3578948974609375      0.7815789580345154      0.5657894611358643
     64.3578948974609375      0.7815789580345154      0.5078947544097900
     64.3578948974609375      0.7815789580345154      0.4499999880790710
     64.3578948974609375      0.7815789580345154      0.3921052515506744
     64.3578948974609375      0.7815789580345154      0.3342105150222778
     64.3578948974609375      0.7815789580345154      0.2763157784938812
     64.3578948974609375      0.7815789580345154      0.2184210568666458
     64.3578948974609375      0.7815789580345154      0.1605263203382492
     64.3578948974609375      0.7815789580345154      0.1026315763592720
     64.3578948974609375      0.7815789580345154      0.0447368435561657
     64.3578948974609375      0.7815789580345154     -0.0131578948348761
     64.3578948974609375      0.7815789580345154     -0.0710526332259178
     64.3578948974609375      0.7815789580345154     -0.1289473623037338
     63.6631584167480469      0.8526315689086914      0.9684210419654846
     63.6631584167480469      0.8526315689086914      0.9052631855010986
     63.6631584167480469      0.8526315689086914      0.8421052694320679
     63.6631584167480469      0.8526315689086914      0.7789473533630371
     63.6631584167480469      0.8526315689086914      0.7157894968986511
     63.6631584167480469      0.8526315689086914      0.6526315808296204
     63.6631584167480469      0.8526315689086914      0.5894736647605896
     63.6631584167480469      0.8526315689086914      0.5263158082962036
     63.6631584167480469      0.8526315689086914      0.4631578922271729
     63.6631584167480469      0.8526315689086914      0.4000000059604645
     63.6631584167480469      0.8526315689086914      0.3368421196937561
     63.6631584167480469      0.8526315689086914      0.2736842036247253
     63.6631584167480469      0.8526315689086914      0.2105263173580170
     63.6631584167480469      0.8526315689086914      0.1473684161901474
     63.6631584167480469      0.8526315689086914      0.0842105299234390
     63.6631584167480469      0.8526315689086914      0.0210526324808598
     63.6631584167480469      0.8526315689086914     -0.0421052649617195
     63.6631584167480469      0.8526315689086914     -0.1052631586790085
     63.6631584167480469      0.8526315689086914     -0.1684210598468781
     63.6631584167480469      0.8526315689086914     -0.2315789461135864
     62.9684219360351563      0.9236842393875122      0.9657894968986511
     62.9684219360351563      0.9236842393875122      0.8973684310913086
     62.9684219360351563      0.9236842393875122      0.8289473652839661
     62.9684219360351563      0.9236842393875122      0.7605262994766235
     62.9684219360351563      0.9236842393875122      0.6921052336692810
     62.9684219360351563      0.9236842393875122      0.6236842274665833
     62.9684219360351563      0.9236842393875122      0.5552631616592407
     62.9684219360351563      0.9236842393875122      0.4868420958518982
     62.9684219360351563      0.9236842393875122      0.4184210598468781
     62.9684219360351563      0.9236842393875122      0.3499999940395355
     62.9684219360351563      0.9236842393875122      0.2815789580345154
     62.9684219360351563      0.9236842393875122      0.2131578922271729
     62.9684219360351563      0.9236842393875122      0.1447368413209915
     62.9684219360351563      0.9236842393875122      0.0763157904148102
     62.9684219360351563      0.9236842393875122      0.0078947367146611
     62.9684219360351563      0.9236842393875122     -0.0605263151228428
     62.9684219360351563      0.9236842393875122     -0.1289473623037338
     62.9684219360351563      0.9236842393875122     -0.1973684281110764
     62.9684219360351563      0.9236842393875122     -0.2657894790172577
     62.9684219360351563      0.9236842393875122     -0.3342105150222778
     62.2736854553222656      0.9947368502616882      0.9631578922271729
     62.2736854553222656      0.9947368502616882      0.8894736766815186
     62.2736854553222656      0.9947368502616882      0.8157894611358643
     62.2736854553222656      0.9947368502616882      0.7421052455902100
     62.2736854553222656      0.9947368502616882      0.6684210300445557
     62.2736854553222656      0.9947368502616882      0.5947368144989014
     62.2736854553222656      0.9947368502616882      0.5210526585578918
     62.2736854553222656      0.9947368502616882      0.4473684132099152
     62.2736854553222656      0.9947368502616882      0.3736841976642609
     62.2736854553222656      0.9947368502616882      0.3000000119209290
     62.2736854553222656      0.9947368502616882      0.2263157963752747
     62.2736854553222656      0.9947368502616882      0.1526315808296204
     62.2736854553222656      0.9947368502616882      0.0789473652839661
     62.2736854553222656      0.9947368502616882      0.0052631581202149
     62.2736854553222656      0.9947368502616882     -0.0684210509061813
     62.2736854553222656      0.9947368502616882     -0.1421052664518356
     62.2736854553222656      0.9947368502616882     -0.2157894670963287
     62.2736854553222656      0.9947368502616882     -0.2894736826419830
     62.2736854553222656      0.9947368502616882     -0.3631578981876373
     62.2736854553222656      0.9947368502616882     -0.4368421137332916
     61.5789489746093750      1.0657894611358643      0.9605262875556946
     61.5789489746093750      1.0657894611358643      0.8815789222717285
     61.5789489746093750      1.0657894611358643      0.8026315569877625
     61.5789489746093750      1.0657894611358643      0.7236841917037964
     61.5789489746093750      1.0657894611358643      0.6447368264198303
     61.5789489746093750      1.0657894611358643      0.5657894611358643
     61.5789489746093750      1.0657894611358643      0.4868420958518982
     61.5789489746093750      1.0657894611358643      0.4078947305679321
     61.5789489746093750      1.0657894611358643      0.3289473652839661
     61.5789489746093750      1.0657894611358643      0.2500000000000000
     61.5789489746093750      1.0657894611358643      0.1710526347160339
     61.5789489746093750      1.0657894611358643      0.0921052619814873
     61.5789489746093750      1.0657894611358643      0.0131578948348761
     61.5789489746093750      1.0657894611358643     -0.0657894760370255
     61.5789489746093750      1.0657894611358643     -0.1447368413209915
     61.5789489746093750      1.0657894611358643     -0.2236842066049576
     61.5789489746093750      1.0657894611358643     -0.3026315867900848
     61.5789489746093750      1.0657894611358643     -0.3815789520740509
     61.5789489746093750      1.0657894611358643     -0.4605263173580170
     61.5789489746093750      1.0657894611358643     -0.5394737124443054
     60.8842086791992188      1.1368421316146851      0.9578947424888611
     60.8842086791992188      1.1368421316146851      0.8736842274665833
     60.8842086791992188      1.1368421316146851      0.7894737124443054
     60.8842086791992188      1.1368421316146851      0.7052631378173828
     60.8842086791992188      1.1368421316146851      0.6210526227951050
     60.8842086791992188      1.1368421316146851      0.5368421077728271
     60.8842086791992188      1.1368421316146851      0.4526315927505493
     60.8842086791992188      1.1368421316146851      0.3684210479259491
     60.8842086791992188      1.1368421316146851      0.2842105329036713
     60.8842086791992188      1.1368421316146851      0.2000000029802322
     60.8842086791992188      1.1368421316146851      0.1157894730567932
     60.8842086791992188      1.1368421316146851      0.0315789468586445
     60.8842086791992188      1.1368421316146851     -0.0526315793395042
     60.8842086791992188      1.1368421316146851     -0.1368421018123627
     60.8842086791992188      1.1368421316146851     -0.2210526317358017
     60.8842086791992188      1.1368421316146851     -0.3052631616592407
     60.8842086791992188      1.1368421316146851     -0.3894736766815186
     60.8842086791992188      1.1368421316146851     -0.4736842215061188
     60.8842086791992188      1.1368421316146851     -0.5578947663307190
     60.8842086791992188      1.1368421316146851     -0.6421052813529968
     60.1894721984863281      1.2078946828842163      0.9552631378173828
     60.1894721984863281      1.2078946828842163      0.8657894730567932
     60.1894721984863281      1.2078946828842163      0.7763158082962036
     60.1894721984863281      1.2078946828842163      0.6868420839309692
     60.1894721984863281      1.2078946828842163      0.5973684191703796
     60.1894721984863281      1.2078946828842163      0.5078947544097900
     60.1894721984863281      1.2078946828842163      0.4184210598468781
     60.1894721984863281      1.2078946828842163      0.3289473652839661
     60.1894721984863281      1.2078946828842163      0.2394736856222153
     60.1894721984863281      1.2078946828842163      0.1500000059604645
     60.1894721984863281      1.2078946828842163      0.0605263151228428
     60.1894721984863281      1.2078946828842163     -0.0289473682641983
     60.1894721984863281      1.2078946828842163     -0.1184210553765297
     60.1894721984863281      1.2078946828842163     -0.2078947424888611
     60.1894721984863281      1.2078946828842163     -0.2973684072494507
     60.1894721984863281      1.2078946828842163     -0.3868421018123627
     60.1894721984863281      1.2078946828842163     -0.4763157963752747
     60.1894721984863281      1.2078946828842163     -0.5657894611358643
     60.1894721984863281      1.2078946828842163     -0.6552631855010986
     60.1894721984863281      1.2078946828842163     -0.7447368502616882
     59.4947357177734375      1.2789473533630371      0.9526315927505493
     59.4947357177734375      1.2789473533630371      0.8578947186470032
     59.4947357177734375      1.2789473533630371      0.7631579041481018
     59.4947357177734375      1.2789473533630371      0.6684210300445557
     59.4947357177734375      1.2789473533630371      0.5736842155456543
     59.4947357177734375      1.2789473533630371      0.4789473712444305
     59.4947357177734375      1.2789473533630371      0.3842105269432068
     59.4947357177734375      1.2789473533630371      0.2894736826419830
     59.4947357177734375      1.2789473533630371      0.1947368383407593
     59.4947357177734375      1.2789473533630371      0.1000000014901161
     59.4947357177734375      1.2789473533630371      0.0052631581202149
     59.4947357177734375      1.2789473533630371     -0.0894736871123314
     59.4947357177734375      1.2789473533630371     -0.1842105239629745
     59.4947357177734375      1.2789473533630371     -0.2789473831653595
     59.4947357177734375      1.2789473533630371     -0.3736841976642609
     59.4947357177734375      1.2789473533630371     -0.4684210419654846
     59.4947357177734375      1.2789473533630371     -0.5631579160690308
     59.4947357177734375      1.2789473533630371     -0.6578947305679321
     59.4947357177734375      1.2789473533630371     -0.7526316046714783
     59.4947357177734375      1.2789473533630371     -0.8473684191703796
     58.7999992370605469      1.3500000238418579      0.9499999880790710
     58.7999992370605469      1.3500000238418579      0.8500000238418579
     58.7999992370605469      1.3500000238418579      0.7500000000000000
     58.7999992370605469      1.3500000238418579      0.6499999761581421
     58.7999992370605469      1.3500000238418579      0.5500000119209290
     58.7999992370605469      1.3500000238418579      0.4499999880790710
     58.7999992370605469      1.3500000238418579      0.3499999940395355
     58.7999992370605469      1.3500000238418579      0.2500000000000000
     58.7999992370605469      1.3500000238418579      0.1500000059604645
     58.7999992370605469      1.3500000238418579      0.0500000007450581
     58.7999992370605469      1.3500000238418579     -0.0500000007450581
     58.7999992370605469      1.3500000238418579     -0.1500000059604645
     58.7999992370605469      1.3500000238418579     -0.2500000000000000
     58.7999992370605469      1.3500000238418579     -0.3499999940395355
     58.7999992370605469      1.3500000238418579     -0.4499999880790710
     58.7999992370605469      1.3500000238418579     -0.5500000119209290
     58.7999992370605469      1.3500000238418579     -0.6499999761581421
     58.7999992370605469      1.3500000238418579     -0.7500000000000000
     58.7999992370605469      1.3500000238418579     -0.8500000238418579
     58.7999992370605469      1.3500000238418579     -0.9499999880790710
     56.7578964233398438      1.3500000238418579      0.9499999880790710
     56.7578964233398438      1.3500000238418579      0.8500000238418579
     56.7578964233398438      1.3500000238418579      0.7500000000000000
     56.7578964233398438      1.3500000238418579      0.6499999761581421
     56.7578964233398438      1.3500000238418579      0.5500000119209290
     56.7578964233398438      1.3500000238418579      0.4499999880790710
     56.7578964233398438      1.3500000238418579      0.3499999940395355
     56.7578964233398438      1.3500000238418579      0.2500000000000000
     56.7578964233398438      1.3500000238418579      0.1500000059604645
     56.7578964233398438      1.3500000238418579      0.0500000007450581
     56.7578964233398438      1.3500000238418579     -0.0500000007450581
     56.7578964233398438      1.3500000238418579     -0.1500000059604645
     56.7578964233398438      1.3500000238418579     -0.2500000000000000
     56.7578964233398438      1.3500000238418579     -0.3499999940395355
     56.7578964233398438      1.3500000238418579     -0.4499999880790710
     56.7578964233398438      1.3500000238418579     -0.5500000119209290
     56.7578964233398438      1.3500000238418579     -0.6499999761581421
     56.7578964233398438      1.3500000238418579     -0.7500000000000000
     56.7578964233398438      1.3500000238418579     -0.8500000238418579
     56.7578964233398438      1.3500000238418579     -0.9499999880790710
     54.7157897949218750      1.3500000238418579      0.9499999880790710
     54.7157897949218750      1.3500000238418579      0.8500000238418579
     54.7157897949218750      1.3500000238418579      0.7500000000000000
     54.7157897949218750      1.3500000238418579      0.6499999761581421
     54.7157897949218750      1.3500000238418579      0.5500000119209290
     54.7157897949218750      1.3500000238418579      0.4499999880790710
     54.7157897949218750      1.3500000238418579      0.3499999940395355
     54.7157897949218750      1.3500000238418579      0.2500000000000000
     54.7157897949218750      1.3500000238418579      0.1500000059604645
     54.7157897949218750      1.3500000238418579      0.0500000007450581
     54.7157897949218750      1.3500000238418579     -0.0500000007450581
     54.7157897949218750      1.3500000238418579     -0.1500000059604645
     54.7157897949218750      1.3500000238418579     -0.2500000000000000
     54.7157897949218750      1.3500000238418579     -0.3499999940395355
     54.7157897949218750      1.3500000238418579     -0.4499999880790710
     54.7157897949218750      1.3500000238418579     -0.5500000119209290
     54.7157897949218750      1.3500000238418579     -0.6499999761581421
     54.7157897949218750      1.3500000238418579     -0.7500000000000000
     54.7157897949218750      1.3500000238418579     -0.8500000238418579
     54.7157897949218750      1.3500000238418579     -0.9499999880790710
     52.6736831665039063      1.3500000238418579      0.9499999880790710
     52.6736831665039063      1.3500000238418579      0.8500000238418579
     52.6736831665039063      1.3500000238418579      0.7500000000000000
     52.6736831665039063      1.3500000238418579      0.6499999761581421
     52.6736831665039063      1.3500000238418579      0.5500000119209290
     52.6736831665039063      1.3500000238418579      0.4499999880790710
     52.6736831665039063      1.3500000238418579      0.3499999940395355
     52.6736831665039063      1.3500000238418579      0.2500000000000000
     52.6736831665039063      1.3500000238418579      0.1500000059604645
     52.6736831665039063      1.3500000238418579      0.0500000007450581
     52.6736831665039063      1.3500000238418579     -0.0500000007450581
     52.6736831665039063      1.3500000238418579     -0.1500000059604645
     52.6736831665039063      1.3500000238418579     -0.2500000000000000
     52.6736831665039063      1.3500000238418579     -0.3499999940395355
     52.6736831665039063      1.3500000238418579     -0.4499999880790710
     52.6736831665039063      1.3500000238418579     -0.5500000119209290
     52.6736831665039063      1.3500000238418579     -0.6499999761581421
     52.6736831665039063      1.3500000238418579     -0.7500000000000000
     52.6736831665039063      1.3500000238418579     -0.8500000238418579
     52.6736831665039063      1.3500000238418579     -0.9499999880790710
     50.6315803527832031      1.3500000238418579      0.9499999880790710
     50.6315803527832031      1.3500000238418579      0.8500000238418579
     50.6315803527832031      1.3500000238418579      0.7500000000000000
     50.6315803527832031      1.3500000238418579      0.6499999761581421
     50.6315803527832031      1.3500000238418579      0.5500000119209290
     50.6315803527832031      1.3500000238418579      0.4499999880790710
     50.6315803527832031      1.3500000238418579      0.3499999940395355
     50.6315803527832031      1.3500000238418579      0.2500000000000000
     50.6315803527832031      1.3500000238418579      0.1500000059604645
     50.6315803527832031      1.3500000238418579      0.0500000007450581
     50.6315803527832031      1.3500000238418579     -0.0500000007450581
     50.6315803527832031      1.3500000238418579     -0.1500000059604645
     50.6315803527832031      1.3500000238418579     -0.2500000000000000
     50.6315803527832031      1.3500000238418579     -0.3499999940395355
     50.6315803527832031      1.3500000238418579     -0.4499999880790710
     50.6315803527832031      1.3500000238418579     -0.5500000119209290
     50.6315803527832031      1.3500000238418579     -0.6499999761581421
     50.6315803527832031      1.3500000238418579     -0.7500000000000000
     50.6315803527832031      1.3500000238418579     -0.8500000238418579
     50.6315803527832031      1.3500000238418579     -0.9499999880790710
     48.5894737243652344      1.3500000238418579      0.9499999880790710
     48.5894737243652344      1.3500000238418579      0.8500000238418579
     48.5894737243652344      1.3500000238418579      0.7500000000000000
     48.5894737243652344      1.3500000238418579      0.6499999761581421
     48.5894737243652344      1.3500000238418579      0.5500000119209290
     48.5894737243652344      1.3500000238418579      0.4499999880790710
     48.5894737243652344      1.3500000238418579      0.3499999940395355
     48.5894737243652344      1.3500000238418579      0.2500000000000000
     48.5894737243652344      1.3500000238418579      0.1500000059604645
     48.5894737243652344      1.3500000238418579      0.0500000007450581
     48.5894737243652344      1.3500000238418579     -0.0500000007450581
     48.5894737243652344      1.3500000238418579     -0.1500000059604645
     48.5894737243652344      1.3500000238418579     -0.2500000000000000
     48.5894737243652344      1.3500000238418579     -0.3499999940395355
     48.5894737243652344      1.3500000238418579     -0.4499999880790710
     48.5894737243652344      1.3500000238418579     -0.5500000119209290
     48.5894737243652344      1.3500000238418579     -0.6499999761581421
     48.5894737243652344      1.3500000238418579     -0.7500000000000000
     48.5894737243652344      1.3500000238418579     -0.8500000238418579
     48.5894737243652344      1.3500000238418579     -0.9499999880790710
     46.5473670959472656      1.3500000238418579      0.9499999880790710
     46.5473670959472656      1.3500000238418579      0.8500000238418579
     46.5473670959472656      1.3500000238418579      0.7500000000000000
     46.5473670959472656      1.3500000238418579      0.6499999761581421
     46.5473670959472656      1.3500000238418579      0.5500000119209290
     46.5473670959472656      1.3500000238418579      0.4499999880790710
     46.5473670959472656      1.3500000238418579      0.3499999940395355
     46.5473670959472656      1.3500000238418579      0.2500000000000000
     46.5473670959472656      1.3500000238418579      0.1500000059604645
     46.5473670959472656      1.3500000238418579      0.0500000007450581
     46.5473670959472656      1.3500000238418579     -0.0500000007450581
     46.5473670959472656      1.3500000238418579     -0.1500000059604645
     46.5473670959472656      1.3500000238418579     -0.2500000000000000
     46.5473670959472656      1.3500000238418579     -0.3499999940395355
     46.5473670959472656      1.3500000238418579     -0.4499999880790710
     46.5473670959472656      1.3500000238418579     -0.5500000119209290
     46.5473670959472656      1.3500000238418579     -0.6499999761581421
     46.5473670959472656      1.3500000238418579     -0.7500000000000000
     46.5473670959472656      1.3500000238418579     -0.8500000238418579
     46.5473670959472656      1.3500000238418579     -0.9499999880790710
     44.5052642822265625      1.3500000238418579      0.9499999880790710
     44.5052642822265625      1.3500000238418579      0.8500000238418579
     44.5052642822265625      1.3500000238418579      0.7500000000000000
     44.5052642822265625      1.3500000238418579      0.6499999761581421
     44.5052642822265625      1.3500000238418579      0.5500000119209290
     44.5052642822265625      1.3500000238418579      0.4499999880790710
     44.5052642822265625      1.3500000238418579      0.3499999940395355
     44.5052642822265625      1.3500000238418579      0.2500000000000000
     44.5052642822265625      1.3500000238418579      0.1500000059604645
     44.5052642822265625      1.3500000238418579      0.0500000007450581
     44.5052642822265625      1.3500000238418579     -0.0500000007450581
     44.5052642822265625      1.3500000238418579     -0.1500000059604645
     44.5052642822265625      1.3500000238418579     -0.2500000000000000
     44.5052642822265625      1.3500000238418579     -0.3499999940395355
     44.5052642822265625      1.3500000238418579     -0.4499999880790710
     44.5052642822265625      1.3500000238418579     -0.5500000119209290
     44.5052642822265625      1.3500000238418579     -0.6499999761581421
     44.5052642822265625      1.3500000238418579     -0.7500000000000000
     44.5052642822265625      1.3500000238418579     -0.8500000238418579
     44.5052642822265625      1.3500000238418579     -0.9499999880790710
     42.4631576538085938      1.3500000238418579      0.9499999880790710
     42.4631576538085938      1.3500000238418579      0.8500000238418579
     42.4631576538085938      1.3500000238418579      0.7500000000000000
     42.4631576538085938      1.3500000238418579      0.6499999761581421
     42.4631576538085938      1.3500000238418579      0.5500000119209290
     42.4631576538085938      1.3500000238418579      0.4499999880790710
     42.4631576538085938      1.3500000238418579      0.3499999940395355
     42.4631576538085938      1.3500000238418579      0.2500000000000000
     42.4631576538085938      1.3500000238418579      0.1500000059604645
     42.4631576538085938      1.3500000238418579      0.0500000007450581
     42.4631576538085938      1.3500000238418579     -0.0500000007450581
     42.4631576538085938      1.3500000238418579     -0.1500000059604645
     42.4631576538085938      1.3500000238418579     -0.2500000000000000
     42.4631576538085938      1.3500000238418579     -0.3499999940395355
     42.4631576538085938      1.3500000238418579     -0.4499999880790710
     42.4631576538085938      1.3500000238418579     -0.5500000119209290
     42.4631576538085938      1.3500000238418579     -0.6499999761581421
     42.4631576538085938      1.3500000238418579     -0.7500000000000000
     42.4631576538085938      1.3500000238418579     -0.8500000238418579
     42.4631576538085938      1.3500000238418579     -0.9499999880790710
     40.4210510253906250      1.3500000238418579      0.9499999880790710
     40.4210510253906250      1.3500000238418579      0.8500000238418579
     40.4210510253906250      1.3500000238418579      0.7500000000000000
     40.4210510253906250      1.3500000238418579      0.6499999761581421
     40.4210510253906250      1.3500000238418579      0.5500000119209290
     40.4210510253906250      1.3500000238418579      0.4499999880790710
     40.4210510253906250      1.3500000238418579      0.3499999940395355
     40.4210510253906250      1.3500000238418579      0.2500000000000000
     40.4210510253906250      1.3500000238418579      0.1500000059604645
     40.4210510253906250      1.3500000238418579      0.0500000007450581
     40.4210510253906250      1.3500000238418579     -0.0500000007450581
     40.4210510253906250      1.3500000238418579     -0.1500000059604645
     40.4210510253906250      1.3500000238418579     -0.2500000000000000
     40.4210510253906250      1.3500000238418579     -0.3499999940395355
     40.4210510253906250      1.3500000238418579     -0.4499999880790710
     40.4210510253906250      1.3500000238418579     -0.5500000119209290
     40.4210510253906250      1.3500000238418579     -0.6499999761581421
     40.4210510253906250      1.3500000238418579     -0.7500000000000000
     40.4210510253906250      1.3500000238418579     -0.8500000238418579
     40.4210510253906250      1.3500000238418579     -0.9499999880790710
     38.3789482116699219      1.3500000238418579      0.9499999880790710
     38.3789482116699219      1.3500000238418579      0.8500000238418579
     38.3789482116699219      1.3500000238418579      0.7500000000000000
     38.3789482116699219      1.3500000238418579      0.6499999761581421
     38.3789482116699219      1.3500000238418579      0.5500000119209290
     38.3789482116699219      1.3500000238418579      0.4499999880790710
     38.3789482116699219      1.3500000238418579      0.3499999940395355
     38.3789482116699219      1.3500000238418579      0.2500000000000000
     38.3789482116699219      1.3500000238418579      0.1500000059604645
     38.3789482116699219      1.3500000238418579      0.0500000007450581
     38.3789482116699219      1.3500000238418579     -0.0500000007450581
     38.3789482116699219      1.3500000238418579     -0.1500000059604645
     38.3789482116699219      1.3500000238418579     -0.2500000000000000
     38.3789482116699219      1.3500000238418579     -0.3499999940395355
     38.3789482116699219      1.3500000238418579     -0.4499999880790710
     38.3789482116699219      1.3500000238418579     -0.5500000119209290
     38.3789482116699219      1.3500000238418579     -0.6499999761581421
     38.3789482116699219      1.3500000238418579     -0.7500000000000000
     38.3789482116699219      1.3500000238418579     -0.8500000238418579
     38.3789482116699219      1.3500000238418579     -0.9499999880790710
     36.3368415832519531      1.3500000238418579      0.9499999880790710
     36.3368415832519531      1.3500000238418579      0.8500000238418579
     36.3368415832519531      1.3500000238418579      0.7500000000000000
     36.3368415832519531      1.3500000238418579      0.6499999761581421
     36.3368415832519531      1.3500000238418579      0.5500000119209290
     36.3368415832519531      1.3500000238418579      0.4499999880790710
     36.3368415832519531      1.3500000238418579      0.3499999940395355
     36.3368415832519531      1.3500000238418579      0.2500000000000000
     36.3368415832519531      1.3500000238418579      0.1500000059604645
     36.3368415832519531      1.3500000238418579      0.0500000007450581
     36.3368415832519531      1.3500000238418579     -0.0500000007450581
     36.3368415832519531      1.3500000238418579     -0.1500000059604645
     36.3368415832519531      1.3500000238418579     -0.2500000000000000
     36.3368415832519531      1.3500000238418579     -0.3499999940395355
     36.3368415832519531      1.3500000238418579     -0.4499999880790710
     36.3368415832519531      1.3500000238418579     -0.5500000119209290
     36.3368415832519531      1.3500000238418579     -0.6499999761581421
     36.3368415832519531      1.3500000238418579     -0.7500000000000000
     36.3368415832519531      1.3500000238418579     -0.8500000238418579
     36.3368415832519531      1.3500000238418579     -0.9499999880790710
     34.2947349548339844      1.3500000238418579      0.9499999880790710
     34.2947349548339844      1.3500000238418579      0.8500000238418579
     34.2947349548339844      1.3500000238418579      0.7500000000000000
     34.2947349548339844      1.3500000238418579      0.6499999761581421
     34.2947349548339844      1.3500000238418579      0.5500000119209290
     34.2947349548339844      1.3500000238418579      0.4499999880790710
     34.2947349548339844      1.3500000238418579      0.3499999940395355
     34.2947349548339844      1.3500000238418579      0.2500000000000000
     34.2947349548339844      1.3500000238418579      0.1500000059604645
     34.2947349548339844      1.3500000238418579      0.0500000007450581
     34.2947349548339844      1.3500000238418579     -0.0500000007450581
     34.2947349548339844      1.3500000238418579     -0.1500000059604645
     34.2947349548339844      1.3500000238418579     -0.2500000000000000
     34.2947349548339844      1.3500000238418579     -0.3499999940395355
     34.2947349548339844      1.3500000238418579     -0.4499999880790710
     34.2947349548339844      1.3500000238418579     -0.5500000119209290
     34.2947349548339844      1.3500000238418579     -0.6499999761581421
     34.2947349548339844      1.3500000238418579     -0.7500000000000000
     34.2947349548339844      1.3500000238418579     -0.8500000238418579
     34.2947349548339844      1.3500000238418579     -0.9499999880790710
     32.2526321411132813      1.3500000238418579      0.9499999880790710
     32.2526321411132813      1.3500000238418579      0.8500000238418579
     32.2526321411132813      1.3500000238418579      0.7500000000000000
     32.2526321411132813      1.3500000238418579      0.6499999761581421
     32.2526321411132813      1.3500000238418579      0.5500000119209290
     32.2526321411132813      1.3500000238418579      0.4499999880790710
     32.2526321411132813      1.3500000238418579      0.3499999940395355
     32.2526321411132813      1.3500000238418579      0.2500000000000000
     32.2526321411132813      1.3500000238418579      0.1500000059604645
     32.2526321411132813      1.3500000238418579      0.0500000007450581
     32.2526321411132813      1.3500000238418579     -0.0500000007450581
     32.2526321411132813      1.3500000238418579     -0.1500000059604645
     32.2526321411132813      1.3500000238418579     -0.2500000000000000
     32.2526321411132813      1.3500000238418579     -0.3499999940395355
     32.2526321411132813      1.3500000238418579     -0.4499999880790710
     32.2526321411132813      1.3500000238418579     -0.5500000119209290
     32.2526321411132813      1.3500000238418579     -0.6499999761581421
     32.2526321411132813      1.3500000238418579     -0.7500000000000000
     32.2526321411132813      1.3500000238418579     -0.8500000238418579
     32.2526321411132813      1.3500000238418579     -0.9499999880790710
     30.2105255126953125      1.3500000238418579      0.9499999880790710
     30.2105255126953125      1.3500000238418579      0.8500000238418579
     30.2105255126953125      1.3500000238418579      0.7500000000000000
     30.2105255126953125      1.3500000238418579      0.6499999761581421
     30.2105255126953125      1.3500000238418579      0.5500000119209290
     30.2105255126953125      1.3500000238418579      0.4499999880790710
     30.2105255126953125      1.3500000238418579      0.3499999940395355
     30.2105255126953125      1.3500000238418579      0.2500000000000000
     30.2105255126953125      1.3500000238418579      0.1500000059604645
     30.2105255126953125      1.3500000238418579      0.0500000007450581
     30.2105255126953125      1.3500000238418579     -0.0500000007450581
     30.2105255126953125      1.3500000238418579     -0.1500000059604645
     30.2105255126953125      1.3500000238418579     -0.2500000000000000
     30.2105255126953125      1.3500000238418579     -0.3499999940395355
     30.2105255126953125      1.3500000238418579     -0.4499999880790710
     30.2105255126953125      1.3500000238418579     -0.5500000119209290
     30.2105255126953125      1.3500000238418579     -0.6499999761581421
     30.2105255126953125      1.3500000238418579     -0.7500000000000000
     30.2105255126953125      1.3500000238418579     -0.8500000238418579
     30.2105255126953125      1.3500000238418579     -0.9499999880790710
     28.1684207916259766      1.3500000238418579      0.9499999880790710
     28.1684207916259766      1.3500000238418579      0.8500000238418579
     28.1684207916259766      1.3500000238418579      0.7500000000000000
     28.1684207916259766      1.3500000238418579      0.6499999761581421
     28.1684207916259766      1.3500000238418579      0.5500000119209290
     28.1684207916259766      1.3500000238418579      0.4499999880790710
     28.1684207916259766      1.3500000238418579      0.3499999940395355
     28.1684207916259766      1.3500000238418579      0.2500000000000000
     28.1684207916259766      1.3500000238418579      0.1500000059604645
     28.1684207916259766      1.3500000238418579      0.0500000007450581
     28.1684207916259766      1.3500000238418579     -0.0500000007450581
     28.1684207916259766      1.3500000238418579     -0.1500000059604645
     28.1684207916259766      1.3500000238418579     -0.2500000000000000
     28.1684207916259766      1.3500000238418579     -0.3499999940395355
     28.1684207916259766      1.3500000238418579     -0.4499999880790710
     28.1684207916259766      1.3500000238418579     -0.5500000119209290
     28.1684207916259766      1.3500000238418579     -0.6499999761581421
     28.1684207916259766      1.3500000238418579     -0.7500000000000000
     28.1684207916259766      1.3500000238418579     -0.8500000238418579
     28.1684207916259766      1.3500000238418579     -0.9499999880790710
     26.1263160705566406      1.3500000238418579      0.9499999880790710
     26.1263160705566406      1.3500000238418579      0.8500000238418579
     26.1263160705566406      1.3500000238418579      0.7500000000000000
     26.1263160705566406      1.3500000238418579      0.6499999761581421
     26.1263160705566406      1.3500000238418579      0.5500000119209290
     26.1263160705566406      1.3500000238418579      0.4499999880790710
     26.1263160705566406      1.3500000238418579      0.3499999940395355
     26.1263160705566406      1.3500000238418579      0.2500000000000000
     26.1263160705566406      1.3500000238418579      0.1500000059604645
     26.1263160705566406      1.3500000238418579      0.0500000007450581
     26.1263160705566406      1.3500000238418579     -0.0500000007450581
     26.1263160705566406      1.3500000238418579     -0.1500000059604645
     26.1263160705566406      1.3500000238418579     -0.2500000000000000
     26.1263160705566406      1.3500000238418579     -0.3499999940395355
     26.1263160705566406      1.3500000238418579     -0.4499999880790710
     26.1263160705566406      1.3500000238418579     -0.5500000119209290
     26.1263160705566406      1.3500000238418579     -0.6499999761581421
     26.1263160705566406      1.3500000238418579     -0.7500000000000000
     26.1263160705566406      1.3500000238418579     -0.8500000238418579
     26.1263160705566406      1.3500000238418579     -0.9499999880790710
     24.0842113494873047      1.3500000238418579      0.9499999880790710
     24.0842113494873047      1.3500000238418579      0.8500000238418579
     24.0842113494873047      1.3500000238418579      0.7500000000000000
     24.0842113494873047      1.3500000238418579      0.6499999761581421
     24.0842113494873047      1.3500000238418579      0.5500000119209290
     24.0842113494873047      1.3500000238418579      0.4499999880790710
     24.0842113494873047      1.3500000238418579      0.3499999940395355
     24.0842113494873047      1.3500000238418579      0.2500000000000000
     24.0842113494873047      1.3500000238418579      0.1500000059604645
     24.0842113494873047      1.3500000238418579      0.0500000007450581
     24.0842113494873047      1.3500000238418579     -0.0500000007450581
     24.0842113494873047      1.3500000238418579     -0.1500000059604645
     24.0842113494873047      1.3500000238418579     -0.2500000000000000
     24.0842113494873047      1.3500000238418579     -0.3499999940395355
     24.0842113494873047      1.3500000238418579     -0.4499999880790710
     24.0842113494873047      1.3500000238418579     -0.5500000119209290
     24.0842113494873047      1.3500000238418579     -0.6499999761581421
     24.0842113494873047      1.3500000238418579     -0.7500000000000000
     24.0842113494873047      1.3500000238418579     -0.8500000238418579
     24.0842113494873047      1.3500000238418579     -0.9499999880790710
     22.0421047210693359      1.3500000238418579      0.9499999880790710
     22.0421047210693359      1.3500000238418579      0.8500000238418579
     22.0421047210693359      1.3500000238418579      0.7500000000000000
     22.0421047210693359      1.3500000238418579      0.6499999761581421
     22.0421047210693359      1.3500000238418579      0.5500000119209290
     22.0421047210693359      1.3500000238418579      0.4499999880790710
     22.0421047210693359      1.3500000238418579      0.3499999940395355
     22.0421047210693359      1.3500000238418579      0.2500000000000000
     22.0421047210693359      1.3500000238418579      0.1500000059604645
     22.0421047210693359      1.3500000238418579      0.0500000007450581
     22.0421047210693359      1.3500000238418579     -0.0500000007450581
     22.0421047210693359      1.3500000238418579     -0.1500000059604645
     22.0421047210693359      1.3500000238418579     -0.2500000000000000
     22.0421047210693359      1.3500000238418579     -0.3499999940395355
     22.0421047210693359      1.3500000238418579     -0.4499999880790710
     22.0421047210693359      1.3500000238418579     -0.5500000119209290
     22.0421047210693359      1.3500000238418579     -0.6499999761581421
     22.0421047210693359      1.3500000238418579     -0.7500000000000000
     22.0421047210693359      1.3500000238418579     -0.8500000238418579
     22.0421047210693359      1.3500000238418579     -0.9499999880790710
     20.0000000000000000      1.3500000238418579      0.9499999880790710
     20.0000000000000000      1.3500000238418579      0.8500000238418579
     20.0000000000000000      1.3500000238418579      0.7500000000000000
     20.0000000000000000      1.3500000238418579      0.6499999761581421
     20.0000000000000000      1.3500000238418579      0.5500000119209290
     20.0000000000000000      1.3500000238418579      0.4499999880790710
     20.0000000000000000      1.3500000238418579      0.3499999940395355
     20.0000000000000000      1.3500000238418579      0.2500000000000000
     20.0000000000000000      1.3500000238418579      0.1500000059604645
     20.0000000000000000      1.3500000238418579      0.0500000007450581
     20.0000000000000000      1.3500000238418579     -0.0500000007450581
     20.0000000000000000      1.3500000238418579     -0.1500000059604645
     20.0000000000000000      1.3500000238418579     -0.2500000000000000
     20.0000000000000000      1.3500000238418579     -0.3499999940395355
     20.0000000000000000      1.3500000238418579     -0.4499999880790710
     20.0000000000000000      1.3500000238418579     -0.5500000119209290
     20.0000000000000000      1.3500000238418579     -0.6499999761581421
     20.0000000000000000      1.3500000238418579     -0.7500000000000000
     20.0000000000000000      1.3500000238418579     -0.8500000238418579
     20.0000000000000000      1.3500000238418579     -0.9499999880790710
     18.9473686218261719      1.2789473533630371      0.8473684191703796
     18.9473686218261719      1.2789473533630371      0.7526316046714783
     18.9473686218261719      1.2789473533630371      0.6578947305679321
     18.9473686218261719      1.2789473533630371      0.5631579160690308
     18.9473686218261719      1.2789473533630371      0.4684210419654846
     18.9473686218261719      1.2789473533630371      0.3736841976642609
     18.9473686218261719      1.2789473533630371      0.2789473831653595
     18.9473686218261719      1.2789473533630371      0.1842105239629745
     18.9473686218261719      1.2789473533630371      0.0894736871123314
     18.9473686218261719      1.2789473533630371     -0.0052631581202149
     18.9473686218261719      1.2789473533630371     -0.1000000014901161
     18.9473686218261719      1.2789473533630371     -0.1947368383407593
     18.9473686218261719      1.2789473533630371     -0.2894736826419830
     18.9473686218261719      1.2789473533630371     -0.3842105269432068
     18.9473686218261719      1.2789473533630371     -0.4789473712444305
     18.9473686218261719      1.2789473533630371     -0.5736842155456543
     18.9473686218261719      1.2789473533630371     -0.6684210300445557
     18.9473686218261719      1.2789473533630371     -0.7631579041481018
     18.9473686218261719      1.2789473533630371     -0.8578947186470032
     18.9473686218261719      1.2789473533630371     -0.9526315927505493
     17.8947372436523438      1.2078946828842163      0.7447368502616882
     17.8947372436523438      1.2078946828842163      0.6552631855010986
     17.8947372436523438      1.2078946828842163      0.5657894611358643
     17.8947372436523438      1.2078946828842163      0.4763157963752747
     17.8947372436523438      1.2078946828842163      0.3868421018123627
     17.8947372436523438      1.2078946828842163      0.2973684072494507
     17.8947372436523438      1.2078946828842163      0.2078947424888611
     17.8947372436523438      1.2078946828842163      0.1184210553765297
     17.8947372436523438      1.2078946828842163      0.0289473682641983
     17.8947372436523438      1.2078946828842163     -0.0605263151228428
     17.8947372436523438      1.2078946828842163     -0.1500000059604645
     17.8947372436523438      1.2078946828842163     -0.2394736856222153
     17.8947372436523438      1.2078946828842163     -0.3289473652839661
     17.8947372436523438      1.2078946828842163     -0.4184210598468781
     17.8947372436523438      1.2078946828842163     -0.5078947544097900
     17.8947372436523438      1.2078946828842163     -0.5973684191703796
     17.8947372436523438      1.2078946828842163     -0.6868420839309692
     17.8947372436523438      1.2078946828842163     -0.7763158082962036
     17.8947372436523438      1.2078946828842163     -0.8657894730567932
     17.8947372436523438      1.2078946828842163     -0.9552631378173828
     16.8421058654785156      1.1368421316146851      0.6421052813529968
     16.8421058654785156      1.1368421316146851      0.5578947663307190
     16.8421058654785156      1.1368421316146851      0.4736842215061188
     16.8421058654785156      1.1368421316146851      0.3894736766815186
     16.8421058654785156      1.1368421316146851      0.3052631616592407
     16.8421058654785156      1.1368421316146851      0.2210526317358017
     16.8421058654785156      1.1368421316146851      0.1368421018123627
     16.8421058654785156      1.1368421316146851      0.0526315793395042
     16.8421058654785156      1.1368421316146851     -0.0315789468586445
     16.8421058654785156      1.1368421316146851     -0.1157894730567932
     16.8421058654785156      1.1368421316146851     -0.2000000029802322
     16.8421058654785156      1.1368421316146851     -0.2842105329036713
     16.8421058654785156      1.1368421316146851     -0.3684210479259491
     16.8421058654785156      1.1368421316146851     -0.4526315927505493
     16.8421058654785156      1.1368421316146851     -0.5368421077728271
     16.8421058654785156      1.1368421316146851     -0.6210526227951050
     16.8421058654785156      1.1368421316146851     -0.7052631378173828
     16.8421058654785156      1.1368421316146851     -0.7894737124443054
     16.8421058654785156      1.1368421316146851     -0.8736842274665833
     16.8421058654785156      1.1368421316146851     -0.9578947424888611
     15.7894735336303711      1.0657894611358643      0.5394737124443054
     15.7894735336303711      1.0657894611358643      0.4605263173580170
     15.7894735336303711      1.0657894611358643      0.3815789520740509
     15.7894735336303711      1.0657894611358643      0.3026315867900848
     15.7894735336303711      1.0657894611358643      0.2236842066049576
     15.7894735336303711      1.0657894611358643      0.1447368413209915
     15.7894735336303711      1.0657894611358643      0.0657894760370255
     15.7894735336303711      1.0657894611358643     -0.0131578948348761
     15.7894735336303711      1.0657894611358643     -0.0921052619814873
     15.7894735336303711      1.0657894611358643     -0.1710526347160339
     15.7894735336303711      1.0657894611358643     -0.2500000000000000
     15.7894735336303711      1.0657894611358643     -0.3289473652839661
     15.7894735336303711      1.0657894611358643     -0.4078947305679321
     15.7894735336303711      1.0657894611358643     -0.4868420958518982
     15.7894735336303711      1.0657894611358643     -0.5657894611358643
     15.7894735336303711      1.0657894611358643     -0.6447368264198303
     15.7894735336303711      1.0657894611358643     -0.7236841917037964
     15.7894735336303711      1.0657894611358643     -0.8026315569877625
     15.7894735336303711      1.0657894611358643     -0.8815789222717285
     15.7894735336303711      1.0657894611358643     -0.9605262875556946
     14.7368421554565430      0.9947368502616882      0.4368421137332916
     14.7368421554565430      0.9947368502616882      0.3631578981876373
     14.7368421554565430      0.9947368502616882      0.2894736826419830
     14.7368421554565430      0.9947368502616882      0.2157894670963287
     14.7368421554565430      0.9947368502616882      0.1421052664518356
     14.7368421554565430      0.9947368502616882      0.0684210509061813
     14.7368421554565430      0.9947368502616882     -0.0052631581202149
     14.7368421554565430      0.9947368502616882     -0.0789473652839661
     14.7368421554565430      0.9947368502616882     -0.1526315808296204
     14.7368421554565430      0.9947368502616882     -0.2263157963752747
     14.7368421554565430      0.9947368502616882     -0.3000000119209290
     14.7368421554565430      0.9947368502616882     -0.3736841976642609
     14.7368421554565430      0.9947368502616882     -0.4473684132099152
     14.7368421554565430      0.9947368502616882     -0.5210526585578918
     14.7368421554565430      0.9947368502616882     -0.5947368144989014
     14.7368421554565430      0.9947368502616882     -0.6684210300445557
     14.7368421554565430      0.9947368502616882     -0.7421052455902100
     14.7368421554565430      0.9947368502616882     -0.8157894611358643
     14.7368421554565430      0.9947368502616882     -0.8894736766815186
     14.7368421554565430      0.9947368502616882     -0.9631578922271729
     13.6842107772827148      0.9236842393875122      0.3342105150222778
     13.6842107772827148      0.9236842393875122      0.2657894790172577
     13.6842107772827148      0.9236842393875122      0.1973684281110764
     13.6842107772827148      0.9236842393875122      0.1289473623037338
     13.6842107772827148      0.9236842393875122      0.0605263151228428
     13.6842107772827148      0.9236842393875122     -0.0078947367146611
     13.6842107772827148      0.9236842393875122     -0.0763157904148102
     13.6842107772827148      0.9236842393875122     -0.1447368413209915
     13.6842107772827148      0.9236842393875122     -0.2131578922271729
     13.6842107772827148      0.9236842393875122     -0.2815789580345154
     13.6842107772827148      0.9236842393875122     -0.3499999940395355
     13.6842107772827148      0.9236842393875122     -0.4184210598468781
     13.6842107772827148      0.9236842393875122     -0.4868420958518982
     13.6842107772827148      0.9236842393875122     -0.5552631616592407
     13.6842107772827148      0.9236842393875122     -0.6236842274665833
     13.6842107772827148      0.9236842393875122     -0.6921052336692810
     13.6842107772827148      0.9236842393875122     -0.7605262994766235
     13.6842107772827148      0.9236842393875122     -0.8289473652839661
     13.6842107772827148      0.9236842393875122     -0.8973684310913086
     13.6842107772827148      0.9236842393875122     -0.9657894968986511
     12.6315793991088867      0.8526315689086914      0.2315789461135864
     12.6315793991088867      0.8526315689086914      0.1684210598468781
     12.6315793991088867      0.8526315689086914      0.1052631586790085
     12.6315793991088867      0.8526315689086914      0.0421052649617195
     12.6315793991088867      0.8526315689086914     -0.0210526324808598
     12.6315793991088867      0.8526315689086914     -0.0842105299234390
     12.6315793991088867      0.8526315689086914     -0.1473684161901474
     12.6315793991088867      0.8526315689086914     -0.2105263173580170
     12.6315793991088867      0.8526315689086914     -0.2736842036247253
     12.6315793991088867      0.8526315689086914     -0.3368421196937561
     12.6315793991088867      0.8526315689086914     -0.4000000059604645
     12.6315793991088867      0.8526315689086914     -0.4631578922271729
     12.6315793991088867      0.8526315689086914     -0.5263158082962036
     12.6315793991088867      0.8526315689086914     -0.5894736647605896
     12.6315793991088867      0.8526315689086914     -0.6526315808296204
     12.6315793991088867      0.8526315689086914     -0.7157894968986511
     12.6315793991088867      0.8526315689086914     -0.7789473533630371
     12.6315793991088867      0.8526315689086914     -0.8421052694320679
     12.6315793991088867      0.8526315689086914     -0.9052631855010986
     12.6315793991088867      0.8526315689086914     -0.9684210419654846
     11.5789470672607422      0.7815789580345154      0.1289473623037338
     11.5789470672607422      0.7815789580345154      0.0710526332259178
     11.5789470672607422      0.7815789580345154      0.0131578948348761
     11.5789470672607422      0.7815789580345154     -0.0447368435561657
     11.5789470672607422      0.7815789580345154     -0.1026315763592720
     11.5789470672607422      0.7815789580345154     -0.1605263203382492
     11.5789470672607422      0.7815789580345154     -0.2184210568666458
     11.5789470672607422      0.7815789580345154     -0.2763157784938812
     11.5789470672607422      0.7815789580345154     -0.3342105150222778
     11.5789470672607422      0.7815789580345154     -0.3921052515506744
     11.5789470672607422      0.7815789580345154     -0.4499999880790710
     11.5789470672607422      0.7815789580345154     -0.5078947544097900
     11.5789470672607422      0.7815789580345154     -0.5657894611358643
     11.5789470672607422      0.7815789580345154     -0.6236842274665833
     11.5789470672607422      0.7815789580345154     -0.6815789341926575
     11.5789470672607422      0.7815789580345154     -0.7394737005233765
     11.5789470672607422      0.7815789580345154     -0.7973684072494507
     11.5789470672607422      0.7815789580345154     -0.8552631735801697
     11.5789470672607422      0.7815789580345154     -0.9131578803062439
     11.5789470672607422      0.7815789580345154     -0.9710526466369629
     10.5263156890869141      0.7105262875556946      0.0263157896697521
     10.5263156890869141      0.7105262875556946     -0.0263157896697521
     10.5263156890869141      0.7105262875556946     -0.0789473652839661
     10.5263156890869141      0.7105262875556946     -0.1315789520740509
     10.5263156890869141      0.7105262875556946     -0.1842105239629745
     10.5263156890869141      0.7105262875556946     -0.2368421107530594
     10.5263156890869141      0.7105262875556946     -0.2894736826419830
     10.5263156890869141      0.7105262875556946     -0.3421052694320679
     10.5263156890869141      0.7105262875556946     -0.3947368562221527
     10.5263156890869141      0.7105262875556946     -0.4473684132099152
     10.5263156890869141      0.7105262875556946     -0.5000000000000000
     10.5263156890869141      0.7105262875556946     -0.5526315569877625
     10.5263156890869141      0.7105262875556946     -0.6052631735801697
     10.5263156890869141      0.7105262875556946     -0.6578947305679321
     10.5263156890869141      0.7105262875556946     -0.7105262875556946
     10.5263156890869141      0.7105262875556946     -0.7631579041481018
     10.5263156890869141      0.7105262875556946     -0.8157894611358643
     10.5263156890869141      0.7105262875556946     -0.8684210777282715
     10.5263156890869141      0.7105262875556946     -0.9210526347160339
     10.5263156890869141      0.7105262875556946     -0.9736841917037964
      9.4736843109130859      0.6394736766815186     -0.0763157904148102
      9.4736843109130859      0.6394736766815186     -0.1236842125654221
      9.4736843109130859      0.6394736766815186     -0.1710526347160339
      9.4736843109130859      0.6394736766815186     -0.2184210568666458
      9.4736843109130859      0.6394736766815186     -0.2657894790172577
      9.4736843109130859      0.6394736766815186     -0.3131578862667084
      9.4736843109130859      0.6394736766815186     -0.3605263233184814
      9.4736843109130859      0.6394736766815186     -0.4078947305679321
      9.4736843109130859      0.6394736766815186     -0.4552631676197052
      9.4736843109130859      0.6394736766815186     -0.5026316046714783
      9.4736843109130859      0.6394736766815186     -0.5500000119209290
      9.4736843109130859      0.6394736766815186     -0.5973684191703796
      9.4736843109130859      0.6394736766815186     -0.6447368264198303
      9.4736843109130859      0.6394736766815186     -0.6921052336692810
      9.4736843109130859      0.6394736766815186     -0.7394737005233765
      9.4736843109130859      0.6394736766815186     -0.7868421077728271
      9.4736843109130859      0.6394736766815186     -0.8342105150222778
      9.4736843109130859      0.6394736766815186     -0.8815789222717285
      9.4736843109130859      0.6394736766815186     -0.9289473891258240
      9.4736843109130859      0.6394736766815186     -0.9763157963752747
      8.4210529327392578      0.5684210658073425     -0.1789473742246628
      8.4210529327392578      0.5684210658073425     -0.2210526317358017
      8.4210529327392578      0.5684210658073425     -0.2631579041481018
      8.4210529327392578      0.5684210658073425     -0.3052631616592407
      8.4210529327392578      0.5684210658073425     -0.3473684191703796
      8.4210529327392578      0.5684210658073425     -0.3894736766815186
      8.4210529327392578      0.5684210658073425     -0.4315789341926575
      8.4210529327392578      0.5684210658073425     -0.4736842215061188
      8.4210529327392578      0.5684210658073425     -0.5157894492149353
      8.4210529327392578      0.5684210658073425     -0.5578947663307190
      8.4210529327392578      0.5684210658073425     -0.6000000238418579
      8.4210529327392578      0.5684210658073425     -0.6421052813529968
      8.4210529327392578      0.5684210658073425     -0.6842105388641357
      8.4210529327392578      0.5684210658073425     -0.7263157963752747
      8.4210529327392578      0.5684210658073425     -0.7684210538864136
      8.4210529327392578      0.5684210658073425     -0.8105263113975525
      8.4210529327392578      0.5684210658073425     -0.8526315689086914
      8.4210529327392578      0.5684210658073425     -0.8947368264198303
      8.4210529327392578      0.5684210658073425     -0.9368420839309692
      8.4210529327392578      0.5684210658073425     -0.9789473414421082
      7.3684210777282715      0.4973684251308441     -0.2815789580345154
      7.3684210777282715      0.4973684251308441     -0.3184210658073425
      7.3684210777282715      0.4973684251308441     -0.3552631437778473
      7.3684210777282715      0.4973684251308441     -0.3921052515506744
      7.3684210777282715      0.4973684251308441     -0.4289473593235016
      7.3684210777282715      0.4973684251308441     -0.4657894670963287
      7.3684210777282715      0.4973684251308441     -0.5026316046714783
      7.3684210777282715      0.4973684251308441     -0.5394737124443054
      7.3684210777282715      0.4973684251308441     -0.5763157606124878
      7.3684210777282715      0.4973684251308441     -0.6131578683853149
      7.3684210777282715      0.4973684251308441     -0.6499999761581421
      7.3684210777282715      0.4973684251308441     -0.6868420839309692
      7.3684210777282715      0.4973684251308441     -0.7236841917037964
      7.3684210777282715      0.4973684251308441     -0.7605262994766235
      7.3684210777282715      0.4973684251308441     -0.7973684072494507
      7.3684210777282715      0.4973684251308441     -0.8342105150222778
      7.3684210777282715      0.4973684251308441     -0.8710526227951050
      7.3684210777282715      0.4973684251308441     -0.9078947305679321
      7.3684210777282715      0.4973684251308441     -0.9447368383407593
      7.3684210777282715      0.4973684251308441     -0.9815789461135864
      6.3157896995544434      0.4263157844543457     -0.3842105269432068
      6.3157896995544434      0.4263157844543457     -0.4157894849777222
      6.3157896995544434      0.4263157844543457     -0.4473684132099152
      6.3157896995544434      0.4263157844543457     -0.4789473712444305
      6.3157896995544434      0.4263157844543457     -0.5105262994766235
      6.3157896995544434      0.4263157844543457     -0.5421052575111389
      6.3157896995544434      0.4263157844543457     -0.5736842155456543
      6.3157896995544434      0.4263157844543457     -0.6052631735801697
      6.3157896995544434      0.4263157844543457     -0.6368421316146851
      6.3157896995544434      0.4263157844543457     -0.6684210300445557
      6.3157896995544434      0.4263157844543457     -0.6999999880790710
      6.3157896995544434      0.4263157844543457     -0.7315789461135864
      6.3157896995544434      0.4263157844543457     -0.7631579041481018
      6.3157896995544434      0.4263157844543457     -0.7947368621826172
      6.3157896995544434      0.4263157844543457     -0.8263157606124878
      6.3157896995544434      0.4263157844543457     -0.8578947186470032
      6.3157896995544434      0.4263157844543457     -0.8894736766815186
      6.3157896995544434      0.4263157844543457     -0.9210526347160339
      6.3157896995544434      0.4263157844543457     -0.9526315927505493
      6.3157896995544434      0.4263157844543457     -0.9842105507850647
      5.2631578445434570      0.3552631437778473     -0.4868420958518982
      5.2631578445434570      0.3552631437778473     -0.5131579041481018
      5.2631578445434570      0.3552631437778473     -0.5394737124443054
      5.2631578445434570      0.3552631437778473     -0.5657894611358643
      5.2631578445434570      0.3552631437778473     -0.5921052694320679
      5.2631578445434570      0.3552631437778473     -0.6184210777282715
      5.2631578445434570      0.3552631437778473     -0.6447368264198303
      5.2631578445434570      0.3552631437778473     -0.6710526347160339
      5.2631578445434570      0.3552631437778473     -0.6973684430122375
      5.2631578445434570      0.3552631437778473     -0.7236841917037964
      5.2631578445434570      0.3552631437778473     -0.7500000000000000
      5.2631578445434570      0.3552631437778473     -0.7763158082962036
      5.2631578445434570      0.3552631437778473     -0.8026315569877625
      5.2631578445434570      0.3552631437778473     -0.8289473652839661
      5.2631578445434570      0.3552631437778473     -0.8552631735801697
      5.2631578445434570      0.3552631437778473     -0.8815789222717285
      5.2631578445434570      0.3552631437778473     -0.9078947305679321
      5.2631578445434570      0.3552631437778473     -0.9342105388641357
      5.2631578445434570      0.3552631437778473     -0.9605262875556946
      5.2631578445434570      0.3552631437778473     -0.9868420958518982
      4.2105264663696289      0.2842105329036713     -0.5894736647605896
      4.2105264663696289      0.2842105329036713     -0.6105263233184814
      4.2105264663696289      0.2842105329036713     -0.6315789222717285
      4.2105264663696289      0.2842105329036713     -0.6526315808296204
      4.2105264663696289      0.2842105329036713     -0.6736842393875122
      4.2105264663696289      0.2842105329036713     -0.6947368383407593
      4.2105264663696289      0.2842105329036713     -0.7157894968986511
      4.2105264663696289      0.2842105329036713     -0.7368420958518982
      4.2105264663696289      0.2842105329036713     -0.7578947544097900
      4.2105264663696289      0.2842105329036713     -0.7789473533630371
      4.2105264663696289      0.2842105329036713     -0.8000000119209290
      4.2105264663696289      0.2842105329036713     -0.8210526108741760
      4.2105264663696289      0.2842105329036713     -0.8421052694320679
      4.2105264663696289      0.2842105329036713     -0.8631578683853149
      4.2105264663696289      0.2842105329036713     -0.8842105269432068
      4.2105264663696289      0.2842105329036713     -0.9052631855010986
      4.2105264663696289      0.2842105329036713     -0.9263157844543457
      4.2105264663696289      0.2842105329036713     -0.9473684430122375
      4.2105264663696289      0.2842105329036713     -0.9684210419654846
      4.2105264663696289      0.2842105329036713     -0.9894737005233765
      3.1578948497772217      0.2131578922271729     -0.6921052336692810
      3.1578948497772217      0.2131578922271729     -0.7078947424888611
      3.1578948497772217      0.2131578922271729     -0.7236841917037964
      3.1578948497772217      0.2131578922271729     -0.7394737005233765
      3.1578948497772217      0.2131578922271729     -0.7552631497383118
      3.1578948497772217      0.2131578922271729     -0.7710526585578918
      3.1578948497772217      0.2131578922271729     -0.7868421077728271
      3.1578948497772217      0.2131578922271729     -0.8026315569877625
      3.1578948497772217      0.2131578922271729     -0.8184210658073425
      3.1578948497772217      0.2131578922271729     -0.8342105150222778
      3.1578948497772217      0.2131578922271729     -0.8500000238418579
      3.1578948497772217      0.2131578922271729     -0.8657894730567932
      3.1578948497772217      0.2131578922271729     -0.8815789222717285
      3.1578948497772217      0.2131578922271729     -0.8973684310913086
      3.1578948497772217      0.2131578922271729     -0.9131578803062439
      3.1578948497772217      0.2131578922271729     -0.9289473891258240
      3.1578948497772217      0.2131578922271729     -0.9447368383407593
      3.1578948497772217      0.2131578922271729     -0.9605262875556946
      3.1578948497772217      0.2131578922271729     -0.9763157963752747
      3.1578948497772217      0.2131578922271729     -0.9921052455902100
      2.1052632331848145      0.1421052664518356     -0.7947368621826172
      2.1052632331848145      0.1421052664518356     -0.8052631616592407
      2.1052632331848145      0.1421052664518356     -0.8157894611358643
      2.1052632331848145      0.1421052664518356     -0.8263157606124878
      2.1052632331848145      0.1421052664518356     -0.8368421196937561
      2.1052632331848145      0.1421052664518356     -0.8473684191703796
      2.1052632331848145      0.1421052664518356     -0.8578947186470032
      2.1052632331848145      0.1421052664518356     -0.8684210777282715
      2.1052632331848145      0.1421052664518356     -0.8789473772048950
      2.1052632331848145      0.1421052664518356     -0.8894736766815186
      2.1052632331848145      0.1421052664518356     -0.8999999761581421
      2.1052632331848145      0.1421052664518356     -0.9105263352394104
      2.1052632331848145      0.1421052664518356     -0.9210526347160339
      2.1052632331848145      0.1421052664518356     -0.9315789341926575
      2.1052632331848145      0.1421052664518356     -0.9421052336692810
      2.1052632331848145      0.1421052664518356     -0.9526315927505493
      2.1052632331848145      0.1421052664518356     -0.9631578922271729
      2.1052632331848145      0.1421052664518356     -0.9736841917037964
      2.1052632331848145      0.1421052664518356     -0.9842105507850647
      2.1052632331848145      0.1421052664518356     -0.9947368502616882
      1.0526316165924072      0.0710526332259178     -0.8973684310913086
      1.0526316165924072      0.0710526332259178     -0.9026315808296204
      1.0526316165924072      0.0710526332259178     -0.9078947305679321
      1.0526316165924072      0.0710526332259178     -0.9131578803062439
      1.0526316165924072      0.0710526332259178     -0.9184210300445557
      1.0526316165924072      0.0710526332259178     -0.9236842393875122
      1.0526316165924072      0.0710526332259178     -0.9289473891258240
      1.0526316165924072      0.0710526332259178     -0.9342105388641357
      1.0526316165924072      0.0710526332259178     -0.9394736886024475
      1.0526316165924072      0.0710526332259178     -0.9447368383407593
      1.0526316165924072      0.0710526332259178     -0.9499999880790710
      1.0526316165924072      0.0710526332259178     -0.9552631378173828
      1.0526316165924072      0.0710526332259178     -0.9605262875556946
      1.0526316165924072      0.0710526332259178     -0.9657894968986511
      1.0526316165924072      0.0710526332259178     -0.9710526466369629
      1.0526316165924072      0.0710526332259178     -0.9763157963752747
      1.0526316165924072      0.0710526332259178     -0.9815789461135864
      1.0526316165924072      0.0710526332259178     -0.9868420958518982
      1.0526316165924072      0.0710526332259178     -0.9921052455902100
      1.0526316165924072      0.0710526332259178     -0.9973683953285217
      0.0000000000000000      0.0000000000000000     -1.0000000000000000
      0.0000000000000000      0.0000000000000000     -1.0000000000000000
      0.0000000000000000      0.0000000000000000     -1.0000000000000000
      0.0000000000000000      0.0000000000000000     -1.0000000000000000
      0.0000000000000000      0.0000000000000000     -1.0000000000000000
      0.0000000000000000      0.0000000000000000     -1.0000000000000000
      0.0000000000000000      0.0000000000000000     -1.0000000000000000
      0.0000000000000000      0.0000000000000000     -1.0000000000000000
      0.0000000000000000      0.0000000000000000     -1.0000000000000000
      0.0000000000000000      0.0000000000000000     -1.0000000000000000
      0.0000000000000000      0.0000000000000000     -1.0000000000000000
      0.0000000000000000      0.0000000000000000     -1.0000000000000000
      0.0000000000000000      0.0000000000000000     -1.0000000000000000
      0.0000000000000000      0.0000000000000000     -1.0000000000000000
      0.0000000000000000      0.0000000000000000     -1.0000000000000000
      0.0000000000000000      0.0000000000000000     -1.0000000000000000
      0.0000000000000000      0.0000000000000000     -1.0000000000000000
      0.0000000000000000      0.0000000000000000     -1.0000000000000000
      0.0000000000000000      0.0000000000000000     -1.0000000000000000
      0.0000000000000000      0.0000000000000000     -1.0000000000000000
 zone  i=          58  j=          20 k=           1
      0.0000000000000000      0.0000000000000000     -1.0000000000000000
      1.0526316165924072      0.0000000000000000     -1.0000000000000000
      2.1052632331848145      0.0000000000000000     -1.0000000000000000
      3.1578948497772217      0.0000000000000000     -1.0000000000000000
      4.2105264663696289      0.0000000000000000     -1.0000000000000000
      5.2631578445434570      0.0000000000000000     -1.0000000000000000
      6.3157896995544434      0.0000000000000000     -1.0000000000000000
      7.3684210777282715      0.0000000000000000     -1.0000000000000000
      8.4210529327392578      0.0000000000000000     -1.0000000000000000
      9.4736843109130859      0.0000000000000000     -1.0000000000000000
     10.5263156890869141      0.0000000000000000     -1.0000000000000000
     11.5789470672607422      0.0000000000000000     -1.0000000000000000
     12.6315793991088867      0.0000000000000000     -1.0000000000000000
     13.6842107772827148      0.0000000000000000     -1.0000000000000000
     14.7368421554565430      0.0000000000000000     -1.0000000000000000
     15.7894735336303711      0.0000000000000000     -1.0000000000000000
     16.8421058654785156      0.0000000000000000     -1.0000000000000000
     17.8947372436523438      0.0000000000000000     -1.0000000000000000
     18.9473686218261719      0.0000000000000000     -1.0000000000000000
     20.0000000000000000      0.0000000000000000     -1.0000000000000000
     22.0421047210693359      0.0000000000000000     -1.0000000000000000
     24.0842113494873047      0.0000000000000000     -1.0000000000000000
     26.1263160705566406      0.0000000000000000     -1.0000000000000000
     28.1684207916259766      0.0000000000000000     -1.0000000000000000
     30.2105255126953125      0.0000000000000000     -1.0000000000000000
     32.2526321411132813      0.0000000000000000     -1.0000000000000000
     34.2947349548339844      0.0000000000000000     -1.0000000000000000
     36.3368415832519531      0.0000000000000000     -1.0000000000000000
     38.3789482116699219      0.0000000000000000     -1.0000000000000000
     40.4210510253906250      0.0000000000000000     -1.0000000000000000
     42.4631576538085938      0.0000000000000000     -1.0000000000000000
     44.5052642822265625      0.0000000000000000     -1.0000000000000000
     46.5473670959472656      0.0000000000000000     -1.0000000000000000
     48.5894737243652344      0.0000000000000000     -1.0000000000000000
     50.6315803527832031      0.0000000000000000     -1.0000000000000000
     52.6736831665039063      0.0000000000000000     -1.0000000000000000
     54.7157897949218750      0.0000000000000000     -1.0000000000000000
     56.7578964233398438      0.0000000000000000     -1.0000000000000000
     58.7999992370605469      0.0000000000000000     -1.0000000000000000
     59.4947357177734375      0.0000000000000000     -0.8947368264198303
     60.1894721984863281      0.0000000000000000     -0.7894737124443054
     60.8842086791992188      0.0000000000000000     -0.6842105388641357
     61.5789489746093750      0.0000000000000000     -0.5789473652839661
     62.2736854553222656      0.0000000000000000     -0.4736842215061188
     62.9684219360351563      0.0000000000000000     -0.3684210479259491
     63.6631584167480469      0.0000000000000000     -0.2631579041481018
     64.3578948974609375      0.0000000000000000     -0.1578947305679321
     65.0526351928710938      0.0000000000000000     -0.0526315793395042
     65.7473678588867188      0.0000000000000000      0.0526315793395042
     66.4421081542968750      0.0000000000000000      0.1578947305679321
     67.1368408203125000      0.0000000000000000      0.2631579041481018
     67.8315811157226563      0.0000000000000000      0.3684210479259491
     68.5263137817382813      0.0000000000000000      0.4736842215061188
     69.2210540771484375      0.0000000000000000      0.5789473652839661
     69.9157867431640625      0.0000000000000000      0.6842105388641357
     70.6105270385742188      0.0000000000000000      0.7894737124443054
     71.3052597045898438      0.0000000000000000      0.8947368264198303
     72.0000000000000000      0.0000000000000000      1.0000000000000000
      0.0000000000000000      0.0000000000000000     -1.0000000000000000
      1.0526316165924072      0.0037396121770144     -0.9998614788055420
      2.1052632331848145      0.0074792243540287     -0.9997230172157288
      3.1578948497772217      0.0112188365310431     -0.9995844960212708
      4.2105264663696289      0.0149584487080574     -0.9994459748268127
      5.2631578445434570      0.0186980608850718     -0.9993074536323547
      6.3157896995544434      0.0224376730620861     -0.9991689920425415
      7.3684210777282715      0.0261772852391005     -0.9990304708480835
      8.4210529327392578      0.0299168974161148     -0.9988919496536255
      9.4736843109130859      0.0336565114557743     -0.9987534880638123
     10.5263156890869141      0.0373961217701435     -0.9986149668693542
     11.5789470672607422      0.0411357358098030     -0.9984764456748962
     12.6315793991088867      0.0448753461241722     -0.9983379244804382
     13.6842107772827148      0.0486149601638317     -0.9981994628906250
     14.7368421554565430      0.0523545704782009     -0.9980609416961670
     15.7894735336303711      0.0560941845178604     -0.9979224205017090
     16.8421058654785156      0.0598337948322296     -0.9977839589118958
     17.8947372436523438      0.0635734051465988     -0.9976454377174377
     18.9473686218261719      0.0673130229115486     -0.9975069165229797
     20.0000000000000000      0.0710526332259178     -0.9973683953285217
     22.0421047210693359      0.0710526332259178     -0.9973683953285217
     24.0842113494873047      0.0710526332259178     -0.9973683953285217
     26.1263160705566406      0.0710526332259178     -0.9973683953285217
     28.1684207916259766      0.0710526332259178     -0.9973683953285217
     30.2105255126953125      0.0710526332259178     -0.9973683953285217
     32.2526321411132813      0.0710526332259178     -0.9973683953285217
     34.2947349548339844      0.0710526332259178     -0.9973683953285217
     36.3368415832519531      0.0710526332259178     -0.9973683953285217
     38.3789482116699219      0.0710526332259178     -0.9973683953285217
     40.4210510253906250      0.0710526332259178     -0.9973683953285217
     42.4631576538085938      0.0710526332259178     -0.9973683953285217
     44.5052642822265625      0.0710526332259178     -0.9973683953285217
     46.5473670959472656      0.0710526332259178     -0.9973683953285217
     48.5894737243652344      0.0710526332259178     -0.9973683953285217
     50.6315803527832031      0.0710526332259178     -0.9973683953285217
     52.6736831665039063      0.0710526332259178     -0.9973683953285217
     54.7157897949218750      0.0710526332259178     -0.9973683953285217
     56.7578964233398438      0.0710526332259178     -0.9973683953285217
     58.7999992370605469      0.0710526332259178     -0.9973683953285217
     59.4947357177734375      0.0673130229115486     -0.8922437429428101
     60.1894721984863281      0.0635734051465988     -0.7871190905570984
     60.8842086791992188      0.0598337948322296     -0.6819944381713867
     61.5789489746093750      0.0560941845178604     -0.5768697857856750
     62.2736854553222656      0.0523545704782009     -0.4717451632022858
     62.9684219360351563      0.0486149601638317     -0.3666205108165741
     63.6631584167480469      0.0448753461241722     -0.2614958584308624
     64.3578948974609375      0.0411357358098030     -0.1563711911439896
     65.0526351928710938      0.0373961217701435     -0.0512465387582779
     65.7473678588867188      0.0336565114557743      0.0538781173527241
     66.4421081542968750      0.0299168974161148      0.1590027660131454
     67.1368408203125000      0.0261772852391005      0.2641274333000183
     67.8315811157226563      0.0224376730620861      0.3692520856857300
     68.5263137817382813      0.0186980608850718      0.4743767380714417
     69.2210540771484375      0.0149584487080574      0.5795013904571533
     69.9157867431640625      0.0112188365310431      0.6846260428428650
     70.6105270385742188      0.0074792243540287      0.7897506952285767
     71.3052597045898438      0.0037396121770144      0.8948753476142883
     72.0000000000000000      0.0000000000000000      1.0000000000000000
      0.0000000000000000      0.0000000000000000     -1.0000000000000000
      1.0526316165924072      0.0074792243540287     -0.9997230172157288
      2.1052632331848145      0.0149584487080574     -0.9994459748268127
      3.1578948497772217      0.0224376730620861     -0.9991689920425415
      4.2105264663696289      0.0299168974161148     -0.9988919496536255
      5.2631578445434570      0.0373961217701435     -0.9986149668693542
      6.3157896995544434      0.0448753461241722     -0.9983379244804382
      7.3684210777282715      0.0523545704782009     -0.9980609416961670
      8.4210529327392578      0.0598337948322296     -0.9977839589118958
      9.4736843109130859      0.0673130229115486     -0.9975069165229797
     10.5263156890869141      0.0747922435402870     -0.9972299337387085
     11.5789470672607422      0.0822714716196060     -0.9969528913497925
     12.6315793991088867      0.0897506922483444     -0.9966759085655212
     13.6842107772827148      0.0972299203276634     -0.9963988661766052
     14.7368421554565430      0.1047091409564018     -0.9961218833923340
     15.7894735336303711      0.1121883690357208     -0.9958449006080627
     16.8421058654785156      0.1196675896644592     -0.9955678582191467
     17.8947372436523438      0.1271468102931976     -0.9952908754348755
     18.9473686218261719      0.1346260458230972     -0.9950138330459595
     20.0000000000000000      0.1421052664518356     -0.9947368502616882
     22.0421047210693359      0.1421052664518356     -0.9947368502616882
     24.0842113494873047      0.1421052664518356     -0.9947368502616882
     26.1263160705566406      0.1421052664518356     -0.9947368502616882
     28.1684207916259766      0.1421052664518356     -0.9947368502616882
     30.2105255126953125      0.1421052664518356     -0.9947368502616882
     32.2526321411132813      0.1421052664518356     -0.9947368502616882
     34.2947349548339844      0.1421052664518356     -0.9947368502616882
     36.3368415832519531      0.1421052664518356     -0.9947368502616882
     38.3789482116699219      0.1421052664518356     -0.9947368502616882
     40.4210510253906250      0.1421052664518356     -0.9947368502616882
     42.4631576538085938      0.1421052664518356     -0.9947368502616882
     44.5052642822265625      0.1421052664518356     -0.9947368502616882
     46.5473670959472656      0.1421052664518356     -0.9947368502616882
     48.5894737243652344      0.1421052664518356     -0.9947368502616882
     50.6315803527832031      0.1421052664518356     -0.9947368502616882
     52.6736831665039063      0.1421052664518356     -0.9947368502616882
     54.7157897949218750      0.1421052664518356     -0.9947368502616882
     56.7578964233398438      0.1421052664518356     -0.9947368502616882
     58.7999992370605469      0.1421052664518356     -0.9947368502616882
     59.4947357177734375      0.1346260458230972     -0.8897507190704346
     60.1894721984863281      0.1271468102931976     -0.7847645282745361
     60.8842086791992188      0.1196675896644592     -0.6797783970832825
     61.5789489746093750      0.1121883690357208     -0.5747922658920288
     62.2736854553222656      0.1047091409564018     -0.4698061048984528
     62.9684219360351563      0.0972299203276634     -0.3648199439048767
     63.6631584167480469      0.0897506922483444     -0.2598337829113007
     64.3578948974609375      0.0822714716196060     -0.1548476517200470
     65.0526351928710938      0.0747922435402870     -0.0498614944517612
     65.7473678588867188      0.0673130229115486      0.0551246553659439
     66.4421081542968750      0.0598337948322296      0.1601108014583588
     67.1368408203125000      0.0523545704782009      0.2650969624519348
     67.8315811157226563      0.0448753461241722      0.3700830936431885
     68.5263137817382813      0.0373961217701435      0.4750692546367645
     69.2210540771484375      0.0299168974161148      0.5800554156303406
     69.9157867431640625      0.0224376730620861      0.6850415468215942
     70.6105270385742188      0.0149584487080574      0.7900276780128479
     71.3052597045898438      0.0074792243540287      0.8950138688087463
     72.0000000000000000      0.0000000000000000      1.0000000000000000
      0.0000000000000000      0.0000000000000000     -1.0000000000000000
      1.0526316165924072      0.0112188365310431     -0.9995844960212708
      2.1052632331848145      0.0224376730620861     -0.9991689920425415
      3.1578948497772217      0.0336565114557743     -0.9987534880638123
      4.2105264663696289      0.0448753461241722     -0.9983379244804382
      5.2631578445434570      0.0560941845178604     -0.9979224205017090
      6.3157896995544434      0.0673130229115486     -0.9975069165229797
      7.3684210777282715      0.0785318538546562     -0.9970914125442505
      8.4210529327392578      0.0897506922483444     -0.9966759085655212
      9.4736843109130859      0.1009695306420326     -0.9962604045867920
     10.5263156890869141      0.1121883690357208     -0.9958449006080627
     11.5789470672607422      0.1234071999788284     -0.9954293370246887
     12.6315793991088867      0.1346260458230972     -0.9950138330459595
     13.6842107772827148      0.1458448767662048     -0.9945983290672302
     14.7368421554565430      0.1570637077093124     -0.9941828250885010
     15.7894735336303711      0.1682825535535812     -0.9937673211097717
     16.8421058654785156      0.1795013844966888     -0.9933518171310425
     17.8947372436523438      0.1907202154397964     -0.9929363131523132
     18.9473686218261719      0.2019390612840652     -0.9925207495689392
     20.0000000000000000      0.2131578922271729     -0.9921052455902100
     22.0421047210693359      0.2131578922271729     -0.9921052455902100
     24.0842113494873047      0.2131578922271729     -0.9921052455902100
     26.1263160705566406      0.2131578922271729     -0.9921052455902100
     28.1684207916259766      0.2131578922271729     -0.9921052455902100
     30.2105255126953125      0.2131578922271729     -0.9921052455902100
     32.2526321411132813      0.2131578922271729     -0.9921052455902100
     34.2947349548339844      0.2131578922271729     -0.9921052455902100
     36.3368415832519531      0.2131578922271729     -0.9921052455902100
     38.3789482116699219      0.2131578922271729     -0.9921052455902100
     40.4210510253906250      0.2131578922271729     -0.9921052455902100
     42.4631576538085938      0.2131578922271729     -0.9921052455902100
     44.5052642822265625      0.2131578922271729     -0.9921052455902100
     46.5473670959472656      0.2131578922271729     -0.9921052455902100
     48.5894737243652344      0.2131578922271729     -0.9921052455902100
     50.6315803527832031      0.2131578922271729     -0.9921052455902100
     52.6736831665039063      0.2131578922271729     -0.9921052455902100
     54.7157897949218750      0.2131578922271729     -0.9921052455902100
     56.7578964233398438      0.2131578922271729     -0.9921052455902100
     58.7999992370605469      0.2131578922271729     -0.9921052455902100
     59.4947357177734375      0.2019390612840652     -0.8872576355934143
     60.1894721984863281      0.1907202154397964     -0.7824099659919739
     60.8842086791992188      0.1795013844966888     -0.6775623559951782
     61.5789489746093750      0.1682825535535812     -0.5727146863937378
     62.2736854553222656      0.1570637077093124     -0.4678670465946198
     62.9684219360351563      0.1458448767662048     -0.3630193769931793
     63.6631584167480469      0.1346260458230972     -0.2581717371940613
     64.3578948974609375      0.1234071999788284     -0.1533240973949432
     65.0526351928710938      0.1121883690357208     -0.0484764538705349
     65.7473678588867188      0.1009695306420326      0.0563711896538734
     66.4421081542968750      0.0897506922483444      0.1612188369035721
     67.1368408203125000      0.0785318538546562      0.2660664916038513
     67.8315811157226563      0.0673130229115486      0.3709141314029694
     68.5263137817382813      0.0560941845178604      0.4757617712020874
     69.2210540771484375      0.0448753461241722      0.5806094408035278
     69.9157867431640625      0.0336565114557743      0.6854570508003235
     70.6105270385742188      0.0224376730620861      0.7903047204017639
     71.3052597045898438      0.0112188365310431      0.8951523303985596
     72.0000000000000000      0.0000000000000000      1.0000000000000000
      0.0000000000000000      0.0000000000000000     -1.0000000000000000
      1.0526316165924072      0.0149584487080574     -0.9994459748268127
      2.1052632331848145      0.0299168974161148     -0.9988919496536255
      3.1578948497772217      0.0448753461241722     -0.9983379244804382
      4.2105264663696289      0.0598337948322296     -0.9977839589118958
      5.2631578445434570      0.0747922435402870     -0.9972299337387085
      6.3157896995544434      0.0897506922483444     -0.9966759085655212
      7.3684210777282715      0.1047091409564018     -0.9961218833923340
      8.4210529327392578      0.1196675896644592     -0.9955678582191467
      9.4736843109130859      0.1346260458230972     -0.9950138330459595
     10.5263156890869141      0.1495844870805740     -0.9944598078727722
     11.5789470672607422      0.1645429432392120     -0.9939058423042297
     12.6315793991088867      0.1795013844966888     -0.9933518171310425
     13.6842107772827148      0.1944598406553268     -0.9927977919578552
     14.7368421554565430      0.2094182819128036     -0.9922437667846680
     15.7894735336303711      0.2243767380714417     -0.9916897416114807
     16.8421058654785156      0.2393351793289185     -0.9911357164382935
     17.8947372436523438      0.2542936205863953     -0.9905816912651062
     18.9473686218261719      0.2692520916461945     -0.9900277256965637
     20.0000000000000000      0.2842105329036713     -0.9894737005233765
     22.0421047210693359      0.2842105329036713     -0.9894737005233765
     24.0842113494873047      0.2842105329036713     -0.9894737005233765
     26.1263160705566406      0.2842105329036713     -0.9894737005233765
     28.1684207916259766      0.2842105329036713     -0.9894737005233765
     30.2105255126953125      0.2842105329036713     -0.9894737005233765
     32.2526321411132813      0.2842105329036713     -0.9894737005233765
     34.2947349548339844      0.2842105329036713     -0.9894737005233765
     36.3368415832519531      0.2842105329036713     -0.9894737005233765
     38.3789482116699219      0.2842105329036713     -0.9894737005233765
     40.4210510253906250      0.2842105329036713     -0.9894737005233765
     42.4631576538085938      0.2842105329036713     -0.9894737005233765
     44.5052642822265625      0.2842105329036713     -0.9894737005233765
     46.5473670959472656      0.2842105329036713     -0.9894737005233765
     48.5894737243652344      0.2842105329036713     -0.9894737005233765
     50.6315803527832031      0.2842105329036713     -0.9894737005233765
     52.6736831665039063      0.2842105329036713     -0.9894737005233765
     54.7157897949218750      0.2842105329036713     -0.9894737005233765
     56.7578964233398438      0.2842105329036713     -0.9894737005233765
     58.7999992370605469      0.2842105329036713     -0.9894737005233765
     59.4947357177734375      0.2692520916461945     -0.8847645521163940
     60.1894721984863281      0.2542936205863953     -0.7800554037094116
     60.8842086791992188      0.2393351793289185     -0.6753462553024292
     61.5789489746093750      0.2243767380714417     -0.5706371068954468
     62.2736854553222656      0.2094182819128036     -0.4659279882907867
     62.9684219360351563      0.1944598406553268     -0.3612188398838043
     63.6631584167480469      0.1795013844966888     -0.2565096914768219
     64.3578948974609375      0.1645429432392120     -0.1518005579710007
     65.0526351928710938      0.1495844870805740     -0.0470914132893085
     65.7473678588867188      0.1346260458230972      0.0576177276670933
     66.4421081542968750      0.1196675896644592      0.1623268723487854
     67.1368408203125000      0.1047091409564018      0.2670360207557678
     67.8315811157226563      0.0897506922483444      0.3717451393604279
     68.5263137817382813      0.0747922435402870      0.4764542877674103
     69.2210540771484375      0.0598337948322296      0.5811634063720703
     69.9157867431640625      0.0448753461241722      0.6858725547790527
     70.6105270385742188      0.0299168974161148      0.7905817031860352
     71.3052597045898438      0.0149584487080574      0.8952908515930176
     72.0000000000000000      0.0000000000000000      1.0000000000000000
      0.0000000000000000      0.0000000000000000     -1.0000000000000000
      1.0526316165924072      0.0186980608850718     -0.9993074536323547
      2.1052632331848145      0.0373961217701435     -0.9986149668693542
      3.1578948497772217      0.0560941845178604     -0.9979224205017090
      4.2105264663696289      0.0747922435402870     -0.9972299337387085
      5.2631578445434570      0.0934903025627136     -0.9965373873710632
      6.3157896995544434      0.1121883690357208     -0.9958449006080627
      7.3684210777282715      0.1308864206075668     -0.9951523542404175
      8.4210529327392578      0.1495844870805740     -0.9944598078727722
      9.4736843109130859      0.1682825535535812     -0.9937673211097717
     10.5263156890869141      0.1869806051254272     -0.9930747747421265
     11.5789470672607422      0.2056786715984344     -0.9923822879791260
     12.6315793991088867      0.2243767380714417     -0.9916897416114807
     13.6842107772827148      0.2430747896432877     -0.9909972548484802
     14.7368421554565430      0.2617728412151337     -0.9903047084808350
     15.7894735336303711      0.2804709076881409     -0.9896121621131897
     16.8421058654785156      0.2991689741611481     -0.9889196753501892
     17.8947372436523438      0.3178670406341553     -0.9882271289825439
     18.9473686218261719      0.3365651071071625     -0.9875346422195435
     20.0000000000000000      0.3552631437778473     -0.9868420958518982
     22.0421047210693359      0.3552631437778473     -0.9868420958518982
     24.0842113494873047      0.3552631437778473     -0.9868420958518982
     26.1263160705566406      0.3552631437778473     -0.9868420958518982
     28.1684207916259766      0.3552631437778473     -0.9868420958518982
     30.2105255126953125      0.3552631437778473     -0.9868420958518982
     32.2526321411132813      0.3552631437778473     -0.9868420958518982
     34.2947349548339844      0.3552631437778473     -0.9868420958518982
     36.3368415832519531      0.3552631437778473     -0.9868420958518982
     38.3789482116699219      0.3552631437778473     -0.9868420958518982
     40.4210510253906250      0.3552631437778473     -0.9868420958518982
     42.4631576538085938      0.3552631437778473     -0.9868420958518982
     44.5052642822265625      0.3552631437778473     -0.9868420958518982
     46.5473670959472656      0.3552631437778473     -0.9868420958518982
     48.5894737243652344      0.3552631437778473     -0.9868420958518982
     50.6315803527832031      0.3552631437778473     -0.9868420958518982
     52.6736831665039063      0.3552631437778473     -0.9868420958518982
     54.7157897949218750      0.3552631437778473     -0.9868420958518982
     56.7578964233398438      0.3552631437778473     -0.9868420958518982
     58.7999992370605469      0.3552631437778473     -0.9868420958518982
     59.4947357177734375      0.3365651071071625     -0.8822714686393738
     60.1894721984863281      0.3178670406341553     -0.7777008414268494
     60.8842086791992188      0.2991689741611481     -0.6731302142143250
     61.5789489746093750      0.2804709076881409     -0.5685595273971558
     62.2736854553222656      0.2617728412151337     -0.4639889299869537
     62.9684219360351563      0.2430747896432877     -0.3594182729721069
     63.6631584167480469      0.2243767380714417     -0.2548476457595825
     64.3578948974609375      0.2056786715984344     -0.1502770036458969
     65.0526351928710938      0.1869806051254272     -0.0457063727080822
     65.7473678588867188      0.1682825535535812      0.0588642656803131
     66.4421081542968750      0.1495844870805740      0.1634349077939987
     67.1368408203125000      0.1308864206075668      0.2680055499076843
     67.8315811157226563      0.1121883690357208      0.3725761771202087
     68.5263137817382813      0.0934903025627136      0.4771468043327332
     69.2210540771484375      0.0747922435402870      0.5817174315452576
     69.9157867431640625      0.0560941845178604      0.6862881183624268
     70.6105270385742188      0.0373961217701435      0.7908587455749512
     71.3052597045898438      0.0186980608850718      0.8954293727874756
     72.0000000000000000      0.0000000000000000      1.0000000000000000
      0.0000000000000000      0.0000000000000000     -1.0000000000000000
      1.0526316165924072      0.0224376730620861     -0.9991689920425415
      2.1052632331848145      0.0448753461241722     -0.9983379244804382
      3.1578948497772217      0.0673130229115486     -0.9975069165229797
      4.2105264663696289      0.0897506922483444     -0.9966759085655212
      5.2631578445434570      0.1121883690357208     -0.9958449006080627
      6.3157896995544434      0.1346260458230972     -0.9950138330459595
      7.3684210777282715      0.1570637077093124     -0.9941828250885010
      8.4210529327392578      0.1795013844966888     -0.9933518171310425
      9.4736843109130859      0.2019390612840652     -0.9925207495689392
     10.5263156890869141      0.2243767380714417     -0.9916897416114807
     11.5789470672607422      0.2468143999576569     -0.9908587336540222
     12.6315793991088867      0.2692520916461945     -0.9900277256965637
     13.6842107772827148      0.2916897535324097     -0.9891966581344604
     14.7368421554565430      0.3141274154186249     -0.9883656501770020
     15.7894735336303711      0.3365651071071625     -0.9875346422195435
     16.8421058654785156      0.3590027689933777     -0.9867035746574402
     17.8947372436523438      0.3814404308795929     -0.9858725666999817
     18.9473686218261719      0.4038781225681305     -0.9850415587425232
     20.0000000000000000      0.4263157844543457     -0.9842105507850647
     22.0421047210693359      0.4263157844543457     -0.9842105507850647
     24.0842113494873047      0.4263157844543457     -0.9842105507850647
     26.1263160705566406      0.4263157844543457     -0.9842105507850647
     28.1684207916259766      0.4263157844543457     -0.9842105507850647
     30.2105255126953125      0.4263157844543457     -0.9842105507850647
     32.2526321411132813      0.4263157844543457     -0.9842105507850647
     34.2947349548339844      0.4263157844543457     -0.9842105507850647
     36.3368415832519531      0.4263157844543457     -0.9842105507850647
     38.3789482116699219      0.4263157844543457     -0.9842105507850647
     40.4210510253906250      0.4263157844543457     -0.9842105507850647
     42.4631576538085938      0.4263157844543457     -0.9842105507850647
     44.5052642822265625      0.4263157844543457     -0.9842105507850647
     46.5473670959472656      0.4263157844543457     -0.9842105507850647
     48.5894737243652344      0.4263157844543457     -0.9842105507850647
     50.6315803527832031      0.4263157844543457     -0.9842105507850647
     52.6736831665039063      0.4263157844543457     -0.9842105507850647
     54.7157897949218750      0.4263157844543457     -0.9842105507850647
     56.7578964233398438      0.4263157844543457     -0.9842105507850647
     58.7999992370605469      0.4263157844543457     -0.9842105507850647
     59.4947357177734375      0.4038781225681305     -0.8797783851623535
     60.1894721984863281      0.3814404308795929     -0.7753462791442871
     60.8842086791992188      0.3590027689933777     -0.6709141135215759
     61.5789489746093750      0.3365651071071625     -0.5664820075035095
     62.2736854553222656      0.3141274154186249     -0.4620498716831207
     62.9684219360351563      0.2916897535324097     -0.3576177358627319
     63.6631584167480469      0.2692520916461945     -0.2531856000423431
     64.3578948974609375      0.2468143999576569     -0.1487534642219543
     65.0526351928710938      0.2243767380714417     -0.0443213284015656
     65.7473678588867188      0.2019390612840652      0.0601108036935329
     66.4421081542968750      0.1795013844966888      0.1645429432392120
     67.1368408203125000      0.1570637077093124      0.2689750790596008
     67.8315811157226563      0.1346260458230972      0.3734072148799896
     68.5263137817382813      0.1121883690357208      0.4778393208980560
     69.2210540771484375      0.0897506922483444      0.5822714567184448
     69.9157867431640625      0.0673130229115486      0.6867036223411560
     70.6105270385742188      0.0448753461241722      0.7911357283592224
     71.3052597045898438      0.0224376730620861      0.8955678939819336
     72.0000000000000000      0.0000000000000000      1.0000000000000000
      0.0000000000000000      0.0000000000000000     -1.0000000000000000
      1.0526316165924072      0.0261772852391005     -0.9990304708480835
      2.1052632331848145      0.0523545704782009     -0.9980609416961670
      3.1578948497772217      0.0785318538546562     -0.9970914125442505
      4.2105264663696289      0.1047091409564018     -0.9961218833923340
      5.2631578445434570      0.1308864206075668     -0.9951523542404175
      6.3157896995544434      0.1570637077093124     -0.9941828250885010
      7.3684210777282715      0.1832409948110580     -0.9932132959365845
      8.4210529327392578      0.2094182819128036     -0.9922437667846680
      9.4736843109130859      0.2355955690145493     -0.9912742376327515
     10.5263156890869141      0.2617728412151337     -0.9903047084808350
     11.5789470672607422      0.2879501283168793     -0.9893351793289185
     12.6315793991088867      0.3141274154186249     -0.9883656501770020
     13.6842107772827148      0.3403047025203705     -0.9873961210250854
     14.7368421554565430      0.3664819896221161     -0.9864265918731689
     15.7894735336303711      0.3926592767238617     -0.9854570627212524
     16.8421058654785156      0.4188365638256073     -0.9844875335693359
     17.8947372436523438      0.4450138509273529     -0.9835180044174194
     18.9473686218261719      0.4711911380290985     -0.9825484752655029
     20.0000000000000000      0.4973684251308441     -0.9815789461135864
     22.0421047210693359      0.4973684251308441     -0.9815789461135864
     24.0842113494873047      0.4973684251308441     -0.9815789461135864
     26.1263160705566406      0.4973684251308441     -0.9815789461135864
     28.1684207916259766      0.4973684251308441     -0.9815789461135864
     30.2105255126953125      0.4973684251308441     -0.9815789461135864
     32.2526321411132813      0.4973684251308441     -0.9815789461135864
     34.2947349548339844      0.4973684251308441     -0.9815789461135864
     36.3368415832519531      0.4973684251308441     -0.9815789461135864
     38.3789482116699219      0.4973684251308441     -0.9815789461135864
     40.4210510253906250      0.4973684251308441     -0.9815789461135864
     42.4631576538085938      0.4973684251308441     -0.9815789461135864
     44.5052642822265625      0.4973684251308441     -0.9815789461135864
     46.5473670959472656      0.4973684251308441     -0.9815789461135864
     48.5894737243652344      0.4973684251308441     -0.9815789461135864
     50.6315803527832031      0.4973684251308441     -0.9815789461135864
     52.6736831665039063      0.4973684251308441     -0.9815789461135864
     54.7157897949218750      0.4973684251308441     -0.9815789461135864
     56.7578964233398438      0.4973684251308441     -0.9815789461135864
     58.7999992370605469      0.4973684251308441     -0.9815789461135864
     59.4947357177734375      0.4711911380290985     -0.8772853016853333
     60.1894721984863281      0.4450138509273529     -0.7729917168617249
     60.8842086791992188      0.4188365638256073     -0.6686980724334717
     61.5789489746093750      0.3926592767238617     -0.5644044280052185
     62.2736854553222656      0.3664819896221161     -0.4601108133792877
     62.9684219360351563      0.3403047025203705     -0.3558171689510345
     63.6631584167480469      0.3141274154186249     -0.2515235543251038
     64.3578948974609375      0.2879501283168793     -0.1472299098968506
     65.0526351928710938      0.2617728412151337     -0.0429362878203392
     65.7473678588867188      0.2355955690145493      0.0613573417067528
     66.4421081542968750      0.2094182819128036      0.1656509637832642
     67.1368408203125000      0.1832409948110580      0.2699446082115173
     67.8315811157226563      0.1570637077093124      0.3742382228374481
     68.5263137817382813      0.1308864206075668      0.4785318672657013
     69.2210540771484375      0.1047091409564018      0.5828254818916321
     69.9157867431640625      0.0785318538546562      0.6871191263198853
     70.6105270385742188      0.0523545704782009      0.7914127707481384
     71.3052597045898438      0.0261772852391005      0.8957063555717468
     72.0000000000000000      0.0000000000000000      1.0000000000000000
      0.0000000000000000      0.0000000000000000     -1.0000000000000000
      1.0526316165924072      0.0299168974161148     -0.9988919496536255
      2.1052632331848145      0.0598337948322296     -0.9977839589118958
      3.1578948497772217      0.0897506922483444     -0.9966759085655212
      4.2105264663696289      0.1196675896644592     -0.9955678582191467
      5.2631578445434570      0.1495844870805740     -0.9944598078727722
      6.3157896995544434      0.1795013844966888     -0.9933518171310425
      7.3684210777282715      0.2094182819128036     -0.9922437667846680
      8.4210529327392578      0.2393351793289185     -0.9911357164382935
      9.4736843109130859      0.2692520916461945     -0.9900277256965637
     10.5263156890869141      0.2991689741611481     -0.9889196753501892
     11.5789470672607422      0.3290858864784241     -0.9878116250038147
     12.6315793991088867      0.3590027689933777     -0.9867035746574402
     13.6842107772827148      0.3889196813106537     -0.9855955839157104
     14.7368421554565430      0.4188365638256073     -0.9844875335693359
     15.7894735336303711      0.4487534761428833     -0.9833794832229614
     16.8421058654785156      0.4786703586578369     -0.9822714924812317
     17.8947372436523438      0.5085872411727905     -0.9811634421348572
     18.9473686218261719      0.5385041832923889     -0.9800553917884827
     20.0000000000000000      0.5684210658073425     -0.9789473414421082
     22.0421047210693359      0.5684210658073425     -0.9789473414421082
     24.0842113494873047      0.5684210658073425     -0.9789473414421082
     26.1263160705566406      0.5684210658073425     -0.9789473414421082
     28.1684207916259766      0.5684210658073425     -0.9789473414421082
     30.2105255126953125      0.5684210658073425     -0.9789473414421082
     32.2526321411132813      0.5684210658073425     -0.9789473414421082
     34.2947349548339844      0.5684210658073425     -0.9789473414421082
     36.3368415832519531      0.5684210658073425     -0.9789473414421082
     38.3789482116699219      0.5684210658073425     -0.9789473414421082
     40.4210510253906250      0.5684210658073425     -0.9789473414421082
     42.4631576538085938      0.5684210658073425     -0.9789473414421082
     44.5052642822265625      0.5684210658073425     -0.9789473414421082
     46.5473670959472656      0.5684210658073425     -0.9789473414421082
     48.5894737243652344      0.5684210658073425     -0.9789473414421082
     50.6315803527832031      0.5684210658073425     -0.9789473414421082
     52.6736831665039063      0.5684210658073425     -0.9789473414421082
     54.7157897949218750      0.5684210658073425     -0.9789473414421082
     56.7578964233398438      0.5684210658073425     -0.9789473414421082
     58.7999992370605469      0.5684210658073425     -0.9789473414421082
     59.4947357177734375      0.5385041832923889     -0.8747922182083130
     60.1894721984863281      0.5085872411727905     -0.7706370949745178
     60.8842086791992188      0.4786703586578369     -0.6664819717407227
     61.5789489746093750      0.4487534761428833     -0.5623268485069275
     62.2736854553222656      0.4188365638256073     -0.4581717550754547
     62.9684219360351563      0.3889196813106537     -0.3540166318416595
     63.6631584167480469      0.3590027689933777     -0.2498614937067032
     64.3578948974609375      0.3290858864784241     -0.1457063704729080
     65.0526351928710938      0.2991689741611481     -0.0415512472391129
     65.7473678588867188      0.2692520916461945      0.0626038759946823
     66.4421081542968750      0.2393351793289185      0.1667589992284775
     67.1368408203125000      0.2094182819128036      0.2709141373634338
     67.8315811157226563      0.1795013844966888      0.3750692605972290
     68.5263137817382813      0.1495844870805740      0.4792243838310242
     69.2210540771484375      0.1196675896644592      0.5833795070648193
     69.9157867431640625      0.0897506922483444      0.6875346302986145
     70.6105270385742188      0.0598337948322296      0.7916897535324097
     71.3052597045898438      0.0299168974161148      0.8958448767662048
     72.0000000000000000      0.0000000000000000      1.0000000000000000
      0.0000000000000000      0.0000000000000000     -1.0000000000000000
      1.0526316165924072      0.0336565114557743     -0.9987534880638123
      2.1052632331848145      0.0673130229115486     -0.9975069165229797
      3.1578948497772217      0.1009695306420326     -0.9962604045867920
      4.2105264663696289      0.1346260458230972     -0.9950138330459595
      5.2631578445434570      0.1682825535535812     -0.9937673211097717
      6.3157896995544434      0.2019390612840652     -0.9925207495689392
      7.3684210777282715      0.2355955690145493     -0.9912742376327515
      8.4210529327392578      0.2692520916461945     -0.9900277256965637
      9.4736843109130859      0.3029085993766785     -0.9887811541557312
     10.5263156890869141      0.3365651071071625     -0.9875346422195435
     11.5789470672607422      0.3702216148376465     -0.9862880706787109
     12.6315793991088867      0.4038781225681305     -0.9850415587425232
     13.6842107772827148      0.4375346302986145     -0.9837949872016907
     14.7368421554565430      0.4711911380290985     -0.9825484752655029
     15.7894735336303711      0.5048476457595825     -0.9813019633293152
     16.8421058654785156      0.5385041832923889     -0.9800553917884827
     17.8947372436523438      0.5721606612205505     -0.9788088798522949
     18.9473686218261719      0.6058171987533569     -0.9775623083114624
     20.0000000000000000      0.6394736766815186     -0.9763157963752747
     22.0421047210693359      0.6394736766815186     -0.9763157963752747
     24.0842113494873047      0.6394736766815186     -0.9763157963752747
     26.1263160705566406      0.6394736766815186     -0.9763157963752747
     28.1684207916259766      0.6394736766815186     -0.9763157963752747
     30.2105255126953125      0.6394736766815186     -0.9763157963752747
     32.2526321411132813      0.6394736766815186     -0.9763157963752747
     34.2947349548339844      0.6394736766815186     -0.9763157963752747
     36.3368415832519531      0.6394736766815186     -0.9763157963752747
     38.3789482116699219      0.6394736766815186     -0.9763157963752747
     40.4210510253906250      0.6394736766815186     -0.9763157963752747
     42.4631576538085938      0.6394736766815186     -0.9763157963752747
     44.5052642822265625      0.6394736766815186     -0.9763157963752747
     46.5473670959472656      0.6394736766815186     -0.9763157963752747
     48.5894737243652344      0.6394736766815186     -0.9763157963752747
     50.6315803527832031      0.6394736766815186     -0.9763157963752747
     52.6736831665039063      0.6394736766815186     -0.9763157963752747
     54.7157897949218750      0.6394736766815186     -0.9763157963752747
     56.7578964233398438      0.6394736766815186     -0.9763157963752747
     58.7999992370605469      0.6394736766815186     -0.9763157963752747
     59.4947357177734375      0.6058171987533569     -0.8722991943359375
     60.1894721984863281      0.5721606612205505     -0.7682825326919556
     60.8842086791992188      0.5385041832923889     -0.6642659306526184
     61.5789489746093750      0.5048476457595825     -0.5602493286132812
     62.2736854553222656      0.4711911380290985     -0.4562326967716217
     62.9684219360351563      0.4375346302986145     -0.3522160649299622
     63.6631584167480469      0.4038781225681305     -0.2481994479894638
     64.3578948974609375      0.3702216148376465     -0.1441828310489655
     65.0526351928710938      0.3365651071071625     -0.0401662066578865
     65.7473678588867188      0.3029085993766785      0.0638504177331924
     66.4421081542968750      0.2692520916461945      0.1678670346736908
     67.1368408203125000      0.2355955690145493      0.2718836665153503
     67.8315811157226563      0.2019390612840652      0.3759002685546875
     68.5263137817382813      0.1682825535535812      0.4799169003963470
     69.2210540771484375      0.1346260458230972      0.5839335322380066
     69.9157867431640625      0.1009695306420326      0.6879501342773438
     70.6105270385742188      0.0673130229115486      0.7919667363166809
     71.3052597045898438      0.0336565114557743      0.8959833979606628
     72.0000000000000000      0.0000000000000000      1.0000000000000000
      0.0000000000000000      0.0000000000000000     -1.0000000000000000
      1.0526316165924072      0.0373961217701435     -0.9986149668693542
      2.1052632331848145      0.0747922435402870     -0.9972299337387085
      3.1578948497772217      0.1121883690357208     -0.9958449006080627
      4.2105264663696289      0.1495844870805740     -0.9944598078727722
      5.2631578445434570      0.1869806051254272     -0.9930747747421265
      6.3157896995544434      0.2243767380714417     -0.9916897416114807
      7.3684210777282715      0.2617728412151337     -0.9903047084808350
      8.4210529327392578      0.2991689741611481     -0.9889196753501892
      9.4736843109130859      0.3365651071071625     -0.9875346422195435
     10.5263156890869141      0.3739612102508545     -0.9861496090888977
     11.5789470672607422      0.4113573431968689     -0.9847645163536072
     12.6315793991088867      0.4487534761428833     -0.9833794832229614
     13.6842107772827148      0.4861495792865753     -0.9819944500923157
     14.7368421554565430      0.5235456824302673     -0.9806094169616699
     15.7894735336303711      0.5609418153762817     -0.9792243838310242
     16.8421058654785156      0.5983379483222961     -0.9778393507003784
     17.8947372436523438      0.6357340812683105     -0.9764543175697327
     18.9473686218261719      0.6731302142143250     -0.9750692248344421
     20.0000000000000000      0.7105262875556946     -0.9736841917037964
     22.0421047210693359      0.7105262875556946     -0.9736841917037964
     24.0842113494873047      0.7105262875556946     -0.9736841917037964
     26.1263160705566406      0.7105262875556946     -0.9736841917037964
     28.1684207916259766      0.7105262875556946     -0.9736841917037964
     30.2105255126953125      0.7105262875556946     -0.9736841917037964
     32.2526321411132813      0.7105262875556946     -0.9736841917037964
     34.2947349548339844      0.7105262875556946     -0.9736841917037964
     36.3368415832519531      0.7105262875556946     -0.9736841917037964
     38.3789482116699219      0.7105262875556946     -0.9736841917037964
     40.4210510253906250      0.7105262875556946     -0.9736841917037964
     42.4631576538085938      0.7105262875556946     -0.9736841917037964
     44.5052642822265625      0.7105262875556946     -0.9736841917037964
     46.5473670959472656      0.7105262875556946     -0.9736841917037964
     48.5894737243652344      0.7105262875556946     -0.9736841917037964
     50.6315803527832031      0.7105262875556946     -0.9736841917037964
     52.6736831665039063      0.7105262875556946     -0.9736841917037964
     54.7157897949218750      0.7105262875556946     -0.9736841917037964
     56.7578964233398438      0.7105262875556946     -0.9736841917037964
     58.7999992370605469      0.7105262875556946     -0.9736841917037964
     59.4947357177734375      0.6731302142143250     -0.8698061108589172
     60.1894721984863281      0.6357340812683105     -0.7659279704093933
     60.8842086791992188      0.5983379483222961     -0.6620498895645142
     61.5789489746093750      0.5609418153762817     -0.5581717491149902
     62.2736854553222656      0.5235456824302673     -0.4542936384677887
     62.9684219360351563      0.4861495792865753     -0.3504154980182648
     63.6631584167480469      0.4487534761428833     -0.2465374022722244
     64.3578948974609375      0.4113573431968689     -0.1426592767238617
     65.0526351928710938      0.3739612102508545     -0.0387811623513699
     65.7473678588867188      0.3365651071071625      0.0650969520211220
     66.4421081542968750      0.2991689741611481      0.1689750701189041
     67.1368408203125000      0.2617728412151337      0.2728531956672668
     67.8315811157226563      0.2243767380714417      0.3767313063144684
     68.5263137817382813      0.1869806051254272      0.4806094169616699
     69.2210540771484375      0.1495844870805740      0.5844875574111938
     69.9157867431640625      0.1121883690357208      0.6883656382560730
     70.6105270385742188      0.0747922435402870      0.7922437787055969
     71.3052597045898438      0.0373961217701435      0.8961218595504761
     72.0000000000000000      0.0000000000000000      1.0000000000000000
      0.0000000000000000      0.0000000000000000     -1.0000000000000000
      1.0526316165924072      0.0411357358098030     -0.9984764456748962
      2.1052632331848145      0.0822714716196060     -0.9969528913497925
      3.1578948497772217      0.1234071999788284     -0.9954293370246887
      4.2105264663696289      0.1645429432392120     -0.9939058423042297
      5.2631578445434570      0.2056786715984344     -0.9923822879791260
      6.3157896995544434      0.2468143999576569     -0.9908587336540222
      7.3684210777282715      0.2879501283168793     -0.9893351793289185
      8.4210529327392578      0.3290858864784241     -0.9878116250038147
      9.4736843109130859      0.3702216148376465     -0.9862880706787109
     10.5263156890869141      0.4113573431968689     -0.9847645163536072
     11.5789470672607422      0.4524930715560913     -0.9832410216331482
     12.6315793991088867      0.4936287999153137     -0.9817174673080444
     13.6842107772827148      0.5347645282745361     -0.9801939129829407
     14.7368421554565430      0.5759002566337585     -0.9786703586578369
     15.7894735336303711      0.6170359849929810     -0.9771468043327332
     16.8421058654785156      0.6581717729568481     -0.9756232500076294
     17.8947372436523438      0.6993075013160706     -0.9740996956825256
     18.9473686218261719      0.7404432296752930     -0.9725762009620667
     20.0000000000000000      0.7815789580345154     -0.9710526466369629
     22.0421047210693359      0.7815789580345154     -0.9710526466369629
     24.0842113494873047      0.7815789580345154     -0.9710526466369629
     26.1263160705566406      0.7815789580345154     -0.9710526466369629
     28.1684207916259766      0.7815789580345154     -0.9710526466369629
     30.2105255126953125      0.7815789580345154     -0.9710526466369629
     32.2526321411132813      0.7815789580345154     -0.9710526466369629
     34.2947349548339844      0.7815789580345154     -0.9710526466369629
     36.3368415832519531      0.7815789580345154     -0.9710526466369629
     38.3789482116699219      0.7815789580345154     -0.9710526466369629
     40.4210510253906250      0.7815789580345154     -0.9710526466369629
     42.4631576538085938      0.7815789580345154     -0.9710526466369629
     44.5052642822265625      0.7815789580345154     -0.9710526466369629
     46.5473670959472656      0.7815789580345154     -0.9710526466369629
     48.5894737243652344      0.7815789580345154     -0.9710526466369629
     50.6315803527832031      0.7815789580345154     -0.9710526466369629
     52.6736831665039063      0.7815789580345154     -0.9710526466369629
     54.7157897949218750      0.7815789580345154     -0.9710526466369629
     56.7578964233398438      0.7815789580345154     -0.9710526466369629
     58.7999992370605469      0.7815789580345154     -0.9710526466369629
     59.4947357177734375      0.7404432296752930     -0.8673130273818970
     60.1894721984863281      0.6993075013160706     -0.7635734081268311
     60.8842086791992188      0.6581717729568481     -0.6598337888717651
     61.5789489746093750      0.6170359849929810     -0.5560941696166992
     62.2736854553222656      0.5759002566337585     -0.4523545801639557
     62.9684219360351563      0.5347645282745361     -0.3486149609088898
     63.6631584167480469      0.4936287999153137     -0.2448753416538239
     64.3578948974609375      0.4524930715560913     -0.1411357372999191
     65.0526351928710938      0.4113573431968689     -0.0373961217701435
     65.7473678588867188      0.3702216148376465      0.0663434937596321
     66.4421081542968750      0.3290858864784241      0.1700831055641174
     67.1368408203125000      0.2879501283168793      0.2738227248191833
     67.8315811157226563      0.2468143999576569      0.3775623142719269
     68.5263137817382813      0.2056786715984344      0.4813019335269928
     69.2210540771484375      0.1645429432392120      0.5850415229797363
     69.9157867431640625      0.1234071999788284      0.6887811422348022
     70.6105270385742188      0.0822714716196060      0.7925207614898682
     71.3052597045898438      0.0411357358098030      0.8962603807449341
     72.0000000000000000      0.0000000000000000      1.0000000000000000
      0.0000000000000000      0.0000000000000000     -1.0000000000000000
      1.0526316165924072      0.0448753461241722     -0.9983379244804382
      2.1052632331848145      0.0897506922483444     -0.9966759085655212
      3.1578948497772217      0.1346260458230972     -0.9950138330459595
      4.2105264663696289      0.1795013844966888     -0.9933518171310425
      5.2631578445434570      0.2243767380714417     -0.9916897416114807
      6.3157896995544434      0.2692520916461945     -0.9900277256965637
      7.3684210777282715      0.3141274154186249     -0.9883656501770020
      8.4210529327392578      0.3590027689933777     -0.9867035746574402
      9.4736843109130859      0.4038781225681305     -0.9850415587425232
     10.5263156890869141      0.4487534761428833     -0.9833794832229614
     11.5789470672607422      0.4936287999153137     -0.9817174673080444
     12.6315793991088867      0.5385041832923889     -0.9800553917884827
     13.6842107772827148      0.5833795070648193     -0.9783933758735657
     14.7368421554565430      0.6282548308372498     -0.9767313003540039
     15.7894735336303711      0.6731302142143250     -0.9750692248344421
     16.8421058654785156      0.7180055379867554     -0.9734072089195251
     17.8947372436523438      0.7628808617591858     -0.9717451333999634
     18.9473686218261719      0.8077562451362610     -0.9700831174850464
     20.0000000000000000      0.8526315689086914     -0.9684210419654846
     22.0421047210693359      0.8526315689086914     -0.9684210419654846
     24.0842113494873047      0.8526315689086914     -0.9684210419654846
     26.1263160705566406      0.8526315689086914     -0.9684210419654846
     28.1684207916259766      0.8526315689086914     -0.9684210419654846
     30.2105255126953125      0.8526315689086914     -0.9684210419654846
     32.2526321411132813      0.8526315689086914     -0.9684210419654846
     34.2947349548339844      0.8526315689086914     -0.9684210419654846
     36.3368415832519531      0.8526315689086914     -0.9684210419654846
     38.3789482116699219      0.8526315689086914     -0.9684210419654846
     40.4210510253906250      0.8526315689086914     -0.9684210419654846
     42.4631576538085938      0.8526315689086914     -0.9684210419654846
     44.5052642822265625      0.8526315689086914     -0.9684210419654846
     46.5473670959472656      0.8526315689086914     -0.9684210419654846
     48.5894737243652344      0.8526315689086914     -0.9684210419654846
     50.6315803527832031      0.8526315689086914     -0.9684210419654846
     52.6736831665039063      0.8526315689086914     -0.9684210419654846
     54.7157897949218750      0.8526315689086914     -0.9684210419654846
     56.7578964233398438      0.8526315689086914     -0.9684210419654846
     58.7999992370605469      0.8526315689086914     -0.9684210419654846
     59.4947357177734375      0.8077562451362610     -0.8648199439048767
     60.1894721984863281      0.7628808617591858     -0.7612188458442688
     60.8842086791992188      0.7180055379867554     -0.6576177477836609
     61.5789489746093750      0.6731302142143250     -0.5540166497230530
     62.2736854553222656      0.6282548308372498     -0.4504155218601227
     62.9684219360351563      0.5833795070648193     -0.3468143939971924
     63.6631584167480469      0.5385041832923889     -0.2432132959365845
     64.3578948974609375      0.4936287999153137     -0.1396121829748154
     65.0526351928710938      0.4487534761428833     -0.0360110811889172
     65.7473678588867188      0.4038781225681305      0.0675900280475616
     66.4421081542968750      0.3590027689933777      0.1711911410093307
     67.1368408203125000      0.3141274154186249      0.2747922539710999
     67.8315811157226563      0.2692520916461945      0.3783933520317078
     68.5263137817382813      0.2243767380714417      0.4819944500923157
     69.2210540771484375      0.1795013844966888      0.5855955481529236
     69.9157867431640625      0.1346260458230972      0.6891966462135315
     70.6105270385742188      0.0897506922483444      0.7927978038787842
     71.3052597045898438      0.0448753461241722      0.8963989019393921
     72.0000000000000000      0.0000000000000000      1.0000000000000000
      0.0000000000000000      0.0000000000000000     -1.0000000000000000
      1.0526316165924072      0.0486149601638317     -0.9981994628906250
      2.1052632331848145      0.0972299203276634     -0.9963988661766052
      3.1578948497772217      0.1458448767662048     -0.9945983290672302
      4.2105264663696289      0.1944598406553268     -0.9927977919578552
      5.2631578445434570      0.2430747896432877     -0.9909972548484802
      6.3157896995544434      0.2916897535324097     -0.9891966581344604
      7.3684210777282715      0.3403047025203705     -0.9873961210250854
      8.4210529327392578      0.3889196813106537     -0.9855955839157104
      9.4736843109130859      0.4375346302986145     -0.9837949872016907
     10.5263156890869141      0.4861495792865753     -0.9819944500923157
     11.5789470672607422      0.5347645282745361     -0.9801939129829407
     12.6315793991088867      0.5833795070648193     -0.9783933758735657
     13.6842107772827148      0.6319944858551025     -0.9765927791595459
     14.7368421554565430      0.6806094050407410     -0.9747922420501709
     15.7894735336303711      0.7292243838310242     -0.9729917049407959
     16.8421058654785156      0.7778393626213074     -0.9711911082267761
     17.8947372436523438      0.8264542818069458     -0.9693905711174011
     18.9473686218261719      0.8750692605972290     -0.9675900340080261
     20.0000000000000000      0.9236842393875122     -0.9657894968986511
     22.0421047210693359      0.9236842393875122     -0.9657894968986511
     24.0842113494873047      0.9236842393875122     -0.9657894968986511
     26.1263160705566406      0.9236842393875122     -0.9657894968986511
     28.1684207916259766      0.9236842393875122     -0.9657894968986511
     30.2105255126953125      0.9236842393875122     -0.9657894968986511
     32.2526321411132813      0.9236842393875122     -0.9657894968986511
     34.2947349548339844      0.9236842393875122     -0.9657894968986511
     36.3368415832519531      0.9236842393875122     -0.9657894968986511
     38.3789482116699219      0.9236842393875122     -0.9657894968986511
     40.4210510253906250      0.9236842393875122     -0.9657894968986511
     42.4631576538085938      0.9236842393875122     -0.9657894968986511
     44.5052642822265625      0.9236842393875122     -0.9657894968986511
     46.5473670959472656      0.9236842393875122     -0.9657894968986511
     48.5894737243652344      0.9236842393875122     -0.9657894968986511
     50.6315803527832031      0.9236842393875122     -0.9657894968986511
     52.6736831665039063      0.9236842393875122     -0.9657894968986511
     54.7157897949218750      0.9236842393875122     -0.9657894968986511
     56.7578964233398438      0.9236842393875122     -0.9657894968986511
     58.7999992370605469      0.9236842393875122     -0.9657894968986511
     59.4947357177734375      0.8750692605972290     -0.8623268604278564
     60.1894721984863281      0.8264542818069458     -0.7588642835617065
     60.8842086791992188      0.7778393626213074     -0.6554016470909119
     61.5789489746093750      0.7292243838310242     -0.5519390702247620
     62.2736854553222656      0.6806094050407410     -0.4484764635562897
     62.9684219360351563      0.6319944858551025     -0.3450138568878174
     63.6631584167480469      0.5833795070648193     -0.2415512502193451
     64.3578948974609375      0.5347645282745361     -0.1380886435508728
     65.0526351928710938      0.4861495792865753     -0.0346260406076908
     65.7473678588867188      0.4375346302986145      0.0688365623354912
     66.4421081542968750      0.3889196813106537      0.1722991615533829
     67.1368408203125000      0.3403047025203705      0.2757617831230164
     67.8315811157226563      0.2916897535324097      0.3792243897914886
     68.5263137817382813      0.2430747896432877      0.4826869666576385
     69.2210540771484375      0.1944598406553268      0.5861495733261108
     69.9157867431640625      0.1458448767662048      0.6896122097969055
     70.6105270385742188      0.0972299203276634      0.7930747866630554
     71.3052597045898438      0.0486149601638317      0.8965374231338501
     72.0000000000000000      0.0000000000000000      1.0000000000000000
      0.0000000000000000      0.0000000000000000     -1.0000000000000000
      1.0526316165924072      0.0523545704782009     -0.9980609416961670
      2.1052632331848145      0.1047091409564018     -0.9961218833923340
      3.1578948497772217      0.1570637077093124     -0.9941828250885010
      4.2105264663696289      0.2094182819128036     -0.9922437667846680
      5.2631578445434570      0.2617728412151337     -0.9903047084808350
      6.3157896995544434      0.3141274154186249     -0.9883656501770020
      7.3684210777282715      0.3664819896221161     -0.9864265918731689
      8.4210529327392578      0.4188365638256073     -0.9844875335693359
      9.4736843109130859      0.4711911380290985     -0.9825484752655029
     10.5263156890869141      0.5235456824302673     -0.9806094169616699
     11.5789470672607422      0.5759002566337585     -0.9786703586578369
     12.6315793991088867      0.6282548308372498     -0.9767313003540039
     13.6842107772827148      0.6806094050407410     -0.9747922420501709
     14.7368421554565430      0.7329639792442322     -0.9728531837463379
     15.7894735336303711      0.7853185534477234     -0.9709141254425049
     16.8421058654785156      0.8376731276512146     -0.9689750671386719
     17.8947372436523438      0.8900277018547058     -0.9670360088348389
     18.9473686218261719      0.9423822760581970     -0.9650969505310059
     20.0000000000000000      0.9947368502616882     -0.9631578922271729
     22.0421047210693359      0.9947368502616882     -0.9631578922271729
     24.0842113494873047      0.9947368502616882     -0.9631578922271729
     26.1263160705566406      0.9947368502616882     -0.9631578922271729
     28.1684207916259766      0.9947368502616882     -0.9631578922271729
     30.2105255126953125      0.9947368502616882     -0.9631578922271729
     32.2526321411132813      0.9947368502616882     -0.9631578922271729
     34.2947349548339844      0.9947368502616882     -0.9631578922271729
     36.3368415832519531      0.9947368502616882     -0.9631578922271729
     38.3789482116699219      0.9947368502616882     -0.9631578922271729
     40.4210510253906250      0.9947368502616882     -0.9631578922271729
     42.4631576538085938      0.9947368502616882     -0.9631578922271729
     44.5052642822265625      0.9947368502616882     -0.9631578922271729
     46.5473670959472656      0.9947368502616882     -0.9631578922271729
     48.5894737243652344      0.9947368502616882     -0.9631578922271729
     50.6315803527832031      0.9947368502616882     -0.9631578922271729
     52.6736831665039063      0.9947368502616882     -0.9631578922271729
     54.7157897949218750      0.9947368502616882     -0.9631578922271729
     56.7578964233398438      0.9947368502616882     -0.9631578922271729
     58.7999992370605469      0.9947368502616882     -0.9631578922271729
     59.4947357177734375      0.9423822760581970     -0.8598337769508362
     60.1894721984863281      0.8900277018547058     -0.7565097212791443
     60.8842086791992188      0.8376731276512146     -0.6531856060028076
     61.5789489746093750      0.7853185534477234     -0.5498614907264709
     62.2736854553222656      0.7329639792442322     -0.4465374052524567
     62.9684219360351563      0.6806094050407410     -0.3432132899761200
     63.6631584167480469      0.6282548308372498     -0.2398891896009445
     64.3578948974609375      0.5759002566337585     -0.1365651041269302
     65.0526351928710938      0.5235456824302673     -0.0332409963011742
     65.7473678588867188      0.4711911380290985      0.0700831040740013
     66.4421081542968750      0.4188365638256073      0.1734071969985962
     67.1368408203125000      0.3664819896221161      0.2767313122749329
     67.8315811157226563      0.3141274154186249      0.3800553977489471
     68.5263137817382813      0.2617728412151337      0.4833795130252838
     69.2210540771484375      0.2094182819128036      0.5867035984992981
     69.9157867431640625      0.1570637077093124      0.6900277137756348
     70.6105270385742188      0.1047091409564018      0.7933518290519714
     71.3052597045898438      0.0523545704782009      0.8966758847236633
     72.0000000000000000      0.0000000000000000      1.0000000000000000
      0.0000000000000000      0.0000000000000000     -1.0000000000000000
      1.0526316165924072      0.0560941845178604     -0.9979224205017090
      2.1052632331848145      0.1121883690357208     -0.9958449006080627
      3.1578948497772217      0.1682825535535812     -0.9937673211097717
      4.2105264663696289      0.2243767380714417     -0.9916897416114807
      5.2631578445434570      0.2804709076881409     -0.9896121621131897
      6.3157896995544434      0.3365651071071625     -0.9875346422195435
      7.3684210777282715      0.3926592767238617     -0.9854570627212524
      8.4210529327392578      0.4487534761428833     -0.9833794832229614
      9.4736843109130859      0.5048476457595825     -0.9813019633293152
     10.5263156890869141      0.5609418153762817     -0.9792243838310242
     11.5789470672607422      0.6170359849929810     -0.9771468043327332
     12.6315793991088867      0.6731302142143250     -0.9750692248344421
     13.6842107772827148      0.7292243838310242     -0.9729917049407959
     14.7368421554565430      0.7853185534477234     -0.9709141254425049
     15.7894735336303711      0.8414127230644226     -0.9688365459442139
     16.8421058654785156      0.8975069522857666     -0.9667590260505676
     17.8947372436523438      0.9536011219024658     -0.9646814465522766
     18.9473686218261719      1.0096952915191650     -0.9626038670539856
     20.0000000000000000      1.0657894611358643     -0.9605262875556946
     22.0421047210693359      1.0657894611358643     -0.9605262875556946
     24.0842113494873047      1.0657894611358643     -0.9605262875556946
     26.1263160705566406      1.0657894611358643     -0.9605262875556946
     28.1684207916259766      1.0657894611358643     -0.9605262875556946
     30.2105255126953125      1.0657894611358643     -0.9605262875556946
     32.2526321411132813      1.0657894611358643     -0.9605262875556946
     34.2947349548339844      1.0657894611358643     -0.9605262875556946
     36.3368415832519531      1.0657894611358643     -0.9605262875556946
     38.3789482116699219      1.0657894611358643     -0.9605262875556946
     40.4210510253906250      1.0657894611358643     -0.9605262875556946
     42.4631576538085938      1.0657894611358643     -0.9605262875556946
     44.5052642822265625      1.0657894611358643     -0.9605262875556946
     46.5473670959472656      1.0657894611358643     -0.9605262875556946
     48.5894737243652344      1.0657894611358643     -0.9605262875556946
     50.6315803527832031      1.0657894611358643     -0.9605262875556946
     52.6736831665039063      1.0657894611358643     -0.9605262875556946
     54.7157897949218750      1.0657894611358643     -0.9605262875556946
     56.7578964233398438      1.0657894611358643     -0.9605262875556946
     58.7999992370605469      1.0657894611358643     -0.9605262875556946
     59.4947357177734375      1.0096952915191650     -0.8573406934738159
     60.1894721984863281      0.9536011219024658     -0.7541550993919373
     60.8842086791992188      0.8975069522857666     -0.6509695053100586
     61.5789489746093750      0.8414127230644226     -0.5477839112281799
     62.2736854553222656      0.7853185534477234     -0.4445983469486237
     62.9684219360351563      0.7292243838310242     -0.3414127528667450
     63.6631584167480469      0.6731302142143250     -0.2382271438837051
     64.3578948974609375      0.6170359849929810     -0.1350415498018265
     65.0526351928710938      0.5609418153762817     -0.0318559557199478
     65.7473678588867188      0.5048476457595825      0.0713296383619308
     66.4421081542968750      0.4487534761428833      0.1745152324438095
     67.1368408203125000      0.3926592767238617      0.2777008414268494
     67.8315811157226563      0.3365651071071625      0.3808864355087280
     68.5263137817382813      0.2804709076881409      0.4840720295906067
     69.2210540771484375      0.2243767380714417      0.5872576236724854
     69.9157867431640625      0.1682825535535812      0.6904432177543640
     70.6105270385742188      0.1121883690357208      0.7936288118362427
     71.3052597045898438      0.0560941845178604      0.8968144059181213
     72.0000000000000000      0.0000000000000000      1.0000000000000000
      0.0000000000000000      0.0000000000000000     -1.0000000000000000
      1.0526316165924072      0.0598337948322296     -0.9977839589118958
      2.1052632331848145      0.1196675896644592     -0.9955678582191467
      3.1578948497772217      0.1795013844966888     -0.9933518171310425
      4.2105264663696289      0.2393351793289185     -0.9911357164382935
      5.2631578445434570      0.2991689741611481     -0.9889196753501892
      6.3157896995544434      0.3590027689933777     -0.9867035746574402
      7.3684210777282715      0.4188365638256073     -0.9844875335693359
      8.4210529327392578      0.4786703586578369     -0.9822714924812317
      9.4736843109130859      0.5385041832923889     -0.9800553917884827
     10.5263156890869141      0.5983379483222961     -0.9778393507003784
     11.5789470672607422      0.6581717729568481     -0.9756232500076294
     12.6315793991088867      0.7180055379867554     -0.9734072089195251
     13.6842107772827148      0.7778393626213074     -0.9711911082267761
     14.7368421554565430      0.8376731276512146     -0.9689750671386719
     15.7894735336303711      0.8975069522857666     -0.9667590260505676
     16.8421058654785156      0.9573407173156738     -0.9645429253578186
     17.8947372436523438      1.0171744823455811     -0.9623268842697144
     18.9473686218261719      1.0770083665847778     -0.9601107835769653
     20.0000000000000000      1.1368421316146851     -0.9578947424888611
     22.0421047210693359      1.1368421316146851     -0.9578947424888611
     24.0842113494873047      1.1368421316146851     -0.9578947424888611
     26.1263160705566406      1.1368421316146851     -0.9578947424888611
     28.1684207916259766      1.1368421316146851     -0.9578947424888611
     30.2105255126953125      1.1368421316146851     -0.9578947424888611
     32.2526321411132813      1.1368421316146851     -0.9578947424888611
     34.2947349548339844      1.1368421316146851     -0.9578947424888611
     36.3368415832519531      1.1368421316146851     -0.9578947424888611
     38.3789482116699219      1.1368421316146851     -0.9578947424888611
     40.4210510253906250      1.1368421316146851     -0.9578947424888611
     42.4631576538085938      1.1368421316146851     -0.9578947424888611
     44.5052642822265625      1.1368421316146851     -0.9578947424888611
     46.5473670959472656      1.1368421316146851     -0.9578947424888611
     48.5894737243652344      1.1368421316146851     -0.9578947424888611
     50.6315803527832031      1.1368421316146851     -0.9578947424888611
     52.6736831665039063      1.1368421316146851     -0.9578947424888611
     54.7157897949218750      1.1368421316146851     -0.9578947424888611
     56.7578964233398438      1.1368421316146851     -0.9578947424888611
     58.7999992370605469      1.1368421316146851     -0.9578947424888611
     59.4947357177734375      1.0770083665847778     -0.8548476696014404
     60.1894721984863281      1.0171744823455811     -0.7518005371093750
     60.8842086791992188      0.9573407173156738     -0.6487534642219543
     61.5789489746093750      0.8975069522857666     -0.5457063913345337
     62.2736854553222656      0.8376731276512146     -0.4426592886447906
     62.9684219360351563      0.7778393626213074     -0.3396121859550476
     63.6631584167480469      0.7180055379867554     -0.2365650981664658
     64.3578948974609375      0.6581717729568481     -0.1335180103778839
     65.0526351928710938      0.5983379483222961     -0.0304709132760763
     65.7473678588867188      0.5385041832923889      0.0725761801004410
     66.4421081542968750      0.4786703586578369      0.1756232678890228
     67.1368408203125000      0.4188365638256073      0.2786703705787659
     67.8315811157226563      0.3590027689933777      0.3817174434661865
     68.5263137817382813      0.2991689741611481      0.4847645461559296
     69.2210540771484375      0.2393351793289185      0.5878116488456726
     69.9157867431640625      0.1795013844966888      0.6908587217330933
     70.6105270385742188      0.1196675896644592      0.7939057946205139
     71.3052597045898438      0.0598337948322296      0.8969529271125793
     72.0000000000000000      0.0000000000000000      1.0000000000000000
      0.0000000000000000      0.0000000000000000     -1.0000000000000000
      1.0526316165924072      0.0635734051465988     -0.9976454377174377
      2.1052632331848145      0.1271468102931976     -0.9952908754348755
      3.1578948497772217      0.1907202154397964     -0.9929363131523132
      4.2105264663696289      0.2542936205863953     -0.9905816912651062
      5.2631578445434570      0.3178670406341553     -0.9882271289825439
      6.3157896995544434      0.3814404308795929     -0.9858725666999817
      7.3684210777282715      0.4450138509273529     -0.9835180044174194
      8.4210529327392578      0.5085872411727905     -0.9811634421348572
      9.4736843109130859      0.5721606612205505     -0.9788088798522949
     10.5263156890869141      0.6357340812683105     -0.9764543175697327
     11.5789470672607422      0.6993075013160706     -0.9740996956825256
     12.6315793991088867      0.7628808617591858     -0.9717451333999634
     13.6842107772827148      0.8264542818069458     -0.9693905711174011
     14.7368421554565430      0.8900277018547058     -0.9670360088348389
     15.7894735336303711      0.9536011219024658     -0.9646814465522766
     16.8421058654785156      1.0171744823455811     -0.9623268842697144
     17.8947372436523438      1.0807479619979858     -0.9599723219871521
     18.9473686218261719      1.1443213224411011     -0.9576177000999451
     20.0000000000000000      1.2078946828842163     -0.9552631378173828
     22.0421047210693359      1.2078946828842163     -0.9552631378173828
     24.0842113494873047      1.2078946828842163     -0.9552631378173828
     26.1263160705566406      1.2078946828842163     -0.9552631378173828
     28.1684207916259766      1.2078946828842163     -0.9552631378173828
     30.2105255126953125      1.2078946828842163     -0.9552631378173828
     32.2526321411132813      1.2078946828842163     -0.9552631378173828
     34.2947349548339844      1.2078946828842163     -0.9552631378173828
     36.3368415832519531      1.2078946828842163     -0.9552631378173828
     38.3789482116699219      1.2078946828842163     -0.9552631378173828
     40.4210510253906250      1.2078946828842163     -0.9552631378173828
     42.4631576538085938      1.2078946828842163     -0.9552631378173828
     44.5052642822265625      1.2078946828842163     -0.9552631378173828
     46.5473670959472656      1.2078946828842163     -0.9552631378173828
     48.5894737243652344      1.2078946828842163     -0.9552631378173828
     50.6315803527832031      1.2078946828842163     -0.9552631378173828
     52.6736831665039063      1.2078946828842163     -0.9552631378173828
     54.7157897949218750      1.2078946828842163     -0.9552631378173828
     56.7578964233398438      1.2078946828842163     -0.9552631378173828
     58.7999992370605469      1.2078946828842163     -0.9552631378173828
     59.4947357177734375      1.1443213224411011     -0.8523545861244202
     60.1894721984863281      1.0807479619979858     -0.7494459748268127
     60.8842086791992188      1.0171744823455811     -0.6465374231338501
     61.5789489746093750      0.9536011219024658     -0.5436288118362427
     62.2736854553222656      0.8900277018547058     -0.4407202303409576
     62.9684219360351563      0.8264542818069458     -0.3378116488456726
     63.6631584167480469      0.7628808617591858     -0.2349030524492264
     64.3578948974609375      0.6993075013160706     -0.1319944560527802
     65.0526351928710938      0.6357340812683105     -0.0290858726948500
     65.7473678588867188      0.5721606612205505      0.0738227143883705
     66.4421081542968750      0.5085872411727905      0.1767313033342361
     67.1368408203125000      0.4450138509273529      0.2796398997306824
     67.8315811157226563      0.3814404308795929      0.3825484812259674
     68.5263137817382813      0.3178670406341553      0.4854570627212524
     69.2210540771484375      0.2542936205863953      0.5883656740188599
     69.9157867431640625      0.1907202154397964      0.6912742257118225
     70.6105270385742188      0.1271468102931976      0.7941828370094299
     71.3052597045898438      0.0635734051465988      0.8970913887023926
     72.0000000000000000      0.0000000000000000      1.0000000000000000
      0.0000000000000000      0.0000000000000000     -1.0000000000000000
      1.0526316165924072      0.0673130229115486     -0.9975069165229797
      2.1052632331848145      0.1346260458230972     -0.9950138330459595
      3.1578948497772217      0.2019390612840652     -0.9925207495689392
      4.2105264663696289      0.2692520916461945     -0.9900277256965637
      5.2631578445434570      0.3365651071071625     -0.9875346422195435
      6.3157896995544434      0.4038781225681305     -0.9850415587425232
      7.3684210777282715      0.4711911380290985     -0.9825484752655029
      8.4210529327392578      0.5385041832923889     -0.9800553917884827
      9.4736843109130859      0.6058171987533569     -0.9775623083114624
     10.5263156890869141      0.6731302142143250     -0.9750692248344421
     11.5789470672607422      0.7404432296752930     -0.9725762009620667
     12.6315793991088867      0.8077562451362610     -0.9700831174850464
     13.6842107772827148      0.8750692605972290     -0.9675900340080261
     14.7368421554565430      0.9423822760581970     -0.9650969505310059
     15.7894735336303711      1.0096952915191650     -0.9626038670539856
     16.8421058654785156      1.0770083665847778     -0.9601107835769653
     17.8947372436523438      1.1443213224411011     -0.9576177000999451
     18.9473686218261719      1.2116343975067139     -0.9551246762275696
     20.0000000000000000      1.2789473533630371     -0.9526315927505493
     22.0421047210693359      1.2789473533630371     -0.9526315927505493
     24.0842113494873047      1.2789473533630371     -0.9526315927505493
     26.1263160705566406      1.2789473533630371     -0.9526315927505493
     28.1684207916259766      1.2789473533630371     -0.9526315927505493
     30.2105255126953125      1.2789473533630371     -0.9526315927505493
     32.2526321411132813      1.2789473533630371     -0.9526315927505493
     34.2947349548339844      1.2789473533630371     -0.9526315927505493
     36.3368415832519531      1.2789473533630371     -0.9526315927505493
     38.3789482116699219      1.2789473533630371     -0.9526315927505493
     40.4210510253906250      1.2789473533630371     -0.9526315927505493
     42.4631576538085938      1.2789473533630371     -0.9526315927505493
     44.5052642822265625      1.2789473533630371     -0.9526315927505493
     46.5473670959472656      1.2789473533630371     -0.9526315927505493
     48.5894737243652344      1.2789473533630371     -0.9526315927505493
     50.6315803527832031      1.2789473533630371     -0.9526315927505493
     52.6736831665039063      1.2789473533630371     -0.9526315927505493
     54.7157897949218750      1.2789473533630371     -0.9526315927505493
     56.7578964233398438      1.2789473533630371     -0.9526315927505493
     58.7999992370605469      1.2789473533630371     -0.9526315927505493
     59.4947357177734375      1.2116343975067139     -0.8498615026473999
     60.1894721984863281      1.1443213224411011     -0.7470914125442505
     60.8842086791992188      1.0770083665847778     -0.6443213224411011
     61.5789489746093750      1.0096952915191650     -0.5415512323379517
     62.2736854553222656      0.9423822760581970     -0.4387811720371246
     62.9684219360351563      0.8750692605972290     -0.3360110819339752
     63.6631584167480469      0.8077562451362610     -0.2332409918308258
     64.3578948974609375      0.7404432296752930     -0.1304709166288376
     65.0526351928710938      0.6731302142143250     -0.0277008302509785
     65.7473678588867188      0.6058171987533569      0.0750692486763000
     66.4421081542968750      0.5385041832923889      0.1778393387794495
     67.1368408203125000      0.4711911380290985      0.2806094288825989
     67.8315811157226563      0.4038781225681305      0.3833794891834259
     68.5263137817382813      0.3365651071071625      0.4861495792865753
     69.2210540771484375      0.2692520916461945      0.5889196395874023
     69.9157867431640625      0.2019390612840652      0.6916897296905518
     70.6105270385742188      0.1346260458230972      0.7944598197937012
     71.3052597045898438      0.0673130229115486      0.8972299098968506
     72.0000000000000000      0.0000000000000000      1.0000000000000000
      0.0000000000000000      0.0000000000000000     -1.0000000000000000
      1.0526316165924072      0.0710526332259178     -0.9973683953285217
      2.1052632331848145      0.1421052664518356     -0.9947368502616882
      3.1578948497772217      0.2131578922271729     -0.9921052455902100
      4.2105264663696289      0.2842105329036713     -0.9894737005233765
      5.2631578445434570      0.3552631437778473     -0.9868420958518982
      6.3157896995544434      0.4263157844543457     -0.9842105507850647
      7.3684210777282715      0.4973684251308441     -0.9815789461135864
      8.4210529327392578      0.5684210658073425     -0.9789473414421082
      9.4736843109130859      0.6394736766815186     -0.9763157963752747
     10.5263156890869141      0.7105262875556946     -0.9736841917037964
     11.5789470672607422      0.7815789580345154     -0.9710526466369629
     12.6315793991088867      0.8526315689086914     -0.9684210419654846
     13.6842107772827148      0.9236842393875122     -0.9657894968986511
     14.7368421554565430      0.9947368502616882     -0.9631578922271729
     15.7894735336303711      1.0657894611358643     -0.9605262875556946
     16.8421058654785156      1.1368421316146851     -0.9578947424888611
     17.8947372436523438      1.2078946828842163     -0.9552631378173828
     18.9473686218261719      1.2789473533630371     -0.9526315927505493
     20.0000000000000000      1.3500000238418579     -0.9499999880790710
     22.0421047210693359      1.3500000238418579     -0.9499999880790710
     24.0842113494873047      1.3500000238418579     -0.9499999880790710
     26.1263160705566406      1.3500000238418579     -0.9499999880790710
     28.1684207916259766      1.3500000238418579     -0.9499999880790710
     30.2105255126953125      1.3500000238418579     -0.9499999880790710
     32.2526321411132813      1.3500000238418579     -0.9499999880790710
     34.2947349548339844      1.3500000238418579     -0.9499999880790710
     36.3368415832519531      1.3500000238418579     -0.9499999880790710
     38.3789482116699219      1.3500000238418579     -0.9499999880790710
     40.4210510253906250      1.3500000238418579     -0.9499999880790710
     42.4631576538085938      1.3500000238418579     -0.9499999880790710
     44.5052642822265625      1.3500000238418579     -0.9499999880790710
     46.5473670959472656      1.3500000238418579     -0.9499999880790710
     48.5894737243652344      1.3500000238418579     -0.9499999880790710
     50.6315803527832031      1.3500000238418579     -0.9499999880790710
     52.6736831665039063      1.3500000238418579     -0.9499999880790710
     54.7157897949218750      1.3500000238418579     -0.9499999880790710
     56.7578964233398438      1.3500000238418579     -0.9499999880790710
     58.7999992370605469      1.3500000238418579     -0.9499999880790710
     59.4947357177734375      1.2789473533630371     -0.8473684191703796
     60.1894721984863281      1.2078946828842163     -0.7447368502616882
     60.8842086791992188      1.1368421316146851     -0.6421052813529968
     61.5789489746093750      1.0657894611358643     -0.5394737124443054
     62.2736854553222656      0.9947368502616882     -0.4368421137332916
     62.9684219360351563      0.9236842393875122     -0.3342105150222778
     63.6631584167480469      0.8526315689086914     -0.2315789461135864
     64.3578948974609375      0.7815789580345154     -0.1289473623037338
     65.0526351928710938      0.7105262875556946     -0.0263157896697521
     65.7473678588867188      0.6394736766815186      0.0763157904148102
     66.4421081542968750      0.5684210658073425      0.1789473742246628
     67.1368408203125000      0.4973684251308441      0.2815789580345154
     67.8315811157226563      0.4263157844543457      0.3842105269432068
     68.5263137817382813      0.3552631437778473      0.4868420958518982
     69.2210540771484375      0.2842105329036713      0.5894736647605896
     69.9157867431640625      0.2131578922271729      0.6921052336692810
     70.6105270385742188      0.1421052664518356      0.7947368621826172
     71.3052597045898438      0.0710526332259178      0.8973684310913086
     72.0000000000000000      0.0000000000000000      1.0000000000000000
