 zone  i=          58  j=          20
 -6.714462296505536E-002  0.000000000000000E+000 -0.997743253350721     
  0.990179326855827       0.000000000000000E+000 -0.963396185102015     
   2.04750327267458       0.000000000000000E+000 -0.929049176323441     
   3.10482722249546       0.000000000000000E+000 -0.894702108074734     
   4.16215117231634       0.000000000000000E+000 -0.860355039826028     
   5.21947488225563       0.000000000000000E+000 -0.826007985303862     
   6.27679906995704       0.000000000000000E+000 -0.791660933063682     
   7.33412277989633       0.000000000000000E+000 -0.757313878541516     
   8.39144696759774       0.000000000000000E+000 -0.722966826301335     
   9.44877067803730       0.000000000000000E+000 -0.688619764345403     
   10.5060943889771       0.000000000000000E+000 -0.654272694955704     
   11.5634180994167       0.000000000000000E+000 -0.619925632999772     
   12.6207427628791       0.000000000000000E+000 -0.585578612776642     
   13.6780664728184       0.000000000000000E+000 -0.551231558254477     
   14.7353901847588       0.000000000000000E+000 -0.516884473997245     
   15.7927138946981       0.000000000000000E+000 -0.482537419475079     
   16.8500385581605       0.000000000000000E+000 -0.448190399251950     
   17.9073622701009       0.000000000000000E+000 -0.413843314994718     
   18.9646859780391       0.000000000000000E+000 -0.379496290207618     
   20.0220096899795       0.000000000000000E+000 -0.345149205950386     
   22.0595058980621       0.000000000000000E+000 -0.482265557501746     
   24.0970040091889       0.000000000000000E+000 -0.619382037121311     
   26.1345002172715       0.000000000000000E+000 -0.756498388672671     
   28.1719964253540       0.000000000000000E+000 -0.893614740224032     
   30.2094926334366       0.000000000000000E+000  -1.03073109177539     
   32.2469907445634       0.000000000000000E+000  -1.16784757139496     
   34.2844850496018       0.000000000000000E+000  -1.30496379487811     
   36.3219831607286       0.000000000000000E+000  -1.44208027449768     
   38.3594812718554       0.000000000000000E+000  -1.57919675411724     
   40.3969755768938       0.000000000000000E+000  -1.71631297760040     
   42.4344736880206       0.000000000000000E+000  -1.85342945721996     
   44.4719717991474       0.000000000000000E+000  -1.99054593683953     
   46.5094661041858       0.000000000000000E+000  -2.12766216032268     
   48.5469642153126       0.000000000000000E+000  -2.26477863994225     
   50.5844623264394       0.000000000000000E+000  -2.40189511956181     
   52.6219566314778       0.000000000000000E+000  -2.53901134304497     
   54.6594547426046       0.000000000000000E+000  -2.67612782266453     
   56.6969528537314       0.000000000000000E+000  -2.81324430228410     
   58.7344471587697       0.000000000000000E+000  -2.95036052576725     
   59.4276157952577       0.000000000000000E+000  -2.99700834482479     
   60.1207844317456       0.000000000000000E+000  -3.04365616388232     
   60.8139530682335       0.000000000000000E+000  -3.09030398293986     
   61.5071255108098       0.000000000000000E+000  -3.13695205813381     
   62.2002941472978       0.000000000000000E+000  -3.18359987719134     
   62.8934627837857       0.000000000000000E+000  -3.23024769624888     
   63.5866314202736       0.000000000000000E+000  -3.27689551530642     
   64.2798000567615       0.000000000000000E+000  -3.32354333436395     
   64.9729724993379       0.000000000000000E+000  -3.37019140955790     
   65.6661373297373       0.000000000000000E+000  -3.41683897247903     
   66.3593097723137       0.000000000000000E+000  -3.46348704767297     
   67.0524746027131       0.000000000000000E+000  -3.51013461059410     
   67.7456470452895       0.000000000000000E+000  -3.55678268578805     
   68.4388118756889       0.000000000000000E+000  -3.60343024870917     
   69.1319843182653       0.000000000000000E+000  -3.65007832390312     
   69.8251491486648       0.000000000000000E+000  -3.69672588682425     
   70.5183215912411       0.000000000000000E+000  -3.74337396201819     
   71.2114864216406       0.000000000000000E+000  -3.79002152493932     
   71.9046588642170       0.000000000000000E+000  -3.83666960013327     
 -6.714462296505536E-002  0.000000000000000E+000 -0.997743253350721     
  0.990170025902453       3.739612177014400E-003 -0.963534393689231     
   2.04748467476996       7.479224354028700E-003 -0.929325534027741     
   3.10479932363747       1.121883653104310E-002 -0.895116674366252     
   4.16211397250498       1.495844870805740E-002 -0.860907814704762     
   5.21942838349196       1.869806088507180E-002 -0.826698939034747     
   6.27674327023999       2.243767306208610E-002 -0.792490095381783     
   7.33405768122697       2.617728523910050E-002 -0.758281219711767     
   8.39137256897554       2.991689741611480E-002 -0.724072361191270     
   9.44868697971239       3.365651145577430E-002 -0.689863489238138     
   10.5060013909495       3.739612177014350E-002 -0.655654609851240     
   11.5633158019365       4.113573580980300E-002 -0.621445734181224     
   12.6206311654461       4.487534612417220E-002 -0.587236907677778     
   13.6779455764331       4.861496016383170E-002 -0.553028032007763     
   14.7352599874201       5.235457047820090E-002 -0.518819156337748     
   15.7925743964060       5.609418451786040E-002 -0.484610310402799     
   16.8498897589151       5.983379483222960E-002 -0.450401498766886     
   17.9072041699021       6.357340514659880E-002 -0.416192623096871     
   18.9645185808890       6.731302291154860E-002 -0.381983747426855     
   20.0218329918760       7.105263322591780E-002 -0.347774871756840     
   22.0593291999586       7.105263322591780E-002 -0.484891223308200     
   24.0968273110854       7.105263322591780E-002 -0.622007702927765     
   26.1343235191680       7.105263322591780E-002 -0.759124054479125     
   28.1718197272506       7.105263322591780E-002 -0.896240406030485     
   30.2093159353332       7.105263322591780E-002  -1.03335675758185     
   32.2468140464600       7.105263322591780E-002  -1.17047323720141     
   34.2843083514983       7.105263322591780E-002  -1.30758946068457     
   36.3218064626252       7.105263322591780E-002  -1.44470594030413     
   38.3593045737520       7.105263322591780E-002  -1.58182241992370     
   40.3967988787903       7.105263322591780E-002  -1.71893864340685     
   42.4342969899171       7.105263322591780E-002  -1.85605512302642     
   44.4717951010440       7.105263322591780E-002  -1.99317160264598     
   46.5092894060823       7.105263322591780E-002  -2.13028782612914     
   48.5467875172091       7.105263322591780E-002  -2.26740430574870     
   50.5842856283359       7.105263322591780E-002  -2.40452078536827     
   52.6217799333743       7.105263322591780E-002  -2.54163700885142     
   54.6592780445011       7.105263322591780E-002  -2.67875348847099     
   56.6967761556279       7.105263322591780E-002  -2.81586996809055     
   58.7342704606663       7.105263322591780E-002  -2.95298619157371     
   59.4274483981076       6.731302291154860E-002  -2.99949580204403     
   60.1206263355489       6.357340514659880E-002  -3.04600541251435     
   60.8138042729901       5.983379483222960E-002  -3.09251502298467     
   61.5069860125177       5.609418451786040E-002  -3.13902494906153     
   62.2001639499590       5.235457047820090E-002  -3.18553455953185     
   62.8933418874003       4.861496016383170E-002  -3.23204417000217     
   63.5865198208395       4.487534612417220E-002  -3.27855383994262     
   64.2796977582808       4.113573580980300E-002  -3.32506345041294     
   64.9728795018105       3.739612177014350E-002  -3.37157331701967     
   65.6660536331633       3.365651145577430E-002  -3.41808267135358     
   66.3592353726909       2.991689741611480E-002  -3.46459259743044     
   67.0524095040438       2.617728523910050E-002  -3.51110195176435     
   67.7455912475735       2.243767306208610E-002  -3.55761181837108     
   68.4387653749242       1.869806088507180E-002  -3.60412123217512     
   69.1319471184539       1.495844870805740E-002  -3.65063109878185     
   69.8251212498068       1.121883653104310E-002  -3.69714045311576     
   70.5183029933365       7.479224354028700E-003  -3.74365031972249     
   71.2114771206872       3.739612177014400E-003  -3.79015973352654     
   71.9046588642170       0.000000000000000E+000  -3.83666960013327     
 -6.714462296505536E-002  0.000000000000000E+000 -0.997743253350721     
  0.990160724949078       7.479224354028700E-003 -0.963672602276448     
   2.04746607686534       1.495844870805740E-002 -0.929601891732042     
   3.10477142477948       2.243767306208610E-002 -0.895531240657769     
   4.16207677269361       2.991689741611480E-002 -0.861460589583496     
   5.21938188472828       3.739612177014350E-002 -0.827389892765631     
   6.27668747252401       4.487534612417220E-002 -0.793319227964818     
   7.33399258255761       5.235457047820090E-002 -0.759248560882019     
   8.39129817035334       5.983379483222960E-002 -0.725177896081205     
   9.44860328138748       6.731302291154860E-002 -0.691107214130874     
   10.5059083926717       7.479224354028700E-002 -0.657036528463659     
   11.5632135044563       8.227147161960600E-002 -0.622965835362677     
   12.6205195660120       8.975069224834439E-002 -0.588895232313981     
   13.6778246780467       9.722992032766339E-002 -0.554824535496116     
   14.7351297900813       0.104709140956402      -0.520753838678251     
   15.7924349021160       0.112188369035721      -0.486683141860386     
   16.8497409636717       0.119667589664459      -0.452612538811690     
   17.9070460737053       0.127146810293198      -0.418541871728891     
   18.9643511877411       0.134626045823097      -0.384471145175960     
   20.0216562977747       0.142105266451836      -0.350400478093162     
   22.0591525058573       0.142105266451836      -0.487516829644522     
   24.0966506169841       0.142105266451836      -0.624633309264087     
   26.1341468250667       0.142105266451836      -0.761749660815447     
   28.1716430331493       0.142105266451836      -0.898866012366807     
   30.2091392412318       0.142105266451836       -1.03598236391817     
   32.2466373523587       0.142105266451836       -1.17309884353773     
   34.2841316573970       0.142105266451836       -1.31021506702089     
   36.3216297685238       0.142105266451836       -1.44733154664045     
   38.3591278796506       0.142105266451836       -1.58444802626002     
   40.3966221846890       0.142105266451836       -1.72156424974317     
   42.4341202958158       0.142105266451836       -1.85868072936274     
   44.4716184069426       0.142105266451836       -1.99579720898230     
   46.5091127119810       0.142105266451836       -2.13291343246546     
   48.5466108231078       0.142105266451836       -2.27002991208502     
   50.5841089342346       0.142105266451836       -2.40714639170459     
   52.6216032392730       0.142105266451836       -2.54426261518774     
   54.6591013503998       0.142105266451836       -2.68137909480731     
   56.6965994615266       0.142105266451836       -2.81849557442687     
   58.7340937665650       0.142105266451836       -2.95561179791003     
   59.4272810009575       0.134626045823097       -3.00198325926326     
   60.1204682393521       0.127146810293198       -3.04835466114637     
   60.8136554737447       0.119667589664459       -3.09472612249960     
   61.5068465182278       0.112188369035721       -3.14109778051911     
   62.2000337526203       0.104709140956402       -3.18746924187235     
   62.8932209870128       9.722992032766339E-002  -3.23384070322559     
   63.5864082254075       8.975069224834439E-002  -3.28021210510869     
   64.2795954598000       8.227147161960600E-002  -3.32658356646193     
   64.9727865042831       7.479224354028700E-002  -3.37295522448144     
   65.6659699325872       6.731302291154860E-002  -3.41932642969826     
   66.3591609770703       5.983379483222960E-002  -3.46569808771778     
   67.0523444053744       5.235457047820090E-002  -3.51206929293460     
   67.7455354458554       4.487534612417220E-002  -3.55844101042425     
   68.4387188781616       3.739612177014350E-002  -3.60481215617094     
   69.1319099186426       2.991689741611480E-002  -3.65118387366059     
   69.8250933509488       2.243767306208610E-002  -3.69755501940728     
   70.5182843914298       1.495844870805740E-002  -3.74392673689693     
   71.2114678237360       7.479224354028700E-003  -3.79029788264362     
   71.9046588642170       0.000000000000000E+000  -3.83666960013327     
 -6.714462296505536E-002  0.000000000000000E+000 -0.997743253350721     
  0.990151427997835       1.121883653104310E-002 -0.963810751393532     
   2.04744747495859       2.243767306208610E-002 -0.929878308906475     
   3.10474352592148       3.365651145577430E-002 -0.895945806949287     
   4.16203957288224       4.487534612417220E-002 -0.862013364462230     
   5.21933538596460       5.609418451786040E-002 -0.828080846496516     
   6.27663167280696       6.731302291154860E-002 -0.794148390282919     
   7.33392748388825       7.853185385465621E-002 -0.760215902052271     
   8.39122377173114       8.975069224834439E-002 -0.726283430971140     
   9.44851958331270       0.100969530642033      -0.692350935306726     
   10.5058153946441       0.112188369035721      -0.658418443359194     
   11.5631112059756       0.123407199978828      -0.624485951411663     
   12.6204079685790       0.134626045823097      -0.590553527215117     
   13.6777037796603       0.145844876766205      -0.556621038984468     
   14.7349995927426       0.157063707709312      -0.522688521018754     
   15.7922954038239       0.168282553553581      -0.488756032788106     
   16.8495921684284       0.179501384496689      -0.454823578856494     
   17.9068879775086       0.190720215439796      -0.420891120360912     
   18.9641837905910       0.201939061284065      -0.386958602395197     
   20.0214795996712       0.213157892227173      -0.353026143899615     
   22.0589758077538       0.213157892227173      -0.490142495450975     
   24.0964739188806       0.213157892227173      -0.627258975070540     
   26.1339701269632       0.213157892227173      -0.764375326621900     
   28.1714663350458       0.213157892227173      -0.901491678173260     
   30.2089625431284       0.213157892227173       -1.03860802972462     
   32.2464606542552       0.213157892227173       -1.17572450934419     
   34.2839549592936       0.213157892227173       -1.31284073282734     
   36.3214530704204       0.213157892227173       -1.44995721244691     
   38.3589511815472       0.213157892227173       -1.58707369206647     
   40.3964454865855       0.213157892227173       -1.72418991554963     
   42.4339435977124       0.213157892227173       -1.86130639516919     
   44.4714417088392       0.213157892227173       -1.99842287478876     
   46.5089360138775       0.213157892227173       -2.13553909827191     
   48.5464341250043       0.213157892227173       -2.27265557789148     
   50.5839322361312       0.213157892227173       -2.40977205751104     
   52.6214265411695       0.213157892227173       -2.54688828099420     
   54.6589246522963       0.213157892227173       -2.68400476061376     
   56.6964227634231       0.213157892227173       -2.82112124023333     
   58.7339170684615       0.213157892227173       -2.95823746371648     
   59.4271136038074       0.201939061284065       -3.00447071648250     
   60.1203101431554       0.190720215439796       -3.05070390977839     
   60.8135066785013       0.179501384496689       -3.09693716254441     
   61.5067070199357       0.168282553553581       -3.14317067144683     
   62.1999035552816       0.157063707709312       -3.18940392421285     
   62.8931000906275       0.145844876766205       -3.23563717697887     
   63.5862966259734       0.134626045823097       -3.28187042974489     
   64.2794931613193       0.123407199978828       -3.32810368251091     
   64.9726935067558       0.112188369035721       -3.37433713194321     
   65.6658862360133       0.100969530642033       -3.42057012857282     
   66.3590865774476       8.975069224834439E-002  -3.46680363747524     
   67.0522793067050       7.853185385465621E-002  -3.51303663410485     
   67.7454796481394       6.731302291154860E-002  -3.55927014300728     
   68.4386723773968       5.609418451786040E-002  -3.60550313963689     
   69.1318727188312       4.487534612417220E-002  -3.65173664853932     
   69.8250654520908       3.365651145577430E-002  -3.69796958569880     
   70.5182657935251       2.243767306208610E-002  -3.74420309460123     
   71.2114585227826       1.121883653104310E-002  -3.79043609123084     
   71.9046588642170       0.000000000000000E+000  -3.83666960013327     
 -6.714462296505536E-002  0.000000000000000E+000 -0.997743253350721     
  0.990142127044460       1.495844870805740E-002 -0.963948959980749     
   2.04742887705398       2.991689741611480E-002 -0.930154666610776     
   3.10471562706349       4.487534612417220E-002 -0.896360373240804     
   4.16200237707301       5.983379483222960E-002 -0.862566079870832     
   5.21928888720093       7.479224354028700E-002 -0.828771800227400     
   6.27657587509097       8.975069224834439E-002 -0.794977522865954     
   7.33386238521890       0.104709140956402      -0.761183243222522     
   8.39114937310894       0.119667589664459      -0.727388965861075     
   9.44843588498779       0.134626045823097      -0.693594660199461     
   10.5057223966165       0.149584487080574      -0.659800358254730     
   11.5630089084954       0.164542943239212      -0.626006052593115     
   12.6202963711459       0.179501384496689      -0.592211822116253     
   13.6775828832749       0.194459840655327      -0.558417512737755     
   14.7348693954039       0.209418281912804      -0.524623203359257     
   15.7921559055318       0.224376738071442      -0.490828923715825     
   16.8494433691829       0.239335179328919      -0.457034678371430     
   17.9067298813119       0.254293620586395      -0.423240368992932     
   18.9640163934409       0.269252091646195      -0.389446059614435     
   20.0213029055699       0.284210532903671      -0.355651750235937     
   22.0587991136525       0.284210532903671      -0.492768101787297     
   24.0962972247793       0.284210532903671      -0.629884581406862     
   26.1337934328619       0.284210532903671      -0.767000932958222     
   28.1712896409445       0.284210532903671      -0.904117284509582     
   30.2087858490271       0.284210532903671       -1.04123363606094     
   32.2462839601539       0.284210532903671       -1.17835011568051     
   34.2837782651922       0.284210532903671       -1.31546633916366     
   36.3212763763190       0.284210532903671       -1.45258281878323     
   38.3587744874459       0.284210532903671       -1.58969929840279     
   40.3962687924842       0.284210532903671       -1.72681552188595     
   42.4337669036110       0.284210532903671       -1.86393200150551     
   44.4712650147378       0.284210532903671       -2.00104848112508     
   46.5087593197762       0.284210532903671       -2.13816470460823     
   48.5462574309030       0.284210532903671       -2.27528118422780     
   50.5837555420298       0.284210532903671       -2.41239766384736     
   52.6212498470682       0.284210532903671       -2.54951388733052     
   54.6587479581950       0.284210532903671       -2.68663036695008     
   56.6962460693218       0.284210532903671       -2.82374684656965     
   58.7337403743602       0.284210532903671       -2.96086307005280     
   59.4269462106594       0.269252091646195       -3.00695811423161     
   60.1201520429566       0.254293620586395       -3.05305321788054     
   60.8133578792559       0.239335179328919       -3.09914826205934     
   61.5065675216436       0.224376738071442       -3.14524356237455     
   62.1997733579429       0.209418281912804       -3.19133860655336     
   62.8929791942422       0.194459840655327       -3.23743365073216     
   63.5861850305414       0.179501384496689       -3.28352869491096     
   64.2793908668407       0.164542943239212       -3.32962373908976     
   64.9726005052263       0.149584487080574       -3.37571909887511     
   65.6658025354371       0.134626045823097       -3.42181388691750     
   66.3590121778249       0.119667589664459       -3.46790918723271     
   67.0522142080357       0.104709140956402       -3.51400397527511     
   67.7454238504234       8.975069224834439E-002  -3.56009927559032     
   68.4386258806342       7.479224354028700E-002  -3.60619406363271     
   69.1318355230220       5.983379483222960E-002  -3.65228936394792     
   69.8250375492307       4.487534612417220E-002  -3.69838421146045     
   70.5182471916184       2.991689741611480E-002  -3.74447951177566     
   71.2114492218292       1.495844870805740E-002  -3.79057429981805     
   71.9046588642170       0.000000000000000E+000  -3.83666960013327     
 -6.714462296505536E-002  0.000000000000000E+000 -0.997743253350721     
  0.990132826091086       1.869806088507180E-002 -0.964087168567965     
   2.04741027514723       3.739612177014350E-002 -0.930431083785210     
   3.10468772420337       5.609418451786040E-002 -0.896774999002454     
   4.16196517726164       7.479224354028700E-002 -0.863118854749566     
   5.21924238843725       9.349030256271360E-002 -0.829462753958285     
   6.27652007537392       0.112188369035721      -0.795806685184055     
   7.33379728654954       0.130886420607567      -0.762150584392774     
   8.39107497448674       0.149584487080574      -0.728494500751010     
   9.44835218666288       0.168282553553581      -0.694838385092196     
   10.5056293985889       0.186980605125427      -0.661182273150265     
   11.5629066100146       0.205678671598434      -0.627526168642101     
   12.6201847737129       0.224376738071442      -0.593870117017389     
   13.6774619848885       0.243074789643288      -0.560214016226108     
   14.7347391980652       0.261772841215134      -0.526557885699760     
   15.7920164072397       0.280470907688141      -0.492901814643545     
   16.8492945739396       0.299168974161148      -0.459245718416234     
   17.9065717851152       0.317867040634155      -0.425589617624953     
   18.9638489962908       0.336565107107162      -0.391933516833672     
   20.0211262074664       0.355263143777847      -0.358277416042390     
   22.0586224155490       0.355263143777847      -0.495393767593750     
   24.0961205266758       0.355263143777847      -0.632510247213315     
   26.1336167347584       0.355263143777847      -0.769626598764675     
   28.1711129428410       0.355263143777847      -0.906742950316036     
   30.2086091509236       0.355263143777847       -1.04385930186740     
   32.2461072620504       0.355263143777847       -1.18097578148696     
   34.2836015670888       0.355263143777847       -1.31809200497012     
   36.3210996782156       0.355263143777847       -1.45520848458968     
   38.3585977893424       0.355263143777847       -1.59232496420925     
   40.3960920943807       0.355263143777847       -1.72944118769240     
   42.4335902055076       0.355263143777847       -1.86655766731197     
   44.4710883166344       0.355263143777847       -2.00367414693153     
   46.5085826216727       0.355263143777847       -2.14079037041469     
   48.5460807327996       0.355263143777847       -2.27790685003425     
   50.5835788439264       0.355263143777847       -2.41502332965382     
   52.6210731489647       0.355263143777847       -2.55213955313697     
   54.6585712600915       0.355263143777847       -2.68925603275654     
   56.6960693712184       0.355263143777847       -2.82637251237610     
   58.7335636762567       0.355263143777847       -2.96348873585926     
   59.4267788135094       0.336565107107162       -3.00944557145084     
   60.1199939467599       0.317867040634155       -3.05540246651256     
   60.8132090840125       0.299168974161148       -3.10135930210415     
   61.5064280233515       0.280470907688141       -3.14731645330227     
   62.1996431606042       0.261772841215134       -3.19327328889386     
   62.8928582978568       0.243074789643288       -3.23923012448545     
   63.5860734311073       0.224376738071442       -3.28518701954716     
   64.2792885683600       0.205678671598434       -3.33114385513875     
   64.9725075076990       0.186980605125427       -3.37710100633688     
   65.6657188388632       0.168282553553581       -3.42305758579205     
   66.3589377782021       0.149584487080574       -3.46901473699018     
   67.0521491093663       0.130886420607567       -3.51497131644536     
   67.7453680527074       0.112188369035721       -3.56092840817335     
   68.4385793798695       9.349030256271360E-002  -3.60688504709866     
   69.1317983232106       7.479224354028700E-002  -3.65284213882666     
   69.8250096503727       5.609418451786040E-002  -3.69879877775197     
   70.5182285937138       3.739612177014350E-002  -3.74475586947996     
   71.2114399208758       1.869806088507180E-002  -3.79071250840527     
   71.9046588642170       0.000000000000000E+000  -3.83666960013327     
 -6.714462296505536E-002  0.000000000000000E+000 -0.997743253350721     
  0.990123525137711       2.243767306208610E-002 -0.964225377155182     
   2.04739167724261       4.487534612417220E-002 -0.930707441489510     
   3.10465982534538       6.731302291154860E-002 -0.897189565293971     
   4.16192797745027       8.975069224834439E-002 -0.863671629628300     
   5.21919588967358       0.112188369035721      -0.830153707689169     
   6.27646427565687       0.134626045823097      -0.796635847502156     
   7.33373218788018       0.157063707709312      -0.763117925563025     
   8.39100057586454       0.179501384496689      -0.729600035640946     
   9.44826848833798       0.201939061284065      -0.696082109984931     
   10.5055364003111       0.224376738071442      -0.662564191762684     
   11.5628043125344       0.246814399957657      -0.629046269823553     
   12.6200731762799       0.269252091646195      -0.595528411918525     
   13.6773410885032       0.291689753532410      -0.562010489979394     
   14.7346090007265       0.314127415418625      -0.528492568040263     
   15.7918769129498       0.336565107107162      -0.494974646101133     
   16.8491457746941       0.359002768993378      -0.461456817931170     
   17.9064136889185       0.381440430879593      -0.427938866256973     
   18.9636815991407       0.403878122568130      -0.394420974052909     
   20.0209495133651       0.426315784454346      -0.360903022378712     
   22.0584457214477       0.426315784454346      -0.498019373930072     
   24.0959438325745       0.426315784454346      -0.635135853549637     
   26.1334400406571       0.426315784454346      -0.772252205100997     
   28.1709362487397       0.426315784454346      -0.909368556652357     
   30.2084324568223       0.426315784454346       -1.04648490820372     
   32.2459305679491       0.426315784454346       -1.18360138782328     
   34.2834248729874       0.426315784454346       -1.32071761130644     
   36.3209229841143       0.426315784454346       -1.45783409092600     
   38.3584210952411       0.426315784454346       -1.59495057054557     
   40.3959154002794       0.426315784454346       -1.73206679402872     
   42.4334135114062       0.426315784454346       -1.86918327364829     
   44.4709116225331       0.426315784454346       -2.00629975326785     
   46.5084059275714       0.426315784454346       -2.14341597675101     
   48.5459040386982       0.426315784454346       -2.28053245637057     
   50.5834021498250       0.426315784454346       -2.41764893599014     
   52.6208964548634       0.426315784454346       -2.55476515947329     
   54.6583945659902       0.426315784454346       -2.69188163909286     
   56.6958926771170       0.426315784454346       -2.82899811871242     
   58.7333869821554       0.426315784454346       -2.96611434219558     
   59.4266114163593       0.403878122568130       -3.01193302867008     
   60.1198358505632       0.381440430879593       -3.05775171514458     
   60.8130602847671       0.359002768993378       -3.10357040161908     
   61.5062885290615       0.336565107107162       -3.14938928475986     
   62.1995129632654       0.314127415418625       -3.19520797123436     
   62.8927373974693       0.291689753532410       -3.24102665770886     
   63.5859618356754       0.269252091646195       -3.28684528471323     
   64.2791862698793       0.246814399957657       -3.33266397118774     
   64.9724145101716       0.224376738071442       -3.37848291379865     
   65.6656351382870       0.201939061284065       -3.42430134413674     
   66.3588633825815       0.179501384496689       -3.47012022727752     
   67.0520840106970       0.157063707709312       -3.51593865761561     
   67.7453122509893       0.134626045823097       -3.56175760022652     
   68.4385328831069       0.112188369035721       -3.60757597109448     
   69.1317611233992       8.975069224834439E-002  -3.65339491370539     
   69.8249817515147       6.731302291154860E-002  -3.69921334404348     
   70.5182099918070       4.487534612417220E-002  -3.74503228665439     
   71.2114306239246       2.243767306208610E-002  -3.79085065752235     
   71.9046588642170       0.000000000000000E+000  -3.83666960013327     
 -6.714462296505536E-002  0.000000000000000E+000 -0.997743253350721     
  0.990114228186468       2.617728523910050E-002 -0.964363526272266     
   2.04737307533586       5.235457047820090E-002 -0.930983858663944     
   3.10463192648738       7.853185385465621E-002 -0.897604131585489     
   4.16189077763891       0.104709140956402      -0.864224404507034     
   5.21914938890884       0.130886420607567      -0.830844691155120     
   6.27640847794089       0.157063707709312      -0.797464980085191     
   7.33366708921082       0.183240994811058      -0.764085266733276     
   8.39092617824287       0.209418281912804      -0.730705555663347     
   9.44818479001307       0.235595569014549      -0.697325834877667     
   10.5054434022835       0.261772841215134      -0.663946106658220     
   11.5627020140537       0.287950128316879      -0.630566385872539     
   12.6199615788468       0.314127415418625      -0.597186706819661     
   13.6772201901168       0.340304702520370      -0.563806993467747     
   14.7344788033878       0.366481989622116      -0.530427250380766     
   15.7917374146577       0.392659276723862      -0.497047537028852     
   16.8489969794508       0.418836563825607      -0.463667857975974     
   17.9062555927218       0.445013850927353      -0.430288114888994     
   18.9635142019907       0.471191138029099      -0.396908431272146     
   20.0207728152617       0.497368425130844      -0.363528688185166     
   22.0582690233442       0.497368425130844      -0.500645039736526     
   24.0957671344710       0.497368425130844      -0.637761519356091     
   26.1332633425536       0.497368425130844      -0.774877870907451     
   28.1707595506362       0.497368425130844      -0.911994222458811     
   30.2082557587188       0.497368425130844       -1.04911057401017     
   32.2457538698456       0.497368425130844       -1.18622705362974     
   34.2832481748840       0.497368425130844       -1.32334327711289     
   36.3207462860108       0.497368425130844       -1.46045975673246     
   38.3582443971376       0.497368425130844       -1.59757623635202     
   40.3957387021760       0.497368425130844       -1.73469245983518     
   42.4332368133028       0.497368425130844       -1.87180893945474     
   44.4707349244296       0.497368425130844       -2.00892541907431     
   46.5082292294680       0.497368425130844       -2.14604164255746     
   48.5457273405948       0.497368425130844       -2.28315812217703     
   50.5832254517216       0.497368425130844       -2.42027460179659     
   52.6207197567599       0.497368425130844       -2.55739082527975     
   54.6582178678868       0.497368425130844       -2.69450730489931     
   56.6957159790136       0.497368425130844       -2.83162378451888     
   58.7332102840519       0.497368425130844       -2.96874000800203     
   59.4264440192092       0.471191138029099       -3.01442048588932     
   60.1196777543665       0.445013850927353       -3.06010096377660     
   60.8129114895237       0.418836563825607       -3.10578144166389     
   61.5061490307695       0.392659276723862       -3.15146217568758     
   62.1993827659267       0.366481989622116       -3.19714265357487     
   62.8926165010840       0.340304702520370       -3.24282313146215     
   63.5858502362413       0.314127415418625       -3.28850360934944     
   64.2790839713985       0.287950128316879       -3.33418408723672     
   64.9723215126443       0.261772841215134       -3.37986482126041     
   65.6655514417131       0.235595569014549       -3.42554504301129     
   66.3587889829588       0.209418281912804       -3.47122577703499     
   67.0520189120276       0.183240994811058       -3.51690599878586     
   67.7452564532733       0.157063707709312       -3.56258673280956     
   68.4384863823421       0.130886420607567       -3.60826695456043     
   69.1317239235879       0.104709140956402       -3.65394768858413     
   69.8249538526567       7.853185385465621E-002  -3.69962791033500     
   70.5181913939024       5.235457047820090E-002  -3.74530864435870     
   71.2114213229712       2.617728523910050E-002  -3.79098886610957     
   71.9046588642170       0.000000000000000E+000  -3.83666960013327     
 -6.714462296505536E-002  0.000000000000000E+000 -0.997743253350721     
  0.990104927233094       2.991689741611480E-002 -0.964501734859483     
   2.04735447743124       5.983379483222960E-002 -0.931260216368245     
   3.10460402762939       8.975069224834439E-002 -0.898018697877006     
   4.16185357782754       0.119667589664459      -0.864777179385768     
   5.21910289014516       0.149584487080574      -0.831535644886005     
   6.27635267822384       0.179501384496689      -0.798294142403292     
   7.33360199054146       0.209418281912804      -0.765052607903528     
   8.39085177962067       0.239335179328919      -0.731811090553283     
   9.44810109193829       0.269252091646195      -0.698569556053519     
   10.5053504042559       0.299168974161148      -0.665328021553755     
   11.5625997165735       0.329085886478424      -0.632086487053991     
   12.6198499804133       0.359002768993378      -0.598845016588330     
   13.6770992937314       0.388919681310654      -0.565603467221033     
   14.7343486060490       0.418836563825607      -0.532361932721269     
   15.7915979163656       0.448753476142883      -0.499120427956572     
   16.8488481802053       0.478670358657837      -0.465878957490910     
   17.9060974925229       0.508587241172791      -0.432637422991147     
   18.9633468048406       0.538504183292389      -0.399395888491383     
   20.0205961171582       0.568421065807343      -0.366154353991619     
   22.0580923252408       0.568421065807343      -0.503270705542979     
   24.0955904363676       0.568421065807343      -0.640387185162544     
   26.1330866444502       0.568421065807343      -0.777503536713904     
   28.1705828525328       0.568421065807343      -0.914619888265265     
   30.2080790606153       0.568421065807343       -1.05173623981662     
   32.2455771717422       0.568421065807343       -1.18885271943619     
   34.2830714767805       0.568421065807343       -1.32596894291934     
   36.3205695879073       0.568421065807343       -1.46308542253891     
   38.3580676990342       0.568421065807343       -1.60020190215847     
   40.3955620040725       0.568421065807343       -1.73731812564163     
   42.4330601151993       0.568421065807343       -1.87443460526119     
   44.4705582263261       0.568421065807343       -2.01155108488076     
   46.5080525313645       0.568421065807343       -2.14866730836391     
   48.5455506424913       0.568421065807343       -2.28578378798348     
   50.5830487536181       0.568421065807343       -2.42290026760304     
   52.6205430586565       0.568421065807343       -2.56001649108620     
   54.6580411697833       0.568421065807343       -2.69713297070576     
   56.6955392809101       0.568421065807343       -2.83424945032533     
   58.7330335859485       0.568421065807343       -2.97136567380849     
   59.4262766220591       0.538504183292389       -3.01690794310855     
   60.1195196581698       0.508587241172791       -3.06245021240862     
   60.8127626942804       0.478670358657837       -3.10799248170869     
   61.5060095324774       0.448753476142883       -3.15353506661530     
   62.1992525685880       0.418836563825607       -3.19907733591537     
   62.8924956046987       0.388919681310654       -3.24461960521544     
   63.5857386368072       0.359002768993378       -3.29016193398564     
   64.2789816729178       0.329085886478424       -3.33570420328571     
   64.9722285151169       0.299168974161148       -3.38124672872218     
   65.6654677451391       0.269252091646195       -3.42678874188584     
   66.3587145833361       0.239335179328919       -3.47233132679245     
   67.0519538133583       0.209418281912804       -3.51787333995611     
   67.7452006555574       0.179501384496689       -3.56341586539259     
   68.4384398815774       0.149584487080574       -3.60895793802638     
   69.1316867237765       0.119667589664459       -3.65450046346286     
   69.8249259537987       8.975069224834439E-002  -3.70004247662652     
   70.5181727959978       5.983379483222960E-002  -3.74558500206300     
   71.2114120220179       2.991689741611480E-002  -3.79112707469679     
   71.9046588642170       0.000000000000000E+000  -3.83666960013327     
 -6.714462296505536E-002  0.000000000000000E+000 -0.997743253350721     
  0.990095626279719       3.365651145577430E-002 -0.964639943446699     
   2.04733587952662       6.731302291154860E-002 -0.931536574072545     
   3.10457612877140       0.100969530642033      -0.898433264168524     
   4.16181637801617       0.134626045823097      -0.865329954264502     
   5.21905639138148       0.168282553553581      -0.832226598616889     
   6.27629688050785       0.201939061284065      -0.799123274986327     
   7.33353689187210       0.235595569014549      -0.766019949073780     
   8.39077738099847       0.269252091646195      -0.732916625443218     
   9.44801739336325       0.302908599376679      -0.699813284663137     
   10.5052574062283       0.336565107107162      -0.666709936449291     
   11.5624974190933       0.370221614837646      -0.633606588235444     
   12.6197383829802       0.403878122568130      -0.600503311489466     
   13.6769783953450       0.437534630298615      -0.567399970709386     
   14.7342184087103       0.471191138029099      -0.534296615061773     
   15.7914584220756       0.504847645759583      -0.501193259414159     
   16.8486993849620       0.538504183292389      -0.468089997535714     
   17.9059393963262       0.572160661220551      -0.434986671623167     
   18.9631794116926       0.605817198753357      -0.401883286240488     
   20.0204194230569       0.639473676681519      -0.368779960327941     
   22.0579156311394       0.639473676681519      -0.505896311879301     
   24.0954137422663       0.639473676681519      -0.643012791498866     
   26.1329099503488       0.639473676681519      -0.780129143050226     
   28.1704061584314       0.639473676681519      -0.917245494601586     
   30.2079023665140       0.639473676681519       -1.05436184615295     
   32.2454004776408       0.639473676681519       -1.19147832577251     
   34.2828947826792       0.639473676681519       -1.32859454925567     
   36.3203928938060       0.639473676681519       -1.46571102887523     
   38.3578910049328       0.639473676681519       -1.60282750849480     
   40.3953853099712       0.639473676681519       -1.73994373197795     
   42.4328834210980       0.639473676681519       -1.87706021159752     
   44.4703815322248       0.639473676681519       -2.01417669121708     
   46.5078758372632       0.639473676681519       -2.15129291470024     
   48.5453739483900       0.639473676681519       -2.28840939431980     
   50.5828720595168       0.639473676681519       -2.42552587393937     
   52.6203663645552       0.639473676681519       -2.56264209742252     
   54.6578644756820       0.639473676681519       -2.69975857704209     
   56.6953625868088       0.639473676681519       -2.83687505666165     
   58.7328568918471       0.639473676681519       -2.97399128014481     
   59.4261092249090       0.605817198753357       -3.01939540032779     
   60.1193615619730       0.572160661220551       -3.06479946104064     
   60.8126138950349       0.538504183292389       -3.11020358122363     
   61.5058700381874       0.504847645759583       -3.15560789807289     
   62.1991223712493       0.471191138029099       -3.20101201825587     
   62.8923747043112       0.437534630298615       -3.24641613843886     
   63.5856270413752       0.403878122568130       -3.29182019915171     
   64.2788793744371       0.370221614837646       -3.33722431933469     
   64.9721355175896       0.336565107107162       -3.38262863618395     
   65.6653840445630       0.302908599376679       -3.42803250023053     
   66.3586401877155       0.269252091646195       -3.47343681707979     
   67.0518887146889       0.235595569014549       -3.51884068112636     
   67.7451448538392       0.201939061284065       -3.56424505744576     
   68.4383933848148       0.168282553553581       -3.60964886202220     
   69.1316495239651       0.134626045823097       -3.65505323834159     
   69.8248980549407       0.100969530642033       -3.70045704291804     
   70.5181541940910       6.731302291154860E-002  -3.74586141923743     
   71.2114027250666       3.365651145577430E-002  -3.79126522381387     
   71.9046588642170       0.000000000000000E+000  -3.83666960013327     
 -6.714462296505536E-002  0.000000000000000E+000 -0.997743253350721     
  0.990086329328476       3.739612177014350E-002 -0.964778092563784     
   2.04731727761988       7.479224354028700E-002 -0.931812991246979     
   3.10454822991341       0.112188369035721      -0.898847830460041     
   4.16177917820481       0.149584487080574      -0.865882729143236     
   5.21900989261781       0.186980605125427      -0.832917552347773     
   6.27624108079080       0.224376738071442      -0.799952437304428     
   7.33347179320274       0.261772841215134      -0.766987290244031     
   8.39070298237627       0.299168974161148      -0.734022160333153     
   9.44793369528847       0.336565107107162      -0.701057005838990     
   10.5051644079505       0.373961210250854      -0.668091855061709     
   11.5623951206126       0.411357343196869      -0.635126704284430     
   12.6196267855472       0.448753476142883      -0.602161606390602     
   13.6768574969586       0.486149579286575      -0.569196474197738     
   14.7340882113716       0.523545682430267      -0.536231297402276     
   15.7913189237835       0.560941815376282      -0.503266150341879     
   16.8485505897187       0.598337948322296      -0.470301037580518     
   17.9057813001295       0.635734081268311      -0.437335920255188     
   18.9630120145425       0.673130214214325      -0.404370743459725     
   20.0202427249534       0.710526287555695      -0.371405626134394     
   22.0577389330360       0.710526287555695      -0.508521977685754     
   24.0952370441628       0.710526287555695      -0.645638457305319     
   26.1327332522454       0.710526287555695      -0.782754808856679     
   28.1702294603280       0.710526287555695      -0.919871160408040     
   30.2077256684106       0.710526287555695       -1.05698751195940     
   32.2452237795374       0.710526287555695       -1.19410399157896     
   34.2827180845757       0.710526287555695       -1.33122021506212     
   36.3202161957025       0.710526287555695       -1.46833669468168     
   38.3577143068294       0.710526287555695       -1.60545317430125     
   40.3952086118677       0.710526287555695       -1.74256939778441     
   42.4327067229945       0.710526287555695       -1.87968587740397     
   44.4702048341213       0.710526287555695       -2.01680235702353     
   46.5076991391597       0.710526287555695       -2.15391858050669     
   48.5451972502865       0.710526287555695       -2.29103506012626     
   50.5826953614133       0.710526287555695       -2.42815153974582     
   52.6201896664517       0.710526287555695       -2.56526776322898     
   54.6576877775785       0.710526287555695       -2.70238424284854     
   56.6951858887053       0.710526287555695       -2.83950072246811     
   58.7326801937437       0.710526287555695       -2.97661694595126     
   59.4259418277589       0.673130214214325       -3.02188285754703     
   60.1192034657763       0.635734081268311       -3.06714870967266     
   60.8124650997916       0.598337948322296       -3.11241462126843     
   61.5057305398953       0.560941815376282       -3.15768078900061     
   62.1989921739106       0.523545682430267       -3.20294670059638     
   62.8922538079258       0.486149579286575       -3.24821261219214     
   63.5855154419411       0.448753476142883       -3.29347852378791     
   64.2787770759564       0.411357343196869       -3.33874443538368     
   64.9720425200622       0.373961210250854       -3.38401054364572     
   65.6653003479890       0.336565107107162       -3.42927619910508     
   66.3585657880927       0.299168974161148       -3.47454236683726     
   67.0518236160195       0.261772841215134       -3.51980802229661     
   67.7450890561233       0.224376738071442       -3.56507419002879     
   68.4383468840500       0.186980605125427       -3.61033984548815     
   69.1316123241538       0.149584487080574       -3.65560601322033     
   69.8248701560827       0.112188369035721       -3.70087160920955     
   70.5181355961864       7.479224354028700E-002  -3.74613777694173     
   71.2113934241132       3.739612177014350E-002  -3.79140343240109     
   71.9046588642170       0.000000000000000E+000  -3.83666960013327     
 -6.714462296505536E-002  0.000000000000000E+000 -0.997743253350721     
  0.990077028375101       4.113573580980300E-002 -0.964916301151000     
   2.04729867971526       8.227147161960600E-002 -0.932089348951279     
   3.10452033105542       0.123407199978828      -0.899262396751559     
   4.16174198239557       0.164542943239212      -0.866435444551838     
   5.21896339385413       0.205678671598434      -0.833608506078658     
   6.27618528307482       0.246814399957657      -0.800781569887463     
   7.33340669453338       0.287950128316879      -0.767954631414283     
   8.39062858375407       0.329085886478424      -0.735127695223088     
   9.44784999671343       0.370221614837646      -0.702300734448608     
   10.5050714099229       0.411357343196869      -0.669473769957245     
   11.5622928231324       0.452493071556091      -0.636646805465882     
   12.6195151871136       0.493628799915314      -0.603819916159271     
   13.6767366005733       0.534764528274536      -0.570992947951025     
   14.7339580140329       0.575900256633759      -0.538165979742779     
   15.7911794254914       0.617035984992981      -0.505339041269598     
   16.8484017904732       0.658171772956848      -0.472512137095455     
   17.9056232039328       0.699307501316071      -0.439685168887208     
   18.9628446173924       0.740443229675293      -0.406858200678962     
   20.0200660308521       0.781578958034515      -0.374031232470716     
   22.0575622389347       0.781578958034515      -0.511147584022076     
   24.0950603500615       0.781578958034515      -0.648264063641641     
   26.1325565581441       0.781578958034515      -0.785380415193001     
   28.1700527662266       0.781578958034515      -0.922496766744361     
   30.2075489743092       0.781578958034515       -1.05961311829572     
   32.2450470854360       0.781578958034515       -1.19672959791529     
   34.2825413904744       0.781578958034515       -1.33384582139844     
   36.3200395016012       0.781578958034515       -1.47096230101801     
   38.3575376127280       0.781578958034515       -1.60807878063757     
   40.3950319177664       0.781578958034515       -1.74519500412073     
   42.4325300288932       0.781578958034515       -1.88231148374029     
   44.4700281400200       0.781578958034515       -2.01942796335986     
   46.5075224450584       0.781578958034515       -2.15654418684301     
   48.5450205561852       0.781578958034515       -2.29366066646258     
   50.5825186673120       0.781578958034515       -2.43077714608214     
   52.6200129723504       0.781578958034515       -2.56789336956530     
   54.6575110834772       0.781578958034515       -2.70500984918486     
   56.6950091946040       0.781578958034515       -2.84212632880443     
   58.7325034996423       0.781578958034515       -2.97924255228758     
   59.4257744346110       0.740443229675293       -3.02437025529613     
   60.1190453655775       0.699307501316071       -3.06949801777482     
   60.8123163005461       0.658171772956848       -3.11462572078337     
   61.5055910416032       0.617035984992981       -3.15975367992833     
   62.1988619765719       0.575900256633759       -3.20488138293688     
   62.8921329115405       0.534764528274536       -3.25000908594543     
   63.5854038465091       0.493628799915314       -3.29513678895398     
   64.2786747814778       0.452493071556091       -3.34026449196253     
   64.9719495185327       0.411357343196869       -3.38539251057762     
   65.6652166474129       0.370221614837646       -3.43051995744976     
   66.3584913884700       0.329085886478424       -3.47564791659473     
   67.0517585173502       0.287950128316879       -3.52077536346687     
   67.7450332584073       0.246814399957657       -3.56590332261183     
   68.4383003872874       0.205678671598434       -3.61103076948397     
   69.1315751283445       0.164542943239212       -3.65615872862893     
   69.8248422532226       0.123407199978828       -3.70128623497120     
   70.5181169942797       8.227147161960600E-002  -3.74641419411616     
   71.2113841231599       4.113573580980300E-002  -3.79154164098830     
   71.9046588642170       0.000000000000000E+000  -3.83666960013327     
 -6.714462296505536E-002  0.000000000000000E+000 -0.997743253350721     
  0.990067727421727       4.487534612417220E-002 -0.965054509738217     
   2.04728007780851       8.975069224834439E-002 -0.932365766125713     
   3.10449243219742       0.134626045823097      -0.899676963043076     
   4.16170478258420       0.179501384496689      -0.866988219430572     
   5.21891689509046       0.224376738071442      -0.834299459809543     
   6.27612948335777       0.269252091646195      -0.801610732205564     
   7.33334159586402       0.314127415418625      -0.768921972584534     
   8.39055418513187       0.359002768993378      -0.736233230113023     
   9.44776629863865       0.403878122568130      -0.703544455624460     
   10.5049784118953       0.448753476142883      -0.670855684852780     
   11.5621905246517       0.493628799915314      -0.638166921514868     
   12.6194035896806       0.538504183292389      -0.605478211060407     
   13.6766157021868       0.583379507064819      -0.572789451439378     
   14.7338278166942       0.628254830837250      -0.540100662083282     
   15.7910399312015       0.673130214214325      -0.507411872727186     
   16.8482529952299       0.718005537986755      -0.474723177140259     
   17.9054651077361       0.762880861759186      -0.442034417519229     
   18.9626772202424       0.807756245136261      -0.409345657898199     
   20.0198893327486       0.852631568908691      -0.376656898277170     
   22.0573855408312       0.852631568908691      -0.513773249828530     
   24.0948836519580       0.852631568908691      -0.650889729448095     
   26.1323798600406       0.852631568908691      -0.788006080999455     
   28.1698760681232       0.852631568908691      -0.925122432550815     
   30.2073722762058       0.852631568908691       -1.06223878410217     
   32.2448703873326       0.852631568908691       -1.19935526372174     
   34.2823646923709       0.852631568908691       -1.33647148720490     
   36.3198628034978       0.852631568908691       -1.47358796682446     
   38.3573609146246       0.852631568908691       -1.61070444644402     
   40.3948552196629       0.852631568908691       -1.74782066992718     
   42.4323533307897       0.852631568908691       -1.88493714954675     
   44.4698514419166       0.852631568908691       -2.02205362916631     
   46.5073457469549       0.852631568908691       -2.15916985264947     
   48.5448438580817       0.852631568908691       -2.29628633226903     
   50.5823419692085       0.852631568908691       -2.43340281188860     
   52.6198362742469       0.852631568908691       -2.57051903537175     
   54.6573343853737       0.852631568908691       -2.70763551499132     
   56.6948324965005       0.852631568908691       -2.84475199461088     
   58.7323268015389       0.852631568908691       -2.98186821809404     
   59.4256070374609       0.807756245136261       -3.02685771251537     
   60.1188872693808       0.762880861759186       -3.07184726640684     
   60.8121675053028       0.718005537986755       -3.11683676082817     
   61.5054515433111       0.673130214214325       -3.16182657085605     
   62.1987317792331       0.628254830837250       -3.20681606527738     
   62.8920120151551       0.583379507064819       -3.25180555969872     
   63.5852922470750       0.538504183292389       -3.29679511359018     
   64.2785724829970       0.493628799915314       -3.34178460801152     
   64.9718565210054       0.448753476142883       -3.38677441803939     
   65.6651329508389       0.403878122568130       -3.43176365632432     
   66.3584169888473       0.359002768993378       -3.47675346635219     
   67.0516934186808       0.314127415418625       -3.52174270463712     
   67.7449774606913       0.269252091646195       -3.56673245519486     
   68.4382538865227       0.224376738071442       -3.61172175294992     
   69.1315379285332       0.179501384496689       -3.65671150350766     
   69.8248143543646       0.134626045823097       -3.70170080126272     
   70.5180983963751       8.975069224834439E-002  -3.74669055182046     
   71.2113748222065       4.487534612417220E-002  -3.79167984957552     
   71.9046588642170       0.000000000000000E+000  -3.83666960013327     
 -6.714462296505536E-002  0.000000000000000E+000 -0.997743253350721     
  0.990058426468352       4.861496016383170E-002 -0.965192718325433     
   2.04726147990389       9.722992032766339E-002 -0.932642123830014     
   3.10446452933730       0.145844876766205      -0.900091588804726     
   4.16166758277284       0.194459840655327      -0.867540994309306     
   5.21887039632678       0.243074789643288      -0.834990413540427     
   6.27607368364072       0.291689753532410      -0.802439894523665     
   7.33327649719466       0.340304702520370      -0.769889313754786     
   8.39047978751020       0.388919681310654      -0.737338750135425     
   9.44768260056388       0.437534630298615      -0.704788176800312     
   10.5048854138677       0.486149579286575      -0.672237599748316     
   11.5620882271715       0.534764528274536      -0.639687022696320     
   12.6192919922476       0.583379507064819      -0.607136505961543     
   13.6764948058015       0.631994485855103      -0.574585925192664     
   14.7336976193554       0.680609405040741      -0.542035344423785     
   15.7909004329094       0.729224383831024      -0.509484763654906     
   16.8481041959844       0.777839362621307      -0.476934276655195     
   17.9053070115394       0.826454281806946      -0.444383666151249     
   18.9625098230923       0.875069260597229      -0.411833115117436     
   20.0197126386473       0.923684239387512      -0.379282504613491     
   22.0572088467299       0.923684239387512      -0.516398856164851     
   24.0947069578567       0.923684239387512      -0.653515335784416     
   26.1322031659393       0.923684239387512      -0.790631687335776     
   28.1696993740219       0.923684239387512      -0.927748038887136     
   30.2071955821044       0.923684239387512       -1.06486439043850     
   32.2446936932313       0.923684239387512       -1.20198087005806     
   34.2821879982696       0.923684239387512       -1.33909709354122     
   36.3196861093964       0.923684239387512       -1.47621357316078     
   38.3571842205232       0.923684239387512       -1.61333005278035     
   40.3946785255616       0.923684239387512       -1.75044627626350     
   42.4321766366884       0.923684239387512       -1.88756275588307     
   44.4696747478152       0.923684239387512       -2.02467923550263     
   46.5071690528536       0.923684239387512       -2.16179545898579     
   48.5446671639804       0.923684239387512       -2.29891193860535     
   50.5821652751072       0.923684239387512       -2.43602841822492     
   52.6196595801456       0.923684239387512       -2.57314464170807     
   54.6571576912724       0.923684239387512       -2.71026112132764     
   56.6946558023992       0.923684239387512       -2.84737760094720     
   58.7321501074376       0.923684239387512       -2.98449382443036     
   59.4254396403108       0.875069260597229       -3.02934516973461     
   60.1187291731841       0.826454281806946       -3.07419651503886     
   60.8120187060573       0.777839362621307       -3.11904786034311     
   61.5053120490212       0.729224383831024       -3.16389940231363     
   62.1986015818944       0.680609405040741       -3.20875074761788     
   62.8918911147677       0.631994485855103       -3.25360209292213     
   63.5851806516431       0.583379507064819       -3.29845337875625     
   64.2784701845163       0.534764528274536       -3.34330472406050     
   64.9717635234780       0.486149579286575       -3.38815632550116     
   65.6650492502628       0.437534630298615       -3.43300741466900     
   66.3583425932267       0.388919681310654       -3.47785895663953     
   67.0516283200115       0.340304702520370       -3.52271004580737     
   67.7449216589732       0.291689753532410       -3.56756164724803     
   68.4382073897601       0.243074789643288       -3.61241267694574     
   69.1315007287218       0.194459840655327       -3.65726427838640     
   69.8247864555066       0.145844876766205       -3.70211536755424     
   70.5180797944683       9.722992032766339E-002  -3.74696696899490     
   71.2113655252552       4.861496016383170E-002  -3.79181799869261     
   71.9046588642170       0.000000000000000E+000  -3.83666960013327     
 -6.714462296505536E-002  0.000000000000000E+000 -0.997743253350721     
  0.990049129517109       5.235457047820090E-002 -0.965330867442518     
   2.04724287799714       0.104709140956402      -0.932918541004447     
   3.10443663047931       0.157063707709312      -0.900506155096243     
   4.16163038296147       0.209418281912804      -0.868093769188040     
   5.21882389556204       0.261772841215134      -0.835681397006378     
   6.27601788592473       0.314127415418625      -0.803269027106700     
   7.33321139852530       0.366481989622116      -0.770856654925037     
   8.39040538888800       0.418836563825607      -0.738444285025360     
   9.44759890198883       0.471191138029099      -0.706031905409931     
   10.5047924155899       0.523545682430267      -0.673619518360735     
   11.5619859296913       0.575900256633759      -0.641207123877773     
   12.6191803938140       0.628254830837250      -0.608794815730212     
   13.6763739074151       0.680609405040741      -0.576382428681017     
   14.7335674220167       0.732963979244232      -0.543970026764288     
   15.7907609346173       0.785318553447723      -0.511557654582625     
   16.8479554007410       0.837673127651215      -0.479145316699999     
   17.9051489153427       0.890027701854706      -0.446732914783270     
   18.9623424259422       0.942382276058197      -0.414320572336674     
   20.0195359405438       0.994736850261688      -0.381908170419945     
   22.0570321486264       0.994736850261688      -0.519024521971305     
   24.0945302597532       0.994736850261688      -0.656141001590870     
   26.1320264678358       0.994736850261688      -0.793257353142230     
   28.1695226759184       0.994736850261688      -0.930373704693590     
   30.2070188840010       0.994736850261688       -1.06749005624495     
   32.2445169951278       0.994736850261688       -1.20460653586452     
   34.2820113001662       0.994736850261688       -1.34172275934767     
   36.3195094112930       0.994736850261688       -1.47883923896724     
   38.3570075224198       0.994736850261688       -1.61595571858680     
   40.3945018274581       0.994736850261688       -1.75307194206996     
   42.4319999385850       0.994736850261688       -1.89018842168952     
   44.4694980497118       0.994736850261688       -2.02730490130909     
   46.5069923547501       0.994736850261688       -2.16442112479224     
   48.5444904658769       0.994736850261688       -2.30153760441181     
   50.5819885770038       0.994736850261688       -2.43865408403137     
   52.6194828820421       0.994736850261688       -2.57577030751453     
   54.6569809931689       0.994736850261688       -2.71288678713409     
   56.6944791042957       0.994736850261688       -2.85000326675366     
   58.7319734093341       0.994736850261688       -2.98711949023681     
   59.4252722431607       0.942382276058197       -3.03183262695384     
   60.1185710769874       0.890027701854706       -3.07654576367088     
   60.8118699108140       0.837673127651215       -3.12125890038791     
   61.5051725507291       0.785318553447723       -3.16597229324135     
   62.1984713845557       0.732963979244232       -3.21068542995839     
   62.8917702183823       0.680609405040741       -3.25539856667542     
   63.5850690522090       0.628254830837250       -3.30011170339245     
   64.2783678860356       0.575900256633759       -3.34482484010949     
   64.9716705259507       0.523545682430267       -3.38953823296293     
   65.6649655536888       0.471191138029099       -3.43425111354355     
   66.3582681936039       0.418836563825607       -3.47896450639700     
   67.0515632213421       0.366481989622116       -3.52367738697762     
   67.7448658612572       0.314127415418625       -3.56839077983106     
   68.4381608889953       0.261772841215134       -3.61310366041169     
   69.1314635289104       0.209418281912804       -3.65781705326513     
   69.8247585566486       0.157063707709312       -3.70252993384576     
   70.5180611965637       0.104709140956402       -3.74724332669920     
   71.2113562243019       5.235457047820090E-002  -3.79195620727982     
   71.9046588642170       0.000000000000000E+000  -3.83666960013327     
 -6.714462296505536E-002  0.000000000000000E+000 -0.997743253350721     
  0.990039828563735       5.609418451786040E-002 -0.965469076029734     
   2.04722428009252       0.112188369035721      -0.933194898708748     
   3.10440873162131       0.168282553553581      -0.900920721387761     
   4.16159318315010       0.224376738071442      -0.868646544066774     
   5.21877739679837       0.280470907688141      -0.836372350737262     
   6.27596208620768       0.336565107107162      -0.804098189424801     
   7.33314629985595       0.392659276723862      -0.771823996095289     
   8.39033099026580       0.448753476142883      -0.739549819915295     
   9.44751520391406       0.504847645759583      -0.707275626585783     
   10.5046994175623       0.560941815376282      -0.675001433256270     
   11.5618836312106       0.617035984992981      -0.642727239926758     
   12.6190687963810       0.673130214214325      -0.610453110631348     
   13.6762530110298       0.729224383831024      -0.578178902434303     
   14.7334372246780       0.785318553447723      -0.545904709104791     
   15.7906214363252       0.841412723064423      -0.513630545510345     
   16.8478066014956       0.897506952285767      -0.481356416214935     
   17.9049908151438       0.953601121902466      -0.449082222885423     
   18.9621750287921        1.00969529151917      -0.416808029555911     
   20.0193592424404        1.06578946113586      -0.384533836226398     
   22.0568554505230        1.06578946113586      -0.521650187777759     
   24.0943535616498        1.06578946113586      -0.658766667397323     
   26.1318497697324        1.06578946113586      -0.795883018948684     
   28.1693459778149        1.06578946113586      -0.932999370500044     
   30.2068421858975        1.06578946113586       -1.07011572205140     
   32.2443402970243        1.06578946113586       -1.20723220167097     
   34.2818346020627        1.06578946113586       -1.34434842515412     
   36.3193327131895        1.06578946113586       -1.48146490477369     
   38.3568308243163        1.06578946113586       -1.61858138439325     
   40.3943251293547        1.06578946113586       -1.75569760787641     
   42.4318232404815        1.06578946113586       -1.89281408749597     
   44.4693213516083        1.06578946113586       -2.02993056711554     
   46.5068156566467        1.06578946113586       -2.16704679059869     
   48.5443137677735        1.06578946113586       -2.30416327021826     
   50.5818118789003        1.06578946113586       -2.44127974983782     
   52.6193061839387        1.06578946113586       -2.57839597332098     
   54.6568042950655        1.06578946113586       -2.71551245294054     
   56.6943024061923        1.06578946113586       -2.85262893256011     
   58.7317967112306        1.06578946113586       -2.98974515604326     
   59.4251048460106        1.00969529151917       -3.03432008417308     
   60.1184129807906       0.953601121902466       -3.07889501230290     
   60.8117211155706       0.897506952285767       -3.12346994043271     
   61.5050330524370       0.841412723064423       -3.16804518416907     
   62.1983411872170       0.785318553447723       -3.21262011229889     
   62.8916493219970       0.729224383831024       -3.25719504042871     
   63.5849574527749       0.673130214214325       -3.30177002802866     
   64.2782655875549       0.617035984992981       -3.34634495615847     
   64.9715775284233       0.560941815376282       -3.39092014042470     
   65.6648818571149       0.504847645759583       -3.43549481241811     
   66.3581937939812       0.448753476142883       -3.48007005615447     
   67.0514981226727       0.392659276723862       -3.52464472814787     
   67.7448100635412       0.336565107107162       -3.56921991241410     
   68.4381143882306       0.280470907688141       -3.61379464387764     
   69.1314263290991       0.224376738071442       -3.65836982814387     
   69.8247306577906       0.168282553553581       -3.70294450013727     
   70.5180425986591       0.112188369035721       -3.74751968440350     
   71.2113469233485       5.609418451786040E-002  -3.79209441586704     
   71.9046588642170       0.000000000000000E+000  -3.83666960013327     
 -6.714462296505536E-002  0.000000000000000E+000 -0.997743253350721     
  0.990030527610360       5.983379483222960E-002 -0.965607284616951     
   2.04720568218791       0.119667589664459      -0.933471256413049     
   3.10438083276332       0.179501384496689      -0.901335287679278     
   4.16155598333874       0.239335179328919      -0.869199318945508     
   5.21873089803469       0.299168974161148      -0.837063304468147     
   6.27590628849170       0.359002768993378      -0.804927322007836     
   7.33308120118659       0.418836563825607      -0.772791337265541     
   8.39025659164360       0.478670358657837      -0.740655354805230     
   9.44743150533901       0.538504183292389      -0.708519355195401     
   10.5046064194096       0.598337948322296      -0.676383350010248     
   11.5617813337304       0.658171772956848      -0.644247341108211     
   12.6189571989479       0.718005537986755      -0.612111405532484     
   13.6761321126433       0.777839362621307      -0.579975405922656     
   14.7333070273393       0.837673127651215      -0.547839391445294     
   15.7904819420352       0.897506952285767      -0.515703376967932     
   16.8476578062522       0.957340717315674      -0.483567456259739     
   17.9048327189471        1.01717448234558      -0.451431471517443     
   18.9620076356442        1.07700836658478      -0.419295427305016     
   20.0191825483390        1.13684213161469      -0.387159442562720     
   22.0566787564216        1.13684213161469      -0.524275794114080     
   24.0941768675484        1.13684213161469      -0.661392273733645     
   26.1316730756310        1.13684213161469      -0.798508625285005     
   28.1691692837136        1.13684213161469      -0.935624976836365     
   30.2066654917962        1.13684213161469       -1.07274132838773     
   32.2441636029230        1.13684213161469       -1.20985780800729     
   34.2816579079614        1.13684213161469       -1.34697403149045     
   36.3191560190882        1.13684213161469       -1.48409051111001     
   38.3566541302150        1.13684213161469       -1.62120699072958     
   40.3941484352533        1.13684213161469       -1.75832321421273     
   42.4316465463802        1.13684213161469       -1.89543969383230     
   44.4691446575070        1.13684213161469       -2.03255617345186     
   46.5066389625453        1.13684213161469       -2.16967239693502     
   48.5441370736722        1.13684213161469       -2.30678887655458     
   50.5816351847990        1.13684213161469       -2.44390535617415     
   52.6191294898373        1.13684213161469       -2.58102157965730     
   54.6566276009641        1.13684213161469       -2.71813805927687     
   56.6941257120910        1.13684213161469       -2.85525453889643     
   58.7316200171293        1.13684213161469       -2.99237076237959     
   59.4249374488606        1.07700836658478       -3.03680754139232     
   60.1182548845939        1.01717448234558       -3.08124426093492     
   60.8115723163252       0.957340717315674       -3.12568103994765     
   61.5048935581470       0.897506952285767       -3.17011801562666     
   62.1982109898783       0.837673127651215       -3.21455479463939     
   62.8915284216095       0.777839362621307       -3.25899157365213     
   63.5848458573429       0.718005537986755       -3.30342829319473     
   64.2781632890741       0.658171772956848       -3.34786507220746     
   64.9714845308960       0.598337948322296       -3.39230204788647     
   65.6647981565388       0.538504183292389       -3.43673857076279     
   66.3581193983606       0.478670358657837       -3.48117554644180     
   67.0514330240034       0.418836563825607       -3.52561206931812     
   67.7447542618231       0.359002768993378       -3.57004910446727     
   68.4380678914680       0.299168974161148       -3.61448556787346     
   69.1313891292877       0.239335179328919       -3.65892260302260     
   69.8247027589326       0.179501384496689       -3.70335906642879     
   70.5180239967523       0.119667589664459       -3.74779610157793     
   71.2113376263973       5.983379483222960E-002  -3.79223256498412     
   71.9046588642170       0.000000000000000E+000  -3.83666960013327     
 -6.714462296505536E-002  0.000000000000000E+000 -0.997743253350721     
  0.990021230659117       6.357340514659880E-002 -0.965745433734035     
   2.04718708028116       0.127146810293198      -0.933747673587482     
   3.10435293390533       0.190720215439796      -0.901749853970796     
   4.16151878352737       0.254293620586395      -0.869752093824242     
   5.21868439927101       0.317867040634155      -0.837754258199031     
   6.27585048877465       0.381440430879593      -0.805756484325937     
   7.33301610251723       0.445013850927353      -0.773758678435792     
   8.39018219302140       0.508587241172791      -0.741760889695165     
   9.44734780726424       0.572160661220551      -0.709763076371253     
   10.5045134213820       0.635734081268311      -0.677765264905783     
   11.5616790352497       0.699307501316071      -0.645767457157196     
   12.6188456015149       0.762880861759186      -0.613769700433621     
   13.6760112162580       0.826454281806946      -0.581771879675942     
   14.7331768300006       0.890027701854706      -0.549774073785797     
   15.7903424437432       0.953601121902466      -0.517776267895652     
   16.8475090110089        1.01717448234558      -0.485778496304543     
   17.9046746227504        1.08074796199799      -0.453780720149464     
   18.9618402384941        1.14432132244110      -0.421782884524253     
   20.0190058502356        1.20789468288422      -0.389785108369174     
   22.0565020583182        1.20789468288422      -0.526901459920534     
   24.0940001694450        1.20789468288422      -0.664017939540099     
   26.1314963775276        1.20789468288422      -0.801134291091459     
   28.1689925856102        1.20789468288422      -0.938250642642819     
   30.2064887936927        1.20789468288422       -1.07536699419418     
   32.2439869048196        1.20789468288422       -1.21248347381374     
   34.2814812098579        1.20789468288422       -1.34959969729690     
   36.3189793209847        1.20789468288422       -1.48671617691646     
   38.3564774321115        1.20789468288422       -1.62383265653603     
   40.3939717371499        1.20789468288422       -1.76094888001918     
   42.4314698482767        1.20789468288422       -1.89806535963875     
   44.4689679594035        1.20789468288422       -2.03518183925831     
   46.5064622644419        1.20789468288422       -2.17229806274147     
   48.5439603755687        1.20789468288422       -2.30941454236103     
   50.5814584866955        1.20789468288422       -2.44653102198060     
   52.6189527917339        1.20789468288422       -2.58364724546375     
   54.6564509028607        1.20789468288422       -2.72076372508332     
   56.6939490139875        1.20789468288422       -2.85788020470288     
   58.7314433190258        1.20789468288422       -2.99499642818604     
   59.4247700517105        1.14432132244110       -3.03929499861156     
   60.1180967883972        1.08074796199799       -3.08359350956694     
   60.8114235210818        1.01717448234558       -3.12789207999245     
   61.5047540598549       0.953601121902466       -3.17219090655438     
   62.1980807925395       0.890027701854706       -3.21648947697990     
   62.8914075252242       0.826454281806946       -3.26078804740541     
   63.5847342579088       0.762880861759186       -3.30508661783093     
   64.2780609905934       0.699307501316071       -3.34938518825644     
   64.9713915333686       0.635734081268311       -3.39368395534824     
   65.6647144599648       0.572160661220551       -3.43798226963734     
   66.3580449987379       0.508587241172791       -3.48228109619927     
   67.0513679253340       0.445013850927353       -3.52657941048838     
   67.7446984641071       0.381440430879593       -3.57087823705030     
   68.4380213907033       0.317867040634155       -3.61517655133941     
   69.1313519294763       0.254293620586395       -3.65947537790133     
   69.8246748600746       0.190720215439796       -3.70377363272031     
   70.5180053988477       0.127146810293198       -3.74807245928223     
   71.2113283254439       6.357340514659880E-002  -3.79237077357134     
   71.9046588642170       0.000000000000000E+000  -3.83666960013327     
 -6.714462296505536E-002  0.000000000000000E+000 -0.997743253350721     
  0.990011929705742       6.731302291154860E-002 -0.965883642321252     
   2.04716848237654       0.134626045823097      -0.934024031291783     
   3.10432503504734       0.201939061284065      -0.902164420262313     
   4.16148158771813       0.269252091646195      -0.870304809232844     
   5.21863790050734       0.336565107107162      -0.838445211929916     
   6.27579469105867       0.403878122568130      -0.806585616908972     
   7.33295100384787       0.471191138029099      -0.774726019606043     
   8.39010779439919       0.538504183292389      -0.742866424585100     
   9.44726410918946       0.605817198753357      -0.711006797547105     
   10.5044204232293       0.673130214214325      -0.679147181659760     
   11.5615767377695       0.740443229675293      -0.647287558338649     
   12.6187340030813       0.807756245136261      -0.615428010202290     
   13.6758903178716       0.875069260597229      -0.583568383164295     
   14.7330466326619       0.942382276058197      -0.551708756126300     
   15.7902029454511        1.00969529151917      -0.519849158823372     
   16.8473602117634        1.07700836658478      -0.487989595819479     
   17.9045165265537        1.14432132244110      -0.456129968781484     
   18.9616728413440        1.21163439750671      -0.424270341743490     
   20.0188291561343        1.27894735336304      -0.392410714705495     
   22.0563253642168        1.27894735336304      -0.529527066256855     
   24.0938234753437        1.27894735336304      -0.666643545876420     
   26.1313196834262        1.27894735336304      -0.803759897427780     
   28.1688158915088        1.27894735336304      -0.940876248979140     
   30.2063120995914        1.27894735336304       -1.07799260053050     
   32.2438102107182        1.27894735336304       -1.21510908015007     
   34.2813045157566        1.27894735336304       -1.35222530363322     
   36.3188026268834        1.27894735336304       -1.48934178325279     
   38.3563007380102        1.27894735336304       -1.62645826287235     
   40.3937950430486        1.27894735336304       -1.76357448635551     
   42.4312931541754        1.27894735336304       -1.90069096597507     
   44.4687912653022        1.27894735336304       -2.03780744559464     
   46.5062855703406        1.27894735336304       -2.17492366907779     
   48.5437836814674        1.27894735336304       -2.31204014869736     
   50.5812817925942        1.27894735336304       -2.44915662831692     
   52.6187760976325        1.27894735336304       -2.58627285180008     
   54.6562742087594        1.27894735336304       -2.72338933141964     
   56.6937723198862        1.27894735336304       -2.86050581103921     
   58.7312666249245        1.27894735336304       -2.99762203452236     
   59.4246026585625        1.21163439750671       -3.04178239636066     
   60.1179386881984        1.14432132244110       -3.08594281766909     
   60.8112747218364        1.07700836658478       -3.13010317950739     
   61.5046145615628        1.00969529151917       -3.17426379748210     
   62.1979505952008       0.942382276058197       -3.21842415932040     
   62.8912866288388       0.875069260597229       -3.26258452115870     
   63.5846226624768       0.807756245136261       -3.30674488299700     
   64.2779586961148       0.740443229675293       -3.35090524483530     
   64.9712985318391       0.673130214214325       -3.39506592228014     
   65.6646307593887       0.605817198753357       -3.43922602798203     
   66.3579705991151       0.538504183292389       -3.48338664595674     
   67.0513028266647       0.471191138029099       -3.52754675165863     
   67.7446426663911       0.403878122568130       -3.57170736963334     
   68.4379748939406       0.336565107107162       -3.61586747533523     
   69.1313147336671       0.269252091646195       -3.66002809330994     
   69.8246469572145       0.201939061284065       -3.70418825848196     
   70.5179867969410       0.134626045823097       -3.74834887645667     
   71.2113190244905       6.731302291154860E-002  -3.79250898215856     
   71.9046588642170       0.000000000000000E+000  -3.83666960013327     
 -6.714462296505536E-002  0.000000000000000E+000 -0.997743253350721     
  0.990002628752368       7.105263322591780E-002 -0.966021850908468     
   2.04714988046979       0.142105266451836      -0.934300448466216     
   3.10429713618935       0.213157892227173      -0.902578986553831     
   4.16144438790677       0.284210532903671      -0.870857584111578     
   5.21859140174366       0.355263143777847      -0.839136165660800     
   6.27573889134162       0.426315784454346      -0.807414779227073     
   7.33288590517851       0.497368425130844      -0.775693360776295     
   8.39003339577699       0.568421065807343      -0.743971959475035     
   9.44718041061442       0.639473676681519      -0.712250526156724     
   10.5043274252017       0.710526287555695      -0.680529096555296     
   11.5614744392887       0.781578958034515      -0.648807674387635     
   12.6186224056483       0.852631568908691      -0.617086305103426     
   13.6757694194852       0.923684239387512      -0.585364886652648     
   14.7329164353231       0.994736850261688      -0.553643438466803     
   15.7900634511611        1.06578946113586      -0.521921990280959     
   16.8472114165201        1.13684213161469      -0.490200635864283     
   17.9043584303570        1.20789468288422      -0.458479217413505     
   18.9615054441939        1.27894735336304      -0.426757798962727     
   20.0186524580308        1.35000002384186      -0.395036380511949     
   22.0561486661134        1.35000002384186      -0.532152732063309     
   24.0936467772402        1.35000002384186      -0.669269211682874     
   26.1311429853228        1.35000002384186      -0.806385563234234     
   28.1686391934054        1.35000002384186      -0.943501914785594     
   30.2061354014879        1.35000002384186       -1.08061826633695     
   32.2436335126148        1.35000002384186       -1.21773474595652     
   34.2811278176531        1.35000002384186       -1.35485096943967     
   36.3186259287799        1.35000002384186       -1.49196744905924     
   38.3561240399068        1.35000002384186       -1.62908392867880     
   40.3936183449451        1.35000002384186       -1.76620015216196     
   42.4311164560719        1.35000002384186       -1.90331663178152     
   44.4686145671987        1.35000002384186       -2.04043311140109     
   46.5061088722371        1.35000002384186       -2.17754933488424     
   48.5436069833639        1.35000002384186       -2.31466581450381     
   50.5811050944907        1.35000002384186       -2.45178229412337     
   52.6185993995291        1.35000002384186       -2.58889851760653     
   54.6560975106559        1.35000002384186       -2.72601499722609     
   56.6935956217827        1.35000002384186       -2.86313147684566     
   58.7310899268211        1.35000002384186       -3.00024770032881     
   59.4244352614124        1.27894735336304       -3.04426985357990     
   60.1177805920017        1.20789468288422       -3.08829206630111     
   60.8111259265930        1.13684213161469       -3.13231421955220     
   61.5044750632707        1.06578946113586       -3.17633668840982     
   62.1978203978621       0.994736850261688       -3.22035884166090     
   62.8911657324535       0.923684239387512       -3.26438099491199     
   63.5845110630427       0.852631568908691       -3.30840320763320     
   64.2778563976341       0.781578958034515       -3.35242536088428     
   64.9712055343118       0.710526287555695       -3.39644782974191     
   65.6645470628147       0.639473676681519       -3.44046972685658     
   66.3578961994924       0.568421065807343       -3.48449219571421     
   67.0512377279953       0.497368425130844       -3.52851409282888     
   67.7445868686751       0.426315784454346       -3.57253650221637     
   68.4379283931759       0.355263143777847       -3.61655845880118     
   69.1312775338557       0.284210532903671       -3.66058086818867     
   69.8246190583565       0.213157892227173       -3.70460282477347     
   70.5179681990363       0.142105266451836       -3.74862523416097     
   71.2113097235371       7.105263322591780E-002  -3.79264719074577     
   71.9046588642170       0.000000000000000E+000  -3.83666960013327     
 zone  i=          20  j=          58
   71.9046588642170       0.000000000000000E+000  -3.83666960013327     
   71.9046588642170       0.000000000000000E+000  -3.83666960013327     
   71.9046588642170       0.000000000000000E+000  -3.83666960013327     
   71.9046588642170       0.000000000000000E+000  -3.83666960013327     
   71.9046588642170       0.000000000000000E+000  -3.83666960013327     
   71.9046588642170       0.000000000000000E+000  -3.83666960013327     
   71.9046588642170       0.000000000000000E+000  -3.83666960013327     
   71.9046588642170       0.000000000000000E+000  -3.83666960013327     
   71.9046588642170       0.000000000000000E+000  -3.83666960013327     
   71.9046588642170       0.000000000000000E+000  -3.83666960013327     
   71.9046588642170       0.000000000000000E+000  -3.83666960013327     
   71.9046588642170       0.000000000000000E+000  -3.83666960013327     
   71.9046588642170       0.000000000000000E+000  -3.83666960013327     
   71.9046588642170       0.000000000000000E+000  -3.83666960013327     
   71.9046588642170       0.000000000000000E+000  -3.83666960013327     
   71.9046588642170       0.000000000000000E+000  -3.83666960013327     
   71.9046588642170       0.000000000000000E+000  -3.83666960013327     
   71.9046588642170       0.000000000000000E+000  -3.83666960013327     
   71.9046588642170       0.000000000000000E+000  -3.83666960013327     
   71.9046588642170       0.000000000000000E+000  -3.83666960013327     
   71.2113097235371       7.105263322591780E-002  -3.79264719074577     
   71.2109563313323       7.105263322591780E-002  -3.79789846288855     
   71.2106029391276       7.105263322591780E-002  -3.80314973503132     
   71.2102495469228       7.105263322591780E-002  -3.80840100717410     
   71.2098961547180       7.105263322591780E-002  -3.81365227931687     
   71.2095427625132       7.105263322591780E-002  -3.81890355145965     
   71.2091893703084       7.105263322591780E-002  -3.82415482360242     
   71.2088359741015       7.105263322591780E-002  -3.82940615521533     
   71.2084825818967       7.105263322591780E-002  -3.83465742735811     
   71.2081291896919       7.105263322591780E-002  -3.83990869950088     
   71.2077757974871       7.105263322591780E-002  -3.84515997164366     
   71.2074224052823       7.105263322591780E-002  -3.85041124378643     
   71.2070690130775       7.105263322591780E-002  -3.85566251592921     
   71.2067156208728       7.105263322591780E-002  -3.86091378807198     
   71.2063622286680       7.105263322591780E-002  -3.86616506021476     
   71.2060088324611       7.105263322591780E-002  -3.87141639182766     
   71.2056554402563       7.105263322591780E-002  -3.87666766397044     
   71.2053020480515       7.105263322591780E-002  -3.88191893611322     
   71.2049486558467       7.105263322591780E-002  -3.88717020825599     
   71.2045952636419       7.105263322591780E-002  -3.89242148039877     
   70.5179681990363       0.142105266451836       -3.74862523416097     
   70.5172614146268       0.142105266451836       -3.75912777844652     
   70.5165546262151       0.142105266451836       -3.76963038220220     
   70.5158478418055       0.142105266451836       -3.78013292648775     
   70.5151410573959       0.142105266451836       -3.79063547077330     
   70.5144342689842       0.142105266451836       -3.80113807452898     
   70.5137274845746       0.142105266451836       -3.81164061881453     
   70.5130207001651       0.142105266451836       -3.82214316310008     
   70.5123139157555       0.142105266451836       -3.83264570738563     
   70.5116071273438       0.142105266451836       -3.84314831114132     
   70.5109003429342       0.142105266451836       -3.85365085542687     
   70.5101935585246       0.142105266451836       -3.86415339971242     
   70.5094867741150       0.142105266451836       -3.87465594399797     
   70.5087799857033       0.142105266451836       -3.88515854775365     
   70.5080732012938       0.142105266451836       -3.89566109203920     
   70.5073664168842       0.142105266451836       -3.90616363632475     
   70.5066596284725       0.142105266451836       -3.91666624008043     
   70.5059528440629       0.142105266451836       -3.92716878436598     
   70.5052460596533       0.142105266451836       -3.93767132865153     
   70.5045392752438       0.142105266451836       -3.94817387293708     
   69.8246190583565       0.213157892227173       -3.70460282477347     
   69.8235588817421       0.213157892227173       -3.72035664120180     
   69.8224987011257       0.213157892227173       -3.73611051710026     
   69.8214385245113       0.213157892227173       -3.75186433352858     
   69.8203783478969       0.213157892227173       -3.76761814995691     
   69.8193181672804       0.213157892227173       -3.78337202585537     
   69.8182579906661       0.213157892227173       -3.79912584228369     
   69.8171978100496       0.213157892227173       -3.81487971818215     
   69.8161376334352       0.213157892227173       -3.83063353461048     
   69.8150774568209       0.213157892227173       -3.84638735103880     
   69.8140172762044       0.213157892227173       -3.86214122693726     
   69.8129570995900       0.213157892227173       -3.87789504336558     
   69.8118969189735       0.213157892227173       -3.89364891926404     
   69.8108367423591       0.213157892227173       -3.90940273569237     
   69.8097765657448       0.213157892227173       -3.92515655212069     
   69.8087163851283       0.213157892227173       -3.94091042801915     
   69.8076562085139       0.213157892227173       -3.95666424444748     
   69.8065960278974       0.213157892227173       -3.97241812034593     
   69.8055358512831       0.213157892227173       -3.98817193677426     
   69.8044756706666       0.213157892227173       -4.00392581267272     
   69.1312775338557       0.284210532903671       -3.66058086818867     
   69.1298639610344       0.284210532903671       -3.68158601622990     
   69.1284503922153       0.284210532903671       -3.70259110480100     
   69.1270368193940       0.284210532903671       -3.72359625284224     
   69.1256232505749       0.284210532903671       -3.74460134141334     
   69.1242096777536       0.284210532903671       -3.76560648945457     
   69.1227961049323       0.284210532903671       -3.78661163749580     
   69.1213825361132       0.284210532903671       -3.80761672606690     
   69.1199689632919       0.284210532903671       -3.82862187410814     
   69.1185553944727       0.284210532903671       -3.84962696267924     
   69.1171418216514       0.284210532903671       -3.87063211072047     
   69.1157282528323       0.284210532903671       -3.89163719929157     
   69.1143146800110       0.284210532903671       -3.91264234733280     
   69.1129011111919       0.284210532903671       -3.93364743590390     
   69.1114875383706       0.284210532903671       -3.95465258394514     
   69.1100739695514       0.284210532903671       -3.97565767251624     
   69.1086603967301       0.284210532903671       -3.99666282055747     
   69.1072468239089       0.284210532903671       -4.01766796859870     
   69.1058332550897       0.284210532903671       -4.03867305716980     
   69.1044196822684       0.284210532903671       -4.05967820521104     
   68.4379283931759       0.355263143777847       -3.61655845880118     
   68.4361614281498       0.355263143777847       -3.64281487898518     
   68.4343944671259       0.355263143777847       -3.66907123969906     
   68.4326275020998       0.355263143777847       -3.69532765988307     
   68.4308605370738       0.355263143777847       -3.72158408006708     
   68.4290935760498       0.355263143777847       -3.74784044078095     
   68.4273266110237       0.355263143777847       -3.77409686096496     
   68.4255596459977       0.355263143777847       -3.80035328114897     
   68.4237926849737       0.355263143777847       -3.82660964186284     
   68.4220257199477       0.355263143777847       -3.85286606204685     
   68.4202587549216       0.355263143777847       -3.87912248223086     
   68.4184917938977       0.355263143777847       -3.90537884294474     
   68.4167248288716       0.355263143777847       -3.93163526312875     
   68.4149578638455       0.355263143777847       -3.95789168331275     
   68.4131909028216       0.355263143777847       -3.98414804402663     
   68.4114239377955       0.355263143777847       -4.01040446421064     
   68.4096569727695       0.355263143777847       -4.03666088439464     
   68.4078900117455       0.355263143777847       -4.06291724510852     
   68.4061230467194       0.355263143777847       -4.08917366529253     
   68.4043560816934       0.355263143777847       -4.11543008547654     
   67.7445868686751       0.426315784454346       -3.57253650221637     
   67.7424665114443       0.426315784454346       -3.60404419454315     
   67.7403461542134       0.426315784454346       -3.63555188686994     
   67.7382257969826       0.426315784454346       -3.66705957919672     
   67.7361054397517       0.426315784454346       -3.69856727152350     
   67.7339850825208       0.426315784454346       -3.73007496385029     
   67.7318647292921       0.426315784454346       -3.76158259670694     
   67.7297443720613       0.426315784454346       -3.79309028903372     
   67.7276240148304       0.426315784454346       -3.82459798136051     
   67.7255036575996       0.426315784454346       -3.85610567368729     
   67.7233833003687       0.426315784454346       -3.88761336601407     
   67.7212629471400       0.426315784454346       -3.91912099887072     
   67.7191425899091       0.426315784454346       -3.95062869119751     
   67.7170222326783       0.426315784454346       -3.98213638352429     
   67.7149018754474       0.426315784454346       -4.01364407585107     
   67.7127815182165       0.426315784454346       -4.04515176817786     
   67.7106611629868       0.426315784454346       -4.07665943076957     
   67.7085408057559       0.426315784454346       -4.10816712309636     
   67.7064204505261       0.426315784454346       -4.13967478568807     
   67.7043000932952       0.426315784454346       -4.17118247801486     
   67.0512377279953       0.497368425130844       -3.52851409282888     
   67.0487639785597       0.497368425130844       -3.56527305729844     
   67.0462902291240       0.497368425130844       -3.60203202176800     
   67.0438164796884       0.497368425130844       -3.63879098623755     
   67.0413427302527       0.497368425130844       -3.67554995070711     
   67.0388689808171       0.497368425130844       -3.71230891517667     
   67.0363952313814       0.497368425130844       -3.74906787964623     
   67.0339214819458       0.497368425130844       -3.78582684411579     
   67.0314477325101       0.497368425130844       -3.82258580858535     
   67.0289739830745       0.497368425130844       -3.85934477305490     
   67.0265002336389       0.497368425130844       -3.89610373752446     
   67.0240264842032       0.497368425130844       -3.93286270199402     
   67.0215527387697       0.497368425130844       -3.96962160699345     
   67.0190789893341       0.497368425130844       -4.00638057146301     
   67.0166052378974       0.497368425130844       -4.04313956566763     
   67.0141314884617       0.497368425130844       -4.07989853013719     
   67.0116577390261       0.497368425130844       -4.11665749460675     
   67.0091839895904       0.497368425130844       -4.15341645907631     
   67.0067102421558       0.497368425130844       -4.19017539381080     
   67.0042364927202       0.497368425130844       -4.22693435828036     
   66.3578961994924       0.568421065807343       -3.48449219571421     
   66.3550690578520       0.568421065807343       -3.52650243232654     
   66.3522419162115       0.568421065807343       -3.56851266893887     
   66.3494147745711       0.568421065807343       -3.61052290555121     
   66.3465876329307       0.568421065807343       -3.65253314216354     
   66.3437604912902       0.568421065807343       -3.69454337877587     
   66.3409333496498       0.568421065807343       -3.73655361538821     
   66.3381062080094       0.568421065807343       -3.77856385200054     
   66.3352790663689       0.568421065807343       -3.82057408861287     
   66.3324519247285       0.568421065807343       -3.86258432522521     
   66.3296247830881       0.568421065807343       -3.90459456183754     
   66.3267976374455       0.568421065807343       -3.94660485792001     
   66.3239704978061       0.568421065807343       -3.98861506479728     
   66.3211433541646       0.568421065807343       -4.03062533114467     
   66.3183162125242       0.568421065807343       -4.07263556775701     
   66.3154890708838       0.568421065807343       -4.11464580436934     
   66.3126619292433       0.568421065807343       -4.15665604098168     
   66.3098347876029       0.568421065807343       -4.19866627759401     
   66.3070076449620       0.568421065807343       -4.24067652907388     
   66.3041805033215       0.568421065807343       -4.28268676568621     
   65.6645470628147       0.639473676681519       -3.44046972685658     
   65.6613665289695       0.639473676681519       -3.48773123561169     
   65.6581859911221       0.639473676681519       -3.53499280383693     
   65.6550054572769       0.639473676681519       -3.58225431259204     
   65.6518249234317       0.639473676681519       -3.62951582134715     
   65.6486443895865       0.639473676681519       -3.67677733010226     
   65.6454638517391       0.639473676681519       -3.72403889832750     
   65.6422833178939       0.639473676681519       -3.77130040708261     
   65.6391027840487       0.639473676681519       -3.81856191583772     
   65.6359222502035       0.639473676681519       -3.86582342459282     
   65.6327417163582       0.639473676681519       -3.91308493334793     
   65.6295611805120       0.639473676681519       -3.96034647183811     
   65.6263806446657       0.639473676681519       -4.00760801032828     
   65.6232001108204       0.639473676681519       -4.05486951908339     
   65.6200195749742       0.639473676681519       -4.10213105757357     
   65.6168390411289       0.639473676681519       -4.14939256632868     
   65.6136585062832       0.639473676681519       -4.19665408995132     
   65.6104779714374       0.639473676681519       -4.24391561357396     
   65.6072974365917       0.639473676681519       -4.29117713719660     
   65.6041169017459       0.639473676681519       -4.33843866081924     
   64.9712055343118       0.710526287555695       -3.39644782974191     
   64.9676716082618       0.710526287555695       -3.44896061063979     
   64.9641376822118       0.710526287555695       -3.50147339153768     
   64.9606037521596       0.710526287555695       -3.55398623190569     
   64.9570698261096       0.710526287555695       -3.60649901280358     
   64.9535358960575       0.710526287555695       -3.65901185317159     
   64.9500019700075       0.710526287555695       -3.71152463406948     
   64.9464680439575       0.710526287555695       -3.76403741496736     
   64.9429341139053       0.710526287555695       -3.81655025533538     
   64.9394001878553       0.710526287555695       -3.86906303623326     
   64.9358662598043       0.710526287555695       -3.92157584686621     
   64.9323323337542       0.710526287555695       -3.97408862776409     
   64.9287984057032       0.710526287555695       -4.02660143839704     
   64.9252644776521       0.710526287555695       -4.07911424902999     
   64.9217305506016       0.710526287555695       -4.13162704479541     
   64.9181966225505       0.710526287555695       -4.18413985542836     
   64.9146626954999       0.710526287555695       -4.23665265119378     
   64.9111287674489       0.710526287555695       -4.28916546182673     
   64.9075948401482       0.710526287555695       -4.34167826130903     
   64.9040609125974       0.710526287555695       -4.39419106450821     
   64.2778563976341       0.781578958034515       -3.35242536088428     
   64.2739690753772       0.781578958034515       -3.41018947339508     
   64.2700817571224       0.781578958034515       -3.46795352643573     
   64.2661944348654       0.781578958034515       -3.52571763894653     
   64.2623071166106       0.781578958034515       -3.58348169198718     
   64.2584197943537       0.781578958034515       -3.64124580449798     
   64.2545324760989       0.781578958034515       -3.69900985753863     
   64.2506451538420       0.781578958034515       -3.75677397004943     
   64.2467578355872       0.781578958034515       -3.81453802309009     
   64.2428705133303       0.781578958034515       -3.87230213560088     
   64.2389831930744       0.781578958034515       -3.93006621837660     
   64.2350958728186       0.781578958034515       -3.98783030115233     
   64.2312085525627       0.781578958034515       -4.04559438392805     
   64.2273212333074       0.781578958034515       -4.10335845183624     
   64.2234339130515       0.781578958034515       -4.16112253461197     
   64.2195465922954       0.781578958034515       -4.21888662482146     
   64.2156592722897       0.781578958034515       -4.27665070388030     
   64.2117719519087       0.781578958034515       -4.33441478851447     
   64.2078846315278       0.781578958034515       -4.39217887314864     
   64.2039973117722       0.781578958034515       -4.44994294849060     
   63.5845110630427       0.852631568908691       -3.30840320763320     
   63.5802703525831       0.852631568908691       -3.37141853281664     
   63.5760296381214       0.852631568908691       -3.43443391747020     
   63.5717889236597       0.852631568908691       -3.49744930212377     
   63.5675482132001       0.852631568908691       -3.56046462730720     
   63.5633074987384       0.852631568908691       -3.62348001196077     
   63.5590667842767       0.852631568908691       -3.68649539661434     
   63.5548260738171       0.852631568908691       -3.74951072179777     
   63.5505853593554       0.852631568908691       -3.81252610645134     
   63.5463446468948       0.852631568908691       -3.87554146136984     
   63.5421039344341       0.852631568908691       -3.93855681628834     
   63.5378632199724       0.852631568908691       -4.00157220094190     
   63.5336225075117       0.852631568908691       -4.06458755586040     
   63.5293817940506       0.852631568908691       -4.12760292564644     
   63.5251410815899       0.852631568908691       -4.19061828056494     
   63.5209003683789       0.852631568908691       -4.25363364663409     
   63.5166596551678       0.852631568908691       -4.31664901270324     
   63.5124189422069       0.852631568908691       -4.37966437505551     
   63.5081782287457       0.852631568908691       -4.44267974484154     
   63.5039375162851       0.852631568908691       -4.50569509976004     
   62.8911657324535       0.923684239387512       -3.26438099491199     
   62.8865716257870       0.923684239387512       -3.33264765170833     
   62.8819775191205       0.923684239387512       -3.40091430850467     
   62.8773834124540       0.923684239387512       -3.46918096530101     
   62.8727893057875       0.923684239387512       -3.53744762209735     
   62.8681952031231       0.923684239387512       -3.60571421942356     
   62.8636010964566       0.923684239387512       -3.67398087621990     
   62.8590069897901       0.923684239387512       -3.74224753301625     
   62.8544128851247       0.923684239387512       -3.81051416007752     
   62.8498187784582       0.923684239387512       -3.87878081687386     
   62.8452246737927       0.923684239387512       -3.94704744393514     
   62.8406305671262       0.923684239387512       -4.01531410073148     
   62.8360364614603       0.923684239387512       -4.08358074266029     
   62.8314423557943       0.923684239387512       -4.15184738458910     
   62.8268482499407       0.923684239387512       -4.22011402930557     
   62.8222541442122       0.923684239387512       -4.28838067216360     
   62.8176600387964       0.923684239387512       -4.35664731037552     
   62.8130659321299       0.923684239387512       -4.42491396717187     
   62.8084718264639       0.923684239387512       -4.49318060910067     
   62.8038777217985       0.923684239387512       -4.56144723616195     
   62.1978203978621       0.994736850261688       -3.22035884166090     
   62.1928728989908       0.994736850261688       -3.29387677060002     
   62.1879254001195       0.994736850261688       -3.36739469953914     
   62.1829779012482       0.994736850261688       -3.44091262847825     
   62.1780304023770       0.994736850261688       -3.51443055741737     
   62.1730829035057       0.994736850261688       -3.58794848635649     
   62.1681354086365       0.994736850261688       -3.66146635582547     
   62.1631879077642       0.994736850261688       -3.73498431449965     
   62.1582404088929       0.994736850261688       -3.80850224343877     
   62.1532929120226       0.994736850261688       -3.88202014264282     
   62.1483454131514       0.994736850261688       -3.95553807158194     
   62.1433979142801       0.994736850261688       -4.02905600052106     
   62.1384504154088       0.994736850261688       -4.10257392946017     
   62.1335029171003       0.994736850261688       -4.17609185003630     
   62.1285554186667       0.994736850261688       -4.24960977247087     
   62.1236079197954       0.994736850261688       -4.32312770140999     
   62.1186604219247       0.994736850261688       -4.39664561548157     
   62.1137129230534       0.994736850261688       -4.47016354442069     
   62.1087654241821       0.994736850261688       -4.54368147335981     
   62.1038179253108       0.994736850261688       -4.61719940229893     
   61.5044750632707        1.06578946113586       -3.17633668840982     
   61.4991741721947        1.06578946113586       -3.25510588949171     
   61.4938732811186        1.06578946113586       -3.33387509057360     
   61.4885723900425        1.06578946113586       -3.41264429165550     
   61.4832714989664        1.06578946113586       -3.49141349273739     
   61.4779706078904        1.06578946113586       -3.57018269381928     
   61.4726697168143        1.06578946113586       -3.64895189490117     
   61.4673688257382        1.06578946113586       -3.72772109598306     
   61.4620679346621        1.06578946113586       -3.80649029706496     
   61.4567670435861        1.06578946113586       -3.88525949814685     
   61.4514661525100        1.06578946113586       -3.96402869922874     
   61.4461652609336        1.06578946113586       -4.04279790774440     
   61.4408643697325        1.06578946113586       -4.12156711068473     
   61.4355634782812        1.06578946113586       -4.20033631734195     
   61.4302625872051        1.06578946113586       -4.27910551842384     
   61.4249616961291        1.06578946113586       -4.35787471950573     
   61.4196608040525        1.06578946113586       -4.43664393545516     
   61.4143599129764        1.06578946113586       -4.51541313653705     
   61.4090590219003        1.06578946113586       -4.59418233761894     
   61.4037581288232        1.06578946113586       -4.67295156843590     
   60.8111259265930        1.13684213161469       -3.13231421955220     
   60.8054716433122        1.13684213161469       -3.21633469277686     
   60.7998173600313        1.13684213161469       -3.30035516600153     
   60.7941630727483        1.13684213161469       -3.38437569869633     
   60.7885087894675        1.13684213161469       -3.46839617192100     
   60.7828545061866        1.13684213161469       -3.55241664514566     
   60.7772002229057        1.13684213161469       -3.63643711837033     
   60.7715459376238        1.13684213161469       -3.72045762133006     
   60.7658916543429        1.13684213161469       -3.80447809455473     
   60.7602373700615        1.13684213161469       -3.88849858264693     
   60.7545830857801        1.13684213161469       -3.97251907073913     
   60.7489288017489        1.13684213161469       -4.05653955511445     
   60.7432745177176        1.13684213161469       -4.14056003948977     
   60.7376202339365        1.13684213161469       -4.22458052014820     
   60.7319659496551        1.13684213161469       -4.30860100824040     
   60.7263116653737        1.13684213161469       -4.39262149633260     
   60.7206573820928        1.13684213161469       -4.47664196955727     
   60.7150030968109        1.13684213161469       -4.56066247251700     
   60.7093488115290        1.13684213161469       -4.64468297547673     
   60.7036945282481        1.13684213161469       -4.72870344870140     
   60.1177805920017        1.20789468288422       -3.08829206630111     
   60.1117729165160        1.20789468288422       -3.17756381166855     
   60.1057652410304        1.20789468288422       -3.26683555703600     
   60.0997575615426        1.20789468288422       -3.35610736187357     
   60.0937498860569        1.20789468288422       -3.44537910724101     
   60.0877422105713        1.20789468288422       -3.53465085260846     
   60.0817345330846        1.20789468288422       -3.62392262771096     
   60.0757268555978        1.20789468288422       -3.71319440281347     
   60.0697191791117        1.20789468288422       -3.80246616304845     
   60.0637115026255        1.20789468288422       -3.89173792328342     
   60.0577038253889        1.20789468288422       -3.98100969466905     
   60.0516961486526        1.20789468288422       -4.07028145862091     
   60.0456884716661        1.20789468288422       -4.15955322628965     
   60.0396807946797        1.20789468288422       -4.24882499395839     
   60.0336731191940        1.20789468288422       -4.33809673932583     
   60.0276654417073        1.20789468288422       -4.42736851442834     
   60.0216577642206        1.20789468288422       -4.51664028953085     
   60.0156500887349        1.20789468288422       -4.60591203489829     
   60.0096424092472        1.20789468288422       -4.69518383973587     
   60.0036347337615        1.20789468288422       -4.78445558510331     
   59.4244352614124        1.27894735336304       -3.04426985357990     
   59.4180741897199        1.27894735336304       -3.13879293056025     
   59.4117131220294        1.27894735336304       -3.23331594807046     
   59.4053520503369        1.27894735336304       -3.32783902505081     
   59.3989909826464        1.27894735336304       -3.42236204256103     
   59.3926299129549        1.27894735336304       -3.51688508980632     
   59.3862688432634        1.27894735336304       -3.61140813705160     
   59.3799077735719        1.27894735336304       -3.70593118429688     
   59.3735467038804        1.27894735336304       -3.80045423154217     
   59.3671856346892        1.27894735336304       -3.89497727135368     
   59.3608245650602        1.27894735336304       -3.98950031766975     
   59.3544634953061        1.27894735336304       -4.08402336584425     
   59.3481024261149        1.27894735336304       -4.17854640565577     
   59.3417413554229        1.27894735336304       -4.27306946776859     
   59.3353802877324        1.27894735336304       -4.36759248527880     
   59.3290192180409        1.27894735336304       -4.46211553252409     
   59.3226581463484        1.27894735336304       -4.55663860950444     
   59.3162970786579        1.27894735336304       -4.65116162701465     
   59.3099360069653        1.27894735336304       -4.74568470399500     
   59.3035749392749        1.27894735336304       -4.84020772150522     
   58.7310899268211        1.35000002384186       -3.00024770032881     
   58.7243754669258        1.35000002384186       -3.10002198998181     
   58.7176610030285        1.35000002384186       -3.19979633910493     
   58.7109465391311        1.35000002384186       -3.29957068822806     
   58.7042320792359        1.35000002384186       -3.39934497788105     
   58.6975176153385        1.35000002384186       -3.49911932700418     
   58.6908031534422        1.35000002384186       -3.59889364639223     
   58.6840886915460        1.35000002384186       -3.69866796578029     
   58.6773742296497        1.35000002384186       -3.79844228516835     
   58.6706597670030        1.35000002384186       -3.89821661570706     
   58.6639453046064        1.35000002384186       -3.99799094252889     
   58.6572308419597        1.35000002384186       -4.09776527306759     
   58.6505163800634        1.35000002384186       -4.19753959245565     
   58.6438019181671        1.35000002384186       -4.29731391184371     
   58.6370874562708        1.35000002384186       -4.39708823123177     
   58.6303729923735        1.35000002384186       -4.49686258035490     
   58.6236585324783        1.35000002384186       -4.59663687000789     
   58.6169440685809        1.35000002384186       -4.69641121913101     
   58.6102296046835        1.35000002384186       -4.79618556825414     
   58.6035151447883        1.35000002384186       -4.89595985790713     
   56.6935956217827        1.35000002384186       -2.86313147684566     
   56.6868811618875        1.35000002384186       -2.96290576649865     
   56.6801666979901        1.35000002384186       -3.06268011562178     
   56.6734522340928        1.35000002384186       -3.16245446474490     
   56.6667377741975        1.35000002384186       -3.26222875439789     
   56.6600233103002        1.35000002384186       -3.36200310352102     
   56.6533088484039        1.35000002384186       -3.46177742290908     
   56.6465943865076        1.35000002384186       -3.56155174229714     
   56.6398799246113        1.35000002384186       -3.66132606168520     
   56.6331654619646        1.35000002384186       -3.76110039222390     
   56.6264509995681        1.35000002384186       -3.86087471904573     
   56.6197365369214        1.35000002384186       -3.96064904958444     
   56.6130220750251        1.35000002384186       -4.06042336897250     
   56.6063076131288        1.35000002384186       -4.16019768836056     
   56.5995931512325        1.35000002384186       -4.25997200774862     
   56.5928786873351        1.35000002384186       -4.35974635687174     
   56.5861642274399        1.35000002384186       -4.45952064652473     
   56.5794497635425        1.35000002384186       -4.55929499564786     
   56.5727352996452        1.35000002384186       -4.65906934477098     
   56.5660208397500        1.35000002384186       -4.75884363442398     
   54.6560975106559        1.35000002384186       -2.72601499722609     
   54.6493830507607        1.35000002384186       -2.82578928687909     
   54.6426685868633        1.35000002384186       -2.92556363600221     
   54.6359541229660        1.35000002384186       -3.02533798512534     
   54.6292396630707        1.35000002384186       -3.12511227477833     
   54.6225251991734        1.35000002384186       -3.22488662390146     
   54.6158107372771        1.35000002384186       -3.32466094328951     
   54.6090962753808        1.35000002384186       -3.42443526267757     
   54.6023818134845        1.35000002384186       -3.52420958206563     
   54.5956673508378        1.35000002384186       -3.62398391260434     
   54.5889528884412        1.35000002384186       -3.72375823942617     
   54.5822384257946        1.35000002384186       -3.82353256996487     
   54.5755239638983        1.35000002384186       -3.92330688935293     
   54.5688095020020        1.35000002384186       -4.02308120874099     
   54.5620950401057        1.35000002384186       -4.12285552812905     
   54.5553805762083        1.35000002384186       -4.22262987725218     
   54.5486661163131        1.35000002384186       -4.32240416690517     
   54.5419516524157        1.35000002384186       -4.42217851602829     
   54.5352371885184        1.35000002384186       -4.52195286515142     
   54.5285227286231        1.35000002384186       -4.62172715480441     
   52.6185993995291        1.35000002384186       -2.58889851760653     
   52.6118849396339        1.35000002384186       -2.68867280725952     
   52.6051704757365        1.35000002384186       -2.78844715638265     
   52.5984560118391        1.35000002384186       -2.88822150550577     
   52.5917415519439        1.35000002384186       -2.98799579515877     
   52.5850270880466        1.35000002384186       -3.08777014428189     
   52.5783126261503        1.35000002384186       -3.18754446366995     
   52.5715981642540        1.35000002384186       -3.28731878305801     
   52.5648837023577        1.35000002384186       -3.38709310244607     
   52.5581692397110        1.35000002384186       -3.48686743298478     
   52.5514547773144        1.35000002384186       -3.58664175980660     
   52.5447403146677        1.35000002384186       -3.68641609034531     
   52.5380258527714        1.35000002384186       -3.78619040973337     
   52.5313113908751        1.35000002384186       -3.88596472912143     
   52.5245969289789        1.35000002384186       -3.98573904850949     
   52.5178824650815        1.35000002384186       -4.08551339763261     
   52.5111680051863        1.35000002384186       -4.18528768728560     
   52.5044535412889        1.35000002384186       -4.28506203640873     
   52.4977390773916        1.35000002384186       -4.38483638553185     
   52.4910246174963        1.35000002384186       -4.48461067518485     
   50.5811050944907        1.35000002384186       -2.45178229412337     
   50.5743906345955        1.35000002384186       -2.55155658377637     
   50.5676761706981        1.35000002384186       -2.65133093289949     
   50.5609617068008        1.35000002384186       -2.75110528202262     
   50.5542472469056        1.35000002384186       -2.85087957167561     
   50.5475327830082        1.35000002384186       -2.95065392079874     
   50.5408183211119        1.35000002384186       -3.05042824018679     
   50.5341038592156        1.35000002384186       -3.15020255957485     
   50.5273893973193        1.35000002384186       -3.24997687896291     
   50.5206749346726        1.35000002384186       -3.34975120950162     
   50.5139604722761        1.35000002384186       -3.44952553632345     
   50.5072460096294        1.35000002384186       -3.54929986686215     
   50.5005315477331        1.35000002384186       -3.64907418625021     
   50.4938170858368        1.35000002384186       -3.74884850563827     
   50.4871026239405        1.35000002384186       -3.84862282502633     
   50.4803881600431        1.35000002384186       -3.94839717414946     
   50.4736737001479        1.35000002384186       -4.04817146380245     
   50.4669592362506        1.35000002384186       -4.14794581292557     
   50.4602447723532        1.35000002384186       -4.24772016204870     
   50.4535303124580        1.35000002384186       -4.34749445170169     
   48.5436069833639        1.35000002384186       -2.31466581450381     
   48.5368925234687        1.35000002384186       -2.41444010415680     
   48.5301780595713        1.35000002384186       -2.51421445327993     
   48.5234635956740        1.35000002384186       -2.61398880240305     
   48.5167491357787        1.35000002384186       -2.71376309205604     
   48.5100346718814        1.35000002384186       -2.81353744117917     
   48.5033202099851        1.35000002384186       -2.91331176056723     
   48.4966057480888        1.35000002384186       -3.01308607995529     
   48.4898912861925        1.35000002384186       -3.11286039934335     
   48.4831768235458        1.35000002384186       -3.21263472988205     
   48.4764623611493        1.35000002384186       -3.31240905670388     
   48.4697478985026        1.35000002384186       -3.41218338724259     
   48.4630334366063        1.35000002384186       -3.51195770663065     
   48.4563189747100        1.35000002384186       -3.61173202601871     
   48.4496045128137        1.35000002384186       -3.71150634540677     
   48.4428900489163        1.35000002384186       -3.81128069452989     
   48.4361755890211        1.35000002384186       -3.91105498418288     
   48.4294611251237        1.35000002384186       -4.01082933330601     
   48.4227466612264        1.35000002384186       -4.11060368242913     
   48.4160322013312        1.35000002384186       -4.21037797208213     
   46.5061088722371        1.35000002384186       -2.17754933488424     
   46.4993944123419        1.35000002384186       -2.27732362453724     
   46.4926799484445        1.35000002384186       -2.37709797366036     
   46.4859654845472        1.35000002384186       -2.47687232278349     
   46.4792510246519        1.35000002384186       -2.57664661243648     
   46.4725365607546        1.35000002384186       -2.67642096155961     
   46.4658220988583        1.35000002384186       -2.77619528094766     
   46.4591076369620        1.35000002384186       -2.87596960033572     
   46.4523931750657        1.35000002384186       -2.97574391972378     
   46.4456787124190        1.35000002384186       -3.07551825026249     
   46.4389642500224        1.35000002384186       -3.17529257708432     
   46.4322497873757        1.35000002384186       -3.27506690762302     
   46.4255353254795        1.35000002384186       -3.37484122701108     
   46.4188208635832        1.35000002384186       -3.47461554639914     
   46.4121064016869        1.35000002384186       -3.57438986578720     
   46.4053919377895        1.35000002384186       -3.67416421491033     
   46.3986774778943        1.35000002384186       -3.77393850456332     
   46.3919630139969        1.35000002384186       -3.87371285368644     
   46.3852485500996        1.35000002384186       -3.97348720280957     
   46.3785340902043        1.35000002384186       -4.07326149246256     
   44.4686145671987        1.35000002384186       -2.04043311140109     
   44.4619001073035        1.35000002384186       -2.14020740105408     
   44.4551856434062        1.35000002384186       -2.23998175017721     
   44.4484711795088        1.35000002384186       -2.33975609930033     
   44.4417567196136        1.35000002384186       -2.43953038895332     
   44.4350422557162        1.35000002384186       -2.53930473807645     
   44.4283277938199        1.35000002384186       -2.63907905746451     
   44.4216133319236        1.35000002384186       -2.73885337685257     
   44.4148988700273        1.35000002384186       -2.83862769624063     
   44.4081844073806        1.35000002384186       -2.93840202677933     
   44.4014699449841        1.35000002384186       -3.03817635360116     
   44.3947554823374        1.35000002384186       -3.13795068413987     
   44.3880410204411        1.35000002384186       -3.23772500352793     
   44.3813265585448        1.35000002384186       -3.33749932291599     
   44.3746120966485        1.35000002384186       -3.43727364230405     
   44.3678976327512        1.35000002384186       -3.53704799142717     
   44.3611831728559        1.35000002384186       -3.63682228108016     
   44.3544687089586        1.35000002384186       -3.73659663020329     
   44.3477542450612        1.35000002384186       -3.83637097932641     
   44.3410397851660        1.35000002384186       -3.93614526897941     
   42.4311164560719        1.35000002384186       -1.90331663178152     
   42.4244019961767        1.35000002384186       -2.00309092143452     
   42.4176875322793        1.35000002384186       -2.10286527055764     
   42.4109730683820        1.35000002384186       -2.20263961968077     
   42.4042586084867        1.35000002384186       -2.30241390933376     
   42.3975441445894        1.35000002384186       -2.40218825845688     
   42.3908296826931        1.35000002384186       -2.50196257784494     
   42.3841152207968        1.35000002384186       -2.60173689723300     
   42.3774007589005        1.35000002384186       -2.70151121662106     
   42.3706862962538        1.35000002384186       -2.80128554715977     
   42.3639718338573        1.35000002384186       -2.90105987398160     
   42.3572573712106        1.35000002384186       -3.00083420452030     
   42.3505429093143        1.35000002384186       -3.10060852390836     
   42.3438284474180        1.35000002384186       -3.20038284329642     
   42.3371139855217        1.35000002384186       -3.30015716268448     
   42.3303995216243        1.35000002384186       -3.39993151180761     
   42.3236850617291        1.35000002384186       -3.49970580146060     
   42.3169705978317        1.35000002384186       -3.59948015058372     
   42.3102561339344        1.35000002384186       -3.69925449970685     
   42.3035416740392        1.35000002384186       -3.79902878935984     
   40.3936183449451        1.35000002384186       -1.76620015216196     
   40.3869038850499        1.35000002384186       -1.86597444181495     
   40.3801894211525        1.35000002384186       -1.96574879093808     
   40.3734749572552        1.35000002384186       -2.06552314006120     
   40.3667604973599        1.35000002384186       -2.16529742971419     
   40.3600460334626        1.35000002384186       -2.26507177883732     
   40.3533315715663        1.35000002384186       -2.36484609822538     
   40.3466171096700        1.35000002384186       -2.46462041761344     
   40.3399026477737        1.35000002384186       -2.56439473700150     
   40.3331881851270        1.35000002384186       -2.66416906754020     
   40.3264737227304        1.35000002384186       -2.76394339436203     
   40.3197592600838        1.35000002384186       -2.86371772490074     
   40.3130447981875        1.35000002384186       -2.96349204428880     
   40.3063303362912        1.35000002384186       -3.06326636367686     
   40.2996158743949        1.35000002384186       -3.16304068306492     
   40.2929014104975        1.35000002384186       -3.26281503218804     
   40.2861869506023        1.35000002384186       -3.36258932184103     
   40.2794724867049        1.35000002384186       -3.46236367096416     
   40.2727580228076        1.35000002384186       -3.56213802008728     
   40.2660435629124        1.35000002384186       -3.66191230974028     
   38.3561240399068        1.35000002384186       -1.62908392867880     
   38.3494095800115        1.35000002384186       -1.72885821833180     
   38.3426951161142        1.35000002384186       -1.82863256745492     
   38.3359806522168        1.35000002384186       -1.92840691657805     
   38.3292661923216        1.35000002384186       -2.02818120623104     
   38.3225517284242        1.35000002384186       -2.12795555535416     
   38.3158372665279        1.35000002384186       -2.22772987474222     
   38.3091228046316        1.35000002384186       -2.32750419413028     
   38.3024083427353        1.35000002384186       -2.42727851351834     
   38.2956938800887        1.35000002384186       -2.52705284405705     
   38.2889794176921        1.35000002384186       -2.62682717087888     
   38.2822649550454        1.35000002384186       -2.72660150141758     
   38.2755504931491        1.35000002384186       -2.82637582080564     
   38.2688360312528        1.35000002384186       -2.92615014019370     
   38.2621215693565        1.35000002384186       -3.02592445958176     
   38.2554071054592        1.35000002384186       -3.12569880870489     
   38.2486926455639        1.35000002384186       -3.22547309835788     
   38.2419781816666        1.35000002384186       -3.32524744748100     
   38.2352637177692        1.35000002384186       -3.42502179660413     
   38.2285492578740        1.35000002384186       -3.52479608625712     
   36.3186259287799        1.35000002384186       -1.49196744905924     
   36.3119114688847        1.35000002384186       -1.59174173871223     
   36.3051970049874        1.35000002384186       -1.69151608783536     
   36.2984825410900        1.35000002384186       -1.79129043695848     
   36.2917680811948        1.35000002384186       -1.89106472661147     
   36.2850536172974        1.35000002384186       -1.99083907573460     
   36.2783391554011        1.35000002384186       -2.09061339512266     
   36.2716246935048        1.35000002384186       -2.19038771451072     
   36.2649102316085        1.35000002384186       -2.29016203389878     
   36.2581957689618        1.35000002384186       -2.38993636443748     
   36.2514813065653        1.35000002384186       -2.48971069125931     
   36.2447668439186        1.35000002384186       -2.58948502179802     
   36.2380523820223        1.35000002384186       -2.68925934118608     
   36.2313379201260        1.35000002384186       -2.78903366057414     
   36.2246234582297        1.35000002384186       -2.88880797996220     
   36.2179089943324        1.35000002384186       -2.98858232908532     
   36.2111945344371        1.35000002384186       -3.08835661873831     
   36.2044800705398        1.35000002384186       -3.18813096786144     
   36.1977656066424        1.35000002384186       -3.28790531698456     
   36.1910511467472        1.35000002384186       -3.38767960663756     
   34.2811278176531        1.35000002384186       -1.35485096943967     
   34.2744133577579        1.35000002384186       -1.45462525909267     
   34.2676988938605        1.35000002384186       -1.55439960821579     
   34.2609844299632        1.35000002384186       -1.65417395733892     
   34.2542699700680        1.35000002384186       -1.75394824699191     
   34.2475555061706        1.35000002384186       -1.85372259611503     
   34.2408410442743        1.35000002384186       -1.95349691550309     
   34.2341265823780        1.35000002384186       -2.05327123489115     
   34.2274121204817        1.35000002384186       -2.15304555427921     
   34.2206976578350        1.35000002384186       -2.25281988481792     
   34.2139831954385        1.35000002384186       -2.35259421163975     
   34.2072687327918        1.35000002384186       -2.45236854217845     
   34.2005542708955        1.35000002384186       -2.55214286156651     
   34.1938398089992        1.35000002384186       -2.65191718095457     
   34.1871253471029        1.35000002384186       -2.75169150034263     
   34.1804108832055        1.35000002384186       -2.85146584946576     
   34.1736964233103        1.35000002384186       -2.95124013911875     
   34.1669819594130        1.35000002384186       -3.05101448824187     
   34.1602674955156        1.35000002384186       -3.15078883736500     
   34.1535530356204        1.35000002384186       -3.25056312701799     
   32.2436335126148        1.35000002384186       -1.21773474595652     
   32.2369190527195        1.35000002384186       -1.31750903560951     
   32.2302045888222        1.35000002384186       -1.41728338473264     
   32.2234901249248        1.35000002384186       -1.51705773385576     
   32.2167756650296        1.35000002384186       -1.61683202350875     
   32.2100612011322        1.35000002384186       -1.71660637263188     
   32.2033467392359        1.35000002384186       -1.81638069201994     
   32.1966322773397        1.35000002384186       -1.91615501140800     
   32.1899178154434        1.35000002384186       -2.01592933079606     
   32.1832033527967        1.35000002384186       -2.11570366133476     
   32.1764888904001        1.35000002384186       -2.21547798815659     
   32.1697744277534        1.35000002384186       -2.31525231869530     
   32.1630599658571        1.35000002384186       -2.41502663808336     
   32.1563455039608        1.35000002384186       -2.51480095747142     
   32.1496310420645        1.35000002384186       -2.61457527685948     
   32.1429165781672        1.35000002384186       -2.71434962598260     
   32.1362021182720        1.35000002384186       -2.81412391563559     
   32.1294876543746        1.35000002384186       -2.91389826475872     
   32.1227731904772        1.35000002384186       -3.01367261388184     
   32.1160587305820        1.35000002384186       -3.11344690353484     
   30.2061354014879        1.35000002384186       -1.08061826633695     
   30.1994209415927        1.35000002384186       -1.18039255598995     
   30.1927064776954        1.35000002384186       -1.28016690511307     
   30.1859920137980        1.35000002384186       -1.37994125423620     
   30.1792775539028        1.35000002384186       -1.47971554388919     
   30.1725630900054        1.35000002384186       -1.57948989301231     
   30.1658486281091        1.35000002384186       -1.67926421240037     
   30.1591341662128        1.35000002384186       -1.77903853178843     
   30.1524197043165        1.35000002384186       -1.87881285117649     
   30.1457052416699        1.35000002384186       -1.97858718171520     
   30.1389907792733        1.35000002384186       -2.07836150853703     
   30.1322763166266        1.35000002384186       -2.17813583907573     
   30.1255618547303        1.35000002384186       -2.27791015846379     
   30.1188473928340        1.35000002384186       -2.37768447785185     
   30.1121329309377        1.35000002384186       -2.47745879723991     
   30.1054184670404        1.35000002384186       -2.57723314636304     
   30.0987040071451        1.35000002384186       -2.67700743601603     
   30.0919895432478        1.35000002384186       -2.77678178513915     
   30.0852750793504        1.35000002384186       -2.87655613426228     
   30.0785606194552        1.35000002384186       -2.97633042391527     
   28.1686391934054        1.35000002384186      -0.943501914785594     
   28.1619247335101        1.35000002384186       -1.04327620443859     
   28.1552102696128        1.35000002384186       -1.14305055356171     
   28.1484958057154        1.35000002384186       -1.24282490268484     
   28.1417813458202        1.35000002384186       -1.34259919233783     
   28.1350668819228        1.35000002384186       -1.44237354146095     
   28.1283524200265        1.35000002384186       -1.54214786084901     
   28.1216379581303        1.35000002384186       -1.64192218023707     
   28.1149234962340        1.35000002384186       -1.74169649962513     
   28.1082090335873        1.35000002384186       -1.84147083016384     
   28.1014945711907        1.35000002384186       -1.94124515698567     
   28.0947801085440        1.35000002384186       -2.04101948752437     
   28.0880656466477        1.35000002384186       -2.14079380691243     
   28.0813511847514        1.35000002384186       -2.24056812630049     
   28.0746367228551        1.35000002384186       -2.34034244568855     
   28.0679222589578        1.35000002384186       -2.44011679481168     
   28.0612077990626        1.35000002384186       -2.53989108446467     
   28.0544933351652        1.35000002384186       -2.63966543358779     
   28.0477788712678        1.35000002384186       -2.73943978271092     
   28.0410644113726        1.35000002384186       -2.83921407236391     
   26.1311429853228        1.35000002384186      -0.806385563234234     
   26.1244285254276        1.35000002384186      -0.906159852887227     
   26.1177140615302        1.35000002384186       -1.00593420201035     
   26.1109995976328        1.35000002384186       -1.10570855113348     
   26.1042851377376        1.35000002384186       -1.20548284078647     
   26.0975706738403        1.35000002384186       -1.30525718990959     
   26.0908562119440        1.35000002384186       -1.40503150929765     
   26.0841417500477        1.35000002384186       -1.50480582868571     
   26.0774272881514        1.35000002384186       -1.60458014807377     
   26.0707128255047        1.35000002384186       -1.70435447861248     
   26.0639983631081        1.35000002384186       -1.80412880543430     
   26.0572839004614        1.35000002384186       -1.90390313597301     
   26.0505694385651        1.35000002384186       -2.00367745536107     
   26.0438549766688        1.35000002384186       -2.10345177474913     
   26.0371405147726        1.35000002384186       -2.20322609413719     
   26.0304260508752        1.35000002384186       -2.30300044326032     
   26.0237115909800        1.35000002384186       -2.40277473291331     
   26.0169971270826        1.35000002384186       -2.50254908203643     
   26.0102826631853        1.35000002384186       -2.60232343115956     
   26.0035682032900        1.35000002384186       -2.70209772081255     
   24.0936467772402        1.35000002384186      -0.669269211682874     
   24.0869323173450        1.35000002384186      -0.769043501335867     
   24.0802178534476        1.35000002384186      -0.868817850458992     
   24.0735033895503        1.35000002384186      -0.968592199582117     
   24.0667889296550        1.35000002384186       -1.06836648923511     
   24.0600744657577        1.35000002384186       -1.16814083835823     
   24.0533600038614        1.35000002384186       -1.26791515774629     
   24.0466455419651        1.35000002384186       -1.36768947713435     
   24.0399310800688        1.35000002384186       -1.46746379652241     
   24.0332166174221        1.35000002384186       -1.56723812706112     
   24.0265021550255        1.35000002384186       -1.66701245388294     
   24.0197876923788        1.35000002384186       -1.76678678442165     
   24.0130732304826        1.35000002384186       -1.86656110380971     
   24.0063587685863        1.35000002384186       -1.96633542319777     
   23.9996443066900        1.35000002384186       -2.06610974258583     
   23.9929298427926        1.35000002384186       -2.16588409170896     
   23.9862153828974        1.35000002384186       -2.26565838136195     
   23.9795009190000        1.35000002384186       -2.36543273048507     
   23.9727864551027        1.35000002384186       -2.46520707960820     
   23.9660719952074        1.35000002384186       -2.56498136926119     
   22.0561486661134        1.35000002384186      -0.532152732063309     
   22.0494342062181        1.35000002384186      -0.631927021716302     
   22.0427197423208        1.35000002384186      -0.731701370839427     
   22.0360052784234        1.35000002384186      -0.831475719962552     
   22.0292908185282        1.35000002384186      -0.931250009615544     
   22.0225763546308        1.35000002384186       -1.03102435873867     
   22.0158618927346        1.35000002384186       -1.13079867812673     
   22.0091474308383        1.35000002384186       -1.23057299751479     
   22.0024329689420        1.35000002384186       -1.33034731690285     
   21.9957185062953        1.35000002384186       -1.43012164744155     
   21.9890040438987        1.35000002384186       -1.52989597426338     
   21.9822895812520        1.35000002384186       -1.62967030480209     
   21.9755751193557        1.35000002384186       -1.72944462419015     
   21.9688606574594        1.35000002384186       -1.82921894357821     
   21.9621461955632        1.35000002384186       -1.92899326296626     
   21.9554317316658        1.35000002384186       -2.02876761208939     
   21.9487172717706        1.35000002384186       -2.12854190174238     
   21.9420028078732        1.35000002384186       -2.22831625086551     
   21.9352883439759        1.35000002384186       -2.32809059998863     
   21.9285738840806        1.35000002384186       -2.42786488964163     
   20.0186524580308        1.35000002384186      -0.395036380511949     
   20.0119379981356        1.35000002384186      -0.494810670164942     
   20.0052235342382        1.35000002384186      -0.594585019288067     
   19.9985090703409        1.35000002384186      -0.694359368411192     
   19.9917946104456        1.35000002384186      -0.794133658064184     
   19.9850801465483        1.35000002384186      -0.893908007187309     
   19.9783656846520        1.35000002384186      -0.993682326575368     
   19.9716512227557        1.35000002384186       -1.09345664596343     
   19.9649367608594        1.35000002384186       -1.19323096535149     
   19.9582222982127        1.35000002384186       -1.29300529589019     
   19.9515078358161        1.35000002384186       -1.39277962271202     
   19.9447933731694        1.35000002384186       -1.49255395325073     
   19.9380789112732        1.35000002384186       -1.59232827263879     
   19.9313644493769        1.35000002384186       -1.69210259202685     
   19.9246499874806        1.35000002384186       -1.79187691141490     
   19.9179355235832        1.35000002384186       -1.89165126053803     
   19.9112210636880        1.35000002384186       -1.99142555019102     
   19.9045065997906        1.35000002384186       -2.09119989931415     
   19.8977921358933        1.35000002384186       -2.19097424843727     
   19.8910776759980        1.35000002384186       -2.29074853809027     
   18.9615054441939        1.27894735336304      -0.426757798962727     
   18.9551443765035        1.27894735336304      -0.521280816472945     
   18.9487833048109        1.27894735336304      -0.615803893453294     
   18.9424222371205        1.27894735336304      -0.710326910963512     
   18.9360611654279        1.27894735336304      -0.804849987943862     
   18.9297000957364        1.27894735336304      -0.899373035189145     
   18.9233390280459        1.27894735336304      -0.993896052699363     
   18.9169779573539        1.27894735336304       -1.08841911481218     
   18.9106168881627        1.27894735336304       -1.18294215462370     
   18.9042558184086        1.27894735336304       -1.27746520279820     
   18.8978947487796        1.27894735336304       -1.37198824911426     
   18.8915336795884        1.27894735336304       -1.46651128892578     
   18.8851726098969        1.27894735336304       -1.56103433617107     
   18.8788115402054        1.27894735336304       -1.65555738341635     
   18.8724504705139        1.27894735336304       -1.75008043066163     
   18.8660894008224        1.27894735336304       -1.84460347790692     
   18.8597283331320        1.27894735336304       -1.93912649541713     
   18.8533672614394        1.27894735336304       -2.03364957239748     
   18.8470061937489        1.27894735336304       -2.12817258990770     
   18.8406451220564        1.27894735336304       -2.22269566688805     
   17.9043584303570        1.20789468288422      -0.458479217413505     
   17.8983507548714        1.20789468288422      -0.547750962780947     
   17.8923430753836        1.20789468288422      -0.637022767618522     
   17.8863353998979        1.20789468288422      -0.726294512985964     
   17.8803277224112        1.20789468288422      -0.815566288088473     
   17.8743200449245        1.20789468288422      -0.904838063190981     
   17.8683123694388        1.20789468288422      -0.994109808558424     
   17.8623046924524        1.20789468288422       -1.08338157622717     
   17.8562970154659        1.20789468288422       -1.17265334389591     
   17.8502893387296        1.20789468288422       -1.26192510784777     
   17.8442816614930        1.20789468288422       -1.35119687923339     
   17.8382739850068        1.20789468288422       -1.44046863946837     
   17.8322663085207        1.20789468288422       -1.52974039970334     
   17.8262586310339        1.20789468288422       -1.61901217480585     
   17.8202509535472        1.20789468288422       -1.70828394990836     
   17.8142432780616        1.20789468288422       -1.79755569527580     
   17.8082356025759        1.20789468288422       -1.88682744064324     
   17.8022279230881        1.20789468288422       -1.97609924548082     
   17.7962202476025        1.20789468288422       -2.06537099084826     
   17.7902125721168        1.20789468288422       -2.15464273621570     
   16.8472114165201        1.13684213161469      -0.490200635864283     
   16.8415571332392        1.13684213161469      -0.574221109088951     
   16.8359028479573        1.13684213161469      -0.658241612048684     
   16.8302485626754        1.13684213161469      -0.742262115008417     
   16.8245942793945        1.13684213161469      -0.826282588233084     
   16.8189399951131        1.13684213161469      -0.910303076325285     
   16.8132857108317        1.13684213161469      -0.994323564417485     
   16.8076314270506        1.13684213161469       -1.07834404507592     
   16.8019771430193        1.13684213161469       -1.16236452945124     
   16.7963228589881        1.13684213161469       -1.24638501382655     
   16.7906685747067        1.13684213161469       -1.33040550191875     
   16.7850142904253        1.13684213161469       -1.41442599001095     
   16.7793600071444        1.13684213161469       -1.49844646323562     
   16.7737057218625        1.13684213161469       -1.58246696619535     
   16.7680514385816        1.13684213161469       -1.66648743942002     
   16.7623971553008        1.13684213161469       -1.75050791264469     
   16.7567428720199        1.13684213161469       -1.83452838586936     
   16.7510885847369        1.13684213161469       -1.91854891856415     
   16.7454343014560        1.13684213161469       -2.00256939178882     
   16.7397800181752        1.13684213161469       -2.08658986501349     
   15.7900634511611        1.06578946113586      -0.521921990280959     
   15.7847625580840        1.06578946113586      -0.600691221097917     
   15.7794616670079        1.06578946113586      -0.679460422179809     
   15.7741607759318        1.06578946113586      -0.758229623261701     
   15.7688598838552        1.06578946113586      -0.836998839211126     
   15.7635589927791        1.06578946113586      -0.915768040293019     
   15.7582581017030        1.06578946113586      -0.994537241374911     
   15.7529572102518        1.06578946113586       -1.07330644803213     
   15.7476563190506        1.06578946113586       -1.15207565097246     
   15.7423554274743        1.06578946113586       -1.23084485948812     
   15.7370545363982        1.06578946113586       -1.30961406057001     
   15.7317536453221        1.06578946113586       -1.38838326165190     
   15.7264527542461        1.06578946113586       -1.46715246273380     
   15.7211518631700        1.06578946113586       -1.54592166381569     
   15.7158509720939        1.06578946113586       -1.62469086489758     
   15.7105500810178        1.06578946113586       -1.70346006597947     
   15.7052491899417        1.06578946113586       -1.78222926706136     
   15.6999482988657        1.06578946113586       -1.86099846814326     
   15.6946474077896        1.06578946113586       -1.93976766922515     
   15.6893465167135        1.06578946113586       -2.01853687030704     
   14.7329164353231       0.994736850261688      -0.553643438466803     
   14.7279689364519       0.994736850261688      -0.627161367405920     
   14.7230214375806       0.994736850261688      -0.700679296345037     
   14.7180739387093       0.994736850261688      -0.774197225284154     
   14.7131264408385       0.994736850261688      -0.847715139355738     
   14.7081789419672       0.994736850261688      -0.921233068294855     
   14.7032314435337       0.994736850261688      -0.994750990729426     
   14.6982839452252       0.994736850261688       -1.06826891130556     
   14.6933364463539       0.994736850261688       -1.14178684024467     
   14.6883889474826       0.994736850261688       -1.21530476918379     
   14.6834414486113       0.994736850261688       -1.28882269812291     
   14.6784939517411       0.994736850261688       -1.36234059732696     
   14.6735464528698       0.994736850261688       -1.43585852626607     
   14.6685989519975       0.994736850261688       -1.50937648494026     
   14.6636514571283       0.994736850261688       -1.58289435440924     
   14.6587039582570       0.994736850261688       -1.65641228334836     
   14.6537564593857       0.994736850261688       -1.72993021228747     
   14.6488089605144       0.994736850261688       -1.80344814122659     
   14.6438614616431       0.994736850261688       -1.87696607016571     
   14.6389139627719       0.994736850261688       -1.95048399910483     
   13.6757694194852       0.923684239387512      -0.585364886652648     
   13.6711753148197       0.923684239387512      -0.653631513713923     
   13.6665812091538       0.923684239387512      -0.721898155642732     
   13.6619871024873       0.923684239387512      -0.790164812439074     
   13.6573929970714       0.923684239387512      -0.858431450650999     
   13.6527988913429       0.923684239387512      -0.926698093509028     
   13.6482047854894       0.923684239387512      -0.994964738225499     
   13.6436106798234       0.923684239387512       -1.06323138015431     
   13.6390165741574       0.923684239387512       -1.13149802208312     
   13.6344224674909       0.923684239387512       -1.19976467887946     
   13.6298283628255       0.923684239387512       -1.26803130594073     
   13.6252342561590       0.923684239387512       -1.33629796273708     
   13.6206401514936       0.923684239387512       -1.40456458979835     
   13.6160460448271       0.923684239387512       -1.47283124659469     
   13.6114519381606       0.923684239387512       -1.54109790339103     
   13.6068578354962       0.923684239387512       -1.60936450071724     
   13.6022637288297       0.923684239387512       -1.67763115751359     
   13.5976696221632       0.923684239387512       -1.74589781430993     
   13.5930755154967       0.923684239387512       -1.81416447110627     
   13.5884814088302       0.923684239387512       -1.88243112790261     
   12.6186224056483       0.852631568908691      -0.617086305103426     
   12.6143816931876       0.852631568908691      -0.680101660021926     
   12.6101409797265       0.852631568908691      -0.743117029807960     
   12.6059002667655       0.852631568908691      -0.806132392160227     
   12.6016595535545       0.852631568908691      -0.869147758229377     
   12.5974188403434       0.852631568908691      -0.932163124298527     
   12.5931781278828       0.852631568908691      -0.995178479217027     
   12.5889374144216       0.852631568908691       -1.05819384900306     
   12.5846967019610       0.852631568908691       -1.12120920392156     
   12.5804559874993       0.852631568908691       -1.18422458857513     
   12.5762152750386       0.852631568908691       -1.24723994349363     
   12.5719745625780       0.852631568908691       -1.31025529841213     
   12.5677338481162       0.852631568908691       -1.37327068306570     
   12.5634931376567       0.852631568908691       -1.43628600824913     
   12.5592524231950       0.852631568908691       -1.49930139290270     
   12.5550117087332       0.852631568908691       -1.56231677755626     
   12.5507709982737       0.852631568908691       -1.62533210273970     
   12.5465302838119       0.852631568908691       -1.68834748739326     
   12.5422895693502       0.852631568908691       -1.75136287204683     
   12.5380488588906       0.852631568908691       -1.81437819723026     
   11.5614744392887       0.781578958034515      -0.648807674387635     
   11.5575871195331       0.781578958034515      -0.706571749729593     
   11.5536997991522       0.781578958034515      -0.764335834363760     
   11.5498124787713       0.781578958034515      -0.822099918997927     
   11.5459251587656       0.781578958034515      -0.879863998056769     
   11.5420378380094       0.781578958034515      -0.937628088266261     
   11.5381505177536       0.781578958034515      -0.995392171041986     
   11.5342631984983       0.781578958034515       -1.05315623895018     
   11.5303758782424       0.781578958034515       -1.11092032172590     
   11.5264885579865       0.781578958034515       -1.16868440450163     
   11.5226012377307       0.781578958034515       -1.22644848727735     
   11.5187139154737       0.781578958034515       -1.28421259978815     
   11.5148265972190       0.781578958034515       -1.34197665282880     
   11.5109392749620       0.781578958034515       -1.39974076533960     
   11.5070519567072       0.781578958034515       -1.45750481838025     
   11.5031646344503       0.781578958034515       -1.51526893089105     
   11.4992773161955       0.781578958034515       -1.57303298393171     
   11.4953899939386       0.781578958034515       -1.63079709644250     
   11.4915026756838       0.781578958034515       -1.68856114948316     
   11.4876153534269       0.781578958034515       -1.74632526199395     
   10.5043274252017       0.710526287555695      -0.680529096555296     
   10.5007934976509       0.710526287555695      -0.733041899754479     
   10.4972595703502       0.710526287555695      -0.785554699236780     
   10.4937256422992       0.710526287555695      -0.838067509869730     
   10.4901917152486       0.710526287555695      -0.890580305635147     
   10.4866577871975       0.710526287555695      -0.943093116268097     
   10.4831238601470       0.710526287555695      -0.995605912033514     
   10.4795899320959       0.710526287555695       -1.04811872266646     
   10.4760560040449       0.710526287555695       -1.10063153329941     
   10.4725220779949       0.710526287555695       -1.15314431419730     
   10.4689881499438       0.710526287555695       -1.20565712483025     
   10.4654542238938       0.710526287555695       -1.25816990572813     
   10.4619202938416       0.710526287555695       -1.31068274609615     
   10.4583863677916       0.710526287555695       -1.36319552699403     
   10.4548524417416       0.710526287555695       -1.41570830789192     
   10.4513185116895       0.710526287555695       -1.46822114825993     
   10.4477845856395       0.710526287555695       -1.52073392915782     
   10.4442506555873       0.710526287555695       -1.57324676952583     
   10.4407167295373       0.710526287555695       -1.62575955042372     
   10.4371828034873       0.710526287555695       -1.67827233132160     
   9.44718041061442       0.639473676681519      -0.712250526156724     
   9.44399987576867       0.639473676681519      -0.759512049779366     
   9.44081934092292       0.639473676681519      -0.806773573402008     
   9.43763880607716       0.639473676681519      -0.854035097024649     
   9.43445827123141       0.639473676681519      -0.901296620647291     
   9.43127773738619       0.639473676681519      -0.948558129402400     
   9.42809720153991       0.639473676681519      -0.995819667892575     
   9.42491666769469       0.639473676681519       -1.04308117664768     
   9.42173613184840       0.639473676681519       -1.09034271513786     
   9.41855559600212       0.639473676681519       -1.13760425362803     
   9.41537506215690       0.639473676681519       -1.18486576238314     
   9.41219452831168       0.639473676681519       -1.23212727113825     
   9.40901399446646       0.639473676681519       -1.27938877989336     
   9.40583346062124       0.639473676681519       -1.32665028864847     
   9.40265292277389       0.639473676681519       -1.37391185687371     
   9.39947238892867       0.639473676681519       -1.42117336562882     
   9.39629185508345       0.639473676681519       -1.46843487438393     
   9.39311132123823       0.639473676681519       -1.51569638313904     
   9.38993078339088       0.639473676681519       -1.56295795136428     
   9.38675024954566       0.639473676681519       -1.61021946011939     
   8.39003339577699       0.568421065807343      -0.743971959475035     
   8.38720625413656       0.568421065807343      -0.785982196087369     
   8.38437911149560       0.568421065807343      -0.827992447567235     
   8.38155196985517       0.568421065807343      -0.870002684179569     
   8.37872482821473       0.568421065807343      -0.912012920791903     
   8.37589768657430       0.568421065807343      -0.954023157404236     
   8.37307054493387       0.568421065807343      -0.996033394016570     
   8.37024340129237       0.568421065807343       -1.03804366036397     
   8.36741626165300       0.568421065807343       -1.08005386724124     
   8.36458911601044       0.568421065807343       -1.12206416332370     
   8.36176197437001       0.568421065807343       -1.16407439993604     
   8.35893483272958       0.568421065807343       -1.20608463654837     
   8.35610769108914       0.568421065807343       -1.24809487316070     
   8.35328054944871       0.568421065807343       -1.29010510977304     
   8.35045340780828       0.568421065807343       -1.33211534638537     
   8.34762626616785       0.568421065807343       -1.37412558299770     
   8.34479912452742       0.568421065807343       -1.41613581961004     
   8.34197198288699       0.568421065807343       -1.45814605622237     
   8.33914484124655       0.568421065807343       -1.50015629283471     
   8.33631769960612       0.568421065807343       -1.54216652944704     
   7.33288590517851       0.497368425130844      -0.775693360776295     
   7.33041215574286       0.497368425130844      -0.812452325245854     
   7.32793840830829       0.497368425130844      -0.849211259980346     
   7.32546465887264       0.497368425130844      -0.885970224449904     
   7.32299090943700       0.497368425130844      -0.922729188919463     
   7.32051716000135       0.497368425130844      -0.959488153389021     
   7.31804340856464       0.497368425130844      -0.996247147593646     
   7.31556965912900       0.497368425130844       -1.03300611206320     
   7.31309591369549       0.497368425130844       -1.06976501706263     
   7.31062216425984       0.497368425130844       -1.10652398153219     
   7.30814841482420       0.497368425130844       -1.14328294600175     
   7.30567466538855       0.497368425130844       -1.18004191047131     
   7.30320091595291       0.497368425130844       -1.21680087494086     
   7.30072716651726       0.497368425130844       -1.25355983941042     
   7.29825341708162       0.497368425130844       -1.29031880387998     
   7.29577966764597       0.497368425130844       -1.32707776834954     
   7.29330591821033       0.497368425130844       -1.36383673281910     
   7.29083216877469       0.497368425130844       -1.40059569728866     
   7.28835841933904       0.497368425130844       -1.43735466175821     
   7.28588466990340       0.497368425130844       -1.47411362622777     
   6.27573889134162       0.426315784454346      -0.807414779227073     
   6.27361853411076       0.426315784454346      -0.838922471553857     
   6.27149817888097       0.426315784454346      -0.870430134145574     
   6.26937782165011       0.426315784454346      -0.901937826472357     
   6.26725746642032       0.426315784454346      -0.933445489064074     
   6.26513710918946       0.426315784454346      -0.964953181390857     
   6.26301675195861       0.426315784454346      -0.996460873717641     
   6.26089639472775       0.426315784454346       -1.02796856604442     
   6.25877603749689       0.426315784454346       -1.05947625837121     
   6.25665568426817       0.426315784454346       -1.09098389122786     
   6.25453532703731       0.426315784454346       -1.12249158355464     
   6.25241496980645       0.426315784454346       -1.15399927588142     
   6.25029461257560       0.426315784454346       -1.18550696820821     
   6.24817425534474       0.426315784454346       -1.21701466053499     
   6.24605390211601       0.426315784454346       -1.24852229339164     
   6.24393354488516       0.426315784454346       -1.28002998571843     
   6.24181318765430       0.426315784454346       -1.31153767804521     
   6.23969283042344       0.426315784454346       -1.34304537037199     
   6.23757247319259       0.426315784454346       -1.37455306269878     
   6.23545211596173       0.426315784454346       -1.40606075502556     
   5.21859140174366       0.355263143777847      -0.839136165660800     
   5.21682443671759       0.355263143777847      -0.865392585844808     
   5.21505747169152       0.355263143777847      -0.891649006028816     
   5.21329051066759       0.355263143777847      -0.917905366742692     
   5.21152354564152       0.355263143777847      -0.944161786926700     
   5.20975658061545       0.355263143777847      -0.970418207110708     
   5.20798961959151       0.355263143777847      -0.996674567824584     
   5.20622265456544       0.355263143777847       -1.02293098800859     
   5.20445568953937       0.355263143777847       -1.04918740819260     
   5.20268872851543       0.355263143777847       -1.07544376890648     
   5.20092176348936       0.355263143777847       -1.10170018909048     
   5.19915479846329       0.355263143777847       -1.12795660927449     
   5.19738783743936       0.355263143777847       -1.15421296998837     
   5.19562087241329       0.355263143777847       -1.18046939017238     
   5.19385390738722       0.355263143777847       -1.20672581035638     
   5.19208694636328       0.355263143777847       -1.23298217107026     
   5.19031998133721       0.355263143777847       -1.25923859125427     
   5.18855301631114       0.355263143777847       -1.28549501143828     
   5.18678605528720       0.355263143777847       -1.31175137215215     
   5.18501909026114       0.355263143777847       -1.33800779233616     
   4.16144438790677       0.284210532903671      -0.870857584111578     
   4.16003081508549       0.284210532903671      -0.891862732152811     
   4.15861724626634       0.284210532903671      -0.912867820723912     
   4.15720367344505       0.284210532903671      -0.933872968765145     
   4.15579010062377       0.284210532903671      -0.954878116806378     
   4.15437653180462       0.284210532903671      -0.975883205377479     
   4.15296295898334       0.284210532903671      -0.996888353418711     
   4.15154939016419       0.284210532903671       -1.01789344198981     
   4.15013581734291       0.284210532903671       -1.03889859003105     
   4.14872224852376       0.284210532903671       -1.05990367860215     
   4.14730867570248       0.284210532903671       -1.08090882664338     
   4.14589510688333       0.284210532903671       -1.10191391521448     
   4.14448153406205       0.284210532903671       -1.12291906325571     
   4.14306796524289       0.284210532903671       -1.14392415182681     
   4.14165439242161       0.284210532903671       -1.16492929986805     
   4.14024081960033       0.284210532903671       -1.18593444790928     
   4.13882725078118       0.284210532903671       -1.20693953648038     
   4.13741367795990       0.284210532903671       -1.22794468452161     
   4.13600010914075       0.284210532903671       -1.24894977309271     
   4.13458653631947       0.284210532903671       -1.26995492113395     
   3.10429713618935       0.213157892227173      -0.902578986553831     
   3.10323695557285       0.213157892227173      -0.918332862452289     
   3.10217677895849       0.213157892227173      -0.934086678880614     
   3.10111659834199       0.213157892227173      -0.949840554779072     
   3.10005642172763       0.213157892227173      -0.965594371207397     
   3.09899624111114       0.213157892227173      -0.981348247105855     
   3.09793606449678       0.213157892227173      -0.997102063534181     
   3.09687588788241       0.213157892227173       -1.01285587996251     
   3.09581570726592       0.213157892227173       -1.02860975586096     
   3.09475553065156       0.213157892227173       -1.04436357228929     
   3.09369535003506       0.213157892227173       -1.06011744818775     
   3.09263517342070       0.213157892227173       -1.07587126461607     
   3.09157499680634       0.213157892227173       -1.09162508104440     
   3.09051481618984       0.213157892227173       -1.10737895694286     
   3.08945463957548       0.213157892227173       -1.12313277337118     
   3.08839445895899       0.213157892227173       -1.13888664926964     
   3.08733428234462       0.213157892227173       -1.15464046569796     
   3.08627410573026       0.213157892227173       -1.17039428212629     
   3.08521392511377       0.213157892227173       -1.18614815802475     
   3.08415374849940       0.213157892227173       -1.20190197445307     
   2.04714988046979       0.142105266451836      -0.934300448466216     
   2.04644309606022       0.142105266451836      -0.944802992751766     
   2.04573631165064       0.142105266451836      -0.955305537037316     
   2.04502952724107       0.142105266451836      -0.965808081322867     
   2.04432273882936       0.142105266451836      -0.976310685078549     
   2.04361595441978       0.142105266451836      -0.986813229364100     
   2.04290917001021       0.142105266451836      -0.997315773649650     
   2.04220238159850       0.142105266451836       -1.00781837740533     
   2.04149559718893       0.142105266451836       -1.01832092169088     
   2.04078881277935       0.142105266451836       -1.02882346597643     
   2.04008202836978       0.142105266451836       -1.03932601026198     
   2.03937523995807       0.142105266451836       -1.04982861401767     
   2.03866845554849       0.142105266451836       -1.06033115830322     
   2.03796167113892       0.142105266451836       -1.07083370258877     
   2.03725488672934       0.142105266451836       -1.08133624687432     
   2.03654809831764       0.142105266451836       -1.09183885063000     
   2.03584131390806       0.142105266451836       -1.10234139491555     
   2.03513452949849       0.142105266451836       -1.11284393920110     
   2.03442774108678       0.142105266451836       -1.12334654295678     
   2.03372095667721       0.142105266451836       -1.13384908724233     
  0.990002628752368       7.105263322591780E-002 -0.966021850908468     
  0.989649236547580       7.105263322591780E-002 -0.971273123051243     
  0.989295844342792       7.105263322591780E-002 -0.976524395194019     
  0.988942452138005       7.105263322591780E-002 -0.981775667336794     
  0.988589059933217       7.105263322591780E-002 -0.987026939479569     
  0.988235663726298       7.105263322591780E-002 -0.992278271092476     
  0.987882271521511       7.105263322591780E-002 -0.997529543235252     
  0.987528879316723       7.105263322591780E-002  -1.00278081537803     
  0.987175487111936       7.105263322591780E-002  -1.00803208752080     
  0.986822094907148       7.105263322591780E-002  -1.01328335966358     
  0.986468702702361       7.105263322591780E-002  -1.01853463180635     
  0.986115310497573       7.105263322591780E-002  -1.02378590394913     
  0.985761918292785       7.105263322591780E-002  -1.02903717609190     
  0.985408522085866       7.105263322591780E-002  -1.03428850770481     
  0.985055129881079       7.105263322591780E-002  -1.03953977984759     
  0.984701737676291       7.105263322591780E-002  -1.04479105199036     
  0.984348345471504       7.105263322591780E-002  -1.05004232413314     
  0.983994953266716       7.105263322591780E-002  -1.05529359627591     
  0.983641561061929       7.105263322591780E-002  -1.06054486841869     
  0.983288168857141       7.105263322591780E-002  -1.06579614056146     
 -6.714462296505536E-002  0.000000000000000E+000 -0.997743253350721     
 -6.714462296505536E-002  0.000000000000000E+000 -0.997743253350721     
 -6.714462296505536E-002  0.000000000000000E+000 -0.997743253350721     
 -6.714462296505536E-002  0.000000000000000E+000 -0.997743253350721     
 -6.714462296505536E-002  0.000000000000000E+000 -0.997743253350721     
 -6.714462296505536E-002  0.000000000000000E+000 -0.997743253350721     
 -6.714462296505536E-002  0.000000000000000E+000 -0.997743253350721     
 -6.714462296505536E-002  0.000000000000000E+000 -0.997743253350721     
 -6.714462296505536E-002  0.000000000000000E+000 -0.997743253350721     
 -6.714462296505536E-002  0.000000000000000E+000 -0.997743253350721     
 -6.714462296505536E-002  0.000000000000000E+000 -0.997743253350721     
 -6.714462296505536E-002  0.000000000000000E+000 -0.997743253350721     
 -6.714462296505536E-002  0.000000000000000E+000 -0.997743253350721     
 -6.714462296505536E-002  0.000000000000000E+000 -0.997743253350721     
 -6.714462296505536E-002  0.000000000000000E+000 -0.997743253350721     
 -6.714462296505536E-002  0.000000000000000E+000 -0.997743253350721     
 -6.714462296505536E-002  0.000000000000000E+000 -0.997743253350721     
 -6.714462296505536E-002  0.000000000000000E+000 -0.997743253350721     
 -6.714462296505536E-002  0.000000000000000E+000 -0.997743253350721     
 -6.714462296505536E-002  0.000000000000000E+000 -0.997743253350721     
 zone  i=          58  j=          20
 -6.714462296505536E-002  0.000000000000000E+000 -0.997743253350721     
  0.983111470753681       0.000000000000000E+000  -1.06842180636791     
   2.03336756447242       0.000000000000000E+000  -1.13910035938511     
   3.08362365819116       0.000000000000000E+000  -1.20977891240230     
   4.13387975190989       0.000000000000000E+000  -1.28045746541950     
   5.18413560774810       0.000000000000000E+000  -1.35113600242816     
   6.23439193934737       0.000000000000000E+000  -1.42181457145388     
   7.28464779518557       0.000000000000000E+000  -1.49249310846255     
   8.33490412678484       0.000000000000000E+000  -1.56317167748827     
   9.38515998262305       0.000000000000000E+000  -1.63385021449694     
   10.4354158384613       0.000000000000000E+000  -1.70452875150561     
   11.4856716942995       0.000000000000000E+000  -1.77520728851428     
   12.5359285016598       0.000000000000000E+000  -1.84588588955705     
   13.5861843574980       0.000000000000000E+000  -1.91656442656572     
   14.6364402133362       0.000000000000000E+000  -1.98724296357438     
   15.6866960691744       0.000000000000000E+000  -2.05792150058305     
   16.7369528765347       0.000000000000000E+000  -2.12860010162582     
   17.7872087323729       0.000000000000000E+000  -2.19927863863449     
   18.8374645882112       0.000000000000000E+000  -2.26995717564316     
   19.8877204440494       0.000000000000000E+000  -2.34063571265183     
   21.9252166521319       0.000000000000000E+000  -2.47775206420319     
   23.9627147632588       0.000000000000000E+000  -2.61486854382275     
   26.0002109713413       0.000000000000000E+000  -2.75198489537411     
   28.0377071794239       0.000000000000000E+000  -2.88910124692547     
   30.0752033875065       0.000000000000000E+000  -3.02621759847683     
   32.1127014986333       0.000000000000000E+000  -3.16333407809640     
   34.1501958036717       0.000000000000000E+000  -3.30045030157955     
   36.1876939147985       0.000000000000000E+000  -3.43756678119912     
   38.2251920259253       0.000000000000000E+000  -3.57468326081868     
   40.2626863309637       0.000000000000000E+000  -3.71179948430184     
   42.3001844420905       0.000000000000000E+000  -3.84891596392140     
   44.3376825532173       0.000000000000000E+000  -3.98603244354097     
   46.3751768582557       0.000000000000000E+000  -4.12314866702412     
   48.4126749693825       0.000000000000000E+000  -4.26026514664369     
   50.4501730805093       0.000000000000000E+000  -4.39738162626325     
   52.4876673855477       0.000000000000000E+000  -4.53449784974641     
   54.5251654966745       0.000000000000000E+000  -4.67161432936597     
   56.5626636078013       0.000000000000000E+000  -4.80873080898554     
   58.6001579128396       0.000000000000000E+000  -4.94584703246869     
   59.3003944054297       0.000000000000000E+000  -4.88746923026033     
   60.0006308940176       0.000000000000000E+000  -4.82909148752210     
   60.7008673866077       0.000000000000000E+000  -4.77071368531373     
   61.4011076852862       0.000000000000000E+000  -4.71233613924178     
   62.1013441758752       0.000000000000000E+000  -4.65395836676848     
   62.8015806684652       0.000000000000000E+000  -4.59558056456012     
   63.5018171590542       0.000000000000000E+000  -4.53720279208682     
   64.2020536516443       0.000000000000000E+000  -4.47882498987846     
   64.9022939488220       0.000000000000000E+000  -4.42044746610780     
   65.6025266343231       0.000000000000000E+000  -4.36206942263056     
   66.3027669315008       0.000000000000000E+000  -4.30369189885991     
   67.0029996180024       0.000000000000000E+000  -4.24531384051514     
   67.7032399146798       0.000000000000000E+000  -4.18693632417825     
   68.4034726011814       0.000000000000000E+000  -4.12855826583348     
   69.1037128978589       0.000000000000000E+000  -4.07018074949659     
   69.8039455843604       0.000000000000000E+000  -4.01180269115181     
   70.5041858830390       0.000000000000000E+000  -3.95342514507986     
   71.2044185655384       0.000000000000000E+000  -3.89504714620522     
   71.9046588642170       0.000000000000000E+000  -3.83666960013327     
 -6.714462296505536E-002  0.000000000000000E+000 -0.997743253350721     
  0.983120771707056       3.739612177014400E-003  -1.06828359778070     
   2.03338616237704       7.479224354028700E-003  -1.13882400168081     
   3.08365155704915       1.121883653104310E-002  -1.20936434611079     
   4.13391695172126       1.495844870805740E-002  -1.27990469054076     
   5.18418210851284       1.869806088507180E-002  -1.35044501896221     
   6.23444773706335       2.243767306208610E-002  -1.42098543887085     
   7.28471289385493       2.617728523910050E-002  -1.49152576729230     
   8.33497852640757       2.991689741611480E-002  -1.56206612773080     
   9.38524367919702       3.365651145577430E-002  -1.63260651562239     
   10.4355088359886       3.739612177014350E-002  -1.70314684404384     
   11.4857739927802       4.113573580980300E-002  -1.77368717246529     
   12.5360401010939       4.487534612417220E-002  -1.84422756492085     
   13.5863052538833       4.861496016383170E-002  -1.91476795281243     
   14.6365704106749       5.235457047820090E-002  -1.98530828123388     
   15.6868355674665       5.609418451786040E-002  -2.05584860965533     
   16.7371016717781       5.983379483222960E-002  -2.12638906158102     
   17.7873668285697       6.357340514659880E-002  -2.19692939000247     
   18.8376319853612       6.731302291154860E-002  -2.26746971842392     
   19.8878971421528       7.105263322591780E-002  -2.33801004684537     
   21.9253933502354       7.105263322591780E-002  -2.47512639839673     
   23.9628914613622       7.105263322591780E-002  -2.61224287801630     
   26.0003876694448       7.105263322591780E-002  -2.74935922956766     
   28.0378838775274       7.105263322591780E-002  -2.88647558111902     
   30.0753800856100       7.105263322591780E-002  -3.02359193267038     
   32.1128781967368       7.105263322591780E-002  -3.16070841228994     
   34.1503725017752       7.105263322591780E-002  -3.29782463577310     
   36.1878706129020       7.105263322591780E-002  -3.43494111539266     
   38.2253687240288       7.105263322591780E-002  -3.57205759501223     
   40.2628630290671       7.105263322591780E-002  -3.70917381849538     
   42.3003611401939       7.105263322591780E-002  -3.84629029811495     
   44.3378592513208       7.105263322591780E-002  -3.98340677773451     
   46.3753535563591       7.105263322591780E-002  -4.12052300121767     
   48.4128516674859       7.105263322591780E-002  -4.25763948083723     
   50.4503497786128       7.105263322591780E-002  -4.39475596045680     
   52.4878440836511       7.105263322591780E-002  -4.53187218393995     
   54.5253421947779       7.105263322591780E-002  -4.66898866355952     
   56.5628403059047       7.105263322591780E-002  -4.80610514317909     
   58.6003346109431       7.105263322591780E-002  -4.94322136666224     
   59.3005618025798       6.731302291154860E-002  -4.88498177304109     
   60.0007889942165       6.357340514659880E-002  -4.82674217941995     
   60.7010161858531       5.983379483222960E-002  -4.76850258579880     
   61.4012471835783       5.609418451786040E-002  -4.71026324831406     
   62.1014743732139       5.235457047820090E-002  -4.65202368442798     
   62.8017015648506       4.861496016383170E-002  -4.59378409080683     
   63.5019287564873       4.487534612417220E-002  -4.53554449718569     
   64.2021559491245       4.113573580980300E-002  -4.47730488869701     
   64.9023869468496       3.739612177014350E-002  -4.41906555121227     
   65.6026103326480       3.365651145577430E-002  -4.36082569773783     
   66.3028413301230       2.991689741611480E-002  -4.30258636396997     
   67.0030647166717       2.617728523910050E-002  -4.24434649934488     
   67.7032957143969       2.243767306208610E-002  -4.18610716186015     
   68.4035190999451       1.869806088507180E-002  -4.12786731210259     
   69.1037500976702       1.495844870805740E-002  -4.06962797461785     
   69.8039734832184       1.121883653104310E-002  -4.01138812486030     
   70.5042044809436       7.479224354028700E-003  -3.95314878737556     
   71.2044278664918       3.739612177014400E-003  -3.89490893761800     
   71.9046588642170       0.000000000000000E+000  -3.83666960013327     
 -6.714462296505536E-002  0.000000000000000E+000 -0.997743253350721     
  0.983130068658299       7.479224354028700E-003  -1.06814544866361     
   2.03340476428379       1.495844870805740E-002  -1.13854758450637     
   3.08367945590714       2.243767306208610E-002  -1.20894977981927     
   4.13395415153263       2.991689741611480E-002  -1.27935191566203     
   5.18422860527545       3.739612177014350E-002  -1.34975409496640     
   6.23450353878147       4.487534612417220E-002  -1.42015624681768     
   7.28477799252429       5.235457047820090E-002  -1.49055842612205     
   8.33505292202818       5.983379483222960E-002  -1.56096063744347     
   9.38532737977313       6.731302291154860E-002  -1.63136275727770     
   10.4356018335160       7.479224354028700E-002  -1.70176493658207     
   11.4858762912609       8.227147161960600E-002  -1.77216705641631     
   12.5361516965259       8.975069224834439E-002  -1.84256929975478     
   13.5864261542708       9.722992032766339E-002  -1.91297141958901     
   14.6367006080136       0.104709140956402       -1.98337359889338     
   15.6869750617565       0.112188369035721       -2.05377577819775     
   16.7372504710235       0.119667589664459       -2.12417796206608     
   17.7875249247664       0.127146810293198       -2.19458014137045     
   18.8377993825113       0.134626045823097       -2.26498226120469     
   19.8880738362542       0.142105266451836       -2.33538444050905     
   21.9255700443367       0.142105266451836       -2.47250079206041     
   23.9630681554635       0.142105266451836       -2.60961727167998     
   26.0005643635461       0.142105266451836       -2.74673362323134     
   28.0380605716287       0.142105266451836       -2.88384997478270     
   30.0755567797113       0.142105266451836       -3.02096632633406     
   32.1130548908381       0.142105266451836       -3.15808280595362     
   34.1505491958765       0.142105266451836       -3.29519902943678     
   36.1880473070033       0.142105266451836       -3.43231550905634     
   38.2255454181301       0.142105266451836       -3.56943198867591     
   40.2630397231685       0.142105266451836       -3.70654821215906     
   42.3005378342953       0.142105266451836       -3.84366469177863     
   44.3380359454221       0.142105266451836       -3.98078117139819     
   46.3755302504605       0.142105266451836       -4.11789739488135     
   48.4130283615873       0.142105266451836       -4.25501387450091     
   50.4505264727141       0.142105266451836       -4.39213035412048     
   52.4880207777524       0.142105266451836       -4.52924657760363     
   54.5255188888793       0.142105266451836       -4.66636305722320     
   56.5630170000061       0.142105266451836       -4.80347953684276     
   58.6005113050444       0.142105266451836       -4.94059576032592     
   59.3007291957277       0.134626045823097       -4.88249437529199     
   60.0009470904132       0.127146810293198       -4.82439293078792     
   60.7011649810965       0.119667589664459       -4.76629154575399     
   61.4013866778682       0.112188369035721       -4.70819041685647     
   62.1016045705526       0.104709140956402       -4.65008900208748     
   62.8018224632370       9.722992032766339E-002  -4.59198758731848     
   63.5020403559214       8.975069224834439E-002  -4.53388617254948     
   64.2022582466047       8.227147161960600E-002  -4.47578478751555     
   64.9024799451274       7.479224354028700E-002  -4.41768363259985     
   65.6026940309729       6.731302291154860E-002  -4.35958197284509     
   66.3029157287452       5.983379483222960E-002  -4.30148082908004     
   67.0031298153411       5.235457047820090E-002  -4.24337915817463     
   67.7033515121129       4.487534612417220E-002  -4.18527802927711     
   68.4035655987088       3.739612177014350E-002  -4.12717635837171     
   69.1037872974816       2.991689741611480E-002  -4.06907519973912     
   69.8040013820764       2.243767306208610E-002  -4.01097355856878     
   70.5042230788482       1.495844870805740E-002  -3.95287242967126     
   71.2044371674452       7.479224354028700E-003  -3.89477072903079     
   71.9046588642170       0.000000000000000E+000  -3.83666960013327     
 -6.714462296505536E-002  0.000000000000000E+000 -0.997743253350721     
  0.983139369611674       1.121883653104310E-002  -1.06800724007640     
   2.03342336218840       2.243767306208610E-002  -1.13827122680207     
   3.08370735476513       3.365651145577430E-002  -1.20853521352775     
   4.13399135134399       4.487534612417220E-002  -1.27879914078329     
   5.18427510604019       5.609418451786040E-002  -1.34906311150045     
   6.23455933649745       6.731302291154860E-002  -1.41932711423465     
   7.28484309119365       7.853185385465621E-002  -1.48959108495180     
   8.33512732165091       8.975069224834439E-002  -1.55985508768600     
   9.38541107634711       0.100969530642033       -1.63011905840315     
   10.4356948310433       0.112188369035721       -1.70038302912030     
   11.4859785897416       0.123407199978828       -1.77064694036732     
   12.5362632959600       0.134626045823097       -1.84091097511857     
   13.5865470506562       0.145844876766205       -1.91117494583572     
   14.6368308053524       0.157063707709312       -1.98143891655287     
   15.6871145600486       0.168282553553581       -2.05170288727003     
   16.7373992662669       0.179501384496689       -2.12196692202128     
   17.7876830209631       0.190720215439796       -2.19223089273843     
   18.8379667796614       0.201939061284065       -2.26249480398545     
   19.8882505343576       0.213157892227173       -2.33275877470260     
   21.9257467424402       0.213157892227173       -2.46987512625396     
   23.9632448535670       0.213157892227173       -2.60699160587352     
   26.0007410616496       0.213157892227173       -2.74410795742488     
   28.0382372697322       0.213157892227173       -2.88122430897624     
   30.0757334778148       0.213157892227173       -3.01834066052760     
   32.1132315889416       0.213157892227173       -3.15545714014717     
   34.1507258939799       0.213157892227173       -3.29257336363032     
   36.1882240051068       0.213157892227173       -3.42968984324989     
   38.2257221162336       0.213157892227173       -3.56680632286945     
   40.2632164212719       0.213157892227173       -3.70392254635261     
   42.3007145323987       0.213157892227173       -3.84103902597217     
   44.3382126435256       0.213157892227173       -3.97815550559174     
   46.3757069485639       0.213157892227173       -4.11527172907489     
   48.4132050596907       0.213157892227173       -4.25238820869446     
   50.4507031708175       0.213157892227173       -4.38950468831402     
   52.4881974758559       0.213157892227173       -4.52662091179718     
   54.5256955869827       0.213157892227173       -4.66373739141674     
   56.5631936981095       0.213157892227173       -4.80085387103631     
   58.6006880031479       0.213157892227173       -4.93797009451947     
   59.3008965928778       0.201939061284065       -4.88000691807275     
   60.0011051866099       0.190720215439796       -4.82204368215590     
   60.7013137763398       0.179501384496689       -4.76408050570919     
   61.4015261761603       0.168282553553581       -4.70611752592875     
   62.1017347678913       0.157063707709312       -4.64815431974697     
   62.8019433616234       0.145844876766205       -4.59019108383013     
   63.5021519533544       0.134626045823097       -4.53222787764835     
   64.2023605450854       0.123407199978828       -4.47426467146657     
   64.9025729431550       0.112188369035721       -4.41630171770431     
   65.6027777290476       0.100969530642033       -4.35833825166924     
   66.3029901273674       8.975069224834439E-002  -4.30037529419010     
   67.0031949140105       7.853185385465621E-002  -4.24241181700438     
   67.7034073118299       6.731302291154860E-002  -4.18444886695901     
   68.4036120974724       5.609418451786040E-002  -4.12648540464082     
   69.1038244972930       4.487534612417220E-002  -4.06852242486038     
   69.8040292809344       3.365651145577430E-002  -4.01055899227726     
   70.5042416807550       2.243767306208610E-002  -3.95259601249683     
   71.2044464643964       1.121883653104310E-002  -3.89463257991370     
   71.9046588642170       0.000000000000000E+000  -3.83666960013327     
 -6.714462296505536E-002  0.000000000000000E+000 -0.997743253350721     
  0.983148670565048       1.495844870805740E-002  -1.06786903148918     
   2.03344196409515       2.991689741611480E-002  -1.13799480962764     
   3.08373525762526       4.487534612417220E-002  -1.20812058776610     
   4.13402854715323       5.983379483222960E-002  -1.27824642537469     
   5.18432160280280       7.479224354028700E-002  -1.34837218750463     
   6.23461513421344       8.975069224834439E-002  -1.41849798165161     
   7.28490818986301       0.104709140956402       -1.48862374378155     
   8.33520172127364       0.119667589664459       -1.55874953792853     
   9.38549477692322       0.134626045823097       -1.62887530005847     
   10.4357878325728       0.149584487080574       -1.69900106218840     
   11.4860808842202       0.164542943239212       -1.76912688378847     
   12.5363748913919       0.179501384496689       -1.83925270995250     
   13.5866679470415       0.194459840655327       -1.90937847208244     
   14.6369610026911       0.209418281912804       -1.97950423421237     
   15.6872540583407       0.224376738071442       -2.04962999634231     
   16.7375480655123       0.239335179328919       -2.11975582250634     
   17.7878411211619       0.254293620586395       -2.18988158463628     
   18.8381341728094       0.269252091646195       -2.26000740623634     
   19.8884272284589       0.284210532903671       -2.33013316836628     
   21.9259234365415       0.284210532903671       -2.46724951991764     
   23.9634215476683       0.284210532903671       -2.60436599953720     
   26.0009177557509       0.284210532903671       -2.74148235108856     
   28.0384139638335       0.284210532903671       -2.87859870263992     
   30.0759101719161       0.284210532903671       -3.01571505419128     
   32.1134082830429       0.284210532903671       -3.15283153381085     
   34.1509025880813       0.284210532903671       -3.28994775729400     
   36.1884006992081       0.284210532903671       -3.42706423691357     
   38.2258988103349       0.284210532903671       -3.56418071653313     
   40.2633931153732       0.284210532903671       -3.70129694001629     
   42.3008912265001       0.284210532903671       -3.83841341963585     
   44.3383893376269       0.284210532903671       -3.97552989925542     
   46.3758836426652       0.284210532903671       -4.11264612273857     
   48.4133817537921       0.284210532903671       -4.24976260235814     
   50.4508798649189       0.284210532903671       -4.38687908197770     
   52.4883741699572       0.284210532903671       -4.52399530546086     
   54.5258722810840       0.284210532903671       -4.66111178508042     
   56.5633703922109       0.284210532903671       -4.79822826469999     
   58.6008646972492       0.284210532903671       -4.93534448818314     
   59.3010639900279       0.269252091646195       -4.87751946085351     
   60.0012632828066       0.254293620586395       -4.81969443352388     
   60.7014625755853       0.239335179328919       -4.76186940619425     
   61.4016656744524       0.224376738071442       -4.70404463500103     
   62.1018649652300       0.209418281912804       -4.64621963740647     
   62.8020642580087       0.194459840655327       -4.58839461007684     
   63.5022635507874       0.179501384496689       -4.53056958274721     
   64.2024628425656       0.164542943239212       -4.47274457028512     
   64.9026659411826       0.149584487080574       -4.41491980280878     
   65.6028614273726       0.134626045823097       -4.35709452677651     
   66.3030645259896       0.119667589664459       -4.29926975930017     
   67.0032600126798       0.104709140956402       -4.24144447583413     
   67.7034631095459       8.975069224834439E-002  -4.18361973437598     
   68.4036585962361       7.479224354028700E-002  -4.12579445090994     
   69.1038616931022       5.983379483222960E-002  -4.06796970945178     
   69.8040571797924       4.487534612417220E-002  -4.01014442598574     
   70.5042602786596       2.991689741611480E-002  -3.95231965479252     
   71.2044557653498       1.495844870805740E-002  -3.89449437132649     
   71.9046588642170       0.000000000000000E+000  -3.83666960013327     
 -6.714462296505536E-002  0.000000000000000E+000 -0.997743253350721     
  0.983157971518423       1.869806088507180E-002  -1.06773082290196     
   2.03346056199977       3.739612177014350E-002  -1.13771845192334     
   3.08376315648325       5.609418451786040E-002  -1.20770602147458     
   4.13406574696459       7.479224354028700E-002  -1.27769365049596     
   5.18436810356754       9.349030256271360E-002  -1.34768120403868     
   6.23467093192942       0.112188369035721       -1.41766884906858     
   7.28497328853237       0.130886420607567       -1.48765640261129     
   8.33527612089638       0.149584487080574       -1.55764398817106     
   9.38557847349720       0.168282553553581       -1.62763160118391     
   10.4358808301001       0.186980605125427       -1.69761915472663     
   11.4861831827010       0.205678671598434       -1.76760676773948     
   12.5364864908260       0.224376738071442       -1.83759438531630     
   13.5867888434268       0.243074789643288       -1.90758199832915     
   14.6370912000298       0.261772841215134       -1.97756955187187     
   15.6873935566327       0.280470907688141       -2.04755710541459     
   16.7376968607557       0.299168974161148       -2.11754478246154     
   17.7879992173586       0.317867040634155       -2.18753233600426     
   18.8383015699594       0.336565107107162       -2.25751994901711     
   19.8886039265624       0.355263143777847       -2.32750750255982     
   21.9261001346450       0.355263143777847       -2.46462385411118     
   23.9635982457718       0.355263143777847       -2.60174033373075     
   26.0010944538544       0.355263143777847       -2.73885668528211     
   28.0385906619370       0.355263143777847       -2.87597303683347     
   30.0760868700196       0.355263143777847       -3.01308938838483     
   32.1135849811464       0.355263143777847       -3.15020586800439     
   34.1510792861847       0.355263143777847       -3.28732209148755     
   36.1885773973115       0.355263143777847       -3.42443857110711     
   38.2260755084384       0.355263143777847       -3.56155505072668     
   40.2635698134767       0.355263143777847       -3.69867127420983     
   42.3010679246035       0.355263143777847       -3.83578775382940     
   44.3385660357303       0.355263143777847       -3.97290423344896     
   46.3760603407687       0.355263143777847       -4.11002045693212     
   48.4135584518955       0.355263143777847       -4.24713693655168     
   50.4510565630223       0.355263143777847       -4.38425341617125     
   52.4885508680607       0.355263143777847       -4.52136963965440     
   54.5260489791875       0.355263143777847       -4.65848611927397     
   56.5635470903143       0.355263143777847       -4.79560259889353     
   58.6010413953527       0.355263143777847       -4.93271882237669     
   59.3012313871780       0.336565107107162       -4.87503200363428     
   60.0014213790033       0.317867040634155       -4.81734518489186     
   60.7016113708286       0.299168974161148       -4.75965836614945     
   61.4018051727445       0.280470907688141       -4.70197174407332     
   62.1019951625688       0.261772841215134       -4.64428495506597     
   62.8021851563951       0.243074789643288       -4.58659810658849     
   63.5023751482205       0.224376738071442       -4.52891128784608     
   64.2025651410463       0.205678671598434       -4.47122445423613     
   64.9027589392102       0.186980605125427       -4.41353788791324     
   65.6029451256975       0.168282553553581       -4.35585080188377     
   66.3031389246118       0.149584487080574       -4.29816422441023     
   67.0033251113492       0.130886420607567       -4.24047713466388     
   67.7035189092629       0.112188369035721       -4.18279057205788     
   68.4037050949998       9.349030256271360E-002  -4.12510349717905     
   69.1038988929136       7.479224354028700E-002  -4.06741693457305     
   69.8040850826525       5.609418451786040E-002  -4.00972980022409     
   70.5042788805663       3.739612177014350E-002  -3.95204323761809     
   71.2044650663032       1.869806088507180E-002  -3.89435616273927     
   71.9046588642170       0.000000000000000E+000  -3.83666960013327     
 -6.714462296505536E-002  0.000000000000000E+000 -0.997743253350721     
  0.983167268469666       2.243767306208610E-002  -1.06759267378488     
   2.03347916390652       4.487534612417220E-002  -1.13744203474891     
   3.08379105534124       6.731302291154860E-002  -1.20729145518307     
   4.13410294677596       8.975069224834439E-002  -1.27714087561722     
   5.18441460033015       0.112188369035721       -1.34699028004286     
   6.23472673364754       0.134626045823097       -1.41683965701541     
   7.28503838720173       0.157063707709312       -1.48668906144104     
   8.33535051651698       0.179501384496689       -1.55653849788373     
   9.38566217407330       0.201939061284065       -1.62638784283923     
   10.4359738276275       0.224376738071442       -1.69623724726486     
   11.4862854811817       0.246814399957657       -1.76608665169050     
   12.5365980862580       0.269252091646195       -1.83593612015023     
   13.5869097438143       0.291689753532410       -1.90578546510573     
   14.6372213973685       0.314127415418625       -1.97563486953137     
   15.6875330509227       0.336565107107162       -2.04548427395700     
   16.7378456600011       0.359002768993378       -2.11533368294660     
   17.7881573135553       0.381440430879593       -2.18518308737224     
   18.8384689671095       0.403878122568130       -2.25503249179787     
   19.8887806206637       0.426315784454346       -2.32488189622350     
   21.9262768287463       0.426315784454346       -2.46199824777486     
   23.9637749398731       0.426315784454346       -2.59911472739443     
   26.0012711479557       0.426315784454346       -2.73623107894579     
   28.0387673560383       0.426315784454346       -2.87334743049715     
   30.0762635641209       0.426315784454346       -3.01046378204851     
   32.1137616752477       0.426315784454346       -3.14758026166807     
   34.1512559802861       0.426315784454346       -3.28469648515123     
   36.1887540914129       0.426315784454346       -3.42181296477079     
   38.2262522025397       0.426315784454346       -3.55892944439036     
   40.2637465075780       0.426315784454346       -3.69604566787351     
   42.3012446187048       0.426315784454346       -3.83316214749308     
   44.3387427298317       0.426315784454346       -3.97027862711264     
   46.3762370348700       0.426315784454346       -4.10739485059580     
   48.4137351459968       0.426315784454346       -4.24451133021536     
   50.4512332571237       0.426315784454346       -4.38162780983493     
   52.4887275621620       0.426315784454346       -4.51874403331808     
   54.5262256732888       0.426315784454346       -4.65586051293765     
   56.5637237844156       0.426315784454346       -4.79297699255721     
   58.6012180894540       0.426315784454346       -4.93009321604037     
   59.3013987843281       0.403878122568130       -4.87254454641504     
   60.0015794752000       0.381440430879593       -4.81499593625984     
   60.7017601700741       0.359002768993378       -4.75744726663451     
   61.4019446670345       0.336565107107162       -4.69989891261573     
   62.1021253599075       0.314127415418625       -4.64235027272546     
   62.8023060527805       0.291689753532410       -4.58480163283520     
   63.5024867456535       0.269252091646195       -4.52725299294494     
   64.2026674385265       0.246814399957657       -4.46970435305468     
   64.9028519374880       0.224376738071442       -4.41215596930082     
   65.6030288240224       0.201939061284065       -4.35460707699104     
   66.3032133232340       0.179501384496689       -4.29705868952030     
   67.0033902100185       0.157063707709312       -4.23950979349363     
   67.7035747089800       0.134626045823097       -4.18196140973977     
   68.4037515937635       0.112188369035721       -4.12441254344817     
   69.1039360927249       8.975069224834439E-002  -4.06686415969432     
   69.8041129815105       6.731302291154860E-002  -4.00931523393258     
   70.5042974784709       4.487534612417220E-002  -3.95176687991379     
   71.2044743672566       2.243767306208610E-002  -3.89421795415205     
   71.9046588642170       0.000000000000000E+000  -3.83666960013327     
 -6.714462296505536E-002  0.000000000000000E+000 -0.997743253350721     
  0.983176569423041       2.617728523910050E-002  -1.06745446519766     
   2.03349776181114       5.235457047820090E-002  -1.13716567704461     
   3.08381895419923       7.853185385465621E-002  -1.20687688889155     
   4.13414014658733       0.104709140956402       -1.27658810073849     
   5.18446110109490       0.130886420607567       -1.34629929657691     
   6.23478253136352       0.157063707709312       -1.41601052443237     
   7.28510348587109       0.183240994811058       -1.48572172027079     
   8.33542491613971       0.209418281912804       -1.55543294812626     
   9.38574587064728       0.235595569014549       -1.62514414396468     
   10.4360668251548       0.261772841215134       -1.69485533980309     
   11.4863877796624       0.287950128316879       -1.76456653564151     
   12.5367096856921       0.314127415418625       -1.83427779551403     
   13.5870306401997       0.340304702520370       -1.90398899135245     
   14.6373515947072       0.366481989622116       -1.97370018719086     
   15.6876725492148       0.392659276723862       -2.04341138302928     
   16.7379944552445       0.418836563825607       -2.11312264290180     
   17.7883154097520       0.445013850927353       -2.18283383874022     
   18.8386363642596       0.471191138029099       -2.25254503457863     
   19.8889573187672       0.497368425130844       -2.32225623041705     
   21.9264535268498       0.497368425130844       -2.45937258196841     
   23.9639516379766       0.497368425130844       -2.59648906158797     
   26.0014478460592       0.497368425130844       -2.73360541313933     
   28.0389440541418       0.497368425130844       -2.87072176469069     
   30.0764402622243       0.497368425130844       -3.00783811624205     
   32.1139383733512       0.497368425130844       -3.14495459586162     
   34.1514326783895       0.497368425130844       -3.28207081934477     
   36.1889307895163       0.497368425130844       -3.41918729896434     
   38.2264289006431       0.497368425130844       -3.55630377858390     
   40.2639232056815       0.497368425130844       -3.69342000206706     
   42.3014213168083       0.497368425130844       -3.83053648168662     
   44.3389194279351       0.497368425130844       -3.96765296130619     
   46.3764137329735       0.497368425130844       -4.10476918478934     
   48.4139118441003       0.497368425130844       -4.24188566440891     
   50.4514099552271       0.497368425130844       -4.37900214402847     
   52.4889042602655       0.497368425130844       -4.51611836751163     
   54.5264023713923       0.497368425130844       -4.65323484713119     
   56.5639004825191       0.497368425130844       -4.79035132675076     
   58.6013947875575       0.497368425130844       -4.92746755023391     
   59.3015661814782       0.471191138029099       -4.87005708919580     
   60.0017375713967       0.445013850927353       -4.81264668762782     
   60.7019089653174       0.418836563825607       -4.75523622658971     
   61.4020841653266       0.392659276723862       -4.69782602168801     
   62.1022555572462       0.366481989622116       -4.64041559038496     
   62.8024269511669       0.340304702520370       -4.58300512934685     
   63.5025983430865       0.314127415418625       -4.52559469804380     
   64.2027697370072       0.287950128316879       -4.46818423700569     
   64.9029449355156       0.261772841215134       -4.41077405440529     
   65.6031125223473       0.235595569014549       -4.35336335209830     
   66.3032877208556       0.209418281912804       -4.29595316949790     
   67.0034553086879       0.183240994811058       -4.23854245232338     
   67.7036305066960       0.157063707709312       -4.18113227715674     
   68.4037980945282       0.130886420607567       -4.12372155998222     
   69.1039732925363       0.104709140956402       -4.06631138481558     
   69.8041408803685       7.853185385465621E-002  -4.00890066764106     
   70.5043160803777       5.235457047820090E-002  -3.95149046273936     
   71.2044836642078       2.617728523910050E-002  -3.89407980503497     
   71.9046588642170       0.000000000000000E+000  -3.83666960013327     
 -6.714462296505536E-002  0.000000000000000E+000 -0.997743253350721     
  0.983185870376415       2.991689741611480E-002  -1.06731625661045     
   2.03351635971575       5.983379483222960E-002  -1.13688931934030     
   3.08384685305723       8.975069224834439E-002  -1.20646232260003     
   4.13417734639869       0.119667589664459       -1.27603532585976     
   5.18450760185964       0.149584487080574       -1.34560831311096     
   6.23483832907951       0.179501384496689       -1.41518139184934     
   7.28516858454045       0.209418281912804       -1.48475437910054     
   8.33549931576245       0.239335179328919       -1.55432739836879     
   9.38582956722126       0.269252091646195       -1.62390044509012     
   10.4361598226822       0.299168974161148       -1.69347343234132     
   11.4864900781431       0.329085886478424       -1.76304641959252     
   12.5368212851262       0.359002768993378       -1.83261947087783     
   13.5871515365850       0.388919681310654       -1.90219251759916     
   14.6374817920459       0.418836563825607       -1.97176550485036     
   15.6878120475069       0.448753476142883       -2.04133849210156     
   16.7381432504878       0.478670358657837       -2.11091160285699     
   17.7884735059488       0.508587241172791       -2.18048459010819     
   18.8388037614097       0.538504183292389       -2.25005757735939     
   19.8891340168706       0.568421065807343       -2.31963056461059     
   21.9266302249532       0.568421065807343       -2.45674691616196     
   23.9641283360800       0.568421065807343       -2.59386339578152     
   26.0016245441626       0.568421065807343       -2.73097974733288     
   28.0391207522452       0.568421065807343       -2.86809609888424     
   30.0766169603278       0.568421065807343       -3.00521245043560     
   32.1141150714546       0.568421065807343       -3.14232893005517     
   34.1516093764930       0.568421065807343       -3.27944515353832     
   36.1891074876198       0.568421065807343       -3.41656163315789     
   38.2266055987466       0.568421065807343       -3.55367811277745     
   40.2640999037850       0.568421065807343       -3.69079433626061     
   42.3015980149118       0.568421065807343       -3.82791081588017     
   44.3390961260386       0.568421065807343       -3.96502729549974     
   46.3765904310769       0.568421065807343       -4.10214351898289     
   48.4140885422038       0.568421065807343       -4.23925999860246     
   50.4515866533306       0.568421065807343       -4.37637647822202     
   52.4890809583689       0.568421065807343       -4.51349270170518     
   54.5265790694957       0.568421065807343       -4.65060918132474     
   56.5640771806226       0.568421065807343       -4.78772566094431     
   58.6015714856609       0.568421065807343       -4.92484188442746     
   59.3017335786282       0.538504183292389       -4.86756963197656     
   60.0018956715956       0.508587241172791       -4.81029737952567     
   60.7020577645629       0.478670358657837       -4.75302512707477     
   61.4022236636187       0.448753476142883       -4.69575313076029     
   62.1023857545849       0.418836563825607       -4.63848090804446     
   62.8025478475522       0.388919681310654       -4.58120865559356     
   63.5027099415201       0.359002768993378       -4.52393638827513     
   64.2028720344874       0.329085886478424       -4.46666413582424     
   64.9030379335432       0.299168974161148       -4.40939213950975     
   65.6031962204221       0.269252091646195       -4.35211963092245     
   66.3033621194778       0.239335179328919       -4.29484763460796     
   67.0035204073572       0.209418281912804       -4.23757511115312     
   67.7036863064130       0.179501384496689       -4.18030311483864     
   68.4038445932919       0.149584487080574       -4.12303060625133     
   69.1040104923477       0.119667589664459       -4.06575860993685     
   69.8041687792265       8.975069224834439E-002  -4.00848610134954     
   70.5043346782823       5.983379483222960E-002  -3.95121410503506     
   71.2044929651612       2.991689741611480E-002  -3.89394159644775     
   71.9046588642170       0.000000000000000E+000  -3.83666960013327     
 -6.714462296505536E-002  0.000000000000000E+000 -0.997743253350721     
  0.983195167327658       3.365651145577430E-002  -1.06717810749336     
   2.03353496162250       6.731302291154860E-002  -1.13661290216587     
   3.08387475191522       0.100969530642033       -1.20604775630851     
   4.13421454621006       0.134626045823097       -1.27548255098102     
   5.18455409862225       0.168282553553581       -1.34491738911514     
   6.23489413079762       0.201939061284065       -1.41435219979617     
   7.28523368320981       0.235595569014549       -1.48378703793029     
   8.33557371138305       0.269252091646195       -1.55322190808146     
   9.38591326779737       0.302908599376679       -1.62265668674544     
   10.4362528202095       0.336565107107162       -1.69209152487955     
   11.4865923766239       0.370221614837646       -1.76152630354354     
   12.5369328805582       0.403878122568130       -1.83096120571176     
   13.5872724369725       0.437534630298615       -1.90039598437574     
   14.6376119893847       0.471191138029099       -1.96983082250986     
   15.6879515417969       0.504847645759583       -2.03926566064397     
   16.7382920497333       0.538504183292389       -2.10870050334206     
   17.7886316021455       0.572160661220551       -2.17813534147617     
   18.8389711585598       0.605817198753357       -2.24757012014016     
   19.8893107109720       0.639473676681519       -2.31700495827427     
   21.9268069190546       0.639473676681519       -2.45412130982563     
   23.9643050301814       0.639473676681519       -2.59123778944520     
   26.0018012382640       0.639473676681519       -2.72835414099656     
   28.0392974463465       0.639473676681519       -2.86547049254792     
   30.0767936544291       0.639473676681519       -3.00258684409928     
   32.1142917655559       0.639473676681519       -3.13970332371884     
   34.1517860705943       0.639473676681519       -3.27681954720200     
   36.1892841817211       0.639473676681519       -3.41393602682156     
   38.2267822928479       0.639473676681519       -3.55105250644113     
   40.2642765978863       0.639473676681519       -3.68816872992428     
   42.3017747090131       0.639473676681519       -3.82528520954385     
   44.3392728201399       0.639473676681519       -3.96240168916341     
   46.3767671251783       0.639473676681519       -4.09951791264657     
   48.4142652363051       0.639473676681519       -4.23663439226613     
   50.4517633474319       0.639473676681519       -4.37375087188570     
   52.4892576524703       0.639473676681519       -4.51086709536885     
   54.5267557635971       0.639473676681519       -4.64798357498842     
   56.5642538747239       0.639473676681519       -4.78510005460798     
   58.6017481797622       0.639473676681519       -4.92221627809114     
   59.3019009717762       0.605817198753357       -4.86508223422746     
   60.0020537677923       0.572160661220551       -4.80794813089365     
   60.7022065598062       0.538504183292389       -4.75081408702997     
   61.4023631579086       0.504847645759583       -4.69368029930270     
   62.1025159519236       0.471191138029099       -4.63654622570396     
   62.8026687459386       0.437534630298615       -4.57941215210521     
   63.5028215389531       0.403878122568130       -4.52227809337400     
   64.2029743319676       0.370221614837646       -4.46514403464279     
   64.9031309315708       0.336565107107162       -4.40801022461422     
   65.6032799189971       0.302908599376679       -4.35087590231283     
   66.3034365181000       0.269252091646195       -4.29374209971803     
   67.0035855060266       0.235595569014549       -4.23660776998287     
   67.7037421041290       0.201939061284065       -4.17947398225560     
   68.4038910920555       0.168282553553581       -4.12233965252045     
   69.1040476921590       0.134626045823097       -4.06520583505811     
   69.8041966780845       0.100969530642033       -4.00807153505802     
   70.5043532761869       6.731302291154860E-002  -3.95093774733076     
   71.2045022661145       3.365651145577430E-002  -3.89380338786053     
   71.9046588642170       0.000000000000000E+000  -3.83666960013327     
 -6.714462296505536E-002  0.000000000000000E+000 -0.997743253350721     
  0.983204468281033       3.739612177014350E-002  -1.06703989890615     
   2.03355355952712       7.479224354028700E-002  -1.13633654446157     
   3.08390265077321       0.112188369035721       -1.20563319001700     
   4.13425174602143       0.149584487080574       -1.27492977610229     
   5.18460059938699       0.186980605125427       -1.34422640564919     
   6.23494992851361       0.224376738071442       -1.41352306721314     
   7.28529878187917       0.261772841215134       -1.48281969676004     
   8.33564811100578       0.299168974161148       -1.55211635832399     
   9.38599696437134       0.336565107107162       -1.62141298787089     
   10.4363458177369       0.373961210250854       -1.69070961741779     
   11.4866946751046       0.411357343196869       -1.76000618749455     
   12.5370444799923       0.448753476142883       -1.82930288107555     
   13.5873933333578       0.486149579286575       -1.89859951062245     
   14.6377421867234       0.523545682430267       -1.96789614016935     
   15.6880910400889       0.560941815376282       -2.03719276971625     
   16.7384408449766       0.598337948322296       -2.10648946329725     
   17.7887896983422       0.635734081268311       -2.17578609284415     
   18.8391385557099       0.673130214214325       -2.24508266292092     
   19.8894874090754       0.710526287555695       -2.31437929246782     
   21.9269836171580       0.710526287555695       -2.45149564401918     
   23.9644817282848       0.710526287555695       -2.58861212363874     
   26.0019779363674       0.710526287555695       -2.72572847519010     
   28.0394741444500       0.710526287555695       -2.86284482674147     
   30.0769703525326       0.710526287555695       -2.99996117829282     
   32.1144684636594       0.710526287555695       -3.13707765791239     
   34.1519627686978       0.710526287555695       -3.27419388139555     
   36.1894608798246       0.710526287555695       -3.41131036101511     
   38.2269589909514       0.710526287555695       -3.54842684063467     
   40.2644532959897       0.710526287555695       -3.68554306411783     
   42.3019514071166       0.710526287555695       -3.82265954373740     
   44.3394495182434       0.710526287555695       -3.95977602335696     
   46.3769438232817       0.710526287555695       -4.09689224684012     
   48.4144419344085       0.710526287555695       -4.23400872645968     
   50.4519400455354       0.710526287555695       -4.37112520607925     
   52.4894343505737       0.710526287555695       -4.50824142956240     
   54.5269324617005       0.710526287555695       -4.64535790918197     
   56.5644305728273       0.710526287555695       -4.78247438880153     
   58.6019248778657       0.710526287555695       -4.91959061228469     
   59.3020683689263       0.673130214214325       -4.86259477700822     
   60.0022118639890       0.635734081268311       -4.80559888226163     
   60.7023553550496       0.598337948322296       -4.74860304698517     
   61.4025026562007       0.560941815376282       -4.69160740837498     
   62.1026461492624       0.523545682430267       -4.63461154336345     
   62.8027896443251       0.486149579286575       -4.57761564861686     
   63.5029331363862       0.448753476142883       -4.52061979847286     
   64.2030766304483       0.411357343196869       -4.46362391859380     
   64.9032239298486       0.373961210250854       -4.40662830600180     
   65.6033636170719       0.336565107107162       -4.34963218113698     
   66.3035109167222       0.299168974161148       -4.29263656482809     
   67.0036506046960       0.261772841215134       -4.23564042881262     
   67.7037979038461       0.224376738071442       -4.17864481993750     
   68.4039375908192       0.186980605125427       -4.12164869878956     
   69.1040848919704       0.149584487080574       -4.06465306017938     
   69.8042245769425       0.112188369035721       -4.00765696876651     
   70.5043718780937       7.479224354028700E-002  -3.95066133015632     
   71.2045115630658       3.739612177014350E-002  -3.89366523874345     
   71.9046588642170       0.000000000000000E+000  -3.83666960013327     
 -6.714462296505536E-002  0.000000000000000E+000 -0.997743253350721     
  0.983213769234407       4.113573580980300E-002  -1.06690169031893     
   2.03357216143387       8.227147161960600E-002  -1.13606012728714     
   3.08393055363333       0.123407199978828       -1.20521856425535     
   4.13428894183066       0.164542943239212       -1.27437706069369     
   5.18464709614960       0.205678671598434       -1.34353548165337     
   6.23500572622959       0.246814399957657       -1.41269393463010     
   7.28536388054853       0.287950128316879       -1.48185235558979     
   8.33572251062851       0.329085886478424       -1.55101080856652     
   9.38608066494745       0.370221614837646       -1.62016922952620     
   10.4364388192664       0.411357343196869       -1.68932765048588     
   11.4867969695832       0.452493071556091       -1.75848613091570     
   12.5371560754242       0.493628799915314       -1.82764461590948     
   13.5875142297432       0.534764528274536       -1.89680303686917     
   14.6378723840621       0.575900256633759       -1.96596145782885     
   15.6882305383810       0.617035984992981       -2.03511987878853     
   16.7385896442221       0.658171772956848       -2.10427836378232     
   17.7889477985410       0.699307501316071       -2.17343678474200     
   18.8393059488578       0.740443229675293       -2.24259526517182     
   19.8896641031768       0.781578958034515       -2.31175368613150     
   21.9271603112593       0.781578958034515       -2.44887003768286     
   23.9646584223862       0.781578958034515       -2.58598651730242     
   26.0021546304687       0.781578958034515       -2.72310286885378     
   28.0396508385513       0.781578958034515       -2.86021922040514     
   30.0771470466339       0.781578958034515       -2.99733557195650     
   32.1146451577607       0.781578958034515       -3.13445205157607     
   34.1521394627991       0.781578958034515       -3.27156827505922     
   36.1896375739259       0.781578958034515       -3.40868475467879     
   38.2271356850527       0.781578958034515       -3.54580123429835     
   40.2646299900911       0.781578958034515       -3.68291745778151     
   42.3021281012179       0.781578958034515       -3.82003393740107     
   44.3396262123447       0.781578958034515       -3.95715041702064     
   46.3771205173831       0.781578958034515       -4.09426664050379     
   48.4146186285099       0.781578958034515       -4.23138312012336     
   50.4521167396367       0.781578958034515       -4.36849959974292     
   52.4896110446750       0.781578958034515       -4.50561582322608     
   54.5271091558019       0.781578958034515       -4.64273230284564     
   56.5646072669287       0.781578958034515       -4.77984878246521     
   58.6021015719670       0.781578958034515       -4.91696500594836     
   59.3022357660764       0.740443229675293       -4.86010731978899     
   60.0023699601857       0.699307501316071       -4.80324963362961     
   60.7025041542950       0.658171772956848       -4.74639194747023     
   61.4026421544928       0.617035984992981       -4.68953451744726     
   62.1027763466011       0.575900256633759       -4.63267686102295     
   62.8029105407104       0.534764528274536       -4.57581917486357     
   63.5030447348197       0.493628799915314       -4.51896148870419     
   64.2031789279285       0.452493071556091       -4.46210381741235     
   64.9033169278762       0.411357343196869       -4.40524639110626     
   65.6034473156469       0.370221614837646       -4.34838845252736     
   66.3035853153444       0.329085886478424       -4.29153102993816     
   67.0037157033653       0.287950128316879       -4.23467308764237     
   67.7038537015620       0.246814399957657       -4.17781568735447     
   68.4039840895829       0.205678671598434       -4.12095774505868     
   69.1041220877796       0.164542943239212       -4.06410034477078     
   69.8042524758005       0.123407199978828       -4.00724240247499     
   70.5043904759983       8.227147161960600E-002  -3.95038497245202     
   71.2045208640192       4.113573580980300E-002  -3.89352703015623     
   71.9046588642170       0.000000000000000E+000  -3.83666960013327     
 -6.714462296505536E-002  0.000000000000000E+000 -0.997743253350721     
  0.983223070187782       4.487534612417220E-002  -1.06676348173171     
   2.03359075933849       8.975069224834439E-002  -1.13578376958284     
   3.08395845249133       0.134626045823097       -1.20480399796383     
   4.13432614164203       0.179501384496689       -1.27382428581495     
   5.18469359691434       0.224376738071442       -1.34284449818742     
   6.23506152394557       0.269252091646195       -1.41186480204707     
   7.28542897921788       0.314127415418625       -1.48088501441953     
   8.33579691025125       0.359002768993378       -1.54990525880905     
   9.38616436152143       0.403878122568130       -1.61892553065165     
   10.4365318167937       0.448753476142883       -1.68794574302412     
   11.4868992680639       0.493628799915314       -1.75696601486671     
   12.5372676748583       0.538504183292389       -1.82598629127328     
   13.5876351261285       0.583379507064819       -1.89500656311588     
   14.6380025814008       0.628254830837250       -1.96402677548835     
   15.6883700366731       0.673130214214325       -2.03304698786081     
   16.7387384394654       0.718005537986755       -2.10206732373751     
   17.7891058947377       0.762880861759186       -2.17108753610998     
   18.8394733460079       0.807756245136261       -2.24010780795258     
   19.8898408012802       0.852631568908691       -2.30912802032504     
   21.9273370093628       0.852631568908691       -2.44624437187640     
   23.9648351204896       0.852631568908691       -2.58336085149597     
   26.0023313285722       0.852631568908691       -2.72047720304733     
   28.0398275366548       0.852631568908691       -2.85759355459869     
   30.0773237447374       0.852631568908691       -2.99470990615005     
   32.1148218558642       0.852631568908691       -3.13182638576961     
   34.1523161609025       0.852631568908691       -3.26894260925277     
   36.1898142720294       0.852631568908691       -3.40605908887234     
   38.2273123831562       0.852631568908691       -3.54317556849190     
   40.2648066881945       0.852631568908691       -3.68029179197505     
   42.3023047993213       0.852631568908691       -3.81740827159462     
   44.3398029104482       0.852631568908691       -3.95452475121419     
   46.3772972154865       0.852631568908691       -4.09164097469734     
   48.4147953266133       0.852631568908691       -4.22875745431690     
   50.4522934377401       0.852631568908691       -4.36587393393647     
   52.4897877427785       0.852631568908691       -4.50299015741963     
   54.5272858539053       0.852631568908691       -4.64010663703919     
   56.5647839650321       0.852631568908691       -4.77722311665875     
   58.6022782700705       0.852631568908691       -4.91433934014191     
   59.3024031632264       0.807756245136261       -4.85761986256975     
   60.0025280563824       0.762880861759186       -4.80090038499759     
   60.7026529495384       0.718005537986755       -4.74418090742543     
   61.4027816487828       0.673130214214325       -4.68746168598967     
   62.1029065439398       0.628254830837250       -4.63074217868245     
   62.8030314390968       0.583379507064819       -4.57402267137522     
   63.5031563322528       0.538504183292389       -4.51730319380306     
   64.2032812264093       0.493628799915314       -4.46058370136336     
   64.9034099259038       0.448753476142883       -4.40386447621073     
   65.6035310137217       0.403878122568130       -4.34714473135151     
   66.3036597139667       0.359002768993378       -4.29042549504822     
   67.0037808020347       0.314127415418625       -4.23370574647212     
   67.7039095012791       0.269252091646195       -4.17698652503637     
   68.4040305883466       0.224376738071442       -4.12026679132779     
   69.1041592875910       0.179501384496689       -4.06354756989204     
   69.8042803746585       0.134626045823097       -4.00682783618347     
   70.5044090779050       8.975069224834439E-002  -3.95010855527759     
   71.2045301649725       4.487534612417220E-002  -3.89338882156902     
   71.9046588642170       0.000000000000000E+000  -3.83666960013327     
 -6.714462296505536E-002  0.000000000000000E+000 -0.997743253350721     
  0.983232367139025       4.861496016383170E-002  -1.06662533261463     
   2.03360936124524       9.722992032766339E-002  -1.13550735240840     
   3.08398635134932       0.145844876766205       -1.20438943167231     
   4.13436334145340       0.194459840655327       -1.27327151093622     
   5.18474009367695       0.243074789643288       -1.34215357419160     
   6.23511732566369       0.291689753532410       -1.41103560999390     
   7.28549407788724       0.340304702520370       -1.47991767324928     
   8.33587130587185       0.388919681310654       -1.54879976852172     
   9.38624806209753       0.437534630298615       -1.61768177230696     
   10.4366248143211       0.486149579286575       -1.68656383556235     
   11.4870015665446       0.534764528274536       -1.75544589881773     
   12.5373792702903       0.583379507064819       -1.82432802610721     
   13.5877560265160       0.631994485855103       -1.89321002989246     
   14.6381327787395       0.680609405040741       -1.96209209314784     
   15.6885095309631       0.729224383831024       -2.03097415640323     
   16.7388872387109       0.777839362621307       -2.09985622422258     
   17.7892639909344       0.826454281806946       -2.16873828747796     
   18.8396407431580       0.875069260597229       -2.23762035073334     
   19.8900174953815       0.923684239387512       -2.30650241398872     
   21.9275137034641       0.923684239387512       -2.44361876554008     
   23.9650118145909       0.923684239387512       -2.58073524515965     
   26.0025080226735       0.923684239387512       -2.71785159671101     
   28.0400042307561       0.923684239387512       -2.85496794826237     
   30.0775004388387       0.923684239387512       -2.99208429981373     
   32.1149985499655       0.923684239387512       -3.12920077943329     
   34.1524928550039       0.923684239387512       -3.26631700291645     
   36.1899909661307       0.923684239387512       -3.40343348253601     
   38.2274890772575       0.923684239387512       -3.54054996215558     
   40.2649833822959       0.923684239387512       -3.67766618563873     
   42.3024814934227       0.923684239387512       -3.81478266525830     
   44.3399796045495       0.923684239387512       -3.95189914487786     
   46.3774739095878       0.923684239387512       -4.08901536836102     
   48.4149720207147       0.923684239387512       -4.22613184798058     
   50.4524701318415       0.923684239387512       -4.36324832760015     
   52.4899644368798       0.923684239387512       -4.50036455108330     
   54.5274625480067       0.923684239387512       -4.63748103070287     
   56.5649606591335       0.923684239387512       -4.77459751032243     
   58.6024549641718       0.923684239387512       -4.91171373380559     
   59.3025705603765       0.875069260597229       -4.85513240535051     
   60.0026861525791       0.826454281806946       -4.79855113636557     
   60.7028017487838       0.777839362621307       -4.74196980791049     
   61.4029211470749       0.729224383831024       -4.68538879506195     
   62.1030367412785       0.680609405040741       -4.62880749634194     
   62.8031523354822       0.631994485855103       -4.57222619762193     
   63.5032679296858       0.583379507064819       -4.51564489890192     
   64.2033835238894       0.534764528274536       -4.45906360018191     
   64.9035029239314       0.486149579286575       -4.40248256131519     
   65.6036147117965       0.437534630298615       -4.34590101017565     
   66.3037341115883       0.388919681310654       -4.28931997502582     
   67.0038459007040       0.340304702520370       -4.23273840530187     
   67.7039653009961       0.291689753532410       -4.17615736271827     
   68.4040770871103       0.243074789643288       -4.11957583759691     
   69.1041964874024       0.194459840655327       -4.06299479501331     
   69.8043082775186       0.145844876766205       -4.00641321042182     
   70.5044276758097       9.722992032766339E-002  -3.94983219757329     
   71.2045394659259       4.861496016383170E-002  -3.89325061298180     
   71.9046588642170       0.000000000000000E+000  -3.83666960013327     
 -6.714462296505536E-002  0.000000000000000E+000 -0.997743253350721     
  0.983241668092400       5.235457047820090E-002  -1.06648712402741     
   2.03362795914985       0.104709140956402       -1.13523099470410     
   3.08401425020731       0.157063707709312       -1.20397486538079     
   4.13440054126476       0.209418281912804       -1.27271873605748     
   5.18478659444169       0.261772841215134       -1.34146259072565     
   6.23517312337967       0.314127415418625       -1.41020647741087     
   7.28555917655660       0.366481989622116       -1.47895033207903     
   8.33594570549458       0.418836563825607       -1.54769421876425     
   9.38633175867151       0.471191138029099       -1.61643807343241     
   10.4367178118484       0.523545682430267       -1.68518192810058     
   11.4871038650254       0.575900256633759       -1.75392578276874     
   12.5374908697244       0.628254830837250       -1.82266970147101     
   13.5878769229013       0.680609405040741       -1.89141355613918     
   14.6382629760783       0.732963979244232       -1.96015741080734     
   15.6886490292552       0.785318553447723       -2.02890126547551     
   16.7390360339542       0.837673127651215       -2.09764518417777     
   17.7894220871312       0.890027701854706       -2.16638903884594     
   18.8398081403081       0.942382276058197       -2.23513289351410     
   19.8901941934850       0.994736850261688       -2.30387674818227     
   21.9276904015676       0.994736850261688       -2.44099309973363     
   23.9651885126944       0.994736850261688       -2.57810957935319     
   26.0026847207770       0.994736850261688       -2.71522593090455     
   28.0401809288596       0.994736850261688       -2.85234228245591     
   30.0776771369422       0.994736850261688       -2.98945863400727     
   32.1151752480690       0.994736850261688       -3.12657511362684     
   34.1526695531073       0.994736850261688       -3.26369133711000     
   36.1901676642342       0.994736850261688       -3.40080781672956     
   38.2276657753610       0.994736850261688       -3.53792429634912     
   40.2651600803993       0.994736850261688       -3.67504051983228     
   42.3026581915261       0.994736850261688       -3.81215699945185     
   44.3401563026530       0.994736850261688       -3.94927347907141     
   46.3776506076913       0.994736850261688       -4.08638970255457     
   48.4151487188181       0.994736850261688       -4.22350618217413     
   50.4526468299449       0.994736850261688       -4.36062266179369     
   52.4901411349833       0.994736850261688       -4.49773888527685     
   54.5276392461101       0.994736850261688       -4.63485536489642     
   56.5651373572369       0.994736850261688       -4.77197184451598     
   58.6026316622753       0.994736850261688       -4.90908806799914     
   59.3027379575266       0.942382276058197       -4.85264494813127     
   60.0028442487758       0.890027701854706       -4.79620188773355     
   60.7029505440272       0.837673127651215       -4.73975876786569     
   61.4030606453670       0.785318553447723       -4.68331590413423     
   62.1031669386172       0.732963979244232       -4.62687281400144     
   62.8032732338686       0.680609405040741       -4.57042969413358     
   63.5033795281194       0.628254830837250       -4.51398658913325     
   64.2034858213696       0.575900256633759       -4.45754349900046     
   64.9035959222092       0.523545682430267       -4.40110064270277     
   65.6036984103715       0.471191138029099       -4.34465728156604     
   66.3038085102105       0.418836563825607       -4.28821444013589     
   67.0039109993734       0.366481989622116       -4.23177106413161     
   67.7040210987121       0.314127415418625       -4.17532823013523     
   68.4041235878750       0.261772841215134       -4.11888485413096     
   69.1042336872137       0.209418281912804       -4.06244202013457     
   69.8043361763766       0.157063707709312       -4.00599864413030     
   70.5044462777164       0.104709140956402       -3.94955578039885     
   71.2045487628772       5.235457047820090E-002  -3.89311246386472     
   71.9046588642170       0.000000000000000E+000  -3.83666960013327     
 -6.714462296505536E-002  0.000000000000000E+000 -0.997743253350721     
  0.983250969045774       5.609418451786040E-002  -1.06634891544020     
   2.03364655705447       0.112188369035721       -1.13495463699980     
   3.08404214906530       0.168282553553581       -1.20356029908928     
   4.13443774107613       0.224376738071442       -1.27216596117875     
   5.18483309520643       0.280470907688141       -1.34077160725970     
   6.23522892109566       0.336565107107162       -1.40937734482783     
   7.28562427522596       0.392659276723862       -1.47798299090878     
   8.33602010511732       0.448753476142883       -1.54658866900678     
   9.38641545524549       0.504847645759583       -1.61519437455786     
   10.4368108093758       0.560941815376282       -1.68380002063881     
   11.4872061635061       0.617035984992981       -1.75240566671976     
   12.5376024691585       0.673130214214325       -1.82101137683481     
   13.5879978192867       0.729224383831024       -1.88961708238589     
   14.6383931734170       0.785318553447723       -1.95822272846684     
   15.6887885275473       0.841412723064423       -2.02682837454779     
   16.7391848291976       0.897506952285767       -2.09543414413297     
   17.7895801833279       0.953601121902466       -2.16403979021392     
   18.8399755374582        1.00969529151917       -2.23264543629487     
   19.8903708915885        1.06578946113586       -2.30125108237582     
   21.9278670996710        1.06578946113586       -2.43836743392718     
   23.9653652107979        1.06578946113586       -2.57548391354674     
   26.0028614188804        1.06578946113586       -2.71260026509810     
   28.0403576269630        1.06578946113586       -2.84971661664946     
   30.0778538350456        1.06578946113586       -2.98683296820082     
   32.1153519461724        1.06578946113586       -3.12394944782039     
   34.1528462512108        1.06578946113586       -3.26106567130354     
   36.1903443623376        1.06578946113586       -3.39818215092311     
   38.2278424734644        1.06578946113586       -3.53529863054267     
   40.2653367785028        1.06578946113586       -3.67241485402583     
   42.3028348896296        1.06578946113586       -3.80953133364539     
   44.3403330007564        1.06578946113586       -3.94664781326496     
   46.3778273057948        1.06578946113586       -4.08376403674811     
   48.4153254169216        1.06578946113586       -4.22088051636768     
   50.4528235280484        1.06578946113586       -4.35799699598724     
   52.4903178330868        1.06578946113586       -4.49511321947040     
   54.5278159442136        1.06578946113586       -4.63222969908996     
   56.5653140553404        1.06578946113586       -4.76934617870953     
   58.6028083603787        1.06578946113586       -4.90646240219268     
   59.3029053546767        1.00969529151917       -4.85015749091204     
   60.0030023489747       0.953601121902466       -4.79385257963139     
   60.7030993432726       0.897506952285767       -4.73754766835075     
   61.4032001436590       0.841412723064423       -4.68124301320652     
   62.1032971359559       0.785318553447723       -4.62493813166094     
   62.8033941302539       0.729224383831024       -4.56863322038029     
   63.5034911255524       0.673130214214325       -4.51232829423212     
   64.2035881198504       0.617035984992981       -4.45602338295147     
   64.9036889202368       0.560941815376282       -4.39971872780724     
   65.6037821084463       0.504847645759583       -4.34341356039018     
   66.3038829088327       0.448753476142883       -4.28710890524595     
   67.0039760980428       0.392659276723862       -4.23080372296136     
   67.7040768984292       0.336565107107162       -4.17449906781713     
   68.4041700866387       0.280470907688141       -4.11819390040008     
   69.1042708870251       0.224376738071442       -4.06188924525584     
   69.8043640752346       0.168282553553581       -4.00558407783879     
   70.5044648756210       0.112188369035721       -3.94927942269455     
   71.2045580638305       5.609418451786040E-002  -3.89297425527750     
   71.9046588642170       0.000000000000000E+000  -3.83666960013327     
 -6.714462296505536E-002  0.000000000000000E+000 -0.997743253350721     
  0.983260265997017       5.983379483222960E-002  -1.06621076632311     
   2.03366515896122       0.119667589664459       -1.13467821982537     
   3.08407004792329       0.179501384496689       -1.20314573279776     
   4.13447494088750       0.239335179328919       -1.27161318630002     
   5.18487959196904       0.299168974161148       -1.34008068326388     
   6.23528472281378       0.359002768993378       -1.40854815277466     
   7.28568937389532       0.418836563825607       -1.47701564973853     
   8.33609450073792       0.478670358657837       -1.54548317871944     
   9.38649915582160       0.538504183292389       -1.61395061621318     
   10.4369038069031       0.598337948322296       -1.68241811317704     
   11.4873084619868       0.658171772956848       -1.75088555067077     
   12.5377140645905       0.718005537986755       -1.81935311166874     
   13.5881187196741       0.777839362621307       -1.88782054916247     
   14.6385233707557       0.837673127651215       -1.95628804612633     
   15.6889280218372       0.897506952285767       -2.02475554309020     
   16.7393336284430       0.957340717315674       -2.09322304461803     
   17.7897382795246        1.01717448234558       -2.16169054158190     
   18.8401429346082        1.07700836658478       -2.23015797907563     
   19.8905475856898        1.13684213161469       -2.29862547603949     
   21.9280437937724        1.13684213161469       -2.43574182759085     
   23.9655419048992        1.13684213161469       -2.57285830721042     
   26.0030381129818        1.13684213161469       -2.70997465876178     
   28.0405343210644        1.13684213161469       -2.84709101031314     
   30.0780305291470        1.13684213161469       -2.98420736186450     
   32.1155286402738        1.13684213161469       -3.12132384148406     
   34.1530229453121        1.13684213161469       -3.25844006496722     
   36.1905210564389        1.13684213161469       -3.39555654458678     
   38.2280191675658        1.13684213161469       -3.53267302420635     
   40.2655134726041        1.13684213161469       -3.66978924768950     
   42.3030115837309        1.13684213161469       -3.80690572730907     
   44.3405096948577        1.13684213161469       -3.94402220692863     
   46.3780039998961        1.13684213161469       -4.08113843041179     
   48.4155021110229        1.13684213161469       -4.21825491003136     
   50.4530002221497        1.13684213161469       -4.35537138965092     
   52.4904945271881        1.13684213161469       -4.49248761313408     
   54.5279926383149        1.13684213161469       -4.62960409275364     
   56.5654907494417        1.13684213161469       -4.76672057237321     
   58.6029850544801        1.13684213161469       -4.90383679585636     
   59.3030727478247        1.07700836658478       -4.84767009316293     
   60.0031604451714        1.01717448234558       -4.79150333099937     
   60.7032481385160       0.957340717315674       -4.73533662830595     
   61.4033396379490       0.897506952285767       -4.67917018174893     
   62.1034273332947       0.837673127651215       -4.62300344932043     
   62.8035150286403       0.777839362621307       -4.56683671689194     
   63.5036027229854       0.718005537986755       -4.51066999933098     
   64.2036904173306       0.658171772956848       -4.45450328177002     
   64.9037819183895       0.598337948322296       -4.39833681105326     
   65.6038658070213       0.538504183292389       -4.34216983178057     
   66.3039573074549       0.478670358657837       -4.28600337035602     
   67.0040411967121       0.418836563825607       -4.22983638179111     
   67.7041326961452       0.359002768993378       -4.17366993523409     
   68.4042165854024       0.299168974161148       -4.11750294666919     
   69.1043080868365       0.239335179328919       -4.06133647037711     
   69.8043919740926       0.179501384496689       -4.00516951154727     
   70.5044834735256       0.119667589664459       -3.94900306499025     
   71.2045673647839       5.983379483222960E-002  -3.89283604669028     
   71.9046588642170       0.000000000000000E+000  -3.83666960013327     
 -6.714462296505536E-002  0.000000000000000E+000 -0.997743253350721     
  0.983269566950392       6.357340514659880E-002  -1.06607255773589     
   2.03368375686584       0.127146810293198       -1.13440186212107     
   3.08409794678129       0.190720215439796       -1.20273116650624     
   4.13451214069886       0.254293620586395       -1.27106041142128     
   5.18492609273378       0.317867040634155       -1.33938969979793     
   6.23534052052976       0.381440430879593       -1.40771902019163     
   7.28575447256468       0.445013850927353       -1.47604830856828     
   8.33616890036065       0.508587241172791       -1.54437762896198     
   9.38658285239557       0.572160661220551       -1.61270691733862     
   10.4369968044305       0.635734081268311       -1.68103620571527     
   11.4874107604675       0.699307501316071       -1.74936543462179     
   12.5378256640246       0.762880861759186       -1.81769478703254     
   13.5882396160595       0.826454281806946       -1.88602407540918     
   14.6386535680944       0.890027701854706       -1.95435336378583     
   15.6890675201293       0.953601121902466       -2.02268265216248     
   16.7394824236864        1.01717448234558       -2.09101200457323     
   17.7898963757213        1.08074796199799       -2.15934129294988     
   18.8403103317583        1.14432132244110       -2.22767052185639     
   19.8907242837933        1.20789468288422       -2.29599981023304     
   21.9282204918758        1.20789468288422       -2.43311616178440     
   23.9657186030027        1.20789468288422       -2.57023264140397     
   26.0032148110852        1.20789468288422       -2.70734899295533     
   28.0407110191678        1.20789468288422       -2.84446534450669     
   30.0782072272504        1.20789468288422       -2.98158169605805     
   32.1157053383772        1.20789468288422       -3.11869817567761     
   34.1531996434156        1.20789468288422       -3.25581439916077     
   36.1906977545424        1.20789468288422       -3.39293087878033     
   38.2281958656692        1.20789468288422       -3.53004735839990     
   40.2656901707076        1.20789468288422       -3.66716358188305     
   42.3031882818344        1.20789468288422       -3.80428006150262     
   44.3406863929612        1.20789468288422       -3.94139654112218     
   46.3781806979996        1.20789468288422       -4.07851276460534     
   48.4156788091264        1.20789468288422       -4.21562924422490     
   50.4531769202532        1.20789468288422       -4.35274572384447     
   52.4906712252915        1.20789468288422       -4.48986194732762     
   54.5281693364184        1.20789468288422       -4.62697842694719     
   56.5656674475452        1.20789468288422       -4.76409490656675     
   58.6031617525835        1.20789468288422       -4.90121113004991     
   59.3032401449747        1.14432132244110       -4.84518263594370     
   60.0033185413681        1.08074796199799       -4.78915408236735     
   60.7033969337593        1.01717448234558       -4.73312558826114     
   61.4034791362411       0.953601121902466       -4.67709729082121     
   62.1035575306334       0.890027701854706       -4.62106876697993     
   62.8036359250257       0.826454281806946       -4.56504024313865     
   63.5037143204185       0.762880861759186       -4.50901170442984     
   64.2037927158113       0.699307501316071       -4.45298316572103     
   64.9038749164171       0.635734081268311       -4.39695489615772     
   65.6039495050961       0.572160661220551       -4.34092611060471     
   66.3040317060771       0.508587241172791       -4.28489783546608     
   67.0041062953815       0.445013850927353       -4.22886904062086     
   67.7041884958622       0.381440430879593       -4.17284077291599     
   68.4042630841660       0.317867040634155       -4.11681199293831     
   69.1043452866478       0.254293620586395       -4.06078369549837     
   69.8044198729506       0.190720215439796       -4.00475494525575     
   70.5045020754324       0.127146810293198       -3.94872664781582     
   71.2045766617351       6.357340514659880E-002  -3.89269789757320     
   71.9046588642170       0.000000000000000E+000  -3.83666960013327     
 -6.714462296505536E-002  0.000000000000000E+000 -0.997743253350721     
  0.983278867903766       6.731302291154860E-002  -1.06593434914868     
   2.03370235877259       0.134626045823097       -1.13412544494663     
   3.08412584964141       0.201939061284065       -1.20231654074459     
   4.13454933650810       0.269252091646195       -1.27050769601268     
   5.18497258949639       0.336565107107162       -1.33869877580211     
   6.23539631824575       0.403878122568130       -1.40688988760859     
   7.28581957123404       0.471191138029099       -1.47508096739802     
   8.33624329998339       0.538504183292389       -1.54327207920451     
   9.38666655297168       0.605817198753357       -1.61146315899394     
   10.4370898059600       0.673130214214325       -1.67965423878337     
   11.4875130549461       0.740443229675293       -1.74784537804293     
   12.5379372594565       0.807756245136261       -1.81603652186647     
   13.5883605124448       0.875069260597229       -1.88422760165590     
   14.6387837654331       0.942382276058197       -1.95241868144533     
   15.6892070184214        1.00969529151917       -2.02060976123476     
   16.7396312229318        1.07700836658478       -2.08880090505829     
   17.7900544759201        1.14432132244110       -2.15699198484772     
   18.8404777249063        1.21163439750671       -2.22518312410729     
   19.8909009778946        1.27894735336304       -2.29337420389672     
   21.9283971859772        1.27894735336304       -2.43049055544808     
   23.9658952971040        1.27894735336304       -2.56760703506764     
   26.0033915051866        1.27894735336304       -2.70472338661900     
   28.0408877132692        1.27894735336304       -2.84183973817036     
   30.0783839213517        1.27894735336304       -2.97895608972172     
   32.1158820324786        1.27894735336304       -3.11607256934129     
   34.1533763375169        1.27894735336304       -3.25318879282444     
   36.1908744486437        1.27894735336304       -3.39030527244401     
   38.2283725597705        1.27894735336304       -3.52742175206357     
   40.2658668648089        1.27894735336304       -3.66453797554673     
   42.3033649759357        1.27894735336304       -3.80165445516629     
   44.3408630870625        1.27894735336304       -3.93877093478586     
   46.3783573921009        1.27894735336304       -4.07588715826901     
   48.4158555032277        1.27894735336304       -4.21300363788858     
   50.4533536143545        1.27894735336304       -4.35012011750814     
   52.4908479193929        1.27894735336304       -4.48723634099130     
   54.5283460305197        1.27894735336304       -4.62435282061086     
   56.5658441416465        1.27894735336304       -4.76146930023043     
   58.6033384466849        1.27894735336304       -4.89858552371359     
   59.3034075421248        1.21163439750671       -4.84269517872446     
   60.0034766375648        1.14432132244110       -4.78680483373533     
   60.7035457330048        1.07700836658478       -4.73091448874620     
   61.4036186345332        1.00969529151917       -4.67502439989349     
   62.1036877279721       0.942382276058197       -4.61913408463943     
   62.8037568234121       0.875069260597229       -4.56324373965030     
   63.5038259188520       0.807756245136261       -4.50735339466118     
   64.2038950132915       0.740443229675293       -4.45146306453958     
   64.9039679145698       0.673130214214325       -4.39557297940375     
   65.6040332031709       0.605817198753357       -4.33968238942886     
   66.3041061046993       0.538504183292389       -4.28379230057614     
   67.0041713940508       0.471191138029099       -4.22790169945061     
   67.7042442935782       0.403878122568130       -4.17201164033296     
   68.4043095829297       0.336565107107162       -4.11612103920742     
   69.1043824824571       0.269252091646195       -4.06023098008977     
   69.8044477718086       0.201939061284065       -4.00434037896424     
   70.5045206733370       0.134626045823097       -3.94845029011152     
   71.2045859626885       6.731302291154860E-002  -3.89255968898598     
   71.9046588642170       0.000000000000000E+000  -3.83666960013327     
 -6.714462296505536E-002  0.000000000000000E+000 -0.997743253350721     
  0.983288168857141       7.105263322591780E-002  -1.06579614056146     
   2.03372095667721       0.142105266451836       -1.13384908724233     
   3.08415374849940       0.213157892227173       -1.20190197445307     
   4.13458653631947       0.284210532903671       -1.26995492113395     
   5.18501909026114       0.355263143777847       -1.33800779233616     
   6.23545211596173       0.426315784454346       -1.40606075502556     
   7.28588466990340       0.497368425130844       -1.47411362622777     
   8.33631769960612       0.568421065807343       -1.54216652944704     
   9.38675024954566       0.639473676681519       -1.61021946011939     
   10.4371828034873       0.710526287555695       -1.67827233132160     
   11.4876153534269       0.781578958034515       -1.74632526199395     
   12.5380488588906       0.852631568908691       -1.81437819723026     
   13.5884814088302       0.923684239387512       -1.88243112790261     
   14.6389139627719       0.994736850261688       -1.95048399910483     
   15.6893465167135        1.06578946113586       -2.01853687030704     
   16.7397800181752        1.13684213161469       -2.08658986501349     
   17.7902125721168        1.20789468288422       -2.15464273621570     
   18.8406451220564        1.27894735336304       -2.22269566688805     
   19.8910776759980        1.35000002384186       -2.29074853809027     
   21.9285738840806        1.35000002384186       -2.42786488964163     
   23.9660719952074        1.35000002384186       -2.56498136926119     
   26.0035682032900        1.35000002384186       -2.70209772081255     
   28.0410644113726        1.35000002384186       -2.83921407236391     
   30.0785606194552        1.35000002384186       -2.97633042391527     
   32.1160587305820        1.35000002384186       -3.11344690353484     
   34.1535530356204        1.35000002384186       -3.25056312701799     
   36.1910511467472        1.35000002384186       -3.38767960663756     
   38.2285492578740        1.35000002384186       -3.52479608625712     
   40.2660435629124        1.35000002384186       -3.66191230974028     
   42.3035416740392        1.35000002384186       -3.79902878935984     
   44.3410397851660        1.35000002384186       -3.93614526897941     
   46.3785340902043        1.35000002384186       -4.07326149246256     
   48.4160322013312        1.35000002384186       -4.21037797208213     
   50.4535303124580        1.35000002384186       -4.34749445170169     
   52.4910246174963        1.35000002384186       -4.48461067518485     
   54.5285227286231        1.35000002384186       -4.62172715480441     
   56.5660208397500        1.35000002384186       -4.75884363442398     
   58.6035151447883        1.35000002384186       -4.89595985790713     
   59.3035749392749        1.27894735336304       -4.84020772150522     
   60.0036347337615        1.20789468288422       -4.78445558510331     
   60.7036945282481        1.13684213161469       -4.72870344870140     
   61.4037581288232        1.06578946113586       -4.67295156843590     
   62.1038179253108       0.994736850261688       -4.61719940229893     
   62.8038777217985       0.923684239387512       -4.56144723616195     
   63.5039375162851       0.852631568908691       -4.50569509976004     
   64.2039973117722       0.781578958034515       -4.44994294849060     
   64.9040609125974       0.710526287555695       -4.39419106450821     
   65.6041169017459       0.639473676681519       -4.33843866081924     
   66.3041805033215       0.568421065807343       -4.28268676568621     
   67.0042364927202       0.497368425130844       -4.22693435828036     
   67.7043000932952       0.426315784454346       -4.17118247801486     
   68.4043560816934       0.355263143777847       -4.11543008547654     
   69.1044196822684       0.284210532903671       -4.05967820521104     
   69.8044756706666       0.213157892227173       -4.00392581267272     
   70.5045392752438       0.142105266451836       -3.94817387293708     
   71.2045952636419       7.105263322591780E-002  -3.89242148039877     
   71.9046588642170       0.000000000000000E+000  -3.83666960013327     
