p0,p1,p2,p3,p4,p5,p6,p7,p8,p9,p10,p11,p12,p13,p14,p15,p16,p17,p18,p19,p20,p21,p22,p23,p24,p25,p26,p27,p28,p29,p30,p31,p32,p33,p34,p35,p36,p37,p38,p39,p40,p41,p42,p43,p44,p45,p46,p47,p48,p49,p50,p51,p52,p53,p54,p55,p56,p57,p58,p59,p60,p61,p62,p63,p64,p65,p66,p67,p68,p69,p70,p71,p72,p73,p74,p75,p76,p77,p78,p79,p80,p81,p82,p83,p84,p85,p86,p87,p88,p89,p90,p91,p92,p93,p94,p95,p96,p97,p98,p99,p100,p101,p102,p103,p104,p105,p106,p107,p108,p109,p110,p111,p112,p113,p114,p115,p116,p117,p118,p119,p120,p121,p122,p123,p124,p125,p126,p127,p128,p129,p130,p131,p132,p133,p134,p135,p136,p137,p138,p139,p140,p141,p142,p143,p144,p145,p146,p147,p148,p149,p150,p151,p152,p153,p154,p155,p156,p157,p158,p159,p160,p161,p162,p163,p164,p165,p166,p167,p168,p169,p170,p171,p172,p173,p174,p175,p176,p177,p178,p179,p180,p181,p182,p183,p184,p185,p186,p187,p188,p189,p190,p191,smoothness_score
0.0,0.012048652916426693,0.06972466076342217,-0.004554779939496212,0.11842672903527275,0.01533419019455945,0.025572133230252907,0.11364354762924428,-0.013361767873732448,0.1547639904753293,-0.011145269840728533,-0.020512587806634296,-0.06745829107396406,0.08581712120884331,-0.354959369835933,0.2778518589308882,-0.3887180513939875,0.17426979040567114,-0.4346603872694481,0.0,72.0,0.0,0.014583333,0.014583333,2.0,0.006618592722635252,0.04398535046193026,0.05004351648517907,0.07468436382541498,0.00549092009415515,0.047515660727616774,0.05046096631980993,0.06512584063106926,0.06025593203892751,-0.007120762918253895,-0.040368336462926625,-0.05413833418861983,-0.05673566207835153,-0.06890312037980571,-0.02741771162043407,-0.1021666093594827,-0.11711426514616377,-0.11548889565759113,19.818686268832153,67.0,0.49314937256274316,0.008574828,0.008574828,4.0,0.007133946215548348,0.02978224417768141,0.04881067674140933,-0.0009561663915007437,0.06952863166479625,-0.0025532594039253593,0.08996312057488705,0.08292921747672269,0.06653420610247537,-0.008549077859284639,-0.04981654986513769,-0.07583289767937812,-0.004129203032110113,-0.12236478587686335,0.009993215563933943,-0.1006829016877726,-0.022684091375834717,-0.0629999373246523,33.670795925656314,67.83333333,1.1640883235195163,-0.000742686,-0.000742686,6.0,0.018203049869100835,0.07011651500494795,0.018904219447367036,0.05949655497696256,0.05399945131147461,0.0013745341534690545,0.0929408448887098,0.031910816103050015,0.04373399842006499,-0.009477769108828712,-0.054615950745139606,-0.001042355987780003,-0.08445660952164044,0.030273036320960574,-0.0908774658359349,-0.0036773893314311166,0.006737607708426795,0.0030348098845651423,42.1168998024102,68.666665,1.3459700819100244,-0.000380952,-0.000380952,8.0,0.019913084784693495,0.062455921801620164,0.01798442627802736,0.051233547777270176,0.044072024992079815,0.0012054699537691243,0.0977710525739009,0.03704251647398849,0.04845892693234273,-0.011988079320111483,-0.043563035584054055,-0.001046563481763455,-0.06743350806919805,0.02643656037735834,-0.07795038613590277,-0.003815205777436668,0.005964521781000494,0.002703450602746909,48.940425352235295,69.5,1.302080563127542,-0.000380952,-0.000380952,10.0,0.031220265260077595,0.04649192121356927,0.033824043675982456,0.017349906605748002,0.0779464833764125,-0.024353634500062636,0.08593012135810743,0.03808908680915469,0.03652047168302248,-0.008972960443643485,-0.10341591441927984,0.06621700878036882,-0.2138871453553187,0.12766558959703297,-0.19479376451961772,0.07421969341697222,-0.03760548542047378,0.009594729533665447,55.282801291505585,70.33333333,1.261832279050923,0.0,0.0,12.0,0.030802583451553976,0.03522919079326018,0.037777330193611104,0.015527725979403188,0.10189066326081665,-0.02384059653519409,0.08655884566922481,0.04869525755564882,0.022674980495688266,-0.018409087294705865,-0.07497513303792087,0.05709095736781257,-0.15660473055881535,0.13299572191651665,-0.20744074598178677,0.06181463071087941,-0.06920385316609519,0.0022246857779957894,60.9894814610356,71.16666667,1.3325160729977155,0.000126984,0.000126984,14.0,0.024824839079244918,0.03723357645506648,0.02595533303588531,0.043888906791348624,0.05500133743720188,0.005266174335643686,0.06396249698519509,0.048191314251148185,0.02703905790459767,-0.030770560837404034,-0.037307841457806606,-0.030709911964011273,-0.03932814624440438,-0.07618128601504034,-0.004367615912420868,-0.08001658118243193,-0.04837342612163387,-0.021160345107446223,66.11575384196891,72.0,1.2833948756248574,0.0,0.0,777.0137507059862
0.0,0.009216811192028255,0.07763987826224528,-0.004844865793552625,0.11971334408944481,0.014572101676610447,0.0328647651496216,0.09563259166615487,-0.014343548338906168,0.17794583064689412,-0.010841283330844784,-0.015578439158344117,-0.08349725317288065,0.11272364000117362,-0.3221819315628658,0.31031726885430094,-0.4867883130065864,0.16865439787610342,-0.5278402118600586,0.0,72.0,0.0,0.014583333,0.014583333,2.0,0.0063591160161627774,0.04214185305282656,0.05349273242220156,0.051146942901713,0.006786143701535637,0.04760010650613952,0.07230977588222197,0.063506394945159,0.06577303310919246,-0.00590651846496424,-0.03951957655008874,-0.04003287917769743,-0.05036558605489611,-0.07306455353149986,-0.03282462962292017,-0.09985223584166746,-0.08502136282533301,-0.1215533654230526,19.98340284731414,67.0,0.641429147686045,0.008574828,0.008574828,4.0,0.0053157754056265185,0.03171827098296299,0.04808424359616144,-0.000768727876778735,0.09154512100454061,-0.0024508994673519864,0.07985048475397082,0.0857536670797579,0.06609237061326818,-0.007834377329106183,-0.05401926655846693,-0.07620036191457161,-0.004029373084621329,-0.08404976190653934,0.009748391585290882,-0.0967461778328877,-0.025720595219604535,-0.04809696457703029,33.91703108493476,67.83333333,1.0829267104856455,-0.000742686,-0.000742686,6.0,0.018201126439710027,0.06751201883494387,0.020844757490893047,0.048640780117597676,0.059954376801144085,0.001237649359870105,0.11139853144470484,0.03608168243348883,0.04352815307828321,-0.008645919965977533,-0.05362216244769452,-0.0012176912674870207,-0.06807323705099734,0.03194629161504375,-0.08845209473985784,-0.003970751405435931,0.006725566385915677,0.0027437494704677665,42.211311555404066,68.666665,1.267112007799978,-0.000380952,-0.000380952,8.0,0.021388773617263813,0.06839396255651622,0.017695332485774068,0.06184612156715979,0.043019222441713106,0.0013151894025319,0.07675511744913209,0.02911650579072994,0.0500999199535209,-0.011513568445952522,-0.04227177829663738,-0.0010965247616484828,-0.08667449145308329,0.029155588939559603,-0.08820717346188905,-0.0032694419860264667,0.005608902857348238,0.0027491635337256455,49.099773445826195,69.5,1.3928506527828421,-0.000380952,-0.000380952,10.0,0.031294862001383705,0.04529382211887938,0.029778149673203826,0.022271888160495468,0.07923230823365159,-0.021673089597907133,0.08781037185105692,0.03636964536672062,0.027254534635495896,-0.010120155691694967,-0.09267674993532016,0.07258973731462831,-0.1755765104284347,0.17786544018399508,-0.17245931490346073,0.08170560588475576,-0.043626291526780984,0.010665368738538383,55.33427849604615,70.33333333,1.37210636550413,0.0,0.0,12.0,0.038263899344553876,0.03850794508489304,0.0420360830331204,0.01648517693845787,0.1015570450820196,-0.024313197862658044,0.07916773496981537,0.05393142169267073,0.026506455304056143,-0.016429321071714315,-0.07972819352432706,0.06893283779284047,-0.20373328637804003,0.14457827668332882,-0.1834204754107982,0.0634260539547861,-0.06418874532840144,0.0022225253704191918,60.98212628457442,71.16666667,1.3651315282441123,0.000126984,0.000126984,14.0,0.028729625426936828,0.04481911449511212,0.0273093358001189,0.04354961085348965,0.07549252369806145,0.0055115099765803656,0.06846436686143766,0.049133703991454065,0.022756865120148122,-0.033769739223198585,-0.03741497436826817,-0.03446485973998043,-0.04981004553009582,-0.053572604663914704,-0.005771828383144567,-0.05858126211348261,-0.05735302799835505,-0.025616189139018586,65.8861777692611,72.0,1.454385436849927,0.0,0.0,644.3357302488623
0.0,0.00867731876816978,0.06954591122293972,-0.00454262671926331,0.1160638294588638,0.01505614846623803,0.027348389805699844,0.11325581788752472,-0.014363867492928558,0.13984221169692565,-0.007810477882214172,-0.01521307434069078,-0.06844849686391893,0.10064639404737533,-0.303601452377801,0.25836547124410836,-0.4745875693741825,0.17168825608070093,-0.5333117301234431,0.0,72.0,0.0,0.014583333,0.014583333,2.0,0.007549441576737618,0.05508607002157091,0.043029325733140465,0.059405033844894206,0.004905817730120284,0.05836891355381843,0.06700871828537974,0.05196177713992709,0.06650979315509918,-0.00580044952122711,-0.0414930086909444,-0.05010372145223095,-0.05506498896459806,-0.06949005116618714,-0.026457219397781288,-0.11384364222060284,-0.11370183146530687,-0.09792596233371917,20.025300176111404,67.0,0.5913761482066496,0.008574828,0.008574828,4.0,0.007328308869906769,0.033829467674433546,0.04769219123828071,-0.0009741165074667516,0.06916135488650785,-0.002251236633060491,0.07172778200190126,0.06961461209616612,0.06108453148296325,-0.007374252356564013,-0.05449207672316786,-0.0800579505147884,-0.004089271893236461,-0.08599902903123136,0.012058035333733865,-0.09176476684297033,-0.025856290548283277,-0.04330423785395029,33.57813006002984,67.83333333,1.1382123971479483,-0.000742686,-0.000742686,6.0,0.0193249165113322,0.0673796782123177,0.017236678615548617,0.04720681194581627,0.04598967460838579,0.0012943897198506775,0.11270039360383823,0.034501627276566235,0.039260743397568,-0.01161557300891502,-0.0443113877976684,-0.0009628465844166051,-0.08658461852532034,0.02285996315869207,-0.08209171032629824,-0.0027559584764728774,0.005200493648421043,0.0028963796444401286,41.85131284921797,68.666665,1.2635426231285227,-0.000380952,-0.000380952,8.0,0.021303135495810258,0.0629100727782997,0.01667118834104477,0.05281999812937903,0.05535166031621248,0.0010524379414647844,0.09967489547366086,0.02664312465824112,0.0526033936400353,-0.009520130359983364,-0.043255057193200865,-0.000913036378536352,-0.09145243033145461,0.02870659707139977,-0.06410554990840464,-0.0035788761860193353,0.00560205962889968,0.003179353073888723,48.96747276311896,69.5,1.382351218949653,-0.000380952,-0.000380952,10.0,0.02510088203908897,0.047194684974261686,0.040898651302785756,0.021284260677534615,0.08408240683042045,-0.021218741972694497,0.10659067401531444,0.03492164270941882,0.036281627186970714,-0.010790006596752793,-0.08010546874271263,0.058714198567305996,-0.16672635782524767,0.13404315334078815,-0.18947677977352176,0.09585589535004982,-0.03423459459735114,0.011846999308213544,55.05610990428197,70.33333333,1.3495072449610148,0.0,0.0,12.0,0.03872532948890065,0.04126119184661956,0.04754106833315102,0.014446115813807552,0.08088150125120387,-0.02067381717599758,0.0874660082547762,0.04913624550411242,0.026309756627086275,-0.015375170761646203,-0.07784524191496234,0.05770694734161993,-0.16192576060294275,0.12432733123076684,-0.20663011097083575,0.07491251754629559,-0.06722269187884466,0.001645004370427709,60.691524184723185,71.16666667,1.3086213996364797,0.000126984,0.000126984,14.0,0.030413190396994822,0.03726495690474686,0.03150679833283828,0.04344096442325777,0.05399155031081051,0.006539527857045141,0.08444327331596647,0.06673462218402136,0.023683799895027086,-0.02847300560609071,-0.03570513792739163,-0.027939456451095353,-0.03923999920330463,-0.054167805971986234,-0.004497027555827661,-0.05649415105736776,-0.04977893010763183,-0.022124597006491897,65.83881228018667,72.0,1.3799946193034742,0.0,0.0,593.7267491744899
0.0,0.00855087874243112,0.07322397325239223,-0.005904648700309564,0.1241107493486627,0.0176326985569269,0.027656615947669893,0.10756741149064725,-0.016139241670179168,0.15385996693381826,-0.01150307541939304,-0.016205902998102026,-0.06856850576329011,0.09454693272012182,-0.2799973767502611,0.2943089165882798,-0.4109388660738319,0.17561490810420277,-0.5140099923605791,0.0,72.0,0.0,0.014583333,0.014583333,2.0,0.008667520178454256,0.04164183623567303,0.041047016732106784,0.059469229835694096,0.006556724965961725,0.06559263477285904,0.05530022804749204,0.05244342671703985,0.07248685523904085,-0.006802054038576202,-0.047302229289655336,-0.05252238195753554,-0.055495281109252254,-0.07045481994063461,-0.0237884291509946,-0.1039659220328976,-0.11298218430714688,-0.12053795879357634,20.063607644546046,67.0,0.5204658437967433,0.008574828,0.008574828,4.0,0.006365669527566722,0.030056937192827336,0.04262493818026767,-0.0009277134443538131,0.071311524306317,-0.002251484490326641,0.06673425111489319,0.060414141501010425,0.06633772932954538,-0.010272411466966225,-0.051203694222929044,-0.08053590417209884,-0.0031616268008873845,-0.10024500501646338,0.012761743716520207,-0.09357147364556241,-0.02595601863752912,-0.06216214628137987,33.5538437482956,67.83333333,1.0844572728388098,-0.000742686,-0.000742686,6.0,0.015799434945724437,0.04987822507995311,0.0161079721773314,0.061180145380630345,0.04105978376360405,0.0012251801762743699,0.08510109433981876,0.027390182484458087,0.03614595987852768,-0.008954887340961329,-0.041752535194269524,-0.0010436659543244247,-0.09056778777132049,0.031974423657120186,-0.06380380062428492,-0.003109067973098746,0.005562806928110766,0.003452817758972118,41.990805480379464,68.666665,1.3298060770896947,-0.000380952,-0.000380952,8.0,0.01951096242997957,0.0542263753688415,0.01872233665760371,0.060918659361857974,0.0533717862850205,0.0013462283125960553,0.09106745641369264,0.03216965395759177,0.047635974739313594,-0.008600734154362832,-0.05724834954728549,-0.0008663839427981432,-0.08974598175242683,0.027153193223765682,-0.08020377518586008,-0.0033484451644859394,0.00633605397726418,0.0028607212308972827,48.89576539370025,69.5,1.4021231563102965,-0.000380952,-0.000380952,10.0,0.027190977274008727,0.04403235073866326,0.032238190923535914,0.02151063800836869,0.07001439199114688,-0.02195784303684372,0.09309938715771485,0.03920075935953859,0.035317976496884645,-0.00975111010556103,-0.10318227587399804,0.06961556057410194,-0.15589348799508312,0.13970317928470294,-0.23342464831286636,0.0784698991215814,-0.02964328962757473,0.01137320201201431,55.19256420532381,70.33333333,1.3536915530797051,0.0,0.0,12.0,0.038061562493048255,0.03457700405763991,0.048591494389764324,0.018845882177470737,0.07973682969878883,-0.020860217260909756,0.08797047202969514,0.043655214057961106,0.021641188793071132,-0.01644581059706782,-0.0951061955631979,0.05676485712065898,-0.15136901126555496,0.14823271881084013,-0.15852522839635144,0.05911954260677202,-0.06616109087845529,0.0018003722848725268,60.69723472660741,71.16666667,1.3535588975436357,0.000126984,0.000126984,14.0,0.03417924551925451,0.03643688417394804,0.02665239819422939,0.050799107552651844,0.07747669725067637,0.005499622710939179,0.06121129461153793,0.05559390750471826,0.025373256459537405,-0.03122979203010952,-0.03796167196917293,-0.03095372321177542,-0.03995141840138974,-0.06402898426387052,-0.004554215713300282,-0.06193396708904351,-0.04870387055266298,-0.025769297002062288,66.17817171408672,72.0,1.4479372782651205,0.0,0.0,510.88419138873576
0.0,0.010494790281983184,0.06424890357401332,-0.0066420871790691385,0.12738059578389455,0.01707126487460891,0.026131209724876175,0.0861703455668662,-0.016890220027692797,0.18194046734904284,-0.009121989363442842,-0.020848157350140027,-0.09295994805535458,0.08161671902979743,-0.26208687199219854,0.2892018957949167,-0.4669405400733312,0.1729224979097249,-0.45866212762602465,0.0,72.0,0.0,0.014583333,0.014583333,2.0,0.008649189267937934,0.05192466908145783,0.04957533500456481,0.07046989089611971,0.006484665354253384,0.06414217733281877,0.0520416073405127,0.04515576940774792,0.06473457826347827,-0.007218069148197844,-0.04484356128131868,-0.04067120412136782,-0.04856488201287854,-0.05597429088317788,-0.033568881521834085,-0.13236076263518326,-0.09417512721036284,-0.09663762081501703,19.91151493144457,67.0,0.5646685496288635,0.008574828,0.008574828,4.0,0.007053117889277107,0.03214959127856855,0.04448499683615023,-0.0007558538428308318,0.078105106951387,-0.0021006869572598344,0.08601320705906619,0.08091201125950064,0.055687299043092366,-0.007351886354519277,-0.055939665278391046,-0.08278129139249531,-0.004407276636606263,-0.0989635644596192,0.01172108671787334,-0.08403717410793897,-0.029952724942963055,-0.053614059888999956,33.58018230396517,67.83333333,1.1651631219672476,-0.000742686,-0.000742686,6.0,0.01863766007481337,0.04863577308415231,0.020497887309787664,0.05490384572797958,0.05329301077678979,0.0010448849359313108,0.098722691672565,0.02780644394588717,0.03709197922529135,-0.009067361437026146,-0.051110717381162955,-0.0011067555675158887,-0.09199475988404683,0.030548068878513496,-0.06968375575949674,-0.0039645814293407695,0.005187139617919497,0.0026393439220758646,42.06187010579378,68.666665,1.2470581278331911,-0.000380952,-0.000380952,8.0,0.01624174919263603,0.0612926967219828,0.017167487481258088,0.044631497715522654,0.05903394007759785,0.0012428660896838595,0.084679768551019,0.036047606541873896,0.04720965398976608,-0.011263677076804214,-0.05644489367645768,-0.001165038808358771,-0.07247318508602225,0.02973842865359676,-0.08325451899010243,-0.003145306578794562,0.004756690465911801,0.0026458111624252465,48.9330523196534,69.5,1.288747847452191,-0.000380952,-0.000380952,10.0,0.0346645291122936,0.04330568262911783,0.035907036799854825,0.019338530844235813,0.07977434630493652,-0.024194656885696296,0.11052444573705637,0.032059657462253706,0.0385490726735193,-0.009112644071439255,-0.0854383394395887,0.07031021018832619,-0.19359786245463537,0.15286139125597098,-0.17726736547330907,0.06800240157193341,-0.034163332879769685,0.011205915203768204,55.06004455373122,70.33333333,1.261276312826063,0.0,0.0,12.0,0.03979256109685897,0.035528766294136004,0.039307980922437105,0.02096486851346785,0.09037021973950081,-0.025548349726534865,0.09452193176352079,0.04768555858038622,0.028582643372089243,-0.017513458279180338,-0.07430718682616645,0.06607061070906098,-0.16705976390896188,0.13239772044754364,-0.14988468834025856,0.05016134931492198,-0.05759064866458403,0.0018834800521265913,60.97743472295025,71.16666667,1.2843394974508406,0.000126984,0.000126984,14.0,0.03242438853487184,0.045037527244980224,0.02733571829870396,0.03830568270694063,0.0646725868085935,0.005846408259590284,0.07890722311432245,0.05009539853911926,0.019420241307091725,-0.033648256564741574,-0.050308995658728005,-0.03633894742824772,-0.05039178773079125,-0.06132033985476537,-0.005771375820174765,-0.0682281650686135,-0.055267751876090176,-0.02660046502308562,66.01496107632776,72.0,1.4460439124681008,0.0,0.0,617.3238369148112
0.0,0.010763373135520296,0.07123992956255806,-0.0055077362368608955,0.10461612471352051,0.017355787700891908,0.03420836130838721,0.09860754321587532,-0.013169059575894768,0.16278315213695194,-0.008719859122880024,-0.020890394965374353,-0.07207841177273447,0.11099771047536791,-0.33686151082926313,0.28140732532681495,-0.40740962450966334,0.15352977784170616,-0.5437039774537263,0.0,72.0,0.0,0.014583333,0.014583333,2.0,0.006949543966985796,0.0526127656754105,0.05319191137328598,0.06577559052397193,0.006034253274852986,0.05522671464123421,0.06688055203789595,0.056976161063454274,0.07659925570866066,-0.006627211503276117,-0.04754637532936854,-0.039137495507018026,-0.04573872500810804,-0.07249961573267029,-0.033690463516445744,-0.11946799255194215,-0.10055921524736777,-0.13101021672872334,19.987120732245618,67.0,0.614930746944522,0.008574828,0.008574828,4.0,0.005650939365135115,0.03079889675410114,0.05333132199602729,-0.0008175824165064179,0.09268777792693175,-0.002930419854348822,0.06775847592657101,0.08425249426829749,0.08048167590542037,-0.009312212040649722,-0.05604099375246382,-0.07915986064340765,-0.003039147138317773,-0.11299319274667077,0.012905060940596472,-0.07802433696131156,-0.02829183551701159,-0.05227184056605636,33.8088708654555,67.83333333,1.0750920657485232,-0.000742686,-0.000742686,6.0,0.016093072489622256,0.05957114354722902,0.01898334358836101,0.06446084440303894,0.057398917131255604,0.0013244026749640542,0.08647589960797812,0.028338108569900357,0.04611944453197905,-0.008825123572470882,-0.052954216133061345,-0.0009534396201413164,-0.06312731434498592,0.024110418091717926,-0.06376852940007299,-0.003990041954062148,0.0064035751211950235,0.0034214199897482423,41.89333692310498,68.666665,1.247117168660885,-0.000380952,-0.000380952,8.0,0.019015269892391745,0.07118897789936035,0.01888850278680652,0.0642177626926069,0.06084148677090529,0.0011622897298420695,0.10551879985358603,0.025738087634661243,0.04002743452368537,-0.008776979487610387,-0.05270145728874163,-0.0008565846690780723,-0.06907307783374436,0.027523578523406155,-0.07472030618782244,-0.003665481918247479,0.004761695045358473,0.003617728189908452,48.811219549549776,69.5,1.2496560169395707,-0.000380952,-0.000380952,10.0,0.033560911511863176,0.048152840497563826,0.044062858568993966,0.021674136823431816,0.08299148093381578,-0.026215765081171367,0.09871788885434445,0.04368791129451459,0.03274735505529981,-0.008249085270745941,-0.08401378278135342,0.06953933287872774,-0.21460191764023534,0.18012516496282682,-0.18428171949385636,0.10093160059357363,-0.03205329125149015,0.00974711338361355,55.04148004736409,70.33333333,1.2103950219671533,0.0,0.0,12.0,0.028631349855852826,0.04076892665417208,0.03821681951293803,0.014751617566617041,0.08857354239337656,-0.02000764814999067,0.10279085061977468,0.04091295412974777,0.022123068858000854,-0.016220206502391005,-0.08813769360893439,0.06420528359215362,-0.1792787885268803,0.14036979691194088,-0.14445868571263493,0.05091227718643964,-0.06469482806733111,0.002109258621043314,60.94607747515194,71.16666667,1.2213984446146524,0.000126984,0.000126984,14.0,0.030165256241818535,0.03770154384104681,0.0346666116980318,0.046488431334057764,0.07528900371479313,0.00476238747697986,0.057572310906981956,0.07088108462529814,0.025265879710100133,-0.02470277790898323,-0.048560716423261145,-0.03280417099112028,-0.05245488672443315,-0.06369116572650488,-0.004738997424483636,-0.0675232295490887,-0.05766910646902882,-0.018706906021285438,65.90386525439806,72.0,1.412774137218299,0.0,0.0,736.8527774541966
0.0,0.010775477333968822,0.07936451489580384,-0.004774919913637318,0.12647762684280717,0.016360946850742526,0.03141984090157315,0.1005981066373252,-0.013086138171842765,0.18432069064980192,-0.010969279698762704,-0.018422812235411,-0.06601575226219908,0.09078095815452854,-0.2658160478633998,0.2508821870241036,-0.39586272100100983,0.22003455428552016,-0.47558611718090776,0.0,72.0,0.0,0.014583333,0.014583333,2.0,0.0066424843084385106,0.04435567141237016,0.04651077455208256,0.06580239299211717,0.006198692869759388,0.05851820443282403,0.0691527582426084,0.051059826526219584,0.054346847799125624,-0.006211932151421165,-0.03850785252114282,-0.049777717001679184,-0.04423312721794286,-0.06937905762303816,-0.032316977030810726,-0.11894506422056765,-0.098277879161738,-0.11908743802928119,19.842866179756633,67.0,0.5561976191246712,0.008574828,0.008574828,4.0,0.005322669687776903,0.02635636990030947,0.047786178616236276,-0.0007444862289888155,0.08799191389985145,-0.0026916786567732975,0.07076886662699518,0.07864248859058952,0.07834436876220154,-0.009552089100594921,-0.037695538344405956,-0.060370000153457073,-0.003938196492679956,-0.09145297738074963,0.013539084993677774,-0.08999980270236323,-0.03250858416035549,-0.0477555531327756,33.640264691067195,67.83333333,1.092478814176285,-0.000742686,-0.000742686,6.0,0.015256859804005828,0.05051295734891289,0.016625580081982793,0.0497765346665193,0.05109244659566776,0.0013930997965970649,0.10352314234969241,0.035278296277430524,0.05260851425634953,-0.009912116873153621,-0.056931086833805405,-0.0008281468379612873,-0.07838817851931287,0.0290741036673095,-0.06497164894489009,-0.0033423088561147594,0.006149906126260517,0.0028621358310426054,42.19695336330814,68.666665,1.2671254673647523,-0.000380952,-0.000380952,8.0,0.016707320223508536,0.05501485174032182,0.016316847313457377,0.05028705815379204,0.05492181034794796,0.0012152778247273748,0.11038383553889389,0.030771288244721754,0.04860280883801484,-0.012099123151434334,-0.04625731675428013,-0.0011884842124829675,-0.08776028014233303,0.03038127168315593,-0.08643531715926948,-0.003214218093235552,0.006733894524521723,0.003059166572100873,49.043698738671836,69.5,1.3035824910861054,-0.000380952,-0.000380952,10.0,0.02653920796411914,0.03816076604840225,0.04356227425038959,0.021708088655550715,0.07173148554935638,-0.026841048420858913,0.08171942953311225,0.03115082364634409,0.03225762438021143,-0.010679064713877712,-0.08120932450439936,0.06688900005849956,-0.21227525261307995,0.14695429041633046,-0.17653708426450532,0.06850907002711348,-0.029573814568481925,0.01051680274489596,55.005224127843654,70.33333333,1.2756292225194932,0.0,0.0,12.0,0.030776508606805645,0.044420440314432555,0.03996092175006017,0.014420491102262225,0.08347843883977689,-0.0214107751817723,0.0705016248708288,0.04199157706514075,0.0271106734454171,-0.015152982032727356,-0.07176562321710503,0.05560121432298324,-0.17820382660526746,0.12366217475080689,-0.1463698172080716,0.07285442588833058,-0.05642402207356534,0.0016111210054840842,60.650807006162424,71.16666667,1.2884762079512717,0.000126984,0.000126984,14.0,0.028550428205340414,0.03958391923047412,0.03354499765210365,0.04499023262752398,0.05961913317871709,0.006548610150480621,0.06484149336896641,0.06090491348382424,0.02632263345991681,-0.029083998620576538,-0.03779744877328068,-0.03083920141793731,-0.03771680227607055,-0.054047978287947857,-0.006496542357308038,-0.0631906984369879,-0.0622729996428035,-0.024026484139200686,66.10740105176194,72.0,1.331927693777608,0.0,0.0,658.5576827270063
0.0,0.009078323309436866,0.05880064474557727,-0.004862674309449742,0.11372297843404526,0.017396716916274434,0.02608693745879725,0.11232741431982693,-0.018818361867704397,0.12545851159597377,-0.008403179799831729,-0.017892862126112113,-0.06868957339092098,0.0938685557975973,-0.33424074292769074,0.27610756763392463,-0.3995670237103303,0.20288108679868852,-0.46236827662966995,0.0,72.0,0.0,0.014583333,0.014583333,2.0,0.007510620409120409,0.045801805550864466,0.041669223349431156,0.07011562021371741,0.006376676740952314,0.05739455404024733,0.06186520340879343,0.05825335561633081,0.07385678710006759,-0.007205155629067375,-0.03731746022981889,-0.037743364174089106,-0.04327971589063008,-0.06306101775705222,-0.026976354989424123,-0.12979570809545535,-0.10951376049797744,-0.11059702919016434,19.959035750606088,67.0,0.5631180802939829,0.008574828,0.008574828,4.0,0.007498751336070063,0.03027674843229562,0.05871733524138145,-0.0008663132989637326,0.06600552437848037,-0.0025470026838478586,0.06628714866854672,0.07823821363173065,0.08133027401987514,-0.008765238110857412,-0.047559204933711144,-0.05672397455385958,-0.003802309682662943,-0.12093381386067531,0.010742571378579787,-0.10004197263229368,-0.029090779672173064,-0.0543655320634189,33.65307422802309,67.83333333,1.071774361581731,-0.000742686,-0.000742686,6.0,0.020936557698774443,0.06369086961244988,0.016719499078216328,0.05692298667450875,0.04160472384125819,0.0011996713458982018,0.0826041587454557,0.02695640869810486,0.04004739174550717,-0.011941968148248059,-0.05653506713508698,-0.0009271505001429382,-0.07039712936326377,0.02363485887179957,-0.08719932342160852,-0.003999153837465028,0.006692830141066326,0.0034005772134276346,42.086008765997775,68.666665,1.2322502547623082,-0.000380952,-0.000380952,8.0,0.020439675768856098,0.05886563751598441,0.018788864417362588,0.05288426343189268,0.05405336505500835,0.0010248815726856893,0.11133614577838348,0.028826444215840397,0.04164190733435045,-0.008558644106132907,-0.04746695787199418,-0.0009579045332764266,-0.0933617921120892,0.02693575701808158,-0.07287890375882135,-0.003108658560986571,0.006158405667467336,0.002713364345622362,49.13946905774458,69.5,1.3724431842992528,-0.000380952,-0.000380952,10.0,0.028486517504650075,0.045302762062786196,0.03973176758113348,0.02405847640861284,0.07550768601022402,-0.02523154758180327,0.09818334417138601,0.03124364105733784,0.03709422090267138,-0.009120878695266161,-0.083833139757456,0.07825392174388705,-0.2141293775412622,0.13663114089221276,-0.187944062590455,0.07551056951321146,-0.03191577185564691,0.011034604431603569,55.31854611513713,70.33333333,1.3792668552742182,0.0,0.0,12.0,0.0296633051560702,0.03371710914913738,0.03928292696984292,0.01767501728306262,0.0767422301885414,-0.021421560018511435,0.09572340734937727,0.05369779921303099,0.020347932828618465,-0.012825159656439346,-0.09290879364555464,0.06616543273247924,-0.16300870581141563,0.14630293792761245,-0.15011895782467985,0.06670296786784054,-0.05041915152846247,0.0016520011459968,60.98937541389678,71.16666667,1.3342029588335547,0.000126984,0.000126984,14.0,0.030072808918964883,0.04714646628032982,0.03639428840879376,0.050485594141927354,0.07153598271159602,0.005962505558600711,0.07676039473390292,0.05169263498129023,0.019769483033547166,-0.025429513981865565,-0.03654464487794201,-0.030705175673412903,-0.04699299770296377,-0.06265188957187579,-0.006347184486510259,-0.080190976817478,-0.06566645270858962,-0.02579983254401769,65.92256554755276,72.0,1.4487204605689734,0.0,0.0,649.0265071396005
0.0,0.010528294026938329,0.07212831662707737,-0.005567785493835174,0.10654668542291611,0.012316813393749952,0.02584985132985417,0.10683822160663757,-0.014819971259900047,0.18031827560096791,-0.008176169183958625,-0.020875942570430604,-0.06702723037490775,0.08155628971182281,-0.34862275333866605,0.3226978521027421,-0.36273064998881227,0.15871600198242158,-0.48943434284899134,0.0,72.0,0.0,0.014583333,0.014583333,2.0,0.007302472589795332,0.048762170599902156,0.0471771095502603,0.0638922879538503,0.00591626732953142,0.060002959753533744,0.07133281893770924,0.06242446641922076,0.06334093193447277,-0.00685309214647922,-0.04868900336417596,-0.03665754269886871,-0.05621525567807098,-0.07586747082194313,-0.022885336568885677,-0.11258474178314101,-0.08579046272371686,-0.0966322045189223,19.89967679739598,67.0,0.5303912490239195,0.008574828,0.008574828,4.0,0.007441303260613565,0.025208670619511337,0.0612369624950193,-0.0009991018632392026,0.0775134037811891,-0.0021343888637523037,0.08855629522850475,0.06515182124720252,0.06395380501151203,-0.008317507037072739,-0.03819795833007154,-0.0725469978271984,-0.004409287480706969,-0.11722288642203546,0.009935546471671598,-0.09630692580664078,-0.03227974957985565,-0.05834754110065661,33.91956867525133,67.83333333,1.157112982891695,-0.000742686,-0.000742686,6.0,0.022265359139546675,0.05477070434093126,0.020330248755996944,0.04605222653128194,0.05517695512645777,0.0010915190284977406,0.07839558751966738,0.03844719360350145,0.04382367192935074,-0.010643964391892437,-0.04667191473169267,-0.0010541532456574047,-0.09289945340089704,0.03341171117090536,-0.07945915428608827,-0.003340041405543358,0.0069950467981763865,0.0032251989871787466,42.19356106063411,68.666665,1.3283680012629442,-0.000380952,-0.000380952,8.0,0.020103295680529563,0.064786394846557,0.015129299253097642,0.06041394223704902,0.06097529575409714,0.0012831812486045592,0.07570970144590178,0.0379411170973465,0.036919366090416746,-0.01180211726816699,-0.05315370868442274,-0.0009894000875726352,-0.07928707527900597,0.025439357300064303,-0.07011470120485574,-0.0037683583952715953,0.006156267507121481,0.0036026402292909433,48.95378485286713,69.5,1.2926101941498453,-0.000380952,-0.000380952,10.0,0.03162366395223332,0.03738195353275047,0.0419939095678788,0.024779657971187797,0.09005052946555361,-0.022762658965121807,0.11321823364977071,0.04062973067966493,0.030703051335534266,-0.00969614351761322,-0.10310795060555784,0.06099842392465636,-0.16811198534409477,0.14761232446778222,-0.19263311817524179,0.079899860535801,-0.037019352174747375,0.008780319633432242,55.36843416438748,70.33333333,1.2540549295775605,0.0,0.0,12.0,0.02756915303868165,0.04294240806308323,0.03874922913341903,0.015398425637300988,0.08315275592000239,-0.025559498626867298,0.09832911950388398,0.05543892713382225,0.02521393899449229,-0.01850105033457721,-0.09728891395444994,0.05661517756429255,-0.16416508970378707,0.12767152530456496,-0.18232537534344692,0.06394572112256906,-0.06635397971728461,0.001985225440797099,60.86898673900747,71.16666667,1.2791809537925254,0.000126984,0.000126984,14.0,0.032050933888265576,0.04700541633505938,0.025045356192725944,0.041627315874640324,0.06478517366380017,0.004896561232909558,0.06736232108744139,0.06554162183824774,0.027240082549111352,-0.03530723461345558,-0.051041774623229334,-0.025042681884720572,-0.040118092970139824,-0.061760064684908855,-0.006141967290436507,-0.07077616768646043,-0.0665918293849639,-0.02087016911655793,65.94004079138429,72.0,1.3513869924937676,0.0,0.0,473.3937660092379
0.0,0.011988267798786185,0.0720281689870759,-0.006095526538122322,0.1225377424619141,0.016584316938586342,0.02885048664718338,0.08594626526470546,-0.014283011090817345,0.17453448384400322,-0.007986281292999792,-0.0205475458574189,-0.08307134393936534,0.09243041574752534,-0.33693016743178167,0.23483954829867876,-0.5124897922397484,0.20790713727918783,-0.502737088930105,0.0,72.0,0.0,0.014583333,0.014583333,2.0,0.008458927874679214,0.0538523775774013,0.038187556386179114,0.06097203194823116,0.006788026374446248,0.054495416503791146,0.0656351684555824,0.06692208631489746,0.06672110008958053,-0.00718714113296716,-0.0351397359486874,-0.03973326672259568,-0.04724056760485893,-0.06938658280544234,-0.033702574456145086,-0.1271371706687806,-0.09125487725262738,-0.11334985316176178,19.979280057790323,67.0,0.5478841232820589,0.008574828,0.008574828,4.0,0.006295935614672792,0.029941160114498985,0.05131474424508776,-0.0007210915624452316,0.09643757828296978,-0.0022957703247018977,0.07193893707072246,0.0823026719577163,0.056617592587685575,-0.009325335128129877,-0.03901987844376844,-0.06819068173731872,-0.003219720257128529,-0.10719771625844729,0.010761315963909,-0.08578633392073365,-0.0307465316808359,-0.058934832105094245,33.80121266904931,67.83333333,1.124457961709954,-0.000742686,-0.000742686,6.0,0.02098629038328012,0.07125604831432225,0.014573795987104525,0.04803977904474399,0.041310012470283895,0.0009704310674410211,0.08039216932335526,0.02759318514935126,0.042267078839714006,-0.00901481186476791,-0.05157924115884108,-0.0009671410767514329,-0.07201218257368697,0.0226799082142503,-0.07076144828599891,-0.0033759348189676777,0.006646782316909776,0.0025099925476041764,42.020947974923565,68.666665,1.2686065726591473,-0.000380952,-0.000380952,8.0,0.020342793691062407,0.05764960623137204,0.01637239857555312,0.06296197159872266,0.04932948807661746,0.0010759073917054802,0.07818817483649658,0.029632755989627706,0.04048328354500672,-0.00931542880615566,-0.04327854479030153,-0.0009989395184789205,-0.09234760681872872,0.02333347976497155,-0.06562038756620138,-0.0034122731338740693,0.0066995696252929275,0.0028388307794896214,49.070710875968764,69.5,1.260211675106882,-0.000380952,-0.000380952,10.0,0.028758791565246907,0.051513574927872334,0.031762659655888835,0.02509014236704289,0.07399038022203558,-0.02680885879489382,0.09402726855402803,0.03218993563273138,0.03339541580766773,-0.008088407242797496,-0.0835838777417323,0.07707229944126412,-0.1591450310005354,0.14567828104270664,-0.23952266505073572,0.0778343619773297,-0.032454647168892216,0.01254998020910303,55.22213919948735,70.33333333,1.32375840192842,0.0,0.0,12.0,0.02846770826755936,0.038795227513723475,0.04448764128389575,0.015999520221693646,0.07544508178929031,-0.026589729552046984,0.08245348602028413,0.04301323477868576,0.02274444689727382,-0.012729728063278895,-0.07356836096319495,0.05757096191968381,-0.15423264504693085,0.10929012511370091,-0.16695613504328474,0.06132972580527671,-0.0595159558494244,0.0017856964152914482,60.878900244513254,71.16666667,1.3519627393791547,0.000126984,0.000126984,14.0,0.028234468211669625,0.04938523520259216,0.029350583091129378,0.03780592487187247,0.06010597185748913,0.0064422673687095375,0.06263014459165543,0.05005132322009031,0.02746470223665782,-0.031236427051323873,-0.05218446776243772,-0.02741524509743366,-0.052479875260533076,-0.05557097208618886,-0.005926779252734955,-0.0804782451973024,-0.05116149214631962,-0.01846398540014182,65.96615209755869,72.0,1.3212592217140204,0.0,0.0,735.6480688080837
0.0,0.010580701180028327,0.054837808725141574,-0.005225273596403469,0.1257476148758172,0.015331321461538734,0.03246320143431952,0.08945371691364216,-0.01303319076503641,0.1410352269935295,-0.008675440100616053,-0.019888899219482923,-0.08566714655065327,0.11061728661537497,-0.3193496237453365,0.2616404493816407,-0.5126887306363915,0.18169598587068228,-0.5054925388798095,0.0,72.0,0.0,0.014583333,0.014583333,2.0,0.008630427915590997,0.05343137638758218,0.05057697173040844,0.07371709727527277,0.0051774926910685805,0.056042381349570035,0.07350217085213673,0.055495910664266034,0.07573305550526419,-0.006970698806397163,-0.049799356485857024,-0.05218076059205535,-0.056700702730066055,-0.05369713431806689,-0.02864178328626767,-0.137561491407315,-0.11207426830087153,-0.13258898384498316,19.980496355886427,67.0,0.4783882071135524,0.008574828,0.008574828,4.0,0.006113195242265024,0.024029766832360966,0.06143555270862165,-0.0009322436585901799,0.07170356091395692,-0.002858657045193256,0.06782375414137684,0.07613000681730617,0.064765196211065,-0.00802231983613301,-0.04786518951736677,-0.07964819798190008,-0.003598472714481826,-0.11736713574922843,0.011959675267674252,-0.0808439930577572,-0.027098083200524186,-0.04857545448707578,33.895535902146236,67.83333333,1.206311037246138,-0.000742686,-0.000742686,6.0,0.015588396931365689,0.05707097347197803,0.020053238591733483,0.050058749200401514,0.050947736921170134,0.0012580260795826757,0.10275024801515298,0.038157655609565105,0.04750045473777681,-0.01039423750472719,-0.05820985630620563,-0.0009463775502445512,-0.08236621622280832,0.032083318401572386,-0.06185142666476217,-0.002778202021269235,0.004928603257909956,0.002838416468500437,41.915178470636775,68.666665,1.3501551246450334,-0.000380952,-0.000380952,8.0,0.020449855845993663,0.06482248458812916,0.015245464477627738,0.06441803835588279,0.05260965782649279,0.001334179677994091,0.09403606878371831,0.037646339638884196,0.04835888495271101,-0.01173727023526415,-0.046889995562486506,-0.001208532268496173,-0.09222569446671101,0.029460421555879756,-0.06400654709186435,-0.003922245244770527,0.004744686585065552,0.0031503686129755256,48.80201282828635,69.5,1.3397692064239175,-0.000380952,-0.000380952,10.0,0.03238072447046934,0.03853126967987823,0.037357537907196474,0.021617044489053064,0.07111463467699146,-0.02438563058370612,0.10304620053130009,0.03581341976734323,0.039227003391708704,-0.008318010138708804,-0.0789043191317678,0.05647480780014395,-0.21249315935571836,0.13238331334415368,-0.20381187908939444,0.07096333482347085,-0.029533371352155346,0.011237976961425233,55.15477574817143,70.33333333,1.2972161630178596,0.0,0.0,12.0,0.03880121804872387,0.037281137833143484,0.048018402512278284,0.01977285146478842,0.08799515818802246,-0.025267479140250498,0.0822027111110524,0.04738914569986308,0.02489378147565501,-0.013401308729289763,-0.07261601221560265,0.050542719184502476,-0.19857789547613086,0.10793186041681209,-0.16222795529223435,0.061667654690476546,-0.05891686462699122,0.002194204633247613,60.93794450468388,71.16666667,1.2857896098824515,0.000126984,0.000126984,14.0,0.031006550813801423,0.03710339486565025,0.030488403620412406,0.041902415957330096,0.07167429834719315,0.004895874484770543,0.06341764202378604,0.05873819051843937,0.020533142667641266,-0.02580129435142972,-0.04581621683424846,-0.02702907682729031,-0.0375815771543586,-0.07437769394488085,-0.00648604849202766,-0.08200392806950883,-0.06947707909727732,-0.019302101164073434,66.0841931400599,72.0,1.4212838427824541,0.0,0.0,523.4975052819344
0.0,0.010444521817514093,0.05554856140276696,-0.006357700658626948,0.1284034902372219,0.0163980353828764,0.02687709999359254,0.11519255853551115,-0.01839552579963273,0.13406959700838986,-0.00922794323762495,-0.01995018120182936,-0.08371498424150263,0.1006969740878488,-0.31665253431246165,0.27435145763979474,-0.5206780221491824,0.16474451311036284,-0.5760953790649902,0.0,72.0,0.0,0.014583333,0.014583333,2.0,0.007210409814052222,0.05320766946723397,0.052353418867745194,0.06175801484816543,0.004929869453092597,0.05620647350525553,0.05387052258010223,0.05656156375837742,0.07008511398913872,-0.005786059100949128,-0.03787431631588658,-0.04888339738009624,-0.04886482967095003,-0.07467732931775312,-0.023074952799068713,-0.13285781913055947,-0.11506563840276,-0.11263687630228583,19.855515043098546,67.0,0.501771852314834,0.008574828,0.008574828,4.0,0.005775802748159119,0.029495776987252906,0.051649060061650834,-0.0008726404580803682,0.09344931645619978,-0.0025083778970365323,0.06897711940688483,0.08501994121091219,0.07806127795987887,-0.00814427989282503,-0.04140471267087843,-0.058095628828900084,-0.0031976271923596948,-0.10085558592801078,0.012234957254556825,-0.09285048449210806,-0.029856761363248822,-0.04935437908902707,33.59073714645145,67.83333333,1.1735693795264506,-0.000742686,-0.000742686,6.0,0.019344224063862086,0.06535600558640693,0.020519250573478687,0.0530355239218023,0.05069819329995686,0.0012872810937048162,0.09530809975060996,0.02874576544850439,0.05336191549644005,-0.011811465890377676,-0.04808182056020963,-0.0009360855381378067,-0.0788647108612463,0.03334610879019784,-0.08875944546494971,-0.003749062652070076,0.0049251846887690305,0.002899557702020732,42.21029439668987,68.666665,1.3734863025773387,-0.000380952,-0.000380952,8.0,0.01800604179086554,0.06520101521455497,0.021599942936810345,0.05541696856512112,0.04286314144081331,0.0014194901389942179,0.09675756456984798,0.03233713899224946,0.042623587124184424,-0.010076572555768952,-0.054196582028532635,-0.0009607351613512181,-0.0706130560953541,0.024579437625899467,-0.08853100158738676,-0.0038005346597072645,0.006514145989503403,0.0027245060812414444,49.087455597032076,69.5,1.3259117671764524,-0.000380952,-0.000380952,10.0,0.02997568741133313,0.041818859433439035,0.03273880832396256,0.022896290785602506,0.07220893308287414,-0.026121864405691485,0.07710424145830944,0.03023914987027709,0.02647205719716205,-0.008745419934268453,-0.07382592129898947,0.0638889696482184,-0.1798166164795316,0.1685507269319473,-0.2419826014343982,0.09522383118804799,-0.03986561472277571,0.008840663784151515,55.18412488168003,70.33333333,1.3026867847426709,0.0,0.0,12.0,0.03606081719886305,0.044702769837205045,0.039532432134760646,0.019816966309522344,0.09029884163253026,-0.019944713871597575,0.07179522457167209,0.04785555719785626,0.02169117576136745,-0.017228674812688975,-0.09019772552537227,0.06516928649077365,-0.15337126196793732,0.11012795905816164,-0.1878058766214122,0.07227003059767831,-0.05277271623679486,0.0017510075719560994,60.832238453021404,71.16666667,1.33495951648044,0.000126984,0.000126984,14.0,0.027840172655740365,0.047059603021210546,0.030158126024927016,0.04273121065423442,0.06961754849690521,0.005261528253304536,0.0770912265564445,0.05329439814969672,0.02449378898058313,-0.033834394959663436,-0.042055497335652746,-0.029596489533198763,-0.038240238362241205,-0.07333162409384222,-0.005154196108576785,-0.07692282994941639,-0.05606393719160633,-0.022824489342820498,65.85065562201687,72.0,1.4101280681669455,0.0,0.0,606.0836882732725
0.0,0.012235564139631208,0.07924641414977564,-0.006245472237885873,0.11503731146073339,0.016134722281211458,0.03303396605419324,0.10393512679882638,-0.014072113127468183,0.15391538590562995,-0.00833314020763828,-0.017485830398801177,-0.08598017806480251,0.08039898494536053,-0.2680660707792354,0.26903766815388896,-0.4032239705535541,0.21229560473751555,-0.43175851001891197,0.0,72.0,0.0,0.014583333,0.014583333,2.0,0.007488579287778101,0.04103077225636128,0.04858801111333673,0.06815027748132128,0.007032242662228494,0.0534308393754901,0.05244444005710192,0.060965848297353846,0.05866519255219734,-0.00828564907416079,-0.04774723308010385,-0.05425014405910761,-0.0538670550007025,-0.07467953387431522,-0.027326685497178857,-0.09756913894377427,-0.09652256873106684,-0.12654351008158343,20.004973638595892,67.0,0.604778432435991,0.008574828,0.008574828,4.0,0.006699013622386684,0.02464588579188931,0.05748216113291235,-0.0007633285706457509,0.08460480886662458,-0.002377914155591551,0.0874595444249128,0.07156061086220578,0.06142230667270749,-0.009658158810205993,-0.05553548238840379,-0.0671735003690993,-0.0041789937786203745,-0.11722434041250544,0.009983780622640784,-0.08258345958669183,-0.02776528736488575,-0.05503054552709731,33.775285500667565,67.83333333,1.1557353027817305,-0.000742686,-0.000742686,6.0,0.02004919683548573,0.06643948930138292,0.021730135947169722,0.04996689905726999,0.04554195719042715,0.001217112336143057,0.10781850693403658,0.027613962058652988,0.042672623075302056,-0.012341691788818103,-0.04641810249311027,-0.0012117312842327445,-0.08138376925106423,0.026488963095027625,-0.08411427380691294,-0.003704824810483296,0.00671235914693865,0.00298945036846614,42.07379941017751,68.666665,1.3190725435263297,-0.000380952,-0.000380952,8.0,0.018346979205560353,0.06837349270500756,0.01944437181046725,0.06284024282146565,0.04161385589672518,0.0009807534901211665,0.08465886929706816,0.026945255310956106,0.049067469761458475,-0.011433094262083715,-0.05217719271922315,-0.0010888942104399658,-0.07628386714813416,0.02916430737019737,-0.08005180423611963,-0.0034936618491592263,0.00665651325579685,0.003201811827754052,48.86600341932797,69.5,1.2921679064358857,-0.000380952,-0.000380952,10.0,0.0366265281334861,0.05415734788140156,0.03381928556537114,0.01942751695645093,0.08410944176947958,-0.026145721028892403,0.10500248138127409,0.04024967776330531,0.02757795756852715,-0.008190929088373806,-0.09172591899033479,0.07415121902544651,-0.20570984856452915,0.18062420395486797,-0.16172979470017532,0.07774424797557491,-0.043809478519579954,0.011035572508015372,55.36056302300678,70.33333333,1.250062702703456,0.0,0.0,12.0,0.031794560923571316,0.03386681903235746,0.04250516946133533,0.016144746292102562,0.08515430670195813,-0.024596438766859408,0.10135937568551885,0.05379160970948616,0.02454911682526197,-0.015508542140233268,-0.07714955089325581,0.055432429404252005,-0.20653966132182577,0.14793847622085374,-0.18151949827304428,0.06645073452474652,-0.049820530381523016,0.0020495401894459883,60.907438508417464,71.16666667,1.3462197222960801,0.000126984,0.000126984,14.0,0.025198301420865012,0.04559781778068921,0.026192656580389263,0.049645229267190026,0.07247661692918496,0.005188991003114967,0.07355677856611563,0.05934335182784324,0.0272503321701229,-0.030459883056779973,-0.04973589964695261,-0.025319209716157344,-0.05053442080479506,-0.05455600421752372,-0.005776763027087208,-0.07263925287320988,-0.06045156562092657,-0.021955814637639452,66.0039809232481,72.0,1.4156815345751674,0.0,0.0,777.0079077196766
0.0,0.00916472074883035,0.06317411069607883,-0.006600679456214564,0.09563487918810243,0.018011230892099144,0.028210136411077693,0.0960749746111004,-0.014503701888296552,0.17886057573806619,-0.009638119536933552,-0.019449996257096886,-0.06515408563795538,0.11677017265916588,-0.32492077015926674,0.25481582565442423,-0.4845115378116115,0.15532105667772683,-0.47925489594312204,0.0,72.0,0.0,0.014583333,0.014583333,2.0,0.006811743880870809,0.03891669430527926,0.04096532935795556,0.05794576075684094,0.005602288101000319,0.06416878057629959,0.05713381202018081,0.04745791146786477,0.062250736055343044,-0.00643150761026292,-0.03628885457962999,-0.04760343116158138,-0.04701342608083203,-0.06034174592095069,-0.026403823534581834,-0.12211253514906112,-0.08736413537705792,-0.11310698652240932,20.146426715132492,67.0,0.655603354619164,0.008574828,0.008574828,4.0,0.007238106997257373,0.02456516883568759,0.061255610340372274,-0.0008659426179071681,0.08564778463087142,-0.002664923724129954,0.0701453575776088,0.08268271146980027,0.06017508494048323,-0.00802884622621479,-0.049135942908707625,-0.07480776310673917,-0.004201517009521891,-0.11385192458263824,0.011793907167382772,-0.07637072610132653,-0.027706182626219898,-0.05359686086476255,33.56258872443794,67.83333333,1.138971046546771,-0.000742686,-0.000742686,6.0,0.01993026619131792,0.06448118171848503,0.016573003768126125,0.044903826646306814,0.05853827805711329,0.0012767963370003065,0.11069342002224433,0.038214716931453244,0.04126889391078227,-0.009148313068149392,-0.043511715747398726,-0.0009034516153609618,-0.07038012113373905,0.026240466299671247,-0.07676711983286567,-0.0032581718891670827,0.005852446953632785,0.0030030596216032,42.167729482348875,68.666665,1.3154809700656347,-0.000380952,-0.000380952,8.0,0.02240297359882392,0.06107448361888021,0.017278134575462144,0.06422938600456192,0.05360839996702539,0.0013315461916511382,0.10522260051196256,0.03582293317522309,0.04100241619499482,-0.008928383391832195,-0.04489179657025244,-0.0011487408054201358,-0.06351750862252024,0.027398136127812545,-0.08251262334253416,-0.003806053289722039,0.005333920699253376,0.0035541754385005017,49.108219498299434,69.5,1.3163095443442974,-0.000380952,-0.000380952,10.0,0.026332302874482776,0.049292068725665994,0.03185342444875824,0.018959038002072815,0.09951865732775313,-0.02425551385992768,0.09275518511726663,0.041473687503645,0.028242449942250187,-0.010958109171709385,-0.10148866504985682,0.07330036265352496,-0.22268240161887587,0.17156521255935048,-0.20232727633474146,0.08371198147402681,-0.02976676563214295,0.01159312890888359,55.08622310075852,70.33333333,1.2868584325091863,0.0,0.0,12.0,0.03181241643335141,0.04202062713301798,0.03387291812159793,0.01756944172113336,0.08806229454298711,-0.026336770845105235,0.09042834430928132,0.04653674964537442,0.02760770450228952,-0.013174999829242,-0.07482678586902544,0.06815494068922184,-0.16052106114057604,0.11567331602155802,-0.15805983867065554,0.05465586019944766,-0.06274240001814195,0.001774618238246348,60.653678622471894,71.16666667,1.3266257886695336,0.000126984,0.000126984,14.0,0.027548271741481965,0.04845035276106062,0.02659320004591375,0.042382735504809,0.0537673117902853,0.005881467075411423,0.07202822803760185,0.05481867369557296,0.018574443986084686,-0.024392019215913614,-0.050065685309722614,-0.03300665226178695,-0.04916158095969164,-0.056571044519701914,-0.005915089481805554,-0.06671442149055379,-0.06666588649514053,-0.02551660246968049,65.84295245466721,72.0,1.4462238392942406,0.0,0.0,656.5835604524259
0.0,0.009717323620764806,0.07532485376871473,-0.006079423809457099,0.12962316889603137,0.012392055377025129,0.029573351786209474,0.11149676082089588,-0.014265057063988045,0.17955807270948915,-0.008049167243522209,-0.019859365668675962,-0.0933738847651881,0.10368339836984217,-0.3648619160056562,0.27096992198306524,-0.4434305969124362,0.17040128735061494,-0.5674446182262957,0.0,72.0,0.0,0.014583333,0.014583333,2.0,0.009107030486606974,0.04917802306143398,0.05121187968750426,0.06351989445159067,0.005195722381240167,0.053713953309594595,0.05863599832187508,0.05800890553516306,0.0710362347910285,-0.006098387050530898,-0.042551988545992604,-0.05138852570079984,-0.046881115582250096,-0.05949681935467974,-0.027260807082031456,-0.11465918790861815,-0.1158981800465307,-0.12577892573706498,19.94578928288197,67.0,0.5324473860540667,0.008574828,0.008574828,4.0,0.0057179624800845165,0.029621567596982368,0.046194028539095065,-0.0008122189911183309,0.08243100346782409,-0.0027984461485940173,0.06918959030946475,0.07431420949911527,0.08218773064764293,-0.009693117788696987,-0.05327170530473469,-0.07611440481751532,-0.0044221079920350945,-0.0932755432362354,0.009495033971613293,-0.10051130530833903,-0.031144890082284493,-0.05818804476568766,33.77555713361536,67.83333333,1.1366988524638633,-0.000742686,-0.000742686,6.0,0.01582696712857403,0.051179870460296394,0.017138093824131638,0.04584377464214482,0.04548659193759783,0.001301139186030965,0.09400591258183291,0.03853036259292474,0.04446469323717013,-0.010913963902286872,-0.04988991488166388,-0.0011862552599792562,-0.08773731963656271,0.028653089151182344,-0.08406378320397524,-0.0031096778062289624,0.006593383701238394,0.0031836375698431735,42.068146749243574,68.666665,1.2921069777608636,-0.000380952,-0.000380952,8.0,0.019475326268852573,0.07080858437023498,0.018192423424958217,0.06080462361267883,0.057425288612137665,0.0013421607925211774,0.08318213296434465,0.030332602604566893,0.04136854321831622,-0.01037588163316757,-0.05872043019425152,-0.0010647403417392133,-0.06995396441865516,0.028941657466577644,-0.06187963374211656,-0.002758775930858627,0.005306997192247936,0.003281679708209749,48.818726059373546,69.5,1.2662312436632928,-0.000380952,-0.000380952,10.0,0.02824848261254956,0.052945745792470904,0.036982674465891596,0.024720976951121944,0.09027175130877214,-0.030754336034469063,0.07710038102168411,0.03137883526120345,0.026836479799582865,-0.007826762603813748,-0.10154911030668509,0.07223502330615994,-0.16914300474518687,0.15228496925645382,-0.17447949658243764,0.07012892574636402,-0.04273853100862549,0.01237477095009919,55.170772230879244,70.33333333,1.2283711720119768,0.0,0.0,12.0,0.028782230757584692,0.04564751399445806,0.04184729676497907,0.02007534049493216,0.0751986443352469,-0.020606809710148957,0.0819306974235565,0.03769903659612492,0.026999577345574975,-0.018917583010006435,-0.0817216523266635,0.06891842253598064,-0.20224194307597326,0.1361708892004475,-0.18208704261150271,0.05941011221543525,-0.05513532213094823,0.0021531155283202544,60.78667627646243,71.16666667,1.2017857679923551,0.000126984,0.000126984,14.0,0.02666542834483796,0.05161897615578779,0.03162913528326376,0.04346417274528451,0.06216525863366842,0.0050738744725634935,0.06867215943949936,0.054795128212312964,0.02501711326521374,-0.03117289844563373,-0.03722840913975528,-0.036173431078843195,-0.041935311687487535,-0.07629399841745022,-0.004398922440633203,-0.08308006705251124,-0.062145722715134105,-0.027035753382918772,65.82955423537251,72.0,1.2770600816189661,0.0,0.0,636.1133969728573
0.0,0.010835014237384902,0.06173893966781633,-0.006452304014158241,0.11053441209845835,0.012646964359830872,0.023578349502626092,0.10659795514581566,-0.014565722944989645,0.18442066875661015,-0.009450006509654128,-0.020241894034571287,-0.06839604718655652,0.08888625439054884,-0.32486135706401376,0.2854708734238558,-0.3591689580132979,0.18196454263425968,-0.5207720236060408,0.0,72.0,0.0,0.014583333,0.014583333,2.0,0.008644350183693162,0.05428790235556635,0.04289338541797056,0.07475169057284252,0.006395060556605527,0.05833979116322192,0.07308104806066275,0.04829964276447949,0.06059576948818971,-0.00679519508016119,-0.038185806290414015,-0.03637773219393191,-0.05273807346096319,-0.06469030266416269,-0.03274674156841919,-0.12079277811693763,-0.11511190568130149,-0.12416559323589198,20.057730643177738,67.0,0.6128925509885322,0.008574828,0.008574828,4.0,0.005731677707313016,0.030734107789784304,0.06019961314362899,-0.0009379072191639219,0.09306402774720787,-0.002039746410948116,0.07774404528649226,0.06982056129999084,0.07102047179708715,-0.0090237050565022,-0.04673711671302269,-0.05605027904610785,-0.0035785691789196996,-0.0850922842183185,0.011741458191477436,-0.07785909211483004,-0.0253547437974081,-0.056556506608472876,33.58947596538111,67.83333333,1.0837626421992452,-0.000742686,-0.000742686,6.0,0.021391108198973306,0.05024232711934579,0.014761600845169271,0.04983614881815515,0.05828929609710952,0.0013140754384749832,0.07546510592224603,0.03326906720515105,0.04603084090298465,-0.008527186772673995,-0.057093123790821855,-0.0009525016499540409,-0.07420429963974687,0.027412905781615607,-0.0903830209911045,-0.002910349789212659,0.005230428813512756,0.002454462791867327,42.141718602183204,68.666665,1.2867661791747198,-0.000380952,-0.000380952,8.0,0.020022708300866235,0.06642201947926336,0.019492412545591527,0.0481261659062764,0.049838157412631416,0.0014386283996009437,0.09421695943641652,0.02791121464369062,0.03743036951791119,-0.009339719444455854,-0.04386284926503131,-0.001091815931153455,-0.07975597978405603,0.03280023614084408,-0.07662930090614777,-0.0039028094047251294,0.005515319461752403,0.002806368048417258,48.8426709574907,69.5,1.2536119899965326,-0.000380952,-0.000380952,10.0,0.027289009910152814,0.05151016776725579,0.04217881191324269,0.025486919989736654,0.08579704454024442,-0.021371993647837432,0.08739693066144963,0.0407433383851745,0.035006907508833784,-0.009931171238768459,-0.08029990192061319,0.06919941490745911,-0.18375148677773312,0.13000700621959643,-0.20525446228024746,0.08427743053259568,-0.03920031512894102,0.008510944027630567,55.30364461983761,70.33333333,1.2199867833632878,0.0,0.0,12.0,0.03299758844342995,0.03796732271284256,0.04392196816768795,0.01810451316683334,0.10772615770000127,-0.02057452842532311,0.07996549862149654,0.05552459395442222,0.030279114494603333,-0.01614046618737546,-0.10267398733172797,0.05971947496465194,-0.19142809471745348,0.12261732257606267,-0.17352532842218904,0.05879949899197321,-0.06978897495851469,0.0018880561358346956,60.74929787380004,71.16666667,1.313181014153626,0.000126984,0.000126984,14.0,0.0267436288764989,0.03648831828688906,0.03253954869223404,0.03802047203700748,0.06893978662397213,0.004604022769542834,0.07838383855691772,0.0654980750818746,0.020441103723356314,-0.0353088953996452,-0.04318773888083,-0.030071134316097613,-0.03559652630758684,-0.05772230649218084,-0.006230444310667176,-0.061866031348676846,-0.055970986557312426,-0.022512624945765454,66.08842144398794,72.0,1.4604515416305208,0.0,0.0,753.6317957408096
0.0,0.008766339615681046,0.062015322530794614,-0.006109944806441352,0.1224715080718501,0.014417197573847827,0.02966846467664393,0.1000933901105523,-0.01332213265043678,0.185436577630935,-0.009138949896008402,-0.01962234265251326,-0.07717067947707217,0.09129874845404551,-0.2658276408413881,0.2505399236017616,-0.4360992060003101,0.20812911538675022,-0.4177789759596671,0.0,72.0,0.0,0.014583333,0.014583333,2.0,0.008275105423196035,0.03978616161282115,0.04581598668305358,0.0702459713680528,0.007240114730809631,0.0529494443477974,0.052606375176106966,0.05709379751967736,0.07502309191206917,-0.006706869203202076,-0.04355373244341562,-0.04925968581577563,-0.05290396886545695,-0.07673168076199884,-0.03242054239534288,-0.10892141220029457,-0.11934912444727111,-0.09821311104322186,19.90808260027649,67.0,0.477694808405234,0.008574828,0.008574828,4.0,0.00774898267627282,0.024777010546458908,0.06218637146289785,-0.0008868905778458781,0.09243695357463903,-0.002758383661095215,0.08760136045787326,0.06194696190198933,0.06562491599614205,-0.007166107882678177,-0.051122471583160724,-0.07244508613097346,-0.004444267468026261,-0.10946688961987605,0.01059211795491705,-0.09834858038118034,-0.027226049771754187,-0.05903264175358136,33.824074585813975,67.83333333,1.1287260798715428,-0.000742686,-0.000742686,6.0,0.017908635581205857,0.052339784322403715,0.016130455203573774,0.05893917338813015,0.05755551579222093,0.0013854827015225368,0.07740861911752495,0.03391248872020314,0.05394214751211071,-0.009497106925147448,-0.05556594844510122,-0.0009656782449542926,-0.07697876587010016,0.029950439463252407,-0.08327535503369027,-0.0040426996921938425,0.006776297830562211,0.0026352713527875125,41.86049750594824,68.666665,1.2709529827506514,-0.000380952,-0.000380952,8.0,0.015759314295090556,0.055438430166612776,0.018735045140858626,0.06520970679403038,0.05365297841201091,0.0010063728901860162,0.09176638685460446,0.02674670290005484,0.04274703838952895,-0.008791594084778651,-0.05474394392008256,-0.001216662489605838,-0.08559181078593196,0.029537946803728937,-0.08086580327937938,-0.003686613005286738,0.0055879273804518735,0.0034013052625080776,48.96156858947793,69.5,1.271506062442662,-0.000380952,-0.000380952,10.0,0.026809929636527997,0.04230250608047106,0.042948041638949754,0.01854153188560447,0.0846581339938928,-0.023864585674231567,0.11289605451642093,0.0353228553185993,0.03490274117336636,-0.00950958929302394,-0.09806891468828623,0.05723756600916788,-0.16746372658432576,0.17093441135523849,-0.2338994037591647,0.1007476956142669,-0.04042731415126156,0.009079661219760674,55.00579271176312,70.33333333,1.2693795128612941,0.0,0.0,12.0,0.02869533332802996,0.03241199258447203,0.038679004068490855,0.01716671393670258,0.09339096077694195,-0.024383624071629695,0.08155961716629283,0.05074157110491368,0.024131971325471055,-0.014010296096844017,-0.08410285636498131,0.061830857587250224,-0.18550616240146495,0.14424991750829425,-0.1585188169431473,0.07217883352268993,-0.05657483168966924,0.0021239136776419823,60.920869623740394,71.16666667,1.337246372304904,0.000126984,0.000126984,14.0,0.028834278720384073,0.04036986185006678,0.035017020653859636,0.04241937922239954,0.07089181624678072,0.0062643485310712845,0.06111366886452442,0.06499751886826555,0.02070883393128499,-0.027308079252595763,-0.046744691935707704,-0.03579933176526845,-0.044033076630022615,-0.0685481657975917,-0.005160463317735444,-0.0587003427935889,-0.06548024034411842,-0.026630615920498285,66.16816387203677,72.0,1.4221942908310479,0.0,0.0,699.6340248617046
0.0,0.009776464928058287,0.06663992240831944,-0.0064118445593020134,0.12636795987739785,0.017700955208297786,0.03431552045714199,0.11370841702235628,-0.013603365870999222,0.1410699137601852,-0.010477513727544128,-0.01783894449450589,-0.06716271105882436,0.08888797408724203,-0.28877788880195177,0.2820274035484903,-0.44544485094671477,0.22126258863966453,-0.47226077837757,0.0,72.0,0.0,0.014583333,0.014583333,2.0,0.008518546138620043,0.04101998464729794,0.04836560795277533,0.05601374701318735,0.006215409834255751,0.05127092185866556,0.06857261895742146,0.0613290873291736,0.07709834875791849,-0.006422058350912881,-0.042743901695374564,-0.04954668640354698,-0.0489177018509128,-0.06800826705615405,-0.026424935479195,-0.10276999187420734,-0.08575712559633801,-0.10846120927860393,20.153116583849005,67.0,0.6732449849428407,0.008574828,0.008574828,4.0,0.005955676048384952,0.03234893309980419,0.06016991372913218,-0.0009812241922790633,0.06838529854496204,-0.002100847231848854,0.07555565868593395,0.0652585897818021,0.06661459972197394,-0.00879390655516288,-0.051689839237569306,-0.06788999291401544,-0.0039591101358541474,-0.09130626375269897,0.012608346686196018,-0.08253277071631968,-0.023207352045333328,-0.04781899353895289,33.926631687046275,67.83333333,1.109331419101455,-0.000742686,-0.000742686,6.0,0.01650063076114841,0.06067439639839249,0.01502569330182019,0.05393452616120748,0.05266511689312452,0.001405554544557443,0.10976748689148307,0.03678942949227599,0.05080312446576419,-0.00915159801330983,-0.04551476440768803,-0.0009648391152513581,-0.07164794964906203,0.023062970759877344,-0.08680403243514064,-0.0036502110024497873,0.006239505529866062,0.0030576247042833115,42.17824834316038,68.666665,1.2312311579995834,-0.000380952,-0.000380952,8.0,0.01875146157716681,0.05638468539267813,0.018955350248554142,0.05736035186567834,0.047055200470275935,0.0010197195441802034,0.10863304350697865,0.02831897914914471,0.04252245762602781,-0.008766522696356931,-0.040416901949660675,-0.0010494446418023071,-0.08472941075990965,0.03346504653144941,-0.07572123685314339,-0.0033845599000274455,0.005636886344288621,0.0025738437174047937,48.98734584414636,69.5,1.3227842287970146,-0.000380952,-0.000380952,10.0,0.029497899573134083,0.04645370937426998,0.03370402238283339,0.023338318887358815,0.07119015461899808,-0.029962370748773295,0.09541396744330795,0.04266584349995724,0.026237538408822404,-0.010873959170883253,-0.0881981902976922,0.07058602689600642,-0.17946102012471415,0.1536333517822948,-0.18726093259378254,0.08141931384563612,-0.04138957015104226,0.010647523939151403,55.09271957157862,70.33333333,1.3232849216413292,0.0,0.0,12.0,0.02899703473984665,0.037624719070300086,0.03564172785817339,0.020458767298279244,0.07877670658123768,-0.026518900540021484,0.10105751742814328,0.03934344207026019,0.025157098431604907,-0.017079571944277908,-0.072454416035139,0.05984519795382362,-0.17757401302500095,0.1368204326993032,-0.1538108334903255,0.06208857829253245,-0.065523039210595,0.0015998464860985096,60.99411748727288,71.16666667,1.3556594665067745,0.000126984,0.000126984,14.0,0.03485623660784433,0.04267822136703777,0.03266128126532022,0.03836601734230338,0.07381399181319069,0.00445267141638415,0.07864814626942986,0.055942356496597276,0.023856354630662505,-0.03191605941264726,-0.04285293172478101,-0.03338019441356187,-0.044603030069605136,-0.06018225402273893,-0.006543541168065206,-0.0828796367251209,-0.06761740470616616,-0.01943475043740152,66.00794003961843,72.0,1.392156704021337,0.0,0.0,766.6305490961221
0.0,0.010999948289017217,0.07359914277603417,-0.005575779045489562,0.09410464949611941,0.012986803414379433,0.03338516763046493,0.10324191138886163,-0.017785398791165412,0.1645477956644195,-0.008777456488220838,-0.015547639141373922,-0.08200589286550951,0.11522645000430759,-0.33829731452530615,0.30533785088335824,-0.47825797025370737,0.1743409838879222,-0.48568108497145324,0.0,72.0,0.0,0.014583333,0.014583333,2.0,0.007818653700614303,0.05253014701968979,0.049141467352446205,0.05193133825385569,0.007049692032928273,0.056331712487308234,0.05963718637889077,0.057595711775821894,0.05448716210971686,-0.007211860819130126,-0.04899290491092232,-0.044926378298865734,-0.0486337765740967,-0.06035950205240812,-0.025352163913091377,-0.10088406065062586,-0.09865941291966329,-0.1258346903815952,19.912970229411172,67.0,0.6127949965498817,0.008574828,0.008574828,4.0,0.006634487342561794,0.023809249388554964,0.062041445516072526,-0.0007814270584128427,0.07290519508781167,-0.002336614220257915,0.07038591558931091,0.06607525887841158,0.06749899926202738,-0.007214709826761289,-0.04794059395037607,-0.0827733610950397,-0.0031057789439166827,-0.1002135680982624,0.009098282451521679,-0.08357838357898788,-0.030431593259837894,-0.055026967039204795,33.88219974856374,67.83333333,1.1774175389390193,-0.000742686,-0.000742686,6.0,0.015564444731682852,0.05755334781330622,0.016152097080354432,0.04594712406011176,0.045188435546189974,0.0013276124006446222,0.11132641737098026,0.033614692675083234,0.049282436433451295,-0.012141884201430366,-0.04655580768849027,-0.0009217201182301519,-0.06880713789893772,0.022852590675445983,-0.08682340098195167,-0.003675306906074554,0.006874384888701568,0.0033431656136859726,42.067873895406905,68.666665,1.3162680987889077,-0.000380952,-0.000380952,8.0,0.014956049068695793,0.06354340330098429,0.02071780054096387,0.0606167312550974,0.04602642098023672,0.0011368298835241612,0.07806236955101159,0.03041585495476471,0.03727984264034007,-0.011814391699049053,-0.05374863270392962,-0.001138183353817632,-0.08628660805741889,0.030688667497625336,-0.08632896203034307,-0.0030164078377229436,0.0051850197506304535,0.0026382342364495025,48.904593416661896,69.5,1.2962687246972804,-0.000380952,-0.000380952,10.0,0.028243244917509014,0.040940136333553735,0.04133816618546683,0.019398589679482776,0.07487488419753421,-0.025206926446739115,0.09514771342714423,0.03904243203765625,0.03340116880415871,-0.010627695109405647,-0.088122637499251,0.054990287360143365,-0.2187507471340176,0.1544311927102095,-0.2194700860412847,0.07994982642539969,-0.0300101921579809,0.011216262860064684,55.37635830460778,70.33333333,1.2961151634287973,0.0,0.0,12.0,0.037326425988736804,0.039603418253227336,0.034285139228355015,0.02071768577007408,0.07503471462663079,-0.029222361057293283,0.0986011716797937,0.0488665788214594,0.022720623537321617,-0.016550311466724733,-0.07092220229588253,0.059342567905592024,-0.17380806077822142,0.14658118363438227,-0.2061532978465286,0.05407925808817119,-0.06267103500526422,0.001538450310325285,60.701580903030155,71.16666667,1.3632873979342235,0.000126984,0.000126984,14.0,0.024437822511031583,0.05224926764591164,0.03419336608670964,0.04065099037617996,0.0642076665307486,0.006213973603452918,0.06710338314065689,0.055709647921220094,0.02690605117494631,-0.0288391193654118,-0.0511293906507682,-0.025630129745576727,-0.03961865032715458,-0.0570509442381867,-0.0052440359873477844,-0.05698379478021759,-0.06566189781897679,-0.019108466111169654,65.91753162324868,72.0,1.3835028426892526,0.0,0.0,653.3468926874153
0.0,0.010943584644425847,0.08107913993252641,-0.006331913242389815,0.12188422251210125,0.013086229911192165,0.028912349941913627,0.11467041910492752,-0.01601973620666594,0.13776649397835727,-0.010915865098838044,-0.018150966231250287,-0.08495172204179113,0.08157663968295327,-0.2767375463310006,0.25771227911074196,-0.5190601524281664,0.19654157204551234,-0.4480218268670471,0.0,72.0,0.0,0.014583333,0.014583333,2.0,0.008695299516325736,0.04256950548649645,0.04969494887341124,0.07412959469470583,0.005961409307908265,0.04991925189602658,0.06396194311665285,0.049811727467888305,0.053254124222620505,-0.007695144088428578,-0.03725269793889887,-0.04719422469231881,-0.048165751775773334,-0.07767619035980361,-0.029319739787925476,-0.13057508290241973,-0.09019245381593245,-0.0929976775658758,20.01171587161968,67.0,0.5024949284633073,0.008574828,0.008574828,4.0,0.0073206421038051524,0.02870981725963697,0.05625558919630198,-0.0010233376513971429,0.08779825496492491,-0.002306920298627743,0.08476400084948899,0.08642618841534265,0.07841769148304754,-0.009197770064074323,-0.054410808998670034,-0.07102736871620083,-0.003733468007105076,-0.08735009734431856,0.013285753259867583,-0.08895313398860004,-0.02992773571435373,-0.06225669573160563,33.741298533037714,67.83333333,1.1153595845441622,-0.000742686,-0.000742686,6.0,0.0158729269818582,0.06203116083864982,0.021308506633204386,0.048585239962670966,0.055446973010096906,0.0013015864564771343,0.09984154491546916,0.031290520990590445,0.03724019773197834,-0.0095308510996375,-0.03988328949286449,-0.0011340223330725849,-0.06293225245400352,0.029122156096454806,-0.07182649577872281,-0.002746182265073007,0.0063301974028187645,0.0028266772542463623,42.0738515347388,68.666665,1.2500740689928498,-0.000380952,-0.000380952,8.0,0.01643182992800041,0.06167059195600763,0.01622979134754475,0.04517821524122339,0.054725378612720914,0.0011887255327854898,0.09972287822203611,0.02945255235455634,0.03672938964287727,-0.011808513150487145,-0.04325937912988895,-0.0008733311695145782,-0.0881801433858442,0.026914439693748026,-0.08308227912429926,-0.0032964178614897197,0.005461861530770411,0.0026215930015195403,48.888881210469584,69.5,1.2683069519513044,-0.000380952,-0.000380952,10.0,0.026354899283727123,0.041128924218137866,0.038776582414424214,0.01995747137535559,0.08259368117100083,-0.023377209043886616,0.09581773906572875,0.03408025501455891,0.027733261942814964,-0.00831542415029704,-0.08691691719599706,0.07703045503277917,-0.20011255344562787,0.14251553209243736,-0.2233890679272049,0.08678851132942045,-0.03602822593595809,0.010463911495343562,55.008466655971105,70.33333333,1.2474581603218313,0.0,0.0,12.0,0.03417578530662038,0.03607819452242588,0.03638855396227433,0.017554330608361986,0.09299233783080918,-0.026174780953505415,0.07357970658252456,0.04000693529351802,0.02695906410316325,-0.014592201063955538,-0.09646681239310943,0.06546834118176832,-0.1665648592277866,0.14355132729798475,-0.19903315708437375,0.06526792940666357,-0.060629507357339,0.0016001505622301518,60.97512324952222,71.16666667,1.2891403069930503,0.000126984,0.000126984,14.0,0.033060423076502185,0.04089784085940376,0.02869950671598047,0.04768802375607169,0.06585207003564332,0.005881790211454287,0.07332078829031284,0.06698210936762686,0.02318361821514723,-0.02589975313880021,-0.03851923337551885,-0.031960122132166764,-0.05143938058608038,-0.0706668744638946,-0.006048269929665629,-0.07872593050740352,-0.053420820856487035,-0.022937089607082625,66.16803467978566,72.0,1.3758563695747041,0.0,0.0,729.6078401439738
0.0,0.008559018447039305,0.07708500902072593,-0.004582435357033958,0.12932366096948458,0.013258916068090374,0.03372842469657001,0.09868228413010197,-0.01763212654329278,0.1820178863082142,-0.010483195458573832,-0.02028784776899611,-0.09209468936327374,0.11289220326473175,-0.24479367571933305,0.2563528124059854,-0.45177679431077955,0.21500349366647134,-0.4763708541990213,0.0,72.0,0.0,0.014583333,0.014583333,2.0,0.008782360350777719,0.052407521786361246,0.0381660417402222,0.05618050357208495,0.006252194413983149,0.06872921548129743,0.0681479784721255,0.06180036180658904,0.06076985870388449,-0.007879089595323002,-0.039348995290976234,-0.04110235731916275,-0.05831382246796232,-0.06480220959385112,-0.027501069798209363,-0.13736290093468884,-0.1015656221745069,-0.1055222063356729,19.80757723227936,67.0,0.4922699190907682,0.008574828,0.008574828,4.0,0.0062578588631763575,0.026417623641343563,0.04692807541137312,-0.0008879229804920693,0.06905590977580638,-0.002655118505403998,0.08292102370905821,0.07270645786690129,0.07665807794213446,-0.007388072149775418,-0.05577572413101733,-0.05696306041661175,-0.004273867068758131,-0.09720610292691957,0.00984376282166009,-0.08326999721027767,-0.0326689095093002,-0.057887666108776895,33.61932783294484,67.83333333,1.069041374798154,-0.000742686,-0.000742686,6.0,0.01666782362494594,0.05447057244939451,0.015810945397724735,0.04849762163972756,0.054541760085418334,0.0011829599394918022,0.09101044807601832,0.0350302780248259,0.03852547568394093,-0.009046188558023333,-0.04284499454704723,-0.00110530011852932,-0.06248630190389856,0.02963698155967129,-0.0648399266516655,-0.0030924071343073193,0.0053407005973534075,0.003340781293696235,41.88320393880612,68.666665,1.31655576671545,-0.000380952,-0.000380952,8.0,0.015132018421030761,0.05204796547176579,0.02135668865407848,0.04390508129955327,0.05342165288881357,0.0011184192031104562,0.09572726028980015,0.030170563725671874,0.05138869439665516,-0.009847628742062435,-0.041526300566946235,-0.000837603398200068,-0.06714785095980048,0.027106341375844,-0.06353704148089973,-0.0037319937112999984,0.00610423254909301,0.0028772342890133846,48.86379914703738,69.5,1.3090730966215736,-0.000380952,-0.000380952,10.0,0.029252619114665358,0.04170248393355492,0.03447560025585533,0.02373920968322656,0.09405650922031535,-0.02121514669545308,0.11107322378826866,0.03379105286386125,0.031412526840482756,-0.00862384009353871,-0.09043879965121539,0.08174004039241999,-0.17050875123934092,0.12840439934006453,-0.22473100476001703,0.08509526511330515,-0.03332750817041188,0.010526040434586817,55.28683588871784,70.33333333,1.2750800001177336,0.0,0.0,12.0,0.031013503160641956,0.039860470139221345,0.040809321844098356,0.018568439998109823,0.08965206807812466,-0.02078358354047718,0.10382714504448397,0.05133529895927162,0.028703173745202076,-0.014849954491721443,-0.09334557260276605,0.06502824548987884,-0.20557153075977452,0.11580003054907487,-0.1512487391594476,0.05115644530113107,-0.06127406676194078,0.0020706897656668282,60.76081709804923,71.16666667,1.3534464068258636,0.000126984,0.000126984,14.0,0.03535433903531471,0.052335707693027464,0.03175195251710997,0.036316657553392515,0.05510468275864879,0.004737351435452717,0.06884987209628031,0.059183556845368294,0.022064077334859516,-0.03244873516188145,-0.0415235863980893,-0.03546615513187527,-0.043337423084748056,-0.0655425210680482,-0.004591633515433607,-0.08184745979999436,-0.06436661113330203,-0.02555474320758849,66.1989387866699,72.0,1.321948535011741,0.0,0.0,738.3977610898121
0.0,0.011847264214602027,0.06880210131618913,-0.006649062031993509,0.12471865440251903,0.01634529615298279,0.033435922088750826,0.10917298602618584,-0.013440700578318412,0.16376994705446635,-0.009877129247623262,-0.01874042727791651,-0.07433612893332257,0.1098252350371832,-0.3244227182559392,0.31007438385869374,-0.41344092525902526,0.19829952530994016,-0.5415256260413545,0.0,72.0,0.0,0.014583333,0.014583333,2.0,0.006843533233307083,0.042647536312614524,0.03924790644378067,0.07352264536623697,0.005145765814425861,0.0475687090400996,0.0713798526819406,0.056802421523920156,0.07515474690205928,-0.005722136370317002,-0.03791332640742699,-0.045718036685323656,-0.044263431335813334,-0.061541151852954015,-0.029531431111900843,-0.1095198345984442,-0.09898509104862203,-0.1273500235744695,20.130440293364902,67.0,0.6415371533523739,0.008574828,0.008574828,4.0,0.007142588906382407,0.02742337410819053,0.042982089924484344,-0.0007815955187327558,0.07488416174192364,-0.0024402025793223083,0.0806859578166961,0.07044454114625412,0.06000495359061964,-0.0071001694685380425,-0.03768060076350433,-0.075026425899085,-0.0043566853739963884,-0.09433436354015826,0.011562731343707184,-0.09717222607903124,-0.02259981195829157,-0.051740017840506906,33.60845041394272,67.83333333,1.2115385644719336,-0.000742686,-0.000742686,6.0,0.017552663164146907,0.051159839131876675,0.01907457493347212,0.05722332603793874,0.04432491989947695,0.001042414315100829,0.11119475875344179,0.03178942531076602,0.043649413413521326,-0.009437248219384015,-0.048229932915478176,-0.0008317599802958314,-0.06964652814542721,0.025833479793421207,-0.09014616004778894,-0.0028103811232607846,0.005203237652837225,0.003055313280147522,42.16966039371791,68.666665,1.3403487398963816,-0.000380952,-0.000380952,8.0,0.02019788139716049,0.0658331146421729,0.015620876947866019,0.04786850606538439,0.052168210559215784,0.001262631763494623,0.09255240179950468,0.03164690384105912,0.03747230204843818,-0.01022965884039388,-0.04294304120581474,-0.0012234900770173942,-0.0924907926245608,0.0313565200974383,-0.061786827996335496,-0.003100409415841474,0.0065348958594492815,0.0027653774421950938,48.97966382326817,69.5,1.311415010648884,-0.000380952,-0.000380952,10.0,0.02923288253514067,0.05200771845162057,0.044046121331681794,0.017483573238109975,0.09092437688765173,-0.021806463685625582,0.09905815054674035,0.0304468357021064,0.03401115706853941,-0.007755292090590651,-0.08768331074276967,0.06681570349804607,-0.17279921551069466,0.17191679707565516,-0.17734919830028545,0.09926180922755308,-0.04303782998137593,0.009718164033292396,55.095979531026295,70.33333333,1.2616276539258269,0.0,0.0,12.0,0.032331321364724726,0.0377528379718445,0.043386497856316986,0.01511946594187761,0.07346860184227984,-0.024167494687182045,0.08478787946255083,0.0447978619821157,0.030263235103377178,-0.01417889808386101,-0.09226932372013773,0.05420456248911391,-0.19699035712149057,0.14237449696423835,-0.21127529003673198,0.07304941861128447,-0.062354415961374934,0.001670195941949406,60.858240754279564,71.16666667,1.3651379370200962,0.000126984,0.000126984,14.0,0.02776297131817125,0.04466930485548149,0.03331086427109401,0.03564452327941983,0.07433908152635534,0.00487699665212419,0.05749566605113164,0.062289468605171414,0.018783953288254794,-0.030055318138288493,-0.044888131492321785,-0.03275423736131212,-0.04660879633311427,-0.07004639360250643,-0.005167501359751784,-0.0795133545456688,-0.054740143151215746,-0.02607551001722332,66.10366061401035,72.0,1.445766723152275,0.0,0.0,730.331795854185
0.0,0.009290189883969175,0.06295976128093064,-0.005767806728547716,0.1129579619662097,0.016580630880773474,0.031923945206867685,0.10347511080170822,-0.013918374714962153,0.14534300018145388,-0.008181580897170568,-0.016399591258751258,-0.06589776677381202,0.10248132541729339,-0.29748471665184706,0.24057451079145883,-0.5220746977295113,0.21016057938429697,-0.4203409688386859,0.0,72.0,0.0,0.014583333,0.014583333,2.0,0.008206624025150563,0.05526406324186344,0.038572575165737165,0.06541913148491595,0.005602054645263879,0.05807374009776168,0.06619569247589491,0.0657478674657039,0.07036867417406112,-0.00799132745048803,-0.044946971169851496,-0.0452390559937219,-0.04942878504513813,-0.053943288314728326,-0.023930940061309396,-0.1389986063458796,-0.10025080977491418,-0.1038270341234443,20.02161017158586,67.0,0.6415765077485185,0.008574828,0.008574828,4.0,0.006547358710996134,0.029483241673879543,0.06026716643976908,-0.0008625511269056147,0.06530168356751766,-0.0023639336567747257,0.07862949310778666,0.07591046308882296,0.06302421914150647,-0.008236935946512295,-0.046749644343186555,-0.06932091750989905,-0.004076828609533897,-0.08901984602509576,0.00971504898529595,-0.07228058160882118,-0.022258900713795136,-0.05172780993079886,33.76347957441293,67.83333333,1.0849591407327057,-0.000742686,-0.000742686,6.0,0.019935909809957145,0.07117230535011441,0.018911067154699906,0.05896744340557686,0.04243440578168968,0.0014204723863262432,0.07687981756807506,0.038134783572112176,0.04734916339021506,-0.010754042443145996,-0.05626317706077137,-0.001202466850946882,-0.08379019202908618,0.032772374247958834,-0.07276941529279238,-0.00288222544065955,0.0058996406794840995,0.0029808430520673604,41.901028583568035,68.666665,1.2560508323516393,-0.000380952,-0.000380952,8.0,0.015652710410136987,0.06937833241413727,0.02017862383298614,0.06523786179631137,0.04470892816804822,0.0012553840497139142,0.08972339064432469,0.026190346483588516,0.040022738141494374,-0.012066725884935342,-0.05238788453324838,-0.0008254046230118608,-0.07443260043037847,0.02496412169269289,-0.08773573248281152,-0.00284080499205817,0.005915043757127584,0.00313725124785195,48.86182717428518,69.5,1.3679290706258664,-0.000380952,-0.000380952,10.0,0.02772733100752149,0.05189157172334449,0.03941060158689331,0.025180783186324808,0.08950668794865296,-0.025682483369756443,0.09141011361928525,0.03270395353535819,0.02744460992500745,-0.007908246250330282,-0.09917294871786214,0.07550402807094655,-0.21392452361480485,0.13884079809933314,-0.20565646954321803,0.09313044512468022,-0.03495589486766317,0.008558658876825529,55.17710163660495,70.33333333,1.357972177662717,0.0,0.0,12.0,0.03815645444596861,0.032020426919616596,0.040601864076262435,0.01971058020816959,0.08442336319981278,-0.02910725518907625,0.09591981250945504,0.053426408560327716,0.024898118343626468,-0.016957772873549014,-0.07247527754143232,0.056763608529419446,-0.20776737945378554,0.12000820846470821,-0.17009442335739297,0.056081609640774244,-0.06622304516724352,0.001793027420792272,60.77386877963966,71.16666667,1.3476481055415104,0.000126984,0.000126984,14.0,0.03442860336615564,0.04826797681924782,0.026882316444804842,0.04704965331550527,0.0725742308910439,0.004687710987861926,0.06940441413329557,0.06340910468444722,0.026412636419974152,-0.025684177032539734,-0.03601087935507925,-0.03436318620357855,-0.0404243763048372,-0.06357363443367677,-0.005236506964702408,-0.0644711987444508,-0.06234215016714708,-0.02441918696306863,66.02564543108957,72.0,1.4462986434636205,0.0,0.0,491.1543013120237
0.0,0.011431961168996856,0.06976415407767783,-0.00553871958721793,0.11073224524426936,0.01730347756235391,0.03182384498166021,0.09181980114772309,-0.01564145608705415,0.14513430571017688,-0.01080732742815189,-0.0155805717332629,-0.09195964875559695,0.11006480924266848,-0.2772146862141802,0.2502421129915843,-0.4425517327076132,0.20596079971339354,-0.47733715398280097,0.0,72.0,0.0,0.014583333,0.014583333,2.0,0.008272827160850127,0.04627583217160615,0.052700831213501116,0.05756189363174885,0.005276220783048469,0.04643415052494304,0.06553102285652287,0.04821285403278339,0.06135620288411321,-0.006645648357821662,-0.043823240834468286,-0.043755036388521885,-0.058802733593082454,-0.06256950738023993,-0.027744980574261027,-0.12098779774515611,-0.09110358433785698,-0.10147357741164317,19.955942318309134,67.0,0.5437769223882423,0.008574828,0.008574828,4.0,0.007509810033250478,0.033825560287404285,0.04629911629353642,-0.0008381929422721941,0.08743314474356695,-0.002569331479602942,0.06928684204638179,0.062166822802105885,0.07113261131618287,-0.009303513186494642,-0.03901116607444347,-0.07950018322448116,-0.003146904499352018,-0.09781024881253914,0.011550877469145477,-0.08978330189319106,-0.025101235865947563,-0.04650713959320085,33.76807772968747,67.83333333,1.064679621578639,-0.000742686,-0.000742686,6.0,0.021230457135503266,0.05249203596794804,0.018661049536076505,0.06409571477967835,0.050751151893253424,0.0011481876666034607,0.09508138106696007,0.03141754487962987,0.03840282383524091,-0.01117515155226225,-0.05676807460290874,-0.0012007038170693727,-0.0903762195418864,0.03355062774628776,-0.08390881612725876,-0.003518767716053633,0.006377737334036012,0.0031247901749830186,42.205521893930865,68.666665,1.236063140704242,-0.000380952,-0.000380952,8.0,0.01882258002440694,0.052426281619538745,0.019083889138413943,0.05246006032285531,0.05335591874662447,0.0010736817607148324,0.1025993258151729,0.02932019923335273,0.04425738548008996,-0.008874216072224623,-0.04424438489155667,-0.0009316491304791182,-0.09077636315670969,0.029443475284269507,-0.07881089830052262,-0.0032976387082123398,0.005518013446045124,0.003053927764459109,48.89846339961848,69.5,1.2845565080740144,-0.000380952,-0.000380952,10.0,0.02882364297592965,0.037605195568753996,0.031427011459831684,0.019369337749929424,0.07304917388748129,-0.023916929035202,0.08036516870634909,0.04480077920401649,0.031089575884497643,-0.010761727010311223,-0.08760455768802843,0.05694579001778877,-0.1986811454031208,0.13297756950155323,-0.22366810325363473,0.07300163367763224,-0.0419618853853948,0.009884829177092741,55.021318867966045,70.33333333,1.2505022373594945,0.0,0.0,12.0,0.03280372778814731,0.03986035222450309,0.03426180686733343,0.017107870520859814,0.10078100677959718,-0.0250721285186821,0.0763842477327724,0.046512192709992496,0.02824479477182714,-0.013020299762439295,-0.09638497906527518,0.05767753904094359,-0.16812291919009506,0.10739472205507598,-0.19849711729694422,0.06936586739242573,-0.05208015825677329,0.002144246860052019,60.93453582310724,71.16666667,1.2427208506616478,0.000126984,0.000126984,14.0,0.02522457410093792,0.04976298457446915,0.02897422864164767,0.04996790314630569,0.05379129617984505,0.005292713469782441,0.07287253047432965,0.05174797016107117,0.019109054875555108,-0.0320083423557267,-0.0391722117565056,-0.035998096192742884,-0.03550569406577228,-0.05805745372195567,-0.005768364865676653,-0.07567797522486416,-0.05593398411123438,-0.023396878159015783,65.9980742618791,72.0,1.3034006146227994,0.0,0.0,595.0285055799287
0.0,0.010565158059927884,0.07811870333173287,-0.005479015733191432,0.12451246298175946,0.017237537340798224,0.025927266716732872,0.0884452635019597,-0.01581097984252528,0.14250703529929198,-0.011134913651881358,-0.02197140821853875,-0.07480141863215663,0.09070247585777426,-0.3474221196177382,0.2470671373183516,-0.5164097530691906,0.22145181162293687,-0.4233732259320478,0.0,72.0,0.0,0.014583333,0.014583333,2.0,0.006125808442667365,0.052748681285225196,0.04242192892193288,0.06436156645752208,0.005327933052180791,0.051649342802709344,0.05968408640815794,0.06674927369391634,0.05618288312276378,-0.006075991787937478,-0.03994480242335788,-0.04706707962227349,-0.05592253052970459,-0.07074566551785118,-0.03002094993615849,-0.10145914329009798,-0.11112652843642663,-0.11069925109795732,20.002626740154547,67.0,0.49853652629351813,0.008574828,0.008574828,4.0,0.006496621126286584,0.028157443188420145,0.05280309378523921,-0.000984056681675827,0.07273020955350559,-0.0027284788858372194,0.071734670891297,0.07406930621835389,0.07576236310464707,-0.008814499117022496,-0.045633959271248296,-0.07484045595456179,-0.004368095257217583,-0.09281254979383001,0.013307173912040341,-0.0727597257441967,-0.03248034933985831,-0.046631518667203775,33.64398309649551,67.83333333,1.1160750559647452,-0.000742686,-0.000742686,6.0,0.019136580707772816,0.058627786760595636,0.020633639037873904,0.059640024321871474,0.058300285743898735,0.0013611529786240202,0.08283738286544845,0.028504264484822,0.051096360942173395,-0.00842940186219776,-0.04327935453714632,-0.0010635716761036092,-0.06849681895296356,0.032365276912032045,-0.07055837103327565,-0.003173728812836594,0.005525470956599124,0.003484577723740778,42.02071079782419,68.666665,1.2886567536991431,-0.000380952,-0.000380952,8.0,0.02196082399991226,0.05505501047840976,0.015676245915414697,0.06111669269630163,0.04203490149571233,0.0010317192783745532,0.08958211899644167,0.025987005457393953,0.05326916641776991,-0.008717181103571907,-0.05496912015628396,-0.000969859980812307,-0.09351204898912754,0.03333849016453323,-0.07217115138468036,-0.004026974648697094,0.00595661650659404,0.002681593148655028,48.962141747018386,69.5,1.3881351756223606,-0.000380952,-0.000380952,10.0,0.03231021955482637,0.05318797070867774,0.037895998780747876,0.025554904894863836,0.07691167989927257,-0.023521562025579573,0.08033931246752724,0.04296914438986795,0.03365214907724845,-0.01103327679809399,-0.0901016458510667,0.059039324219835834,-0.2037165076851742,0.1842187643478663,-0.24108478584167883,0.0988497939682576,-0.04115669319199357,0.012449330757531199,55.084150979321194,70.33333333,1.3607668962493291,0.0,0.0,12.0,0.02840645838095317,0.04385575564859396,0.037489128230497354,0.016655345333985595,0.09181293893423521,-0.029209650971519938,0.07206369949634704,0.05532303163975952,0.028642097709455108,-0.016622600072542026,-0.10124369004318444,0.05867105316003809,-0.14831799645084706,0.13289715441841032,-0.1618027408378827,0.06249997028457927,-0.06451025057980053,0.0019011409330076403,60.90937318842172,71.16666667,1.3203620307245296,0.000126984,0.000126984,14.0,0.03260161565145036,0.05195118434299154,0.034104613894589395,0.035788793159360094,0.07329074831190917,0.004828467177240652,0.0806423632455667,0.06625733542532918,0.019902781673892686,-0.026622428557971277,-0.042636015142981876,-0.024848816600347306,-0.04336167671530833,-0.06276698695850198,-0.005572320429441223,-0.08303815805851246,-0.050527368157850375,-0.023742151660346125,66.11136407407626,72.0,1.4552414051706082,0.0,0.0,562.7789842682284
0.0,0.008631704124943783,0.061099269946237544,-0.004921669624931611,0.09951962351489625,0.01457848600503459,0.028882189839117296,0.11478160199306812,-0.01497182210237492,0.16885871579042727,-0.00913614026184077,-0.01784728853786714,-0.06384785599172381,0.09410741527717786,-0.28391159120664244,0.27498680676708626,-0.49523394651431574,0.18619959015449045,-0.5690433204672386,0.0,72.0,0.0,0.014583333,0.014583333,2.0,0.007961753117426511,0.052880127502632504,0.04174481452426559,0.05310598671858718,0.0054456670576135185,0.06659023145553908,0.05447855055029473,0.05482270373299721,0.07542872651048861,-0.008112822467498393,-0.04375481507905007,-0.03794897859412599,-0.05721086462243237,-0.07617804061760447,-0.029978667593407334,-0.10639369584759019,-0.10529630087333083,-0.12273891380853456,19.925230971791606,67.0,0.6016451695061014,0.008574828,0.008574828,4.0,0.006404568048119604,0.030984879704541737,0.0574671154537626,-0.0007843719600378334,0.07944895242457098,-0.002244304317667284,0.07593274307812385,0.08677638707867312,0.08165098835065582,-0.008816663440160922,-0.042449078618718064,-0.08016768022115059,-0.004055379422118272,-0.11688518899545201,0.010261314029961003,-0.07188659121548893,-0.024938191888904986,-0.05589600136827521,33.5422072347217,67.83333333,1.1321609874650274,-0.000742686,-0.000742686,6.0,0.01690619947567006,0.05860348691738426,0.016458924010521868,0.051613650535970786,0.05370169809215757,0.001350138794522874,0.1014975705566186,0.035534350595917905,0.046379308182003316,-0.01102121341717751,-0.05881784552931585,-0.0012126551894536695,-0.08851358485522985,0.025358312398445996,-0.07904240424341036,-0.0029204928163823764,0.005303834935067008,0.0031755597056076683,41.959279528737326,68.666665,1.2902140924007717,-0.000380952,-0.000380952,8.0,0.015194107534908094,0.05619444013261442,0.021287246499898965,0.04968136882420547,0.05423163235631658,0.001275100016381113,0.07739144598494342,0.025947175679389225,0.03778945828881256,-0.01179335602125316,-0.05301753903402568,-0.001033266323190583,-0.07966618747428565,0.03185328126989199,-0.07424742788334308,-0.0032883481562067706,0.006579264828872718,0.0030337187568526274,48.98539787038913,69.5,1.2460670312352147,-0.000380952,-0.000380952,10.0,0.02692638815126789,0.046525059758203265,0.032629815215155365,0.023909229064567817,0.07798855673584817,-0.028909007572584296,0.10998066202005308,0.03018207296627694,0.03688800452221929,-0.008879227972592232,-0.0927909163520515,0.06571725288159055,-0.2189270461326201,0.1806578142879702,-0.17202654917120955,0.0709352609193812,-0.04218906223581469,0.010888982324921108,55.14084868151585,70.33333333,1.201958118966541,0.0,0.0,12.0,0.032418706236489105,0.03232083422643566,0.040963590400655774,0.020698060186033682,0.08084962711346368,-0.024390541451339863,0.09582614388783547,0.03998337838593102,0.020343955438946782,-0.016639326775418267,-0.07811890739463395,0.05526015400753917,-0.16561319195526125,0.10398420781613914,-0.1473125250802735,0.061987695635183054,-0.06327310385922662,0.002207158987890379,60.73986716586206,71.16666667,1.3134280630571045,0.000126984,0.000126984,14.0,0.02596552633681798,0.03522873632063927,0.030461897719849734,0.05215632428595934,0.06654553519663708,0.0048454243662238135,0.08297841103857137,0.05647774870096864,0.018504501554638113,-0.02698269439545222,-0.051327194587631506,-0.03172789815907117,-0.04128136233125559,-0.058291076386261895,-0.005415949905248635,-0.06481411470756285,-0.05085226790585402,-0.026510388143460538,66.15469932230474,72.0,1.4081063406942096,0.0,0.0,689.3239635735868
0.0,0.011706228204176303,0.07225365188615726,-0.006096982151423671,0.12190265371418818,0.017631047974943387,0.02572741207686268,0.08449300342482212,-0.01377856605752127,0.18750642359721845,-0.010572918800886245,-0.02079556968235043,-0.07136449330768334,0.10917588381652459,-0.35967359529295945,0.25874567455984554,-0.4888370814986707,0.16324247057201136,-0.40219139819969546,0.0,72.0,0.0,0.014583333,0.014583333,2.0,0.0063450631255926974,0.04390107214361746,0.05342145238951359,0.0636857883486838,0.006576711880255789,0.05273537973490067,0.06103954282679536,0.049500601491181115,0.07388972338987279,-0.00765505781069385,-0.037867847819417336,-0.053302860254311905,-0.046436681465289516,-0.07556474749526691,-0.031883162989621176,-0.11428317540536315,-0.10317706533098842,-0.12567779244399593,19.87697849193196,67.0,0.5667473972196674,0.008574828,0.008574828,4.0,0.0069612425293922005,0.02675081606916754,0.046372678887241774,-0.0009012924103090842,0.07367725277143752,-0.002547311284394624,0.09019547650648987,0.07763032959003952,0.07284642268850326,-0.009898684208862075,-0.04305413369665542,-0.058382252262128946,-0.003502944218882961,-0.10501565418253943,0.011431773707254497,-0.08175806818783693,-0.02642719156030601,-0.051900971597497125,33.91782896410426,67.83333333,1.1263620314594391,-0.000742686,-0.000742686,6.0,0.020899118611372506,0.0695130340653451,0.019055298852331756,0.06362121810679437,0.0425475543946667,0.00105047116611347,0.11169102369306581,0.026640253565441266,0.04603859965044854,-0.011703796274725847,-0.05395101959985384,-0.0010778073761119405,-0.08493676090912126,0.02812161198926903,-0.09223500909310958,-0.003651812542870238,0.005663074559720366,0.0024848449977449972,42.0037849648573,68.666665,1.308219541810938,-0.000380952,-0.000380952,8.0,0.01754110400558651,0.06767111379859633,0.019515023864004766,0.04766970317970829,0.04983822882896472,0.0013997344340808604,0.09085825683933192,0.030340916607533065,0.044538222141916446,-0.009802507348305308,-0.046379674112050434,-0.0011336785179273346,-0.08720552950238725,0.024342943405114954,-0.06234800183225365,-0.003282633725610326,0.005630765648948481,0.003367027265942309,48.94839724279996,69.5,1.2756818840980917,-0.000380952,-0.000380952,10.0,0.03286376949164913,0.053903763140491744,0.03124796303837929,0.01742359555791928,0.09515455753602763,-0.023182868054006486,0.1136894355295061,0.032153429022941306,0.038956277552883625,-0.008632901214732749,-0.07932046921358397,0.057574993920997505,-0.19046965941348018,0.15335729650317056,-0.18321306063831758,0.07417675098363585,-0.03934795309017053,0.009873208525109202,55.219326369594086,70.33333333,1.2742619837723224,0.0,0.0,12.0,0.040015624165933454,0.03835422970499956,0.036301440217323476,0.014686711704799673,0.09634019416611227,-0.028975563582368993,0.08725072144633499,0.05394616636388408,0.02471115424558359,-0.014338464486228912,-0.07158285843242036,0.05690059967217787,-0.19135696145618833,0.10676654453205765,-0.15702312552079173,0.07304872337517203,-0.06656788384400357,0.0016387048922042009,60.70189030770498,71.16666667,1.3364397372363297,0.000126984,0.000126984,14.0,0.03573362699781853,0.0484896993025747,0.03106138484471323,0.046204580187608604,0.058735618158165186,0.005574974950349245,0.06181851551626234,0.060619926514875425,0.024067903980067813,-0.02493420325017342,-0.039566951498118445,-0.03190128779726662,-0.03533971709650821,-0.06039484578878455,-0.005323744945649466,-0.06729502524579033,-0.07158445557630409,-0.018677313232292797,66.03739575230314,72.0,1.4138149253613164,0.0,0.0,690.6046312378971
0.0,0.011423739270615026,0.06010098643508469,-0.005857335497548815,0.11748156697294333,0.01708213952940656,0.025560915747177042,0.09966806489190345,-0.015005292050888403,0.15863985164966846,-0.010322879474673552,-0.018654828784594325,-0.07647331675130137,0.08846300477574356,-0.3500255082323023,0.279345124541841,-0.4543442167524559,0.1725838364480363,-0.5691821385618809,0.0,72.0,0.0,0.014583333,0.014583333,2.0,0.007206993916984649,0.04206895864018425,0.03931589467101912,0.05149252258008354,0.006631210475559243,0.059515336107570954,0.06874702236730787,0.058806942739624016,0.07343709144191703,-0.005997006111027458,-0.04204353626934934,-0.04418223848345881,-0.04575687485251151,-0.052092704414857485,-0.027224202104171702,-0.1312023095535852,-0.11061578126490303,-0.10497441801230317,20.02522459149846,67.0,0.6278426300219282,0.008574828,0.008574828,4.0,0.0068800780287708255,0.03407713357830591,0.04400899748947597,-0.0009849118283136303,0.0670185179113767,-0.0027461613519854555,0.08440734341002248,0.08097744129953754,0.06252674098468528,-0.00750566429863588,-0.05133388583944523,-0.0637886576437182,-0.0035047310400226433,-0.10979253333721006,0.012946435651827216,-0.10204206491975572,-0.02970471353158119,-0.05035059073149745,33.710777580985514,67.83333333,1.120671610604127,-0.000742686,-0.000742686,6.0,0.021742729661149766,0.06254502473374393,0.01782866600820749,0.056120112219351974,0.05643919537828724,0.0009954657064300244,0.09023007062441672,0.03518789991555485,0.041290165653962,-0.012185148912647003,-0.05166092360867156,-0.0011432764602431055,-0.07089234853258004,0.0303532205512105,-0.07406024190184407,-0.002826389388233201,0.006666093206854465,0.0036143266099618945,42.15128634649106,68.666665,1.251057691645967,-0.000380952,-0.000380952,8.0,0.017238651453300582,0.053462141437489716,0.02158161090004678,0.0466563255627127,0.060324497307283294,0.0014274959490428556,0.10753753138009527,0.027083057748187072,0.03724737180099482,-0.011139124988103087,-0.05326169258454515,-0.0008401813252666975,-0.07134764311771916,0.030825027400574058,-0.07891512283638692,-0.0037115466739415476,0.005505978727445899,0.0034005888802543264,48.99628758980853,69.5,1.2972167677438704,-0.000380952,-0.000380952,10.0,0.02991031039600181,0.038455763022624496,0.040427994572208324,0.025075886875336316,0.09664646330180338,-0.026539597478246163,0.10835666720535458,0.037907097011562585,0.03481723913051431,-0.008608834880977072,-0.089358585708058,0.07411621761836445,-0.2017816787462895,0.1322467260776813,-0.20671081165821753,0.09120463895592296,-0.03401111409078149,0.011889995835779234,55.26773162807951,70.33333333,1.2618456643464442,0.0,0.0,12.0,0.03343401963668074,0.044367878136124625,0.03833157126397012,0.015956044973639612,0.08782261245468269,-0.02577933086788176,0.09112859634197717,0.037789818983295864,0.026185329713168407,-0.013206752132416613,-0.08242934336454631,0.04947627464256785,-0.163739821478015,0.11876942443303164,-0.16721772706660928,0.06407416021450123,-0.047139120440086016,0.0015464843293711923,60.98093003617227,71.16666667,1.2682991238865817,0.000126984,0.000126984,14.0,0.03562814069810919,0.038345878684483296,0.03177750089341334,0.04407961301343276,0.05498708682344374,0.0059375045028958575,0.0761069320333078,0.05971257382260006,0.02302576048533932,-0.024343306018183967,-0.036755445256477476,-0.034731321903874804,-0.046265177222248696,-0.07067018848472911,-0.004649285480412623,-0.07904779205705305,-0.06937508387277955,-0.022875873904510433,66.00092771601119,72.0,1.4364620067857221,0.0,0.0,706.3070004235441
0.0,0.009011717372340963,0.07473662592266031,-0.006252272981927367,0.11487973939688588,0.015411743711953647,0.032690704852871504,0.07968205763220199,-0.015697191892707733,0.13449809847307126,-0.010693970341775643,-0.017855653172560333,-0.09351861842597202,0.0978674833239353,-0.2901943167697939,0.27119571156266314,-0.5018605741393305,0.1691457876185883,-0.4457438556823582,0.0,72.0,0.0,0.014583333,0.014583333,2.0,0.00711965822710532,0.04876801251753627,0.04632164135882327,0.05967199559865635,0.0056636575627267,0.057050397191331,0.07037570884300424,0.05926609594714749,0.07533018683148378,-0.006415395351379543,-0.036355623254641894,-0.04642426407209463,-0.04420085937578024,-0.06742326905218685,-0.028502719846103888,-0.11841257460902212,-0.10815548483661161,-0.1317809337110012,20.061961682767766,67.0,0.6430370246559811,0.008574828,0.008574828,4.0,0.0052129880965026175,0.030455911917402646,0.04874422331427452,-0.0009427888833478979,0.07520613362073618,-0.0019647985687488256,0.08428817706410328,0.062002479841916126,0.062100678264446804,-0.008443396179001323,-0.03948782852309644,-0.06489175116639409,-0.004037409385874399,-0.10552463901136963,0.010613997803400067,-0.0700668907411628,-0.03297823207329285,-0.057179358664338265,33.78312479250647,67.83333333,1.1124397630066145,-0.000742686,-0.000742686,6.0,0.019943910937452344,0.05130491917781369,0.015484306065707316,0.062039483544502914,0.04423616719788085,0.0010915871451746748,0.09441805322443718,0.03458397290108573,0.050664523512924255,-0.008996737346209463,-0.05868395122438091,-0.0008309720401506927,-0.06294706716634203,0.03199032930248065,-0.06275960893737564,-0.00275548883638892,0.007020381083182023,0.0028531913655974136,42.09221348061598,68.666665,1.237683847874122,-0.000380952,-0.000380952,8.0,0.015163605526605726,0.05164323743082017,0.01899618521261857,0.049122207630449076,0.051684495020603204,0.0010064129612799779,0.08258212166790571,0.03651967986685407,0.04342013709531159,-0.009062139365384464,-0.04552502863176854,-0.001072651555940456,-0.07805571500272236,0.026521243457632026,-0.08134001622612257,-0.0035275141277811297,0.005482974166834549,0.0036124406134735395,48.81153721212227,69.5,1.3711216978477356,-0.000380952,-0.000380952,10.0,0.036320122411951615,0.044723026448300056,0.03965331688725943,0.02236774683334884,0.07470703610489056,-0.02215312648194124,0.08112534490401227,0.03228175473441091,0.03001105326942361,-0.008728272802719822,-0.0913386905605227,0.06396418936549003,-0.22575660654725832,0.18025517909080918,-0.2289917261952162,0.08968422196819083,-0.04197126913724055,0.009003255941669517,55.20563970666316,70.33333333,1.3629756922176384,0.0,0.0,12.0,0.03511808190436393,0.0431121163119787,0.03671599337863008,0.020158611335333688,0.10853520368528446,-0.020191406350923827,0.09909825997798916,0.05369394475746234,0.022789452239068756,-0.015466004632521199,-0.08591111624721076,0.0676004612313708,-0.15387436016092768,0.12795815020348558,-0.1566743511465694,0.06968882244088093,-0.0557011553776788,0.0014861196059074433,60.853942532976504,71.16666667,1.3393500211016742,0.000126984,0.000126984,14.0,0.02586961579734157,0.05097965814506283,0.03215100869191258,0.044993713396423045,0.060589336202753835,0.006309480815837758,0.08074179638195238,0.06658668306325795,0.023774867119117096,-0.034233559220040816,-0.045777501334091766,-0.030585354791392697,-0.0367798439587692,-0.07869735848714202,-0.0056993518163686975,-0.08410045103107047,-0.06214787184763727,-0.025385757563990526,66.0677164961687,72.0,1.4606933573295657,0.0,0.0,509.069538131187
0.0,0.00993479445374937,0.0757715951628515,-0.005600999874389154,0.11196797241754125,0.017702686399985096,0.023562180868896113,0.10544929166419388,-0.013304173386199781,0.1499576041138487,-0.00961443162122164,-0.01588233215530113,-0.09253998001042166,0.08150557520064099,-0.35083463138078974,0.30980664767832133,-0.5128384226823655,0.1527395957668626,-0.5675122382484725,0.0,72.0,0.0,0.014583333,0.014583333,2.0,0.006261461356111656,0.05504192911428403,0.04356678548208559,0.06697737931739985,0.006875992757069872,0.05320285968015944,0.05853592617202297,0.062201083577139805,0.07713630380709734,-0.006224211605845853,-0.0418955900850284,-0.05100355792843012,-0.04316392407413804,-0.07087920606512138,-0.03240144434160535,-0.10468092404349887,-0.10823305663624659,-0.1129617244722114,19.940368282786746,67.0,0.6253715839986251,0.008574828,0.008574828,4.0,0.006861338354055999,0.028003854269091015,0.05509298600057547,-0.0008820462209741924,0.09226885416606072,-0.002627138480896339,0.0927032723834911,0.06598116610215815,0.0784180903484556,-0.008195277828170564,-0.04589972056797673,-0.06672047007745632,-0.003975393053898101,-0.09444404565635646,0.011027096105010516,-0.08952216519771394,-0.02733164470931264,-0.054012849845467066,33.90586769450373,67.83333333,1.212289130262046,-0.000742686,-0.000742686,6.0,0.01667163178311354,0.05878119761045143,0.015963837796701692,0.04734054205017895,0.04475540200139954,0.0013226501821701501,0.0858291290125562,0.03792960948293108,0.05214954707029863,-0.00909432382950993,-0.042925586259738135,-0.0008476912481462563,-0.08046880980811562,0.024563240219569755,-0.09195261616782141,-0.0027274260774167477,0.006915703585786188,0.00305103729024963,41.89745999676222,68.666665,1.313017603835737,-0.000380952,-0.000380952,8.0,0.018657131881698635,0.06545671096159246,0.02018384357263052,0.05717797761370509,0.044346260375076545,0.001331463310219095,0.10698939345271358,0.03134451377804123,0.04774211157686671,-0.011103958308962134,-0.04692616268183707,-0.0009382862497250118,-0.07478246145233611,0.03147271026949037,-0.07451199388349257,-0.0028966664901894992,0.006451282115705579,0.002605699022845673,49.121028587616465,69.5,1.3066598653832862,-0.000380952,-0.000380952,10.0,0.029992036343279776,0.044127752015308774,0.036072000144688886,0.024427497651633646,0.09899335705711214,-0.030145450294016357,0.08815268400088809,0.04012878099166441,0.03380267937866149,-0.0082964616466683,-0.10144491995138202,0.06602903801756593,-0.19652593554215314,0.17573154326550589,-0.17145417650051875,0.10181726410358478,-0.03246412937188268,0.011780363840427277,55.10487475014321,70.33333333,1.2824319364987837,0.0,0.0,12.0,0.03332698534572805,0.04504038307069614,0.03886582869058219,0.017234740319781935,0.08059809486681445,-0.02089368882485361,0.10197188920250269,0.05519357304947592,0.0259633920993381,-0.015751754752707587,-0.06897679167293785,0.0687590557222316,-0.1533512987163291,0.10954062821964665,-0.18491863164646022,0.07268881468803162,-0.05785400036879962,0.001539896616948745,60.726818506740265,71.16666667,1.2867374855302758,0.000126984,0.000126984,14.0,0.035568963347248427,0.040733650033199675,0.024677097180689556,0.04563086642242562,0.07196240057607031,0.0050755902363351,0.08179248116526852,0.05557219320371554,0.024264469033053765,-0.024937489933187718,-0.03740473053353994,-0.028032853969794047,-0.035887235868834244,-0.06303163459705792,-0.006414009144329755,-0.07648403747963278,-0.064877138296685,-0.02729114708905838,66.15252540650582,72.0,1.440291619545807,0.0,0.0,791.2682971956027
0.0,0.008806205541094854,0.061708674713768945,-0.0045381728223254265,0.10705329874048443,0.012623444481155358,0.03368120380865163,0.10855865631376661,-0.014505419045957715,0.17204836906101087,-0.007983579896920145,-0.01643159928549221,-0.08551196100965652,0.10254855673295024,-0.35318279194199315,0.3386663771859175,-0.4032878077204607,0.15576952332414745,-0.45748359025019664,0.0,72.0,0.0,0.014583333,0.014583333,2.0,0.00688652211037539,0.05483648212925148,0.04151127102331003,0.06137505429948848,0.0059025371877329535,0.06646618888392833,0.06822821885310612,0.056136582660933125,0.07499370394022814,-0.007069071650676155,-0.03682742774725758,-0.04076384724790866,-0.05382245623495128,-0.07076811667070035,-0.0335772054440969,-0.09522803774723684,-0.10915589399709888,-0.10854993633089925,20.199236288434314,67.0,0.48763154745766624,0.008574828,0.008574828,4.0,0.0073833435405894505,0.02952434833915632,0.04397654647414765,-0.000815849324752486,0.06703768819924462,-0.0024087937473640897,0.08292789531830798,0.06321030544012345,0.06578356766200744,-0.0085989625704245,-0.0416569322820335,-0.06652500534476413,-0.00445409497432159,-0.10599320754118381,0.011992130383942206,-0.07863036894060002,-0.023437179643553147,-0.05581844380331676,33.93784020548428,67.83333333,1.0876883397624273,-0.000742686,-0.000742686,6.0,0.018318586132033465,0.06950229465902388,0.019229942445143925,0.04948743063057909,0.05830240683408976,0.001308125353804765,0.09162019202801874,0.028012714078301883,0.04793860737079003,-0.012072026564418355,-0.055522864061345746,-0.0008439155952143143,-0.08992935978199003,0.02270889763648902,-0.06309117517170795,-0.0033557548953998886,0.006111007627005804,0.003386719301255442,42.06397036090246,68.666665,1.3170056949569502,-0.000380952,-0.000380952,8.0,0.019754619866856844,0.059597820880904505,0.020218443951317673,0.05650815149013441,0.058138260188731396,0.001393462765624543,0.09715485251801062,0.03628694291685032,0.05101607139884776,-0.011993846119039126,-0.052705188106731714,-0.0009046167471746734,-0.07374385255279049,0.02436299992173984,-0.08776237707329705,-0.0036277416883963493,0.007037375981782631,0.0034497161879512533,48.87191910281814,69.5,1.3068160753617821,-0.000380952,-0.000380952,10.0,0.03453999582856959,0.050898961665640174,0.034807397413524024,0.023549292330311004,0.08497586505875676,-0.02612065855996412,0.1077493082478133,0.03403126213051685,0.03683505966165488,-0.008957947387812389,-0.0972271055468748,0.05992810896958095,-0.22841015728430078,0.16863681770502015,-0.22128832295306705,0.08878294954344453,-0.04367179024995034,0.00988396179367142,55.23434759653546,70.33333333,1.2722813619424584,0.0,0.0,12.0,0.03599699471196446,0.043510764632917816,0.04294512279647025,0.01665047315750603,0.098327578977365,-0.021605417820935658,0.09348363927357768,0.04893621327967375,0.02855780660423471,-0.015518749010082695,-0.07206160451991067,0.061525292499841906,-0.21344648629570728,0.10149893355618494,-0.14464065421663258,0.05098061018117609,-0.0626106289453295,0.0021460624854251252,60.77065833637705,71.16666667,1.3135290826697341,0.000126984,0.000126984,14.0,0.034526195510524285,0.05215945496587857,0.03495540401412059,0.049919804783240956,0.06397199031123628,0.004588931853759346,0.07236365012338963,0.05489443183691876,0.027435973125542554,-0.027424818306828965,-0.04631304103869365,-0.030837139513845115,-0.04164244339224302,-0.06789670891353877,-0.00474974058199401,-0.0823762945956314,-0.06721252275906096,-0.0220296757388086,66.19752460896122,72.0,1.272849514763633,0.0,0.0,768.1274080673761
0.0,0.011662666164272141,0.07763241103706181,-0.005021947917936877,0.09230629969934115,0.015491082746166436,0.031720882720157,0.09838897569328463,-0.01786331347537839,0.17528168389944404,-0.010163298477410947,-0.017254541318117284,-0.09342319625164895,0.11672180922803933,-0.2631041175867039,0.25843537533228217,-0.4999699488032305,0.20037839704066693,-0.5769208927405318,0.0,72.0,0.0,0.014583333,0.014583333,2.0,0.008164626600769146,0.048919199302197444,0.03722989226147998,0.0608339003987629,0.005647873485993567,0.05371627455850215,0.0521070717102817,0.06254954551183568,0.06972037054743563,-0.006235000721675022,-0.039867426007406545,-0.049749912970125786,-0.05206628644115885,-0.07774095650833482,-0.023440181593772355,-0.0959449132337397,-0.10314295073710346,-0.12710848835714925,20.18853466977997,67.0,0.6443484234336092,0.008574828,0.008574828,4.0,0.007723175707871808,0.03469144277661505,0.062411913367292376,-0.0007707454664839176,0.07710696796043635,-0.002710398529218836,0.06974826436449455,0.0634259158736287,0.06806513740927592,-0.007633113549871934,-0.05481434605309571,-0.080182407680417,-0.003136077672203965,-0.09592614102107679,0.01064958152982583,-0.07895082432564246,-0.026306680285334273,-0.057594434901091125,33.56627005727253,67.83333333,1.2258973601714562,-0.000742686,-0.000742686,6.0,0.0204675826951926,0.060719753197696104,0.014565599347068277,0.057753071795204884,0.045127783598189135,0.0011892444943779152,0.10013147810641893,0.03746818428572618,0.04277392426880507,-0.010921052713678827,-0.04208190372003584,-0.0010887383359156652,-0.08673822210088422,0.0327523912377444,-0.07990125918940646,-0.0030601118631515102,0.004815171358210006,0.0027197464133519316,41.93022386815543,68.666665,1.3292478921477042,-0.000380952,-0.000380952,8.0,0.016090331245631122,0.05928750533390833,0.014684888735510528,0.05466760524856885,0.04363229377843774,0.0011226444841707886,0.10250911210547939,0.029982558279267248,0.03651224060669517,-0.008514579403636601,-0.050769243750266,-0.0009341254235683869,-0.08438423103552402,0.0260720425633057,-0.07821758734724293,-0.002914772195909207,0.006671166206076163,0.003169400323712607,49.05859995279749,69.5,1.2881326836633211,-0.000380952,-0.000380952,10.0,0.03107679360166467,0.042211028986123736,0.035315799890518175,0.01909611247009015,0.06905707618443932,-0.022595082514173876,0.10161030875155042,0.03687498842082231,0.027693299142506816,-0.010774407515136124,-0.08260690487777318,0.06450666908438916,-0.15581803233755198,0.14381485655966839,-0.22012683181249712,0.07780767877415334,-0.034915532458830535,0.009406852450104284,55.19402452781439,70.33333333,1.2693075556071785,0.0,0.0,12.0,0.04104480646245032,0.04443552087454001,0.03639489030195542,0.019729509630942985,0.09075860954662836,-0.025382401338858565,0.09800150785588696,0.037950723715464096,0.020580229519461486,-0.018703195987865132,-0.07026416520636351,0.06524888127963191,-0.18936847461083758,0.11790197843801545,-0.17283217028510411,0.07058860983797774,-0.06990271624841969,0.0016856283243505044,60.91678109787627,71.16666667,1.3154377728831472,0.000126984,0.000126984,14.0,0.02765119483579782,0.0511491632831664,0.03418977469371122,0.049506468275215834,0.05977491146868557,0.004960138953705304,0.07075038232184751,0.05376543195788202,0.019740760425503292,-0.0349675736629524,-0.03550612858280645,-0.02496244221810107,-0.0422851076354619,-0.0701283162456795,-0.005872169324176471,-0.062351372830438984,-0.051486517007805446,-0.01884124014026565,66.11685409905824,72.0,1.281098143230755,0.0,0.0,627.8246336101275
0.0,0.0085247093343867,0.05532304642434448,-0.005894664175613626,0.0928829280506537,0.015561050946701039,0.03452362745823437,0.10954328064864577,-0.014193214605305156,0.17002510646815852,-0.011587950851315056,-0.019266099207779202,-0.0716416098359284,0.10347330324263738,-0.3110128422753005,0.3143280784020013,-0.4929882743544947,0.18761814278275707,-0.47518205169233824,0.0,72.0,0.0,0.014583333,0.014583333,2.0,0.007312796383741864,0.04811101444681298,0.04685503801784949,0.06675171666195188,0.004965912526157897,0.05383544498040596,0.06760877601775293,0.061338770026235626,0.06314962078616848,-0.006240470982040813,-0.051470716636167875,-0.04590316335256062,-0.0451704587786029,-0.06552379668157798,-0.025298066171733864,-0.09694532771890285,-0.10171788288467648,-0.12949911699624797,20.026748849985914,67.0,0.5786040031497444,0.008574828,0.008574828,4.0,0.006357726066272315,0.03408003421563127,0.04834457309337147,-0.0007883788258317103,0.08050673800915512,-0.002819511075453804,0.06286536204385512,0.07338786674177719,0.0689699160827343,-0.007902726702242601,-0.05117686164462919,-0.07789737483808713,-0.003357168233079517,-0.10595909721645438,0.00912576516056685,-0.07516848234374415,-0.02756690907422772,-0.04961121120649166,33.856152533007744,67.83333333,1.0735726231019118,-0.000742686,-0.000742686,6.0,0.020947850253614436,0.07128817623361977,0.015283339085248617,0.05487902040482516,0.0551795185871146,0.0012062949565611282,0.10748689284508796,0.029939868074966527,0.03986196646540515,-0.010673794417196202,-0.04455367408211492,-0.0011857690066328476,-0.0815242589361979,0.0249789130170613,-0.07866349672412745,-0.0033532248259558676,0.005539801210704159,0.0030386798573859425,41.88317613533377,68.666665,1.2624385529300328,-0.000380952,-0.000380952,8.0,0.019241958114540877,0.07182445986621495,0.017006100869562005,0.0601492983769027,0.053184233551655406,0.0014123535218574328,0.09598067084122366,0.03499974287144946,0.037950172058190915,-0.008862103980189032,-0.05367917080023011,-0.0008218716232320661,-0.06291979657533424,0.02427830523794985,-0.07279294833970104,-0.003304588996855154,0.005533722799831241,0.0024444605700498436,49.174170351601205,69.5,1.3249536913943016,-0.000380952,-0.000380952,10.0,0.0347199723350619,0.04722837511578114,0.03197566698210339,0.02335767184703889,0.09644286492031721,-0.03070528648877657,0.11257788824034252,0.03349104303639467,0.029198750314269894,-0.00998466384171505,-0.09030304922128372,0.07241026152638187,-0.1918906781468318,0.13697007334169747,-0.24149174265384338,0.0818041202350679,-0.040559300113454384,0.009912199397173232,55.22149586440375,70.33333333,1.302422032557996,0.0,0.0,12.0,0.03691054755340182,0.037999034044449535,0.047221139846730056,0.02057207235199793,0.09869505643601473,-0.021120036011075514,0.0976777031811259,0.04617145517201533,0.02421442935988283,-0.01626726102468299,-0.0739530630249683,0.05567659111853184,-0.18620063872923956,0.10875945560833189,-0.15248058893694436,0.06772281787812019,-0.052986010232084955,0.0019983473205411944,60.87373854317425,71.16666667,1.3055915359838406,0.000126984,0.000126984,14.0,0.034583943498788114,0.05130438079717903,0.03228659801514777,0.0365737326419128,0.061452835626054234,0.005291396870988097,0.07391006054340275,0.05925198421936144,0.02691081667118073,-0.02589847683076303,-0.05084025795049318,-0.02627152435234387,-0.047796960806819104,-0.06489836873472168,-0.005954816071482676,-0.060763394796136336,-0.057015943226798205,-0.02560738434917028,65.81956631686938,72.0,1.388190075127227,0.0,0.0,440.2688327299685
0.0,0.0116366274249945,0.08069823397402875,-0.006233038004971384,0.11679517282092065,0.015650231938089898,0.02861219672543278,0.10634335584266617,-0.018198204026987935,0.15329631800315455,-0.007780509400370693,-0.019535887091456674,-0.08859549574575745,0.10302962411332799,-0.3015355154669222,0.24226603947642486,-0.5212718653926307,0.2201870890281908,-0.5632753291573158,0.0,72.0,0.0,0.014583333,0.014583333,2.0,0.007655772954886061,0.04803003023140617,0.05261857499862191,0.06400026331149032,0.00615571055434194,0.06281996315224687,0.05838452657927582,0.061769148479380066,0.06670848422424408,-0.008413680626788867,-0.043247706446631465,-0.04000711458416854,-0.0525774242107123,-0.06255409633310623,-0.027373697970257998,-0.09566105791980557,-0.10468576204519614,-0.08939033807666794,20.086534609993635,67.0,0.5831064402643443,0.008574828,0.008574828,4.0,0.00590055046311098,0.03500602706385464,0.053750833461320285,-0.000754523772036518,0.06908455651376955,-0.0025177946547294164,0.0721363759887113,0.0608334079153478,0.06373046308220692,-0.007459907191214946,-0.05098723047248739,-0.059565469947443994,-0.003938012589733212,-0.11911992187939673,0.012675993036983647,-0.10066536715080869,-0.025922596793320266,-0.06248849509368108,33.57132512946093,67.83333333,1.1616210759883736,-0.000742686,-0.000742686,6.0,0.019989052081242204,0.05752610440305268,0.015438349703719838,0.060503658143399114,0.046571860632749255,0.0014215526332253372,0.09215788488350132,0.027200722738847147,0.04145753603681854,-0.012279612501498565,-0.053798805241812714,-0.0011506993571497985,-0.09109201463275811,0.03173245986208398,-0.07218148130423242,-0.002711334613105006,0.005535329019914204,0.002976427425981274,41.981204022656755,68.666665,1.2341670045496873,-0.000380952,-0.000380952,8.0,0.02190638305627493,0.06269828052137104,0.015893137928674965,0.06085301965244556,0.044018723857054784,0.0013997309085798048,0.10106926582776142,0.026405832189526367,0.04522147792869339,-0.00966044386348365,-0.04547476293899058,-0.0011493273582681585,-0.07586138616043776,0.025693840267584894,-0.09226384368199393,-0.0033655471621192963,0.006417559456873338,0.0030405349628080908,49.013930994923705,69.5,1.2329585467618331,-0.000380952,-0.000380952,10.0,0.030959754491448218,0.045206750679954485,0.03549299070324329,0.020659929676241494,0.09380001278600321,-0.029071602119772375,0.08228486054566472,0.03768435514720327,0.03474015009299329,-0.010533687794407663,-0.07750326060929359,0.06951681152683861,-0.21584469111298488,0.13175725303074087,-0.20799741767642513,0.08477835135393479,-0.03557333854207927,0.009414144683099644,55.17561578994041,70.33333333,1.2592718381729262,0.0,0.0,12.0,0.03868595409382661,0.03632039051470745,0.040422732910020916,0.021096271019787092,0.09054460134652166,-0.025400936363424283,0.07953831755975525,0.05113030474956718,0.0286958734169285,-0.015629816444049677,-0.09513634302575685,0.04820554620509535,-0.1574225297555012,0.10981007707625619,-0.17801704790673928,0.06862013039532489,-0.052335672019827424,0.001796496989624,60.96115535147379,71.16666667,1.3348611993220791,0.000126984,0.000126984,14.0,0.02951101476577713,0.04292220891733271,0.0354808496921932,0.04001810011592756,0.07224094489671014,0.006403262006452881,0.07322470986853072,0.05508666168762746,0.02085376507029471,-0.03436531369680958,-0.03519266715389899,-0.03590402246763862,-0.03604592279094717,-0.0733477392839281,-0.005581599132401286,-0.067326457612677,-0.05001765815026605,-0.024994003305553708,66.1464531248013,72.0,1.3685072290082736,0.0,0.0,750.3821188697325
0.0,0.008718064678135186,0.0605956602286496,-0.0047194835126045664,0.11381371166567152,0.01612508908242372,0.03110130442355477,0.09629176154499376,-0.017988175122882647,0.1291253812636349,-0.010158874824129268,-0.02165829831455523,-0.08047058251008017,0.09276841361779939,-0.3490017950848737,0.23829052328943962,-0.5027425663091417,0.21688214336319217,-0.5357613968544064,0.0,72.0,0.0,0.014583333,0.014583333,2.0,0.009063970693535987,0.05618463584210779,0.037043584363442864,0.07294408306322116,0.005818825667060922,0.05912120198619427,0.05835612796910206,0.06630264183249074,0.053247687316005786,-0.007831966966634317,-0.03795305199612839,-0.04638281850221933,-0.05336950222172781,-0.07553311194180223,-0.02743034588459069,-0.1032963921251178,-0.0936392492906316,-0.11989483540388454,19.937293213088232,67.0,0.6697100409666329,0.008574828,0.008574828,4.0,0.007454818059032813,0.025358628285530548,0.05214251052769241,-0.0007613720603582544,0.07289605927508722,-0.0028587236748469475,0.09065403282229287,0.0675715342709413,0.055620729575819934,-0.01055506683761784,-0.04273766239041891,-0.069275571951563,-0.003317456053494656,-0.11906269058541401,0.010550083562098361,-0.07909446787650828,-0.0257630886966837,-0.04991085405747034,33.817327916756554,67.83333333,1.194065503849188,-0.000742686,-0.000742686,6.0,0.019176960247982974,0.06579243567029716,0.017048162146195332,0.06205495820411673,0.055617446835895645,0.0010298137211326318,0.08298681408845131,0.02762893180094516,0.03893598317492813,-0.01024435874306691,-0.054719496886049934,-0.0011359587630972938,-0.08231277850643447,0.028023350780366833,-0.062137031630454295,-0.0037255123656927827,0.006757454327505347,0.0030486536628634223,42.0761477658303,68.666665,1.3196677985210776,-0.000380952,-0.000380952,8.0,0.016008466841922957,0.06005541538510756,0.02126711544462211,0.054471175358817514,0.06010948793892334,0.0009898117655688999,0.09285529159862009,0.030783900694016382,0.03666693192011408,-0.010228830371181996,-0.048742681803137664,-0.0008418201845589146,-0.0640659375100294,0.02528076200610926,-0.09209706942511113,-0.0034913085381160984,0.006580491755913055,0.0024756834582290626,49.01624652517575,69.5,1.3309335381959622,-0.000380952,-0.000380952,10.0,0.03399510953767704,0.0399775481863852,0.035115642376766794,0.023071924036213744,0.09413167414006135,-0.022282558111446665,0.08636724608716694,0.039548909917894504,0.029490202033984392,-0.009445994924930643,-0.0979923745835016,0.07395499322293193,-0.17739133867080611,0.13245077481109,-0.22007892847753505,0.07134440470940266,-0.03954789673061734,0.009979632953976312,55.214519064521035,70.33333333,1.2846545873542046,0.0,0.0,12.0,0.030460302479065775,0.043872984980286876,0.04766393933757223,0.016732336912104677,0.09362026906585932,-0.024653583326160244,0.08621013842201825,0.04989470732121431,0.021856326173537388,-0.01623826439732266,-0.08217657339046976,0.06506187557852035,-0.1516688692738209,0.14056467394274638,-0.16121799760439662,0.0619368270585319,-0.05050591668392897,0.001499222150338134,60.972928942589114,71.16666667,1.3182979385148412,0.000126984,0.000126984,14.0,0.03138844655984533,0.03816231721752843,0.029471224856863515,0.039170180032293216,0.07202068709399352,0.006516779725697985,0.06396265633734287,0.07017631781378958,0.02318068784359238,-0.025079262052757453,-0.04944017776745074,-0.0276386277947974,-0.04371723222909301,-0.05296615494207111,-0.005314293915855039,-0.06359461834622171,-0.06892616857095307,-0.02448700970313517,66.04303070361489,72.0,1.4535500552799636,0.0,0.0,515.8468707728579
0.0,0.010773088337526479,0.05683277657061099,-0.005609127104994763,0.10169007235590882,0.01218075545789938,0.0331475457023288,0.09854253308229832,-0.015659251201923362,0.18303501211880632,-0.009760071335895609,-0.020264277768778025,-0.09035388403479672,0.10057845331976707,-0.2843177374150241,0.32386058402964873,-0.5139695113304993,0.17184343624983736,-0.5088170103921208,0.0,72.0,0.0,0.014583333,0.014583333,2.0,0.006570856738109734,0.039591228336413556,0.03762320888636618,0.07309341947366199,0.006157668502848049,0.06868098108456888,0.06930073212117241,0.04570934520534537,0.05571669643902393,-0.006645989417340252,-0.04210506377340753,-0.044713334612380036,-0.048116561924144034,-0.06956336268709855,-0.02349172670815469,-0.13599643444893617,-0.11027860179447041,-0.09686912833008914,19.95142474062489,67.0,0.571993670733563,0.008574828,0.008574828,4.0,0.006370705401239301,0.028241315155146846,0.05775155043644655,-0.0007805056305947317,0.07594048390229502,-0.0025308666566139946,0.08774578642207254,0.059370261331647196,0.07891258714219229,-0.007247144706217647,-0.05578020732958541,-0.07088016209626294,-0.004130776003328432,-0.10593178068352188,0.009245801268708213,-0.08032192516390839,-0.030930136204865157,-0.050595272455331027,33.715012429465745,67.83333333,1.1677867218258149,-0.000742686,-0.000742686,6.0,0.020292692136327374,0.0690060378767962,0.02101593604381935,0.052000597330808425,0.040928111907355874,0.0012166363542618149,0.11050794726957303,0.025786887733043246,0.05176688371906793,-0.008854092428833166,-0.04697880800746492,-0.0009606364966330259,-0.07818855403953452,0.030045902665814864,-0.0767662943185016,-0.0037722577007237128,0.006803861518891116,0.0029533927178994513,41.836869691826095,68.666665,1.2573297256606142,-0.000380952,-0.000380952,8.0,0.020948273141158727,0.07138878551000115,0.016094639590240472,0.05287868210697995,0.04601526111138751,0.001208140839408111,0.07600520114538648,0.026658838681346844,0.04741449470704588,-0.008471267512964694,-0.040839799289555404,-0.0008744104221736235,-0.0662689649186811,0.02893349183091028,-0.08490181904766277,-0.003061407564210319,0.006145087680035267,0.0032602801217454197,49.02169061823155,69.5,1.3751676805184818,-0.000380952,-0.000380952,10.0,0.03354781265650735,0.05018535864154632,0.030702872577740303,0.0186291702358647,0.08038669156355081,-0.03108742665384887,0.08877600650704591,0.04358108190979574,0.03379303391671627,-0.009210832167581581,-0.07337759382507075,0.08034734889488704,-0.22150137500509043,0.1705615518829316,-0.19188656441239274,0.09125523756142012,-0.034568919615243575,0.010249151853115564,55.32296062481723,70.33333333,1.3485884266040986,0.0,0.0,12.0,0.032362241431989236,0.03798518465147905,0.035789135792434444,0.014554069968701065,0.07618612214257864,-0.02936375266526028,0.10248174917186226,0.043045943815667814,0.02583126894662768,-0.018431715324636163,-0.09251540466547027,0.05379968499419013,-0.20023361903364256,0.12472619505068878,-0.1999158003912882,0.06677991431817054,-0.058592859611593426,0.0017867445501893735,60.72562393075338,71.16666667,1.306853391141482,0.000126984,0.000126984,14.0,0.03291389991488026,0.0476545635625578,0.02614618258885165,0.05083794291621676,0.058267739214190935,0.00639471996444671,0.0694154689127771,0.06467162261592585,0.026330425846514616,-0.03376853046744168,-0.03869164550953747,-0.03231906020939052,-0.03783535117135063,-0.06194575171526525,-0.005693183484412166,-0.0674395615330979,-0.062163082908167175,-0.026180231143865345,65.82046523160405,72.0,1.4437127702401427,0.0,0.0,773.3558664061134
0.0,0.012322322245805617,0.0681434564646445,-0.005011928357233914,0.12553808125771185,0.01719499900989503,0.034654167954612236,0.08879030449586223,-0.015492376151741035,0.16596701150280002,-0.008523310559331173,-0.020759715375298988,-0.06335486797979246,0.08390473228209053,-0.34265056675916283,0.23442762883807286,-0.4465417619077385,0.1913795568244835,-0.5206346272667104,0.0,72.0,0.0,0.014583333,0.014583333,2.0,0.008466510511123626,0.05172770644335752,0.03685522061583989,0.06135133795670464,0.007305189609848463,0.05590722411836611,0.05408670862015347,0.05841273773152203,0.06835115245130283,-0.008136272160805445,-0.051532100141298186,-0.051111736017327596,-0.04130201751770924,-0.0769076553004751,-0.03214470732969436,-0.10286312512281551,-0.09386172135343683,-0.12451540923063449,19.893157065902457,67.0,0.5083852146285518,0.008574828,0.008574828,4.0,0.005405354418059136,0.029995955854131093,0.045684926285412146,-0.0008635966312343514,0.08508505486248952,-0.002403162135240468,0.06913200478003821,0.0631514114062106,0.05663253298837481,-0.009119259531399157,-0.04669897519346722,-0.06403193726950913,-0.003934499038757114,-0.10306531132086133,0.01323573100521421,-0.09873303847646474,-0.027380321614151725,-0.053323665351107906,33.5779734218879,67.83333333,1.122459204967193,-0.000742686,-0.000742686,6.0,0.01968632741015694,0.07127514443139638,0.019776935124658092,0.05852973887136722,0.06088104660460675,0.0011057089657125247,0.09381877911633958,0.027669373913349147,0.04949384073394059,-0.010756684440467033,-0.05460974949822513,-0.0008979333439030236,-0.06532382632267737,0.02487477986575835,-0.07137748420152007,-0.002943003602802657,0.005346362475921704,0.0028159986811424017,41.87424060293231,68.666665,1.3096597302872437,-0.000380952,-0.000380952,8.0,0.018414210259498204,0.06482886836207138,0.018260196654343565,0.04702559034605078,0.058286664655768504,0.0013331370463489642,0.10275210597296064,0.028885866306099277,0.05217694266389894,-0.010960281247095827,-0.05221048139813642,-0.0009892956610470418,-0.0851879500555205,0.024000987854756357,-0.08602441864653954,-0.0029731331074796196,0.00514681433454181,0.0033467666750815555,48.932537137342024,69.5,1.334059993538575,-0.000380952,-0.000380952,10.0,0.02517796423304014,0.03768142533766145,0.03488000312030109,0.01833449680618839,0.092704439180184,-0.025958422608587134,0.09547191253480006,0.04372590225906458,0.028497076583247204,-0.009657375939600756,-0.1006403950831844,0.05655142553983655,-0.16424950274773592,0.13794734249641283,-0.1965740762657811,0.07736578217866932,-0.03678000970422878,0.01148367233086251,55.23266310819309,70.33333333,1.28697735524083,0.0,0.0,12.0,0.040628040673364244,0.03186455163197834,0.038723289075622266,0.019561224458609208,0.09861851593547975,-0.0292597412589767,0.10321641182901312,0.041661919704890506,0.027054128626217658,-0.015089115981418003,-0.07586672855311974,0.05875487119875327,-0.1569338001998745,0.10614744208478462,-0.1741799267387475,0.07487890129856054,-0.054496343558759576,0.002153825331149129,60.663466529664596,71.16666667,1.2682134154355873,0.000126984,0.000126984,14.0,0.03507496960246797,0.045873626250803115,0.03679789712628144,0.047388105189937524,0.07808867477089423,0.004876790340932799,0.07045939453872219,0.0616900851034222,0.019185449121278068,-0.030556129465067056,-0.04043257132592616,-0.03466964636246387,-0.042064671763823405,-0.06777686587031619,-0.005450895539191822,-0.08301014643168188,-0.0686749157978132,-0.024313488653848,65.9728742328267,72.0,1.4119563505356987,0.0,0.0,510.07430060650387
0.0,0.011755750272752396,0.06125717100247142,-0.005958698385631813,0.1269635784638104,0.0166098314536864,0.0339039827325015,0.08144963899501047,-0.01529404268219955,0.14804872632539456,-0.009438140970866394,-0.01935098460307749,-0.08900168996790907,0.09762866333044769,-0.2625459086458857,0.2648516771976265,-0.4367863953654873,0.1692300524745139,-0.5400590381181265,0.0,72.0,0.0,0.014583333,0.014583333,2.0,0.008643912043274199,0.04165830578463441,0.04051640453052168,0.06244479577063118,0.006836667834560589,0.06426755667773432,0.06367693780411052,0.06539737345759261,0.05471120838984759,-0.006298027442243551,-0.042981262361865495,-0.042206232151890954,-0.04841955211717652,-0.07172241680622084,-0.028558656958833976,-0.11007141551885237,-0.08751412272541782,-0.12115747459567616,20.014653726599647,67.0,0.5885860946263365,0.008574828,0.008574828,4.0,0.00528786217583466,0.029914123464207312,0.04901909250075258,-0.0008212056909601478,0.09686408624942326,-0.002569862150178085,0.08715239074063037,0.08166821414965317,0.08191298483350562,-0.009534983702197486,-0.03885854152395509,-0.05956532814432218,-0.003708149352431739,-0.0991454406756516,0.011941413080293258,-0.08022729929585375,-0.03143006584137787,-0.057520607241465356,33.7577092687154,67.83333333,1.1129508073321446,-0.000742686,-0.000742686,6.0,0.015187837918608955,0.06997117051838281,0.018398048989806976,0.04466562937027926,0.05961136249745858,0.0009999010953713624,0.09102425943149017,0.03273670854776123,0.04982138164946226,-0.00870735411972859,-0.04008523445096336,-0.0011685166119721367,-0.06540187545450733,0.026510086630804505,-0.09050554656694931,-0.0037943027303766904,0.005163532856705387,0.0030824989418903955,42.1438401938915,68.666665,1.3348823132010832,-0.000380952,-0.000380952,8.0,0.019255454663143098,0.06889924626352548,0.016992809750340326,0.051748715449291674,0.05919861383464312,0.001066289546698089,0.07520228183317836,0.03642526484413329,0.036887650726167454,-0.010540039990767676,-0.05395275787730675,-0.0009113085824913214,-0.08175611024931487,0.024868559418648555,-0.07951328160359929,-0.0030408391794931058,0.0064919976214997755,0.0031469117529222186,48.959156088520004,69.5,1.367749016832964,-0.000380952,-0.000380952,10.0,0.03542638191350428,0.04008182468658418,0.033107736025262784,0.02504031377081286,0.06984794109261769,-0.024455894523210318,0.10706450222830577,0.04402018589413133,0.031223433776534908,-0.011193328770471972,-0.08179443110461675,0.07097017934222852,-0.19703416995564002,0.13081739901516456,-0.20623941278546515,0.09704494032995276,-0.043413947727513766,0.010719019363050423,55.33518809143612,70.33333333,1.320285355825168,0.0,0.0,12.0,0.036910909945959774,0.04554236335755064,0.042238770083161986,0.020840324461281777,0.0983834235256229,-0.026411251387149483,0.07675118648345401,0.04862945753703026,0.025551118010683216,-0.016974803365956765,-0.08855779464039083,0.061120993610503986,-0.1490589546156469,0.10330629988069669,-0.14638712769698642,0.053215122297250096,-0.06476068830325332,0.0018164399193355118,60.6823341263641,71.16666667,1.305380547967961,0.000126984,0.000126984,14.0,0.028636800660366283,0.039555958751610956,0.03112938191293515,0.04682453092745806,0.06455935246134407,0.004656723008092154,0.07832754083231738,0.04950704293673748,0.019448856852528715,-0.02933328254928683,-0.05044323794354336,-0.02935145952558043,-0.03745825407374408,-0.07233869304655745,-0.006156044232989274,-0.07946196541739928,-0.06645895983437218,-0.026419830074009647,65.97350780302529,72.0,1.4298907766806856,0.0,0.0,566.7668312040535
0.0,0.012663631392043653,0.07427856155831039,-0.005871632417357443,0.11053654140403325,0.016871782754001592,0.030396706680653196,0.09520548845450964,-0.01584819383574676,0.1805306642412036,-0.011295010384626625,-0.02241439975006334,-0.0869993795695231,0.10369900644540392,-0.3032043699383518,0.2645074826483404,-0.48209201595793083,0.22480904777655106,-0.4369557470793253,0.0,72.0,0.0,0.014583333,0.014583333,2.0,0.007712769110205788,0.04686230224107124,0.03930106661426008,0.06977654713040032,0.0069854330942410465,0.0584216761493406,0.06329548950418817,0.0523381741769827,0.0695273464995288,-0.007908560466891425,-0.0434921559517565,-0.044425888599590874,-0.053928114422451635,-0.061782359513162965,-0.033827322938457416,-0.1262690195171903,-0.11472156031860539,-0.09046168377169261,19.984134179240232,67.0,0.6516032491998413,0.008574828,0.008574828,4.0,0.005793600057915296,0.03246138831934617,0.05669624890050389,-0.0008816692342154969,0.069792770257071,-0.0028533769373550568,0.07477966786997797,0.0780639497704276,0.05872920996267951,-0.007710832628522729,-0.052506714084032444,-0.0799900812569913,-0.00391926942468932,-0.09961699726508529,0.009356052872123662,-0.0803139032535712,-0.024005130215305287,-0.06069245345017226,33.82161837511007,67.83333333,1.1849349014961004,-0.000742686,-0.000742686,6.0,0.020200191690969458,0.06931375085629461,0.01927400483367644,0.05812316452694041,0.045711361019294634,0.001430022379398042,0.10681918929390502,0.03218349249224014,0.03811273346263862,-0.008835467962903553,-0.04968716035099678,-0.000982283097268096,-0.08562827503000114,0.03298878146358797,-0.06211588720765482,-0.003403846149761302,0.005418660449810838,0.0036140921052960134,42.157149371498235,68.666665,1.2535621257898353,-0.000380952,-0.000380952,8.0,0.01710976638044427,0.057151688411015394,0.014767619230641064,0.05117467369825445,0.052995123557768184,0.0012112220564413517,0.10699035896440451,0.03280060704535385,0.04308047697461284,-0.009964836219547545,-0.040979680520695325,-0.0011962073282433898,-0.08277037580094927,0.03139810034811482,-0.06497711858204648,-0.0039714180344612065,0.006296367244716461,0.003032577847115779,48.85485062593114,69.5,1.3533818433978047,-0.000380952,-0.000380952,10.0,0.036173492101745856,0.04775608823282852,0.03367068969996016,0.02280335898793006,0.07163063308639883,-0.026748329333290445,0.09002322464405127,0.034633234943108535,0.03214986873098099,-0.009338499088597747,-0.0746498281804405,0.07424246408593353,-0.1802374478125852,0.17667895392548086,-0.18805506379755685,0.09060691989618269,-0.04269413307984703,0.011078017597851802,55.15535764461448,70.33333333,1.3357471382968704,0.0,0.0,12.0,0.03304109217964382,0.03190107866913484,0.03548350018012862,0.017355194113927233,0.08982006490992984,-0.025851263046434075,0.07370703707398549,0.04688279489683417,0.025197050969081897,-0.017455951265329072,-0.07088224089553369,0.05815500397546581,-0.20642429308945764,0.11740763812632564,-0.17277492288238763,0.06716071927869835,-0.06263416495229746,0.0016131225036623668,60.975905891326754,71.16666667,1.2903931812029985,0.000126984,0.000126984,14.0,0.025699353815974775,0.040975737188873144,0.031932169521229944,0.04365483671444105,0.052799998737459164,0.0056832805226026215,0.06471431711176713,0.05324606440074123,0.02388610315645789,-0.03523849641491907,-0.04946555227947353,-0.03423634081733964,-0.03754084126978545,-0.07564781903431173,-0.004988152758705415,-0.07040381110460786,-0.05873049892428045,-0.026681327278419285,65.85765555594733,72.0,1.3785876985533325,0.0,0.0,807.2834780489919
0.0,0.010415694749453893,0.08093633126073828,-0.006101249262811493,0.10558787171365114,0.012344582769066078,0.028956408446326718,0.09787155482777875,-0.016867803233274307,0.13516203640901792,-0.00947296168778705,-0.017719898206570942,-0.06405736970202039,0.10952905583848287,-0.3274271129226376,0.2418314667210547,-0.4917697353752568,0.21223089302609474,-0.4612912308659237,0.0,72.0,0.0,0.014583333,0.014583333,2.0,0.008042330267694207,0.047600459969585535,0.05447345278760084,0.07397029267742324,0.006893852600227214,0.05913742714755023,0.049756385417361604,0.06184208246199259,0.05831362018902297,-0.006786798634358479,-0.04261028175879611,-0.04940334612229404,-0.04626155107787694,-0.06594347625923747,-0.03379628324964489,-0.12751127896955658,-0.11237136613540796,-0.10477311295656287,19.948711223423086,67.0,0.5779964668948272,0.008574828,0.008574828,4.0,0.005190137426701776,0.03288135201953989,0.05877508875334751,-0.0007852165010797009,0.09631504650401085,-0.0022546486099145184,0.08671102507714604,0.08328786895312763,0.06451158688049655,-0.010055484046512332,-0.04853373215589996,-0.06971929508038575,-0.003602731924941933,-0.10041981392503596,0.009476722168886753,-0.10190564349640913,-0.030165507068230336,-0.06010650848794981,33.755174969146985,67.83333333,1.1769045700950214,-0.000742686,-0.000742686,6.0,0.018176246926448182,0.07230524709242488,0.016449304790937,0.06305309342358398,0.042145617390633494,0.0011263780602716069,0.10157741126158645,0.03083938102535523,0.03757256440459765,-0.008882299903983567,-0.05735801014873951,-0.0008891111728678307,-0.08103643149784656,0.03279813441327089,-0.07589976319630831,-0.003346271138557599,0.006722416075976529,0.002828500372108888,42.06290244322751,68.666665,1.34594360052867,-0.000380952,-0.000380952,8.0,0.016367316589318438,0.06896546690890552,0.020066564798088445,0.0628347067742966,0.05766487657575251,0.0012101897508101768,0.09147094594363771,0.028377031035678752,0.042177309792552554,-0.008566988729249774,-0.051360792760404284,-0.0012105838695573635,-0.07543791456655122,0.031479941666050795,-0.08201299503974156,-0.004022481680818822,0.006576040361492529,0.003003977161405595,49.18177956803686,69.5,1.3137640432958744,-0.000380952,-0.000380952,10.0,0.02701254048762451,0.03753474642361094,0.04188805413250529,0.01850076707554306,0.07189864207692956,-0.025811070814036947,0.08466201426451346,0.031925577066750324,0.03698835787573814,-0.009775471182630498,-0.09198357352822241,0.06888730018510596,-0.2068784954200828,0.1605687688848638,-0.23406994283219348,0.06798314267150293,-0.0362441480088444,0.012598672803172681,55.32074139350034,70.33333333,1.2667775411677353,0.0,0.0,12.0,0.03320356528696821,0.03509819041748882,0.042627535487949286,0.015746232752644945,0.07787555936570999,-0.02784029200129702,0.09664326313230878,0.03870212494486727,0.0205418973234736,-0.01478911008410544,-0.09333285629882751,0.05313321820992348,-0.18692670194676264,0.10294118360062138,-0.2123690655581562,0.050282870691887346,-0.06614860494435748,0.0018131535404729811,60.68750709431503,71.16666667,1.2974228609992116,0.000126984,0.000126984,14.0,0.02817787266772244,0.04703215585419811,0.03343930257739631,0.037471105259875154,0.05687627206980544,0.005146875746286712,0.05961517928917475,0.05066009413387265,0.025079469076620328,-0.031634139032265765,-0.0463901679432783,-0.035698312589800836,-0.04616910458221839,-0.06442746467807615,-0.005160179374161991,-0.0567761620615843,-0.07067878404587156,-0.022486098224483792,65.86047867347051,72.0,1.3012835158572862,0.0,0.0,692.9322640000773
0.0,0.008567608221116007,0.06146719237810179,-0.005324873476530029,0.10668716971642853,0.017679225088405647,0.023395579440724863,0.10057297118340539,-0.013201801080606453,0.1761531469646893,-0.008589746495512699,-0.02159030402088813,-0.0680341832205899,0.10101842796352659,-0.2874647855799548,0.31191356901009665,-0.4503711015147271,0.2122121564101595,-0.46629699567947935,0.0,72.0,0.0,0.014583333,0.014583333,2.0,0.0076328544416517504,0.0469409586721376,0.050594617479580974,0.07243941846223013,0.006384677445335924,0.05200887936450162,0.05529285329364719,0.06490762450461923,0.06780158636752125,-0.007260043278447306,-0.04761003445196588,-0.038910638021199914,-0.0424678727288882,-0.07525335878050149,-0.026049127624354206,-0.1267027334332818,-0.1009977752278776,-0.09757225903504069,20.01235246855604,67.0,0.6274306461786348,0.008574828,0.008574828,4.0,0.006378099893533671,0.025696091294660856,0.04200465635846475,-0.0007351865340117278,0.0808796761390266,-0.002300513441587648,0.07579213792613262,0.07055255528152457,0.06901295671082752,-0.009520303347697486,-0.052319691322273335,-0.08055686362238557,-0.003168458238110183,-0.08174297415265512,0.01107829315312672,-0.08092587936210359,-0.024287164995279144,-0.055647121066714704,33.77748484687117,67.83333333,1.2245212146020645,-0.000742686,-0.000742686,6.0,0.01630538090223595,0.048774505071580584,0.020176136531165616,0.058997341956522294,0.058548776608705666,0.0011624334690013016,0.10972490357071478,0.02890047899162123,0.042939860448535004,-0.011552035804817801,-0.05118630572867329,-0.0011020113117434691,-0.07056900828255609,0.025497382210401306,-0.08733496234871439,-0.0029486088952764417,0.00600583878668879,0.002458026147343785,42.19143347435504,68.666665,1.409830982523725,-0.000380952,-0.000380952,8.0,0.016232860041539104,0.05016764410007883,0.01937908406987907,0.046641181989775286,0.058573037517117524,0.0011159296176035361,0.09638458241158938,0.02974422785926788,0.051213220976890676,-0.00835448746501183,-0.05751211282159825,-0.0012077639927978892,-0.07838020694946385,0.0309925248187198,-0.08557304934159018,-0.003054356126159966,0.006734232566543293,0.0032170007746873345,48.95268260483348,69.5,1.3775280979992242,-0.000380952,-0.000380952,10.0,0.0299778425648499,0.0388770109664433,0.03982369316533472,0.021674910999809237,0.07449395613496881,-0.028204530222464982,0.10355878166969808,0.0364985653484219,0.03654504734352071,-0.008451709994739329,-0.08807498106901063,0.0794744184740927,-0.2322351307285698,0.18592170022441643,-0.20348359360419174,0.08792304942469048,-0.03163187186439157,0.01075829013504872,55.32564226591432,70.33333333,1.3583384732305634,0.0,0.0,12.0,0.03835711732033323,0.04110661648061145,0.03718996475263706,0.018234672423122,0.08057321528178056,-0.022271622717884743,0.1017876784753854,0.04959205696600175,0.028785767644824475,-0.017218681788241787,-0.08833454313714859,0.06931646303018953,-0.18434233534601083,0.12143580253470385,-0.14384707351273807,0.06044165590535704,-0.05174365965338701,0.0017582690484027636,60.6358286797533,71.16666667,1.3691036410065969,0.000126984,0.000126984,14.0,0.03503311666172163,0.041232790033885844,0.027375998277686477,0.04645709177901483,0.07803573931376714,0.005631721319138419,0.07352243823736042,0.04889142873179466,0.02367220144128071,-0.030675638693172646,-0.052379833311223235,-0.030739048065234493,-0.04521803580666712,-0.06665389235507126,-0.0047828595254441626,-0.07125737606819066,-0.06966580155194982,-0.022683666050499884,65.80330102776978,72.0,1.3469487125425748,0.0,0.0,796.4231564221046
0.0,0.010292753500731831,0.07863272977649477,-0.005497927984304425,0.0927162777801322,0.015868319805495617,0.02836752197635045,0.08998025814946667,-0.014215016814090169,0.16443841439571757,-0.00785636177663232,-0.015983498122381243,-0.07235544490289283,0.08997745894081075,-0.33824328234076423,0.27996270972877124,-0.4794946397882524,0.22273742714204492,-0.4570348824341476,0.0,72.0,0.0,0.014583333,0.014583333,2.0,0.006669922040709297,0.041300489833108606,0.040992281561614066,0.07379288204040911,0.004941079305184122,0.04781366031439658,0.07163753896784382,0.06223766648466777,0.060185069189866394,-0.007807091614435377,-0.04329054202059866,-0.04078021461689437,-0.043285020521424106,-0.061267443823019865,-0.03019011145142754,-0.1380895096724039,-0.11791268746341914,-0.10324195995450408,19.98762642117712,67.0,0.6223442094914764,0.008574828,0.008574828,4.0,0.0056252065095942485,0.03139573310173043,0.04544832385824245,-0.0008716754764490466,0.07196490167917051,-0.002692704470943885,0.08573937941542727,0.06105005874504887,0.05880576475125135,-0.008372413601286785,-0.03967153167456495,-0.07447677336609046,-0.0033622587314706934,-0.1153771968989237,0.013277695620743416,-0.07425978730970313,-0.030255023716258676,-0.05141956718697024,33.855479309484096,67.83333333,1.1771853113060273,-0.000742686,-0.000742686,6.0,0.019492751608792026,0.06632840878874928,0.015874222623635248,0.04355303082464425,0.04164258311023621,0.0013580015332895553,0.10258495889414745,0.03517136616224821,0.038801229586333946,-0.012084101599956652,-0.0493190277196552,-0.0010545591699913756,-0.07630494216972569,0.025319242311122186,-0.07247952238534336,-0.004013449746177422,0.005246032879025254,0.002645262690698698,42.21392036104789,68.666665,1.2571084099520904,-0.000380952,-0.000380952,8.0,0.02043595937950687,0.07057399851392127,0.019139688948222936,0.04880880410029515,0.05556021745168214,0.001121106120668647,0.07715014179498976,0.036284899188787294,0.03699028366821127,-0.01101682007615834,-0.04247418958030294,-0.0010860322793383105,-0.07959888021482434,0.023046475756061426,-0.06607176784189037,-0.0029445072322879288,0.005923814009301376,0.0035020379850647454,49.168521664537344,69.5,1.2402130919752843,-0.000380952,-0.000380952,10.0,0.024979858565108516,0.047959117090224324,0.030304406882875192,0.025098374428591617,0.07169430522173728,-0.024790303069518998,0.08821789528408944,0.03457220798629371,0.036226096871551414,-0.010116075582875694,-0.09745256676481386,0.05591982990635604,-0.20131404471302528,0.13402448795160726,-0.1625458192172529,0.09083699087231917,-0.030462942049295182,0.008727255316470303,55.34889194253689,70.33333333,1.1954344051842225,0.0,0.0,12.0,0.03766513231297209,0.044911417044705984,0.03323628860262393,0.018508579727798218,0.09014892807727169,-0.021925396949252544,0.08650142561550651,0.049474110324137156,0.028219338882539163,-0.017001358044386607,-0.09000299197297354,0.06255885549498795,-0.21153041847590406,0.11839213185371227,-0.17457057691049035,0.06077339615902214,-0.061379586041571614,0.0016018319991252454,60.876463810151314,71.16666667,1.3146813240764716,0.000126984,0.000126984,14.0,0.02595013233148547,0.04148732922615655,0.03357892765290308,0.04419916914777576,0.06274860098751384,0.005526535734849583,0.05835645853657416,0.06870047466750225,0.021968879999155054,-0.02543245822963149,-0.03680288662295879,-0.026208938418684335,-0.045554469857173485,-0.07307113085264208,-0.005153759455720538,-0.060758920244121994,-0.052995108764668286,-0.025520553167081465,66.14668589129107,72.0,1.3615490508995662,0.0,0.0,768.0344680607001
0.0,0.010644921066359152,0.07564226383353363,-0.0048867966088251115,0.12601504966155677,0.014545240739075932,0.024592946310797538,0.1129160641343183,-0.015937758434302608,0.14163215043545288,-0.009605791235135311,-0.020679957159204253,-0.0668421154622938,0.11614694170718853,-0.3127572521790538,0.2566216459599976,-0.37769864840212414,0.15789271528314397,-0.5687823854674615,0.0,72.0,0.0,0.014583333,0.014583333,2.0,0.0070192641569421866,0.04151189625404941,0.03757825335143735,0.057394914400689424,0.006957586288082703,0.06544892479485115,0.05011125381340556,0.05376826337567808,0.07436512640660584,-0.008337324623850598,-0.04562662099429023,-0.04834341442582378,-0.047015140522397345,-0.05653304753307557,-0.026669695605705167,-0.10829944042834874,-0.08771202794073117,-0.090045645309144,20.067096081126895,67.0,0.5034133441801933,0.008574828,0.008574828,4.0,0.0059234193714646725,0.034312008417374515,0.055935179232030355,-0.000881162017739794,0.08363049121249226,-0.0025831833433573054,0.06995976902033135,0.07830844218400779,0.05570987411136706,-0.00935116051127083,-0.040027531907386185,-0.07717994742076939,-0.00404299298178329,-0.09100430558583164,0.01094463822881126,-0.08737667634771691,-0.026993795267692466,-0.04643555468398507,33.55739462253177,67.83333333,1.068538536097442,-0.000742686,-0.000742686,6.0,0.018228550586130404,0.06917932174409112,0.01902419129242695,0.05993640300933185,0.041819626520779085,0.0012861796574613013,0.09367014793686625,0.025810730741186616,0.04359365082729276,-0.00830084442480474,-0.0500539461143427,-0.0010897773251936753,-0.08974513096284491,0.032659708847180204,-0.08367746942358703,-0.0028439738538699215,0.006457403913317376,0.003207901230969765,41.90824017181301,68.666665,1.2558185026013384,-0.000380952,-0.000380952,8.0,0.020752340540354172,0.06460478586175442,0.02142642414366914,0.054068688705462345,0.05930340398010022,0.0013114013362428767,0.08452034003917337,0.03170049559528719,0.04713678978583956,-0.009503127018690553,-0.05438814798445355,-0.0010864878438506173,-0.07366138833569016,0.032292684203480415,-0.06374296802674535,-0.003856974758902448,0.004844862496120247,0.002540052123416292,48.993882623996754,69.5,1.2564232121663375,-0.000380952,-0.000380952,10.0,0.03246284657646563,0.04219214574266001,0.03247367381693048,0.019138088820781718,0.09311222920081011,-0.02588630711047624,0.08584682784266823,0.038529519525165805,0.03369356748289562,-0.01095494190045472,-0.10464965723844,0.0584248774733926,-0.22027008851785854,0.166410143732474,-0.17025684905045385,0.07456928783090003,-0.04252467076887115,0.010312355795262195,55.08159796564905,70.33333333,1.2365291903104176,0.0,0.0,12.0,0.0374717654363965,0.042003223475787846,0.039231937107507824,0.019065869493745984,0.09792331502320532,-0.022076730401620837,0.08428198072333616,0.04847955616826968,0.02241544995567726,-0.013593804865235693,-0.07699690427950881,0.048324521826144225,-0.15028541562118178,0.11533439543287517,-0.2020618997847086,0.05345291044980628,-0.05907556752920564,0.0018567056846200264,60.67023680630512,71.16666667,1.320936121664095,0.000126984,0.000126984,14.0,0.025225675880853574,0.03597416930930325,0.03206672474497602,0.03752084263050096,0.05303398283275898,0.006438457998950894,0.07142520833823486,0.05244798202309608,0.027285911767213615,-0.028518805772335433,-0.03753635169225817,-0.02734106774754954,-0.04247530840303056,-0.07612042503068565,-0.006438129379699758,-0.07561635863195092,-0.05051536389518029,-0.019852879412223422,65.83636710415047,72.0,1.2984326689087289,0.0,0.0,723.6334998449827
0.0,0.011146067210509822,0.07562085147665688,-0.0063216332314179795,0.09327126619016737,0.01345153187272133,0.026162044932625677,0.10028749150546584,-0.016109157062348674,0.1848534635396598,-0.011178225175172717,-0.01624177774928166,-0.07746025651211655,0.07958435522445645,-0.3305806475414652,0.2586159697082277,-0.5034876444290904,0.1562247306784009,-0.479573050274075,0.0,72.0,0.0,0.014583333,0.014583333,2.0,0.007719802581425287,0.04451972662314854,0.03699783413436456,0.05601382430925771,0.006725273729635364,0.056053348054469224,0.07010793317871308,0.06485733694238352,0.057114806268395456,-0.00813114571895734,-0.04325341070933357,-0.054185663604062136,-0.05020562971767885,-0.05221401310831994,-0.033968814192133136,-0.10133864693174177,-0.09695992178277756,-0.09310779242067412,20.06719972970014,67.0,0.6600876760457854,0.008574828,0.008574828,4.0,0.006672146491586209,0.0240897436608135,0.06006301346444482,-0.0008018986606396037,0.0721562956580115,-0.0023336103677503144,0.06217974338799961,0.08121967413640031,0.07711733260436172,-0.00966217320551253,-0.04349136380585354,-0.0812334460743613,-0.0031153756888844864,-0.11127092474120483,0.012971835724539561,-0.09685260063061278,-0.029909510078013467,-0.05727132536393248,33.7724035740277,67.83333333,1.258066577000215,-0.000742686,-0.000742686,6.0,0.018094546766452994,0.05858775642315673,0.01819399613851499,0.05929539181387588,0.05062154890946871,0.00131593988299307,0.10715446124646223,0.03233673477423379,0.04731130309579225,-0.009933776584342774,-0.04471675337598345,-0.0009191107139347664,-0.06655414042721051,0.02373832922156984,-0.08029922982911412,-0.0027816127698882076,0.005500955952592264,0.0028494904941072383,42.09891047348593,68.666665,1.287649652416796,-0.000380952,-0.000380952,8.0,0.017323492408223295,0.06710054326778142,0.01938017828402626,0.061771713815561555,0.04158438989273717,0.0010829059876199068,0.10022432483088206,0.034892572266045446,0.048265265461507764,-0.00908443960059356,-0.05904035298734991,-0.0009535711763347102,-0.07224593127232225,0.03243052459524183,-0.07459292440698488,-0.0037557062953969835,0.006848435910370235,0.0033812560310199895,49.030118029924196,69.5,1.2837577583121333,-0.000380952,-0.000380952,10.0,0.02906292798190211,0.04630685746724053,0.04162816774589515,0.019672719139845817,0.10026239194975331,-0.02721992067821771,0.10366938324667496,0.034184928951528915,0.03509817371340741,-0.010351104376244534,-0.09572948824895505,0.0615192651622411,-0.21119828264613769,0.1301187103493434,-0.23248277137231538,0.0714386142652322,-0.03178866922655898,0.011832743098032474,55.15979446091188,70.33333333,1.2413545693674024,0.0,0.0,12.0,0.03666472259572778,0.037644565358598746,0.03311229952812606,0.01593835914541279,0.07432253006162046,-0.022436817674674495,0.0815310552841165,0.03942708673344998,0.03035450636612218,-0.013559275361395113,-0.09603590913022747,0.06585138349553003,-0.16598303516740923,0.13271430848841967,-0.15063803574191756,0.06873964149633828,-0.050661332390040885,0.0016838582314101912,60.8058520906127,71.16666667,1.2124804911431932,0.000126984,0.000126984,14.0,0.025095805660185662,0.04282235119119062,0.03290632239037641,0.03943328214497614,0.07222638541266656,0.0044773468729707,0.06600275057930848,0.05554839529163725,0.02022093988564549,-0.02400720244707436,-0.03696056394003867,-0.02491662539848266,-0.048891518275256104,-0.05531310514626242,-0.004469743829639901,-0.06969375921093247,-0.06644655380796223,-0.02655180365747534,66.0305178105633,72.0,1.2665905349627926,0.0,0.0,666.2868136009749
0.0,0.009803147694167857,0.0792669815175126,-0.00459436465690978,0.12459355034596678,0.01352322369246008,0.03434561064877461,0.08857857862831815,-0.019124892693499696,0.1782369525415154,-0.011408781633007044,-0.02237635157422612,-0.08276525460107106,0.08440199151279726,-0.28837160176779286,0.26811762773150977,-0.3548542769364447,0.18120998434113292,-0.5228089206245302,0.0,72.0,0.0,0.014583333,0.014583333,2.0,0.00883994455385482,0.056205466362150444,0.04617667260531127,0.07077130801967166,0.005070283581995512,0.0559355468011147,0.06344427432528843,0.0538152204233334,0.07862711391961859,-0.008357632647707674,-0.04067399561205987,-0.053126971528836796,-0.041746545710317884,-0.06355476133717741,-0.032555082244455566,-0.11961112264805944,-0.10053536435122079,-0.13076213148235047,20.000366578168375,67.0,0.5411387341208129,0.008574828,0.008574828,4.0,0.007029234218833712,0.034753327611652514,0.05118933129037848,-0.0009071216640041944,0.077598469144018,-0.0028945030460161667,0.08624304751132786,0.08329458276277416,0.05752470000765062,-0.007283423147070343,-0.04837033856426792,-0.05563665457099077,-0.0038526032531911664,-0.08992093573907417,0.010571786763408962,-0.07735615274823306,-0.02529709827562705,-0.046411300678874515,33.57209638663879,67.83333333,1.1236529488217442,-0.000742686,-0.000742686,6.0,0.020911163025161036,0.0714833489748463,0.017643243860345253,0.05175376614626635,0.058933414309247055,0.001081265604485691,0.0806994779453537,0.02977462588021576,0.046799395828003326,-0.01063748268920332,-0.05109563518673482,-0.0011426300263952388,-0.09217955964313282,0.028651172545566355,-0.08705979794126671,-0.0034190830769690655,0.005789991229192534,0.002850506963753998,42.213806617575166,68.666665,1.2433506942598649,-0.000380952,-0.000380952,8.0,0.01800978075479222,0.05610134530177552,0.019245550476124272,0.06092270144755048,0.05894665067518316,0.001391587552616223,0.09032431833561728,0.03156514885292387,0.0449423593722721,-0.009234126505178544,-0.05144889220077012,-0.0010697161050578971,-0.08253463370023349,0.03261380382464084,-0.07996254063091025,-0.004045057037884158,0.00595872125148262,0.0033274749148862115,48.89591232672526,69.5,1.2677644236514665,-0.000380952,-0.000380952,10.0,0.03447179643826836,0.03618288972738499,0.042570798313221817,0.017518140794295756,0.08898626321104545,-0.026425268060305658,0.10050849843185082,0.030286849007707353,0.030321681601891724,-0.007624009655308279,-0.07500212107398403,0.0782452441802782,-0.20385091055903562,0.17006344345445448,-0.19241114367936235,0.09789076026397404,-0.04357890453124472,0.00954012124529592,55.37016849302223,70.33333333,1.2427880986978557,0.0,0.0,12.0,0.03895043125169236,0.037798390012879005,0.04649218513951255,0.018375693343047464,0.07404129399588351,-0.025296538592029773,0.08120302132686773,0.0488283679492585,0.020741565826880564,-0.018856236865312785,-0.06880483156108669,0.04890334057160709,-0.18211248526276141,0.11256466204256296,-0.18511330465370276,0.05513836772438011,-0.05761910666059649,0.00203913322395903,60.98562022124166,71.16666667,1.2734053748481242,0.000126984,0.000126984,14.0,0.024947571116809647,0.041754897724569855,0.03206356362492134,0.04681301392578156,0.07353392844336527,0.005899847604059896,0.06720955129887934,0.05792820490054943,0.01856329678418258,-0.03075379261550564,-0.04335959381161302,-0.026366816971651736,-0.039028471057788276,-0.07566452165876714,-0.005979362271763718,-0.06221727244238829,-0.05103043645515743,-0.02490751836809289,65.9194733738916,72.0,1.4289861263475485,0.0,0.0,634.684458852768
0.0,0.009185929523525328,0.06352254666491883,-0.005634874380564401,0.10844604622329071,0.014087827675666208,0.030365993344367365,0.11521987167628785,-0.01711562955268585,0.1562854344841884,-0.009834196168289863,-0.01958217558306301,-0.09094343304129784,0.0941471786869445,-0.36002228269018033,0.338720046333877,-0.4970077921502619,0.1914764300386408,-0.5169509832047945,0.0,72.0,0.0,0.014583333,0.014583333,2.0,0.00869854269999557,0.04441294344654251,0.04147391220487811,0.053743692409944054,0.005345436150071607,0.04876474812396558,0.05110305622809335,0.046485351808271014,0.07716343121824058,-0.005790669428691198,-0.04369564698503998,-0.05121138360684124,-0.047495628807338076,-0.07150996101663631,-0.02321496286990304,-0.129424244842895,-0.11237291831218849,-0.11639568194177403,20.123178876742728,67.0,0.6238050048688337,0.008574828,0.008574828,4.0,0.005900546319765796,0.03186660202693506,0.053166605067850696,-0.0008042263224563642,0.07459746137429832,-0.0022591675832772003,0.09231618511990813,0.0717486081242431,0.07779224298026403,-0.008615901838691022,-0.04106166941688437,-0.06328241781295417,-0.00422171711674578,-0.0825019428531247,0.012956612833488599,-0.09573261944943363,-0.02379862871527372,-0.056890903102781124,33.91780015661454,67.83333333,1.0784508267881623,-0.000742686,-0.000742686,6.0,0.01681746294909583,0.05606628562682258,0.015248828210542029,0.05797418877459846,0.05035866940254255,0.001220089342367558,0.10852797401769784,0.030949653226543628,0.0386671262360296,-0.009918717900218725,-0.050130928229787396,-0.0010482001067276228,-0.08022334876605754,0.03083011472521721,-0.08602937056982528,-0.002816419499695192,0.005336774912150655,0.002795212977230234,41.90838923325877,68.666665,1.2399501105584068,-0.000380952,-0.000380952,8.0,0.019127891774544718,0.057916733362843704,0.01646883585045211,0.04790546701821478,0.043104867021695796,0.0010385771965248263,0.08154975417705018,0.027993445840671274,0.039564284756256465,-0.00911692383933854,-0.053390235529328256,-0.0008714108709919217,-0.07171303898366227,0.03328682433577425,-0.07015472623733635,-0.002847831912315214,0.006551030140299534,0.003046961219108815,48.98858350736276,69.5,1.2635435048230876,-0.000380952,-0.000380952,10.0,0.030291501578623748,0.036449546337613055,0.03567302278314254,0.018013097312792613,0.06984195760835216,-0.023684215950402668,0.0841626998565397,0.04123347428538033,0.039054194408024615,-0.008991053492420683,-0.07657453260123351,0.07803115986028387,-0.21945147758938507,0.1242795720083964,-0.23417064332117804,0.09032894373795476,-0.04120047907679793,0.009390016300239803,55.08133624245081,70.33333333,1.2140975784805697,0.0,0.0,12.0,0.03441782088284162,0.040631989945376645,0.03322517056470102,0.02063039446411309,0.0821159207184855,-0.01969279928536496,0.09509870987478053,0.04297744912962031,0.022421181050882987,-0.016759015619902014,-0.06944425446810211,0.06843556971962328,-0.21771491106184857,0.13785036953183985,-0.17765439120814921,0.05959283235013367,-0.062302021126731055,0.002163100111032932,60.985780389095545,71.16666667,1.2825808942406167,0.000126984,0.000126984,14.0,0.026763011943130757,0.03676256082740066,0.02510755409766333,0.04185499822410336,0.07811748200974702,0.005433595349909297,0.08096400206358748,0.061297848802115674,0.018950492481838315,-0.031556291343965495,-0.045942892749418,-0.029710260125049848,-0.051556712942501116,-0.07018077748228649,-0.005558362846098178,-0.08203312783401194,-0.06979038069245581,-0.019734375662668068,66.06872966831001,72.0,1.276658907138347,0.0,0.0,777.6043524450748
0.0,0.008805058450749281,0.06795977610118872,-0.005239732990233452,0.12698330125427554,0.01513783288813646,0.032900998353565344,0.10384732155695678,-0.013348792053559455,0.13848155657418984,-0.009065157045442383,-0.022001913783605803,-0.07065965832521712,0.11104688420980421,-0.333516903180051,0.3268412829674753,-0.49687979955264544,0.15890677781237414,-0.4003788675293594,0.0,72.0,0.0,0.014583333,0.014583333,2.0,0.0072432736353959925,0.04011127428127306,0.04607485721017972,0.052819661391130854,0.005964484929470613,0.048918871355652,0.05180581421999132,0.06050599765900304,0.05718587130149305,-0.008442617967739785,-0.04234545056677741,-0.038715377615920185,-0.04010007753470438,-0.06466182837868313,-0.02542661165168624,-0.09683698578642866,-0.10340565852693928,-0.10491233180976403,20.003937169454005,67.0,0.5960638327412545,0.008574828,0.008574828,4.0,0.006011759000766709,0.033921361460435326,0.059038196413134104,-0.0008545955928957329,0.07602343119767824,-0.0028403676409500473,0.07821208377873985,0.08144120434405165,0.08255325915397514,-0.010268875440159659,-0.04567284729954034,-0.07386605819319753,-0.004060592973545208,-0.08503785881773265,0.01225429304975775,-0.0740492478836684,-0.02724738058546586,-0.062432326353895215,33.8518318315298,67.83333333,1.0887805067808594,-0.000742686,-0.000742686,6.0,0.019252407228343135,0.06979963040134132,0.01820027003861294,0.047679895368920464,0.044940772361332315,0.0009818462447227223,0.09596572884809082,0.02575239304813963,0.041764018392484954,-0.00951130666653764,-0.040065751316103626,-0.001093133398965835,-0.09048525346076522,0.02388016339659249,-0.06516932615372398,-0.0036143162849069013,0.004792667920353648,0.003474597038125446,42.13340525724793,68.666665,1.244889452089717,-0.000380952,-0.000380952,8.0,0.01781796569469306,0.05078589045912267,0.016277973535923355,0.05942056860711658,0.041156511932559314,0.0013275128791718752,0.08077293994672148,0.03230493590538199,0.05394844141254382,-0.01163665489299676,-0.039781922278068226,-0.0011291736290001983,-0.07413674322842646,0.024398739585586166,-0.06618296165592845,-0.0035362165473078193,0.005827181733431721,0.002587625288694046,49.03511762978224,69.5,1.323970270752251,-0.000380952,-0.000380952,10.0,0.03679073687471799,0.03937971592057316,0.03933921177195463,0.022318695817272,0.06892103468594477,-0.02259957850128002,0.11410824891383622,0.03363199750269301,0.027823075566070936,-0.008902130637998194,-0.09212111253585732,0.054996410430528615,-0.21715438403966017,0.14485994688988943,-0.1934233926348375,0.10122436022750853,-0.044086415438035195,0.009366662288894512,55.282084035282956,70.33333333,1.3168805616259578,0.0,0.0,12.0,0.028838858745482757,0.03405341107922024,0.04577016966979871,0.019934687648592592,0.07475547216390147,-0.020594484277083262,0.10396878256191155,0.04054599671566711,0.02217885371567729,-0.01423608680308493,-0.09476056339221346,0.05022746705120364,-0.14932247167873153,0.10786892969542598,-0.2031096428444336,0.06832172627027196,-0.05331464892124611,0.0018548296586781959,60.92634403074554,71.16666667,1.2868318162540289,0.000126984,0.000126984,14.0,0.035170571522551784,0.039799893563767334,0.03358446527621057,0.049220500725427094,0.055262969996433056,0.006126094710969872,0.07118083832674649,0.06396997630981789,0.022622988673249675,-0.03557232905385156,-0.03609235165868146,-0.032738796966291936,-0.0393582692159187,-0.06747172028717087,-0.0056714717042911185,-0.0665579690034898,-0.06557748608637441,-0.023137844127645604,65.84562182078884,72.0,1.4243458484054148,0.0,0.0,674.5889412738051
0.0,0.011142011692980016,0.08110774539390007,-0.006433315827451649,0.1003262805558773,0.016775337919393327,0.03017160769536564,0.11068311561855508,-0.014696305953542457,0.139781938837621,-0.011023033003474472,-0.022490256085589477,-0.07571104966298009,0.0920202789020141,-0.3373945175480121,0.24008378464272565,-0.5139391315523205,0.1781068890949099,-0.5507813745339155,0.0,72.0,0.0,0.014583333,0.014583333,2.0,0.006303979795486233,0.05599924074870782,0.037453482074926284,0.06608258661714632,0.006915919038041095,0.053434597741187445,0.06521594224421334,0.06549042852304031,0.06837240343590777,-0.0063874557031667,-0.04532419681715478,-0.04088553855172461,-0.041923972184130485,-0.0681777223513152,-0.02398992403877531,-0.11542738376609793,-0.11526687827700621,-0.1009295159072267,20.16431041902438,67.0,0.5282722345369963,0.008574828,0.008574828,4.0,0.005642598360971709,0.02643790326571799,0.045918970560803025,-0.0009655768139653625,0.07206468834739829,-0.0026346877443400294,0.06874993150522815,0.07121666431943939,0.06720264907849186,-0.009790286441404016,-0.04771824786116616,-0.06094619356790433,-0.0032067315926700827,-0.10119958116262369,0.01329780863948649,-0.07859208832200797,-0.03100124595913211,-0.05292861582045748,33.689581728285035,67.83333333,1.1106076772105125,-0.000742686,-0.000742686,6.0,0.017655192087026712,0.0670134708662544,0.015132319313175081,0.06367136136970225,0.05817195682167478,0.0010386245760623301,0.09313274968872175,0.03239868887105758,0.04105475966941403,-0.011484601028159321,-0.05400120127641586,-0.0009458852575814123,-0.08746164048798113,0.031172440085478724,-0.07733926839709994,-0.0031654599115457055,0.005179191177799731,0.0025679427244771117,42.03713967901386,68.666665,1.3376301131505524,-0.000380952,-0.000380952,8.0,0.017265970985912298,0.06732605416025124,0.018251232041041385,0.05592496087252529,0.055357253918241714,0.0011071620902709696,0.10872072129650034,0.03751103568280996,0.04912019984705573,-0.009953164808646858,-0.04736677103339238,-0.0012018969336753387,-0.07558986519055305,0.024390661673333786,-0.08335756117338086,-0.0027224005364961767,0.006122400402040859,0.00264916369722031,49.08061733701054,69.5,1.3135656197392782,-0.000380952,-0.000380952,10.0,0.03434581502986402,0.04851243887249626,0.03387423698061159,0.020809025174663286,0.08030981560737534,-0.023870255864158488,0.10960479142536848,0.041551650095987214,0.03689205077214789,-0.009085439060049594,-0.08549543193128117,0.057963190201930276,-0.22696307679646063,0.16776867562200545,-0.18735269693980472,0.10054585094846555,-0.033931041940917624,0.008983964973731244,55.153224741070105,70.33333333,1.2748545942334493,0.0,0.0,12.0,0.03741180106650946,0.041983650158817644,0.049136316796306,0.02031134416426569,0.1060232923454015,-0.029200602745048935,0.08856577921633078,0.03955312950730399,0.021567776594919888,-0.018542567730302772,-0.06969969078626259,0.051490090654166945,-0.18601949848661684,0.1206643206621168,-0.1793126781682158,0.06966033036702715,-0.048229259498223966,0.0017752350949643367,60.71653737893682,71.16666667,1.2850149449354749,0.000126984,0.000126984,14.0,0.026046445448597817,0.04852374465020489,0.03420178262242636,0.045127837420308584,0.06383470326604446,0.004934836278926842,0.07148975193427103,0.05923624899367129,0.024708079541854014,-0.030339815625253775,-0.03752871315408908,-0.03578560863962861,-0.05078330218039384,-0.06926680848611567,-0.0062619162399090485,-0.0745173769449231,-0.06117450972600274,-0.025512876957473108,66.04419165397864,72.0,1.3775327704306,0.0,0.0,605.5846785525576
0.0,0.009536140303874417,0.06692436240297286,-0.005968764104734855,0.12371141463538404,0.016052481906764997,0.029482994407372523,0.11480258274777541,-0.018995677477843715,0.15558291275305916,-0.010704276245007301,-0.017865416425270772,-0.07680752620218936,0.08617764323660351,-0.30116735856972876,0.33516875330447365,-0.4561745016773378,0.19718110604332142,-0.45918476840590156,0.0,72.0,0.0,0.014583333,0.014583333,2.0,0.006320739404119884,0.05310607592267434,0.044766434967261404,0.052734663173331565,0.005730502169505486,0.061890432465915725,0.06373682311140301,0.06451495747880363,0.06178613797314888,-0.00769807647433674,-0.037829514558650995,-0.03813703656167617,-0.043548254670805794,-0.06049451825340513,-0.03257171580148383,-0.09550866291110303,-0.09883158755198393,-0.09195840868646492,20.050475778885335,67.0,0.4963764431038464,0.008574828,0.008574828,4.0,0.00624292278661044,0.025802636295887985,0.05335161761934411,-0.0009993718023450437,0.08723921422549943,-0.002925024121759287,0.07166888785738175,0.05973700255737832,0.07141884481628781,-0.00963461078397261,-0.05398669115313183,-0.08180223436678297,-0.0031431548429390007,-0.11845293394212615,0.011891489077420268,-0.09310753606933894,-0.025276609653991703,-0.061527708804000575,33.890195664117506,67.83333333,1.147439603466534,-0.000742686,-0.000742686,6.0,0.021722268368927013,0.0621864802084651,0.018822632020189866,0.047223877422526685,0.040978458657624735,0.0012500983780803455,0.0912351313769839,0.03716253180718042,0.04255825217684266,-0.008610801310144712,-0.046584146041902266,-0.0009335717626758693,-0.08972941837518997,0.0329558834123275,-0.07342002882010248,-0.003167793732513154,0.006565866462843118,0.002702305027941923,42.10081173534168,68.666665,1.363553912723536,-0.000380952,-0.000380952,8.0,0.020923075222161077,0.07185735262114841,0.018366103598287387,0.05093826246702566,0.05946778062142535,0.001237372352546111,0.11238891604900407,0.028165846302311524,0.04196347206039215,-0.011933576681609933,-0.044400886429695995,-0.00113948244680039,-0.08916482445275423,0.02931378212400907,-0.08897304068055407,-0.0027310711121819845,0.005876603934962252,0.002669077141352272,48.8641728817324,69.5,1.3857907065258486,-0.000380952,-0.000380952,10.0,0.035433944757350525,0.04120395133540413,0.03869423836711929,0.017533603097592627,0.07157020740749927,-0.02634431174012301,0.11301078213178445,0.03864684798844306,0.0358690844608323,-0.011144162674502198,-0.10261069408998487,0.05592557524809917,-0.20267491554534453,0.16059603989742235,-0.1761352912122664,0.08765987101533321,-0.029606521788566997,0.009448435378057235,55.07750652824315,70.33333333,1.341860929950745,0.0,0.0,12.0,0.039272666166060476,0.039785474684744665,0.042971020519939285,0.015525379281548088,0.08428589070092754,-0.023059689308646422,0.08615009122736808,0.045704462519646626,0.02542058166601106,-0.016122460158522513,-0.08824026514758007,0.06357381222756746,-0.20375800532790264,0.1336030208255383,-0.17522258437971086,0.060364351577371564,-0.07032706937356298,0.0018672730680085836,60.859547674497286,71.16666667,1.3109984750447679,0.000126984,0.000126984,14.0,0.02976446336340523,0.049720250027524074,0.028068236085288113,0.05222962400561272,0.06246390638627002,0.005422611327388423,0.07692933594792721,0.056293683165312976,0.024716935191132078,-0.02603675746044215,-0.04691874671880132,-0.026866737100043094,-0.036625816948460496,-0.06977717977481789,-0.005947373332134335,-0.06097407760560825,-0.058485530687209554,-0.024497371323141323,65.81225313904942,72.0,1.449751941436188,0.0,0.0,664.6956299670528
0.0,0.008731316925731676,0.0605007559242399,-0.0047146018685351124,0.11933060238317947,0.014531075190779487,0.03253385381015447,0.11125428425422422,-0.015608144112625425,0.14371466081020995,-0.007838156403207255,-0.015286557107276355,-0.06626144234642832,0.08545051394718782,-0.2605975807529661,0.24502325449677706,-0.5191018021576436,0.1884955081217112,-0.5762986609355624,0.0,72.0,0.0,0.014583333,0.014583333,2.0,0.007924613245528803,0.04902000792602675,0.03794576565284414,0.06263230458928479,0.006152406254367982,0.050134820948795275,0.05856531877146066,0.05916442120493784,0.06421068051717502,-0.007692960666455999,-0.03949045814260819,-0.049774661145215386,-0.052772650895238214,-0.07484501245153896,-0.03386429951418982,-0.11158614391654112,-0.10960398041827706,-0.10397933162921941,19.922448424713878,67.0,0.6437148121395165,0.008574828,0.008574828,4.0,0.00530380627562598,0.028667256332225284,0.04649322627950635,-0.0008807379345495793,0.07412802820078036,-0.002417884732775354,0.07615093841119631,0.08290714396099909,0.06627535276819771,-0.007685088987871591,-0.053574576459956294,-0.07525359952080031,-0.0031168522987911423,-0.11954315622642274,0.010992490821968131,-0.0998921516984794,-0.030137228076666297,-0.048874020014067335,33.901080747286095,67.83333333,1.238207815177837,-0.000742686,-0.000742686,6.0,0.020555048352531875,0.05604475197960341,0.02143873446878607,0.05235650983816507,0.042380040228683497,0.0012677063839171884,0.11152024254322318,0.030663165472448507,0.03966059155582567,-0.009049615070720635,-0.04310066067783058,-0.0008945537506625786,-0.06851838152067403,0.024021037631359356,-0.081109684111223,-0.004008179112876367,0.006843558052747632,0.0024638373842286215,41.88665520118116,68.666665,1.35882758074754,-0.000380952,-0.000380952,8.0,0.017801865375943637,0.06655260303016709,0.014750840680811585,0.05422009524971479,0.052853034323222935,0.0010246027052743484,0.09416841335504751,0.02788322165866269,0.03610137976692923,-0.010329568236920288,-0.04050515200438997,-0.0008280915975388668,-0.09331810326356299,0.02400140612089488,-0.06548410710323328,-0.002968271214021949,0.0053204072895484825,0.0031852898891934996,48.89732360897398,69.5,1.3761181028869567,-0.000380952,-0.000380952,10.0,0.028453270024846048,0.03649450570226846,0.03933960981573886,0.025217378377301914,0.0786497570723772,-0.02834173968859474,0.08937979505493743,0.03291107387307935,0.03484755736464906,-0.011137673954032402,-0.10243371589966395,0.0813519595980161,-0.22882053947193995,0.14142749194439508,-0.23643843573328724,0.08557144814424895,-0.03625143659034439,0.011932975330502707,55.220922569549984,70.33333333,1.332369104818451,0.0,0.0,12.0,0.033500365767298,0.04195914630158738,0.03603572034099376,0.015169278326308948,0.10657992277217125,-0.02081680030148689,0.10422433997304772,0.05220600282320565,0.028095674760938927,-0.013511756628234433,-0.08178709281298908,0.054651081086966924,-0.21693458629423132,0.12529114171075748,-0.15581723538437203,0.05014360435248561,-0.060504294722107874,0.0017817234323568214,60.9574877813303,71.16666667,1.2864064309704064,0.000126984,0.000126984,14.0,0.024822866769213647,0.03535432684123287,0.032764850740664535,0.039001202298201094,0.05471385342658787,0.006243271865003446,0.07980494626114921,0.04942388546136539,0.02309334656337434,-0.02604108285575523,-0.03506102335047918,-0.0342813589153469,-0.04894905201146522,-0.06072314033649745,-0.004699792133640725,-0.06368372913521414,-0.05780935457829048,-0.023570881144304702,66.12202183845041,72.0,1.438775329898439,0.0,0.0,458.1203953540716
0.0,0.01143053725896983,0.07701670249465761,-0.0063346946857525815,0.11185514999656541,0.01795293136660298,0.02968186271745848,0.10865454022904635,-0.018514198797409936,0.15833520464235398,-0.00824453010398625,-0.015298061067624887,-0.08727884957315746,0.08793342175772896,-0.34572621290284206,0.3431950456229866,-0.3770461892098287,0.17635311367292753,-0.5769986982897205,0.0,72.0,0.0,0.014583333,0.014583333,2.0,0.008986667348351166,0.04048831569678081,0.043025273414251865,0.07156717362902644,0.005726839929186574,0.06600017837220704,0.056480203871318226,0.05453118749767488,0.07765916611694745,-0.00586040546845628,-0.044309279944299486,-0.052480590014441844,-0.05115580355905797,-0.07174413848223608,-0.023357873040108924,-0.09925320126852633,-0.09674175210221633,-0.12338121281333485,19.947169028275045,67.0,0.5339395566390011,0.008574828,0.008574828,4.0,0.00598388025185008,0.024965117343256033,0.04299239565457207,-0.0008301181494381032,0.09166330229191466,-0.002248948772675484,0.06610611404394806,0.06593747314435709,0.07854496854230324,-0.007879134316103048,-0.04226437368051972,-0.06557876796659512,-0.003589003188804841,-0.09505168354205935,0.01037114035093325,-0.07765974726168923,-0.025925890712868025,-0.04875964863177349,33.676512234543495,67.83333333,1.1281090861277463,-0.000742686,-0.000742686,6.0,0.017646532244701255,0.06062338747937434,0.02143385897749642,0.04373599680115265,0.05799165683447848,0.0011701207208208255,0.09741108146174167,0.02590296694143942,0.040255431299199576,-0.009848123472660657,-0.057874318154910245,-0.0009483144757927416,-0.09024773755837663,0.028754035619765885,-0.085585104092874,-0.0033882183512693215,0.00675338766831478,0.002504680933443306,42.14480557203586,68.666665,1.2958252844768392,-0.000380952,-0.000380952,8.0,0.02224224294236367,0.07122672193898348,0.021362352596845473,0.05054277476054241,0.059877220860683325,0.0012889515974064017,0.0895790856312132,0.026667335954660934,0.038731289944816415,-0.011020585308529892,-0.05040915119461506,-0.0011506920085172878,-0.07352484102105267,0.023767107128601212,-0.0840557335826885,-0.004040485906935982,0.0063620374307061635,0.003114937280797366,49.01159093042008,69.5,1.3430581898508485,-0.000380952,-0.000380952,10.0,0.03114596406407258,0.05141097276009931,0.03798558080931547,0.020638258843894624,0.08300171652275548,-0.023564652086260372,0.10777852105305014,0.04242378297902117,0.03689749067648585,-0.008264608516977674,-0.0869729605790041,0.06484796987637978,-0.19076787961293815,0.1675361499391418,-0.21789700736646764,0.08145766741678583,-0.041503398513416855,0.01029764383158075,55.08985577518763,70.33333333,1.349052185011427,0.0,0.0,12.0,0.028403682813059484,0.04011005044071228,0.03595065585232313,0.016901346294868412,0.07491610802418132,-0.02098202177983506,0.09615622982839767,0.04643744793325189,0.027747494366015046,-0.014175389079758583,-0.08010922995711423,0.04806126974024815,-0.19525876770018888,0.1047871353800884,-0.20965371038343364,0.052211224528237885,-0.05960966976227981,0.0016448319763624148,60.958959285149874,71.16666667,1.3238605054389956,0.000126984,0.000126984,14.0,0.030078239899018117,0.036787198545588054,0.03608514562663365,0.05186956448903443,0.06029160129150367,0.004661451242742957,0.07004532415252583,0.07044870772229773,0.026217851155451714,-0.02410902106211266,-0.046061129108439715,-0.02871637890553943,-0.046385965352228324,-0.07523503967578139,-0.00582514256599853,-0.07711117939413493,-0.0598852403588765,-0.027439007928870978,66.0293827157038,72.0,1.45627945258801,0.0,0.0,744.8357404983118
0.0,0.009576433918714464,0.06237842920621963,-0.005411441959235519,0.12033824557732742,0.01223343885063601,0.025302873274476317,0.08893356195473685,-0.01729673509500302,0.18055788691633193,-0.008947142630844812,-0.017232781433408152,-0.07993985669266766,0.10345666534188298,-0.30241149892192215,0.25363982474227464,-0.48353066319227705,0.21095801844374323,-0.46215937705927146,0.0,72.0,0.0,0.014583333,0.014583333,2.0,0.006390043515534958,0.04545494078698129,0.047713320962941994,0.06897983226387396,0.006007771082723409,0.06938508336671034,0.0631098033782423,0.05125080455765143,0.05454099198221431,-0.0063964190776303305,-0.04196767269670253,-0.044335055439920217,-0.04461520554968303,-0.06405632474072169,-0.03327495337088853,-0.10547202006924723,-0.09613311772206773,-0.11351439798882182,19.804375129885898,67.0,0.5214466080608948,0.008574828,0.008574828,4.0,0.006973799200980647,0.028574448440604916,0.050245929449665216,-0.0006899345717811168,0.0742588669976111,-0.002704559459850442,0.08824583311549457,0.05846625051634129,0.06960121910834352,-0.007607166078231705,-0.04306015359893367,-0.07849839333499822,-0.0041159855532046305,-0.09993496619595434,0.009921063662009365,-0.0986052399756946,-0.030987211825761026,-0.043963712595066366,33.54746135688507,67.83333333,1.1122236374867132,-0.000742686,-0.000742686,6.0,0.018920057465541602,0.06000601310828876,0.019515760112738298,0.04380258285287231,0.057844726806565334,0.001182880880671829,0.10070865525533611,0.02831503864180897,0.04884026592650579,-0.011494453544489644,-0.04121752975273083,-0.0009163277852532255,-0.0789336809822488,0.027033148254923058,-0.062088213164407595,-0.003527191036347054,0.007024172245308044,0.0034199631568388156,41.89329060904939,68.666665,1.304814000261708,-0.000380952,-0.000380952,8.0,0.019261339117748227,0.05798893648657493,0.02124651407575975,0.060664565419395834,0.05618168310880983,0.0010151956790668026,0.10928186278562235,0.030425223911098587,0.04260225957273543,-0.010461475625404658,-0.040768007660364244,-0.0011544561265112595,-0.07819072332205101,0.025870764550126695,-0.07808491496461285,-0.003510134212963214,0.0051624786839695545,0.003345542004473824,48.87810881716121,69.5,1.2650843299855794,-0.000380952,-0.000380952,10.0,0.025420762089916834,0.03860322488673913,0.036276996385749403,0.02192880374304424,0.07036189150153223,-0.023282837577332342,0.08044213007733093,0.030415279381276115,0.03479569561777052,-0.00820976128861431,-0.07119380341589603,0.07824147361346778,-0.17651987354667345,0.12635859396808738,-0.18993489875362973,0.08775506173387743,-0.035841725654084305,0.012480687174705556,55.16437800948207,70.33333333,1.2212087752508816,0.0,0.0,12.0,0.03707375761416916,0.041963703776424825,0.040483194424615086,0.021314658965906515,0.08892306043882,-0.027803984609472737,0.08546122457588975,0.039840973503415276,0.027181877738687237,-0.017481195470124195,-0.10173067781490254,0.05505744409065857,-0.16887155557942346,0.13185573995276978,-0.17292539356198633,0.07337400710088754,-0.06866104257758915,0.0015084274859656851,60.957348834016784,71.16666667,1.3157214908696808,0.000126984,0.000126984,14.0,0.02772881354382706,0.04883510237298906,0.030103846752540252,0.04983047021652679,0.059883522906073995,0.005675080638366055,0.07042147066945074,0.049402772266492256,0.019295226563059348,-0.025068292941707496,-0.04798413023998242,-0.029745504243190512,-0.03552389883689506,-0.06845435780425138,-0.0055138971428818715,-0.05818970479916837,-0.06433631700491863,-0.023815732549423627,65.88014865920283,72.0,1.3646579599872484,0.0,0.0,645.5220146477402
0.0,0.011279829005355634,0.061686404102465967,-0.006461349997793046,0.10964788892280544,0.014473740331883162,0.026173409183545864,0.09974899450660178,-0.015663307010525835,0.13574467224156278,-0.009776099659705034,-0.01816370857428723,-0.09137771816586628,0.10973281803870634,-0.3495928391835085,0.3181946676734949,-0.4923788401500067,0.1973187174186606,-0.5083445315859069,0.0,72.0,0.0,0.014583333,0.014583333,2.0,0.007263176372454782,0.038924375355876506,0.05083081342307375,0.056843907832345886,0.005868366933368486,0.06584110597962319,0.05366734042763415,0.05183196407485626,0.06559800170533175,-0.0062693994973478375,-0.04755048691793243,-0.049725931813268676,-0.03957353592203816,-0.05666589377681317,-0.02450171538656859,-0.10419620655651347,-0.08978193855103395,-0.10268046898893675,19.920423467370757,67.0,0.6042064090180627,0.008574828,0.008574828,4.0,0.007013037245901699,0.0277824695721452,0.05326767930648489,-0.000845691733854308,0.08926345554850729,-0.0023129893718600372,0.07487707366382897,0.06282682798032911,0.0765001084912301,-0.00979639047153699,-0.05140178721551207,-0.07279180783123695,-0.003627893602450707,-0.11636843040519809,0.013431360827200362,-0.09143921392276377,-0.027617666447546586,-0.054981169475196,33.862740385959285,67.83333333,1.2475328260328673,-0.000742686,-0.000742686,6.0,0.01547411335344776,0.0683578207721798,0.014748520530351366,0.056897214627757334,0.058907667010550564,0.0011986851215277732,0.1070363397345917,0.027992570889028637,0.03706902283098929,-0.009041016471455809,-0.044655646895961465,-0.0010546678009649123,-0.07346879401827675,0.03156099323836186,-0.07408385921878591,-0.003832658541855806,0.005985721425357612,0.0031428503324155443,42.00864703049564,68.666665,1.2821374900348363,-0.000380952,-0.000380952,8.0,0.020694507515517442,0.06869520943309722,0.015377622555889165,0.06519313490963682,0.05422740423785194,0.001420926869615542,0.08212151143907934,0.038262504173162584,0.0393835186882832,-0.010433999600488145,-0.053761392217013426,-0.001121544137421767,-0.08394210697992749,0.02753228011375933,-0.07249375434531287,-0.00299500158064796,0.0064885952802510955,0.0027917295867546737,49.05991564853566,69.5,1.2499498560377784,-0.000380952,-0.000380952,10.0,0.025651698752498727,0.041177981020306675,0.04212445049691855,0.023814060926220917,0.08128858283751121,-0.030453766613357504,0.0875706933152481,0.042213453548817635,0.03620878276431745,-0.010376071851446336,-0.09700288109227549,0.05524710843156508,-0.21080910700714042,0.13300713361582772,-0.19507195074214495,0.06885249601512715,-0.03482155099229124,0.009337186323349863,55.293497002482084,70.33333333,1.2862197373430244,0.0,0.0,12.0,0.029362983028124734,0.03191167011989476,0.03862466322414928,0.01682826661569005,0.08655310402296902,-0.02576155778453154,0.09490196867244499,0.05085202887673524,0.02299906638502196,-0.017223133158403695,-0.08069003346556301,0.05427842657556721,-0.204303198835667,0.10899735408706417,-0.1876186090052377,0.0579292383289817,-0.0477357983417093,0.0015896978924276545,60.841105222350464,71.16666667,1.3140148309943762,0.000126984,0.000126984,14.0,0.030973070174435582,0.0412729702247644,0.03025126456619743,0.04035203685593592,0.07155540470956624,0.005091055966421511,0.07413244662649414,0.05513508988499458,0.01914885903658768,-0.03193406183924863,-0.044206891833350886,-0.025529081756417563,-0.05221172540766237,-0.0764143105728286,-0.005948860405480589,-0.08025673228299654,-0.05394428340252872,-0.023620734954499446,66.05448522832839,72.0,1.3030732432975136,0.0,0.0,594.9496510623568
0.0,0.008750360043577396,0.07136494749883272,-0.004668102144619779,0.08758795409968965,0.016168143999401533,0.024599978750333235,0.11599526179952482,-0.012888762756325929,0.13050352312333777,-0.009550078949399767,-0.017436839395672823,-0.07926999350647725,0.11493842230350879,-0.36313964122987086,0.3331538964501096,-0.4836086072349975,0.18552859357071844,-0.48809911611626977,0.0,72.0,0.0,0.014583333,0.014583333,2.0,0.006274393817399594,0.04551532083839317,0.03885289610094822,0.07250796463319804,0.005454265868735993,0.053032695443120094,0.07018398840893013,0.05537411653474159,0.0752419378062441,-0.006726007093876254,-0.04273040008131734,-0.03834273369834058,-0.05729165547665997,-0.06307111849088588,-0.023596795430055783,-0.10520261275200807,-0.1062609458443801,-0.09993682739827524,19.99842700129226,67.0,0.5751057623363676,0.008574828,0.008574828,4.0,0.006336482951899139,0.03074267069169365,0.051169551980636316,-0.000911795065511449,0.0764269419924045,-0.002883542875510078,0.07225624338180199,0.06098028596358506,0.06573364329399299,-0.007768508499924588,-0.048296451471502196,-0.06495635742834953,-0.004201620255083488,-0.10701938901836075,0.012299310028173535,-0.09623780131677173,-0.03067538905755085,-0.053301423220546804,33.56459245679804,67.83333333,1.1442448909172593,-0.000742686,-0.000742686,6.0,0.01629772398054234,0.06263923712034682,0.015629490894993613,0.05888765274816208,0.05383250419855933,0.0011179239540513555,0.0970406662298137,0.027846842568589544,0.039917510738223125,-0.012320885195976768,-0.049749537159887496,-0.0009462732428570452,-0.0727304416448083,0.02998287376814612,-0.07953833426994063,-0.0036507791791144067,0.004893736884907545,0.0036204165414291476,42.17906233091396,68.666665,1.3250554315447847,-0.000380952,-0.000380952,8.0,0.02056835612005188,0.06866708225782639,0.01938504112509917,0.06114624519950458,0.057845562430979575,0.0012831933799496815,0.09064505889371322,0.035919797668743945,0.05332284008170284,-0.011269098430083009,-0.05123750110569049,-0.001142563907495322,-0.07707851094009972,0.029580808814555916,-0.06454348639655108,-0.003923918349562602,0.0067081793966161495,0.003197213654467359,48.9235647387966,69.5,1.3512111522122086,-0.000380952,-0.000380952,10.0,0.0319498240946644,0.03920050855777747,0.03644582180283896,0.02507424965873538,0.0921186442028995,-0.022396038284414443,0.0868410852436717,0.03235836156608337,0.028945188474059,-0.009247676694739177,-0.09364818078136423,0.06609171631169586,-0.17099738731165998,0.17285980578392893,-0.1856438163150854,0.09044574939993326,-0.039828782260174216,0.012144823765146804,55.04058691069168,70.33333333,1.323666323321688,0.0,0.0,12.0,0.03918531165056076,0.04676213049214525,0.03797875494409993,0.017582680045978905,0.0947464959981656,-0.024841971233936853,0.09858930070865579,0.03839738643863098,0.020999992446180206,-0.017452343789891397,-0.09190707676084409,0.05041938408249371,-0.21407754496034426,0.10552291221656444,-0.15679041284036144,0.07159377301315611,-0.05333351182251824,0.0017760502904349256,60.99839715138713,71.16666667,1.3141482279691972,0.000126984,0.000126984,14.0,0.028856592584247862,0.045057172975821624,0.02615047855260272,0.04661372859256097,0.06736253835962666,0.005309688120997387,0.06468012442516073,0.06282180250019674,0.023535679104995273,-0.029164734080893633,-0.052208677034464586,-0.036338557881243294,-0.03594585355783991,-0.07293504006696439,-0.005996961676325909,-0.06525902325711631,-0.06447447697808593,-0.02518466528456328,66.05668244797815,72.0,1.3202598693432397,0.0,0.0,803.3787404497051
0.0,0.010323411420933546,0.08071228419912922,-0.004932654456263066,0.12217611129558628,0.017027993236014904,0.027971532403056852,0.09453650518385118,-0.013933478706142184,0.14008893446539547,-0.011233962100228525,-0.021624663233909536,-0.08797954488198795,0.11592330928795831,-0.3600007887533932,0.2890906498285662,-0.3680288945773613,0.2070990722369382,-0.5616266458150115,0.0,72.0,0.0,0.014583333,0.014583333,2.0,0.00900855563779577,0.04778793074993006,0.051973356865985136,0.06862030965608767,0.007318073196124421,0.06946372475632838,0.05308155447297079,0.057150434998731126,0.055765617942723826,-0.005857573026048466,-0.042654635563900624,-0.05325157988035478,-0.04646193088311282,-0.06932971561755621,-0.03277568108676023,-0.13896677415591366,-0.10667961405170853,-0.09536773658394089,20.016292971060142,67.0,0.6318520285695859,0.008574828,0.008574828,4.0,0.00668596852343885,0.03484669688745583,0.046873122657347506,-0.0008969038672470013,0.09333384536104897,-0.0020846413079599864,0.07132963936375138,0.08649212208918612,0.07936555852335174,-0.010461694113394622,-0.05537634022646963,-0.06952692628243419,-0.003227842431912807,-0.10112866584185139,0.011025291132802643,-0.0998043919530227,-0.023986200514295918,-0.04526232299668188,33.54370359786199,67.83333333,1.1232131048544947,-0.000742686,-0.000742686,6.0,0.015740151833705505,0.06198858718690963,0.021059953954569003,0.06299394266786262,0.04278828215418008,0.0010768332682477915,0.09450502414796624,0.03302441351213251,0.047737896296099196,-0.011010264924839018,-0.051182215477729574,-0.0008747250206766044,-0.06448911180303644,0.028813234888595787,-0.07358532329060971,-0.002789422871951826,0.005195487524930623,0.00252703879986123,42.09383137245677,68.666665,1.3455345848787323,-0.000380952,-0.000380952,8.0,0.019345655370652626,0.051080800856199635,0.015173167350050068,0.04928640429230553,0.05262505343751831,0.0012068898511092348,0.08472122453541876,0.037294918265062996,0.04324536231537292,-0.010071916975071567,-0.05499536045011514,-0.0012057605612570681,-0.07136002069338411,0.03273464982240997,-0.0813741951066681,-0.002726292450348556,0.006137245043081775,0.002544254819491459,49.1695797206711,69.5,1.3238226953495031,-0.000380952,-0.000380952,10.0,0.03222734712731267,0.04818184448959414,0.037461512983340106,0.017589895936237793,0.0706062896804005,-0.02128707984598127,0.07910434745208916,0.04253128749373804,0.029824544244047794,-0.009230356345464345,-0.10093423134666384,0.0547988499783964,-0.18271332156618486,0.13649172905962467,-0.21267901828184366,0.08542821809666912,-0.043139518297806496,0.012235118376841719,55.2240895156966,70.33333333,1.3004542240732635,0.0,0.0,12.0,0.040923908184024534,0.04291913234154628,0.04520181241591039,0.017926002425348947,0.1000398825443011,-0.02680182029324922,0.08274679018176204,0.040664967579032055,0.02734334415724246,-0.017774572437739812,-0.10150866407656939,0.06765752774407645,-0.19477733608232917,0.11443992057363644,-0.20207944225447283,0.05604187193675327,-0.05358755918985835,0.00151443646836048,60.89910376314772,71.16666667,1.3420678922956508,0.000126984,0.000126984,14.0,0.029328339576079682,0.04852022944993924,0.029359697367081043,0.03515205156191987,0.06607836349807232,0.006399775287818958,0.06941565463871549,0.06426278642169489,0.023978848954045454,-0.03246503888290703,-0.05016791443345497,-0.0320395952461401,-0.050680621760978616,-0.07244960855946235,-0.004557197996646985,-0.08348095690130847,-0.05735072254883621,-0.02226401283680773,65.80966635999877,72.0,1.4205488820980354,0.0,0.0,798.6313702463942
0.0,0.01229929526194911,0.07788322146596383,-0.006619246483398804,0.0877155573107802,0.017390542922067497,0.03281307409984757,0.09311843745896915,-0.014898697969442116,0.18010931023924193,-0.009009179935537943,-0.02124232149131876,-0.07966236350299757,0.07995433836721119,-0.24469770682727038,0.2365960419687123,-0.5190452316519072,0.17375134572447518,-0.49648946707517805,0.0,72.0,0.0,0.014583333,0.014583333,2.0,0.008220743756816262,0.03826955339275785,0.0496984345142609,0.07093476943009513,0.006843833145193324,0.06435918202385776,0.06899924976129458,0.05678773770577016,0.05889551091228046,-0.0071760583010691,-0.047024824852482786,-0.04690683333541312,-0.04335597525341542,-0.06906593861296137,-0.028878775497963017,-0.10003980670116697,-0.087529747192786,-0.11463154559222798,19.8602090647335,67.0,0.6507304807222041,0.008574828,0.008574828,4.0,0.007467505811415804,0.02465495015347884,0.04650298010225826,-0.0006893643929654773,0.0790224672197465,-0.0026799820217977017,0.06583857965783503,0.06781574837781672,0.05927449440547086,-0.010213161481245098,-0.038804980907062324,-0.05998260950990496,-0.004273833271412082,-0.1129484388393718,0.010019081604367977,-0.09804825542777962,-0.026522774066346583,-0.05710087106672544,33.58237840039789,67.83333333,1.138415513551597,-0.000742686,-0.000742686,6.0,0.02084022498473441,0.05846810717693234,0.017660875708375497,0.04771880543797695,0.05085665936220808,0.000976858044298417,0.08390836625535451,0.036381255769260684,0.03943536065010713,-0.01184177308688944,-0.055845984879256225,-0.0011600275220677255,-0.07122727881853526,0.028171537167063197,-0.08411192707038444,-0.0035104240487101807,0.005757288302406237,0.0025215481261355865,42.22450071357928,68.666665,1.2858685560499914,-0.000380952,-0.000380952,8.0,0.015205843596323954,0.06678942779170821,0.019412455198827384,0.0652511226959715,0.04995103295799587,0.0012096162688974572,0.10846191559478652,0.030409755496328822,0.04344551830777437,-0.009836792172045071,-0.05036462583452048,-0.0012112388872242573,-0.09280655171752614,0.028015988629441862,-0.06465393583669055,-0.003516807083831071,0.0068243436568151995,0.003201818636102946,49.07258681521215,69.5,1.2718902145075064,-0.000380952,-0.000380952,10.0,0.029734808683553954,0.04025656871145838,0.044212271061811984,0.018440196123091376,0.08349662551360623,-0.026515221908185282,0.09625065352329075,0.04491376332291912,0.033276362098167186,-0.008865172169752718,-0.08168649153575992,0.07663766598055706,-0.21913256053491828,0.17137235323650746,-0.20741201205192633,0.09094356252716383,-0.042528435434241806,0.01100593632072459,55.080424530347486,70.33333333,1.2247891933920976,0.0,0.0,12.0,0.028206217457672243,0.03898771599876916,0.04566909593735457,0.019096643288108214,0.08499289970819002,-0.019672199355753314,0.09869727617459487,0.03760640789463167,0.024779710467409895,-0.017491809565719732,-0.07587773647333965,0.06581276867214873,-0.19172185270619724,0.10849576634543272,-0.1474651408939336,0.05261717339974599,-0.06075278337754763,0.001571328526695104,60.862406122678955,71.16666667,1.2157027091956787,0.000126984,0.000126984,14.0,0.0343330385611413,0.03676069338596323,0.029064193184281956,0.035607517766162236,0.06545075068273035,0.005729655059350142,0.06066317941453812,0.056476016493083155,0.02339666842680729,-0.031159189535234888,-0.051924019446885974,-0.033642085598958385,-0.04559889103133538,-0.06614784038165974,-0.006169631243843265,-0.06814655230120231,-0.07026873769684891,-0.02119388706393813,66.10539771407817,72.0,1.3072726693767196,0.0,0.0,678.1851670118114
0.0,0.011346357450363536,0.054996113296754384,-0.006687437813180824,0.11359847513295487,0.015354093066840775,0.03209860577722014,0.10977630450989935,-0.01724708584811681,0.18580383520403745,-0.008007815710806415,-0.021871427380367323,-0.09400385429161372,0.09254894623966095,-0.2566207761518028,0.2420986456660464,-0.4298849963005575,0.17948337669224587,-0.5552859070034463,0.0,72.0,0.0,0.014583333,0.014583333,2.0,0.006764343726389001,0.05193391235056755,0.04456327469722682,0.06681009702786551,0.006080635191294943,0.055091899231987866,0.05007965068920529,0.051136231089252804,0.06178460625846745,-0.008222012213266166,-0.04191129844399183,-0.05133341223069586,-0.0437644482696359,-0.0530024900602484,-0.02830205806090704,-0.12002530247561778,-0.08889640207840328,-0.12924864855632534,20.197662548682807,67.0,0.580289135527082,0.008574828,0.008574828,4.0,0.006162506492100679,0.02950707782697375,0.062031852337019584,-0.0008943516036371544,0.06525532435992011,-0.002480462384535005,0.073144809007489,0.0640705276349087,0.08243232998087548,-0.008746730557663535,-0.05532343031181847,-0.06395272534456518,-0.003104667293775892,-0.10574006675345511,0.013069774972545639,-0.07521680455415578,-0.026213530915992454,-0.04432314717352298,33.720621681574016,67.83333333,1.1828661906575755,-0.000742686,-0.000742686,6.0,0.02139102795458225,0.0703180098984559,0.01952261520507825,0.05665728032806353,0.05175229360688003,0.0009640967592574702,0.10095847133564392,0.031102649830664634,0.05089423475791343,-0.012278641377945591,-0.051699652839563404,-0.0012151675006807925,-0.07026732972478568,0.024483641556462068,-0.08496583452494026,-0.004053368130160098,0.0055098538230344525,0.002644801251456749,41.928688704077395,68.666665,1.3432339893586218,-0.000380952,-0.000380952,8.0,0.022005321012908172,0.06206431770558835,0.021680731523772402,0.04595053458274468,0.05938618942764856,0.0012106099324896361,0.10608556020143461,0.02997654571954079,0.04927236800428618,-0.011365324317931247,-0.05805881490166565,-0.0011241348373828319,-0.08475212823104852,0.024333776021238145,-0.07322312083206234,-0.0033308173134761403,0.005489604075890312,0.0028984725362474193,49.17150040002845,69.5,1.3410431400266907,-0.000380952,-0.000380952,10.0,0.027122429631518747,0.044581810449222124,0.03575464793316895,0.020152697428464404,0.0982415102143449,-0.02681495491493981,0.10994658551433772,0.0400121399365468,0.027285357220849613,-0.007468553283254122,-0.10461230512410662,0.0652631206151824,-0.18390913646257792,0.15717428477070416,-0.20629710160192574,0.07146998829501663,-0.03712664363251683,0.00961833529474288,55.14939688082186,70.33333333,1.3242254603039245,0.0,0.0,12.0,0.0348797473672614,0.03553869737432823,0.047034505868681895,0.020110633992966608,0.08560822094905148,-0.028713853216260504,0.08839337884596041,0.04131906696144545,0.026917590599433813,-0.013919073766573939,-0.1008650269177066,0.06167266365443193,-0.18058677472837056,0.14712677265425816,-0.21111354352887204,0.05317172574858583,-0.05382926814836008,0.0021241543333936,60.96338684600792,71.16666667,1.350291346126912,0.000126984,0.000126984,14.0,0.029314002297434732,0.04945698488588347,0.03415304232659062,0.0430857638676098,0.06750913598764711,0.005479782553737978,0.06561371528544215,0.06168681649864759,0.024081367633246215,-0.025003991916635618,-0.04398877298877279,-0.029498287723772592,-0.037388342846498036,-0.06146903326682668,-0.00518210047239593,-0.08393942182534815,-0.06767192774358176,-0.02074094313696042,66.07242370293613,72.0,1.3072299699987375,0.0,0.0,718.5883287828744
0.0,0.00980252412891861,0.08049893523452499,-0.004681783546026826,0.10479311148422511,0.014532446059347675,0.030689205402155265,0.10085575490163971,-0.01900425983564137,0.1285618725790751,-0.009092835849645606,-0.021720831041652015,-0.07727744326006566,0.10248621265247307,-0.2749913942561037,0.25355341283227184,-0.40182648518110414,0.15864841611107044,-0.4900597963709388,0.0,72.0,0.0,0.014583333,0.014583333,2.0,0.007042463763873384,0.05244165434312698,0.03672777813634024,0.05769040539308472,0.005160584868924292,0.06926456477517312,0.053410143916857916,0.053758089983141036,0.06533277967588658,-0.007384077668107762,-0.040801631839505505,-0.05237539704104284,-0.05192713363993141,-0.0716898184225361,-0.03133447877420865,-0.09700897280074,-0.08118743044177901,-0.10882189018614204,19.831842177548584,67.0,0.5602657110335048,0.008574828,0.008574828,4.0,0.005607204305712199,0.03194637535953816,0.05672585601077925,-0.0007561714690077593,0.08059116904388305,-0.0024314375691370823,0.06412916169211968,0.06208023506381361,0.059486528648217206,-0.00790895173683626,-0.038750507652588154,-0.06633334519971365,-0.0030526817699868657,-0.1136775446472944,0.009354733703858052,-0.08234499858254024,-0.030168963184667365,-0.04435934653814996,33.91368178530287,67.83333333,1.0717983253609222,-0.000742686,-0.000742686,6.0,0.019501210659162493,0.056643379238269606,0.018054577294837164,0.046651131265273225,0.06009948020647094,0.0012057738452579464,0.0897172279128258,0.03651019638471682,0.04821628618320642,-0.011803518842730018,-0.0464466704481836,-0.001040245679713791,-0.09151186693312623,0.025695072533951382,-0.08759633537419705,-0.003920477511788862,0.006375576301926449,0.0030318607529244805,41.953744753721146,68.666665,1.2543257630903695,-0.000380952,-0.000380952,8.0,0.017722433737019126,0.07200777786794323,0.019913934029446082,0.04558780734201824,0.060011027282467905,0.0012399192819948744,0.11033672601207725,0.03389678567482825,0.04510026181597764,-0.011291937632363866,-0.045346851075344356,-0.000860604043056468,-0.06550917168883351,0.024508089976212434,-0.06409989425092924,-0.003366627840647614,0.007005368407531501,0.0034546608158231963,49.19710904955132,69.5,1.3654223301449442,-0.000380952,-0.000380952,10.0,0.025811824014735314,0.05262265852147434,0.04404585645191113,0.02063961658401098,0.07572475408823225,-0.02421771217193976,0.11379648641469696,0.03788982444392592,0.03841704301667125,-0.01063351253629397,-0.1006834554444348,0.08111193154661284,-0.1861184008750834,0.12626170207843193,-0.17330413978940654,0.09041953056973707,-0.03031293194118434,0.010286313138741957,55.07466807063418,70.33333333,1.3225105917441609,0.0,0.0,12.0,0.03715909308961017,0.04604885141884344,0.036881923293078114,0.014826344055381507,0.09106612931019031,-0.02093868124662535,0.0873213636547597,0.045858583209061776,0.024493685648242416,-0.018101848868853396,-0.09582358414049859,0.05686604978580862,-0.15071634374536724,0.14313989263666324,-0.15842284865564782,0.05486459032322925,-0.06893947334825264,0.0017591988699179417,60.865384033617346,71.16666667,1.3563936399740175,0.000126984,0.000126984,14.0,0.02923530557743475,0.049176110649164086,0.027258662761817397,0.03810132449955591,0.05295447906286567,0.0047880215474362066,0.07372434556610322,0.06180291118962581,0.022765135146554812,-0.02480812173599305,-0.04823351009677573,-0.02823785343773781,-0.05257635620334068,-0.06114843590066093,-0.005946174243323787,-0.0804230663618296,-0.05062194123482466,-0.02054152988443389,66.18039976770471,72.0,1.4355621530543445,0.0,0.0,799.0904435302535
0.0,0.0093311992667948,0.05675247346331373,-0.005192747031741712,0.11696317667563812,0.013260968857475689,0.029055731751278863,0.105974621811309,-0.016754027103018744,0.14973424837227708,-0.009987528386751345,-0.019290907551085985,-0.08678911975622859,0.08877116849343325,-0.31517479325866327,0.25292533078043483,-0.3844344493076476,0.21027049837102266,-0.5811422967835441,0.0,72.0,0.0,0.014583333,0.014583333,2.0,0.00690977084516373,0.04403487661697296,0.04768478762235553,0.07063144942893712,0.006026389971545718,0.05117855096292103,0.07038946614254024,0.06678270583766277,0.06547501452259588,-0.005925530432913434,-0.04947552266287361,-0.04133475006661734,-0.04431359247290546,-0.06919290737370992,-0.023909288902385913,-0.09855158725502505,-0.10109465154096678,-0.09350484939830785,19.834446628566255,67.0,0.5701722220580652,0.008574828,0.008574828,4.0,0.005465597557212109,0.02414585463546502,0.04624999353061022,-0.0008438879503059574,0.08297767337836305,-0.0022264187587674065,0.07543990976296937,0.061613791083511,0.07374733536010927,-0.007741708433380473,-0.04601051569839936,-0.07012077168308754,-0.0032032739425450867,-0.08724952929374721,0.01042443834544131,-0.07891171023881029,-0.024651130362182163,-0.05563159560565613,33.87557024213542,67.83333333,1.116775644721816,-0.000742686,-0.000742686,6.0,0.015526465263790007,0.04966581778064055,0.01872863582672663,0.05437660548301857,0.048847935944801794,0.0009767452445994483,0.09923289547523588,0.030931347751643738,0.04672981119732131,-0.01011556152524859,-0.04689501146772667,-0.0012149996132217492,-0.08433293362610804,0.03211831950858631,-0.06711199298302613,-0.0030511886228811345,0.005905769234856078,0.0025359881567614505,42.05438900094981,68.666665,1.3045783402776392,-0.000380952,-0.000380952,8.0,0.020975959023238646,0.06273735803669557,0.01486575985922144,0.04806157589772132,0.05042759050634493,0.0011337283877632378,0.09338492759628002,0.02709065929272883,0.04976285628703043,-0.011568775798741262,-0.05194240354430431,-0.0011406127271181353,-0.09152018866613564,0.03157217189071209,-0.07787285154990502,-0.0035022782551664415,0.005512922011962339,0.003290591415962306,48.919778106341916,69.5,1.2825682150644644,-0.000380952,-0.000380952,10.0,0.031426288551016236,0.0369456385559968,0.03905430971559301,0.02522853634285405,0.08354630122415202,-0.028309635278289516,0.09229446497498996,0.03530305445227287,0.03201049190859034,-0.009645140059939224,-0.08657505461706298,0.0777734811200297,-0.1704872486186973,0.1283942393766603,-0.20048030378192094,0.08409716376108972,-0.038880379734557186,0.010290086922661527,55.257000457712934,70.33333333,1.2465553269629044,0.0,0.0,12.0,0.03086604387677232,0.043182613405188176,0.03714916943836166,0.017046568402107904,0.08224540669404902,-0.025132314483295295,0.08019012132101482,0.04289546001419024,0.02854190037048903,-0.014646602277901093,-0.07870932296612113,0.0529597166083741,-0.19376417286164146,0.14646489882708424,-0.1524363806066701,0.06726524825517455,-0.06258564190224962,0.0016264113003175487,60.80808419526692,71.16666667,1.3023200891244582,0.000126984,0.000126984,14.0,0.033884229311928304,0.04279771022210273,0.0321910070230945,0.0442453701508124,0.06993600202822951,0.005878971467117434,0.0742486903421437,0.05447925717657496,0.024042409459415333,-0.024345619425338676,-0.045720761512352666,-0.026262599664575195,-0.03693169266698824,-0.0731096314520082,-0.004766945732028494,-0.05840239193453367,-0.061932116343893,-0.026102831710986023,65.92486636005434,72.0,1.3711469767584672,0.0,0.0,774.9194310062992
0.0,0.011469379045333591,0.06286688760283042,-0.005381622729695412,0.12468422839032473,0.015398602279650874,0.02519484759064383,0.0965979865939144,-0.013670661174693,0.1734741624988806,-0.010224303176111945,-0.019465762800164304,-0.06878107982696799,0.0836074286275996,-0.3438710440254542,0.2733108618855744,-0.38646396926417415,0.1581751397426466,-0.4977440824284076,0.0,72.0,0.0,0.014583333,0.014583333,2.0,0.006783067400386836,0.05001726043470677,0.0409846571065957,0.055979398019295,0.006086875977317384,0.06892647105411606,0.05974765409603431,0.045171742680477724,0.05439189524215078,-0.00779011209518294,-0.0424496283599242,-0.04872390371762776,-0.04069178813069775,-0.06845215241704784,-0.025030948992653613,-0.12284403532374943,-0.08555022171842747,-0.09213906794587513,20.152653814237016,67.0,0.6003276497071299,0.008574828,0.008574828,4.0,0.00601500902372297,0.03282602709951108,0.047674386949158536,-0.0008577609907065368,0.06952714272362706,-0.002044186683091933,0.07422288071211353,0.08655985683320344,0.074653913673192,-0.01009143856790461,-0.04438246214447491,-0.06387064621693588,-0.004102131384673276,-0.118886511316161,0.010366285350276751,-0.09291277706390169,-0.030048681941044854,-0.056223854895104716,33.57383609177576,67.83333333,1.181771602875977,-0.000742686,-0.000742686,6.0,0.017246218706848008,0.061032438187935883,0.02007775230205007,0.05868121996523606,0.056361097469621556,0.0010030768317866603,0.10361065417867849,0.0354963485305227,0.04654666871434051,-0.011443381838217033,-0.05703550672399001,-0.0011014853168843466,-0.07668554005917712,0.024377257194913893,-0.09222320538881872,-0.0036075986579930616,0.006768799670173973,0.0024609901968321974,41.866012292202676,68.666665,1.3262876651409043,-0.000380952,-0.000380952,8.0,0.020475702943469794,0.058645102720656615,0.01952953529400079,0.04646013293063729,0.05768165019184126,0.001308027187009141,0.09636746972633355,0.02814993140358215,0.050908840235704474,-0.008870094358583571,-0.05716086022364143,-0.0011896040331511447,-0.06336354957046204,0.032102356646086745,-0.09189655153373365,-0.0035571358028582698,0.006316825642186156,0.002644498551826979,49.12444138300767,69.5,1.4077579886042593,-0.000380952,-0.000380952,10.0,0.032149416171320964,0.039347471060262054,0.03600415218963896,0.021114852521390535,0.08679556603122032,-0.02638096364849502,0.11154460392226087,0.03678288945933645,0.03780240275945992,-0.011158848903035022,-0.10068898160526767,0.07158084030292859,-0.2000365995929977,0.13228378197908167,-0.18724466916421162,0.08585393552639443,-0.0397003729976041,0.012437406792551906,55.22040407151335,70.33333333,1.3854451007455564,0.0,0.0,12.0,0.03613905518408979,0.039078011490730626,0.04320974452099766,0.015037795625167504,0.09788639393288423,-0.01993662601138114,0.07168273375465721,0.04258942043049341,0.020507106146560466,-0.0147797731355138,-0.07193002791220972,0.06264206049263772,-0.20214173605828295,0.10633260664781101,-0.15601946421438248,0.06731436905766598,-0.051860485918960884,0.002204432081042124,60.62860259564309,71.16666667,1.3360172671801416,0.000126984,0.000126984,14.0,0.03531159610617877,0.05121928437421232,0.036073739234856586,0.03616459089133139,0.06828916362242934,0.0059228998334984375,0.0810439260998347,0.06053788679174043,0.02282337957049749,-0.035254376443378796,-0.03570330086845564,-0.031032954821872797,-0.0523156311182765,-0.055928512246611724,-0.006072803469768318,-0.08051668578109425,-0.04923455504365984,-0.021281545988076796,65.87222126850352,72.0,1.4459163609629029,0.0,0.0,608.4356524027463
0.0,0.011326449998793514,0.05820418166349555,-0.006679352654525707,0.12353895100290116,0.016834357726670454,0.03335766184906169,0.11374389840140806,-0.014779021540847015,0.13679497819513384,-0.00774408493851254,-0.017545983569599192,-0.09079695878482111,0.0849352241513786,-0.32150186843251083,0.3147175427469245,-0.41941567829756843,0.2004643006532638,-0.4008233263315997,0.0,72.0,0.0,0.014583333,0.014583333,2.0,0.007130829325494103,0.056717837486270156,0.03802454489994825,0.0693028535420034,0.006819721913710828,0.05143289362414511,0.07073279301885382,0.06284331032284432,0.060059518158864234,-0.007081653422913507,-0.03731900911575977,-0.04892379329670037,-0.04350453451587823,-0.07527685946815729,-0.03231993751724072,-0.09439055593960337,-0.0834691671197239,-0.11325332940085671,19.84297956412383,67.0,0.5873523803321451,0.008574828,0.008574828,4.0,0.005401006110382934,0.028595984687766373,0.05980725247840639,-0.0008757308310527933,0.07208966462902995,-0.0020034353708983355,0.07636568948717976,0.07250229953939182,0.06719440935281047,-0.008400276055753634,-0.05509537994884603,-0.06295547443097803,-0.003140162623107866,-0.10866405276330145,0.011217093710941319,-0.07398934813642848,-0.022624773999706943,-0.04484179505571687,33.90224563580008,67.83333333,1.1212302990641894,-0.000742686,-0.000742686,6.0,0.022410610420518305,0.06473260457493057,0.015142937120061166,0.05952552250965052,0.05086933590331251,0.0012641812905587906,0.11085022212636086,0.03193356825844569,0.045351667193348516,-0.009297112956214928,-0.05132266884626027,-0.001176108723899084,-0.06699583710115986,0.027503235846937073,-0.06538994493556025,-0.0037331843491601297,0.006280594631883086,0.0025171148362601696,42.21201904293142,68.666665,1.2451075679653423,-0.000380952,-0.000380952,8.0,0.021462842718322557,0.07170305757368743,0.018174395672007217,0.048567114915806474,0.050618046674875745,0.001247059655950005,0.09380330502119735,0.03676128879288449,0.0518150736969272,-0.010961542472877481,-0.04124345304529138,-0.0011155877382697037,-0.07819967570433237,0.027976125370075395,-0.07977264797958396,-0.00355286417232979,0.0064691037143284865,0.0024386133542675915,48.81520515986035,69.5,1.3808425311873034,-0.000380952,-0.000380952,10.0,0.03373119272556986,0.03730988219819144,0.03101363835756713,0.024819903513220425,0.09982863009734996,-0.02638960595088393,0.1059667099696124,0.04501203065431741,0.03360897825630684,-0.00966600900909794,-0.07961082464230089,0.07722731124427233,-0.18201240128484422,0.18080052482905773,-0.18645646638870444,0.07220170181048773,-0.03766030211691791,0.011530276770600789,55.147142027450364,70.33333333,1.3704395169837857,0.0,0.0,12.0,0.028348645819466937,0.03462453034450295,0.03717383047557704,0.02088625720994054,0.08949430394954123,-0.024534817127368158,0.08215042857250891,0.0512872305814129,0.027958514365858445,-0.013260638324604244,-0.07948296392436424,0.05359902450046865,-0.1861764685796106,0.10062115635211112,-0.20746571172229603,0.06134710207696408,-0.06557387156085696,0.0016786698743736677,60.601228518042234,71.16666667,1.3396406021074292,0.000126984,0.000126984,14.0,0.03180359077697319,0.04232598298659917,0.02489175303675825,0.0357735068121077,0.05331827877068968,0.005214782698461923,0.07127136795951916,0.06631920779397184,0.023501710896586078,-0.02677533302723721,-0.047922935391641226,-0.02838423177876955,-0.0488366667191445,-0.058865616083817546,-0.006092255469234577,-0.06176040403546839,-0.0629361607510464,-0.026767891089324092,65.82513971379603,72.0,1.4211341582539514,0.0,0.0,674.3383236699808
0.0,0.010285406713273812,0.06198319110039497,-0.004657758875051194,0.11830689310916546,0.012240777209131524,0.02403711443775356,0.10690152394736242,-0.01805571421246987,0.16902357465835877,-0.009000102351037232,-0.022537598352947164,-0.08532657516788918,0.10891986115010069,-0.29955030136861827,0.2839987544756803,-0.4828287444982687,0.19660290506931047,-0.4337449313340985,0.0,72.0,0.0,0.014583333,0.014583333,2.0,0.007926897161682728,0.04439017085370023,0.03745307540610392,0.05759895290923851,0.005728160534580742,0.056688267974298184,0.06546397295521811,0.05156928370674404,0.0653423995825786,-0.00608647670408365,-0.04014575393247274,-0.048619846608130866,-0.05309650639997398,-0.05606606358785413,-0.029380468604803606,-0.13575513164220301,-0.11866123829990499,-0.11228009608518467,19.95874238931143,67.0,0.6147064794032914,0.008574828,0.008574828,4.0,0.006318262977242275,0.029972724695700417,0.04601804768373668,-0.0008242890672394344,0.07186245155173437,-0.002217085372488861,0.08884189889214908,0.06960713259950656,0.05834445081002404,-0.009244639803776164,-0.03902053257248949,-0.07939333289020924,-0.00350029906073178,-0.09103771629713628,0.010376462105396068,-0.10141963949723988,-0.03130453223531576,-0.0445016377851118,33.650097333085924,67.83333333,1.1683856561906545,-0.000742686,-0.000742686,6.0,0.017572576304781286,0.05778029316550026,0.019517306141413535,0.06327481862768822,0.05377261826057842,0.0012230974866827616,0.09268619760636615,0.0334807815617516,0.0378806558938896,-0.008471907974779275,-0.05894232311889991,-0.0008470667605815889,-0.06752477262641432,0.025536902102750256,-0.06169026036967029,-0.003157775111413364,0.007049280257911228,0.0025927868277560253,42.14817674178567,68.666665,1.3670617791339352,-0.000380952,-0.000380952,8.0,0.01717545592254856,0.06699106732116661,0.018329320937050617,0.06338668693563383,0.05834585260713043,0.0010282714806311506,0.07946327369860325,0.03111518349162509,0.03951810484252551,-0.01026791938897646,-0.04452487151079639,-0.0011313175388413398,-0.07947507464375787,0.024040754934122,-0.08145634382077237,-0.002939278640583032,0.005087273670175642,0.0035709500380855875,49.15236211668369,69.5,1.3741315996569705,-0.000380952,-0.000380952,10.0,0.03137475648897861,0.040546457139842465,0.04277074451605887,0.01865096748845055,0.09130593057842781,-0.020850507056624636,0.1005861730510852,0.034954602783731206,0.038341207425125826,-0.008644518135097,-0.09879620419440299,0.0696701275456877,-0.1951956390615585,0.13597164519285368,-0.23548807809008077,0.08978174656878365,-0.03248386917073569,0.009759578736298914,55.23474634217487,70.33333333,1.328175287056123,0.0,0.0,12.0,0.03343556998914814,0.04626701528333635,0.04391067788466806,0.01773149430726233,0.08964386122796666,-0.027027726080849742,0.10419485548588853,0.05077465771798073,0.021382194423681056,-0.01452189952594809,-0.10193544388695046,0.06211254417684014,-0.20111106244820157,0.11742649477776299,-0.21195029817547098,0.05459132701017766,-0.05739129485434287,0.0018382881017277345,60.63333006296427,71.16666667,1.313804735609619,0.000126984,0.000126984,14.0,0.024652870825263445,0.03533862269894684,0.02709454752713254,0.04609147713190989,0.07313935582532832,0.006007259097442533,0.07790003586444266,0.0680159575549469,0.026389480766997365,-0.03418711075905408,-0.04576626102293242,-0.02949499132764423,-0.03606867690956456,-0.06194706476753431,-0.005706578442070019,-0.06924212006858,-0.06840424105942935,-0.025624421662247345,65.8481878447573,72.0,1.3310704319962734,0.0,0.0,514.1807104406704
0.0,0.011047888715065006,0.06870436887012454,-0.006041677322283527,0.10854681041170708,0.016773689883111908,0.03196565787254225,0.10736351503146804,-0.015922072400826413,0.18339977753859116,-0.011267451250450053,-0.020073799871217858,-0.08907023784134753,0.08981731725016916,-0.34914920056513055,0.2861369038071387,-0.4858058614080341,0.18473740753729065,-0.5413832445217769,0.0,72.0,0.0,0.014583333,0.014583333,2.0,0.007544744419709315,0.05424630714203356,0.04265867755713449,0.062278773889820616,0.0070801267855316,0.05908447607092417,0.06700041021252756,0.04877697543422185,0.06973866524111097,-0.007824485318120336,-0.05128904169315894,-0.04670596239373299,-0.04675955451999358,-0.0641080103287359,-0.027148343419613627,-0.13857046373492804,-0.09577871856850968,-0.1257692808305609,20.022331041372812,67.0,0.6085018154977602,0.008574828,0.008574828,4.0,0.006944239169086175,0.029607926432728388,0.06277631875844625,-0.0009362698755219626,0.07174627348028527,-0.0020796347076707236,0.07495395881880647,0.0671099632678371,0.07964137543859841,-0.009177918297967394,-0.05216028405302728,-0.06328657211857548,-0.0037565009464631733,-0.08992762628190637,0.012284189276441457,-0.0890329850777096,-0.030941525739031958,-0.06348766779692057,33.8010627127163,67.83333333,1.1735497968573982,-0.000742686,-0.000742686,6.0,0.019329372694235698,0.062232144720243764,0.01696553502010393,0.04840217874556088,0.04712521978809087,0.0012441134595095726,0.08630085102080477,0.027535312838073582,0.04049153524183124,-0.011143333028898708,-0.04790294906168789,-0.0012040507940376203,-0.08213547160807841,0.027056597572067267,-0.0872382245210534,-0.0031228392010185487,0.005794117863081052,0.003052435147803004,42.18319878445354,68.666665,1.3141160542792854,-0.000380952,-0.000380952,8.0,0.01508927546174524,0.06234403799111681,0.018173909003902363,0.05333222709468151,0.04358722486198746,0.0012634124485497924,0.10277825021710904,0.03587495467697835,0.0405606474412204,-0.011851941078817855,-0.056144887104220005,-0.001199291698142192,-0.07211004652506181,0.029420996374429076,-0.09012119813933685,-0.0031969292144354553,0.005796584085616546,0.0024929072252463493,49.073761523720506,69.5,1.3140963218524735,-0.000380952,-0.000380952,10.0,0.03608965071140233,0.052939813429436426,0.04325178422946139,0.019124959660206428,0.09183829919254397,-0.02942934682124562,0.08579315585156434,0.030474256782272644,0.038210078946538543,-0.008589557739988502,-0.09212843130332878,0.07424773987282962,-0.21189911928067842,0.1698115552300235,-0.2232884820477644,0.09096054289877573,-0.03672520117627947,0.00859633958100394,55.2337191517027,70.33333333,1.2853876730843845,0.0,0.0,12.0,0.03914632593787378,0.034549746953451914,0.037090733720138776,0.0177384481991635,0.10290367343916029,-0.02793059919965167,0.08603501672265934,0.05011805698427199,0.02688100404775555,-0.012880755187060996,-0.0883710610708984,0.06461702356045965,-0.19115341854608017,0.11322667862088746,-0.18261724007395638,0.05170967700553086,-0.0645156857868273,0.0016179950634113306,60.60641802657136,71.16666667,1.2691090400845977,0.000126984,0.000126984,14.0,0.026498863339283186,0.0411520388246558,0.029043514170214422,0.04850133566053745,0.053884491046952164,0.005825711346364118,0.07896672041934855,0.06671674927280478,0.020639747141072324,-0.024462923217886658,-0.04312846491718711,-0.02725114714418927,-0.04096105414662081,-0.060408231096989735,-0.004757375794386722,-0.08403404604190348,-0.07148570341383344,-0.024630895188650945,65.80252088881642,72.0,1.3642588616455429,0.0,0.0,765.6234408300242
0.0,0.012340818898374652,0.06323346262691348,-0.0065745612572134975,0.12061535352776166,0.013470692660501849,0.025488182601613202,0.10699201402761467,-0.01421393294166222,0.1403965688363205,-0.008062003383213424,-0.016875500037653764,-0.08102354711548775,0.08933606739729191,-0.34433362716524496,0.34631404349404293,-0.5160011749642874,0.17484318178827452,-0.5027633419336144,0.0,72.0,0.0,0.014583333,0.014583333,2.0,0.006852965817780828,0.055571714976970214,0.04803914497671042,0.07515115473723408,0.005190586368349801,0.06936469510193849,0.06522509865731418,0.05652674128121356,0.07869141736462641,-0.0076202178189345516,-0.04048240597964092,-0.0513632296416528,-0.058771382585938496,-0.07165587363289934,-0.03096342551031058,-0.13373021570743984,-0.08375772701857254,-0.11958330872410061,20.069504134043235,67.0,0.5532167256038615,0.008574828,0.008574828,4.0,0.006323477540276215,0.03191529638319855,0.06289692438854158,-0.0007789345575659034,0.0838759813646618,-0.002922458489177578,0.07722022191613044,0.06205371680126135,0.060799640622117776,-0.010070658667110695,-0.05416174842951065,-0.06165726860314368,-0.0031916201631914795,-0.10322685342668267,0.013517521080316317,-0.08466696600756356,-0.028255174376965484,-0.06057972053115261,33.68835957443544,67.83333333,1.0982098519923418,-0.000742686,-0.000742686,6.0,0.018292103976881448,0.07149478398925609,0.015916319234902783,0.0535681979400643,0.05208369412907594,0.0010700908432762822,0.0758071058617022,0.03274199541399476,0.052961705671400364,-0.010311672411704003,-0.049939934977560115,-0.0009688969568210266,-0.07744989952740323,0.029370784978331614,-0.06509843430404381,-0.0033442027076587217,0.005154278757665128,0.0027433835238173192,41.96536158105364,68.666665,1.2480479079337266,-0.000380952,-0.000380952,8.0,0.022089753392549427,0.0705562004026057,0.016974433627808354,0.062266765027877057,0.060675466400236897,0.0012744629249617063,0.07718893566771358,0.027526500536008733,0.04214500959252439,-0.008862401991538814,-0.05654746861556853,-0.0010841697933853965,-0.06919659366727784,0.029387601223864867,-0.06865750437752761,-0.0036011502212599106,0.006480299579466262,0.0033827840444659142,49.186113200615395,69.5,1.2685162456624481,-0.000380952,-0.000380952,10.0,0.03551727360759161,0.03764521164058668,0.043198433600364725,0.022925597340874994,0.09113304919036712,-0.022164389483065716,0.09464384452946469,0.0425996062597956,0.030957509933931673,-0.00936364118092679,-0.0872357868356431,0.07041430749578308,-0.2187057393531743,0.1353833082552449,-0.1754102998110438,0.09378509732645039,-0.030427725652317484,0.009654551406022888,55.32589089159753,70.33333333,1.2226999466213104,0.0,0.0,12.0,0.0286143578485613,0.04027700500930435,0.04161252389958607,0.014351489296498572,0.10128403979678761,-0.021940164590272596,0.0761415525717247,0.04454240646534858,0.026904752458404253,-0.01295810703856574,-0.08922949637868088,0.059926732625793414,-0.154564007414327,0.11936462340988857,-0.16689123457302693,0.0649433811736877,-0.053616441743917435,0.0021556211731280674,60.70649343914658,71.16666667,1.2942047032118156,0.000126984,0.000126984,14.0,0.027999629476591986,0.04377805908918184,0.03122312323904991,0.048845013745277076,0.06105817088875528,0.005040345799372832,0.07183548841145974,0.06050139127620132,0.022747550528589552,-0.031127385919778296,-0.038890669405054236,-0.035988787962995705,-0.035103682204767984,-0.07202029157844671,-0.00450234994060449,-0.06230373956534488,-0.06875189774367522,-0.026770522311978438,65.904576030175,72.0,1.3950881450260388,0.0,0.0,720.1942835901476
0.0,0.010898123417271938,0.07114603332620907,-0.005489180750940062,0.11765115252255842,0.018022124745070294,0.02789859087367635,0.11191078851122521,-0.015024590593043825,0.15782295632288576,-0.010964473348181517,-0.01653641352549436,-0.0672463269772576,0.0896954360977631,-0.3282074598774376,0.2996035323956706,-0.4700398726631094,0.17436199980791037,-0.5242277808753085,0.0,72.0,0.0,0.014583333,0.014583333,2.0,0.008804421276926072,0.0425486910295171,0.04691189183545988,0.05530666275051484,0.005908369638315272,0.05161667690740464,0.060110934194506895,0.04859103604359734,0.07311051175138046,-0.00644507312974434,-0.04791162320522893,-0.04702682441784312,-0.051760698770377714,-0.07472178943928273,-0.027253649316112447,-0.13250019003179084,-0.095211077582564,-0.11707496739988878,20.026014689736595,67.0,0.47844988680868344,0.008574828,0.008574828,4.0,0.00677952602467411,0.028873432257542766,0.05550618697599734,-0.0008337398150879594,0.07829556076523175,-0.002178116384650281,0.07783673653139267,0.06149097224090273,0.05677432138300559,-0.008720129938121105,-0.04192414819826117,-0.07828287638239878,-0.0038042192337568795,-0.10625399743968386,0.01332676778628469,-0.09020719494261566,-0.032656632208552194,-0.05608019327189812,33.59994649477067,67.83333333,1.1482229714444268,-0.000742686,-0.000742686,6.0,0.016047398460285807,0.05716099318203412,0.01493047722975408,0.06318912456288087,0.04884168073270046,0.0013342802554912243,0.10093564275416995,0.027245851046026733,0.03620656120609668,-0.009630746799845038,-0.04285398554759022,-0.0009473051706515814,-0.07627605878076753,0.023544333866511932,-0.08367192135532185,-0.0029198011750769365,0.005901108362798507,0.0032476125546417297,41.92990689886659,68.666665,1.2611870412695347,-0.000380952,-0.000380952,8.0,0.01562118312638096,0.06197030439600293,0.01926515099407948,0.059137146082858486,0.053022829026569254,0.0011793803359679792,0.07730263146784495,0.03747698945096464,0.04311356344751145,-0.010112343769702775,-0.05228957361165553,-0.0011861869953109464,-0.09091729011924288,0.029073675526584655,-0.07865999695880709,-0.0031351330585310676,0.005582082089191688,0.003122764446488843,49.152931217870865,69.5,1.2670668044453646,-0.000380952,-0.000380952,10.0,0.03197136045059069,0.05060046027306706,0.0329533982632573,0.022497241072690702,0.06978315903515048,-0.022281909987443973,0.08198921030827983,0.042538175909507314,0.033475081599634825,-0.009703728718059976,-0.08136795153485729,0.061816159219389946,-0.21122035078864343,0.16836478871886645,-0.21794936215170044,0.07789233786717581,-0.034551621010549566,0.01254565027209158,55.35886388904676,70.33333333,1.2313321367684602,0.0,0.0,12.0,0.034564423291305456,0.032121749457491806,0.04141235144304585,0.021375515577317778,0.10157913460642232,-0.023948002842647035,0.07202673662501419,0.05521855563853888,0.021348541491450157,-0.01515682211884333,-0.0764920361805082,0.053444073206424934,-0.16527171810805213,0.10633175933912581,-0.20788105311859997,0.05364483026095972,-0.052981925430660506,0.002149297211897612,60.728393166002675,71.16666667,1.2179600275621656,0.000126984,0.000126984,14.0,0.024381925398723008,0.0395132481515347,0.03599400453663175,0.04731247887707765,0.054596472741906,0.005262989589229812,0.08131633243937966,0.05203644444557563,0.024670661758085684,-0.024373613430778995,-0.03938428793632097,-0.026935799675101568,-0.05225272926304257,-0.06480463145348629,-0.0055567654584912,-0.05672731599865223,-0.066307970395465,-0.02512828268068126,66.00181502856152,72.0,1.3967314808073183,0.0,0.0,624.8951137348519
0.0,0.00965142729360619,0.06993132497335586,-0.006070746029611813,0.1285099753583491,0.014790431089426253,0.024241392300632582,0.07792988427169165,-0.016034694965475202,0.1611702967970524,-0.009662374225615228,-0.016406263114586574,-0.08054107100981983,0.09224665390477055,-0.3548904207247031,0.33308380080422745,-0.4874834034967362,0.20255251783993602,-0.5783737157444935,0.0,72.0,0.0,0.014583333,0.014583333,2.0,0.007527461327951039,0.04836230839133646,0.04319798689567514,0.05851428865118206,0.0062243348387388715,0.0670653260871678,0.06660318535081497,0.04607409089559013,0.07844942860125385,-0.007387614503422828,-0.04153067551333974,-0.04355372456904495,-0.05473031049803118,-0.07467084554033844,-0.0228917887353529,-0.10231839001030853,-0.11157994878462854,-0.08994663463614962,19.833432739419955,67.0,0.6689299930403569,0.008574828,0.008574828,4.0,0.005736755007383876,0.02447401023068318,0.06234103552971027,-0.0009567723586537374,0.08798799042673419,-0.0023688792571841585,0.07809571910231508,0.07784974404583918,0.08094851142254669,-0.009856167062494195,-0.051812130610793414,-0.08020421554242169,-0.004069577083371892,-0.08854819135588232,0.009545731119375029,-0.10302848848163625,-0.02507155747458049,-0.06329065002360292,33.911444860514436,67.83333333,1.2096581404329843,-0.000742686,-0.000742686,6.0,0.017741490079977034,0.06404053251039896,0.014713453060395983,0.05297970213564493,0.0575265151003266,0.0011520777982758823,0.10276969726269784,0.028572280083749492,0.043820406958046086,-0.008817574126423892,-0.04670546116627174,-0.0011254939312105412,-0.0740948179160952,0.03172015642670057,-0.09070649477055126,-0.004049796973009391,0.006011183375517229,0.0028636492976137355,41.9981548348701,68.666665,1.3288941329062363,-0.000380952,-0.000380952,8.0,0.020557743448996985,0.04902856632988214,0.02087058893122925,0.06493729363213359,0.057836911850743335,0.0013241046899365562,0.07940940302596855,0.027235665090305148,0.04839139805759673,-0.009474856761071328,-0.0541791818476949,-0.0008322457474807242,-0.06248449320082939,0.02563038860250515,-0.06359474045861958,-0.003186885174372981,0.00506484081417478,0.0035020016149346737,48.91354744720984,69.5,1.3008966270711118,-0.000380952,-0.000380952,10.0,0.036838139654211094,0.04858773477596164,0.04138794265812846,0.02135870206642972,0.0898641674520179,-0.021353721000145005,0.0944729984221992,0.036183078312538954,0.027265665905509273,-0.00774470447788899,-0.07284442950564297,0.0718468999775971,-0.2072422647801251,0.13995635172241408,-0.2286244313377618,0.09551969786442527,-0.03487055634715379,0.010399080105311017,55.072700432240715,70.33333333,1.3143325453131978,0.0,0.0,12.0,0.03926375916007733,0.035471699789541664,0.043212093181183776,0.014412429477667753,0.09024970225412925,-0.024032725611263184,0.07072245208276448,0.045856952333030485,0.022349972484725263,-0.015663607309922657,-0.08089915552402926,0.05591323697581756,-0.1635881295839871,0.10457679423745758,-0.20491466920994356,0.07276513210713823,-0.05421201723341416,0.0015696174669860433,60.663241971123405,71.16666667,1.3556276765865278,0.000126984,0.000126984,14.0,0.03576321173101301,0.05133845702393086,0.02505680276746466,0.03880304456146358,0.05706018793144744,0.004919924154232625,0.06908120731790723,0.05764355334110939,0.018897473371226305,-0.024711559275758847,-0.04435671342817616,-0.03506036257851759,-0.046372421658665085,-0.06191336910947095,-0.004781319430723836,-0.07476730327729804,-0.05905855952078246,-0.023965189835580547,65.99135090218275,72.0,1.4071330824598884,0.0,0.0,791.9937008587169
0.0,0.011735104662273932,0.05816845570220184,-0.0053919379865730995,0.10690956175846646,0.013848052156561107,0.03354180239777579,0.11026684418004586,-0.018622965215548393,0.17733773125499852,-0.011004058991736293,-0.019042313050961074,-0.0770659329796597,0.10711130767056713,-0.2985729539998679,0.24499221542803962,-0.42244522129997214,0.1668112130996409,-0.5060276633530301,0.0,72.0,0.0,0.014583333,0.014583333,2.0,0.0064606520782091595,0.04876635654754761,0.04152385919418366,0.06938612403778471,0.005492845950900828,0.05358972877729197,0.051294286916225465,0.04541251261014397,0.05339980348414444,-0.0062247920701454795,-0.03641272912004938,-0.049175400443952355,-0.058965745220772484,-0.054543721118812165,-0.03084351250425984,-0.10476521093485613,-0.09335371444013216,-0.13099881425125823,19.93202605195009,67.0,0.5576643856541388,0.008574828,0.008574828,4.0,0.006484422218099586,0.03451880552412025,0.05419478367723233,-0.0009153086164530907,0.07756449287432275,-0.002822165816287753,0.07129761679898551,0.06598886872679295,0.057204763100318134,-0.009276946143184923,-0.05546785855828081,-0.05972221962107945,-0.0032573238379481283,-0.11668301379588977,0.011376823707076641,-0.0853313029832628,-0.032602439206372846,-0.044967703349620525,33.6922117722552,67.83333333,1.0838629422395443,-0.000742686,-0.000742686,6.0,0.01629879977097868,0.057998536966444525,0.015258245481223549,0.05283837244453402,0.05467845792216596,0.0014411753090393937,0.0964765145153609,0.026117233675660736,0.04193833817464937,-0.011580733078367933,-0.04344461665916326,-0.001190751641908982,-0.06703979420726884,0.029426120555972893,-0.08286712245916421,-0.0029701492010914153,0.0060470823514993605,0.0026175047804137194,41.92308046917623,68.666665,1.2700812648152109,-0.000380952,-0.000380952,8.0,0.015787562832654187,0.06884918910227938,0.014803599953700135,0.04704020356153101,0.059484198545550634,0.001102961330482264,0.10596008445574966,0.03408118221228018,0.05275630552076591,-0.009770419912854843,-0.05482678882896048,-0.0010372649438332865,-0.0646274012219997,0.031731326941704587,-0.07337734923837323,-0.0033995897548695047,0.004913975106565587,0.0024662289210695956,49.128947734934506,69.5,1.2770220454912549,-0.000380952,-0.000380952,10.0,0.026094300432082784,0.045059537842034716,0.04420691458172533,0.025693769365697276,0.08277414320891018,-0.026585352722508785,0.10959388322296704,0.04271124078769605,0.03182798429226786,-0.008087130900165204,-0.0988236633356119,0.07673152134833003,-0.18943010314438455,0.15266923867703808,-0.16226701557551315,0.08305008259782651,-0.036607865431743124,0.011438650924893988,55.03903833347974,70.33333333,1.26033587963807,0.0,0.0,12.0,0.029180001206982196,0.03781230748712795,0.04767002924788325,0.020592703621202534,0.10307467062238614,-0.021722239807576055,0.08183476785458103,0.05395258856511472,0.02901067901322758,-0.01849797538810332,-0.10298604591259863,0.05273819695469213,-0.16601170785630612,0.10345828897516386,-0.14316369518677372,0.05278580336500521,-0.06478643206449289,0.001486543673887393,60.628711671254926,71.16666667,1.2956953512547764,0.000126984,0.000126984,14.0,0.02949347375261323,0.03577278599200627,0.03606688132068568,0.05159860712757842,0.06333077438613997,0.006025409687796802,0.08273040119822014,0.048729501340361046,0.022088888147094952,-0.03339421969128426,-0.035960535543396656,-0.03057188499148485,-0.04225667216973674,-0.07425078517046804,-0.005331140985080123,-0.058141070472317265,-0.05194503434082751,-0.021938045985584284,65.94986516511251,72.0,1.26725746059515,0.0,0.0,736.9290244683659
0.0,0.01029028716698631,0.0754942746838632,-0.006366409144837015,0.11913879651326935,0.016278300401645553,0.02472737233263194,0.09184264115160541,-0.015758917928693585,0.17625422164723287,-0.009384419998565067,-0.017338464008038592,-0.09047329466017189,0.0830469465538123,-0.33783371718795235,0.341485411589775,-0.5078201985494847,0.18012495214538293,-0.5535759253673157,0.0,72.0,0.0,0.014583333,0.014583333,2.0,0.006875607161173059,0.05304475778768075,0.04706352223630519,0.05944146222406264,0.005788344868357275,0.058177966126890815,0.06468287951025017,0.0666872700398553,0.060868270943893694,-0.007649601894910214,-0.04412234774673978,-0.04095673752905308,-0.05338638056791222,-0.05352366791037732,-0.023636652559301138,-0.12422024736281057,-0.09847787597870754,-0.11324897131867914,20.138061628415077,67.0,0.5911830364653146,0.008574828,0.008574828,4.0,0.007457098437505948,0.024124471286260413,0.056990514186240834,-0.0007004700418223815,0.06653481719037763,-0.00245218808386189,0.06341227027289154,0.08148566833007242,0.0727201742831286,-0.007581456009363653,-0.04010742813216824,-0.06752865187349472,-0.004475291806818549,-0.10996812369200287,0.00913659474921876,-0.07245067069135021,-0.031504409043320934,-0.051550214088654095,33.64033808358898,67.83333333,1.1763105771120164,-0.000742686,-0.000742686,6.0,0.021501447870721252,0.05755502473115507,0.015623858077498998,0.06404870194802087,0.05649650860842755,0.0014309642180595418,0.10016819542967319,0.026718551289740086,0.04779326917469101,-0.008957554706224205,-0.048228777756176955,-0.0011160877685078266,-0.08866591209842214,0.03375025515905673,-0.07436127983819531,-0.003767572978926662,0.005750307478356427,0.002885516151523989,41.97037457932293,68.666665,1.3013132190811252,-0.000380952,-0.000380952,8.0,0.016576419587254324,0.06410140236910149,0.01568924167813378,0.04744072775943339,0.045867274547763834,0.001223463708010221,0.1023273814277477,0.027970688098524734,0.044498074100233154,-0.008574819982926443,-0.057522191796773425,-0.0008255187521137543,-0.08755941794099814,0.027419072044553815,-0.09072248600323189,-0.0033846140816154156,0.0049981145848435465,0.0028593033549103794,49.06453680392412,69.5,1.3303626954512353,-0.000380952,-0.000380952,10.0,0.034477151146240635,0.04794598228155821,0.033142471172862675,0.017499274523445917,0.0812328879774333,-0.02696757122710478,0.0882481179009032,0.04214038142497005,0.026335886410713542,-0.01038561876386847,-0.08284714696832422,0.05585236642294435,-0.22624561663625667,0.16298514401729894,-0.2017371441019702,0.08538960749162813,-0.03162488019417293,0.010980444285257534,55.16361889098977,70.33333333,1.3116538452423232,0.0,0.0,12.0,0.030713438575513046,0.04614317944459287,0.033277476869013514,0.016231321028746405,0.09105274682530284,-0.025451363670994598,0.08395392762779558,0.053090474102594286,0.028612032455846693,-0.018300828360933923,-0.09935771976155884,0.052309947528940734,-0.19977827155263939,0.10809816996196199,-0.20218531822399965,0.07402610045103414,-0.05408870482640963,0.0022134800209811234,60.6206621246467,71.16666667,1.3102404875344542,0.000126984,0.000126984,14.0,0.028033261455467313,0.04531707141421057,0.033125261836592895,0.042713048813782135,0.0678898558109845,0.0043870593415385436,0.07550186198224283,0.051099001733173464,0.02163618425129591,-0.033983780215821977,-0.036006705557123965,-0.036245745615209594,-0.04016317541596179,-0.0728102188777668,-0.005889564576460217,-0.08024645363362348,-0.06491471101866961,-0.020614205351662352,65.95825600156579,72.0,1.3995441641205828,0.0,0.0,634.9578012668958
0.0,0.009262465025514498,0.06907067923408933,-0.006258054714634573,0.12111115379569118,0.012261312356283244,0.026164577021505195,0.10287893951477342,-0.016955981399090787,0.16620362352956944,-0.011440434338349592,-0.015430690691005092,-0.06487768021827371,0.10060476520242095,-0.32940803444022143,0.29548802395479634,-0.4937415447699899,0.19804686655178153,-0.4442628542445368,0.0,72.0,0.0,0.014583333,0.014583333,2.0,0.007965952545348695,0.0388751344626196,0.05149191652073596,0.06687351413545253,0.0062541505236813925,0.062282769891343175,0.06358751695999955,0.06448542148794704,0.06070615032195466,-0.006454300905116348,-0.038572220171778186,-0.051499709308068686,-0.0530452755077101,-0.0634838698453745,-0.029368908868067742,-0.11753736943630545,-0.11681557180625371,-0.1096299006358313,20.048937726828406,67.0,0.6621121762812879,0.008574828,0.008574828,4.0,0.0051994286323674855,0.026293079398359225,0.04526157672530214,-0.0008947319256378402,0.091146805493907,-0.00209535502656393,0.07064162898819625,0.06797511944040453,0.07279296453194574,-0.009481968504050375,-0.05071586263148265,-0.06614691030523931,-0.0036202338550232046,-0.09770767631711924,0.011059815970728222,-0.07771554037898842,-0.025684193523317588,-0.054887415839847874,33.93398961245591,67.83333333,1.1253585669961212,-0.000742686,-0.000742686,6.0,0.021212400976650104,0.06696365475940604,0.015485948206229994,0.05155299175291173,0.05656008062986866,0.0012237793526269827,0.09526664640725134,0.03179303895524306,0.0475581015504226,-0.008529073309549521,-0.05508516657262445,-0.0009171109151964603,-0.08413538273323193,0.023368161241756683,-0.07229221178766831,-0.002799076205753901,0.00505005675672349,0.0026122521102726892,41.9783598750999,68.666665,1.2891398059330401,-0.000380952,-0.000380952,8.0,0.018724599416895964,0.06376061907133942,0.014913514170654472,0.04443086315059629,0.047762897160577564,0.001089531350483632,0.10300867441253553,0.02894557432528957,0.05394905966260813,-0.011113869512387468,-0.04155724254834108,-0.0008441872578207099,-0.07850431872683208,0.024043379784564913,-0.0904400934732318,-0.003960504230436497,0.006127568026987152,0.003493638174936692,48.94159221161385,69.5,1.35951343536412,-0.000380952,-0.000380952,10.0,0.03509688190487085,0.03713159659728067,0.04191676617520162,0.022077708623481133,0.08558353851299688,-0.029832286836766392,0.11123348722101048,0.03635027535644395,0.02934260927124444,-0.007878203939600302,-0.07938440749408857,0.07142406515982261,-0.17599646244462588,0.1584450188228449,-0.22199786369377644,0.07869716763318996,-0.04153255883033738,0.011488546059719926,55.01674633161504,70.33333333,1.3400739548611125,0.0,0.0,12.0,0.03499486328312345,0.03972240970344388,0.04385693430436327,0.018292902083942582,0.10883598466157691,-0.02729666917971892,0.0881616851673954,0.04477038017617127,0.030210753787125833,-0.01588047410179692,-0.07880140905126695,0.04885327313713697,-0.1542177280631792,0.11111350286356292,-0.18033264435379198,0.06870456596003854,-0.060174287350037256,0.0016830613649324833,60.73315940535577,71.16666667,1.3088212116030589,0.000126984,0.000126984,14.0,0.03506224229587377,0.03726525819532455,0.030293389402206626,0.04765177877414687,0.062825427106681,0.006172309393202143,0.07060141824061239,0.055865256628647636,0.02715091584990711,-0.03515568341454495,-0.042288484106790473,-0.03033810875372243,-0.05198735269073141,-0.055107347248530766,-0.005910763103966891,-0.06713571644670638,-0.0567165255534857,-0.02347730123616402,65.95243497150814,72.0,1.3718680883136942,0.0,0.0,724.5946634220114
0.0,0.008789939151919134,0.06813267865957065,-0.004941638438509807,0.10088759644791362,0.013586361405244165,0.026862682632116143,0.11494289213229074,-0.0183597343774405,0.17978594185989077,-0.010236497822186283,-0.020924096022688524,-0.06769740265737258,0.10055581704212675,-0.3130270899867671,0.25308025487568847,-0.37347862913331364,0.1597006089643014,-0.5442338107069347,0.0,72.0,0.0,0.014583333,0.014583333,2.0,0.00798192629232753,0.04338171272700944,0.05095212521178787,0.06801609339551402,0.006130052256202403,0.06864235632124634,0.055673989210681944,0.0658180888893903,0.07623032249459248,-0.006372045599282953,-0.04551117830895984,-0.04344615794570723,-0.05834879830900785,-0.07331744988059465,-0.031853185442317945,-0.11929648609195886,-0.08366111858584219,-0.0923257654405837,20.01881008989983,67.0,0.5926009491765137,0.008574828,0.008574828,4.0,0.007518113424633931,0.0325527328836195,0.04926267283699622,-0.0007531736560961629,0.0785899899599234,-0.002034504013434321,0.07877821343526989,0.06767422577746612,0.06946111899329836,-0.00933248784753188,-0.05413471778536726,-0.06490402991409398,-0.00388322716520922,-0.11061162095151704,0.012355015503682116,-0.09289475019763911,-0.033176051927770976,-0.06078438750163431,33.58486847032721,67.83333333,1.1880691575752826,-0.000742686,-0.000742686,6.0,0.02225455038363845,0.06370435516847074,0.019122933329310997,0.04600002058249341,0.04341360047449471,0.0013776163033449975,0.07598380999221298,0.03333590353800951,0.03999705013432281,-0.010603458694180485,-0.05030353315138609,-0.0010939244643058603,-0.08342779121579967,0.02581767530403471,-0.08432552729318006,-0.0036162082354348193,0.004793547788867933,0.003158813279041936,42.158666285536114,68.666665,1.3258650967997305,-0.000380952,-0.000380952,8.0,0.02116534000391598,0.06724358404657425,0.01779322031192489,0.05176941488407491,0.04504675004794646,0.0011370542489927268,0.09675364230402805,0.028428711081171315,0.043084140857120444,-0.010196964988710706,-0.047859656067349585,-0.0010000450865238028,-0.07560967157110918,0.02276092933819376,-0.06350443589017268,-0.0028910794047816188,0.005439818846871294,0.002638054206041952,49.172522534364276,69.5,1.3254383915586803,-0.000380952,-0.000380952,10.0,0.02458141417812207,0.04026727812015923,0.04083641629343171,0.024367963032627765,0.07276381833955242,-0.028650468623050332,0.09447002060312024,0.0452010571712397,0.030424341421302587,-0.01079892683121995,-0.08170098133980949,0.06530189717123845,-0.20798140918846375,0.1264120345874296,-0.22540000914563835,0.0923981419567436,-0.035618604671936796,0.00987608551872392,55.27257063711554,70.33333333,1.2837468493062871,0.0,0.0,12.0,0.03835307454649216,0.03764046963281256,0.03306021817464984,0.020715818837477102,0.09851669239757856,-0.022683456665971925,0.09587531843785548,0.04014027260936213,0.028462511876224984,-0.015936858125173838,-0.08513763734866646,0.0670308087775415,-0.16880217748371515,0.11791586230159276,-0.1788826781093218,0.058366269703298314,-0.06312185904828775,0.0017730818510323487,60.784863314689545,71.16666667,1.3111376142886182,0.000126984,0.000126984,14.0,0.02822604517769179,0.04500860204312485,0.03058838728426834,0.04561048132076687,0.07091750054227502,0.005060198856394712,0.06398796325873954,0.06955384829816154,0.020483709123597465,-0.03232556827908817,-0.04740850528557695,-0.03336514194789972,-0.03719949193671043,-0.07145206307309976,-0.005954261141708492,-0.06962845422202221,-0.05807568290368585,-0.023615691110457603,65.910477043171,72.0,1.4178094751312371,0.0,0.0,774.2688619039808
0.0,0.011895921269021142,0.07892888163571686,-0.005723037713310466,0.11300396647180365,0.016182932410944227,0.03344574651913263,0.11204139389504233,-0.01764160690037991,0.1747053819135965,-0.008535196118241578,-0.02221853550750836,-0.06318528690983137,0.11282473997804571,-0.2951000540366007,0.2880586489977696,-0.48967388011918184,0.17319242279023522,-0.5744010859092492,0.0,72.0,0.0,0.014583333,0.014583333,2.0,0.008401757895703917,0.041110857101862984,0.044496828807149065,0.06052763719498232,0.007294629213766724,0.05292953824010039,0.05025495823327592,0.055699379714387966,0.06752659887981974,-0.007540439839831508,-0.04113802863223214,-0.04874233738032499,-0.04418469395041394,-0.07328862275008606,-0.026351649436665053,-0.12236790414434635,-0.09374737184683002,-0.09215330160801535,19.86345575186993,67.0,0.5239293333220378,0.008574828,0.008574828,4.0,0.0058339437741433,0.03144031542472475,0.05479141484632599,-0.0009306098060086466,0.09600847644873205,-0.002120897458631565,0.09248995805674237,0.0847703505747592,0.07864717050836981,-0.009674056849367499,-0.04828033855032522,-0.06505159124943352,-0.0032004989274606248,-0.11565384837748777,0.009760749972576827,-0.10191911923152637,-0.022969768548670673,-0.05220924596977709,33.753283406878644,67.83333333,1.216912051964714,-0.000742686,-0.000742686,6.0,0.018725484987035197,0.058135606559055496,0.015028082959169556,0.05252063300829936,0.046636853059245746,0.0011353726576588798,0.09694587270974515,0.028097831498416465,0.04360737376619372,-0.011661679375471301,-0.05128759753199441,-0.0008825317535480431,-0.08762941611615872,0.0229001567056267,-0.08203423787065725,-0.003024688156795116,0.005449188145598893,0.003352722818399476,41.899960157319896,68.666665,1.3986145681350888,-0.000380952,-0.000380952,8.0,0.022152234574545893,0.06976960175243058,0.02043982054713193,0.04596809747405416,0.059390999604309644,0.001409576202102084,0.10673864549987554,0.02994780187760399,0.04147128295437085,-0.008359505651931892,-0.04470727749089001,-0.0012090890593273987,-0.07364187965327063,0.02804655524466721,-0.06385298703516584,-0.0035866260729788156,0.00537932458018895,0.0026021635362942666,48.852971076340225,69.5,1.3897014201753872,-0.000380952,-0.000380952,10.0,0.03424957879007257,0.03863837647694224,0.033528685245880194,0.025515748053989713,0.10192478041670455,-0.02552063531234273,0.11224918012137806,0.04257310401800773,0.02862863476171696,-0.008206444769851867,-0.09838176231872181,0.066311821529751,-0.19922690452557865,0.13882919517159323,-0.17276418087167017,0.06945769865242629,-0.030563770649378902,0.008775500041157487,55.04122488023734,70.33333333,1.3405583583568994,0.0,0.0,12.0,0.04104804546357306,0.03274136910731781,0.035424253385079006,0.01955776389862589,0.0993924666010767,-0.02216472612344106,0.09407000660598532,0.04269752071146236,0.024282943806321514,-0.017406391522716842,-0.10178339768310865,0.056190993512604544,-0.21832300157938644,0.1138903969755938,-0.17133579794390869,0.06261537386435656,-0.05159516112763942,0.0016825790254294951,60.99341920240935,71.16666667,1.3120346057426613,0.000126984,0.000126984,14.0,0.03218678320203133,0.04063054971250569,0.02591066776870498,0.0476813356620218,0.06096692763164371,0.005445587745505135,0.07971446582616362,0.05055334394844693,0.022831471317748177,-0.026469287586580938,-0.045476497195056476,-0.03143899654241496,-0.05110681651956469,-0.07502000065082648,-0.004908144879947618,-0.0704214436915211,-0.06604313212243905,-0.019007580489185605,65.88494635835734,72.0,1.3167001560901836,0.0,0.0,664.1393846748496
0.0,0.008587188209033451,0.06953885191309638,-0.006533844396053481,0.09457706351342472,0.01236106439706252,0.03341242854711935,0.11580499003330029,-0.018655707958477978,0.18585756107384585,-0.01003584973581014,-0.02157397546053675,-0.06760675802520645,0.0844722918753476,-0.34217206255240734,0.2966807676657176,-0.48186466918040477,0.18706848274860874,-0.46129543482052804,0.0,72.0,0.0,0.014583333,0.014583333,2.0,0.007747135295543146,0.05040104187217692,0.0499780489878126,0.061700408320993154,0.006275721085394651,0.05958990803779324,0.057992521044063286,0.06442720356407079,0.062085924593879474,-0.008501617699755906,-0.0472696481227368,-0.05179986383097561,-0.04928636025025513,-0.06560504273595255,-0.03142364455849718,-0.10274331339295269,-0.08727577777705285,-0.09315170158922606,19.8387303014161,67.0,0.6417350706032268,0.008574828,0.008574828,4.0,0.006066478437484813,0.034995003789041676,0.04452671617777411,-0.0007455847607933835,0.09169416172071726,-0.0020054527934603807,0.07751633573222647,0.08659139601500479,0.06333927976865895,-0.008267022111968227,-0.047782857834315046,-0.061962280019964566,-0.003752807092763228,-0.09313327672440365,0.012438229253950089,-0.08756790322691162,-0.024374496999910965,-0.04438083183900725,33.75065093381219,67.83333333,1.0716752773652052,-0.000742686,-0.000742686,6.0,0.015711709354618603,0.07152774639315572,0.019083936109606355,0.0539676127786439,0.0420589283397712,0.001216564951729023,0.08914836992140557,0.03815650214823169,0.04166092100993251,-0.011793121826190986,-0.05013443904460823,-0.0008326029742275404,-0.08443951459912567,0.03223748421051221,-0.09106119504080687,-0.0028214469417941505,0.005841944738778953,0.003376336557839678,41.912777806380596,68.666665,1.2754831836343548,-0.000380952,-0.000380952,8.0,0.02062663100989736,0.06802585505612757,0.021712375318087902,0.06352163933353663,0.05857951488123202,0.001020386695987014,0.07770524121819046,0.027262537946967258,0.046336877342604714,-0.011579140093370322,-0.047614227632165766,-0.0011136398528152948,-0.07436384304520723,0.024195859285299184,-0.08911616666372876,-0.0038854956045864548,0.0050825884576999256,0.00252613134205951,48.81173331364594,69.5,1.2912974890507396,-0.000380952,-0.000380952,10.0,0.02971535611288506,0.03949870245958028,0.04274547829539913,0.025561283007371878,0.07579065941610591,-0.02621349844109097,0.11453108560460469,0.04121367240456432,0.03190803597318452,-0.011015271599095893,-0.10064787204194774,0.0709685708706768,-0.2278598181425749,0.18492560554631007,-0.18096171982907353,0.07868741508828526,-0.03523955820052385,0.01246557935433024,55.213967971649986,70.33333333,1.2663294513541712,0.0,0.0,12.0,0.03347374436833005,0.03920662172692985,0.04883880449977869,0.018664774838434702,0.08916530913621787,-0.023734594883995156,0.07702927334200972,0.0529968525385987,0.024490647267626724,-0.01878679290972307,-0.08351295235904262,0.06202302902177546,-0.18332964951690675,0.10936195218814293,-0.17209568680996537,0.06672948372237347,-0.06347353910663046,0.0016916422733091773,60.760362815035414,71.16666667,1.2958326461054537,0.000126984,0.000126984,14.0,0.02727503053992993,0.038434088004265114,0.03375029792540651,0.03973550861124746,0.0666263040809645,0.005449892810750622,0.08234959005973588,0.05396184527212293,0.02466098555479298,-0.035685943948827736,-0.03681848182703119,-0.02647838442571134,-0.05195473922496917,-0.06212407770341752,-0.005919010226526514,-0.07500204119015558,-0.06883581375282612,-0.02211780227359123,65.98746090660782,72.0,1.4543243784674253,0.0,0.0,749.357429866675
0.0,0.012144616996748745,0.07511217257261335,-0.006102047166724949,0.09434048875200003,0.018241559588138643,0.03400101288165502,0.11574160483014445,-0.018889799346199297,0.16622463825402292,-0.011178021986153686,-0.01555999702617084,-0.0706247523352854,0.08141121242989369,-0.28574758038107273,0.2531182481914937,-0.5219122767583627,0.1663644793462699,-0.5084436542832906,0.0,72.0,0.0,0.014583333,0.014583333,2.0,0.007186614181852155,0.04376488492109608,0.036964003821741184,0.06452214629741347,0.005877735676502876,0.059048608889995566,0.06713543270683636,0.06352002975130976,0.07903574682079798,-0.007571081943398778,-0.03792893511745362,-0.03669161522983868,-0.042316690108659336,-0.07684205738737473,-0.02519474971944486,-0.13743586922622703,-0.11631686665697627,-0.09464467456193441,19.862392598082835,67.0,0.6335832495396092,0.008574828,0.008574828,4.0,0.006999642521828987,0.030866653635833824,0.04715730809605441,-0.0007944767819817049,0.0954172048973842,-0.0019687241826494345,0.06790613488591613,0.07161346558842667,0.0579105374871767,-0.008033550710932053,-0.0515364992970465,-0.0584223107935213,-0.004130461733034227,-0.11994894256837696,0.013529377753001696,-0.08647337461602683,-0.02525208984385322,-0.047910940184019965,33.66211598533731,67.83333333,1.1854763948610407,-0.000742686,-0.000742686,6.0,0.01589007229441315,0.05607137128676868,0.01671449775445029,0.043837330214349185,0.057167444585152744,0.0013676365480647936,0.11217660865124067,0.03761924018607961,0.05226051619551948,-0.010946886101468708,-0.04958091230733558,-0.0008568471087721893,-0.07435913938840367,0.027498092348452473,-0.07387702558764804,-0.003940942592062089,0.006549476928021532,0.0029098944140936627,41.896778418696236,68.666665,1.3213218517481826,-0.000380952,-0.000380952,8.0,0.01743740263538234,0.06429262606072653,0.018878275870781298,0.04688907974987294,0.0416877044111336,0.0010680834030211235,0.11248908435259825,0.033796094245777265,0.04308279226509841,-0.01036956263306688,-0.046746611733194686,-0.0008345054985171882,-0.08138849812549442,0.029824266705930406,-0.06874227757266356,-0.002868380722757883,0.006009724173572919,0.00308965281346674,49.17909431458221,69.5,1.2848610860332665,-0.000380952,-0.000380952,10.0,0.03474572604390465,0.0532385537559791,0.041222489346193394,0.018503259499668023,0.07806530288675918,-0.027750540928211668,0.10632240138924827,0.03890648313772503,0.038987115026502005,-0.010353721769127588,-0.0816994280807823,0.07914474922962472,-0.20618059249890772,0.17261678745981396,-0.16806565384983882,0.07724460688858975,-0.03314190089896775,0.010084661731909339,55.37778621490217,70.33333333,1.2465019418298948,0.0,0.0,12.0,0.036279981132813305,0.03332101252094577,0.034379942478687364,0.016058850948352396,0.0862662732992035,-0.02043071706451735,0.09124442846738212,0.043817518376675545,0.02925107334075257,-0.016062997212132092,-0.09187426841836967,0.05374116944088562,-0.21248485547684448,0.12497628756762566,-0.18651560475923087,0.05040826348304455,-0.06986224174294774,0.0018704597902904445,60.8033325528087,71.16666667,1.2750935315994636,0.000126984,0.000126984,14.0,0.03000170921360723,0.03980679257012007,0.03088846954279997,0.03776161269277595,0.05846103826429605,0.006387212440662688,0.06345995332489288,0.05231862178437865,0.02450350437058955,-0.03143078888704569,-0.04765616165111223,-0.03443962363025411,-0.0521814944351453,-0.07472286803862598,-0.005649482047866232,-0.06630809101915063,-0.06595784478344471,-0.025503265835578312,65.97698489143342,72.0,1.4280422665446697,0.0,0.0,591.5687952046522
0.0,0.010783456870883158,0.07201305336274218,-0.004886019124637445,0.10542916773942786,0.01322938175182851,0.03375464077610477,0.11455666918292425,-0.01827672923301239,0.17329676248903475,-0.011463654024412606,-0.01712499355272856,-0.07945546330052511,0.10456610532330421,-0.2740026935212627,0.29902741192527243,-0.5179038833987223,0.21645705211114807,-0.5144270406282563,0.0,72.0,0.0,0.014583333,0.014583333,2.0,0.008998288050961001,0.042311089546459894,0.04808361196563636,0.05338571581373208,0.006822166623331672,0.049336583054711294,0.055299004748804316,0.06665017042845349,0.07417857845976016,-0.007427473942200123,-0.05136144048928378,-0.050941720852817146,-0.040910673960500306,-0.0633866574797221,-0.030318150841204435,-0.1140653382222925,-0.08827135415782662,-0.1117644319227062,19.87286860724666,67.0,0.47687654647911815,0.008574828,0.008574828,4.0,0.007189787975399255,0.02651133858929578,0.049787351186047026,-0.0009611753640337667,0.07128279977747133,-0.0029322892075508947,0.08433812046408022,0.06624002001610486,0.0705083967746474,-0.007269206457739113,-0.03874831619067557,-0.05842012330032455,-0.003049032528125549,-0.10623434108658017,0.009117642532087956,-0.06915322578606405,-0.024685803798571763,-0.0620227758609229,33.54125977328775,67.83333333,1.1504359640382584,-0.000742686,-0.000742686,6.0,0.015232531462081783,0.07155797414992031,0.018271115612355622,0.051135114842929846,0.05269331890780126,0.0012194527921319102,0.08737365868001455,0.03283157301963639,0.04695607334699634,-0.011890072166154841,-0.05240591302579382,-0.0009688501227293534,-0.06309300987368192,0.02766103434578523,-0.09202888191923242,-0.0037175047426926083,0.005894256816532011,0.0032159133408689172,41.91387164222773,68.666665,1.2431860583231542,-0.000380952,-0.000380952,8.0,0.016865617134829203,0.059224762380705266,0.021709031313836908,0.044187884104924684,0.0522707055585976,0.001287740787736523,0.079029696985333,0.03843453366539723,0.05217311512344893,-0.01139202058085082,-0.052745094454380755,-0.0009881323028531517,-0.07433742330741627,0.025395925049844607,-0.07404659694406754,-0.003274543362382234,0.006969648864603439,0.002674233208175815,48.90758818135754,69.5,1.2539121225166134,-0.000380952,-0.000380952,10.0,0.03346218385414849,0.04141494655497238,0.032943192740462174,0.017758825803926032,0.07129023334067831,-0.023067124415686195,0.10397328760280658,0.04492467335247835,0.029269856560467492,-0.008001840341077074,-0.08549783225262375,0.0685463028205732,-0.17440421561360273,0.16555093601933063,-0.22612595796688775,0.07880069309776017,-0.036459726524743906,0.010778167204087962,55.00621045189473,70.33333333,1.259070599233826,0.0,0.0,12.0,0.031088740681312017,0.03345744361567559,0.03459537286301118,0.018135940895479413,0.09174440022872582,-0.02357307836108622,0.09627601299289035,0.043347532240540124,0.024384519180351647,-0.01789759367919869,-0.10105833961861486,0.06481887002159242,-0.21132859156745382,0.11527640137592303,-0.15195279046200952,0.056530390610760685,-0.069145109949573,0.0016445186768152024,60.81222578648646,71.16666667,1.3097957762823769,0.000126984,0.000126984,14.0,0.02618900531898964,0.03564713751914109,0.027491319194192676,0.04006607971558084,0.05612959179610323,0.0062900412072294494,0.05954888350272922,0.053870423485663836,0.023837243018950634,-0.025370760417923358,-0.05109789913132687,-0.0353824126721214,-0.042210700233476145,-0.061206999209293775,-0.005676244077771195,-0.06864418962027723,-0.06753719682842096,-0.018935979431341465,66.12415489088022,72.0,1.4356582596136296,0.0,0.0,732.5428137458324
0.0,0.011032249884646128,0.07793999647211099,-0.006086639748100065,0.11690033986726331,0.017113663089579158,0.02658012228947506,0.10444816426899625,-0.014469702899919366,0.17079561070904012,-0.009428867152295826,-0.015772648864339222,-0.09379879958040677,0.10000655804039997,-0.24650781022772447,0.25974566762899187,-0.47124785183933643,0.16103771241488318,-0.5262176843434623,0.0,72.0,0.0,0.014583333,0.014583333,2.0,0.008630712200418333,0.05081994574886867,0.046697550892810635,0.07140382502178542,0.00629129937274946,0.06486865336084026,0.05134629697373989,0.061427383061452095,0.059742559832742896,-0.006266786871537752,-0.04266583536163782,-0.04441751211914437,-0.04928242901660134,-0.07006914031526515,-0.02295731676783642,-0.13754280375748318,-0.08124057742361983,-0.09000185124884351,19.845356310893592,67.0,0.5409200732227449,0.008574828,0.008574828,4.0,0.006759677193741431,0.033414404656380126,0.05395224766622132,-0.0007686426170371886,0.08862138841697433,-0.002191817272783499,0.0708623215892959,0.0738267465770224,0.057221999869893396,-0.008012730033488697,-0.04975374318439014,-0.05706352412954638,-0.0035016367730587444,-0.0915879673245863,0.01077178631298163,-0.08884209850318973,-0.030040253145873826,-0.04353374244126355,33.93053575276268,67.83333333,1.0655608540630714,-0.000742686,-0.000742686,6.0,0.020015293952594947,0.0654146395170558,0.02092071100764434,0.054561476666160326,0.040946406873749785,0.0010444543993933459,0.09335137014852883,0.0284448494198955,0.03983260411667633,-0.008288265808223545,-0.05292993281780412,-0.0009356520572900524,-0.08261751074299152,0.02576482330754184,-0.08754664222411834,-0.0035641415857805532,0.006335720603723039,0.003485558595078306,42.168912349463774,68.666665,1.2676656582785895,-0.000380952,-0.000380952,8.0,0.02018044169106496,0.06511598089229464,0.016773851823302138,0.049027228685340506,0.04435370236757505,0.0011895743470327733,0.1120465098078166,0.03563048574528791,0.04723318112240159,-0.012156651363413661,-0.05685565149312754,-0.0011846472667162925,-0.06342782490257885,0.02782746683679763,-0.0896683512379216,-0.002920292515903703,0.0052807726824554676,0.0027244181340570447,48.80199829118932,69.5,1.3767530704799475,-0.000380952,-0.000380952,10.0,0.02813264065131654,0.054158861882185765,0.03792587725689057,0.01738952771501173,0.09468608967512344,-0.021029637195610965,0.11451278583111263,0.03868651242826034,0.03464164439062106,-0.007806176992065892,-0.07427983811807827,0.0732062367187351,-0.19606068764403425,0.17812326586304603,-0.24129890653405517,0.08191400719722935,-0.03575873863254234,0.010520153665139476,55.23845242928328,70.33333333,1.3350067762848794,0.0,0.0,12.0,0.040979822610181044,0.03838863142959308,0.045636929020147016,0.02072388807198783,0.09494781497433369,-0.022962065612587942,0.07431928029673444,0.055249282875627935,0.020519192901149338,-0.018580365912050263,-0.0827965406927345,0.04915616639607031,-0.15788557780929005,0.1286112055795741,-0.15339638074582965,0.07457746400768198,-0.05558898308634913,0.0021484847022012242,60.70172241610898,71.16666667,1.2879864656014495,0.000126984,0.000126984,14.0,0.03318434141695371,0.04233954449618923,0.03674340626515073,0.047328001684945865,0.06039178064806199,0.005956643902042209,0.06543951483727999,0.06735193338739252,0.02475662776472273,-0.0355722813552354,-0.04598955693062096,-0.035818820122991854,-0.044722855019464214,-0.07320668934485233,-0.006152999443572286,-0.07475137503407883,-0.06018375256036566,-0.02625099453196832,66.15664831937013,72.0,1.2722129961327788,0.0,0.0,655.7949795042034
0.0,0.008524424248302126,0.0732820525181142,-0.005563907904237245,0.09150397271638634,0.017822931041137254,0.028508623518612632,0.10822853989909469,-0.01726474771140237,0.15152907320669504,-0.009699333393979855,-0.017666139199568782,-0.09012871599448995,0.11622926889189056,-0.3049863866883054,0.2539434144662524,-0.4483830863150638,0.22171210072800662,-0.4659298612604343,0.0,72.0,0.0,0.014583333,0.014583333,2.0,0.0067524808214858584,0.05031520039885541,0.04402046857607968,0.059595011948154,0.007127600121384201,0.06216137092868,0.05278653787033275,0.05063645205688486,0.06342336651170805,-0.0067358894389391065,-0.036590890207040025,-0.04364421088082902,-0.0565282662685189,-0.06454092422870848,-0.024322269839099145,-0.13999786968567174,-0.08597443918869406,-0.11629529963400019,19.896397737133004,67.0,0.671433650798654,0.008574828,0.008574828,4.0,0.005449310689908864,0.03391483525226518,0.05634579442445064,-0.0009640598461098896,0.08617380674031046,-0.0025136130153831293,0.07806980156327985,0.07169516068257668,0.07882103147865767,-0.008659305910637426,-0.056214384525519516,-0.06241525686155164,-0.003451533503871414,-0.09053605206544992,0.011902566019871353,-0.07769244330051382,-0.02750340584890486,-0.0433998551132949,33.657261651290995,67.83333333,1.1823288682465116,-0.000742686,-0.000742686,6.0,0.020635669654220097,0.06160884499259311,0.01473953024858457,0.05005577128497619,0.04768888803701595,0.001040314320259978,0.0908521484139294,0.026441034194449986,0.04318710861991936,-0.008396387051545972,-0.046067255894281386,-0.0010916950186181482,-0.07233624204892634,0.026020179461848706,-0.07962231939880948,-0.003563022480440122,0.005227081696167677,0.00346555898708985,41.84676687723772,68.666665,1.283783568421303,-0.000380952,-0.000380952,8.0,0.018272932360727013,0.05795332242130626,0.017145003953968566,0.06302376720997467,0.0455557318880936,0.0011102871770626015,0.0781224791830561,0.03098191679505728,0.038580805679843184,-0.008832578408126929,-0.0447097064354831,-0.0010586012495729326,-0.06463211242939279,0.023423900811629136,-0.062156475747757976,-0.0034116679423619547,0.006780514195632438,0.0035876259996446033,48.977210441706504,69.5,1.2789735578635388,-0.000380952,-0.000380952,10.0,0.027807662852793357,0.0500675580339881,0.03831925148022304,0.02325575943618323,0.07212097076235184,-0.024883570062705567,0.08984030731987168,0.0446371875789515,0.03753239897478347,-0.009469899500211201,-0.0868076207889074,0.06478149042290551,-0.19757723387624307,0.1748315618191907,-0.1678615358178362,0.06877371668751549,-0.03265497633477466,0.009835258936229219,55.12275683207944,70.33333333,1.266684412403218,0.0,0.0,12.0,0.03495647156136322,0.04078025813424692,0.03982955588665212,0.015318816487935673,0.08318593194826018,-0.027263264993347726,0.10231493605182171,0.045384742899762485,0.02200130919139012,-0.017125919548870137,-0.08334175940572587,0.057521140799689924,-0.1577735711670509,0.11664135292671368,-0.19777213407817135,0.06963587863581107,-0.05278006623610731,0.0015074267707249499,60.60438454675992,71.16666667,1.3401712185214154,0.000126984,0.000126984,14.0,0.03234614648291729,0.038769538497095926,0.03545814020494195,0.036797817813791385,0.07109845649251817,0.006438556281694925,0.06622272079893801,0.051532006988116996,0.025768217412115317,-0.02923084839922121,-0.04885228885607001,-0.0268780324495464,-0.05083108410643653,-0.053323328911961065,-0.004468001064173851,-0.0655831903780849,-0.051913515518518756,-0.021385283963119665,65.87066579944639,72.0,1.3903950483623233,0.0,0.0,635.6740716279276
0.0,0.009324665202586808,0.07603156679089891,-0.004947371384689826,0.11885483589845745,0.016715386054005833,0.027503084502363048,0.10274452068975613,-0.018214866369031166,0.1447242428692105,-0.008065296301413132,-0.018132531435439532,-0.06902975621151625,0.08752438040222288,-0.32916187806337277,0.3281923290444459,-0.4723967247084331,0.17961253027374177,-0.5252748318195753,0.0,72.0,0.0,0.014583333,0.014583333,2.0,0.008875565717348715,0.04098058020436784,0.04946945574904424,0.06575549456691229,0.005724456209389765,0.04915948077070249,0.05800882230221976,0.045891762311624874,0.07394807908136986,-0.007343454964501357,-0.043777831326072186,-0.04252321486877363,-0.043552648651082125,-0.06624761573107056,-0.02785441680028217,-0.11208657490709982,-0.10014249948917253,-0.1116441858142468,19.860000464780615,67.0,0.6474135534970602,0.008574828,0.008574828,4.0,0.006045299711437201,0.03148702906692726,0.04280264087764534,-0.0007631001762303715,0.07950079636719508,-0.0028461772503118776,0.07289960621612444,0.07286108250686787,0.07746881714136285,-0.008654232853155454,-0.046257904986449744,-0.07175193084531817,-0.0033688667074184392,-0.12049814157380755,0.011133533050073125,-0.07589165305977393,-0.026328251172604216,-0.06131086120310395,33.64722347331939,67.83333333,1.2054908405148297,-0.000742686,-0.000742686,6.0,0.015884001195608313,0.05947153464403295,0.02045613057411361,0.060519449240863624,0.05058615242728716,0.0009871142752558618,0.10094849366392382,0.036947863173937306,0.03773135145770266,-0.009970418281615418,-0.04343531976044385,-0.0008482598650765706,-0.08007489792459468,0.030435620114781656,-0.08454859203610304,-0.003832082320598813,0.006212171610704394,0.003114433882464912,42.11536315373421,68.666665,1.2645311693613168,-0.000380952,-0.000380952,8.0,0.019681338231740654,0.07226508067730211,0.02160874120413916,0.04942607004746639,0.043351068786899656,0.0010326161868240208,0.08056437474059606,0.03329184792374962,0.044212461752423556,-0.01106140163683487,-0.05446170169525277,-0.001061452188948225,-0.07560637298649077,0.029596285048251927,-0.08051039309314122,-0.003123932123105719,0.006903840914330503,0.002558256341052472,48.979415128522035,69.5,1.4149417777026965,-0.000380952,-0.000380952,10.0,0.02784514523636592,0.054161284051044874,0.04332483069741482,0.021171359024103848,0.09655372148720451,-0.02534552709137143,0.09129872438053291,0.032446979634372486,0.03591187492962512,-0.010105756922509956,-0.07323919905509206,0.0711286720137302,-0.16669294198294357,0.17750936597347963,-0.18684376949751905,0.09041652108660028,-0.031203491245904328,0.01073371127959292,55.000161360992415,70.33333333,1.3841126636810082,0.0,0.0,12.0,0.03443222590671856,0.03288372284831385,0.04897384419547397,0.016224445206736566,0.09759458676303515,-0.02595588604372149,0.10152936204320304,0.04292959670782749,0.028432285878052407,-0.01717957863087312,-0.06880671391830671,0.06582261736649882,-0.15470957836539292,0.14653681038760594,-0.16200591575385676,0.07108935304357805,-0.04998968890567706,0.0019377084427486982,60.953229739567725,71.16666667,1.3475445491879925,0.000126984,0.000126984,14.0,0.03153988726474021,0.04145959440155575,0.03591127297345599,0.04660492580403707,0.055418006174422815,0.004995648323173175,0.06932803829731951,0.06653331537433702,0.02744243424416678,-0.02662603309905161,-0.04365378443866453,-0.0352748971764386,-0.04227193649058396,-0.05496422372017144,-0.0048054510270494795,-0.07928487767542897,-0.06126534969771595,-0.022134024789667778,65.92828420675403,72.0,1.441851079428509,0.0,0.0,787.4574621138067
0.0,0.00962358021428775,0.0770630909018825,-0.005417086163741317,0.12393268268919799,0.01690465374838169,0.029927386761082652,0.0913099598660247,-0.018755422395705216,0.16690015632844624,-0.0093905801341541,-0.019239248381213114,-0.08438922852465128,0.08049845836665741,-0.261506736362422,0.3105389083206139,-0.47262428641236914,0.17174308275918668,-0.5025635102975714,0.0,72.0,0.0,0.014583333,0.014583333,2.0,0.00614883880460034,0.05121757520859281,0.04193596509742456,0.0628651743649468,0.005084123558596869,0.06151872167831261,0.0547690201957761,0.06222407832772387,0.07519649208062858,-0.005949281277546721,-0.04958726412533359,-0.046154679690246427,-0.04531172220207399,-0.054832483898455894,-0.032772115110749504,-0.11723944046722586,-0.11857421277034126,-0.09832740695791568,19.963058144219996,67.0,0.6231914548090896,0.008574828,0.008574828,4.0,0.007405449301621868,0.029965982684107943,0.05469422509614072,-0.0008548325635381671,0.08867118914522935,-0.0022186209953526754,0.0692868742313685,0.06951689583482874,0.07048063419007948,-0.009828595032286013,-0.03795150002800074,-0.07291695333036934,-0.0042793650646752975,-0.08477965306005726,0.009767387645994937,-0.07589681531552625,-0.026170563558245902,-0.04413018805987304,33.54819525857565,67.83333333,1.2085787664146546,-0.000742686,-0.000742686,6.0,0.018172428540041818,0.06820385432659982,0.018496839438223566,0.04961038918511623,0.0607788158864577,0.0009762474239455675,0.10761437973737475,0.0384803576206545,0.047217126665289946,-0.008364195153751518,-0.05630331191900018,-0.001078486468279046,-0.08338515171065979,0.03181531432940244,-0.08013419544775317,-0.0035561841728315754,0.006872210244207559,0.0031043941762939485,42.01901768397582,68.666665,1.3264746272911963,-0.000380952,-0.000380952,8.0,0.01504152231208619,0.06912173219206895,0.016975402392902086,0.052569755632653065,0.043916125744716844,0.0013857397912419521,0.08079715170930209,0.028187451581575363,0.04670848548533934,-0.010677639884022466,-0.05543842703817171,-0.0009048695341155407,-0.09204148454980038,0.02600180382618572,-0.07464128922973286,-0.004004090413901488,0.006199702766755234,0.0025912122016827554,48.83227889538064,69.5,1.3715771180915592,-0.000380952,-0.000380952,10.0,0.029900774263543192,0.04318632104381137,0.03511225166605823,0.021071088123836686,0.07560929375175113,-0.02310588944898677,0.10270337442199938,0.04336977422189682,0.0361012911160404,-0.010134938553311637,-0.08642742261261331,0.07206550979932369,-0.17644031656865558,0.1746225889930031,-0.22284978852880838,0.08227974210558639,-0.04127561569618196,0.012396848165497364,55.11083406214226,70.33333333,1.325965509556166,0.0,0.0,12.0,0.04006152169865242,0.04715583261964555,0.03711067550405382,0.01657591260481922,0.09311480032434935,-0.023790454955861046,0.10315452923041468,0.05439961830198125,0.024243094188953287,-0.01564683603825042,-0.07377926525846516,0.0501658060446316,-0.16632630618614802,0.12676553480694094,-0.19009661915196538,0.07126061133184126,-0.06391916389857318,0.0017737258068658765,60.85762231661794,71.16666667,1.2903290875919364,0.000126984,0.000126984,14.0,0.0298181173813551,0.03941039701632502,0.03529700222801562,0.037228160191235316,0.07481349809812522,0.00595233769505979,0.059239335070128574,0.05193706726648343,0.021193018494274508,-0.0290884457263288,-0.038303896347900414,-0.02604429894433905,-0.047512216781694004,-0.07006136385890338,-0.004439262562970332,-0.07889275986278803,-0.06600453109820645,-0.026191095320368316,66.10553138666855,72.0,1.3251790044461047,0.0,0.0,693.163373528866
0.0,0.011808296948300398,0.07107871564371532,-0.005670781117113063,0.11076080213605417,0.013889623541395649,0.028091686915813496,0.10184066869533089,-0.017182969073489297,0.1671708695970159,-0.010006007266224406,-0.021865271430803676,-0.08264575289050388,0.08716292575089873,-0.31969748485088517,0.24822781396458352,-0.42717085067255933,0.20865358542762666,-0.5052187439727985,0.0,72.0,0.0,0.014583333,0.014583333,2.0,0.007520718414988842,0.053514470507897795,0.044431542089606306,0.06718812765969737,0.004983161232784478,0.06682926592529843,0.0635498789215281,0.05649465178615372,0.06722611546038154,-0.007892473163840143,-0.040119846615855936,-0.04834936757724554,-0.051190266837191155,-0.0679792641608767,-0.030695959687350626,-0.09904297983480462,-0.11499159730448723,-0.10791728617329366,19.976506460912073,67.0,0.6691872497451958,0.008574828,0.008574828,4.0,0.007599872187741519,0.03203594668845126,0.04748643739613367,-0.0008704444491386638,0.08862315936752864,-0.0024055990354228305,0.08263859528141657,0.08573692537179702,0.08176428544709777,-0.007982598431654412,-0.054485016724542465,-0.06172950156388145,-0.00432529253595593,-0.08230926072818134,0.011475043670705136,-0.09026189211260026,-0.027010498842515412,-0.05197690347070789,33.55629221201607,67.83333333,1.0728774977179425,-0.000742686,-0.000742686,6.0,0.01714365604110985,0.053292177023279874,0.01537030711316536,0.05937830403091842,0.0493252511407396,0.0010787349906890272,0.0861046412353538,0.03145003526365021,0.048539330576268795,-0.010367266271641952,-0.04704952189168075,-0.0010467319370683012,-0.09178391490909463,0.027891933775775785,-0.06981010253257396,-0.0034665876398048173,0.0059445224396018,0.003490433162873169,42.15165006183016,68.666665,1.2283467036004747,-0.000380952,-0.000380952,8.0,0.020932896885701536,0.05897547133896223,0.020909963265673306,0.05914905164111946,0.05335646950918368,0.0014353356348733798,0.07935588156774681,0.036898882243836875,0.05006466343730892,-0.010272760349484118,-0.05696760538411462,-0.0010209002976170204,-0.0735899892894781,0.030176197306051745,-0.08667018074412364,-0.003356189621045523,0.0055066886364688655,0.002778180649109477,48.89181860801907,69.5,1.2341174908627015,-0.000380952,-0.000380952,10.0,0.030355805598019543,0.04026539457118633,0.033531070154614144,0.017246467017104392,0.08322511819962881,-0.02247149988132178,0.0781880277594895,0.03724986399550687,0.02642554195042428,-0.009936218264300365,-0.08896207061352478,0.06647813967659331,-0.20453426817597645,0.17948577734788018,-0.2364964314532866,0.08059828215031355,-0.02963928153940669,0.008648425603291784,55.2646858584682,70.33333333,1.2066779554032028,0.0,0.0,12.0,0.03606902842587935,0.03798032920745088,0.04615558739412011,0.019423764856617856,0.08820098984067923,-0.023935972371089416,0.09726238409495441,0.04989178149396084,0.021182717186618502,-0.017537387306491174,-0.07904892858447117,0.06674387842651919,-0.1684883678692881,0.10539939072615959,-0.15299250242168902,0.05895695267015974,-0.05196600230435941,0.0021716256793533994,60.799345530154866,71.16666667,1.2317992193168577,0.000126984,0.000126984,14.0,0.02398550061187004,0.04239757300716148,0.036367335007809365,0.0490636432034894,0.05676363854865631,0.006220085856299116,0.07989818887576337,0.04868342725063172,0.019188566801775168,-0.03482588502384305,-0.04401491507585387,-0.027518900572803155,-0.05221675066218616,-0.054305740454691075,-0.004625229590949122,-0.05878986547441032,-0.06861880407051273,-0.01869315664970533,65.94643026861327,72.0,1.441349037666955,0.0,0.0,564.316665779544
0.0,0.009372558034969837,0.06885877082647732,-0.004463702915477826,0.1205960649425136,0.015000950373382088,0.03309906843441838,0.10721485151812428,-0.01733532644148054,0.1473735981944082,-0.00868689873202103,-0.015625890632196514,-0.06353102083812587,0.10605111545694336,-0.29978817900468335,0.2473295479739315,-0.3829528368837542,0.18131597220493204,-0.5721801843718618,0.0,72.0,0.0,0.014583333,0.014583333,2.0,0.006954755570653923,0.0438730191944867,0.05002294031989534,0.0695000171386516,0.007142653723129949,0.06603781403724605,0.04987450738076125,0.056783990600597044,0.07161868431765946,-0.007800496963394351,-0.04929898919088733,-0.05377800763910054,-0.05690966469471214,-0.052240878686737297,-0.029387951575061133,-0.11857534129946427,-0.08403884015875807,-0.11504869115582271,20.064991640387596,67.0,0.5143924590346683,0.008574828,0.008574828,4.0,0.006732462545493507,0.023802071074359936,0.061534834760857596,-0.0007755698999737179,0.0946073069372197,-0.00252187198583732,0.0836724813295042,0.08191744913302298,0.059151309960921446,-0.007251684807225539,-0.05294168175542869,-0.07568801928663102,-0.004142789461442366,-0.10577640284527101,0.010395808436036089,-0.09885585691516556,-0.02856244040784881,-0.05203698941406066,33.85292658651864,67.83333333,1.170227237753752,-0.000742686,-0.000742686,6.0,0.017784577343687772,0.06580155558603264,0.015616410746955337,0.04575287757925387,0.05796514344100891,0.001182148600025247,0.08953305900172354,0.02833238316028915,0.04113707648661979,-0.009696976154348105,-0.04651049093607252,-0.0012103247749861781,-0.07596155197826485,0.02379317695770268,-0.081729575944977,-0.003972423460941749,0.006169300125066344,0.002648172707121231,41.906159353664854,68.666665,1.309646816151746,-0.000380952,-0.000380952,8.0,0.018738223283525878,0.056584727320328654,0.017533585439227374,0.05365104617691368,0.041690604271080706,0.0010698045587267863,0.07710666568774499,0.03413765374670204,0.038875354842141926,-0.011678045673156157,-0.04742627607899017,-0.0010175695745452708,-0.07232824698429156,0.02437629392909037,-0.08082573094801702,-0.0031384080411500006,0.006544816629894182,0.002585656448884604,49.17392660726996,69.5,1.2638949092132765,-0.000380952,-0.000380952,10.0,0.03175860803795052,0.03808606915534916,0.03651943392879101,0.018490814575903545,0.07212693015442354,-0.030779675794146342,0.10088964816546195,0.030598664090125523,0.037635673740509606,-0.010174795563396939,-0.07808081645231689,0.07598186859578013,-0.2100009325511264,0.1680112997435446,-0.1985276019556319,0.0848746696655273,-0.03711289504018102,0.012435037344686916,55.11669945150356,70.33333333,1.2680535458913575,0.0,0.0,12.0,0.037067358050404134,0.03627989853345175,0.04456851197489521,0.01803138628836971,0.08328892075600874,-0.028286611860459717,0.09436087346386089,0.05605856157188537,0.023166503255836093,-0.012865424506629426,-0.09220163844225913,0.06901969723057548,-0.18740881328896283,0.10453909493675213,-0.1881414111985914,0.07063808482046413,-0.06396858539618405,0.0019471023611012735,60.95582270607132,71.16666667,1.3280797605706567,0.000126984,0.000126984,14.0,0.02455361726759471,0.04090391724206118,0.029065537956882992,0.04988004052488197,0.06119473859129499,0.005014993035565093,0.07019480248387876,0.06791012592182463,0.021158356727565452,-0.0280392186806556,-0.04019368105225697,-0.02580983468884535,-0.04413046584799831,-0.0651742794449977,-0.004496970946900684,-0.06005304543627125,-0.05115378051343252,-0.026767416588640184,66.18777040243236,72.0,1.3124310237751968,0.0,0.0,735.2527785788287
0.0,0.012154864803827766,0.06878525067710758,-0.005907249965397367,0.12248160018459414,0.013957502523783605,0.023698409080297834,0.09705534677461888,-0.01727575380298768,0.12734129622336082,-0.011359339388208222,-0.02047396882079997,-0.0806540031357468,0.09665547219095702,-0.32241385525924265,0.3088621108687645,-0.489200306417943,0.16739344902102596,-0.38859996417726056,0.0,72.0,0.0,0.014583333,0.014583333,2.0,0.008629339724027305,0.051135624755169314,0.043653724186370875,0.058369247801999764,0.005481896608765816,0.0577251577333434,0.07074830620325415,0.05354358832588429,0.06126457258147605,-0.008353100753178246,-0.051823946378866635,-0.04898927521992558,-0.047908895690502946,-0.054499931230278395,-0.02642292385552386,-0.11963830821054994,-0.1202058588944682,-0.12589497304948177,19.931680640512234,67.0,0.49125546777030243,0.008574828,0.008574828,4.0,0.005691727131916399,0.03369052306431455,0.04759050696841743,-0.0008459377734211951,0.09476336078281677,-0.002584380097440887,0.06232548959853364,0.06474163354622474,0.06640792832079674,-0.009029697588990858,-0.04871856318870358,-0.06252630644465543,-0.0032456415417699913,-0.1001452302291134,0.012243339536720637,-0.09680181769428474,-0.032536803545295326,-0.0612905186182154,33.63960222506077,67.83333333,1.0935680213228651,-0.000742686,-0.000742686,6.0,0.02186187853223426,0.055457555607831104,0.0163300237619875,0.05741271412164583,0.04265727133641403,0.0012769276622286042,0.10106321453263811,0.030737127145759966,0.04734075692791625,-0.011962694390860966,-0.04673162287625915,-0.001075599100435288,-0.07156037298383756,0.031052534378736243,-0.08626503992736177,-0.0034178237526372897,0.005742908007342981,0.002605713161707246,42.09082313620769,68.666665,1.2749989517182576,-0.000380952,-0.000380952,8.0,0.01837881949683614,0.05103635119187169,0.019883203947214583,0.05392604174993169,0.0593416265071134,0.0012032243670296533,0.09274217700304192,0.03671060630375134,0.04939634291024968,-0.01216245356239039,-0.04460707674909914,-0.0008935741754955457,-0.08159327027805176,0.03328014692238054,-0.06780929092714874,-0.004047385351505837,0.006116565370405963,0.002821220340131809,48.86251394235707,69.5,1.2490054477732229,-0.000380952,-0.000380952,10.0,0.02695286616790312,0.04830644986564927,0.0436270724364223,0.01762441411389316,0.0815587084500264,-0.02820895223894433,0.08911692449866687,0.04316343060526974,0.030467173166753986,-0.01108625533128698,-0.07873063917237104,0.07763124650138929,-0.2301629669642532,0.18204273309827435,-0.23901619636486615,0.07503358922439306,-0.02961566422467303,0.009110777640018714,55.26627833448471,70.33333333,1.2630576125809096,0.0,0.0,12.0,0.02758948638963993,0.036313509403118414,0.04345116147159646,0.01648815527426488,0.09747288929100385,-0.021667704925786638,0.07860224097799688,0.04396369811104376,0.028188842491647916,-0.01738303162861795,-0.08286349182169404,0.05537113676331665,-0.18731018904552205,0.11788006616330762,-0.1765325473899267,0.06658626220568589,-0.06348064874466398,0.0018525006019959533,60.78601930815305,71.16666667,1.299298616444813,0.000126984,0.000126984,14.0,0.02652996510184189,0.037509162502602354,0.02714346416103683,0.03522801852282559,0.05463778754696427,0.0051854658547161,0.07609122970254686,0.055629533695756156,0.024376512417476334,-0.03289252750809749,-0.04297230047096146,-0.03650117741469283,-0.0486934393990437,-0.05914779361202586,-0.00447246968425038,-0.06517004875507638,-0.06792474130096685,-0.025606020086061203,66.18132187834902,72.0,1.4515236575007795,0.0,0.0,774.43314556805
0.0,0.011262331895749106,0.06604424102567533,-0.004894862191321643,0.11563843613816194,0.01586687155636373,0.0335995114098313,0.0785336818233991,-0.017862218710118255,0.15755621158163594,-0.007825312174926434,-0.0211651261813289,-0.07361211677669192,0.11017709731371997,-0.3408259306259001,0.3076591908990258,-0.4596870030690825,0.16519710187506292,-0.5305228008633407,0.0,72.0,0.0,0.014583333,0.014583333,2.0,0.008266140696213835,0.053329174331091106,0.045915349143341284,0.05098197188813845,0.006049705924250003,0.06047669657692459,0.0554672322389378,0.05189759007718651,0.07339075468851367,-0.007568878775468638,-0.051615155244973655,-0.04519684067411553,-0.04398377680679521,-0.06216118968316718,-0.03110106104425835,-0.136548007915086,-0.10994515416505314,-0.09050276786794632,19.82361356779735,67.0,0.6665133154437041,0.008574828,0.008574828,4.0,0.0066342587118187555,0.029317824603343413,0.0598191719584927,-0.0008548949249573795,0.07841239546051569,-0.0021358504296935554,0.08177801896964114,0.0691922977850428,0.08149388323359018,-0.008517871554557445,-0.04465539459658479,-0.07864115689695095,-0.0033474902825059933,-0.08557764451458554,0.010501171134084707,-0.08716585960154555,-0.03122022955901048,-0.049891006294699655,33.562653011001004,67.83333333,1.1727161779495139,-0.000742686,-0.000742686,6.0,0.020263302958036578,0.06288009202030222,0.016433549901685208,0.05463436321571742,0.05147038837086637,0.001241497788518663,0.08627575394460077,0.035177432806100466,0.05220829101595252,-0.012330805667956026,-0.04245454502821949,-0.001184616167238896,-0.08692465434655598,0.03172547178037853,-0.07872636943689552,-0.0031623695050803846,0.005841351040262916,0.002822663761018997,41.99432207337452,68.666665,1.234905530518969,-0.000380952,-0.000380952,8.0,0.020536110099638717,0.05994857394533512,0.019977743805212948,0.06183014885387326,0.04767835281604051,0.0010662703850919328,0.09038323847802181,0.0357326227651276,0.04576291852544864,-0.012332463366668683,-0.056670021990576525,-0.0011702323382814532,-0.06624396331264244,0.024541200838870188,-0.08606228154735131,-0.002834538321217188,0.006480971524773611,0.0024821257996261127,48.89022225893827,69.5,1.2971073913917606,-0.000380952,-0.000380952,10.0,0.03503489826317378,0.04266048476037541,0.039246661045174894,0.021245613116474032,0.07684610493429725,-0.024013621931748705,0.09066623344405621,0.03760113573017941,0.036693530647137956,-0.010376057167151972,-0.08094249693865446,0.0708879018343727,-0.201704100533627,0.1521027428485596,-0.18556210054580768,0.0739999318418255,-0.0386352650041353,0.012303686324213433,55.30544696677,70.33333333,1.264380647926626,0.0,0.0,12.0,0.036399700191651965,0.04370030672573191,0.044130307566275166,0.016654775358377526,0.08673409170257343,-0.026730117816867436,0.08735969557106345,0.04014326456606895,0.025308302744309535,-0.015750966330771606,-0.08276439256930238,0.05215694000681502,-0.16369322147766593,0.1269091191130048,-0.18799206610725938,0.07302450622602934,-0.060175149013053604,0.0018681042129935052,60.93097418552992,71.16666667,1.298759537954453,0.000126984,0.000126984,14.0,0.027666031153717546,0.05079548022423173,0.034809769759527494,0.04671684428082253,0.063258586959405,0.006129046279606552,0.0691167967435464,0.049471158703107455,0.020769752130196394,-0.03216614605311057,-0.04543200735406931,-0.03248153848866197,-0.04670549689185589,-0.06969722508527748,-0.005457754396023232,-0.060216665413774566,-0.07039412120837016,-0.025689458799934773,66.0145630218648,72.0,1.4361193445982083,0.0,0.0,795.7496542619712
0.0,0.008959308629263509,0.05545906112746072,-0.005557358082907242,0.11971962242629543,0.017761178378964095,0.026393352864876856,0.09346562996764857,-0.014068138307530856,0.18219622358107762,-0.009790658071448542,-0.01661340222204605,-0.0921326455100868,0.09079298122373208,-0.29166604205839236,0.31082445028191397,-0.4765961556326706,0.19482146671315165,-0.48986651289681565,0.0,72.0,0.0,0.014583333,0.014583333,2.0,0.006112693629193085,0.039620727451783265,0.05037050281398236,0.055578105549407994,0.00682249223843751,0.058553165115539874,0.06842204148353188,0.04770838238449021,0.06560816402216835,-0.008483953245014164,-0.04162425241865316,-0.03982651154647973,-0.040449273192296416,-0.05668589690530263,-0.027732637072617024,-0.13965290158388988,-0.10416286156925994,-0.12508295494913943,19.89158341449105,67.0,0.6483800729215665,0.008574828,0.008574828,4.0,0.005920995567521477,0.026218127267825794,0.061655110507752645,-0.0007228845295962495,0.07067325200770917,-0.0024199386819956825,0.06998715039806402,0.07349273311091993,0.06587394191606182,-0.008072006789324402,-0.04366164958993181,-0.0789448466277518,-0.003205989255721115,-0.11320213949209953,0.012721893748597073,-0.10294780110678046,-0.03178171349437191,-0.05587165941860215,33.86810885697172,67.83333333,1.2476353510499454,-0.000742686,-0.000742686,6.0,0.01624005524201239,0.05123402651135909,0.02063181555644198,0.051706644268891454,0.059160207824523456,0.0012304792803546933,0.09705988597619994,0.03578639604039985,0.03873212452014365,-0.01092134882400799,-0.05189692889911045,-0.0008659650301242614,-0.08819544292841,0.02776522015753561,-0.08646044205367209,-0.003354135481483734,0.005394567796358086,0.003142531044103368,42.08433171069291,68.666665,1.3277331230764895,-0.000380952,-0.000380952,8.0,0.017259461091104454,0.06677791317371361,0.01820879717083738,0.06493626520573877,0.052954691697359224,0.0012201164945424407,0.08663186458242726,0.02867714262436926,0.05130496990805486,-0.009438688184672705,-0.04941414863120069,-0.000954990510597021,-0.0695637099005105,0.03100821677119379,-0.06784144988723477,-0.0028705612137117018,0.005691411374989855,0.0032481440925395608,49.16026789913236,69.5,1.3040183118424775,-0.000380952,-0.000380952,10.0,0.03334790449611421,0.04107444308939212,0.04063411887522987,0.01997018279292367,0.08894058558914045,-0.024164337284048543,0.10461860803370313,0.0413462724548913,0.030784479785635147,-0.010048553315009442,-0.0946287408029872,0.07640057227492084,-0.18274783256603105,0.1404823962291215,-0.1659497825021264,0.07393011268835924,-0.031202688638297157,0.00987796907009142,55.0379596664508,70.33333333,1.2557547003877643,0.0,0.0,12.0,0.03439526590312712,0.03677388014558859,0.03898944745077009,0.017555649709220675,0.09068351069776345,-0.02710156052170142,0.07236954874759562,0.04513771405600976,0.024556499018350893,-0.01776694076151674,-0.07081098015680726,0.061568203592301446,-0.19548514033790307,0.10935996055861773,-0.19320152552202025,0.06249960703161132,-0.04804277204166455,0.0020996097892133966,60.61519899533974,71.16666667,1.2835808621566935,0.000126984,0.000126984,14.0,0.024709720457955612,0.05090820126961336,0.03415998191997382,0.05260616371148357,0.05281378832688253,0.005091044897822876,0.07565227402813558,0.057607494730220414,0.02724307521393288,-0.025043056789280687,-0.048940001549897416,-0.026914666803014842,-0.04155886091589014,-0.06179916545480884,-0.006090623321034712,-0.07247862782612637,-0.0630652070496313,-0.025923105696809907,65.87297261602193,72.0,1.3872274410163916,0.0,0.0,495.8857261127288
0.0,0.009705177081423304,0.05418834990252191,-0.006460580665875905,0.10733001147920085,0.012408361549129497,0.0246824084271558,0.09611664927614616,-0.016851026198045953,0.17526485851298934,-0.008616151763722761,-0.01767897900411153,-0.07881132152007285,0.10810271901448315,-0.2850651403714519,0.23699144652402526,-0.5182949527304206,0.16626570673033508,-0.5391326977153612,0.0,72.0,0.0,0.014583333,0.014583333,2.0,0.008888748550215222,0.04106898259118597,0.039693869767873154,0.07334267249311298,0.007078666693006636,0.047631045192049526,0.06388024602052914,0.05359533701785531,0.05694670444955313,-0.007824139107580863,-0.03558284475218224,-0.04863670286633173,-0.04305695370193639,-0.06066323643680681,-0.031070622660918455,-0.12074990061266519,-0.10064010638853377,-0.10737285962671567,19.963788114583036,67.0,0.6653564782307702,0.008574828,0.008574828,4.0,0.005624088571175209,0.0247750946888121,0.04356999672489737,-0.0007031754673755041,0.09641406051412206,-0.002902710811951701,0.06910871597547245,0.08373419929642792,0.07097395888186112,-0.009738906142094774,-0.04454827305912849,-0.07820108487946814,-0.0035992974411956343,-0.08971575960564897,0.012204294631863802,-0.0817295281287182,-0.032408250286088625,-0.04650081747014072,33.86504578784766,67.83333333,1.1836598378617644,-0.000742686,-0.000742686,6.0,0.01963129263215595,0.06502237626726395,0.0151230501317497,0.06039767678316028,0.048491176474436286,0.0010019862689435446,0.08007258989915546,0.03181014258422083,0.048255907515792576,-0.008557897888920946,-0.047694802120220765,-0.0012192215868124467,-0.06578036128307996,0.029052455511475103,-0.08301836820940992,-0.003710574848124768,0.006305953573821217,0.003102680235127865,42.019616428589885,68.666665,1.2310306889475509,-0.000380952,-0.000380952,8.0,0.016598889557315904,0.06321658160087892,0.017826405598336773,0.06388908159879614,0.058937785217072935,0.001256626215507976,0.0923958772259292,0.02633375531124248,0.0384464569138973,-0.012077950491393607,-0.04220065072805627,-0.0009739924288687357,-0.0770838258283284,0.02525692488206518,-0.06896987432341242,-0.0037754835236315436,0.005610490217926559,0.0029084397367565257,49.16150734594387,69.5,1.2470809306956074,-0.000380952,-0.000380952,10.0,0.03651382438298761,0.042398391706442363,0.04329948396493587,0.021512341306555275,0.08299062065411117,-0.030341038520813435,0.09329687827447304,0.03571610845316529,0.03005923111972528,-0.00799300204991046,-0.09255338973803874,0.06078155980933524,-0.19485923493309204,0.1284702380722702,-0.2328750362746496,0.09730988733533662,-0.03507362638488876,0.012544614191687368,55.27249448460735,70.33333333,1.201880658840599,0.0,0.0,12.0,0.03886751116425203,0.04187599790789994,0.04109359368552836,0.02074118620759898,0.07506417148953808,-0.029041018701184432,0.09771451137071623,0.05183533574622056,0.02622191949989151,-0.016627523896086256,-0.10146158364329737,0.055105811761303004,-0.16430846366351862,0.13649881690802002,-0.15769147247359358,0.062310574517085826,-0.0611214091587584,0.0015082173784731485,60.736439830535794,71.16666667,1.2125227646845382,0.000126984,0.000126984,14.0,0.0265265593762599,0.05040107372510766,0.027908861687055725,0.047971469504002044,0.06139173367264933,0.004858982233654747,0.06973248097824163,0.061981565474746626,0.018912541555580222,-0.03129661697556788,-0.04856044266690944,-0.02611481969582982,-0.04205570636329123,-0.061336087480527775,-0.0045282338560619865,-0.07074659774557228,-0.05260403337579934,-0.026609187917993268,66.1955297294935,72.0,1.4177775653829636,0.0,0.0,688.963037165999
0.0,0.008996757539676112,0.07617212720710127,-0.006649574327795226,0.1024092638080256,0.01261233720148493,0.032486585250474154,0.10805461675461439,-0.012876866053819862,0.12656098802209514,-0.010788863679099004,-0.015722310584995836,-0.07803486589169734,0.1097279079825494,-0.3267690575893721,0.2807826108839558,-0.3920250192400662,0.1759598840160131,-0.389225573821622,0.0,72.0,0.0,0.014583333,0.014583333,2.0,0.008319357972864311,0.042004464523836216,0.04479358374228894,0.07350391962958096,0.005145093530150763,0.06164022155737379,0.0733867431714331,0.059735740035511464,0.06295192256126221,-0.006348755757346457,-0.048209285575059456,-0.048247846092150756,-0.04831600695456161,-0.06350138757272517,-0.03270155287238674,-0.13442551798276758,-0.10819986303401445,-0.12112533726078377,19.833992833092417,67.0,0.5307599406110011,0.008574828,0.008574828,4.0,0.006474006353409838,0.034173875164463845,0.04333765414096646,-0.0007945644493885572,0.09478149497809472,-0.002478311890078869,0.06400781507095818,0.07118627561048502,0.07325132952573707,-0.00825800488291161,-0.041407858599228395,-0.07093717624390988,-0.0038602321884576743,-0.08736176861286897,0.011757822362598109,-0.08996154814203845,-0.02464156134312232,-0.05187447334964507,33.85668874081363,67.83333333,1.163003169276455,-0.000742686,-0.000742686,6.0,0.015535244402330298,0.0693679102872729,0.02133032194827621,0.06160072279950466,0.0408877754778968,0.0011456411934327624,0.09049244837701387,0.032635642539780726,0.041642811958448316,-0.012375949799169075,-0.04599984970156653,-0.0011945665827461567,-0.06469216573828863,0.030606127088790406,-0.09111448395381448,-0.0035374088394645557,0.005832041888418701,0.003342852372682624,42.189870970172,68.666665,1.3033361548574118,-0.000380952,-0.000380952,8.0,0.01910870266831068,0.05250312177466897,0.01788934288828196,0.04568577554528727,0.060259098175171395,0.001402928840911518,0.10069826751935469,0.03400565563150293,0.046894059233012916,-0.009744572795759554,-0.04267008386338217,-0.000916313191593453,-0.06256805253161712,0.025963392260630505,-0.08261795619443886,-0.002822564794840328,0.00625917983417966,0.0025282250652338303,49.18008111453989,69.5,1.2644809972714397,-0.000380952,-0.000380952,10.0,0.03114064435765886,0.04518528843712371,0.030143886367408338,0.02318720989738203,0.06941553189636,-0.021308568366977334,0.08025569951466387,0.045138580069002864,0.03567732241763438,-0.00752930478668008,-0.07999235467024096,0.07871908709069272,-0.18362291471504072,0.1681352830947734,-0.24149886155369424,0.090433358107654,-0.032148020088818896,0.009537720769074675,55.02244288784177,70.33333333,1.2157477684011355,0.0,0.0,12.0,0.03767531281993934,0.043777872128010126,0.04437996096486884,0.014681248690395603,0.09482449873708843,-0.022814682254320078,0.0994476891291371,0.054699392821197984,0.0304407538924874,-0.0165443972903506,-0.07520907156973865,0.050046403266140405,-0.19417589455114292,0.13422047755527014,-0.15569914553767844,0.05107525125933313,-0.06846613931240786,0.0020444850892871896,60.82607449265194,71.16666667,1.2274068562407119,0.000126984,0.000126984,14.0,0.032781843590561965,0.05170490105976697,0.034654255077943105,0.047847090616383044,0.0552653193858076,0.005398200619573415,0.05961691416216372,0.04820912708358661,0.02231164597520801,-0.025358093422271893,-0.049809402547105974,-0.036276915066371054,-0.04165416537741315,-0.05815812323163353,-0.006026028249529365,-0.08178808720136989,-0.06925677642863425,-0.021027016097029335,65.84760149019856,72.0,1.434104728658172,0.0,0.0,521.2567787981169
0.0,0.012500899229711177,0.07004506596662256,-0.0045804888546686785,0.10871068569925872,0.018093422267498747,0.031289592416443836,0.08787968820553113,-0.013690007708337712,0.15525304617099409,-0.00930371400263981,-0.02027219204283176,-0.06751258292260917,0.0959180023921353,-0.2763437876559175,0.31080487024971387,-0.49348527560759126,0.18037280310958992,-0.5307349848090614,0.0,72.0,0.0,0.014583333,0.014583333,2.0,0.007571791031089162,0.04184266717810051,0.048274039458682444,0.05618663599793951,0.007050888099455571,0.04688647474193612,0.0688197816156059,0.05137817866623728,0.05638551310207404,-0.005990073019935688,-0.048565780830980176,-0.042661152352212586,-0.057968983491693,-0.06084644638253772,-0.029405446496002578,-0.1330520699361197,-0.10219057952818338,-0.09691106110946207,20.101358891166864,67.0,0.6357775652005213,0.008574828,0.008574828,4.0,0.006383949129924528,0.03425918788125616,0.05764547347591526,-0.0007644019198350018,0.09681457575897359,-0.0023143183418545747,0.07444626747308766,0.07815121600795812,0.05663045065519217,-0.009891465471727909,-0.03976205359663091,-0.07513965106593107,-0.004422866529612952,-0.08755344689505183,0.009245620352076402,-0.07119343041414719,-0.02694038469352394,-0.0458499058976752,33.56470089219651,67.83333333,1.1929347204677083,-0.000742686,-0.000742686,6.0,0.016462208890049613,0.06297998307292156,0.016041411115571152,0.05083179609086821,0.04982567693495601,0.001240627878566785,0.0929753819666557,0.031235579350900454,0.04635869185896861,-0.01096548224298845,-0.05045766430962197,-0.0008794424237019977,-0.07448425839419814,0.03151992973391445,-0.06244583190556751,-0.0034944578379714343,0.004729735595881943,0.0028660576257896033,41.865703863802395,68.666665,1.3381439717553663,-0.000380952,-0.000380952,8.0,0.020995935583890797,0.056461064203622534,0.01934162017923873,0.05253282427538269,0.052020539439272345,0.0009894290643675118,0.09537891914520924,0.025900598998197195,0.040592018356344635,-0.012209730779552896,-0.05616030440121273,-0.0008717834806815116,-0.06260047693094573,0.030480635352113563,-0.08249194209926579,-0.0027383723057047907,0.006354134452333941,0.002775356997659361,48.89097605135981,69.5,1.2959067663637176,-0.000380952,-0.000380952,10.0,0.030375771840320257,0.04284935978510646,0.036114099686195424,0.019131207170095747,0.07586694983479196,-0.02744727699996723,0.0811223657523528,0.04190612040633811,0.0281689916195527,-0.00848338522284121,-0.09560902512853989,0.07869067580592617,-0.17487828824908458,0.15053852152554406,-0.22038095040527117,0.074068183814659,-0.032130289803646093,0.0086345938654161,55.15183432086803,70.33333333,1.249311239627753,0.0,0.0,12.0,0.039548200956396155,0.03401123893668647,0.04594930847343414,0.01755053954990558,0.09826756317450648,-0.026391396827679308,0.10412776491039369,0.04652350912852634,0.028418804374883654,-0.013696575712155466,-0.08999223163104661,0.0540827194569531,-0.20791793679793444,0.10997692511751668,-0.21127130770292227,0.0626136380697798,-0.05998966173877657,0.001760415702254053,60.68656585199651,71.16666667,1.3189852487549396,0.000126984,0.000126984,14.0,0.03280337429393123,0.04949506878618789,0.0320370704383155,0.05234422280579972,0.05964867126832989,0.005202991799238498,0.059279105491212285,0.0481698516953312,0.02175299657998392,-0.034453955210896725,-0.04612954589479244,-0.032472794347840304,-0.05217417361431021,-0.06078087807799173,-0.004760909492123374,-0.0708508445238005,-0.054670783290384356,-0.018751498504355143,66.19728162230497,72.0,1.3170356907384682,0.0,0.0,653.6332239142283
0.0,0.01009514052095712,0.061979346794754746,-0.0057533667046262,0.09981786918364288,0.017902940246583315,0.029426035825869952,0.1064894100751344,-0.01787059397194526,0.1611028099172913,-0.007763710458300635,-0.015395539016814567,-0.09049476997985358,0.08133429545042135,-0.2626509957072765,0.2703181561441582,-0.5203511637573743,0.20243802120007448,-0.48531193225627284,0.0,72.0,0.0,0.014583333,0.014583333,2.0,0.006912576884607013,0.04192957238037124,0.05262419286942588,0.06555818759677644,0.0062443132461447,0.06117123189445123,0.06170507943077247,0.059136942834502916,0.07624058494825194,-0.008307276147101776,-0.04405792872684997,-0.0508885514905934,-0.042541452776347806,-0.05215392858513615,-0.027803258692467494,-0.1326537005179365,-0.10818347332634039,-0.10691512991555838,19.991355379234115,67.0,0.6697689091205447,0.008574828,0.008574828,4.0,0.0057082405277068754,0.023656512106619454,0.053724896482995915,-0.0008811320722936371,0.08653080590174408,-0.0025009656574515433,0.06590198225152041,0.07512757743828574,0.05850340778668975,-0.007470276652857581,-0.05570812948284464,-0.06065870528233207,-0.00324582741924287,-0.09015673714198982,0.011532460981859866,-0.09010344142125691,-0.025809899076113953,-0.05945899307403825,33.692266292324476,67.83333333,1.1371071811782318,-0.000742686,-0.000742686,6.0,0.02147590479193129,0.05550715717370057,0.019366369631440224,0.04831207621320028,0.04775213616725741,0.001047407763967556,0.09125134747231765,0.02654669856450814,0.03790860912603426,-0.010698268432083526,-0.04763134432738138,-0.00100640397571517,-0.07922581639290474,0.03157041778206245,-0.06616533131816787,-0.0033534997389516093,0.0047312831309112915,0.0026059960342723443,41.89505661811568,68.666665,1.2536285245181873,-0.000380952,-0.000380952,8.0,0.01531899085825634,0.05834436609435873,0.020441707571192732,0.05443133114986966,0.04247143193297282,0.0011856405204423088,0.1057467911274674,0.030184582767528154,0.042872920765387616,-0.010232755538444254,-0.04234708812341549,-0.0009319430984605597,-0.07644990574458774,0.024919473766329223,-0.084404934403405,-0.003517140114106146,0.004906119147738884,0.003050998553131094,48.91224327407452,69.5,1.3260512206912154,-0.000380952,-0.000380952,10.0,0.0336110901521327,0.036174087792076697,0.04316015462528499,0.017425002813370113,0.08494115036343056,-0.030527028754962975,0.10242551521867622,0.03574426274132583,0.03203274458146161,-0.010125334302116264,-0.09890557882154101,0.06673554434703119,-0.2306398513214834,0.1670934413504619,-0.20016520938602084,0.09967121194541473,-0.03825412751946597,0.008658552807801766,55.032933496604116,70.33333333,1.2787860903260788,0.0,0.0,12.0,0.036078183429863374,0.04373087258035305,0.03925888408016791,0.020019833930586702,0.09714561172108976,-0.024491587342208115,0.09285708372172635,0.05058299044763824,0.027296694028605812,-0.015841786809187276,-0.10292403256600692,0.052572800601993076,-0.21780964950461965,0.14229742543345447,-0.14377917109634178,0.06101452061086958,-0.06452389427135603,0.0020045660040809562,60.63828337330471,71.16666667,1.25188336996118,0.000126984,0.000126984,14.0,0.03347051701829647,0.05060714554667485,0.033119727915157694,0.04257737517272464,0.05989311861346572,0.004929174035929928,0.0831081387416693,0.07111510242865741,0.02217589882505013,-0.03156162312766287,-0.044848660739590304,-0.03397340768901685,-0.048193512582632145,-0.06657906500485468,-0.0052357974222061515,-0.06465544749575244,-0.06263833211549566,-0.019508087199427763,66.01450983330807,72.0,1.2712675681934853,0.0,0.0,773.7451987981491
0.0,0.01089460495522104,0.05657417522104493,-0.004788024551044405,0.12167560970529159,0.01664546881205806,0.03024262235731819,0.10791269324235703,-0.01317013931407399,0.17546512081845841,-0.011019074231653835,-0.021831911741938537,-0.07727759617031417,0.1187053362148986,-0.2585343379006469,0.2507459922989184,-0.5164394551504983,0.17805271452888558,-0.5005726295754799,0.0,72.0,0.0,0.014583333,0.014583333,2.0,0.007670064043195747,0.051191693878509734,0.04867212783029447,0.06107672882975813,0.005604635920704211,0.061284465871167655,0.07133228231051268,0.05186532907584648,0.060755066233551064,-0.007818843870808547,-0.046134103537761054,-0.03662405407483562,-0.04858825143922118,-0.06970818245295575,-0.02977084670062093,-0.13450744464911274,-0.11904947786288918,-0.09873849877103297,20.14532408389391,67.0,0.5405572281201162,0.008574828,0.008574828,4.0,0.007229239008762687,0.0321402857090064,0.045893319628545995,-0.0009036293479549153,0.0915891932082552,-0.0025012328929389614,0.0790335182938382,0.08257353957922858,0.08274221326780862,-0.009636007428491288,-0.04891490156057482,-0.07809884218508457,-0.003732562565802005,-0.08218226502854216,0.01020624838154989,-0.09769981044410309,-0.024226218335070264,-0.05057950995331406,33.779664253312994,67.83333333,1.1906582078149628,-0.000742686,-0.000742686,6.0,0.021706699374081404,0.0683570350230596,0.018819157890192614,0.055732527599332525,0.055459108125343985,0.0009883081630941938,0.10976652305736347,0.033962881467709316,0.036010707972843156,-0.010487664959358265,-0.05273194075768444,-0.0009100638090763725,-0.07604801640173205,0.033062655774487866,-0.08177849138104973,-0.003964796454249323,0.00474804581475448,0.0035946872064023657,41.86217157498722,68.666665,1.2935530620776592,-0.000380952,-0.000380952,8.0,0.015880047572972733,0.0623573575558602,0.015370154670645047,0.062038128039425475,0.055619109954079586,0.0013985462058323165,0.1036638053253606,0.03223081585158517,0.04034323731056245,-0.010611442933486582,-0.05442189308612933,-0.001071938085211432,-0.08217354033050045,0.024094186796330956,-0.06465568314951874,-0.004038361658953375,0.00523092296611371,0.0031988782027416174,49.194645873233945,69.5,1.317184660480466,-0.000380952,-0.000380952,10.0,0.028149889116099436,0.04002282409730009,0.03255559348060454,0.023308141818670153,0.06943572849824044,-0.02792193480402631,0.07663494083809637,0.03950115472034507,0.026829771232054996,-0.011058544991717642,-0.10055590026181943,0.05736237017259201,-0.21008268906011798,0.15487501672641532,-0.22252248622720563,0.07219495130434098,-0.03987449357741929,0.010268105464296242,55.08473485033423,70.33333333,1.2685723354319145,0.0,0.0,12.0,0.03881308762709633,0.035539312542482125,0.03939801707131102,0.0175340360223972,0.07495049623448803,-0.024472116845808096,0.08481257966638658,0.04571672952031846,0.020578080789487266,-0.015300695783788131,-0.08935684068817995,0.061891258512727296,-0.15107755829155636,0.12155299838405191,-0.15912658259618323,0.06020430469236712,-0.057451779008695324,0.0015754158470674556,60.64136115991113,71.16666667,1.2284580885629839,0.000126984,0.000126984,14.0,0.03369181423401409,0.037556916426238554,0.030965825363717184,0.038536587753074614,0.05573941475391182,0.004714648095175426,0.08173108509093285,0.05136248170815258,0.027591805208584175,-0.02884430773087927,-0.03882078935133342,-0.033317224921492306,-0.04786274228788338,-0.05315648048925712,-0.005526406457697177,-0.05686238955705545,-0.057574364852121404,-0.021054468293160912,65.90272649932758,72.0,1.344255448316481,0.0,0.0,687.9301790498133
0.0,0.01269141989075086,0.05557369391683975,-0.006130476292148485,0.1255867576229752,0.013660792851956772,0.03166498632615128,0.10516614419194453,-0.012964669218225934,0.18709039741976916,-0.008894571109354574,-0.021461696662626994,-0.09145825041904733,0.08111330186021856,-0.3563186906468662,0.24013803303912412,-0.4085278535884273,0.18323411331506,-0.5387537127004403,0.0,72.0,0.0,0.014583333,0.014583333,2.0,0.006552501025603638,0.051138420474746434,0.05409918394721737,0.05815770385476777,0.006737905924019401,0.0662893870002088,0.07206291549903711,0.054674816041553734,0.06074709347401022,-0.006044181700873505,-0.04060534913375568,-0.046500152145731714,-0.042677960084361984,-0.056040341201723,-0.032136358827830044,-0.09477755851456178,-0.11085814130650097,-0.13145791616299446,19.94433800350682,67.0,0.6270739368965099,0.008574828,0.008574828,4.0,0.006230057631314369,0.030839569300579944,0.052042456716733645,-0.0007971651996299086,0.09399496554240713,-0.002157072632829022,0.0737050621619486,0.08577624038260546,0.06555853454991985,-0.008943534958781866,-0.047368956462243726,-0.055914845176022174,-0.003864163203438912,-0.11860068022431779,0.009192465945990238,-0.08042453737083292,-0.022377076728883664,-0.06150319968162761,33.80719510637719,67.83333333,1.068243240106761,-0.000742686,-0.000742686,6.0,0.015281070671768053,0.06293610835941423,0.018799442438360795,0.05123468452251482,0.053314630160477564,0.0010151895825135488,0.10208885461785044,0.03798963697277623,0.04344905625274553,-0.008417535941684305,-0.0473796404480142,-0.0010309409892982715,-0.08701313140562776,0.024320954783619217,-0.06738415760314545,-0.0032110746027652296,0.005156903162504378,0.002850839023946944,42.01016741003212,68.666665,1.2847691152652747,-0.000380952,-0.000380952,8.0,0.01647033856661017,0.05746252743740912,0.01980140082249749,0.04397616559136257,0.05013012280448181,0.0011212567564998042,0.07906019150844815,0.03691457355980661,0.0459703509616093,-0.011007691284105267,-0.05433076972698798,-0.0012009862757225806,-0.0707623689706521,0.03297311840087203,-0.08953109995544167,-0.002862915936351104,0.006059368908394525,0.002622663421411692,49.11157976756797,69.5,1.4125445880911327,-0.000380952,-0.000380952,10.0,0.02714781718026645,0.042308914071687534,0.041424420930924806,0.024631593346074458,0.07404131952056778,-0.02711364572742471,0.10232733340376993,0.034953616365085184,0.027770236853818703,-0.00908639620957688,-0.07679652329644905,0.07710076610429079,-0.1706061484993197,0.14554252103160714,-0.20084005424990514,0.09061560177461869,-0.03202733203148806,0.009834218950354643,55.04598317259801,70.33333333,1.3772586556115927,0.0,0.0,12.0,0.031592860658206386,0.03610037029689019,0.03639034633580047,0.017324643137783424,0.07300420258467398,-0.02247306161084697,0.10215237212939483,0.0422315485016355,0.020953909855993172,-0.013595062407201677,-0.09983863231863768,0.06558868482725082,-0.1973804202550251,0.13403950657143832,-0.18180906592732946,0.05029672586676214,-0.06519710929212141,0.0022229758824970406,60.932958781439694,71.16666667,1.3362644639947134,0.000126984,0.000126984,14.0,0.028285602446294186,0.05148496000572568,0.031033465395693745,0.050554479653646026,0.062158234425692356,0.004826502059684821,0.06171387289799019,0.06255623632831649,0.018526120517736933,-0.02724448503069153,-0.04286670710136041,-0.030793700853887513,-0.0469542199197053,-0.06694770554558051,-0.005755559253069485,-0.08220791269829911,-0.05070885769680172,-0.02497842108669544,65.9237561843119,72.0,1.3116791955081033,0.0,0.0,564.5919141291735
0.0,0.01011729577956077,0.06492919060384483,-0.005351390372228628,0.11346648232538187,0.016086742030035836,0.03421180593645505,0.10318955761314422,-0.015210586283299894,0.15630394543251347,-0.00975009522609905,-0.022450163112561577,-0.06765489723620256,0.10149625707987554,-0.29393441826358524,0.28834155176901644,-0.4289031204250417,0.1938816587646528,-0.5051457573928196,0.0,72.0,0.0,0.014583333,0.014583333,2.0,0.007241488466437091,0.04651026670638334,0.04603531687708738,0.07273548530038923,0.006131505291677872,0.06423273188193966,0.05943674806116102,0.06655489925999848,0.05922621380171952,-0.007148552000465913,-0.046067454355295814,-0.043783085597126147,-0.05120255900805546,-0.06684712800741084,-0.02910032724655072,-0.12786884420212652,-0.10276060853561589,-0.09672777740615954,20.06533458442918,67.0,0.6151643297948531,0.008574828,0.008574828,4.0,0.007384237041295049,0.02888769887015913,0.054543664777821424,-0.0007153306518327559,0.07192211619122632,-0.0022367749127607224,0.06588778071672617,0.07687475889547088,0.06123322098920271,-0.008154282399582175,-0.054930735411118876,-0.06296358276447998,-0.003281786826530216,-0.10339486447660423,0.009784966910130992,-0.09857856777286686,-0.024015568904258777,-0.04614100731448378,33.77108383371818,67.83333333,1.1859011472591507,-0.000742686,-0.000742686,6.0,0.017047748844627293,0.05942391381899037,0.016228844210494392,0.06159049576237887,0.06051688814571422,0.0014182061048153558,0.08425345758417982,0.025854304923621483,0.03864397707483333,-0.010788695131451023,-0.04886496714462703,-0.0009106914908233865,-0.07085432828233962,0.02856442583140182,-0.08264956112248528,-0.0037716414593371517,0.0050331519777224,0.0029161180420976367,42.08914441972971,68.666665,1.388230957164338,-0.000380952,-0.000380952,8.0,0.02239095906938725,0.06421171897536188,0.014961532642367584,0.04503856999711233,0.05673918348439054,0.0011980966153338946,0.08775055891379319,0.027609392394181528,0.049737383399864964,-0.00943908998645868,-0.04224732861226669,-0.0008522597297842886,-0.07811477257917454,0.025888510488213844,-0.06259427727947625,-0.0033747586363586713,0.005487977459919318,0.0025694018952271734,48.95580001291181,69.5,1.3420703785732453,-0.000380952,-0.000380952,10.0,0.024699571247570436,0.05311646807630683,0.04029985924614757,0.02331098620053324,0.07300898722971956,-0.024078010805726757,0.09200231289291237,0.03667119215907947,0.028430455801782446,-0.007931523607850694,-0.09798302234592964,0.057307242166297255,-0.22503407479744075,0.14855968046783258,-0.2027291670300694,0.09652070668657617,-0.03316901539235762,0.009438868356577436,55.35766077457365,70.33333333,1.3089166778161878,0.0,0.0,12.0,0.03122374034596356,0.04082584781214021,0.04292380763721669,0.018441295491574347,0.08638092649588329,-0.028488861243205037,0.0808071028042738,0.04556445073198334,0.02473419588881787,-0.018985988105266836,-0.07115147558280141,0.06895620146037863,-0.21341111927232126,0.10155830269728365,-0.18637265634687222,0.07493753810642216,-0.052254318519333195,0.0021297234631570093,60.78041579112002,71.16666667,1.3352972927749254,0.000126984,0.000126984,14.0,0.03405579330233743,0.051111882766200684,0.025594499512419815,0.04997277511695721,0.07196674842685258,0.006119596700433412,0.08016221646671873,0.0504333936247015,0.020963468506529772,-0.02701551892095841,-0.04559308667852971,-0.02552226453946385,-0.041666809777204605,-0.05391477656458852,-0.0063816676581409295,-0.06980626913922147,-0.04967163556477591,-0.023946695719237434,65.97140468088251,72.0,1.3734885358318083,0.0,0.0,710.8168788177193
0.0,0.011014398006588776,0.07823414977885863,-0.006431383903443196,0.1270572390682743,0.01352600657777738,0.029129646355055258,0.10011204760968909,-0.014732028929182373,0.16752712393173405,-0.011305579674746788,-0.02064690387748685,-0.08674803005751533,0.09100682626792495,-0.31084164816856397,0.27740524609801,-0.464042531870241,0.2118790811836806,-0.5116256883377008,0.0,72.0,0.0,0.014583333,0.014583333,2.0,0.008413511182950228,0.04823969690962396,0.037470891129831596,0.06704675519797729,0.006941128523122125,0.06523695648296107,0.06523560539841261,0.053596130460360915,0.07246743393002074,-0.006425887783936037,-0.03952309354852395,-0.04704897615449247,-0.04073397020600208,-0.06316584289207587,-0.026848966030821843,-0.12490438501281355,-0.08017169162880022,-0.09404724373912171,20.15280418913206,67.0,0.6363088309921469,0.008574828,0.008574828,4.0,0.005498482638613752,0.0274683647326882,0.0515561579599699,-0.0009096981053418567,0.07179997488822183,-0.002918207003365961,0.07507679399989571,0.08009506212092246,0.0617477727638523,-0.01022639682035138,-0.04131317416627004,-0.06307996407173554,-0.003351176298470335,-0.09807723233146477,0.013460256914861852,-0.08773669188337345,-0.032521289592892244,-0.05038290376753016,33.631978349984536,67.83333333,1.1027138779349221,-0.000742686,-0.000742686,6.0,0.016434618511879884,0.06226772066741125,0.01805480551110526,0.049886748042974854,0.05081679090185291,0.0010776996794993829,0.0939864840556564,0.028208707691415636,0.048014302856981786,-0.01149714498362094,-0.04564953991370259,-0.0009431192722146723,-0.0797422107344755,0.03185517226961501,-0.07086838864935048,-0.002743554175836068,0.005500213946874559,0.003424846711397141,41.9423212045449,68.666665,1.2567177066050594,-0.000380952,-0.000380952,8.0,0.017013155714098577,0.06625446637405223,0.018845861945617815,0.06412072326392168,0.05201215171056571,0.00112993891044119,0.09963122340518417,0.026286907041067353,0.04425379762071107,-0.010031613125017047,-0.057851630854866866,-0.0010544483120766995,-0.08146359689055756,0.030706968570818446,-0.09232396415653765,-0.0027227470007045542,0.006548012195107563,0.0033613351547477333,49.12567270772583,69.5,1.3683714299657597,-0.000380952,-0.000380952,10.0,0.025526273312999774,0.051255539764952215,0.04014812504053467,0.022105547902414976,0.07493957759845167,-0.02306715333593735,0.1028276924272753,0.04191316733932247,0.0306153651019121,-0.00850651692233041,-0.09917232398286294,0.07809833004746375,-0.18123861812466754,0.15907734143002916,-0.18484663852269775,0.10138701980608508,-0.030795958361798603,0.01254447059582905,55.18849457379535,70.33333333,1.378958219194236,0.0,0.0,12.0,0.039484590504761635,0.03568629654900578,0.03930373368901433,0.020643449300411093,0.10226121489793046,-0.02159038408536144,0.09500798558422208,0.040008782235953416,0.024232327914528985,-0.017799042926675883,-0.07491138430007573,0.05307795760123807,-0.20129852523944416,0.12960463852300355,-0.15561543883648662,0.07349181617846835,-0.06975594778781587,0.001563873566685692,60.83168392065993,71.16666667,1.348539708155177,0.000126984,0.000126984,14.0,0.03112784386112947,0.05067605978854149,0.027192662123077964,0.0426498271107338,0.057912393807768255,0.00531341061188474,0.06245129878706804,0.05283269592168794,0.020951942198777444,-0.02998866294422949,-0.040527708095462155,-0.03364091274047091,-0.03512789810044732,-0.06211584424733506,-0.005693643420212553,-0.07840210549228259,-0.07007516707947452,-0.027039063549248774,65.82683809213933,72.0,1.342731511577135,0.0,0.0,730.2948670184244
0.0,0.011714379081909396,0.07104536975419479,-0.005353972615020015,0.10036502254410433,0.01449173031436825,0.03360335306429094,0.09744058615983844,-0.012835898099369192,0.15967153654757063,-0.009449934729934165,-0.016541555199159126,-0.08433414205142813,0.09682168197418445,-0.3020661716531011,0.3169465906225068,-0.5053809524376374,0.17954940638660435,-0.5622962815702363,0.0,72.0,0.0,0.014583333,0.014583333,2.0,0.006729690166030528,0.049170546172128494,0.04763720399384809,0.06252660438448017,0.005738890467516802,0.04929669926696545,0.06920369183193936,0.058520536431863064,0.05303444070486615,-0.006502476497710295,-0.03979582115698541,-0.047030480022015986,-0.04545504488605902,-0.06724185219096769,-0.026328962372075132,-0.13112116682286235,-0.1183647376797818,-0.09575747170914221,19.939040219721196,67.0,0.5401186174364402,0.008574828,0.008574828,4.0,0.007111811278720858,0.029366859726223965,0.06274734298639809,-0.0008134854546381005,0.0810654596098063,-0.002173866233489152,0.09300101715259311,0.06135093927197393,0.06103722862775613,-0.010574939714430038,-0.046339544956265105,-0.07596859115105979,-0.003723172404405276,-0.08320313772972492,0.013025380435314841,-0.09932531600873634,-0.030234856126979428,-0.05927165621629759,33.56461579837112,67.83333333,1.2042112897721786,-0.000742686,-0.000742686,6.0,0.019075570848878204,0.06217318532323856,0.018672275400175884,0.06425170790644168,0.05036819374960187,0.0013637818021660472,0.08351422636547376,0.03647268026909282,0.04009589195877872,-0.012089630462104746,-0.05072483908102079,-0.0010629062555172909,-0.08231861261436467,0.02897400674557531,-0.07485997704942628,-0.003568558168475985,0.005587298076698855,0.00358033037687261,42.16722075460658,68.666665,1.3815001197552903,-0.000380952,-0.000380952,8.0,0.017631419384999212,0.0625587817080711,0.018577852259115086,0.044068413941005774,0.05164617040096285,0.0010264175795629586,0.10725629635859903,0.031873823811669574,0.05054110865884925,-0.010607640997680532,-0.054924764476020745,-0.0011164622076680422,-0.07266501146463811,0.02941726654032126,-0.08742420989704058,-0.003986449413946858,0.006351365315372217,0.0034109720079996205,48.85694967165661,69.5,1.3591023823488422,-0.000380952,-0.000380952,10.0,0.029127724904368452,0.042054196371465624,0.032707836545793956,0.017348375296537745,0.0708625566677523,-0.023827371980024638,0.09763250717553512,0.03479611544114471,0.03203106396124128,-0.0075761449112427505,-0.08873309269416062,0.07370653885350296,-0.1938335499346101,0.1338797335062643,-0.2000905592446009,0.07045900283830504,-0.03537870527255974,0.009471689360435494,55.28890425352209,70.33333333,1.359471360833171,0.0,0.0,12.0,0.03355863391463352,0.0339342839740132,0.04023752179351129,0.01913081861465244,0.08574080623193663,-0.025635785344494583,0.10148058321311261,0.054173642472967264,0.02376149324314292,-0.016980394675806195,-0.07212061674261183,0.06723523651092468,-0.17936667979184973,0.13674653380935342,-0.18967449983269893,0.05500041836119547,-0.048991789385084264,0.002059700082449402,60.63243749659056,71.16666667,1.358535793440716,0.000126984,0.000126984,14.0,0.03132719373421901,0.040721004137932754,0.03240491496855243,0.03829812512351425,0.06137012306672922,0.005864655445224019,0.060997928918184785,0.06053711026354324,0.024242994167196663,-0.026576873881287415,-0.040272431679894916,-0.030569873119282207,-0.048692228882751855,-0.07600745514646369,-0.0045924993521779004,-0.06951386787003033,-0.06508841281287793,-0.02659313271279841,65.89544231082252,72.0,1.309346847728537,0.0,0.0,773.2078266802583
0.0,0.010233792999287521,0.07124251415911403,-0.006070278839224496,0.09289269197464989,0.013320364778155685,0.03403909137675966,0.1001112075870513,-0.01616295610270216,0.18717020263258022,-0.011481274606015246,-0.0169588043141559,-0.09128742119844925,0.11359784422610787,-0.32356956190286107,0.26295263659931,-0.4970197524326596,0.17374674790679553,-0.5626003217034916,0.0,72.0,0.0,0.014583333,0.014583333,2.0,0.006833683366696763,0.0471905447126155,0.047678315041927634,0.06899277362652805,0.005189712663328219,0.06329425608205662,0.06082075740147085,0.05756028900382667,0.060190615952509546,-0.007634279679689692,-0.03640615691708589,-0.03731733710384274,-0.05766575032103152,-0.07094968133438054,-0.02466960751012991,-0.12700719064342178,-0.10488422551838311,-0.114470399362872,20.17959082587459,67.0,0.5482000596178593,0.008574828,0.008574828,4.0,0.005334359547889499,0.024200593983032558,0.06114195904830564,-0.0007824997795371403,0.07464082033479356,-0.0028214713080161858,0.08382727607581693,0.061556634115734025,0.08230012014878842,-0.010318382292935982,-0.040189522007802965,-0.0753331543769899,-0.0034564143749365476,-0.09280642484547888,0.012365733506577499,-0.08211184351506788,-0.0269295279878476,-0.04608806351981081,33.69508521727805,67.83333333,1.250081355226595,-0.000742686,-0.000742686,6.0,0.02013225634230141,0.07082443707940417,0.018113560837610256,0.06339095584283981,0.05956260653622602,0.001079113569892082,0.07926756793245453,0.03459944727435255,0.043811812360218694,-0.011802045147640432,-0.04906907113495677,-0.000982307231165096,-0.06642048808569868,0.03323309027701297,-0.06870667832223741,-0.0034211861254091363,0.005734611729985609,0.0027040156401542553,42.075994053469344,68.666665,1.2926881890525437,-0.000380952,-0.000380952,8.0,0.01885905155846738,0.06506527591519982,0.020911601044830145,0.05697178069686984,0.054224088241965354,0.0013901522823121216,0.09684535983503936,0.03409770434620889,0.05307791094058374,-0.010929973436878179,-0.04007755258041865,-0.0008439434795179362,-0.09097743054653269,0.03334054954413314,-0.07306115949559129,-0.002714631167570544,0.006066063113811107,0.0025874859423616102,48.85341257193967,69.5,1.3567349708715228,-0.000380952,-0.000380952,10.0,0.027423764579460528,0.04874865668766771,0.044038681796102104,0.021786819916567765,0.07203770307276341,-0.0217759764351822,0.09082633714719233,0.04009027133541675,0.02809861172983593,-0.00852799817070079,-0.0738322418797612,0.05573808714448632,-0.2074626300170246,0.1331414671567105,-0.22016533218916737,0.08889749721513818,-0.040599110320595405,0.009589563864789681,55.021146836748024,70.33333333,1.355990257455818,0.0,0.0,12.0,0.04008098898907923,0.045908043146176664,0.044930646276190686,0.01753633012111837,0.08346749995081497,-0.02208544575946817,0.07482675769512334,0.04590726778493045,0.024660426228796002,-0.01687683579331451,-0.08731941826431858,0.049292598247096135,-0.20187507641296487,0.12572542473034762,-0.1909017816700849,0.060090721910000075,-0.049769205916936295,0.0021749911617831817,60.68512787438833,71.16666667,1.3292587677625336,0.000126984,0.000126984,14.0,0.03214552394372019,0.0378050335496218,0.02761946471263002,0.041346781645475415,0.07441947650200395,0.0049991991693948135,0.07062846519528417,0.0597371997142602,0.020650328916756056,-0.03541714717698735,-0.03966063744345709,-0.03193257198838451,-0.04621510979843788,-0.06764145885469416,-0.006060460037010172,-0.06749087421279254,-0.06602049700831353,-0.019290879814984153,65.85744245707284,72.0,1.3385127422632868,0.0,0.0,795.4295460157496
0.0,0.010668440405387196,0.07609818886424881,-0.0047012277613034436,0.12254174505564457,0.017142102422604125,0.028728760443491208,0.09773345192889996,-0.01298087946089565,0.18118294809152158,-0.009562898388820662,-0.020359663944421902,-0.06948549606083063,0.09128919952550484,-0.2498914437894779,0.3035219697189916,-0.5092406795453036,0.2229387906394869,-0.44475655825034954,0.0,72.0,0.0,0.014583333,0.014583333,2.0,0.00640445976850985,0.04724687615616948,0.04697303291929648,0.0612546912557726,0.005788364197970689,0.06684756999347707,0.07222587994790126,0.06375454036721649,0.062330881822747194,-0.0061499032124442184,-0.04861720731450306,-0.04894408071661964,-0.05229017210075322,-0.07791565095737743,-0.029087948579957796,-0.09988515679426814,-0.11340061752394562,-0.10768336567479474,19.819148193710312,67.0,0.5112884332033281,0.008574828,0.008574828,4.0,0.0075280340662128116,0.029841343961878583,0.04917662745299135,-0.0009569197221364374,0.09570035788572592,-0.0021051588586383754,0.06211975602425517,0.07948164946530017,0.06614630809363292,-0.009512741809849401,-0.046557383405891606,-0.07299788553538793,-0.003117327566942729,-0.08780673224184611,0.011943821300555909,-0.08756514354110619,-0.02788740765486758,-0.06330086658016494,33.797903791960834,67.83333333,1.1166554814380631,-0.000742686,-0.000742686,6.0,0.01671505190899559,0.05077704273443452,0.017233290753195393,0.06136507376029108,0.06006592619818903,0.0011022788017631254,0.08234042900535095,0.032556945329473556,0.03829239863122431,-0.00910775082274069,-0.056435539147487494,-0.0009635387939758657,-0.07718289529184881,0.03062711373353998,-0.07790690040028544,-0.00354772779177056,0.004745378879675809,0.0029935138440849007,42.028040183428715,68.666665,1.3294745847461544,-0.000380952,-0.000380952,8.0,0.017242138209408665,0.056529836319022114,0.01792400318947681,0.04738278026766139,0.04326198729141327,0.001158473935170409,0.10095936977100936,0.02641795341262315,0.03765532990192071,-0.01088512031700774,-0.049715649460658505,-0.0011129403315330512,-0.06806367584245422,0.02761361350543266,-0.08136110028951431,-0.0028358896432207053,0.005474740268264828,0.002513184458933048,48.96226198173411,69.5,1.3705453694670477,-0.000380952,-0.000380952,10.0,0.03364070637801038,0.03858626004888437,0.037131266781801044,0.024834972384825047,0.1024747826109443,-0.026089104126694292,0.10453107196081561,0.03520798056413977,0.03536392005517321,-0.008958234616261858,-0.09107523818947295,0.06557897799568352,-0.1721928108963655,0.17428900923921287,-0.18253217964037685,0.0940634174238347,-0.041928066427665604,0.01032037119575265,55.22007579165899,70.33333333,1.323254867937459,0.0,0.0,12.0,0.03503908630991775,0.03324252074416136,0.04111291024826947,0.02117594636950972,0.07642451421310777,-0.027306432013299065,0.09359192861183141,0.044768080038654165,0.023651326607603208,-0.018781477909120606,-0.09891617015230948,0.06976531620141592,-0.15566095934698013,0.12658276300141447,-0.20367342390846147,0.05677601933831167,-0.06511074138628412,0.001943194626333004,60.725301264823166,71.16666667,1.2949478078739922,0.000126984,0.000126984,14.0,0.027905302976647672,0.04133098240639564,0.02895037114538796,0.05206701192325756,0.06531028495657501,0.004425283795065809,0.07870824607898246,0.06811202467644782,0.025093210529178202,-0.02531080697413541,-0.05243502487798668,-0.02489158113647469,-0.04583590462669922,-0.07849626896604764,-0.004726491666078425,-0.08080121966762097,-0.06712653776293363,-0.02122172249685828,65.93659648685292,72.0,1.3130336662206927,0.0,0.0,730.5566535657381
0.0,0.011755808191750781,0.05678072426244994,-0.006180628802224831,0.11340898530418407,0.013357164736636524,0.02416971243752639,0.11313584772359465,-0.013595829949733101,0.16560010869338856,-0.009550919623493317,-0.01700888671485192,-0.09143387204996625,0.10095753745789518,-0.28544807740780875,0.3095976581514177,-0.49454777133784783,0.17625516501440783,-0.4261717536744115,0.0,72.0,0.0,0.014583333,0.014583333,2.0,0.00783369192357951,0.038073781829911446,0.03916552244738931,0.07346172712272199,0.005834471654524017,0.04663066926162923,0.05253687358921863,0.05332287508010118,0.06102264779935224,-0.007216772946058698,-0.05078270132793456,-0.046190043613236836,-0.052023221684773545,-0.057977954930763236,-0.033537890208644144,-0.09451641674927462,-0.0994265501593315,-0.1162235918409949,19.837449424775624,67.0,0.5130284013202335,0.008574828,0.008574828,4.0,0.00555458916091753,0.034886591455467644,0.056666719794883136,-0.0007820007702318643,0.08670999133459559,-0.0020737755224570498,0.07564643635060828,0.07274101923416218,0.06018605564233201,-0.01057018768830355,-0.04004648203636433,-0.08279220051693846,-0.004261136391206354,-0.10186083248166121,0.011788545963551339,-0.08562133948156957,-0.023593161473497447,-0.05206519248908558,33.84897318704389,67.83333333,1.1091126599255945,-0.000742686,-0.000742686,6.0,0.016109935703022063,0.060839189354829175,0.015389381061138704,0.04827147754545857,0.04271411125295831,0.0011009286102037115,0.09115262457187973,0.026848960769636516,0.05082032078028809,-0.010738062934204576,-0.04138746667656888,-0.0008384461856577695,-0.09077059757055882,0.025553080131132187,-0.06795590155476244,-0.0036651060591378973,0.0047628213832560115,0.003468407453635178,41.98274572570158,68.666665,1.2884409755498267,-0.000380952,-0.000380952,8.0,0.02098594636603085,0.06859887846379308,0.01800156124727882,0.0582517188329453,0.06091766251271432,0.0011986317863376707,0.08046849603587726,0.03428313891556742,0.04162397242063192,-0.009202511801693047,-0.05057017741622613,-0.001165228314752524,-0.0905261474149001,0.032347743946505574,-0.06341103644439593,-0.0028900955555715294,0.006702515953713777,0.0025622429433770325,49.05329340926759,69.5,1.311526188141654,-0.000380952,-0.000380952,10.0,0.030875351200026793,0.04820011025228297,0.029648111108960363,0.02032347399941215,0.08743403804220473,-0.023495033757363726,0.11396979278773092,0.03302976463355067,0.03478125338301829,-0.010982089270984258,-0.08493789753790196,0.07469451070899932,-0.21697333062171517,0.16745297651320273,-0.22839379500138862,0.08343208817148239,-0.03167819967545135,0.008922898597794424,55.31126844519751,70.33333333,1.2949041248157462,0.0,0.0,12.0,0.03917994665363316,0.03711602659882585,0.04482523047726646,0.020012205548366423,0.08712511315990258,-0.026140486457513015,0.07292399063514897,0.04586681803751867,0.02989117964428839,-0.016028965377853786,-0.07631095509458116,0.06784075664754863,-0.1582845815818906,0.11535586500789102,-0.16938908199789873,0.0638344037425298,-0.057747313746171494,0.001762567741517157,60.89928152728453,71.16666667,1.3130086653849522,0.000126984,0.000126984,14.0,0.029489327019185288,0.05021812432244345,0.026534142192139218,0.05134255403860589,0.0756065061101757,0.004985478599351895,0.07195838882219502,0.054315768172046065,0.02510104493427035,-0.024110282187276934,-0.03537078530157381,-0.034739450038976986,-0.0359010775188137,-0.05302097066243853,-0.005090615488503369,-0.07048385489501176,-0.06281354418593463,-0.02332720895520328,65.80221473062949,72.0,1.263518588754945,0.0,0.0,806.8185101631112
0.0,0.011378337484096938,0.07418068330030504,-0.004885843361206756,0.1054961589506717,0.015063297470170576,0.030371883184085333,0.1089730078843059,-0.017604766423629296,0.14075490977210273,-0.011401291269053792,-0.018450299662668247,-0.0850543260229951,0.08009659245362452,-0.27642336410185264,0.26647628950478935,-0.5162242075809838,0.22633193542638333,-0.526757061530332,0.0,72.0,0.0,0.014583333,0.014583333,2.0,0.006984820314385256,0.04715939600335538,0.03900787131580723,0.06607863717392837,0.006031828007386766,0.05861670390155575,0.05774470275822443,0.06539080169193921,0.06063179378123554,-0.005960235430849813,-0.03570240843153702,-0.04873359661653406,-0.04269458670925631,-0.06988875715503652,-0.03237957604669741,-0.10091857564378667,-0.09527553303308041,-0.10556800987334594,20.145297482063405,67.0,0.540450387324242,0.008574828,0.008574828,4.0,0.006432758161531069,0.03156294341985858,0.04302950402835278,-0.0009296861554225905,0.07002499940591107,-0.0023859171378426366,0.07691097900671398,0.0829902633103784,0.07986459532692305,-0.007773297981504251,-0.04578618108240274,-0.05943447588046852,-0.003552099248749946,-0.11802513621597138,0.013314579829028207,-0.100699231378698,-0.02812514115014362,-0.061070259476022036,33.83257025268521,67.83333333,1.1864211817434833,-0.000742686,-0.000742686,6.0,0.01838799469970608,0.06991631389505445,0.02077711508912826,0.05411501381964319,0.04658383463535667,0.0009995966505478232,0.09433393547509533,0.02898762986672102,0.03698579230813949,-0.009910919062758103,-0.03972698629917798,-0.0008453841329659575,-0.07605493005079746,0.03186077461488335,-0.0766823779018971,-0.003047043551190325,0.005134011392207319,0.0026648707507923044,41.90749781781582,68.666665,1.3016337725523581,-0.000380952,-0.000380952,8.0,0.017365775742885337,0.07207900179775456,0.015067373237501163,0.051284690884663545,0.056988769526522765,0.0009851669136452846,0.0792716120784345,0.03319986480228314,0.04270741277361219,-0.012157068040142762,-0.054149658356631096,-0.0009651352807479498,-0.068489613738884,0.02851829949042927,-0.06744862403796602,-0.002874451324534084,0.00631149938293438,0.0034540922764073312,48.992326392655755,69.5,1.2573610933534933,-0.000380952,-0.000380952,10.0,0.03153715142038045,0.04382446541249083,0.030553577035941776,0.02380509318937323,0.07366501506882069,-0.024208805251179827,0.0841859613842638,0.03068165371682043,0.03527517443189937,-0.011062059504156927,-0.0856510334562288,0.06636043797963544,-0.21398911799619247,0.1348747741090078,-0.18109754424407606,0.0800745168646101,-0.03693718256489186,0.009932684904770204,55.31204541110445,70.33333333,1.2676884542368048,0.0,0.0,12.0,0.037491290355013106,0.04335314446476064,0.037193020662434725,0.01562093172115355,0.09914219331542731,-0.022901973517263943,0.08763278840507219,0.03932928837944288,0.029543273227464046,-0.01552480707597796,-0.09942622559718019,0.050629697034062365,-0.17683094768414936,0.12871726957589077,-0.20465809347087194,0.05165439747369377,-0.047393141308549,0.0021481429078547905,60.921832938238715,71.16666667,1.2753590491384776,0.000126984,0.000126984,14.0,0.033494175827037696,0.03693114838724847,0.032640115212002344,0.04954705057121977,0.07536176121556727,0.005010038935451207,0.08219826366669022,0.064934617619333,0.01903241857055159,-0.033170780329547504,-0.04465670180229209,-0.025570327469865584,-0.04230965489655576,-0.06754762634964469,-0.004654017321223417,-0.07073323722683116,-0.04892233701312526,-0.026753256650615967,65.83835966862631,72.0,1.376329350100058,0.0,0.0,755.175183850762
0.0,0.009597719075214388,0.06358579576097878,-0.0056651742734417,0.09026803235784236,0.014072231846077666,0.02371024212491831,0.11183019296151445,-0.019011324429910197,0.15290372925250253,-0.009869268785883385,-0.016289631114711548,-0.0800849727084906,0.11051105253450336,-0.30275458324681587,0.24245280871384423,-0.47518032337092014,0.22771914337010893,-0.504086157233691,0.0,72.0,0.0,0.014583333,0.014583333,2.0,0.007098112648650508,0.047945436914024885,0.04994539028060012,0.0673482263002394,0.006790444434541431,0.06688611559594941,0.06335343239845112,0.06573636538656501,0.060684165305781065,-0.007702851532149041,-0.048704593368209655,-0.03926163925936165,-0.055687387416403215,-0.07456676720165899,-0.03187646794071596,-0.10856758085325564,-0.0842474859941782,-0.1004264500823977,19.965781665662874,67.0,0.6717782526414333,0.008574828,0.008574828,4.0,0.006840054188243353,0.034964448217692054,0.059248901361878166,-0.0007612090424006992,0.09224899701361687,-0.0022290697007732504,0.08051606595818546,0.07929230243148294,0.06348743184419078,-0.009295534165365904,-0.04710116419476858,-0.07617454853319945,-0.0037669008161465294,-0.1215694231165439,0.009187913254614558,-0.0948651858956272,-0.03009698267268077,-0.0569974067289778,33.55379020552281,67.83333333,1.233895863461878,-0.000742686,-0.000742686,6.0,0.01965351265548432,0.06804126471576186,0.019893675900990684,0.05546341392154117,0.06018417584393339,0.0011627096846856956,0.09652909824644408,0.030183389244872134,0.053667350669772435,-0.011582434326545061,-0.04111330360047351,-0.0008283548359238435,-0.08068641310274843,0.023375684778461532,-0.07362709283732692,-0.002776319667414965,0.0057238496294047545,0.0027020555476506367,42.207797433363176,68.666665,1.3390139668349998,-0.000380952,-0.000380952,8.0,0.019740146223398806,0.06232879011375443,0.015628299171331437,0.060130543166023745,0.048762122408064275,0.001260820738708875,0.08695954411772101,0.03712909203143984,0.04614062689719964,-0.011085867796139823,-0.05386710745395939,-0.0010920006767013981,-0.08198781858104333,0.02856923091679771,-0.0793926599004938,-0.003113872186498083,0.006471152822282159,0.0029716751628474825,48.904688413033384,69.5,1.305173882684553,-0.000380952,-0.000380952,10.0,0.02921718862906614,0.03617171172647315,0.035606491163080685,0.02446964622542807,0.07675647766272103,-0.024852480135629712,0.0862498987927407,0.043639355033564094,0.034630049554917774,-0.00927843780428288,-0.08293865009987406,0.06363864400589188,-0.20054256775407453,0.127782929652619,-0.1655795108458765,0.07842933572053185,-0.03363715184240616,0.01130003834514505,55.05094280268709,70.33333333,1.2850470516795933,0.0,0.0,12.0,0.032556596875053544,0.043430776016078226,0.04618544088766186,0.015514033795797981,0.08726532935808044,-0.021976250614810084,0.08867894507434174,0.04378358412449195,0.024217917946068573,-0.016095339710662033,-0.0879037186065149,0.055097762473927246,-0.16482650298371096,0.11546763963696281,-0.19024278957680638,0.050096178099166264,-0.06911032092538229,0.0018847204859339505,60.69701663965423,71.16666667,1.3432601517970189,0.000126984,0.000126984,14.0,0.032237786255647924,0.03571638654075508,0.025921777278591164,0.03982014281772446,0.0669757916435476,0.004557727707958437,0.0827129502686481,0.051907437906867644,0.021147730942377554,-0.03286295628936423,-0.04558360307401034,-0.029439315251253748,-0.03673352267566096,-0.058848194128477284,-0.005190345852054481,-0.0707197121673583,-0.06022609551266456,-0.0268990304178446,65.85369892989736,72.0,1.2960719295081897,0.0,0.0,698.4405563729592
0.0,0.012004680759606057,0.056745532488528885,-0.005351651351085778,0.12146640369275451,0.016657722736723057,0.03101325428786981,0.08036071174491745,-0.014593946468038623,0.18227315037407285,-0.010885216313735045,-0.01980980739423907,-0.07673646498185671,0.08002193430181906,-0.3034310860226259,0.28970938557447556,-0.5004851882148512,0.18761463351681595,-0.529195236858608,0.0,72.0,0.0,0.014583333,0.014583333,2.0,0.008213420261803581,0.05067685978667012,0.04504069678674275,0.051486545584280834,0.005858653157448168,0.06382312821244197,0.051877220829976804,0.04482678943406769,0.05509401640640807,-0.007857990035281748,-0.03892683430460743,-0.03893758208476425,-0.05120202457970434,-0.07378853118258542,-0.03325084928397785,-0.11271390039920907,-0.10720805469686231,-0.09474564427910659,19.842091336453123,67.0,0.6399562669553545,0.008574828,0.008574828,4.0,0.006406107952947342,0.03091340916970538,0.050034923343236865,-0.0007321774644011587,0.08422629782483307,-0.002570156097630286,0.08829068967375438,0.06301534917186216,0.05671891825856508,-0.00993724564145685,-0.04481153420902884,-0.07103726973623525,-0.0034071381379005483,-0.11191343885432924,0.011366248576037309,-0.08017695442330161,-0.026212693810557117,-0.05652997481709618,33.75788863171428,67.83333333,1.1012551483783684,-0.000742686,-0.000742686,6.0,0.01912086123275284,0.05377738337880395,0.01838452030342863,0.04842777530414936,0.04524185428890756,0.0012705716904240355,0.09713374542737331,0.028632386779607798,0.04363208334044733,-0.009250191442139764,-0.05798285353110649,-0.0010699325276237097,-0.09151214698113164,0.025609684916900903,-0.0723741841171512,-0.0038815598313447167,0.00550808452082298,0.0033731126588036064,42.20589529881748,68.666665,1.28473096393252,-0.000380952,-0.000380952,8.0,0.019617678118246364,0.0698673255029092,0.019709542890750872,0.05347474632466771,0.05198088796287893,0.0011067607492449988,0.07518703127788298,0.028496745642138804,0.04530397051173124,-0.009182569691962352,-0.059435136231681986,-0.0009156053806453226,-0.0876320280624602,0.03192710305065927,-0.06354399305289889,-0.0027652133484588667,0.005915464831518956,0.002949254855487978,49.08652606721199,69.5,1.3065065494421808,-0.000380952,-0.000380952,10.0,0.034913983878611846,0.04007929914906041,0.041454786235323504,0.024846432847670224,0.07149206428604245,-0.021423588151601655,0.08790492604091171,0.03930938549149813,0.0316310563929411,-0.00820328270470672,-0.10020181928645541,0.059236645428523575,-0.22245707177414695,0.15624434324561667,-0.19389911330906015,0.09368644750595893,-0.03576621743801262,0.012077009346041624,55.13405104253922,70.33333333,1.2871032938002605,0.0,0.0,12.0,0.02767679581685101,0.04424300385366633,0.045914550475711434,0.014371077752242988,0.07406041077962051,-0.027111500769350146,0.07681181663787316,0.051412228010021134,0.025105030618511524,-0.014366968347468919,-0.07877861465492873,0.04908942146704517,-0.15731012230971683,0.12701856990387,-0.18731451307375985,0.07002494438659253,-0.06713775386316297,0.001976218031687817,60.78771073631988,71.16666667,1.2855102762780228,0.000126984,0.000126984,14.0,0.026179730613088977,0.043274179617457664,0.025704913262057615,0.037982374885997455,0.06535133087596122,0.006046154874822311,0.08005051148804322,0.05578279356228432,0.020770845011975715,-0.03291943433171008,-0.04500366974442861,-0.03666443126565389,-0.0450292215844043,-0.0769649219932057,-0.006404324173133976,-0.07956450924477926,-0.07173604598196558,-0.02544730201978904,65.8966653725983,72.0,1.3480491502914584,0.0,0.0,761.1997770883795
0.0,0.009764629393893366,0.06540714805202792,-0.006234641415882297,0.09496897866224288,0.01732027408599686,0.02694225990565862,0.11045335418535389,-0.01833642460545497,0.18682777483217497,-0.009542900125658813,-0.020212056835619288,-0.07819990430405382,0.08834044513835185,-0.35997986740049776,0.23228118903046036,-0.3529175018397206,0.1556418348028824,-0.4476534332215315,0.0,72.0,0.0,0.014583333,0.014583333,2.0,0.006653724668441455,0.04253301689192544,0.03727408294160354,0.06488467331811557,0.0064169235864725725,0.06852105832087035,0.061569754946956254,0.06616088415769006,0.06396068617338607,-0.006167381467540587,-0.0507164600187781,-0.04953722334249095,-0.049732898728937804,-0.06264187077502897,-0.030207062225608504,-0.12355471354558152,-0.107790243466211,-0.11975146393889173,20.158186314496312,67.0,0.5289922712234815,0.008574828,0.008574828,4.0,0.007535808737806233,0.02501243011896093,0.05821736653206475,-0.0007148801650582667,0.0800898945168368,-0.002402825381376277,0.062149104649809994,0.08535127024419963,0.07138067328430799,-0.009533989823268965,-0.04988571723486807,-0.06223403919663318,-0.0038168972121686217,-0.10037803340123287,0.01179921663465857,-0.08496430538415477,-0.024064452317472812,-0.061296910707232914,33.76465437574685,67.83333333,1.1037035889391973,-0.000742686,-0.000742686,6.0,0.01856157055929461,0.055856577618290215,0.01902782320416991,0.05633876972205026,0.057985245866179605,0.0012055995939109544,0.092616486922666,0.03232231282469344,0.04254554310765714,-0.0117135659959391,-0.04307199828571102,-0.0010568346806305797,-0.07914490583844185,0.026864398199219774,-0.08098072475298951,-0.00361760468200965,0.004889084283811797,0.0030900458100761646,41.92343259354362,68.666665,1.2861759948470772,-0.000380952,-0.000380952,8.0,0.017469883037641937,0.0707072490472192,0.015068258352611141,0.05097859832765814,0.04496390316491007,0.0014024230509164272,0.08182348880618882,0.03351069463254797,0.042166796347815415,-0.01168598584369289,-0.04846960519207451,-0.0012173825009956973,-0.08257202412605344,0.03192906192130291,-0.07105100304815129,-0.0031607018205784014,0.006229943642643775,0.0031440956077010166,48.91139448205575,69.5,1.2375795993586116,-0.000380952,-0.000380952,10.0,0.03676492715359837,0.05350476405302696,0.04262061603547637,0.02487750633178318,0.07166922071246638,-0.026055816356397792,0.09912747107748641,0.03187129598814068,0.03133971999721134,-0.00999809859262131,-0.08421586379137291,0.0732873640301858,-0.21908967903910156,0.13085995421339205,-0.21626163224231054,0.09517405483563657,-0.04247185484154869,0.01180694439408855,55.065708123047465,70.33333333,1.198432031339995,0.0,0.0,12.0,0.032249345001856985,0.03192250343739962,0.03795090278703409,0.015464484492053876,0.09911428144107155,-0.022582987906118145,0.10003239595166094,0.051823086639443156,0.027276705044868874,-0.014792885247416773,-0.0963513348072083,0.06529978146941864,-0.1477058675008144,0.141079882935627,-0.18761035505455376,0.06755929153638458,-0.06257086850123225,0.002208893674434025,60.97142275915074,71.16666667,1.1951272122489656,0.000126984,0.000126984,14.0,0.03252133377234927,0.041618647354386085,0.034037961776459534,0.044022286107976635,0.06496459179590178,0.006020958297119494,0.07061097571047281,0.06687379873512753,0.024451119166156353,-0.026831468242702695,-0.040406105908527244,-0.03416817850867253,-0.03876503574894729,-0.07527315076517259,-0.004495719766166023,-0.0660630223958045,-0.0687978558042163,-0.026095955040706203,66.15402346506038,72.0,1.3414629483432767,0.0,0.0,730.4325645668025
0.0,0.00971965712751572,0.0705683015488715,-0.0050781001700781455,0.10775684842875519,0.013165815327470801,0.02852106309052894,0.10735256107696549,-0.01373543180556269,0.17363659648589283,-0.010523946941841947,-0.022644508868493007,-0.07304869218863475,0.10105055174182996,-0.2797936146546526,0.2468694962022802,-0.4884053850110751,0.19778276578531323,-0.44740056670628753,0.0,72.0,0.0,0.014583333,0.014583333,2.0,0.007159121220317729,0.0492905458109526,0.041279811463214626,0.06397470426188472,0.005068452173735751,0.05080792225352581,0.05235366914330501,0.063177530593614,0.06898233881337053,-0.007112365272410125,-0.044001363288762925,-0.04124897549605084,-0.05682497103409022,-0.07755403556097987,-0.025102919319594616,-0.13921201341006442,-0.09027470538143788,-0.13287160347034527,20.172202041023173,67.0,0.6387429825585259,0.008574828,0.008574828,4.0,0.0072161747281347475,0.03473162006088728,0.043310949352888255,-0.0009283872338586675,0.07561014010707726,-0.002196733061168582,0.07953075710118654,0.058171864257282484,0.05993325694794012,-0.007145285044798026,-0.05616791340961982,-0.0817590920690833,-0.003129378116510053,-0.09054416687119829,0.009279410720354654,-0.08007630052060824,-0.02237156918786594,-0.06182826201805599,33.91867836447275,67.83333333,1.1648199564918498,-0.000742686,-0.000742686,6.0,0.022139508490618624,0.05343225500920579,0.01525413413825401,0.050151112115896436,0.05681806860197737,0.0013023634328943325,0.11132950711346015,0.026058385414141617,0.04691201553674053,-0.011692776042982703,-0.045242782671052834,-0.0011652462353843637,-0.07606416268769385,0.028641839770142168,-0.06258123212331923,-0.003012928383154217,0.005950323511779727,0.002880069771223092,42.21775870850322,68.666665,1.287637477423975,-0.000380952,-0.000380952,8.0,0.017970865938788858,0.0599594434736566,0.014775932272055063,0.04490980095934481,0.06052827365815466,0.001012593853733071,0.10587322349446222,0.032782426096993625,0.04860682016154329,-0.011865798073578984,-0.0541931488367395,-0.0010298771249879002,-0.07061967413002605,0.02500303362203501,-0.06598757216850915,-0.003608755349157246,0.005059225541981965,0.0026473436108092807,49.135950903982774,69.5,1.310318557723201,-0.000380952,-0.000380952,10.0,0.026530105065326347,0.05367366816836314,0.035576779315222476,0.021528020288696482,0.09259643826250546,-0.024584006543010097,0.0834277287130236,0.04012353518382019,0.0331957120321421,-0.01116426298343803,-0.09659151736853494,0.07063557740066469,-0.1593263839679069,0.1307947273469284,-0.22821228455810855,0.07180195827081916,-0.041318545979306114,0.008562005830572289,55.37347715659221,70.33333333,1.294598707999442,0.0,0.0,12.0,0.037426667553726346,0.035479473086945816,0.040697465924071835,0.020441753017196054,0.09058704713797555,-0.024683752030126405,0.10150530118882009,0.04780516290273913,0.023116915694486546,-0.01730001095648786,-0.09023712724924127,0.04728765735174807,-0.15334666055357837,0.10515633178122266,-0.15004123617721207,0.07294189085040483,-0.053661470206423194,0.001989285918334562,60.7541976607887,71.16666667,1.3505555252080403,0.000126984,0.000126984,14.0,0.028081061391982336,0.04125998951098109,0.026102076475485826,0.03874587035390358,0.06037415395386193,0.005562188189673739,0.07536287832924736,0.06585937993181067,0.024295136930995567,-0.0259537347638263,-0.0409185809078105,-0.030819277688462265,-0.05061326122092165,-0.07093742150068544,-0.005192385614930144,-0.08397791962070776,-0.06837873384823615,-0.018925687555418246,66.05898083440579,72.0,1.3370035291721702,0.0,0.0,795.1599194153059
0.0,0.010397603841300137,0.05612992085220332,-0.005160148298236154,0.11280043460381162,0.013487854641990541,0.024623117546329974,0.10708750874498277,-0.015153689138297108,0.14402356585114262,-0.010015491471050846,-0.020942774195163195,-0.08373041645648947,0.09359582197720923,-0.33283025571068364,0.31208232761597726,-0.4806417543603157,0.16271825864476924,-0.45030377496365465,0.0,72.0,0.0,0.014583333,0.014583333,2.0,0.0061769932858981086,0.04076449773561345,0.050244792488498065,0.059246834194895855,0.005924986799515045,0.0648963207572755,0.06839558108386137,0.051238199345713574,0.07087714561282724,-0.006891650815073517,-0.038892303552651046,-0.05065433254286032,-0.054624750475049895,-0.0594219432073314,-0.028677480735143236,-0.11559162158861355,-0.11010421349468132,-0.12093347252719513,19.94143256512684,67.0,0.5659753959463021,0.008574828,0.008574828,4.0,0.007444488602394368,0.031695453237856594,0.05896913312341594,-0.000861143680912226,0.09117118345545717,-0.002034930984946055,0.09112405600329888,0.07277917981915769,0.06830359996220045,-0.009639176452706209,-0.04847872418193364,-0.05963248877036166,-0.003278468817466863,-0.10576663914131486,0.010732807105616348,-0.0911282772330512,-0.03316920242755701,-0.05810987272990006,33.85071963875898,67.83333333,1.1397746538566276,-0.000742686,-0.000742686,6.0,0.016370699290120392,0.05352577662506005,0.017364793268610904,0.055323994524080905,0.050515563872916655,0.0013548763977571745,0.10525839375316991,0.029016157140329728,0.05270767372139412,-0.009337537855405934,-0.05618395774001308,-0.001021486096092894,-0.0777829440708668,0.025195655888368196,-0.07453334857057688,-0.0037574641997915573,0.0056593320355804565,0.0031383538246428483,42.07270610593618,68.666665,1.2734598903051824,-0.000380952,-0.000380952,8.0,0.021028825479734326,0.06144145663699642,0.018447692657385547,0.04579249087021646,0.044469002486502096,0.001404767850163453,0.1069818901638093,0.028838252046920004,0.045607649938266104,-0.009514699531141249,-0.053865632661549125,-0.0010955179163429946,-0.08101660043430073,0.031335774703239186,-0.068986348744219,-0.003963051767086029,0.006538604855044503,0.0028151101125759195,48.9336034977975,69.5,1.2990921578275558,-0.000380952,-0.000380952,10.0,0.03147157516643532,0.05102491875224329,0.044118719862727244,0.021212921409631904,0.09433435121144042,-0.025735500829601323,0.0786822229533918,0.03439743814622218,0.036938222541288035,-0.008681006061799761,-0.08860838541984291,0.06869472871767247,-0.18939855209326148,0.1341860688121409,-0.17662438858007162,0.07060910535324341,-0.033662558221754374,0.010033066802094133,55.008010947554595,70.33333333,1.258432024572384,0.0,0.0,12.0,0.029250589443604143,0.03711279325221181,0.04517520063687773,0.01719294576200879,0.10754180550155108,-0.021295934164441657,0.07454252134257974,0.03914829522398177,0.02872849297764964,-0.015103465998673219,-0.08145627102604037,0.05895695426289223,-0.1969623643398997,0.13602891874984416,-0.1619116961474321,0.06680711685058247,-0.054344487659498376,0.0017949965083301198,60.88967245609601,71.16666667,1.251228082875709,0.000126984,0.000126984,14.0,0.032414840477251565,0.04123180928847666,0.03241181365221508,0.03836221090066646,0.05733411156942892,0.005549363496574107,0.06859489196745201,0.060290603055229514,0.022286523814054132,-0.029783441552983278,-0.04353389380565082,-0.03547853057879104,-0.037033032665400374,-0.056515646430232755,-0.0050159941916825814,-0.06946489398377484,-0.04801179141511031,-0.024308345351933384,66.05943663373225,72.0,1.364343915948387,0.0,0.0,575.5528028829845
0.0,0.009421206641513025,0.07133595754525773,-0.0060853181484611845,0.12845579837976537,0.012587827292729968,0.024705197448772195,0.10332355043157111,-0.017464038296193373,0.14828963447488624,-0.009713719358420308,-0.015585161769388787,-0.09035712419276391,0.11625009471196597,-0.35972332549978464,0.2809999211024729,-0.4026118680488278,0.21608671060112972,-0.5657651069591955,0.0,72.0,0.0,0.014583333,0.014583333,2.0,0.00872235365227768,0.053173272221690195,0.05192600963756049,0.06256638906871068,0.006855075250190139,0.0503645090125829,0.05742651096561092,0.059858106429227995,0.05537665082620713,-0.005844687123382647,-0.04338256365534063,-0.03933958694376324,-0.04619620707375529,-0.05369043329846397,-0.025599723814879106,-0.13798670067514454,-0.09606552972426949,-0.11587194922157859,20.05039650558729,67.0,0.5706461217818676,0.008574828,0.008574828,4.0,0.007297942978086984,0.026702277966736628,0.059023991634049755,-0.0009057588641896455,0.07903473342544456,-0.0026308197585299758,0.08223639407775686,0.059503901114948674,0.07806345610164069,-0.009307112857172948,-0.051882176385034305,-0.057217336156549725,-0.004439958065961343,-0.11999713233596683,0.011091944374437257,-0.07716264484981351,-0.0232615108131599,-0.05019803033461571,33.54798320397631,67.83333333,1.147238182070451,-0.000742686,-0.000742686,6.0,0.020090071174537885,0.055963353981221854,0.020587437172011846,0.04842908665435995,0.0547622823860032,0.0011129868872033779,0.08624777783312144,0.030552293362354696,0.043491949638260384,-0.009003929954139034,-0.04837853466507956,-0.0012106497269267376,-0.06472871830382687,0.02488208496649766,-0.06300161588731563,-0.003588143933463145,0.006941058390712725,0.0032849876356049494,42.15206580265748,68.666665,1.3040786296291937,-0.000380952,-0.000380952,8.0,0.020982824761115473,0.06348652773843899,0.01966652051070735,0.06466561316735073,0.05975164331617875,0.001115071200539189,0.08370488621719727,0.03572140072398544,0.04774359441070798,-0.011322872760756433,-0.046396399822944155,-0.001070140345045416,-0.08654845191467089,0.026600683074245998,-0.06994865195117879,-0.003538631995379188,0.005491700091869856,0.002754319879550437,49.15662016731007,69.5,1.3306547560367268,-0.000380952,-0.000380952,10.0,0.026010864940300416,0.04716963508910734,0.04411106411571803,0.023195714785837523,0.09572377987811397,-0.024725990096729187,0.11410562685552297,0.03805438871981453,0.03711083457767879,-0.009741676830796147,-0.07804307015750236,0.06631893185384957,-0.2291241706973069,0.18521237412646369,-0.19746103706881857,0.09424149470280598,-0.038402138767665836,0.012517644751531174,55.18643192687613,70.33333333,1.2922714757175164,0.0,0.0,12.0,0.03805237904488726,0.03216874939083262,0.04131947786900441,0.017040075073678666,0.08137410772827795,-0.022442016455908466,0.07637583994667392,0.05103389847231693,0.02163814325630024,-0.014303072609339532,-0.09723919584856458,0.055890127573712416,-0.16047535408953323,0.10985290027096065,-0.16704940524367967,0.064936018563787,-0.0630070759490242,0.0021021139687108998,60.835701945751545,71.16666667,1.242929082905018,0.000126984,0.000126984,14.0,0.03196859430581286,0.05013917310089745,0.03446146499483418,0.045369024630958994,0.06137972273319464,0.006417219637964482,0.07822828640989261,0.04792479295192744,0.02215863878992755,-0.025833331231132406,-0.04376319904331635,-0.03103046633304563,-0.04064419814895509,-0.06784460694546303,-0.006191606045607079,-0.06966959006800345,-0.05641174029358838,-0.02273597369143657,65.87340787330861,72.0,1.4480260302144314,0.0,0.0,791.8512981419163
0.0,0.009887985207967808,0.07802926221973165,-0.005170979686239885,0.09267489473219158,0.013410347734974059,0.026210528526144316,0.11204245961491886,-0.017192990855139735,0.16344674520807478,-0.009799400973286273,-0.021103288899498217,-0.08251368096730793,0.11584842331307309,-0.35611837024561416,0.293330699056726,-0.45568244443291883,0.18630160167813054,-0.4091120551853065,0.0,72.0,0.0,0.014583333,0.014583333,2.0,0.006179841558352107,0.04376322054927032,0.036937368614889984,0.07276630762700058,0.007107632030383795,0.048747104703794994,0.07268026928873701,0.05745064177219795,0.05395591989526902,-0.008412255802372062,-0.03831453218047357,-0.05351093835421233,-0.04260218149955771,-0.06778059990735244,-0.0290138484186748,-0.11652742701659255,-0.10807728227057943,-0.10419941397436863,19.82037764511994,67.0,0.5736126423905569,0.008574828,0.008574828,4.0,0.005906077053330091,0.03047137277418889,0.04990381273312414,-0.0009305599399003817,0.09392006878298177,-0.002874971696140144,0.06619810912404772,0.06589629758168972,0.0758603213710119,-0.009155915594152235,-0.041919179808402166,-0.08167047124699298,-0.003169636640490954,-0.1178146553704875,0.011118823965141243,-0.07644660003285851,-0.025618326546585832,-0.05748438609142123,33.69143747550818,67.83333333,1.1363136872156487,-0.000742686,-0.000742686,6.0,0.01908726007693966,0.0530950931021849,0.020826081812156227,0.0530456233456649,0.041070195806005856,0.0010104528659634663,0.08391390945892198,0.03415200632775522,0.04541395445945472,-0.00873851113087792,-0.04274567318242652,-0.0010553182787046938,-0.06627898613060244,0.03262471608291619,-0.07890646147934904,-0.003705965080473898,0.00663465434114643,0.0027948953144956413,42.12333134641088,68.666665,1.2744308715543253,-0.000380952,-0.000380952,8.0,0.014952017073217872,0.0645215349735749,0.020139205635689324,0.044888001920098675,0.043911232531166446,0.0012407299434729522,0.10559340761220957,0.027838257959686523,0.04779146429885104,-0.008974229250440979,-0.04386498523057609,-0.0012121521030558152,-0.0830200732550329,0.026006968102859806,-0.08571465471469242,-0.0031843173220719046,0.004711175672520082,0.0025839689804491913,49.178541380873796,69.5,1.2699536794757562,-0.000380952,-0.000380952,10.0,0.025669151591320848,0.05181902201785009,0.033050011053214264,0.02423691843713537,0.09858078989751366,-0.02205657642669418,0.10259158651757329,0.03611924417845615,0.030959375169657556,-0.010773149146720663,-0.0985751625176591,0.05717456955622409,-0.2247475213801208,0.18293088689420037,-0.22317387005288658,0.08534330574804463,-0.03974552848008476,0.00953445382282904,55.21420791975766,70.33333333,1.2574429041901243,0.0,0.0,12.0,0.03405501553953546,0.04599022505337405,0.03749749037932309,0.01639319114241348,0.10132925024717282,-0.027131955623329356,0.09850474430083596,0.0406325632111225,0.022012170135650024,-0.01772656828649119,-0.07018268245274321,0.04905234234692782,-0.165109146858362,0.11223295181171182,-0.19095812001083595,0.06433334482065875,-0.059433358401158994,0.0015325782932655684,60.989302862834236,71.16666667,1.3489515860701229,0.000126984,0.000126984,14.0,0.025486910745068477,0.03525658542366512,0.03312751133071518,0.039407561586740705,0.059468002797922435,0.004477804759292168,0.060305321576599236,0.05567263832250124,0.021665377176787678,-0.0246433092281199,-0.03911248139663102,-0.028124705572364708,-0.04469222565778831,-0.06085531648699408,-0.004486485706135183,-0.056467457436255246,-0.059373825559305066,-0.02036068546130758,66.06889141310013,72.0,1.415043553427381,0.0,0.0,738.698808176316
0.0,0.009687853474472681,0.07121723623899534,-0.005794024127468476,0.10777278633748355,0.015718007352236912,0.0300948311191649,0.10742578614480912,-0.01870698603215091,0.16564164543889068,-0.010099908644948054,-0.02157088867219735,-0.08721975741513929,0.09433446188306867,-0.3052196783483827,0.26503052972782976,-0.4032539248422378,0.17238251883836664,-0.3958269684584373,0.0,72.0,0.0,0.014583333,0.014583333,2.0,0.00792652283166316,0.03878430974660826,0.04830240933501238,0.07177610914051825,0.006949057301529751,0.06818356542737784,0.062779439864782,0.051937038674890065,0.07775262704761146,-0.00831410166944657,-0.038639545903519014,-0.03654723472740647,-0.05068852243041141,-0.05833726305876894,-0.025512271104023113,-0.11885105509859284,-0.11673633715941224,-0.1061418814914446,20.088115638121156,67.0,0.6506893491055845,0.008574828,0.008574828,4.0,0.007406586092113308,0.027363248699072522,0.05942207088252692,-0.0008528837629083476,0.08315643115347317,-0.002457958856823413,0.0735814211431704,0.08454392429532781,0.06525472870533154,-0.0076048562739816986,-0.039401750921209455,-0.07548437968022194,-0.004045267349080731,-0.10768210709850674,0.012128649494656281,-0.08061977051622027,-0.026847155239922996,-0.05542089546361061,33.78306588414896,67.83333333,1.1968321443762717,-0.000742686,-0.000742686,6.0,0.02133976328099892,0.06828463727075698,0.015259777869029493,0.04855132823835534,0.0551957473390089,0.0014303227601701128,0.09175943427385347,0.03273766701967275,0.03725133715086398,-0.010988597562489445,-0.04389211320175132,-0.000915193939247945,-0.07147224103224625,0.02338142630321642,-0.09123070259944552,-0.003994614923385403,0.006191728718287121,0.0034438830275370074,42.12201750668263,68.666665,1.3172461534041668,-0.000380952,-0.000380952,8.0,0.017935762389996564,0.06948822448404168,0.021325902797836846,0.05190386693733708,0.04358311783928855,0.0013069648650564619,0.10789681816405357,0.027078596192036227,0.04180862847976534,-0.011059269051602174,-0.04797923923453938,-0.001029104739695557,-0.08843380092869713,0.032757434635427914,-0.07797996359384098,-0.0032126930076591797,0.005763742452250503,0.0029991358172821864,49.14832043769387,69.5,1.3792511444687334,-0.000380952,-0.000380952,10.0,0.03537166064383329,0.041788003912755056,0.03465163566821035,0.025668681886907005,0.09320013591693056,-0.026871107094761797,0.10625563961000287,0.03758370298393164,0.03596614319592485,-0.011076955375995661,-0.07892629274159954,0.07330964044579164,-0.19200838590951794,0.18289697615063472,-0.23113990724417055,0.1011565446789775,-0.04092389298175771,0.010989089530191305,55.04917590234318,70.33333333,1.3704372909288003,0.0,0.0,12.0,0.029854598903758103,0.03806160949517893,0.04083339654778654,0.015464486032032716,0.10374893967549391,-0.020274362052735844,0.09222791755996398,0.04044680784196622,0.02653831327547033,-0.01843880487049835,-0.09745412913057093,0.05139468512601986,-0.17229503799460194,0.12457307232324269,-0.18244870396553056,0.06056784499596306,-0.06948693131547844,0.001833534340871019,60.830737807546335,71.16666667,1.3219453257716534,0.000126984,0.000126984,14.0,0.026428671622411845,0.03971233723452922,0.02556067592782584,0.050775618255786366,0.07682537686850603,0.005983461631183255,0.06233416723620898,0.06729648801440455,0.021975658077893808,-0.029714745994937942,-0.046815225078034144,-0.027606804087125965,-0.048531291709110434,-0.07128945071073706,-0.005023614378795171,-0.07225339443057645,-0.06555659502964646,-0.022084743107822994,65.89386540618014,72.0,1.2761061839183583,0.0,0.0,633.7196093765215
0.0,0.00929723572955455,0.0791883168606561,-0.006125870261767742,0.10882307529775317,0.01714342078972413,0.02692385261825889,0.10302754541545604,-0.018652336355220546,0.13165542927870028,-0.010613827879762597,-0.01893830919399755,-0.07544257956056871,0.11001379105606968,-0.3469041099568046,0.2687168063965113,-0.5016997854131112,0.20487126415499554,-0.5087347727338921,0.0,72.0,0.0,0.014583333,0.014583333,2.0,0.006305973694243226,0.052379818916725406,0.04044224108302959,0.06936566491348312,0.0055042718929597945,0.0498887331389442,0.07098544615297425,0.04556489309966974,0.05356411866746182,-0.006295081059972785,-0.04970365241372294,-0.03848333564877122,-0.04687713052956367,-0.05836163154782126,-0.029422505619896056,-0.10738109929679923,-0.10786431241503867,-0.09501443028275393,20.079678664598404,67.0,0.5398613244652039,0.008574828,0.008574828,4.0,0.0053426274833810765,0.026647846480467332,0.06255937388798592,-0.0007327675140928142,0.0687023699747914,-0.0021788492520792733,0.09118866356227653,0.06110334963328533,0.07744681843350085,-0.010339811672882648,-0.05406640102821274,-0.05746843156070307,-0.0038777829626059847,-0.08628424793499642,0.011000038948834227,-0.09857451652523644,-0.024276026665270498,-0.06073523002294915,33.90323225608239,67.83333333,1.135932982843698,-0.000742686,-0.000742686,6.0,0.01812241903704311,0.05843199771932488,0.02066452406356591,0.0634353727912406,0.05857445158505033,0.0011055611840391725,0.09002897159840569,0.033560741260662975,0.05035868870531117,-0.008393159665922823,-0.05130768265043097,-0.0010776952224785335,-0.0840302460405149,0.032117296351196034,-0.08210431361065076,-0.0027572084814851874,0.006514964040259469,0.0024501173702873246,41.95787140952433,68.666665,1.318077293852675,-0.000380952,-0.000380952,8.0,0.020466705526667232,0.04987508642403848,0.01653614481028389,0.06155697804715478,0.044621944279416036,0.000992624433466094,0.08736328524658078,0.03214709386527873,0.03678275614086939,-0.011228447966822201,-0.05540789092349485,-0.0009044856170715311,-0.08572527576590268,0.02742176919080992,-0.07909789919817839,-0.0031320172784774177,0.006184682524027223,0.002598417663268464,48.838615595217455,69.5,1.2814804493953933,-0.000380952,-0.000380952,10.0,0.029381608118880166,0.03810656844955192,0.04214861751023011,0.023668014779432298,0.069733213068705,-0.028335163067765224,0.11280967795806007,0.04253848625864155,0.03860272598433175,-0.009300682070256364,-0.08360488487820174,0.060492712754392754,-0.21472580249394346,0.16696009434266215,-0.19267908961383484,0.09785310155142862,-0.0431982093954527,0.011697707448460179,55.33939068615281,70.33333333,1.2506628952757168,0.0,0.0,12.0,0.03902349991436941,0.044287597408286236,0.042678555174223864,0.016554661808140386,0.08531325130119173,-0.026525544627207166,0.08419750339766831,0.04536487385740274,0.02900118658956179,-0.018015198960356926,-0.09140539231513543,0.06584906700767733,-0.18019633895361373,0.1328553594425128,-0.1512704495953071,0.06553205588644792,-0.06306818506167698,0.0015402618436691257,60.902652275563206,71.16666667,1.34015306393997,0.000126984,0.000126984,14.0,0.031271784168428914,0.03761333661605059,0.03026539659578103,0.03760739625979576,0.05663407060128872,0.004878675398274367,0.0845766675878897,0.057377228132131926,0.021857408394239747,-0.027969831380841137,-0.03623204691137389,-0.033049194370757665,-0.04573346654647623,-0.0786775246544349,-0.0061730510782380555,-0.07646106545620082,-0.0563077034031917,-0.02301158561382479,66.17461203474011,72.0,1.381029293508932,0.0,0.0,664.3152510381793
0.0,0.010662196274550773,0.055100501801439036,-0.004718237327391569,0.12521550464037973,0.0153273198666895,0.02837419243846046,0.08952713674134888,-0.016712909463001142,0.1683564925945213,-0.010856429719222545,-0.01696680027452619,-0.08310502019962893,0.08850955741606385,-0.2737352328491646,0.2953022024717207,-0.4235229900686546,0.18368529375897039,-0.5243368057393825,0.0,72.0,0.0,0.014583333,0.014583333,2.0,0.006423504489371905,0.05148481779619477,0.04051242630473101,0.07034184823450568,0.005659664427788946,0.05277742680018152,0.06035596813183491,0.060996674823061675,0.07046311684745163,-0.006002517931520044,-0.03660754904769467,-0.054302730346020955,-0.054052894246476337,-0.06651537716908025,-0.026537986744067637,-0.10843078090825045,-0.10806472794726175,-0.13066664150025037,19.974797818711643,67.0,0.526314812481328,0.008574828,0.008574828,4.0,0.006520043859233427,0.02510363725035883,0.06127603433389109,-0.0006913309206083636,0.06748242766157196,-0.0028023646520629296,0.082573350205067,0.0627020450457896,0.06772035914332944,-0.0071820811225555585,-0.04880162281733507,-0.07378226679667563,-0.004450168879401643,-0.0838974374694446,0.011778847860889166,-0.08984848831036525,-0.03018483390069267,-0.05931666770201836,33.92252549552799,67.83333333,1.1342212939525538,-0.000742686,-0.000742686,6.0,0.019264604688736982,0.050080987857443214,0.02022230180908037,0.06236339818629521,0.047927274870521494,0.0013120149999989578,0.10245422235803237,0.037945619289457756,0.043047783019661987,-0.011079984894485126,-0.045616140972017785,-0.0011665563145725165,-0.07349344037166364,0.03190967258514783,-0.07377751945158598,-0.0030748969383399155,0.006472110813891756,0.003089005730327102,42.14972999777147,68.666665,1.2611527508331737,-0.000380952,-0.000380952,8.0,0.02021326145881174,0.055178353907525665,0.020161510253220664,0.04542669732102458,0.05390385469858535,0.0012569267668971129,0.1056070583809957,0.028929386583752447,0.04282943139456912,-0.01006657361352241,-0.05542328966508221,-0.0010635554447206784,-0.08032383943974881,0.03299078633269541,-0.0666391154426421,-0.003906556460174312,0.005067435158804407,0.0027686474309421265,49.181778972833776,69.5,1.2547150351260252,-0.000380952,-0.000380952,10.0,0.03635108454626986,0.044586840194608124,0.03407381679280667,0.02126546520398129,0.08942439461211729,-0.02939882116349028,0.09102025454026136,0.03226215259582842,0.028927486222809863,-0.009962064345694476,-0.0949595304552162,0.06896738913381133,-0.21843831655961682,0.16616451568910764,-0.18168230316827882,0.09501311617761125,-0.03475613423556656,0.012573416460464249,55.37733633955918,70.33333333,1.219100233686008,0.0,0.0,12.0,0.03294138378231351,0.033809042534520335,0.04143547725094781,0.01949274736457177,0.08349829255327333,-0.026969276346955607,0.104134708845875,0.0523149399924685,0.02892658928268652,-0.01296136416224118,-0.07123264772962264,0.047435884763817146,-0.17892245292563738,0.10286405863751694,-0.16417842398021698,0.059817467555757904,-0.06327813190247307,0.0015099277355297308,60.807725622638124,71.16666667,1.2106478317331022,0.000126984,0.000126984,14.0,0.029262846912540892,0.03842250488453748,0.030925955131741224,0.04194750589992092,0.07765873543152399,0.004715820593196036,0.06581559020572443,0.05990481632059196,0.02265810829672275,-0.02594216540484325,-0.0479531632318479,-0.027317793087048556,-0.04433774277309148,-0.0744379348106823,-0.006063369595334884,-0.060761340715002735,-0.05658464065387103,-0.023488852780469596,65.90181890188806,72.0,1.2980082145042318,0.0,0.0,689.9663055279083
0.0,0.010245783373153756,0.06764394907880861,-0.005435780173505593,0.11361407091003611,0.014020662280194345,0.03358901747409983,0.11404016722559733,-0.017447546734204202,0.16749230506465465,-0.011316554076238154,-0.01621708888955056,-0.08976485542002653,0.0796515087441638,-0.3145399997177201,0.3422588792139416,-0.4910000788729809,0.17343715287832492,-0.5076647742912032,0.0,72.0,0.0,0.014583333,0.014583333,2.0,0.007696347208221324,0.05383994099453919,0.04969630374494929,0.0749683620959923,0.007175101849147348,0.06171379664543893,0.060830686609609504,0.061811393441211906,0.06798439430182625,-0.008539226552931168,-0.0399276527944052,-0.05103674791096738,-0.04312236265487596,-0.052687496832564906,-0.022946093135358843,-0.11137736078572814,-0.09401778731669148,-0.11246240610412153,19.874426785261342,67.0,0.49425343766676816,0.008574828,0.008574828,4.0,0.006304655102580846,0.033099395279608014,0.05773583790195926,-0.0009031751564263014,0.08312551299506889,-0.0024963591927433986,0.08087678738891145,0.07206743324696863,0.06041293828629747,-0.008621807139428714,-0.04243673796517601,-0.0672752714168166,-0.004350968238912322,-0.11532677259324106,0.013394002357700021,-0.06885980264612941,-0.03261904829402774,-0.04998989169163104,33.60491183631852,67.83333333,1.075513637141986,-0.000742686,-0.000742686,6.0,0.019621872276207424,0.06842275109413222,0.018281316103406258,0.06320328076609845,0.04424924412500207,0.0011330243220391662,0.08974187844102442,0.0374869458820803,0.03634026293502044,-0.010283312668040525,-0.048152406404306326,-0.0008823546731190938,-0.07416826123191304,0.03285657774032879,-0.08499189647256791,-0.0037916341711122003,0.00616603514427998,0.0031576643536477393,42.06221807487897,68.666665,1.2569537089186804,-0.000380952,-0.000380952,8.0,0.019791905476665386,0.06203496897377582,0.021221442139448175,0.0435760866227369,0.060443377277077666,0.0010933681521899676,0.11083834891314995,0.028620880548314652,0.04002235491044172,-0.0099414429369826,-0.0483395593908966,-0.0012057948604494095,-0.08953218538259977,0.030384959769932423,-0.07827508750628386,-0.004060302781740354,0.006109741800620769,0.0025015216525273304,49.01820528934323,69.5,1.241986611134344,-0.000380952,-0.000380952,10.0,0.03599052777781309,0.05295161944355643,0.030738010997945178,0.021684633076947485,0.08510240936630424,-0.029255490080169238,0.10858209393060655,0.03025365450463097,0.0321602026842196,-0.010719345954068328,-0.0983555521775538,0.0617117393456174,-0.22663359258320356,0.15283579990300653,-0.172419736283922,0.08201995505631651,-0.041136015942093006,0.011250996384552568,55.177896054076236,70.33333333,1.1988736744313755,0.0,0.0,12.0,0.029961684518877683,0.039612959966835525,0.034346930748939256,0.018323736187675087,0.07527060100160651,-0.025547140974982105,0.08795139485580473,0.044731858685708344,0.023793060196333888,-0.012763873573707325,-0.0996488411942324,0.04919449618350555,-0.1779961909706434,0.10128313969948663,-0.14380403934736066,0.06497023784448668,-0.06710838011775301,0.001665686737064797,60.65965467183046,71.16666667,1.3153476594329652,0.000126984,0.000126984,14.0,0.02488203298167964,0.0378291551795423,0.028261275369711365,0.0476999228456599,0.07202964306014448,0.006375813792142234,0.06619227821649272,0.06807550529176445,0.01983009173855254,-0.03514167741399209,-0.050166109360924964,-0.026432238339631323,-0.03856545801865985,-0.06644515826497636,-0.004492364956506222,-0.07004523142515143,-0.06796003061357535,-0.02329156530781552,66.07044395688962,72.0,1.391762292213072,0.0,0.0,742.7553878178234
0.0,0.011053405576177407,0.05804124428834831,-0.00645285079093074,0.11439039301077625,0.015407300116666883,0.03028982327792656,0.09772961713891064,-0.016620042707616058,0.17960195245428923,-0.010107282579143792,-0.0159103154719315,-0.06349132739535962,0.08183739617168477,-0.2756564227386905,0.3039528165043365,-0.48272883034875297,0.21582316792794642,-0.5599564016436233,0.0,72.0,0.0,0.014583333,0.014583333,2.0,0.00889464748644435,0.039926079652592546,0.037745381296148066,0.05898501664736944,0.006970829335536905,0.053994034781379256,0.056923803837899425,0.06473716158955226,0.05866348268581793,-0.005914332429610264,-0.04683101759060087,-0.0537066380209734,-0.05844058501039831,-0.06563135215824688,-0.02759455447651986,-0.10803961358409278,-0.1083535216991936,-0.13006812335054319,20.150038059793136,67.0,0.605860910843817,0.008574828,0.008574828,4.0,0.005455332103533218,0.0263798878193466,0.059544869019884844,-0.0009813734448069515,0.0959751258785933,-0.002118390392407505,0.07032525099000686,0.06459226950095792,0.05932813356323694,-0.008929741363750859,-0.0551623806958022,-0.06919436356547792,-0.0031210425979187936,-0.09413071783618386,0.010902718357717804,-0.10030536278466247,-0.023793126986011506,-0.05849192845859916,33.78598976193748,67.83333333,1.1961606064271288,-0.000742686,-0.000742686,6.0,0.016173933132681197,0.05481462257290431,0.018200532104062455,0.06495420841247057,0.0557448434739482,0.0011244246965779494,0.08897799725284529,0.03137424670132458,0.043612966523833625,-0.011387007805188322,-0.047318053791170156,-0.0012160589308901262,-0.08794689481300824,0.03161585833247804,-0.06590598704671678,-0.0029831310223710997,0.004984230389415802,0.0028096441730974093,42.21660051199991,68.666665,1.2486654228717633,-0.000380952,-0.000380952,8.0,0.01597795283307992,0.053366108283620935,0.016141357881922457,0.06286645132954052,0.04752360442305748,0.0013124281055059972,0.0779854494660104,0.037767901820909416,0.05146289809105088,-0.012397816374932936,-0.05114672732499356,-0.0011065606511104628,-0.08977141274005723,0.03205152269274057,-0.07612617132253073,-0.003931986779431155,0.006111417195008168,0.0031515361674172475,48.95641549937403,69.5,1.244636637932195,-0.000380952,-0.000380952,10.0,0.027898946685812272,0.0364389303060671,0.04151206335953662,0.020197286478904265,0.09354553401724415,-0.02842204989114433,0.09393673526447596,0.03594219920398415,0.031651302211069515,-0.00971077296574563,-0.0830730439254212,0.06637533248438358,-0.17116122423174163,0.15227899940635908,-0.2196806381752797,0.10144907276585424,-0.03595612788962158,0.01170873519254597,55.14981621347643,70.33333333,1.2097471630611523,0.0,0.0,12.0,0.030344341708928937,0.039338471209560646,0.049302988694021006,0.018217794905578167,0.07358248899230146,-0.025847028344974605,0.07516484191431734,0.051288531381773826,0.02329201382077594,-0.013851263409018806,-0.08094642553456767,0.0590174643179416,-0.1600513954141256,0.14610670377715101,-0.19710533700138605,0.05094266097454465,-0.050928106558794255,0.0021368143046191284,60.75590626338849,71.16666667,1.25023898889626,0.000126984,0.000126984,14.0,0.027493450114817082,0.05005990835719541,0.034864073181848185,0.04009378355455596,0.05911441913345576,0.004461294330894403,0.08023069667298503,0.05719264192092079,0.026551901225735967,-0.02554140462879217,-0.046921497594778774,-0.03038872430231785,-0.04900084689470542,-0.0650502598892338,-0.005635688017677861,-0.0837602519574406,-0.059347547488402326,-0.025371312383881933,65.85813939842937,72.0,1.3783616381546706,0.0,0.0,581.8347067272192
0.0,0.011249722412633063,0.0581727627922234,-0.005805615706302362,0.09392455550101303,0.015934395845671807,0.03435264569912249,0.11281227773646298,-0.014632910373416564,0.1592863389777551,-0.00898654007306421,-0.021178860612335527,-0.09296153304224154,0.08573435575347936,-0.3100809484597962,0.25712834780332655,-0.39961407552938955,0.15765367060090923,-0.5682123917375755,0.0,72.0,0.0,0.014583333,0.014583333,2.0,0.006240773665863577,0.05673066358884016,0.04432815132004255,0.06178702721472563,0.007326422967906884,0.05159921252168575,0.06941755706344084,0.047301547594648025,0.06369550867023714,-0.007705146185836252,-0.036234690253421895,-0.043278276515198326,-0.056531139786927094,-0.06657249676288646,-0.023607682081980774,-0.10548262506206253,-0.09448130627468351,-0.1216795754938952,20.098086277777085,67.0,0.6095608412621853,0.008574828,0.008574828,4.0,0.006031545973035129,0.03253354534883713,0.05333985332596576,-0.0008404485964643337,0.09230417459422971,-0.002060228333877885,0.07689998538004456,0.0702202816236436,0.07697853132849483,-0.01043870759539047,-0.04823218141373188,-0.07799895870465925,-0.003773662431488739,-0.08617564224822317,0.009377003004228706,-0.09633051672604083,-0.02266396605499405,-0.058964079563149724,33.66190228346829,67.83333333,1.2340304009489684,-0.000742686,-0.000742686,6.0,0.019148517472572422,0.05397862042987699,0.018036650660802338,0.06115057902130629,0.04539580298227466,0.00136872220072717,0.10050203312320281,0.03477894758508669,0.04466954766103164,-0.008803739150043694,-0.04518674425306817,-0.0011847733930634053,-0.08356596905755216,0.0330185808637306,-0.08259633496291843,-0.0032813035881314057,0.005191824047940621,0.0025737130089039085,42.15911685421989,68.666665,1.339457516396526,-0.000380952,-0.000380952,8.0,0.017174984571337797,0.055416286226190735,0.016038819177325126,0.04872013227675356,0.04489757530665262,0.001199989369263177,0.11248671181244586,0.0313309245127478,0.04527299520225629,-0.009384440090277044,-0.04546847147277415,-0.0011690359644076303,-0.09219609200057971,0.02913645279495506,-0.08347441985722188,-0.003165717729634515,0.007017506435522575,0.0030923505334107862,48.97582231898675,69.5,1.3013223015614122,-0.000380952,-0.000380952,10.0,0.030400140051875215,0.04079181078348765,0.03982583437791086,0.018846355506776147,0.07683359782537154,-0.02772022580192928,0.08161651587599668,0.04094327887710292,0.03520616904934956,-0.010254189475303455,-0.07758195119750476,0.0698460225287478,-0.19086184222583863,0.12800758047424524,-0.24228966805592042,0.07571821669774981,-0.035115716619276795,0.009574131294333453,55.127223656495005,70.33333333,1.2880412093477966,0.0,0.0,12.0,0.03792655161060757,0.041919684482893516,0.045851109252614014,0.019907460086937733,0.10038222703671774,-0.023018680006192234,0.07818812329475122,0.0550609166985575,0.02580479169986303,-0.01875647194479219,-0.08588109171931745,0.0694866404614601,-0.17745706525075391,0.1138366624362984,-0.21036982436607854,0.052580392256224746,-0.04863417687498036,0.0015625808777194419,60.98967760983066,71.16666667,1.3256575094988334,0.000126984,0.000126984,14.0,0.027855545321468788,0.039462957151786604,0.035512162633725634,0.047035003243310905,0.057640679212635645,0.004957370632173393,0.06399573488518549,0.049079070242131435,0.02371431408809686,-0.0354367492064899,-0.040542931498765665,-0.031159924060951635,-0.05058534525225127,-0.056264590456529866,-0.006433894494456772,-0.06628802452623893,-0.051339133920627104,-0.019914981656657404,66.11262593481361,72.0,1.359369980247914,0.0,0.0,732.2641873679362
0.0,0.011789738584501174,0.06736262533065294,-0.006285374321900655,0.10992125307360018,0.015056806022805949,0.033629703056824264,0.08199998793416574,-0.01794163784271773,0.18157130849712194,-0.008177921423109013,-0.017417819632979302,-0.08963598025454961,0.08814167960540022,-0.3007255244340777,0.248043122454579,-0.45456776502351137,0.1876568237622118,-0.43558639958533213,0.0,72.0,0.0,0.014583333,0.014583333,2.0,0.008679194075536445,0.050636495971876715,0.04576146380580186,0.0584955132255248,0.005905292600917533,0.0675326523926475,0.07045715989047999,0.05635828262610638,0.06633401495636891,-0.005875179922259075,-0.0434341093701466,-0.050089428342913994,-0.04046553727096459,-0.058130950348451754,-0.028007729689062413,-0.10781010308511443,-0.11609161478923483,-0.11217935473193297,19.9637827568534,67.0,0.598991033873681,0.008574828,0.008574828,4.0,0.005200276443287392,0.026244629920987583,0.046358414074864664,-0.0007100997495963603,0.06639194733325887,-0.0028316057074900614,0.0900217034698311,0.06046439639916502,0.061451768127610655,-0.008044195660279727,-0.0461082235357668,-0.08309256465742901,-0.003627454225155753,-0.11073235424038927,0.01196203413485767,-0.10153489706042282,-0.026249711456274975,-0.058450378875779245,33.619635908652285,67.83333333,1.26215054419829,-0.000742686,-0.000742686,6.0,0.020503265600563286,0.0588491908976923,0.01743745615515384,0.053653515906934915,0.056575814336179746,0.0014054426696461686,0.09945927688697664,0.03177861858709787,0.04313081808354213,-0.009771970773637843,-0.04820758097352516,-0.0009982275280343872,-0.09084911972337517,0.03364449280892757,-0.07862939381086181,-0.0029110304878443177,0.004817061692329868,0.0025174350845437515,41.85768905639951,68.666665,1.3018975352922562,-0.000380952,-0.000380952,8.0,0.020295965715469093,0.05276236106853519,0.018978355573664733,0.04798066581170853,0.04644982442595043,0.0013945359863869198,0.1014212502159875,0.02923321119711725,0.05032809944598876,-0.01222080222516511,-0.04542770219465824,-0.0009962634161495923,-0.07752934117176663,0.031078100970234054,-0.070881461358026,-0.0034588123986616067,0.006505550374674363,0.00351219095431743,49.048027846960636,69.5,1.3281555290103613,-0.000380952,-0.000380952,10.0,0.02485980932015134,0.0408840676247041,0.03398955004806389,0.02200550310621766,0.10131108342514307,-0.021855861052621713,0.08728764729122851,0.04054759186711515,0.02875055869712396,-0.010538230647723275,-0.08318099657225642,0.058028813809359196,-0.17064700396831728,0.17365791811969472,-0.23888984188197512,0.0991153414543619,-0.03171672986797264,0.010238720299632,55.18275666759254,70.33333333,1.3137520368898583,0.0,0.0,12.0,0.03452502017594751,0.037445041998585574,0.04323344305578234,0.01986694049557495,0.10731423469844427,-0.024513268191103624,0.09411430830476236,0.05113015898391777,0.027993756746863673,-0.01581656704148523,-0.10246296043460765,0.05081649864703757,-0.19463052704307426,0.1451293325089025,-0.19100568755200958,0.07118033903737252,-0.05729762422305071,0.002114378611032038,60.805323823212134,71.16666667,1.296770831285039,0.000126984,0.000126984,14.0,0.02428091689439464,0.0470797857036704,0.028550501358269295,0.038209493807975885,0.05665620262576196,0.004406605613032292,0.07085627024681208,0.05693413562045415,0.021769422554688434,-0.03270021754030765,-0.03531952450602865,-0.026769550072056277,-0.043827660840061504,-0.06266321845929217,-0.005727954345189049,-0.06262001457742444,-0.06354196521627488,-0.02549194208678048,66.1198581952175,72.0,1.3607966959228333,0.0,0.0,806.8723345099771
0.0,0.00940602669236126,0.05796148541981641,-0.005525040770926744,0.11290547862580778,0.016928522843818718,0.030374542247462548,0.08854437340438141,-0.015692311201546478,0.1341640857688303,-0.010684501692943741,-0.021572718945774262,-0.07485527396709353,0.10885210070511134,-0.2883580809698191,0.24678670674595551,-0.42690480625629795,0.20277264394709135,-0.5414539858574677,0.0,72.0,0.0,0.014583333,0.014583333,2.0,0.008937320921960123,0.05323998648519162,0.042974513771046975,0.06436387009599123,0.0072122237718682865,0.06953948159576129,0.061708866554022884,0.05564944635843866,0.06619537489999469,-0.007667343054292454,-0.04830473882912903,-0.04091685251369876,-0.04411901314270894,-0.07222311884793997,-0.024740756161815387,-0.09879971467642194,-0.11431653123512553,-0.10397927499589858,19.827582760582033,67.0,0.5604517290457173,0.008574828,0.008574828,4.0,0.007658923642005581,0.033971591174852656,0.05678932875042552,-0.0006947306847533826,0.09505023480511623,-0.002695557024446656,0.07323017067019982,0.0648084429191339,0.07967763145756553,-0.008084599515680147,-0.040590835851961604,-0.06907298595659235,-0.0041667589412163735,-0.09155110862106107,0.010059895818704565,-0.08592065426975198,-0.027623506318420487,-0.043784351035070244,33.54477135250599,67.83333333,1.2036598753529202,-0.000742686,-0.000742686,6.0,0.019604418728334443,0.06229741248886224,0.02107212268997344,0.06210664696766428,0.06021464496659856,0.0013036429100323711,0.08934252351343587,0.025947608497197343,0.04392807825338711,-0.008376156897919039,-0.049875072319471477,-0.0009756084405147247,-0.06881707539624701,0.03130084523035436,-0.08283449836404665,-0.0033490707126347464,0.006401860151870127,0.002932010443971158,41.96651633390906,68.666665,1.3621237401593258,-0.000380952,-0.000380952,8.0,0.01673322107122581,0.04932864539138023,0.019668664857667533,0.048054364139335566,0.043376073733054014,0.0013924172309007698,0.09679469588743585,0.02673020071469931,0.04515467180317071,-0.012196011650835762,-0.04170396319985133,-0.0009780301905932202,-0.08410047806117577,0.02677289288613061,-0.0917719932035748,-0.0032691669830720643,0.006483512130399429,0.0032964262172771176,49.1103725022552,69.5,1.3383929146833697,-0.000380952,-0.000380952,10.0,0.03131615523725265,0.05291981470253691,0.03459404158667883,0.020025732991150815,0.07371123859244541,-0.0295268666454298,0.08105957243831376,0.03480138843990264,0.03030198821936095,-0.008485687385970303,-0.10344687642427179,0.05574100425137612,-0.22235905382116594,0.17288376085472024,-0.224101596618931,0.0809815919936759,-0.031804835283825654,0.009143659486038649,55.3355265229587,70.33333333,1.3094694708846577,0.0,0.0,12.0,0.03508371620028307,0.040987180031670345,0.04186625818517326,0.01671112571015592,0.07848381301768273,-0.019709441762124844,0.0712363637974398,0.046976816332252105,0.02498233244571159,-0.01707098628735,-0.10235762914160589,0.06679480063671586,-0.15855517579738357,0.10792794126980525,-0.19492383829291582,0.06453090269117075,-0.04718107538759987,0.0021676348817637886,60.78839143493977,71.16666667,1.311282277433821,0.000126984,0.000126984,14.0,0.03552221545096887,0.046313207366694385,0.03323259179207623,0.03546690307164136,0.06097504184968968,0.0050210213805460665,0.05734504308945293,0.059429531099266755,0.020401149231336978,-0.03273352519890941,-0.038082360865618954,-0.03217285848385652,-0.04272490558540879,-0.0786960712672733,-0.004932753451409499,-0.0629292689616965,-0.04855297505822841,-0.02676612686894361,65.92239013564787,72.0,1.4212415726017247,0.0,0.0,744.4909353080184
0.0,0.012327499041354552,0.07461595408821435,-0.005651385879283731,0.1008656053196384,0.013367544848656609,0.023353338978708792,0.10254381341461065,-0.016334526816373082,0.1351884829612401,-0.00853447623073172,-0.02051657299546129,-0.08262880090886317,0.08424438962429294,-0.3026545968804901,0.2609367801230808,-0.4792980808073675,0.1954339805400224,-0.5569912155950097,0.0,72.0,0.0,0.014583333,0.014583333,2.0,0.0063260320971476516,0.04273338762326285,0.04963462817925704,0.05486015004638574,0.005659800976887873,0.06866308119715243,0.05384617293260966,0.06344551838821547,0.07308931418145329,-0.008235483576438392,-0.036811989509479386,-0.04737486628191969,-0.048821125366823245,-0.05947406203704441,-0.02450134134761633,-0.12364689337936886,-0.12020830607959257,-0.11532100809900506,20.00582065624096,67.0,0.561409374548061,0.008574828,0.008574828,4.0,0.00525057680232324,0.0268500685972907,0.053532535946156895,-0.0008494095596430234,0.08951080143113249,-0.002308811704080765,0.0723671426471045,0.06494579501562459,0.07251963385815946,-0.007329689904811677,-0.05424223017924013,-0.07264682861627383,-0.0030600292141434687,-0.08773328690563595,0.01276075484258746,-0.07701989752765423,-0.02895935746575875,-0.045617733021970634,33.81653981052085,67.83333333,1.1253919481833845,-0.000742686,-0.000742686,6.0,0.015006354410295865,0.04839993765925164,0.01744133841978956,0.05673251280806325,0.04932617358581999,0.0013754047046270084,0.08636709340258587,0.03569813851410474,0.04146136303907362,-0.011128746283587712,-0.051150355158232685,-0.00108658715912534,-0.09085753779979018,0.02481991496479163,-0.07496887876231696,-0.00379003845929538,0.006308295414974739,0.0035089342608851967,41.909931925502235,68.666665,1.4122557482827836,-0.000380952,-0.000380952,8.0,0.015706672008149566,0.061783351839653944,0.01768790819738628,0.06132832513795896,0.04760435042316453,0.0010290959834362073,0.08751060657262624,0.02840615823201331,0.04420560997648469,-0.01212783080215036,-0.047807920838794045,-0.0009679483003945051,-0.09301223577587332,0.02364903265190206,-0.07444166307909135,-0.003338563536779042,0.005144939174132856,0.0035461285599844516,49.1693972303069,69.5,1.3631990669026528,-0.000380952,-0.000380952,10.0,0.024653860444043475,0.045506767264482,0.03021110441541122,0.01782090424162919,0.07366516280642586,-0.02651646004499613,0.09166758046999401,0.03836193356403276,0.02954133579201331,-0.009211008014806055,-0.09478552076295457,0.0632696346384281,-0.18990793189319263,0.12701023973256384,-0.2137867510540994,0.09318519218149417,-0.038053370902288074,0.009484301851113475,55.188775213112045,70.33333333,1.3139239689007793,0.0,0.0,12.0,0.032868370720990345,0.04054699457390335,0.04692866375044565,0.015892731080713235,0.09001286872989522,-0.022062795551164305,0.0715372766506664,0.05094866786228516,0.028778634664587747,-0.014490278358696299,-0.07696079288417958,0.06216267280680067,-0.1956680112222017,0.11932961184592232,-0.18706614665329596,0.07191107607630982,-0.05514462009097906,0.0018022624040772844,60.663278033216194,71.16666667,1.3661601630015825,0.000126984,0.000126984,14.0,0.03195660004868417,0.03795155585714821,0.0323663215456049,0.04767526970193138,0.054088567387595377,0.006243538895318253,0.08414734658850448,0.0690298180395067,0.019937445633523374,-0.027593167011845523,-0.03729762696177557,-0.030659050558364282,-0.04453538381840908,-0.0678570427034239,-0.005623289398421933,-0.06650291777879919,-0.0610664209090105,-0.024362502842145226,66.13006101988447,72.0,1.437498194185856,0.0,0.0,720.495763906092
0.0,0.012405910717796675,0.06701231939559894,-0.006299849268417265,0.1248690940934273,0.01405732142023349,0.027752150457144156,0.1130097675908496,-0.015332962001653752,0.1434046834400501,-0.010678163075065715,-0.019815770174398815,-0.07196960225981912,0.10206645681568867,-0.3529622152778137,0.23570364672114968,-0.4870389943743487,0.22590068168378297,-0.4919260435051224,0.0,72.0,0.0,0.014583333,0.014583333,2.0,0.007912789612667873,0.0440518766897637,0.041961390730427976,0.052464371320972876,0.005730698158181733,0.04676688150612409,0.056346501119160425,0.04643943216872851,0.07937873843750383,-0.008214184476769318,-0.04941637446879272,-0.053277538546143685,-0.05620574398939156,-0.05798062720627287,-0.02656594054138385,-0.11310210521728215,-0.0904541606749481,-0.1057831191996104,20.114407907587594,67.0,0.5053560322203725,0.008574828,0.008574828,4.0,0.005507505710001219,0.02889813734753882,0.06284574511964967,-0.0008803602809122142,0.0883759968570583,-0.002153116612944468,0.06928969623381163,0.058131448105270496,0.07900204412134594,-0.008483314370679411,-0.04492887865246529,-0.07823656258806819,-0.003622525542586525,-0.10930861338473653,0.01113570231796446,-0.09328979173176073,-0.030600606598940438,-0.0558960208097024,33.77669595569096,67.83333333,1.203049203982763,-0.000742686,-0.000742686,6.0,0.019696511260967924,0.060941474743096496,0.02131442581849799,0.06070143485327336,0.04224658034868549,0.0010358089508152844,0.0866713958013041,0.0263550451306158,0.04787676599238062,-0.009022868098664077,-0.057959414683079864,-0.0010856094760296937,-0.06850598147592968,0.024905952528538007,-0.0767266841834306,-0.0037264484586158574,0.006043250010262009,0.003446868436779782,42.184073786941816,68.666665,1.366349760603935,-0.000380952,-0.000380952,8.0,0.022105427777137664,0.07151299801162381,0.015306253167355408,0.06218468548622687,0.05301737566895001,0.0010274624155499378,0.0786999514843704,0.028805383136796155,0.03748615159538076,-0.01033145371813607,-0.05679053564572229,-0.0010907045248878871,-0.07185760189496036,0.028252728574585606,-0.07737667092485445,-0.0031203554502301396,0.005046811851803877,0.0025998526561412396,48.83922695206572,69.5,1.3454225058838514,-0.000380952,-0.000380952,10.0,0.027383210895438062,0.04213368478621741,0.03785334635320576,0.01980367976554578,0.09635684161735897,-0.02430902102463913,0.09129060919836389,0.04088081327244455,0.02707518228787352,-0.008363183510464561,-0.07370895947670428,0.05968211712018728,-0.18094229710492377,0.18418498728759383,-0.162895517164703,0.0993419500255351,-0.03402215612262427,0.009437057443938324,55.23589221359623,70.33333333,1.3345631121296584,0.0,0.0,12.0,0.03811564081686911,0.03887627430134874,0.03310815432095169,0.01586610664074285,0.09183695743402594,-0.02691174828950863,0.0987205495070607,0.04894702921612714,0.027542355845914288,-0.017068950855383173,-0.06905585579682443,0.06463239885453333,-0.1880997638429106,0.12925408083310094,-0.14929528764736097,0.05570143705395334,-0.05948787509976017,0.0016669951699377387,60.780764196595186,71.16666667,1.3521561151120134,0.000126984,0.000126984,14.0,0.0318225872342931,0.03886348125251784,0.029549613464274625,0.04104290489787017,0.07459844820154171,0.006400654242016396,0.06815185383700625,0.05046938980318471,0.025013013076001782,-0.03386633112262222,-0.03922169357327493,-0.033469426675078406,-0.049954428925994686,-0.05756872889953161,-0.005742655069829376,-0.07698093135419339,-0.06726584764158873,-0.027084196887891005,66.08734362828065,72.0,1.3789398523212797,0.0,0.0,739.8958083355562
0.0,0.011998254240885782,0.06077616087899273,-0.006379487427830521,0.10040045885788439,0.014020158920854005,0.032977743186296274,0.10081233434351236,-0.014122342543127862,0.15754843881584338,-0.008000936710376022,-0.0203757138903101,-0.08509664373282505,0.08980365214423706,-0.33265477148176864,0.2998545058348812,-0.5222692626048493,0.20145791853602418,-0.48072147604607596,0.0,72.0,0.0,0.014583333,0.014583333,2.0,0.009053214701244316,0.04130626317512727,0.04375638267707927,0.050689618837240734,0.005818789724135626,0.06605230205396687,0.051038261973813816,0.06509133588105663,0.06117969827820967,-0.007077148639396735,-0.043724319062898004,-0.049775111415949334,-0.05364104926343787,-0.05956784086554214,-0.02621004508668421,-0.1316474368286878,-0.08746831637800599,-0.12806364561160094,20.003592363842476,67.0,0.5687345872839689,0.008574828,0.008574828,4.0,0.006132568484860787,0.0342645959290882,0.06012934704816519,-0.0006859515464968689,0.08626974379684296,-0.0023870950307429864,0.08456456998410439,0.07626054139249916,0.06992149531332183,-0.008029057763667599,-0.05139207883912284,-0.06756571768315354,-0.0031449164486429437,-0.08340015263338892,0.009676662193694435,-0.08136167985310915,-0.030631760311484783,-0.05778983119035912,33.614358138759876,67.83333333,1.156164806298556,-0.000742686,-0.000742686,6.0,0.021686276118810806,0.07152957224783658,0.018071216757729505,0.055947554288402424,0.052474923978666974,0.0011588861335373425,0.08038827963962897,0.034175349261787245,0.036174677772089416,-0.01209241079709006,-0.05530825609813529,-0.0010719838939233853,-0.08813882386737629,0.02674760569158425,-0.07364613121616384,-0.003490559419617767,0.006138741945534412,0.0035002322645049408,42.184653183056916,68.666665,1.3160118974736756,-0.000380952,-0.000380952,8.0,0.021378224614294446,0.04948471963862085,0.020880674468479566,0.062437610729317666,0.04866661855033509,0.0014335719256045516,0.08590788111846957,0.028423526252595175,0.046792288292830934,-0.00967053849205606,-0.04466258471176805,-0.0009204509114381253,-0.07950139096422902,0.030429275775251233,-0.06539270042330945,-0.0030272521123777055,0.005265078722819084,0.00329501773616981,49.17440656004681,69.5,1.267662239468984,-0.000380952,-0.000380952,10.0,0.03409218181616438,0.0464489320979355,0.03245519676263976,0.019659847969367233,0.08094286662949433,-0.022925855349389578,0.1020337510827787,0.04236694128846356,0.029099446897592394,-0.01034368672408207,-0.07686065531802186,0.05942049875526744,-0.1721208760083821,0.13768059517780043,-0.17073107662021791,0.07470905845796554,-0.032498005645498734,0.0124383361477503,55.10780452526906,70.33333333,1.2690546080087468,0.0,0.0,12.0,0.028498229980500965,0.04071429984708771,0.04226166552327423,0.018883665052744275,0.07913835117485174,-0.026818827983290924,0.0741609205877074,0.04077374990689182,0.026290199364169552,-0.01656144418326214,-0.06971627582779379,0.067510463062181,-0.16126094320687534,0.12543146965519322,-0.1946642484888916,0.07314294463811682,-0.05404732159977931,0.0022035387960424122,60.95703604553087,71.16666667,1.3549876046335096,0.000126984,0.000126984,14.0,0.029401590290047602,0.03590136341846222,0.025852627396894742,0.04932143500630297,0.07697182298038857,0.004455845776546494,0.06093353774910111,0.054971592071971186,0.026387503792714623,-0.03146480292186411,-0.04265142118288796,-0.03050347804527188,-0.05230951050428406,-0.06948231386420471,-0.006041786039636779,-0.06394365853056001,-0.055157824100720336,-0.024687913981437513,66.08253369502678,72.0,1.42345821326746,0.0,0.0,670.1277426651951
0.0,0.010050783128175584,0.06388847691229789,-0.004489711542894054,0.12142999722780923,0.01439184087057138,0.028837001677136403,0.11480373972765229,-0.01553021333675955,0.17017308555228544,-0.010608653100896344,-0.015868933721172495,-0.09409331815367201,0.10655661949486886,-0.276422656016619,0.27549828292595924,-0.476276561275754,0.17780650256208572,-0.43678490464207614,0.0,72.0,0.0,0.014583333,0.014583333,2.0,0.00721473562364052,0.05434442936475757,0.046999312433856064,0.061789674900221185,0.005389103364794199,0.06199371022492801,0.06861947070331288,0.06654145731980382,0.0740941216238967,-0.007211246694877938,-0.038037053288130354,-0.051735092254530254,-0.0536996136862285,-0.06147584482127307,-0.025707914920615884,-0.10556149782698074,-0.10643117200944975,-0.09935667695304881,20.125656379882535,67.0,0.6601136378009098,0.008574828,0.008574828,4.0,0.006514901003256933,0.02357605549140437,0.05965688379900813,-0.000710454274634533,0.09582204126841051,-0.0027327953570699167,0.07833443067546327,0.06657000209389954,0.07526562022415836,-0.0090339585076727,-0.03843454373193194,-0.0790390313907292,-0.0037892733333041977,-0.08475024300839412,0.011739595458229815,-0.09079153986511847,-0.025609918071255226,-0.053187020204047586,33.64907177066908,67.83333333,1.0828729036852227,-0.000742686,-0.000742686,6.0,0.01981564031592108,0.07125396679531185,0.015444195782845548,0.04888227969885709,0.05198525294525771,0.0011505344468016113,0.11252611600783359,0.03520985784511655,0.04157997974777405,-0.009522982358366901,-0.05522232199466382,-0.0010932785025157795,-0.06743070030496716,0.026495041620345938,-0.0745867122177839,-0.003029476212001427,0.005214692885173102,0.002535311471034373,41.949271289636094,68.666665,1.2605952430749896,-0.000380952,-0.000380952,8.0,0.018156876227262548,0.05456097877234272,0.017325491337892136,0.05166069019607425,0.042078739539816466,0.0010550300973789322,0.08279565333454594,0.03780123984028145,0.03767266909306485,-0.009663366749659851,-0.05394886213951143,-0.0012137177573656325,-0.07463502349469843,0.027858654318352435,-0.06667940993628468,-0.0032393247152127263,0.0056186915252118145,0.002719350897294424,49.052497604610565,69.5,1.3602126950742917,-0.000380952,-0.000380952,10.0,0.033783583239413086,0.048592157808055154,0.039093450249876975,0.0194501049768084,0.07780192218102036,-0.02645471039354112,0.1015109287684193,0.04453169525983665,0.027191335598344017,-0.0077139883171300685,-0.08379840113382768,0.06056202119560779,-0.16236180787535792,0.18242413168844696,-0.17898354076350192,0.07255447498497938,-0.03999527813117665,0.009922348197198696,55.129199931657304,70.33333333,1.317714161576157,0.0,0.0,12.0,0.034820354093774826,0.042401579044006495,0.04396453419683173,0.018229441269770705,0.10367148156570946,-0.02520547412320893,0.07749498993222012,0.047787512382737644,0.021186721495786123,-0.01805808242863715,-0.09849922586056901,0.05972869074290409,-0.2091937200693371,0.13232869650223666,-0.18988216600467664,0.07079698103928099,-0.053095908089304374,0.0015629669491105643,60.921261271995405,71.16666667,1.3187801005403252,0.000126984,0.000126984,14.0,0.02548380653749432,0.046419870436976145,0.031534612837477854,0.043109009065608515,0.054313861401534685,0.005856713260777628,0.07770830082861477,0.057208780420165736,0.021662523023903205,-0.03330937067380353,-0.04527562116549076,-0.029925639980224288,-0.03598099717479047,-0.06371874876148251,-0.00496621668539338,-0.07851263910378312,-0.048239120133895246,-0.022815976715853944,65.97471771067511,72.0,1.4174300800144612,0.0,0.0,654.4764617771168
0.0,0.011217196216067857,0.07163114325099217,-0.006120484096879174,0.12887088849863193,0.013458623149426816,0.027526980651167543,0.09108339267476727,-0.014268151996874751,0.1642935863830961,-0.008304101384756454,-0.016525025892314273,-0.07449812098528219,0.0875701849964964,-0.3326819579256425,0.31675110861353,-0.4731911572100532,0.19477017464147023,-0.5575699913596521,0.0,72.0,0.0,0.014583333,0.014583333,2.0,0.0077512904735542116,0.04713764526074527,0.04959035595290654,0.07209169551673968,0.006571862552841165,0.05750431200031536,0.05697639779797074,0.06519057270087976,0.06395116899642579,-0.00770210144157066,-0.04255416246666723,-0.039185449685767884,-0.044484671558940966,-0.05515283780060216,-0.024003847382718616,-0.1153622124168959,-0.08893036230631833,-0.10265682384924296,19.922502865020373,67.0,0.6196890191160674,0.008574828,0.008574828,4.0,0.006073599616145854,0.027643056642816445,0.04698040746487884,-0.0009270743951876653,0.09519708568239571,-0.0019571606694678595,0.08884313152073196,0.07030124448539732,0.08117529836316464,-0.010209718400340628,-0.039311548856670736,-0.0773844080600627,-0.003797700974209002,-0.11214686951375191,0.009956179722531312,-0.08291931999083307,-0.03194828505682476,-0.04527859061727725,33.74756782853756,67.83333333,1.1469509212316233,-0.000742686,-0.000742686,6.0,0.01705229714168626,0.05471163682870585,0.01733373395224942,0.04739270657347127,0.04111536319475012,0.0014256897182533593,0.10211243973944807,0.027512552280819443,0.04363154484050499,-0.011060857508858293,-0.05237548820277464,-0.0010214982379527931,-0.07931409833987128,0.027363303773871483,-0.07592171009492926,-0.004048527872446133,0.006502951930547505,0.003381112032416742,42.06517865292397,68.666665,1.3078007434850931,-0.000380952,-0.000380952,8.0,0.017213681064089815,0.0661018501639724,0.016961730040871568,0.06023307337525531,0.05910688782453106,0.001279001744720076,0.08675458934161492,0.035111605368582,0.048838152403042186,-0.010265680158300075,-0.05441306909388511,-0.0008659829402147708,-0.09134112409238133,0.03180762899236494,-0.08025920193772634,-0.0028375635042472,0.00541462675023278,0.0031347625521062268,49.01531509585402,69.5,1.2746803234363309,-0.000380952,-0.000380952,10.0,0.02696307579943097,0.0461400366307808,0.04395634681708623,0.023533496561990136,0.07646031329753393,-0.02884241770288693,0.10746765734093064,0.04506486896738663,0.03211736274274683,-0.008820511239581889,-0.08684350333877822,0.07429184430324365,-0.16782070602113325,0.16850566078173668,-0.1666377498878801,0.08891770684966216,-0.03661653003256694,0.01098289824832913,55.100888619574384,70.33333333,1.241447853731361,0.0,0.0,12.0,0.033953266536495254,0.04623159283666202,0.03776238503552655,0.01787732637572483,0.07924838254311294,-0.02533881390922707,0.10449967489810551,0.048691802149007576,0.02387992403620223,-0.01620555702453971,-0.08233874134149055,0.06290153411083124,-0.15418237323147654,0.10268968593104841,-0.207771425895269,0.06019619730813842,-0.06198166007084216,0.0015228456204403698,60.75353189906908,71.16666667,1.298373566755597,0.000126984,0.000126984,14.0,0.03586008696393707,0.04530237864368974,0.034333705001741315,0.03526542723812147,0.0676166338027044,0.0064499078433978944,0.06500523861243955,0.06345490962271248,0.024264392080932173,-0.035702041997787086,-0.050145819071623306,-0.025246635393430545,-0.04513750133309243,-0.0705134945245526,-0.005745855953461652,-0.06266984840870664,-0.06314711063914014,-0.021711717576149283,65.85358041923287,72.0,1.4539381337430688,0.0,0.0,723.6334363646594
0.0,0.01044199364166471,0.08037465813072014,-0.004983679021254168,0.09245658479279344,0.018201002819935398,0.026911639951419777,0.11446301549933599,-0.01518080404760561,0.1821880228490544,-0.011247418413878723,-0.020639633921913043,-0.06930461043998046,0.09921562484301248,-0.29913825650147885,0.24354966355658703,-0.44299973405785203,0.18273059292782048,-0.5764157286743271,0.0,72.0,0.0,0.014583333,0.014583333,2.0,0.006888293412305724,0.04075225432389263,0.04044490002480738,0.05852110043657597,0.0054338970585636436,0.05313157591092186,0.05271696677888312,0.047266333920111446,0.05653144346242112,-0.006395625303981472,-0.04064077171380838,-0.05406629733328887,-0.054093337281880476,-0.06920285587056405,-0.03365304032802456,-0.10638790997835755,-0.09380420928128622,-0.1124698919333674,19.808591155481956,67.0,0.6722049437338345,0.008574828,0.008574828,4.0,0.006696850547220337,0.030852107102473277,0.04924416705461081,-0.000946152717145762,0.07012472185790851,-0.0029259697680694865,0.0832320181486976,0.07048201591081632,0.0724978315847463,-0.010551558659838997,-0.041508902750297325,-0.07045781696183498,-0.0031441049491576405,-0.1072082833471616,0.012282873485921412,-0.06935415961266823,-0.024693420867753064,-0.048314170748818094,33.921608632860824,67.83333333,1.1209991719273933,-0.000742686,-0.000742686,6.0,0.018782909315111916,0.05853332137832931,0.014712723087709705,0.048587181857307676,0.04588483584694818,0.0012428581467936405,0.09493445286754777,0.03421455001430021,0.04386776230044199,-0.010855857324608989,-0.04775300180877526,-0.000951126705268823,-0.06659954119870029,0.025399172605048596,-0.06666413964433486,-0.0029670045215815,0.004856870961237537,0.002575279825769811,42.22930510015566,68.666665,1.2691030615226158,-0.000380952,-0.000380952,8.0,0.01601407867417728,0.06441640522198987,0.016364009296246627,0.05630235243398183,0.056994194693428514,0.0012618860313247681,0.1017597828715983,0.03710423182408937,0.05202021401356423,-0.010047651278917411,-0.04479090757821081,-0.0012130694756610524,-0.06651753808031345,0.02791107833256053,-0.06233422616302711,-0.003536889165025586,0.006713210022887775,0.002772284596965854,48.95652923813072,69.5,1.2622932358875538,-0.000380952,-0.000380952,10.0,0.035883152684743735,0.04306548143682201,0.033407371931298176,0.020657162383788744,0.06935761423356362,-0.03030701993771497,0.08825683504725461,0.03221169193748059,0.027968653068277848,-0.008778960283046732,-0.07549535324437466,0.05829763438764395,-0.1566398107881374,0.16076292310726759,-0.2171397218315456,0.10154595157601405,-0.038441861539616116,0.011641076498662908,55.33485713439293,70.33333333,1.2330553561865658,0.0,0.0,12.0,0.0402589385521455,0.0386934384258695,0.03826030913120947,0.017522343464030064,0.10401186206120933,-0.025402389677226123,0.08627482884116539,0.04897564321923732,0.02797454822186848,-0.018825221955154393,-0.10159577678638877,0.0591612901132016,-0.19963486033657302,0.11010348692732802,-0.1747481894174368,0.06269797986847314,-0.055180801024974954,0.0017327735296274454,60.90937738805533,71.16666667,1.2863670816156572,0.000126984,0.000126984,14.0,0.028365897963708874,0.046017222995176126,0.02595436127504251,0.03928430392224493,0.05936102149568503,0.006241446794538791,0.07960104242407434,0.05751045461661279,0.022666298766390935,-0.024737291527809065,-0.0513210002197288,-0.0283543363260253,-0.04101962811592242,-0.05974146155026562,-0.0045651636215330044,-0.07569765737842711,-0.049100558273782575,-0.020650726051944915,66.05666484298108,72.0,1.4423731771445967,0.0,0.0,650.0011186378233
0.0,0.01214328749510434,0.058327836780379824,-0.006149505130687036,0.10913495298356574,0.015004879029584046,0.031396774547271335,0.09973426112544632,-0.014072166223249818,0.17697842036340788,-0.008201871351047812,-0.01591259625210921,-0.08808583687327182,0.10999690039097489,-0.28971827169836206,0.26782223931702437,-0.48407828197900077,0.20823165011659123,-0.5125493430752647,0.0,72.0,0.0,0.014583333,0.014583333,2.0,0.007628100005906791,0.049688653597514586,0.048089968616823395,0.07058242662645346,0.007037704314113905,0.049030745869814846,0.06411192494294056,0.06691280854924692,0.07566912089054734,-0.007853948334118076,-0.03811106530466248,-0.0478491769972745,-0.04978832933982376,-0.07282473519453424,-0.027300391022547905,-0.10217892220537747,-0.09178454829631898,-0.08911277002933876,20.114728258710702,67.0,0.5088157060650979,0.008574828,0.008574828,4.0,0.00581017276643853,0.03410626637146459,0.05939830190650231,-0.0009562043710561537,0.07533132072786586,-0.0025464762165150353,0.06562559925659349,0.07734738876155746,0.08267118218409863,-0.00953670859394434,-0.04350998870363873,-0.07323259336258547,-0.004227152050130602,-0.09145934879345721,0.010674582134291673,-0.07449318617259558,-0.030454404708440994,-0.05573472140312954,33.764806334385916,67.83333333,1.131306016639173,-0.000742686,-0.000742686,6.0,0.015085554776729376,0.06676781225584837,0.019059553112939415,0.05881344547166921,0.048215535981586725,0.0010010483464072805,0.09758423877841929,0.025891190807404745,0.04240977816787124,-0.008682125364727023,-0.04610603941055941,-0.0009209031358777147,-0.07541018376811075,0.027663972775571852,-0.06380219735944366,-0.0030399637775424546,0.005151856406548083,0.002681850094004591,42.15047320422632,68.666665,1.2949510578952377,-0.000380952,-0.000380952,8.0,0.019676515267216456,0.055221875234079454,0.017737183836911814,0.04503376339761888,0.04711857929507357,0.001061581675507479,0.11009105692846995,0.03786666737494631,0.04580825657266474,-0.008354099092168344,-0.05133119293049016,-0.001045616947514213,-0.08565463073598904,0.02282334667357863,-0.08165379653673197,-0.003174386798133787,0.005020427456151663,0.0027124702292743532,48.89948352177241,69.5,1.252590612108011,-0.000380952,-0.000380952,10.0,0.036422672650264526,0.0506468775267505,0.03006196012618012,0.02115024213407382,0.08362735439344227,-0.024544494266267702,0.09064508881591463,0.03723787281898645,0.03901588745126168,-0.009283239996572145,-0.07162386731628816,0.06053531413194186,-0.20849901366304896,0.1483014612366002,-0.19149976737777327,0.08408023313201914,-0.0405426681550205,0.008868212572783443,55.29866146666072,70.33333333,1.2732422692984953,0.0,0.0,12.0,0.029873562615800927,0.046858572674828666,0.03850931875226019,0.0153305829889719,0.09437488409936196,-0.021787973931943816,0.09234573972590898,0.05387634497760769,0.029976011773437634,-0.013117299562060458,-0.08087967465885194,0.05028737286100511,-0.1778739882368731,0.12298182386291474,-0.19987168611185327,0.06429584463211736,-0.06356187246906539,0.0019921112075760115,60.9048593647065,71.16666667,1.3337904432388181,0.000126984,0.000126984,14.0,0.030017366312332393,0.03512348544051604,0.031995903662257956,0.04781153064904404,0.06088466115218282,0.004476495390872333,0.06893790573387648,0.05384430678882083,0.025648352192658215,-0.033183695525334275,-0.042599657927994326,-0.032641581346590974,-0.043567629935642394,-0.07102332375362434,-0.004702499826960139,-0.06184424126583759,-0.04921451065694089,-0.025660012318399688,66.0151803532383,72.0,1.3417431893969416,0.0,0.0,764.5709365968567
0.0,0.01252344218056151,0.06688837203166836,-0.005411401206595654,0.11481635908357907,0.014362497677307925,0.03269660409510386,0.10095366940575137,-0.018433421947106263,0.17405339795216002,-0.01159341983107532,-0.021725950565227775,-0.07906764049831047,0.0909243022767605,-0.3313632651643522,0.23298738453092438,-0.48510779519858216,0.16711057956769354,-0.4699053701686848,0.0,72.0,0.0,0.014583333,0.014583333,2.0,0.006154528557423457,0.04219478471134884,0.04049947845281744,0.05700506362929486,0.006046821659762721,0.0594968607151833,0.06495645100508364,0.0629300195674142,0.05593632801782285,-0.006336631101437701,-0.04626880581509705,-0.04531605799571322,-0.04462867245465686,-0.0708956838787521,-0.03388143885152196,-0.12712836542983083,-0.10237692276599293,-0.09546855498083776,19.85583821226209,67.0,0.6087811173474236,0.008574828,0.008574828,4.0,0.006072191568220282,0.03361756585329983,0.04424750409490178,-0.0008823845981231933,0.07115266563349908,-0.0025821112461778114,0.07196086332861583,0.060613603479785984,0.0592497241648936,-0.009541325577811737,-0.04593863188535719,-0.06930852633493687,-0.003638805567140416,-0.11948709232263194,0.013479498448568942,-0.07305846570460006,-0.03329210880640624,-0.06108566089336121,33.60951217944164,67.83333333,1.125932959385422,-0.000742686,-0.000742686,6.0,0.01846120769215362,0.053725300421057866,0.019476741329415327,0.059659083224117296,0.04764892217583344,0.0011287256177559214,0.09222461718140831,0.028947033919141323,0.052488531993439114,-0.00898538593630105,-0.04293778756436975,-0.0008680585810338988,-0.08437895361976472,0.02272643562652196,-0.08884360086867703,-0.003788352449817672,0.005101314272940963,0.003343248508523293,41.92012755082833,68.666665,1.2417997225163577,-0.000380952,-0.000380952,8.0,0.022061248288900576,0.06954565941446944,0.016538394873452298,0.06015069840903333,0.05418859901549972,0.0010660360469147013,0.10429679362678139,0.03056875171640083,0.04357778058778445,-0.010206086577710449,-0.04397208418060621,-0.0011355238364311232,-0.09338973080904145,0.02986613212906592,-0.08338597870577055,-0.003672058924859434,0.004703068859229475,0.003233996058604738,48.87855046948719,69.5,1.3411377171095735,-0.000380952,-0.000380952,10.0,0.033860923804050286,0.03901929624856718,0.038984645257035426,0.023874351724640485,0.06875403746541495,-0.026290540093035688,0.1110301310250514,0.03136710533715895,0.03219858054587995,-0.009578526750422223,-0.09123950890749556,0.058649647548887344,-0.18197300210433573,0.15268329620835583,-0.24129974920659408,0.08540491317881768,-0.04213154563564527,0.008965389314196954,55.30246685085659,70.33333333,1.2994495207124412,0.0,0.0,12.0,0.035898828005209354,0.04299317396810765,0.03348028303243437,0.019160510806861285,0.10875130530330937,-0.028184418507659785,0.09130291133073708,0.04725704303166263,0.028191041128190607,-0.018448969863376317,-0.08094296162441415,0.0698677418905383,-0.1760160260360217,0.10079659775000438,-0.18548960006624973,0.051089165097644995,-0.05054522258900413,0.0022261462179530337,60.9119237923436,71.16666667,1.2507426085263118,0.000126984,0.000126984,14.0,0.032766216551334736,0.043103966329830205,0.03013079727483773,0.042565165967046854,0.07054562034033521,0.005889628758081825,0.08401920481424317,0.05006599358070052,0.019304463026347446,-0.026376602270941005,-0.0391536033145914,-0.030749881014323684,-0.04770954157437544,-0.07855705911653656,-0.00567272782274489,-0.05692611757540665,-0.04995016350077572,-0.027335029790546375,65.99898358709437,72.0,1.3711011143700953,0.0,0.0,499.1835559268734
0.0,0.009184243976143923,0.06482006925892594,-0.004507038827439933,0.11851559425532711,0.014075612131721931,0.03294172369405345,0.11088030087319417,-0.017354581967473533,0.15474628023245998,-0.010121841567504923,-0.02093535366835997,-0.0835458499250289,0.11432569984534147,-0.3216894844409132,0.2741698449786564,-0.39779151968576587,0.1603219338248168,-0.4372204078422146,0.0,72.0,0.0,0.014583333,0.014583333,2.0,0.007319180356647061,0.04980605571248367,0.038874727279208134,0.0527435816794099,0.006203475192235489,0.0634932233438747,0.06376037483757313,0.05686380252671043,0.05609582049889812,-0.007959691043256426,-0.04718614517873353,-0.04681956768958846,-0.05569281550736769,-0.06055955673182249,-0.03136751577466391,-0.12786315337208426,-0.10204266768745512,-0.12500998059747284,19.816153757924646,67.0,0.5638833955525137,0.008574828,0.008574828,4.0,0.007608160116401344,0.03079471814805177,0.05491900240217207,-0.0007429026436448173,0.06561181108047033,-0.0020606997601697583,0.07040612281384258,0.06389882021917773,0.08223269892949327,-0.010461024595311908,-0.039185255774381,-0.06040777636821579,-0.004520506533500739,-0.11086651270279418,0.01056809141578367,-0.10187257334976363,-0.028182100104929227,-0.04544730030678216,33.888701715611916,67.83333333,1.1548553730395847,-0.000742686,-0.000742686,6.0,0.020254229103006394,0.0619163941804473,0.016783357061539775,0.05137537231065075,0.05811436812932004,0.001205191087293451,0.07857655381512048,0.03575974057091035,0.05186607626552031,-0.011326687632983872,-0.05345805743336025,-0.0011833770562764579,-0.06590175825898843,0.02465894250901263,-0.08131215696526795,-0.0038491210299088446,0.005908655675163623,0.0033033278206413257,42.10617417761574,68.666665,1.3871934248432471,-0.000380952,-0.000380952,8.0,0.022323258752216264,0.05674841520073812,0.015143478238844887,0.050933181656499196,0.05408920280922373,0.0012143983064804612,0.10582321981150844,0.032137987969774025,0.039095013751285004,-0.011995823626915238,-0.05272198268060749,-0.0009683985919048886,-0.06403035162020462,0.026489397543274,-0.08472831615802079,-0.002958007353615083,0.005843660626799278,0.003142486482188498,49.163479490554764,69.5,1.411882571673672,-0.000380952,-0.000380952,10.0,0.034937478744549375,0.043346298268878064,0.04316459244934255,0.01752873783424821,0.09063784231880984,-0.02983508350689106,0.07653240179830476,0.04218206413917567,0.027487648846594263,-0.01066482761714309,-0.10250911713399109,0.07432372470169879,-0.21802281334702128,0.14098902516209813,-0.2422193657445501,0.07618749585538329,-0.04173983143808956,0.010174691207879873,55.112992608775855,70.33333333,1.3707186708080936,0.0,0.0,12.0,0.029565621660142885,0.03655555825443413,0.03563325455967676,0.019737576748109553,0.10149568089439845,-0.023380907122272008,0.0931753122486991,0.04955353826378079,0.022540704594043483,-0.017038410891052992,-0.09753909847431137,0.0667760611241863,-0.20942719391311657,0.12999176038493504,-0.18826698909374132,0.06924503847903421,-0.05821459203214936,0.001920588747079666,60.7759226797391,71.16666667,1.330780015569905,0.000126984,0.000126984,14.0,0.032057049572837844,0.051153555712646445,0.03069830193845057,0.04257337321666754,0.07798886318668442,0.005223101458204292,0.07919711368158426,0.06838763444098815,0.026789865652208006,-0.02455119068181295,-0.0455417197407281,-0.033885056788461876,-0.03928505507554766,-0.07783072222045032,-0.005005489327078608,-0.08384006972872568,-0.07122703742017798,-0.027347264300862175,66.15058886808647,72.0,1.3089446314765694,0.0,0.0,807.9211425231176
0.0,0.010966459075838956,0.07045037015209728,-0.004555098105439278,0.11753787174528237,0.015972990069568937,0.023765571963737794,0.09030128719151656,-0.01875864285924253,0.17555876858414057,-0.007974928661937082,-0.021414009080011013,-0.06314074879359469,0.11242851478050979,-0.28491813770851376,0.23924158424817962,-0.4649010890069819,0.15449376570145795,-0.5534219292102202,0.0,72.0,0.0,0.014583333,0.014583333,2.0,0.006564494027271302,0.039720654114798866,0.050084311330468596,0.07391806188255966,0.006896912284458595,0.05553847431904871,0.0671759632002351,0.05040039535909452,0.05894523321122256,-0.008325295550377544,-0.05009517551105033,-0.05262112691462652,-0.04112787155872389,-0.0656773145304619,-0.024174178855646284,-0.12306967030954101,-0.08744822581042117,-0.12302131872913094,19.92739458064951,67.0,0.6654697276548059,0.008574828,0.008574828,4.0,0.005955433679737016,0.026576693400522256,0.05021359651348121,-0.0007224594467012194,0.08200752121890387,-0.0022424382786826393,0.0762349679455515,0.07916491655650877,0.06717891744647118,-0.010096621795708699,-0.04352328527075516,-0.08044859478576376,-0.0043999860213479,-0.10533759302033105,0.011124053590299915,-0.10189654587786486,-0.02378006337194485,-0.054242764947483715,33.561787769349266,67.83333333,1.1683774529408026,-0.000742686,-0.000742686,6.0,0.02241788044573729,0.053753017269957265,0.016280117825741743,0.04731238072973789,0.044142459939891875,0.0010530759454329742,0.11041122376532417,0.026077222381522578,0.05359198650079328,-0.00985412350001074,-0.05452237495463985,-0.0010414736561406054,-0.06483617467919721,0.02334453610319093,-0.08739235850199298,-0.003065690668651481,0.005314780117080299,0.0025752025765154755,41.85640242725159,68.666665,1.2746135347950933,-0.000380952,-0.000380952,8.0,0.021905332388989913,0.07240826539418041,0.017786569430211868,0.06038489938431263,0.050395547957429655,0.001276561888195094,0.08740739006508513,0.027539638938600102,0.0384902903597993,-0.008955384096737783,-0.052700003486660145,-0.0008228960053293494,-0.06929260692787335,0.029218936408673634,-0.08297893344502465,-0.003249537321702292,0.006157637683757044,0.0029250052833862078,48.80559217127542,69.5,1.384644050793699,-0.000380952,-0.000380952,10.0,0.02530961590106503,0.05332631900931515,0.042497422668145414,0.0236965937110407,0.10101318646238087,-0.024620761169199465,0.07876219587590946,0.03406682488322542,0.03290299292003755,-0.0075280780442830075,-0.08916511720931312,0.06057310181935832,-0.19843397540847205,0.17099702678959117,-0.16456642686829945,0.07349889460641404,-0.04364929138376189,0.010440709446913525,55.16266068584371,70.33333333,1.3834573184169074,0.0,0.0,12.0,0.032926129919332345,0.04752387760868881,0.03355680599732499,0.01454852056455943,0.09928194533579311,-0.024740527660785525,0.10300039247449241,0.044438202089494984,0.030090837108430395,-0.01370604626225717,-0.0761589491036511,0.0564164764153779,-0.16348816093673846,0.11875777890625766,-0.1622331912880455,0.05381965184741044,-0.06570288711854387,0.00157895233903864,60.815177361984055,71.16666667,1.3342898482011725,0.000126984,0.000126984,14.0,0.03049932070697554,0.04982568512362989,0.028086258375327678,0.03820353751362833,0.057676991852223636,0.005494042846178212,0.06663841157979303,0.06899164852968771,0.019097578931678752,-0.03251269842901686,-0.05192022274965798,-0.02894833780190324,-0.042943515538096756,-0.0671649612403809,-0.0044676333123036165,-0.05954334730447707,-0.061032470158606925,-0.026450092860946586,65.93845883382313,72.0,1.3800521176773197,0.0,0.0,633.5544563737681
0.0,0.012112423117425648,0.06633702159744402,-0.005533967313396286,0.11752173347233141,0.014289362632543687,0.02781328561806628,0.09986161831603386,-0.017686328821008675,0.14060759145039375,-0.008359357728717867,-0.022538930329033157,-0.08070955653570278,0.10669714744609649,-0.24848946720573223,0.25690057897026625,-0.47368986603852037,0.20298735708394053,-0.5732944417984502,0.0,72.0,0.0,0.014583333,0.014583333,2.0,0.007006427200455184,0.05658007849743316,0.04831158631394057,0.07395779803056182,0.0049816184938471265,0.05599875044120123,0.053016583706111675,0.045387303700284244,0.07903456814488681,-0.008209878230351391,-0.05003334763451113,-0.04738917563984116,-0.049884996722605594,-0.07210853100414909,-0.022970843052685642,-0.09645530321587541,-0.11419555450829688,-0.0956367007480481,20.194742302411473,67.0,0.6563995147446045,0.008574828,0.008574828,4.0,0.006687674921146717,0.023626658956046934,0.04536924044398576,-0.0007477887001707915,0.08269798535278106,-0.0028045824865385476,0.06718232240788821,0.06853389929431726,0.07435245090968194,-0.009282039405366127,-0.04450509550039227,-0.07094049397994229,-0.004312957022210522,-0.11957758059015358,0.00919495018286562,-0.08277959575087923,-0.023629088135744335,-0.057564591454058414,33.761314177350634,67.83333333,1.083385874578247,-0.000742686,-0.000742686,6.0,0.016968306673321016,0.06171917920796835,0.01818377542905118,0.054242764047328126,0.057788991514211366,0.0013442459788465912,0.09125160625924812,0.03602141264030531,0.05023125310508439,-0.011489442562418739,-0.047279490850675294,-0.0010164343177299735,-0.07364647424124628,0.03363744269316751,-0.06368673179028074,-0.0033333369740012964,0.0070056920524638735,0.002607980972834399,41.908977106567484,68.666665,1.2349305525471777,-0.000380952,-0.000380952,8.0,0.022288287482428375,0.07055307953094529,0.020616773343042672,0.05828994786185636,0.05622051461853176,0.000983922163045856,0.10113309039360238,0.031450037377920424,0.04114465176593236,-0.009308804158863074,-0.05371419428930747,-0.0009105130898541038,-0.08361468577621817,0.02689710025281968,-0.06911769225839991,-0.0035707515543147612,0.006671849420517901,0.0026596158472622896,48.80684364061397,69.5,1.283360016682146,-0.000380952,-0.000380952,10.0,0.029456560902746804,0.04173667802968561,0.04100584147919199,0.0179542454845211,0.07510483212718505,-0.025556396522452236,0.112325720548873,0.03996495285295802,0.026493755952718252,-0.00959072091425843,-0.1043408528452784,0.06444636980106684,-0.22551283900617533,0.1280652075288889,-0.18118372605028274,0.06970514241259528,-0.0433433635175514,0.009464069370023477,55.0778418709953,70.33333333,1.2912146331634395,0.0,0.0,12.0,0.028696950464734087,0.04098073037704272,0.0473305384256391,0.021253210157646966,0.08050881083161941,-0.026712495862175265,0.10019859424754272,0.038955763429787814,0.026722980328299915,-0.018776465795497334,-0.08654590919248613,0.05547068120033275,-0.15539299148224192,0.10643214787718629,-0.1513074568231928,0.054428086779419405,-0.0556040733444655,0.0020075081219382888,60.83342627149707,71.16666667,1.3284155668247553,0.000126984,0.000126984,14.0,0.028430715973649465,0.039250447254468114,0.03676961846178197,0.05221871627469018,0.06136072218274334,0.005346793436237485,0.07838771461923379,0.06211859466852632,0.026190402098404137,-0.03322891710081949,-0.04422284950709735,-0.026089683268263164,-0.04761542692796748,-0.05586600621894763,-0.005799669902951332,-0.06407971201515072,-0.06144915355132386,-0.02374334315577761,66.00449201133914,72.0,1.4352576153599925,0.0,0.0,745.9718821256738
0.0,0.01099148672261035,0.07321265388985168,-0.0059566022258375085,0.08760677024148075,0.01471161520104138,0.026381527416686434,0.1095035722195096,-0.015341945610450563,0.16618554925496692,-0.011112946972123458,-0.015627058575392462,-0.07257185494410004,0.10190611687823814,-0.3424823772634947,0.2889370392623761,-0.4730033597562642,0.17700410512281162,-0.49531107480552694,0.0,72.0,0.0,0.014583333,0.014583333,2.0,0.008005074045743795,0.05451640481287713,0.03997398948664861,0.06191262141852932,0.00665237475003285,0.06105250229672806,0.06620126994779495,0.054784577417554214,0.06950842734403834,-0.007871452211730818,-0.04456218429602887,-0.03683394202629511,-0.04407867987821619,-0.07187629334518146,-0.03100078582969605,-0.09862252797106023,-0.10141463995140351,-0.09479089222315393,20.020800576265042,67.0,0.6036968634746451,0.008574828,0.008574828,4.0,0.00521978556321854,0.03266436565174794,0.05107113529643629,-0.0007102570889723218,0.06834843666022958,-0.0028327924960738784,0.07111074602619062,0.0696610864617112,0.06495396029101265,-0.008671283779415707,-0.055010360965753215,-0.06582868105208968,-0.004375724904413525,-0.1100023570757383,0.01180360871865169,-0.07125413256449872,-0.022668145867681448,-0.06114912867934597,33.91482630181,67.83333333,1.2137914559016898,-0.000742686,-0.000742686,6.0,0.01631166995006368,0.05923460217920529,0.020127155410866043,0.05048247166027655,0.051529288151194876,0.0011305088787299127,0.10986557686429346,0.03595412524636307,0.03935453888894067,-0.009242629277604851,-0.05632578400750797,-0.0008865381532175827,-0.07551841297167075,0.024589668313686048,-0.06336469936486461,-0.003930725564789844,0.006710793414891326,0.0029938147070060215,41.93687877663632,68.666665,1.2813957389431923,-0.000380952,-0.000380952,8.0,0.02134774079606619,0.07087837922829587,0.01880678887045999,0.05123406044528843,0.04097406154957947,0.0013814263072077842,0.10369775270126518,0.03627465878920463,0.03981997670619014,-0.00860517486937318,-0.04699273006856374,-0.0011817678138925012,-0.07010175978162013,0.028680051240679474,-0.08071333991069185,-0.0037703281568020027,0.00616801483006987,0.002693616103809109,49.18943669351398,69.5,1.337404245328966,-0.000380952,-0.000380952,10.0,0.033382257010342455,0.037980179538027264,0.040062492350446045,0.02369107742440847,0.078622568511012,-0.030360646568208804,0.10243002372604029,0.04225182894323349,0.028883762591206546,-0.008540830021550793,-0.08391228076367481,0.06043638849200745,-0.16578982390640953,0.15853772509109335,-0.1801417629062698,0.10042931573120911,-0.03142227699331827,0.012402262857426958,55.10194983616965,70.33333333,1.3010097261581937,0.0,0.0,12.0,0.02785084342789705,0.040790139326501204,0.04397379494079152,0.016678868698491944,0.08540102214868205,-0.02755494595078046,0.10338832989682716,0.055922043564058596,0.022513056576887132,-0.01852826078854194,-0.0987643407258756,0.06838053789405986,-0.15419081776652166,0.1149142115044554,-0.19028751251232376,0.0599799295371463,-0.06624422561337565,0.0018903739335224062,60.817658432539865,71.16666667,1.3244192051855008,0.000126984,0.000126984,14.0,0.030716611806298342,0.05243604194099074,0.03460368784185238,0.050297172621707055,0.054665197403824806,0.0058418240494222656,0.08187221044336938,0.05595001997652742,0.027301466854416992,-0.03099334343879677,-0.03646998564512484,-0.03035867576726437,-0.04239108645807769,-0.07739405942502596,-0.005260691182014074,-0.08243603619796597,-0.05596246106917511,-0.025462336778032058,65.91316285353076,72.0,1.449311491360896,0.0,0.0,699.2776901654954
0.0,0.00875472106309308,0.06070884149237989,-0.0056589712720492985,0.10963311000758673,0.017937119685631886,0.03248962260698331,0.09447777881070439,-0.013092805991007293,0.135733615756495,-0.01039603064171923,-0.015450323287141996,-0.09106209403530319,0.10832599564290701,-0.3182851602159052,0.27526679869902776,-0.4713201333978694,0.15690707954884817,-0.4236176049114373,0.0,72.0,0.0,0.014583333,0.014583333,2.0,0.008059589234332186,0.042723461888154984,0.04177056557796033,0.05376462480731899,0.005120105644856839,0.06866138713579277,0.06155427403376514,0.05169865201917994,0.0646103829009673,-0.006250871431206689,-0.044664417089075405,-0.04758398796958489,-0.04710585341186865,-0.06988742342624311,-0.02524376215088907,-0.09446602164206615,-0.11136132799311514,-0.11042401138016089,20.195590830780585,67.0,0.5907258832262076,0.008574828,0.008574828,4.0,0.005905716498732844,0.03097937189751093,0.04414651413387483,-0.0008145548668825242,0.08822438174421805,-0.0026337025899063047,0.06799332352252653,0.06544450015244752,0.07965196325932057,-0.008566657048725413,-0.0401645393385881,-0.07237240617425143,-0.0040695568403751855,-0.11497781953681441,0.01069635610583419,-0.0963205939575748,-0.03326337308502608,-0.04789646532525913,33.935397615636205,67.83333333,1.1812238606147325,-0.000742686,-0.000742686,6.0,0.02208272917258492,0.06717607607924474,0.0188047712934435,0.04799259253854641,0.053218496122607754,0.0013602733204454115,0.08001567348861408,0.026729392820731654,0.045266989860641725,-0.010433922529806185,-0.04290285795604507,-0.0011352702799322487,-0.08517287532390079,0.02992879870950518,-0.06953504959136764,-0.0027828682806925083,0.0064207463844526,0.003279780605914792,42.01340214089736,68.666665,1.2903154627435465,-0.000380952,-0.000380952,8.0,0.01809534899508984,0.07164543821320025,0.020654477273754947,0.06095751582196703,0.04796380127372179,0.0011823685559420542,0.10525355851102111,0.03417833407249567,0.04805946641414319,-0.010188109186790632,-0.04112603519260595,-0.000873815246085794,-0.07421098370355358,0.024234747378996696,-0.06499435726694079,-0.0032244378723275636,0.005407593703180613,0.00270503403884865,49.128696245714224,69.5,1.3450819773584013,-0.000380952,-0.000380952,10.0,0.03443422976173894,0.05009725266516453,0.03921452095001089,0.02250752356716349,0.09642947954560285,-0.026733112388012823,0.09256853697419963,0.033995657301325,0.03398654764970546,-0.010991788624685023,-0.10398853560979628,0.05994150520392817,-0.17473989624565414,0.1690072192720523,-0.18199553391661225,0.07999283074146323,-0.040060824760449226,0.009390457064471183,55.3724142933681,70.33333333,1.3046140330898417,0.0,0.0,12.0,0.02873350910477675,0.03330656571407424,0.04743422471029637,0.020570590072126346,0.10217072321216719,-0.020503115983270735,0.08888794809559124,0.041573209272445816,0.027919136615991182,-0.015107936170758228,-0.07250712864465175,0.06222723623476109,-0.1961270210014364,0.1212753688653289,-0.18645018314328737,0.07412862476034637,-0.05930501315802603,0.0021107060051311984,60.93436450020448,71.16666667,1.2747555229890406,0.000126984,0.000126984,14.0,0.027757851381636556,0.04080697033342992,0.032826463062358056,0.04513595399108568,0.05663879291089943,0.0049101033484060305,0.07665489733014175,0.0543081728786665,0.02524165535024785,-0.028167242127787984,-0.049554011281619695,-0.027939206697943635,-0.05206948370127991,-0.0775513764084273,-0.0057501757124140875,-0.0628135358281244,-0.05291812849446766,-0.024446921148366264,65.83422692217424,72.0,1.3978497190465937,0.0,0.0,723.4471929560971
0.0,0.01157443094707462,0.07776113616688915,-0.005179913035176949,0.12147212257585585,0.013937023697557342,0.027297743436080452,0.09565711378297315,-0.018701204148422513,0.1790077526691173,-0.009306954112108605,-0.021313870220907156,-0.07153671202582006,0.08385305530714128,-0.2593844221968094,0.28930310825590644,-0.43026213753650416,0.17465932625161565,-0.5181404185045924,0.0,72.0,0.0,0.014583333,0.014583333,2.0,0.008311264758265486,0.04279871562662301,0.04741249408423096,0.07266560804597398,0.005216790664463445,0.06376191862397346,0.05693906437925563,0.04484842285446021,0.06063370232316543,-0.006487065428568409,-0.046765378990794935,-0.05027391753981132,-0.04224954635471513,-0.06046762677965612,-0.026712740095824833,-0.13848571867316933,-0.1113120137923496,-0.10254006180421316,19.918111042762458,67.0,0.581390242472927,0.008574828,0.008574828,4.0,0.006526017286109841,0.030006992007381935,0.05177412345796047,-0.0007302111549702234,0.06951429932732171,-0.0022240131480757773,0.0906214901239737,0.06383530684793719,0.06235668278410123,-0.00897501182850382,-0.05240143560384602,-0.056273868560966556,-0.003834021306625924,-0.08269728673124754,0.011753376494868926,-0.09286150406395363,-0.024926996873727483,-0.045234333645467764,33.59024652284883,67.83333333,1.139586905259857,-0.000742686,-0.000742686,6.0,0.016387258643883525,0.06228337137148323,0.014854866303612295,0.06199017782373193,0.049320531741611884,0.0013043398325616475,0.07838714112809204,0.029876308902394642,0.04636834634067828,-0.011459750588259543,-0.05548118837828356,-0.0011408937913138944,-0.08887987391051531,0.025784643061264195,-0.07502843407684968,-0.0034653961738234204,0.004979585394424579,0.0024580256367284317,42.11689518799526,68.666665,1.2567048332204451,-0.000380952,-0.000380952,8.0,0.017708515474763396,0.058303801601673075,0.0213258354880028,0.052099389146936695,0.04909343367327599,0.0012531697780433274,0.07530700392778529,0.02851971255035715,0.0403467526606118,-0.008362829539195957,-0.04677549725064082,-0.0008356162043165061,-0.08513397212305208,0.02956971272722408,-0.08077922397712589,-0.004057401017316252,0.004847981161379533,0.0034154284809935903,49.107813407538984,69.5,1.239271691011053,-0.000380952,-0.000380952,10.0,0.027112033764683362,0.03789485658216829,0.033132574989504546,0.02185144758134055,0.07136771272023044,-0.03108196840635998,0.08355820792118382,0.033831742184840856,0.035844135065796465,-0.010571629151828044,-0.09810222100367955,0.06149885934129441,-0.2024348092769328,0.13699452762414105,-0.1794105305455572,0.0700340332259092,-0.038694500605827416,0.009085915588797342,55.037760492726925,70.33333333,1.2159874742383305,0.0,0.0,12.0,0.02969968467688833,0.043316058597905605,0.04880693070934998,0.017646217884155723,0.08188983737922037,-0.02899531228952986,0.07014671667672033,0.05185556496285225,0.021754271572339594,-0.014632948625313474,-0.0919394528893792,0.06964896084692779,-0.16960468156851047,0.12334936854370437,-0.1817198083369375,0.06223947467334663,-0.06745969908459322,0.0018567394899135586,60.66803735000289,71.16666667,1.2874183420152931,0.000126984,0.000126984,14.0,0.025471260101969435,0.040713064544317355,0.02502250874156094,0.03805457810008323,0.05633616039949979,0.00579123552475176,0.08203609362930624,0.06594354819919258,0.019346127199807085,-0.030729032317067653,-0.045169717336891256,-0.029642312118857213,-0.040567387276211626,-0.06591773612697253,-0.0044869437135401,-0.061384015985185635,-0.05556059086859279,-0.024748771659355708,65.89112971374014,72.0,1.397218869951854,0.0,0.0,745.9893912349337
0.0,0.011400969567131545,0.059010489747315355,-0.005297765395555046,0.1270360716241076,0.014925599875235947,0.026719825783852815,0.10367710498323257,-0.01321713169908847,0.17958187913308363,-0.010866855020063024,-0.02001216829272894,-0.06761177695715695,0.10570193683477408,-0.34847375268109626,0.3362323064188078,-0.39242546287459135,0.16217730110544762,-0.40579720619169685,0.0,72.0,0.0,0.014583333,0.014583333,2.0,0.008101145582415623,0.04571876299650865,0.05207814809408631,0.07027197870511484,0.005746241678796403,0.06481859426298903,0.07206752998684829,0.04762262892278334,0.07668913210577986,-0.008481872063495615,-0.0501862450635222,-0.05160414031515855,-0.053335418085807655,-0.05284628793473936,-0.02685664555034135,-0.13349581450035358,-0.11970950604118286,-0.11931233645063724,19.826441318148547,67.0,0.5045823458455172,0.008574828,0.008574828,4.0,0.006966818696904065,0.024519020839331884,0.04462694965222735,-0.0009443797732545984,0.07348092041818284,-0.002739432425636784,0.06865539521979788,0.08341117748549544,0.07977931430620636,-0.007711729115084135,-0.055910699541486975,-0.056973189798002845,-0.004429413454074233,-0.10806486345639603,0.01043076236413871,-0.09209938480527828,-0.022718740333747926,-0.05157697524303377,33.635874876304825,67.83333333,1.1145636310965112,-0.000742686,-0.000742686,6.0,0.015109829634024638,0.07254192801400769,0.021315027445631792,0.06322134200241147,0.0457123169089974,0.0013423272064935073,0.1002286629456178,0.026897103851601434,0.04875495730830536,-0.01172814033805301,-0.05466256644745381,-0.000877921139415465,-0.09024974323919437,0.027797039302097565,-0.0711960595822852,-0.004035267813022175,0.00479067686934788,0.003171700627515896,42.1271891096009,68.666665,1.2761919780063267,-0.000380952,-0.000380952,8.0,0.016908913569037,0.058609907373228805,0.018497802042874587,0.06488446288535361,0.04398752152962969,0.001224221147711066,0.07956706071050974,0.03439358429209014,0.05075381421972207,-0.012237146819478852,-0.049158603700447445,-0.0011639375283556803,-0.08672322099648051,0.029365006108958387,-0.0671722160252305,-0.0033713843908317865,0.006756894374498606,0.0032437509529663487,48.82971271944648,69.5,1.272754347208966,-0.000380952,-0.000380952,10.0,0.027415065795807936,0.03762888332642176,0.039365106724188255,0.024526846079918008,0.07307363589619038,-0.021303767727899138,0.1106569461071684,0.03664559558095576,0.029313875549921774,-0.010374083897855445,-0.09758487610181972,0.06719243481089092,-0.1923981223498381,0.1294663124438365,-0.23775550606572615,0.08874835647816709,-0.03157305273508986,0.009871458173335712,55.13090488940999,70.33333333,1.2770976294810845,0.0,0.0,12.0,0.029248963316488918,0.03844966254237462,0.03688556024049621,0.015974585464039605,0.10634220277798594,-0.019765974666664823,0.09705074615757422,0.04162078855787655,0.024951267715413353,-0.014584698508294469,-0.07793401995158782,0.05206513194934376,-0.20949191643423595,0.11119301818361889,-0.17649390931047845,0.069129383171927,-0.056405264237609616,0.0020419993617105006,60.95461960330789,71.16666667,1.3269876909930862,0.000126984,0.000126984,14.0,0.02604940579180448,0.047034146102129665,0.030685158898862967,0.04955331712831022,0.05694729730507753,0.006335026103899794,0.059834673021695095,0.06734889163476751,0.02658374900264136,-0.029149469340525116,-0.04523011553096301,-0.03325627581802655,-0.049817953163481525,-0.06299247378700064,-0.005292856987096674,-0.0572497163066622,-0.04889452676554694,-0.01933031723848217,66.12063606193465,72.0,1.3809355330654967,0.0,0.0,762.4501692676007
0.0,0.010683157618941454,0.0654870066421061,-0.005285978060128065,0.11113708756147973,0.01769152873838276,0.032912200458448344,0.10835537669347749,-0.014201165806460013,0.1778965566080118,-0.010413558643064006,-0.018374735419637862,-0.06480714341609853,0.10687369703098952,-0.2801271588640832,0.2970057300060719,-0.5150921842718544,0.2250704260219289,-0.5319036371018716,0.0,72.0,0.0,0.014583333,0.014583333,2.0,0.006094799757177089,0.05353731340825317,0.04662195480629583,0.06939996650363733,0.00615132894934709,0.053342572566639025,0.0527349838582346,0.062082667810115705,0.07098098358496305,-0.007054989037286838,-0.051744393925281386,-0.04187626682785325,-0.04714817296711683,-0.06471183017122546,-0.02489658729312918,-0.10718283992210315,-0.0998403753602219,-0.10599936201655619,20.09103930251451,67.0,0.49725047050587784,0.008574828,0.008574828,4.0,0.005555448723308871,0.03401878533299463,0.056422721544343926,-0.0008855180449278583,0.08883207211807367,-0.0028997366382359844,0.07527132070835578,0.06205117264998595,0.07717410741914829,-0.00995014398749244,-0.03971189848646373,-0.08273076174072892,-0.003673285416682672,-0.1125132205740367,0.012869931387694723,-0.0749677900735222,-0.026215154612199122,-0.0484934776491272,33.66565978519363,67.83333333,1.069315759188506,-0.000742686,-0.000742686,6.0,0.020744450156362795,0.05828896785177642,0.02103815864973214,0.052796333989035195,0.041039392331889225,0.0011514307831054387,0.08083482203705507,0.029978123896731778,0.03974744268502989,-0.010848874690833786,-0.048489835264403876,-0.001067108267366893,-0.0768425774684347,0.03215811736336485,-0.06629633136244388,-0.004030291043395601,0.007024708768726124,0.0028988461511203884,42.07994494121782,68.666665,1.3353865471767867,-0.000380952,-0.000380952,8.0,0.018711052765847235,0.07071269015634693,0.015034714839859643,0.04711603010511388,0.04991265335131767,0.001281406393503714,0.07699947790381133,0.03485274353853933,0.050847844549420984,-0.010987937904854654,-0.04715534208945523,-0.0009614453555392555,-0.08074722330374018,0.022864960163119306,-0.07817817065528881,-0.003389767093603214,0.005640396418123098,0.003570695861035069,49.04325461160151,69.5,1.3943325346193471,-0.000380952,-0.000380952,10.0,0.03469173779934711,0.04895833910608949,0.034397470953835406,0.018424686411649804,0.08575884101728862,-0.03051954163646921,0.10235447660550823,0.03970074594222747,0.03697511010883409,-0.010565920778986177,-0.08124729992307374,0.07033778705677655,-0.1687515171989817,0.13855559783398003,-0.21885628748029667,0.10006657458221477,-0.03323679905671971,0.008444885421411936,55.06700193685412,70.33333333,1.3616982555221788,0.0,0.0,12.0,0.028161504982477898,0.034089420206599406,0.03605991485952916,0.014658280345326073,0.10835176367096129,-0.023453922004361402,0.07853180992077384,0.053935627755916475,0.02988666386546356,-0.014849056935333867,-0.09552480962473112,0.05672743039174886,-0.1626634243375821,0.12671355934562614,-0.21228284427330896,0.07207109886803331,-0.05542409798560645,0.0015851716510606837,60.77296057069401,71.16666667,1.3259245899728547,0.000126984,0.000126984,14.0,0.02917903645342525,0.038171622126354825,0.03556976368666545,0.040333024898624635,0.05501553590590827,0.0053831482961584284,0.06946689880693421,0.04937178636769762,0.022199087830960588,-0.024382002861332314,-0.04697689841220445,-0.03347611343807724,-0.043039767764675045,-0.06125864633347162,-0.00534750093289472,-0.07231229820148817,-0.061601725104000075,-0.021782219219788908,66.03501407113532,72.0,1.321781756059428,0.0,0.0,713.2173262006494
0.0,0.009710986719170306,0.05784093093676783,-0.0062647546048081116,0.10757455868373637,0.017921816626478397,0.029155479986556935,0.10702499784737322,-0.016079647671470867,0.13677155967158355,-0.010110786876890116,-0.015644089978522287,-0.07827661655474656,0.0866171742535758,-0.33827086785889227,0.31865144965630293,-0.5004332729154596,0.1743731806034336,-0.5225676601277349,0.0,72.0,0.0,0.014583333,0.014583333,2.0,0.007415960856424857,0.04686854056555483,0.03773285791956216,0.06872831457986894,0.005088040054089639,0.06185391911976487,0.05817016229257038,0.05767897340525468,0.0590609262335299,-0.008424542882778807,-0.04329937416572931,-0.03901694109241992,-0.05394004128880681,-0.07349604235804678,-0.02476174148807854,-0.13603577186367036,-0.08728910153465738,-0.12190077990900419,19.914332343079415,67.0,0.565813835590428,0.008574828,0.008574828,4.0,0.0055622531717572435,0.03433572321000982,0.05875030246260432,-0.0009614169763935683,0.07740452646069491,-0.0026270659476050123,0.07656288800294664,0.07437641341898625,0.08099916712868685,-0.0071482238775337405,-0.04142420659750192,-0.06880851828143236,-0.003995138412669245,-0.10235224787300493,0.009725094563150431,-0.07120511116860932,-0.02759814981331931,-0.04887652802280766,33.87422171931756,67.83333333,1.0715695628604518,-0.000742686,-0.000742686,6.0,0.020003200627034968,0.06198732215848783,0.019564859948460987,0.0465355093902603,0.052538591533066295,0.0010171513204588684,0.08316461945810154,0.033534694913818386,0.040197621795689004,-0.01118754912785715,-0.05176590476041502,-0.0011568924301055957,-0.09278811611267027,0.024507154329324585,-0.06689428230397047,-0.0028388347362797548,0.005021085083533318,0.003202499393237494,42.103388295881615,68.666665,1.243269110445404,-0.000380952,-0.000380952,8.0,0.020331713776586158,0.054312293314319166,0.021695845787920782,0.05718724121484509,0.04398642746674046,0.001265202220506991,0.0926601941026573,0.02936472675017862,0.050888454420793136,-0.008852171801108873,-0.04999453133255099,-0.001023064724097129,-0.08471897263219202,0.027644825091476723,-0.07235606309077096,-0.00327040111583668,0.006841152893789048,0.003320666869343617,48.91419244328988,69.5,1.23555120954242,-0.000380952,-0.000380952,10.0,0.03281162309166862,0.05101010448301474,0.04199708776918865,0.020263679551619812,0.10011627543707337,-0.024216100636860933,0.07915624187404377,0.04090058075926436,0.03801640760290877,-0.009157663167171795,-0.08305792511231537,0.06230167489317878,-0.1919297774546569,0.1612346474442339,-0.23971509480085945,0.08058079986540838,-0.04071182876322343,0.009131723328768855,55.05440738855504,70.33333333,1.2260067913236614,0.0,0.0,12.0,0.03753855578654224,0.034431151072998836,0.03574833552198902,0.016636263772031225,0.10558855849332854,-0.019874758073766555,0.10162396812725348,0.05290590198786724,0.027504708652187557,-0.01831916321959464,-0.07237277669143527,0.05008406245383702,-0.1733694387529022,0.14540814237819688,-0.18443567354477472,0.06630716646237622,-0.06896827294284162,0.0015545834021066856,60.658428543568064,71.16666667,1.2376623558021607,0.000126984,0.000126984,14.0,0.028003553834610607,0.04622882047228476,0.030613206574022247,0.040916729648855996,0.06856350221782824,0.005769490128878505,0.08354973147584703,0.0638514795826019,0.02546668793842172,-0.025144492556000243,-0.04342301689630249,-0.0363739151116849,-0.03739807342474447,-0.07017145167028696,-0.00521987595681737,-0.08220305270666645,-0.06405488907002206,-0.019493333103119147,66.04807128811107,72.0,1.436499806033078,0.0,0.0,803.2922938674902
0.0,0.009630517560521034,0.06726903774560329,-0.0061441937577837785,0.11253204525230061,0.012678511164578871,0.033762142765611444,0.10485256801316302,-0.01574462515034462,0.17072684352762055,-0.00862665563897403,-0.018920054042324934,-0.08871386912978435,0.07995458835796523,-0.3243729063510001,0.25687510916216244,-0.491825157959194,0.15514843197285372,-0.52273891763417,0.0,72.0,0.0,0.014583333,0.014583333,2.0,0.00786112503263027,0.04465233869426251,0.04593858977323392,0.07357826580042867,0.0048868011592468315,0.05662176267947131,0.05738114135625788,0.060101722873875024,0.06672397302697325,-0.007887403616742205,-0.04732039722963694,-0.052993896996305453,-0.04960294318390071,-0.07111768464448182,-0.0315475361774783,-0.10279339865762238,-0.0889315127312893,-0.10236557279511782,19.87577422861876,67.0,0.5906216163295004,0.008574828,0.008574828,4.0,0.006439236915986702,0.03282780905413102,0.05651126234423956,-0.0009920973271390265,0.0882515663203615,-0.0028848052528640863,0.0645629453620812,0.07339557517738036,0.060407868062042375,-0.007383234790274385,-0.05187900105774425,-0.06823088200334278,-0.0038188247514896584,-0.10775504510579481,0.011617686975903325,-0.07070414256185799,-0.02579974900310343,-0.053551678972833965,33.80245084982912,67.83333333,1.2456122458238381,-0.000742686,-0.000742686,6.0,0.020211723448793774,0.057610739868977495,0.01936639367102034,0.06329791984722577,0.04871630315970275,0.0014412733120994327,0.09187972728810614,0.027212470734419555,0.05269526911601963,-0.012298298155956677,-0.0452403920170155,-0.0008985998138386155,-0.0763601687924367,0.03078110345000464,-0.06318662281718702,-0.0034036537919736407,0.004784389664860646,0.0028182602932486215,41.96235482683438,68.666665,1.3634360691677347,-0.000380952,-0.000380952,8.0,0.0213364347351356,0.05125409305600705,0.019638816552662534,0.05105213288257021,0.0459504318108219,0.0011085996838993346,0.07906121186312733,0.031201923289467467,0.04297191522675575,-0.00987076440536657,-0.041667944837502434,-0.001038224460808711,-0.07012813150175028,0.03169465169958074,-0.07790920893718294,-0.002835525529649887,0.006916180494789492,0.0026546139869814997,49.139278000849686,69.5,1.3243714900055572,-0.000380952,-0.000380952,10.0,0.03546135873354956,0.04531229352920104,0.037117465163687996,0.02569670814521067,0.08945054942299252,-0.029200768768998867,0.0944752824220681,0.0395064576727714,0.02700855649453969,-0.009615610303455363,-0.1007570913913974,0.06290420029851446,-0.20874318968099617,0.18219780546921274,-0.16444041657810513,0.08510796969976502,-0.0329600290360476,0.008547933076310323,55.394246000641886,70.33333333,1.2821663753741102,0.0,0.0,12.0,0.035516719060234826,0.037808094405473246,0.03910548404369703,0.017483258566869254,0.09670739807995983,-0.021756538035510357,0.081923389276553,0.04716206624228424,0.027619468803173893,-0.015529680352710724,-0.08157154113920692,0.06462156648439195,-0.19237741231926656,0.1224654131523464,-0.1698530978938738,0.05022475065821496,-0.05960687122238996,0.0017112497994309622,60.67091099105255,71.16666667,1.3604530640959214,0.000126984,0.000126984,14.0,0.028340585408829402,0.04528445990788194,0.027674390124424186,0.04902344679318757,0.07448853790290122,0.004727370946692717,0.08245804186522547,0.06565150973261745,0.020670583724064915,-0.024645044973396847,-0.03700698771538635,-0.035201922534334025,-0.04154480511334077,-0.07743145675494456,-0.00540093390685596,-0.0799045303472692,-0.05052908411191934,-0.020424023013025646,65.87220225746374,72.0,1.4430196129739619,0.0,0.0,664.3111371102672
0.0,0.01180321648432071,0.06586351526375701,-0.005313678610796838,0.10366739651368048,0.015324859091411581,0.03314854074733294,0.09874081803087602,-0.014758325011780319,0.1363268157560112,-0.007918611488455967,-0.021814864696165545,-0.07364173054605627,0.10002819540480933,-0.33138806111616087,0.30668518640138787,-0.5132966492468886,0.1610712206014992,-0.5445836469319282,0.0,72.0,0.0,0.014583333,0.014583333,2.0,0.009090470546415631,0.042335035622175006,0.03716220307574369,0.06245709086265101,0.007112170670759712,0.06786687678293861,0.07316571628418378,0.06146935549602255,0.07875086157904371,-0.0065638985977078965,-0.04731561695952496,-0.04998283817355272,-0.05793175345097865,-0.07198952830381733,-0.028246054804279497,-0.10306837328062701,-0.11211475337414514,-0.1262785185573114,19.914706790741867,67.0,0.5503340118980391,0.008574828,0.008574828,4.0,0.0075896675730873124,0.027699284777820164,0.0542547246444062,-0.0008302300597731057,0.08792846515891307,-0.0025803558958920236,0.0663779976278284,0.06489346978669942,0.08166642243778062,-0.007573211346444381,-0.045734141162250184,-0.0775478334178012,-0.003265010579814498,-0.08686459300167224,0.010940299926533623,-0.10174603779677852,-0.03258189504794799,-0.06278733188456227,33.7867298090136,67.83333333,1.1296872998994667,-0.000742686,-0.000742686,6.0,0.01749605556015047,0.0525377074088677,0.019216513883473972,0.046232951303335844,0.04892351116218464,0.001144492142395584,0.09708829336254485,0.03759823584100217,0.04236810013379962,-0.008598231500014139,-0.046817754240080896,-0.0010707699757164452,-0.07972864466089763,0.031528193393203285,-0.07533188421494079,-0.002934939106176463,0.00576216357848862,0.002663614574078547,41.93859742117087,68.666665,1.273930890994906,-0.000380952,-0.000380952,8.0,0.016110752258610982,0.06928814580471912,0.01583400471183453,0.05416885533991058,0.055919847326095604,0.0012403619391408913,0.10918470342954736,0.037522095875776956,0.047771599633264376,-0.011327915077839902,-0.04155956097170776,-0.000862500283880533,-0.0683911813325776,0.022848767439312672,-0.08922707761834715,-0.0030819954132279065,0.006618063928669127,0.0033990571566081874,49.03221119551997,69.5,1.2556653325002438,-0.000380952,-0.000380952,10.0,0.03130995727796088,0.03770167371980217,0.03464707282100431,0.02174219520276347,0.09920195011496175,-0.024653502924306247,0.10158836310593664,0.03139667688350161,0.034833863129915495,-0.010509675884092072,-0.08414065737541969,0.06940659231559025,-0.18633832323207497,0.16778371914408863,-0.22924789303132295,0.07402821153734143,-0.039819505320770665,0.009819679940835123,55.01059694700591,70.33333333,1.216241788609927,0.0,0.0,12.0,0.04128339637409067,0.03840705446030495,0.03903383350052812,0.018828367522145558,0.10168423838874187,-0.026403652702142556,0.08349566366079018,0.0461620407765837,0.02853226793659546,-0.01685229349598998,-0.10146814210631414,0.047182575141932456,-0.1623873309147596,0.10462904446220424,-0.15046122589773953,0.06813074001307298,-0.06663309104476989,0.0022103475674286684,60.77396260111432,71.16666667,1.1753042933796978,0.000126984,0.000126984,14.0,0.024977231625270883,0.045440648404930825,0.03645021103436345,0.03926706002061561,0.06341472341715551,0.004797656230986995,0.06456305632670296,0.06907147937194097,0.023448627748452123,-0.026805525234109864,-0.048708066656281745,-0.03593615973615443,-0.03877596372265176,-0.06431929467820206,-0.005938883679646179,-0.060200824576934035,-0.06029987509278546,-0.019243230979115098,65.88451464337813,72.0,1.2898140483671359,0.0,0.0,584.6614673250424
0.0,0.009479704252435045,0.0732370894569839,-0.005817538616740792,0.11866983333367408,0.018197226301385795,0.03173539048121975,0.0924264885211102,-0.013445940821304635,0.18492764288997118,-0.010210503311311648,-0.016194915163068244,-0.06429422809954867,0.08865551723930364,-0.2813070526262014,0.2734250755913184,-0.3855859637386204,0.18234430532282486,-0.4354637539832523,0.0,72.0,0.0,0.014583333,0.014583333,2.0,0.00699455521984022,0.05383340478715833,0.047693074938382804,0.05682470097679192,0.005294077619441781,0.06548254155727028,0.05825316832999603,0.05045930361400689,0.06401604754400765,-0.0067396866206042,-0.037750977942024706,-0.04181943954276863,-0.04682153469468786,-0.05659946870517,-0.03060224627706409,-0.13127065448407627,-0.11980815127571887,-0.10001737472211629,19.84018553041413,67.0,0.5886430618224927,0.008574828,0.008574828,4.0,0.005185914350028551,0.02672211760291903,0.060190829969511625,-0.0009390889154051829,0.06523703810576932,-0.0023028160096729244,0.08279826625482371,0.08380964096367242,0.05837378320725526,-0.009173302553224029,-0.051485628768123175,-0.057992807987947974,-0.0034134145625676743,-0.09434173846704946,0.011255291152253545,-0.08661976615274357,-0.030961532367391537,-0.04541071304814352,33.90570370683246,67.83333333,1.1344190660847406,-0.000742686,-0.000742686,6.0,0.018574551707039266,0.04933019398485454,0.018252171317241175,0.050412398675444246,0.05762808767418314,0.0012003717536634528,0.10852400600647631,0.029258520501625116,0.04017987719184399,-0.009028284764993675,-0.045356667784202324,-0.0009121681313411545,-0.07121566478272574,0.0334251289522655,-0.07233986259318372,-0.0032062998882782154,0.005085692370062433,0.0029566519907910553,41.98655811425874,68.666665,1.2757195326912483,-0.000380952,-0.000380952,8.0,0.0188799658575163,0.059090161069567375,0.02020532353675657,0.0624025461925228,0.055361294363181206,0.001303265744536542,0.08314696346686723,0.032419613260238365,0.04619267230081252,-0.010667208291297593,-0.04304327123520631,-0.0010792647592193416,-0.07709698088283276,0.02954826253460235,-0.06934030974075013,-0.002903308140417964,0.005866338541626432,0.0032909686331041308,48.97350755756568,69.5,1.2421359879090446,-0.000380952,-0.000380952,10.0,0.03249064610048825,0.04007532947239699,0.031025715102644572,0.01813229056166829,0.070581041865085,-0.02431055496609259,0.09218844887160939,0.0387155589649226,0.027862388709431515,-0.008423468404281797,-0.09587864376318872,0.0654041084506276,-0.20188040698744975,0.17338213237957395,-0.18741987786408307,0.07927702755990731,-0.035276972097571024,0.010575442299476039,55.07166138028804,70.33333333,1.2590032022249065,0.0,0.0,12.0,0.03556954788725323,0.040707873338916276,0.04581029111586072,0.018559130357838245,0.08586103467782168,-0.029046405979900686,0.07186268396428568,0.05310162716368842,0.020474351432187107,-0.01347362271526051,-0.10106749485677745,0.06872987150175179,-0.17630984603148012,0.1225466761848749,-0.2045239523569442,0.058677818754501086,-0.05903088192058796,0.001998843360908793,60.96051128697323,71.16666667,1.357130732655475,0.000126984,0.000126984,14.0,0.03465737166246666,0.05144532802155506,0.02830347438775132,0.038444946684953865,0.07720662856994509,0.005031838275401154,0.06363229084474378,0.05793401569336548,0.02721546479427756,-0.03179925360158261,-0.040166459685484115,-0.028504790555425787,-0.039579346518263524,-0.0576960303623797,-0.005348640797400682,-0.06267074622440616,-0.05835756245007485,-0.026579848366019877,66.13762719365432,72.0,1.3827843096499157,0.0,0.0,781.8022899923841
0.0,0.012184714633002481,0.05950279978098285,-0.005226371967266618,0.11821371930779725,0.012940976215875238,0.025694860451529838,0.09886426988377088,-0.016070029831569896,0.16732408903581017,-0.011442850235446608,-0.01779288050955375,-0.08868699093667484,0.08104585140400425,-0.27217938402772685,0.2855868615905449,-0.39122765908910556,0.22124840346878244,-0.5359409530923354,0.0,72.0,0.0,0.014583333,0.014583333,2.0,0.007430182350683331,0.041226014866552994,0.053737618753841636,0.0749131719078644,0.005992867171294018,0.057578271403696105,0.05587416424131589,0.04932395308406249,0.06297220147821547,-0.008209602705336412,-0.036459109716993614,-0.04372814666300506,-0.052280937730872355,-0.06587758023605808,-0.027065106051006347,-0.13629725401828788,-0.11706625293988213,-0.12980501272205333,20.016988591534773,67.0,0.6467784266104291,0.008574828,0.008574828,4.0,0.0055418840023295,0.02484940083027034,0.04824353065292,-0.0008629439979761815,0.09456188207989973,-0.0025942517322572064,0.06995338029670158,0.06540097956162821,0.07306485808056348,-0.008078001281160475,-0.044883025954983266,-0.07763166179290334,-0.0036657558832134322,-0.0860957293765693,0.010125210624853663,-0.09325645192879664,-0.022607007763571538,-0.05551397019305824,33.61592762299658,67.83333333,1.2021227720354712,-0.000742686,-0.000742686,6.0,0.02124973096361393,0.05130769443849924,0.018658227667920625,0.04375959047015837,0.05975599176838804,0.0011929832562362606,0.09879852341108128,0.026204079322481498,0.04141451933466683,-0.010183863910685695,-0.05321232922557931,-0.0010821925737321697,-0.06315435943474208,0.023645708744218046,-0.08486397056569317,-0.0038572386546243333,0.005092679847670898,0.0025863353032811918,41.909794467218276,68.666665,1.3007374637798759,-0.000380952,-0.000380952,8.0,0.018566098827939158,0.06131830693918829,0.017468834663794147,0.05657828737890129,0.053985497349400564,0.001384603262322643,0.07754213095913043,0.028541775140981246,0.047040003422368075,-0.010026534327615872,-0.0577591624920988,-0.0010014104164768494,-0.08067975747250523,0.02868860024930817,-0.08917661587263594,-0.0027253265095741777,0.005604279489808425,0.003250740994613765,49.13862168571711,69.5,1.2693454127045891,-0.000380952,-0.000380952,10.0,0.025984105205317194,0.05168983911042753,0.03516665051323004,0.024034216191943354,0.09231184790600015,-0.028144265330893852,0.10407350242684106,0.037958207885028766,0.03785230646611545,-0.009439041195212279,-0.07404553559596103,0.07251226102222726,-0.20099220583466867,0.18018965770246928,-0.23349680700373623,0.07667985981767637,-0.029491534250871528,0.009460258782242284,55.30882536609605,70.33333333,1.2208801600833954,0.0,0.0,12.0,0.03591288946619783,0.036188928482751424,0.03722773503276199,0.016663166735716363,0.10233465091225774,-0.021208929598642148,0.08471351430200957,0.05396970722862444,0.02227838949556279,-0.013564473909563833,-0.07820719732436501,0.05849467330056681,-0.21416236738160466,0.14627673268546112,-0.2052615003750626,0.05091319028590471,-0.0611851914942495,0.0021861122896258424,60.83841698609616,71.16666667,1.3047547507477868,0.000126984,0.000126984,14.0,0.023980945240809796,0.05091109058519648,0.02474847569510959,0.039081559229673254,0.06336508629269241,0.005375557364228535,0.08146868920822385,0.06078583224024605,0.022970203019015537,-0.03246848921153716,-0.03711710492669314,-0.03556729733840316,-0.05224207714822736,-0.07181462396073487,-0.006357401341845786,-0.0632498367644278,-0.054269992784528195,-0.02256058486074739,65.93283691633863,72.0,1.4337755427057255,0.0,0.0,575.4985372275044
0.0,0.012284753721926006,0.055385994416996334,-0.0049314731448713515,0.0937336202911632,0.015367162347231997,0.030021946797766663,0.11306986494065502,-0.01796360886962393,0.14475320144796788,-0.01063064118098379,-0.016774644153728743,-0.08682331266846194,0.08003395435015295,-0.2837023249520552,0.3430883565539408,-0.48601461441492166,0.2254152224334195,-0.5084632439642321,0.0,72.0,0.0,0.014583333,0.014583333,2.0,0.008684617271296644,0.05109350049254402,0.04197352606047873,0.06736871266466556,0.005508556100996491,0.04826126260546394,0.06884376149197957,0.06269318029291014,0.0717769415250832,-0.0074482667213700785,-0.045157863194934755,-0.05105847797941909,-0.05256877418393329,-0.065130354894058,-0.02389700957166412,-0.1280573335444818,-0.11920848455206831,-0.117055662749512,19.99198895193993,67.0,0.6441580121004733,0.008574828,0.008574828,4.0,0.006218678569825301,0.02431161697180124,0.05869436647215669,-0.0007474262586039755,0.08492594558989988,-0.0027763265755151928,0.08518717183599567,0.07588856985233995,0.07803961756275576,-0.008096023860584245,-0.05132757988865556,-0.07661408683789611,-0.0033147025707443655,-0.11997315332610953,0.010455342661156527,-0.07090155434616228,-0.03209430699937753,-0.05670763103321583,33.73961432289316,67.83333333,1.2059853287839153,-0.000742686,-0.000742686,6.0,0.017012514703689426,0.054166233221076075,0.01595579226461172,0.05259287330062226,0.04960405541974755,0.0013207129485079982,0.09641699861441762,0.036080313828103706,0.04106231609303106,-0.00959426697758124,-0.0492241622174179,-0.0010320653072619307,-0.07419885122248843,0.027014397146321548,-0.09076130846438228,-0.002780234193812716,0.006057984186436349,0.002471445788219394,42.111526495530576,68.666665,1.29738972736989,-0.000380952,-0.000380952,8.0,0.020710687202933793,0.05771176338329626,0.021414893166741215,0.062434877603340204,0.04255521749054477,0.0011599919672370803,0.11114983092914502,0.028142363754813434,0.04143681387565437,-0.008959195606187407,-0.055475459539341035,-0.0010890648663776806,-0.08520205494485517,0.030839781142685433,-0.08799017700529022,-0.0036829764082074445,0.005652281178916426,0.002556556467427348,48.98289819010044,69.5,1.271520014318777,-0.000380952,-0.000380952,10.0,0.029467526030303975,0.05009623388821907,0.034358826866146074,0.017814187084859174,0.09837684120084461,-0.024999345130613457,0.11375227900374925,0.03026059961709515,0.02930237082720877,-0.008943068744588003,-0.09630745661011804,0.07570749726376479,-0.2021644382783991,0.13615895319424787,-0.17933800112079532,0.09151458149232061,-0.029858902451858866,0.009947306028523756,55.251595248192174,70.33333333,1.2465949857725749,0.0,0.0,12.0,0.032525412998281544,0.03962338929298096,0.04517640391877016,0.01988228673103204,0.08657330653194034,-0.023081904180607387,0.09351968459813044,0.051332142563782227,0.024361862740897366,-0.016680099330597723,-0.07045710334026145,0.05769986716558358,-0.1544603681433698,0.11276729512123332,-0.17617100009019282,0.06251442635745558,-0.06787423474527464,0.002114782937106,60.948568249741825,71.16666667,1.2683032032088268,0.000126984,0.000126984,14.0,0.024996581972780336,0.04964748096435325,0.030396285035319635,0.03612031622936878,0.07784216198529915,0.005551409795720149,0.060341625606489216,0.0691319851764992,0.023011702904755068,-0.02691723620980581,-0.035625843310446575,-0.03238001270178388,-0.04390753390045103,-0.07413359700852933,-0.005184607884361656,-0.06145478203660377,-0.05572138606533447,-0.0214989133665707,66.05992854806607,72.0,1.458266683475055,0.0,0.0,707.2603972870259
0.0,0.011881704154728053,0.07373811855104782,-0.004682141157202882,0.10483134503189312,0.015238467925591989,0.025059816263635775,0.10911484832916658,-0.01616808109175511,0.12713814721828165,-0.00991928254860601,-0.019933956636362563,-0.08367833171877828,0.1007375723123356,-0.32754210823820656,0.3216094384351859,-0.5219088598893502,0.21021031918253016,-0.43134626937381265,0.0,72.0,0.0,0.014583333,0.014583333,2.0,0.007329037087143085,0.042187334774795894,0.03725957173001919,0.06369785617321994,0.006147581888170735,0.06099491596130773,0.05979277457158812,0.06442861784091188,0.07675650483590667,-0.006452658416673649,-0.04341794946639012,-0.043089992484119946,-0.053631888414944,-0.07638680921851074,-0.03309728956049335,-0.09583249622686445,-0.1007393370928545,-0.10024772416098099,20.041384004447238,67.0,0.6347657449439783,0.008574828,0.008574828,4.0,0.007602344503750934,0.030080557315649896,0.04648117895713794,-0.0007691343946779923,0.07893019139960991,-0.0019751867615704338,0.0873486446273741,0.059490853247674925,0.08053701416983132,-0.009784983701879302,-0.042619656074193046,-0.07245307516787663,-0.0044988099865674765,-0.10461600913239989,0.010989676155985275,-0.07330169514782278,-0.031155103996203748,-0.05542879785032487,33.70123456689653,67.83333333,1.1521885672056544,-0.000742686,-0.000742686,6.0,0.02185801751144163,0.05413388004719042,0.016068232267621337,0.05245035812976012,0.043870125666678646,0.0010215432412639732,0.095864355982775,0.03457399074567268,0.0363310166869986,-0.00946080186781566,-0.04866171057869546,-0.0008725344331110594,-0.07098715853050204,0.029030796419448824,-0.08934553964730711,-0.003001217014048263,0.0055371631595431065,0.0025920902780729297,41.94971242400915,68.666665,1.3719478352713232,-0.000380952,-0.000380952,8.0,0.017182395959405985,0.07020676011032849,0.01535610146043272,0.057852681236077265,0.04422195814442806,0.0014109697396508165,0.0857868829266167,0.02782455332770547,0.046135775124451564,-0.008400546265328317,-0.0442078651646645,-0.0011202661349843427,-0.06489823652731733,0.03236179902982802,-0.08192691732903945,-0.0027719956858742395,0.004841809612048745,0.0035718313835843164,49.17142357127242,69.5,1.3317282908426185,-0.000380952,-0.000380952,10.0,0.03646273583929464,0.04123599909055754,0.03230734778842463,0.02547265112054139,0.0849977030289072,-0.02469196380947446,0.10001817774597102,0.04041313597378604,0.038367241861433525,-0.010229487509378469,-0.10306238820404064,0.05644646704451316,-0.20941130936313787,0.15997548684676507,-0.1685755056648487,0.06897578216455487,-0.04142427132015076,0.012477398153756215,55.38643551328709,70.33333333,1.282929840634372,0.0,0.0,12.0,0.03359358266794867,0.03943616913479846,0.0347341195355853,0.016950324869017017,0.08147312734587672,-0.02591353724692956,0.09885388961737607,0.04262544565160976,0.027874591339138124,-0.015433833532748046,-0.0963730070410702,0.055147135264739335,-0.19035359936313173,0.13946399131115716,-0.18288366336550263,0.06143916961723823,-0.07025017607369906,0.0017141108333787766,60.97014950888112,71.16666667,1.3009729198200404,0.000126984,0.000126984,14.0,0.029801174211278866,0.04361650965801809,0.036045870045787444,0.04168022053105599,0.07423838166982503,0.006432544463727398,0.061957600012474454,0.0534981638101959,0.024866418053144414,-0.032662400092934654,-0.04592920232321772,-0.03391532799067194,-0.03637988001787964,-0.07163943030236798,-0.0056416252695547725,-0.07882613424534282,-0.054856264123804815,-0.023791973526593357,65.82430468670917,72.0,1.3412242882165009,0.0,0.0,587.4751879817356
0.0,0.012156815785710732,0.07344648794011147,-0.0048479299593268245,0.12539702760356017,0.01727620082068727,0.031079766703101985,0.10022506467488523,-0.0136263012784575,0.15208841097427922,-0.009315170692163225,-0.021095577922981022,-0.08959541825253808,0.09202958564146038,-0.3138290640577743,0.2960510129350069,-0.4461119121702827,0.174454109209019,-0.43038208023543606,0.0,72.0,0.0,0.014583333,0.014583333,2.0,0.006143869758618878,0.051053544645922044,0.039144061182303166,0.07308649152176476,0.0054192682700096835,0.05976531376596055,0.05512592776021175,0.0664552762554823,0.07836996534025248,-0.005922477562938867,-0.04698137901603136,-0.047890294143590764,-0.04447915913669433,-0.07323668040126342,-0.02656905031419018,-0.13341513842457395,-0.10592221154873774,-0.09930091254711362,19.866209498020243,67.0,0.5041583308039925,0.008574828,0.008574828,4.0,0.00771756405063377,0.03336649363694203,0.0577090906112495,-0.0008963754838663471,0.07233061467033108,-0.001960735127434271,0.07770767471871667,0.06197216604811311,0.06376852101133655,-0.009652814524072309,-0.0405667278377879,-0.06920887646261777,-0.003237352971134146,-0.10051417359349457,0.012935814793933789,-0.08388598954439956,-0.029174568893034342,-0.05271728206194348,33.55062326058398,67.83333333,1.1145410135660436,-0.000742686,-0.000742686,6.0,0.01834646970746491,0.06844684733024262,0.01689744434463313,0.0490586769443749,0.044837088718429736,0.0010037534373099008,0.08090195468612105,0.037873144663617915,0.046794408977788624,-0.008600265473770888,-0.050144305005213614,-0.0010753938824670055,-0.0710040038257178,0.02559180284035048,-0.09037726866478964,-0.003123675068327564,0.0059119866383411865,0.00258813685989474,41.908819176957245,68.666665,1.2301276332793967,-0.000380952,-0.000380952,8.0,0.017922047102928794,0.054458125261111365,0.014540700439267943,0.06382372731231004,0.05812645671003337,0.0009823967553444155,0.08774353819278068,0.03418664634451884,0.053730832161694615,-0.012002158834184982,-0.04761283585662413,-0.0010459580614460668,-0.09010826546910239,0.028993211752005022,-0.06636344661865011,-0.004061624817731379,0.005246899493389986,0.0025241075924690983,49.12228310506623,69.5,1.324742636554581,-0.000380952,-0.000380952,10.0,0.034904773355468585,0.053679500354743094,0.03855524037011475,0.020172246827746994,0.07128425985665462,-0.025057465650626682,0.1144951282616923,0.04486318106872282,0.031250042788890015,-0.007520990274851796,-0.08597745955916952,0.06038527289179282,-0.1942526119202977,0.18136650564763332,-0.16451281201702755,0.09490454870226146,-0.03212944354716204,0.009342358857125777,55.11742388514816,70.33333333,1.3013152183546077,0.0,0.0,12.0,0.03139681800077397,0.04550103797711274,0.042618841811838164,0.01627086462988279,0.07971102449905068,-0.023695068451829948,0.07259770678614082,0.05036900820478934,0.024256290100749974,-0.014006931767121067,-0.09536108380388383,0.0698639161869103,-0.21340653617202743,0.13619130628943515,-0.19098777392379637,0.06825512029482034,-0.053650938782612886,0.001629340433586135,60.726313561364364,71.16666667,1.2962268282880711,0.000126984,0.000126984,14.0,0.03127422641571707,0.04074766659943146,0.02621958229176143,0.048123238563396085,0.0595247668497714,0.006419344781768073,0.06516806616601929,0.047935339491642665,0.025440086245424244,-0.03228858513945771,-0.036752623499923975,-0.03292669859747125,-0.04790724694276118,-0.05988356116190242,-0.006066422103212409,-0.08251543379502005,-0.06903509355099062,-0.025416782504723887,65.92657034491234,72.0,1.411773688554402,0.0,0.0,788.6716435440584
0.0,0.008742214993370025,0.07328818224951326,-0.005190735191276102,0.12610419806981063,0.014904734701129782,0.02775762110411336,0.10289510523131287,-0.015290696948770824,0.1856815890103319,-0.010641473708211566,-0.018067264186396103,-0.06988281887892095,0.11695272826994173,-0.29117282391423366,0.2973273373911506,-0.4767005656150965,0.18506856163447163,-0.5732543319225866,0.0,72.0,0.0,0.014583333,0.014583333,2.0,0.006628678985925179,0.04690376965986806,0.04759826091920692,0.0652614067372324,0.0062770593332458526,0.052773287036215574,0.055743723977722835,0.0543732129080316,0.06540110626351056,-0.007781990102668065,-0.04716226214642281,-0.03781499022068794,-0.044743405949147955,-0.06558143095719604,-0.02467675813258598,-0.11847584441785829,-0.09005343252984747,-0.09891755604876387,20.19508151357043,67.0,0.5864503029146034,0.008574828,0.008574828,4.0,0.007236419520733276,0.027234669776111168,0.06172893999464842,-0.0007820479309689244,0.07075545709735134,-0.0021477109524815335,0.06563134266670097,0.06574926514619647,0.0676718619063415,-0.009885853586429755,-0.0531079450409994,-0.08231117091816863,-0.003909792060889614,-0.1080401541195956,0.011835399248012588,-0.06914163274287666,-0.03070147726357395,-0.0435852970328305,33.54063428550803,67.83333333,1.2521547530712427,-0.000742686,-0.000742686,6.0,0.016237819089157543,0.054443007507403614,0.014810940957765806,0.06450334266160357,0.04941839621162288,0.0009869686338386896,0.10749849533785846,0.0365941550072749,0.04934773053562054,-0.009246890622203522,-0.056978751649933365,-0.0009721609335615189,-0.09036176818134958,0.03029638891139113,-0.08982581068332626,-0.00392489468008302,0.005075072606390588,0.0031038040897068907,41.8385323416573,68.666665,1.3822301517331903,-0.000380952,-0.000380952,8.0,0.020601588260836152,0.061290040233932225,0.019680859190702775,0.05589139724142461,0.041201259294267205,0.0011471807779743464,0.1086387432878937,0.030726421694015012,0.05050700425333633,-0.00980762353001008,-0.044358645183420496,-0.0011495594968646589,-0.08538799504640249,0.029047826658987915,-0.0782155924028594,-0.003494540664166216,0.005528997793407735,0.0033915731903577905,48.80149011669041,69.5,1.3622997780202266,-0.000380952,-0.000380952,10.0,0.029191231989725026,0.04801734703034361,0.044336669820635055,0.01768151127585147,0.09602615247787478,-0.031043003993285283,0.10170835652362144,0.031239200451919098,0.03748548360661914,-0.011124959627437979,-0.08867693006497022,0.06510834468892303,-0.22355591061202298,0.13211359362507358,-0.21128131727544577,0.1018984501879096,-0.04260101084492576,0.008478152864614518,55.286122663174176,70.33333333,1.3284334148996408,0.0,0.0,12.0,0.029021186744915432,0.038066215071739545,0.03508867152614685,0.020905226875468,0.09258401220711471,-0.025757874224205675,0.09168262239057431,0.03921005216263306,0.0265599705834084,-0.01748891625216009,-0.09780047069043732,0.06440312386471744,-0.15182076104664885,0.13469402258748964,-0.20171321025369104,0.05334966122495879,-0.06336147183377372,0.0016982102029472138,60.725147107679625,71.16666667,1.3173569661917737,0.000126984,0.000126984,14.0,0.029623170003701998,0.0482155698080262,0.034757822982783446,0.037246826003603,0.06513606609825348,0.0051699690376191465,0.0648766799177554,0.05058640634649612,0.019720973274922636,-0.02710820027705764,-0.04237618757485164,-0.030353857591182382,-0.0422289104114114,-0.07878997643091713,-0.0058736690260200695,-0.06535944977800531,-0.06792195794125064,-0.01991491788559141,65.92006734777978,72.0,1.403298016205738,0.0,0.0,709.5743383887747
0.0,0.008977819756908163,0.056788155755416445,-0.006516418767635884,0.10643466158489001,0.013454051748646239,0.034124753239682934,0.08079499571991501,-0.014289362417936796,0.1684300264106195,-0.010772140299072202,-0.020512252559452812,-0.08389126697635672,0.09206840573023826,-0.27183690022402357,0.25119396094337987,-0.4675543821528746,0.166068854073985,-0.5079231275744757,0.0,72.0,0.0,0.014583333,0.014583333,2.0,0.008373773063756697,0.05203995663098413,0.044346234395602466,0.07039011528404938,0.005419101133863403,0.05906842715647138,0.0650534041198237,0.06622510131091838,0.06505446444415686,-0.007965657398822663,-0.04261469302033079,-0.040220625409130205,-0.04689433595083843,-0.0564310159546653,-0.03143937679602575,-0.13024345887206573,-0.1102655531237055,-0.10877306151279298,19.82149127511002,67.0,0.6161458364564616,0.008574828,0.008574828,4.0,0.007138065359155706,0.025951037429402628,0.05433080109137667,-0.0007551085056510589,0.0855873176808821,-0.002145193214236396,0.08911503935012546,0.07186091004378298,0.058652404553186856,-0.010440092866445514,-0.04833685743815758,-0.06018822732887278,-0.003954083322997846,-0.10963619891391135,0.012109274119827372,-0.09721778676488249,-0.0254818033740108,-0.06002835582715591,33.80674903082864,67.83333333,1.192013909424426,-0.000742686,-0.000742686,6.0,0.01662271278206521,0.050146946750185564,0.02118192335361517,0.05103254871608555,0.05996494702260514,0.001075731393143746,0.07837116369109763,0.029291122129717937,0.04506767847245546,-0.010674202866136302,-0.042980756530504316,-0.000984757035580979,-0.06503174662530456,0.033084628744196494,-0.061654662380077344,-0.004012809562565924,0.00659660526245157,0.0029238328035464684,42.15327367561733,68.666665,1.2724098507968846,-0.000380952,-0.000380952,8.0,0.020878938348969586,0.052031236325953106,0.020276358177588136,0.049903804281422846,0.04638050763526111,0.000985838683297523,0.09397516174307385,0.03138252662695996,0.04206563127482642,-0.009048025130665096,-0.057186031453835245,-0.0011045422357507347,-0.08853065028358376,0.0331298184058196,-0.06829557207131483,-0.0028270452623507317,0.005095397676005764,0.003530153918369139,48.87387217761572,69.5,1.2420342404337528,-0.000380952,-0.000380952,10.0,0.02466299595296596,0.04156287630556502,0.03286601948127656,0.018675947320357465,0.09403685366616063,-0.028415648589549085,0.08310323834912654,0.03929084982671179,0.03032131932106051,-0.0077310025526350174,-0.07825684918949641,0.060256354067149,-0.21930091234821386,0.12898325074958808,-0.24129638837274664,0.07672557436501608,-0.03327264362874613,0.008541214414241147,55.20152308093117,70.33333333,1.229314214335115,0.0,0.0,12.0,0.04080870879904826,0.03676208029556413,0.045209734943606195,0.01909251261177238,0.07664564110155493,-0.02462745940836405,0.08146640142692348,0.038713209238249245,0.02902984292007201,-0.018871843574510282,-0.08140468621250888,0.06043876434333268,-0.16313605169115147,0.13180141203661877,-0.1628736949583834,0.05150993325780273,-0.06103407830051253,0.0020074526523221896,60.82165212790685,71.16666667,1.2491139894330077,0.000126984,0.000126984,14.0,0.0263333167712379,0.04860100111670067,0.028963980407361246,0.0410854661159514,0.07160138710381701,0.005180341237644388,0.06924863105355192,0.056009476475695805,0.02241330814369619,-0.026330784589815054,-0.05223329972370298,-0.03332212859802681,-0.048386854525803054,-0.07290872521958972,-0.004678146049390987,-0.05666585706245046,-0.05013057693740082,-0.027292810287694584,65.9073807918844,72.0,1.2937230720597883,0.0,0.0,745.5656647990846
0.0,0.010788421560618325,0.06721559527388256,-0.0059000398549785855,0.12517228931313176,0.013813431960800248,0.03128355941576362,0.09406600600766332,-0.016427776090785964,0.17206224935311634,-0.00873996482505001,-0.020311179665447154,-0.09339978211099152,0.09660785233043045,-0.33701908879050174,0.2878943411668887,-0.39160898676525613,0.19946811176652035,-0.5617805430622438,0.0,72.0,0.0,0.014583333,0.014583333,2.0,0.00792099745661787,0.05041466391618443,0.048828946714333916,0.05214660378684066,0.0062761704717268375,0.055221951601632804,0.05950462917318629,0.04999704371210351,0.06269325167477427,-0.00599514948495222,-0.037235962538932126,-0.048620857126787174,-0.05775051612053037,-0.07022455014477785,-0.03219869547464432,-0.13576340861604716,-0.08268097207921817,-0.13057479552521933,19.864268268523453,67.0,0.5487466749296039,0.008574828,0.008574828,4.0,0.0064447218842267175,0.024602321385280453,0.04951723614749101,-0.0008148722119456893,0.08487244914598448,-0.0022917763670343228,0.0763264407484186,0.06451662074035147,0.062450716104624375,-0.009116356343270321,-0.0512874615490479,-0.0715625808351395,-0.003345197471192733,-0.09498405614292864,0.009651702483205089,-0.09661336143849758,-0.026772933964051813,-0.04912835875268718,33.59355797070129,67.83333333,1.0840204628832413,-0.000742686,-0.000742686,6.0,0.015523584429051676,0.05667645386774927,0.015696648932158854,0.05922887376117244,0.05243104681459822,0.0012014346595848942,0.07961187601226448,0.03147889979711463,0.045721531518866744,-0.011421442631884786,-0.049407005798566536,-0.0008165297656901581,-0.08507003384362413,0.031830136168865916,-0.0788501511304474,-0.0036217002219641335,0.004966474100692987,0.003065196201730774,41.87334467049053,68.666665,1.2630349129075726,-0.000380952,-0.000380952,8.0,0.018147885095663934,0.060662590652074244,0.019715528635919553,0.047090755826357106,0.05570560281861887,0.0010463644338728354,0.09512047221025405,0.03140013604665495,0.047405418882933474,-0.010840515519896376,-0.05067843097450498,-0.0010319009108171234,-0.08680137835064765,0.03286696495415821,-0.08480129534566506,-0.003744189449460185,0.00545401263270583,0.0033661891893527907,49.150936234831526,69.5,1.3419898290928032,-0.000380952,-0.000380952,10.0,0.02835141826056669,0.050605466014431305,0.03734576038451353,0.018148633147524768,0.08453238771358725,-0.028765730128283287,0.0867954857169071,0.0324769622726177,0.031169523610187905,-0.008837673339272129,-0.09196922483719774,0.07024699972929932,-0.20356068569632438,0.14529372494999215,-0.20949193109043193,0.08684670859490716,-0.040839126395401125,0.008777423626764713,55.27892439166592,70.33333333,1.348555804964519,0.0,0.0,12.0,0.028730313552401042,0.04400135626494618,0.03546755075654404,0.017328903218128973,0.07442385732815304,-0.022710947933555947,0.09783615011088054,0.05531801699886344,0.020852944129166308,-0.014551591908080506,-0.08939835423537293,0.06586888794700167,-0.18434319917117684,0.14833379395407773,-0.19817133587885127,0.07254569630739614,-0.06313282627224044,0.0017851148653259354,60.90047364787021,71.16666667,1.3042199412391526,0.000126984,0.000126984,14.0,0.030702540448940076,0.04027106403109585,0.03099616879926708,0.05192211593325733,0.06664766051291407,0.0055227361678659385,0.07567905208979486,0.06682326168142971,0.022508239020780283,-0.02654433817098345,-0.04153497494399017,-0.03396116301400436,-0.040355567828925555,-0.05386781335402188,-0.006054257336812952,-0.0622358164695619,-0.054551076423676875,-0.021146332001978484,66.18723083016,72.0,1.4359912540955033,0.0,0.0,745.3945496340476
0.0,0.010207153380865981,0.07024341019901657,-0.006142984501046432,0.1289368163873517,0.012397739477244894,0.032927237398461394,0.10558559461192162,-0.01585265885395645,0.15934114900256585,-0.010616598506202536,-0.01648344716554985,-0.08619873269931545,0.11234734533595107,-0.3147098423142059,0.24265774897530606,-0.38942648241292505,0.1794828751890472,-0.4103841280984478,0.0,72.0,0.0,0.014583333,0.014583333,2.0,0.009048844514278337,0.05267973402060646,0.04923783116075505,0.07209136276894348,0.006651796613643792,0.057336801260769024,0.06343368921521508,0.06170522700276154,0.05938368242449418,-0.00814198319245999,-0.03842856054405619,-0.051652470791886604,-0.0421136759083579,-0.0677683503667639,-0.025640027072664377,-0.09857792981678112,-0.10329355578310982,-0.12800915297893115,20.154998424045925,67.0,0.5557106336071255,0.008574828,0.008574828,4.0,0.006930763161188995,0.028456019898936428,0.04940627395488573,-0.0007230365006762561,0.08983662157982587,-0.002150222426214421,0.06853617493610847,0.08227947143677533,0.07283620753817989,-0.00805745400979426,-0.05255926449272248,-0.07222535670729094,-0.003832729579498312,-0.092966210931301,0.010717050038216836,-0.07256785565100742,-0.025533213039552582,-0.04860861310189248,33.693044875481526,67.83333333,1.0655505033144,-0.000742686,-0.000742686,6.0,0.02186544718329144,0.05701452509572674,0.02095928334985697,0.044611353552213545,0.052526762884252294,0.0011819414250284993,0.0989164269580492,0.033576425772125516,0.049958690024428445,-0.009796885313224517,-0.05194617014730459,-0.0009279736239096902,-0.06475917269281006,0.026612943133797414,-0.06593844053372183,-0.0033982492464344313,0.006203294671593788,0.003484767770328386,41.95536842296699,68.666665,1.2509610648540215,-0.000380952,-0.000380952,8.0,0.01788497390189855,0.07219807345313912,0.018175114527877106,0.043975453030644415,0.060403102589551116,0.0013618303700502646,0.10789119235352371,0.03644083182980433,0.04019645847721408,-0.009292186189332693,-0.058280963153415195,-0.0011689920869621757,-0.06953230916169624,0.027349397970812473,-0.07687076742633799,-0.0032151515932188246,0.006552553209020583,0.002656051651499837,49.08497030953867,69.5,1.34522284915386,-0.000380952,-0.000380952,10.0,0.03665961198023036,0.050634734862987224,0.031706393107446544,0.018271748844986318,0.08743327946460779,-0.024259381024526724,0.08691556776490081,0.04012486566337979,0.03471379666783607,-0.0100444197484716,-0.0945678715764081,0.07867492428088223,-0.16078568699807913,0.13447562508433036,-0.2159264416382342,0.07342371466441353,-0.030938539257178696,0.012191859975828074,55.10538799182882,70.33333333,1.3345200304366784,0.0,0.0,12.0,0.03068211213012472,0.04082897755381634,0.04505999364100407,0.016708028899241206,0.10395425782524713,-0.020419747093826525,0.07685203523132927,0.0376593347257339,0.02582062122128596,-0.01332865054320646,-0.09957794224707575,0.05924967594281627,-0.2035191565890173,0.11173083859641332,-0.16858493394219579,0.07145721078070372,-0.054768465597992165,0.00190260011619052,60.731907996118565,71.16666667,1.3138038700010977,0.000126984,0.000126984,14.0,0.03583706341779228,0.05001274559677028,0.03427004293526239,0.0464566021893446,0.06405824991265363,0.005420351543089413,0.06427513780848076,0.05962959933891547,0.02192464505496284,-0.026512543328877265,-0.0412706558172645,-0.036671597469536854,-0.04163115822339726,-0.061508728989182325,-0.005663313561057416,-0.05757066244192501,-0.05571425202211598,-0.027387603785218196,65.94905290725802,72.0,1.4524536689974041,0.0,0.0,651.927149822512
0.0,0.009016175050764845,0.0740504537534952,-0.006603722760472601,0.1269568863817841,0.01786663619486795,0.02720657770811374,0.09194606651778157,-0.015341532616134438,0.17196245647642808,-0.009502405755565213,-0.02208847368906651,-0.08855345354176793,0.08538519007087376,-0.2802032753221524,0.2990055979402862,-0.48524721352475636,0.20077296873012376,-0.40348162340535143,0.0,72.0,0.0,0.014583333,0.014583333,2.0,0.0067646240554606685,0.05567169791659046,0.039725265943595926,0.054687260200241276,0.007018017238261427,0.05623185914843148,0.06777459958781112,0.050226293380379324,0.07548044026939654,-0.00808558884972759,-0.048083263464778626,-0.041777063224125104,-0.046576054398373604,-0.06171249881759931,-0.02697322624844357,-0.11825035523488864,-0.08074020126292021,-0.0894896922459767,20.02322782845798,67.0,0.5868645448080684,0.008574828,0.008574828,4.0,0.0058140826353051435,0.03310394745012548,0.045281770741918796,-0.0009907383452167455,0.09370084499642665,-0.0023052649673156273,0.06402778190960198,0.07997705885211101,0.0750348643087385,-0.009731748242858395,-0.04015971611241635,-0.07842470209898159,-0.004053277831695635,-0.09470597372533254,0.009180023805583875,-0.09424553838762989,-0.023730021752759043,-0.04368434820894242,33.80440174808326,67.83333333,1.0874623999477793,-0.000742686,-0.000742686,6.0,0.018863887228339347,0.05721848996255283,0.017645271446334026,0.05202683865559157,0.045834959602354695,0.0011760140405791993,0.09731237650243348,0.025873788021565838,0.03930234069023236,-0.009644074446647125,-0.05666797121163028,-0.001186303332452057,-0.08818817942031613,0.030561104406252294,-0.07851715188374568,-0.0033104288423807184,0.005924802990174165,0.0032350473680872825,41.94417930534765,68.666665,1.2784038427903177,-0.000380952,-0.000380952,8.0,0.01807293437725229,0.06484710401191668,0.015827020852706097,0.05151085077242162,0.057556413521070916,0.001395767726021858,0.09521431187151924,0.02885699509751548,0.036661258490290914,-0.010783187536273666,-0.046943806483549434,-0.0008950668386065251,-0.06489857206961303,0.031422468246734996,-0.08193727501155722,-0.003621507951451163,0.006422774454799708,0.0027663243369252175,48.8654744018579,69.5,1.3420698296469014,-0.000380952,-0.000380952,10.0,0.03349124758029019,0.046434477497726404,0.03637483038375882,0.018058763581690607,0.0714029468734962,-0.025655967921509096,0.1015269818027415,0.04195554389264172,0.03820405932965762,-0.009725101244319523,-0.07523303364995639,0.07417215359614615,-0.19802454685511675,0.15965880653372527,-0.17744084119547585,0.0729824505608911,-0.03387688759459726,0.011783191296470803,55.31917777707903,70.33333333,1.303538721210892,0.0,0.0,12.0,0.031613806036681874,0.037676485799973465,0.033286214238964676,0.016090179874093582,0.10442630714097732,-0.024338501824214948,0.09050983928064948,0.04692485668724138,0.02579340539035725,-0.01379828866872306,-0.1020635096548679,0.06675758931247468,-0.18450020864664685,0.13595261941329692,-0.14276304953876162,0.05335969248986405,-0.050795358814313435,0.001999955034305408,60.71672589957839,71.16666667,1.3580379761056194,0.000126984,0.000126984,14.0,0.027788474301222298,0.041003068473110034,0.028548187502794843,0.04210108590323183,0.06330008613309357,0.005721654741760617,0.06977939610854637,0.05312806238422835,0.02397182927171287,-0.033973894760597624,-0.05209583470669502,-0.03457390927075852,-0.047214891560058814,-0.05781973597644272,-0.004897813205963879,-0.05904754927227431,-0.06834241555900884,-0.022755489580294802,65.85435101434847,72.0,1.3643626165038167,0.0,0.0,794.6240858582165
0.0,0.012673738161272218,0.0755153076035685,-0.005307049961413508,0.10630645751687513,0.013069356044367724,0.0278837957273136,0.10767290899811827,-0.018822071037635283,0.16158898245924724,-0.011429989576176148,-0.015676478835998934,-0.08162591917921193,0.07941860238536237,-0.2544409052980597,0.3180938356805284,-0.4936457246411474,0.1639988370722316,-0.568712769857558,0.0,72.0,0.0,0.014583333,0.014583333,2.0,0.00836647428527233,0.05653637465187172,0.037517901595452256,0.06031168475202462,0.005425643443156352,0.052355762575023904,0.0570965189202156,0.05962474444772214,0.07775082247199191,-0.0066354292088668335,-0.035858655247973756,-0.048788494724007064,-0.04892207936556079,-0.07025519603099303,-0.02750666634221141,-0.09863704337704536,-0.11517445120745563,-0.10499889472713134,19.827900574672633,67.0,0.6573319603880657,0.008574828,0.008574828,4.0,0.006181877603791983,0.03299449570363463,0.045653203320206136,-0.0007246548846454304,0.08665196245614566,-0.0029118501872899987,0.08642757493499643,0.08409682964311754,0.062037070586444344,-0.007785645192424995,-0.05208343486931583,-0.05835764043629656,-0.0040374778852692765,-0.12028623538442387,0.011535729555451617,-0.100095678487627,-0.03236339511701987,-0.05213160748362408,33.721049003917,67.83333333,1.1660089993975433,-0.000742686,-0.000742686,6.0,0.015753694708531343,0.05548065211518414,0.02163579287999052,0.06378030782128773,0.046133984855501284,0.001438175605910631,0.10760851497646193,0.035626301979442915,0.050510214777196034,-0.010706134038229034,-0.054115193771926945,-0.0010815142027632931,-0.07256328475969864,0.031653229635991924,-0.06977104740035464,-0.003436232301295038,0.00601013920277074,0.0031632264188968164,42.07093280814569,68.666665,1.2938999718365203,-0.000380952,-0.000380952,8.0,0.016356348268929576,0.05536294486984589,0.020390716028174587,0.06276654745569783,0.04092818781378458,0.0014246129724238528,0.08834186906921392,0.026779064088317307,0.04132999870763337,-0.010889860167650598,-0.04826552145661327,-0.0008212398467211901,-0.08721617406538508,0.023567438668478227,-0.08846711976208747,-0.0037380625461854067,0.004706054599627494,0.0025459679544640942,48.95422417449945,69.5,1.3238717104277604,-0.000380952,-0.000380952,10.0,0.03190112213891669,0.040639955308598485,0.04123068447147143,0.025466800877783344,0.09927444422652505,-0.028378080611623998,0.0868627542879288,0.030641523398218313,0.038058743603461544,-0.01057645856090176,-0.08680712244724319,0.05613247966041537,-0.19156834421848992,0.18458396130030463,-0.2101485560994035,0.07197334737381218,-0.03542135137761436,0.01007055122300757,55.342468229324375,70.33333333,1.2774336848044483,0.0,0.0,12.0,0.04009351637558995,0.041059624797638083,0.047343662347266474,0.01894329450118938,0.07682655224528882,-0.02311551772445284,0.0883215792484889,0.04233477820856875,0.028853130328285185,-0.014883972586474496,-0.08068060167975341,0.05775185343091936,-0.18113230737474012,0.14507497888081827,-0.17627055675274209,0.05159789568874467,-0.053339454447333644,0.001768430012496096,60.72606756389198,71.16666667,1.288713680178335,0.000126984,0.000126984,14.0,0.03185504204656074,0.045118756037944525,0.03463157916194578,0.04997055673899804,0.058685976049967455,0.004722507463323686,0.077883514867141,0.05651936478064146,0.021611684781643326,-0.028613916282740338,-0.043947212683544144,-0.02744975805292392,-0.05241540134871311,-0.0657819342186976,-0.005973242551064056,-0.0778066044255181,-0.055604126547896066,-0.020934868510933378,66.04183433211473,72.0,1.3687417179048391,0.0,0.0,658.7632368663639
0.0,0.011172892586319675,0.0699183471689092,-0.005962336737375708,0.11460086338305796,0.012986522712544907,0.03102006924743773,0.09955757096866909,-0.017327138964003095,0.15517856585533846,-0.011540851369379648,-0.015681439127936566,-0.08294875013946644,0.08056007865867625,-0.34822033359678883,0.2915645842012965,-0.3981549863077601,0.16887687224739772,-0.3989758437422205,0.0,72.0,0.0,0.014583333,0.014583333,2.0,0.007602884395099226,0.043771666211934124,0.039588684602955455,0.06649945644212145,0.006690574650232727,0.05050680829810325,0.06624199988192969,0.054767928804121895,0.05607125585184918,-0.005849289043484505,-0.042139774999668075,-0.04188245879331752,-0.044958617554121984,-0.06365581621038298,-0.0282753369788737,-0.11859520006874961,-0.11241909986649694,-0.10687500595187838,19.915465324923368,67.0,0.6535847471147953,0.008574828,0.008574828,4.0,0.007118713544680625,0.0258643411363592,0.044705404724212854,-0.0008801541048886059,0.08387586785291808,-0.0027371039326751366,0.08414539988117382,0.059420181003494985,0.0577509225970175,-0.009558715775843012,-0.05392288140150865,-0.06641792595273234,-0.004000817815527308,-0.08527484933902334,0.009343435419228002,-0.08259082682475412,-0.0333152979997844,-0.057725720525906986,33.86518879388299,67.83333333,1.1967533928083272,-0.000742686,-0.000742686,6.0,0.015034898247164663,0.05748536980239315,0.01762975537258442,0.043734597596379106,0.04696705738664514,0.0010876384019163632,0.085391318884681,0.033377400311772415,0.051830401069533634,-0.009826124232205016,-0.054196834869640144,-0.0012125993837021393,-0.0636979591801769,0.023034375416161348,-0.09020174089311091,-0.003912915063913619,0.005451889779821221,0.0029607148538071076,42.2065847388259,68.666665,1.3414549461856715,-0.000380952,-0.000380952,8.0,0.0156582336671833,0.06768336846628191,0.020910415343733696,0.06034051584467719,0.05418295684500155,0.0010913320753927927,0.08887321286444921,0.027128138785271063,0.0428977581639155,-0.01063666560853709,-0.050922896933032945,-0.0009251621479375243,-0.06920988035999914,0.023560469008725958,-0.07420985506229232,-0.0028783345233183272,0.006110096689321993,0.0027401530815015797,49.16690975885675,69.5,1.3890263291188987,-0.000380952,-0.000380952,10.0,0.03611034715365437,0.04668537903266083,0.033103252981027884,0.023612721981652218,0.09008540006484819,-0.021004133735436317,0.09540909858941113,0.03972212872819567,0.03479955441631813,-0.008473117979759751,-0.07388891611587034,0.08193227485141179,-0.18811237370701653,0.15662738356381592,-0.205954232794288,0.09480116940884534,-0.03961368712423374,0.012554326337961231,55.20382092948449,70.33333333,1.3513665760995777,0.0,0.0,12.0,0.033577416626504104,0.038683453760819705,0.04859229454989047,0.020495085972882368,0.07695330401775814,-0.02497972987464357,0.07175502490177463,0.04444158543384343,0.02972610246029553,-0.01728187768644079,-0.07019017123718367,0.0701476810055467,-0.15904931530937175,0.12829158895887346,-0.18506341816394548,0.06259959130810797,-0.056339010338406464,0.0015312685625658725,60.94992994397268,71.16666667,1.3065593001328235,0.000126984,0.000126984,14.0,0.029094750340377687,0.035880220820926616,0.03626601233813363,0.03621839884080092,0.05564972665407335,0.005409992853082611,0.06108561693022403,0.0698462194729482,0.023557695791295533,-0.03324207586862599,-0.050683229521061815,-0.03183830279584439,-0.04311126136198922,-0.056825548740949486,-0.0055312255600460875,-0.08267555755731619,-0.07109224584384434,-0.018814592404592274,65.80113116842256,72.0,1.3249575653754257,0.0,0.0,530.7015318575823
0.0,0.012595995741618356,0.07133389100260212,-0.00473570976278355,0.12194185333441164,0.013849827955082964,0.032033289739183984,0.09919596151782417,-0.015148184832597117,0.17033019166313737,-0.008052135767508158,-0.015842842338347016,-0.06507592122014712,0.09455491126162935,-0.33594750964081194,0.33829679636373433,-0.5077484847634038,0.2019895994037032,-0.5365075806067076,0.0,72.0,0.0,0.014583333,0.014583333,2.0,0.0071165643511085595,0.04455726056448991,0.040425693591825136,0.05555692283810628,0.005550666326702712,0.06663150361768251,0.07322946581699508,0.04890678984525385,0.05523319910130265,-0.00711077866757196,-0.04639839792134636,-0.04331721140849837,-0.05685911434942227,-0.060600741323045194,-0.029120454481540534,-0.09629998809818947,-0.08414513618987907,-0.10829288930227558,20.07570790719425,67.0,0.5654253942512436,0.008574828,0.008574828,4.0,0.007240608158093717,0.026555756172117414,0.04883120316620451,-0.0008920853931682907,0.0677137635609319,-0.00263580498868807,0.08042136346800363,0.07526851356193674,0.07522137518880437,-0.010372986210204863,-0.05142969910299871,-0.0557253452699924,-0.0030730932285315225,-0.1091655702012896,0.009695688657256998,-0.06878020960563362,-0.026120426770290896,-0.04403187396567112,33.73897490909684,67.83333333,1.1210293472449886,-0.000742686,-0.000742686,6.0,0.021941586221157366,0.04892335584918559,0.019633506803675697,0.06267620852803789,0.0594001889874769,0.0010109826270095395,0.09834606093209293,0.02597382339001154,0.05112149459068558,-0.010497218849860929,-0.05731068054093239,-0.0012033552830977628,-0.06956844602303755,0.03153555442782765,-0.07928385247822312,-0.002730377594784155,0.006535138028125735,0.0036268927822998022,41.98100671951867,68.666665,1.3458634834520997,-0.000380952,-0.000380952,8.0,0.01636995965507728,0.06233245058047189,0.014825353746079056,0.06506454676270815,0.047592806483501116,0.0012650831172952856,0.10149013738023879,0.031051960072444908,0.051940937071871356,-0.011061197125386927,-0.04115686498983035,-0.001057033333148987,-0.06837699678056915,0.030388063977953447,-0.08830982161240972,-0.00342577814356632,0.006670821620335031,0.003501559347250044,48.893033104593044,69.5,1.3976668080013723,-0.000380952,-0.000380952,10.0,0.027162651013184425,0.040891430300120275,0.04054607180650261,0.020549517553155313,0.07480000733017346,-0.027527651584902554,0.11379336789455363,0.0353945155046891,0.0344188510926859,-0.010933022071287036,-0.10353663146253038,0.07252340422130628,-0.16411410627135972,0.17980405093607602,-0.18523795184931582,0.09278192397967235,-0.04047192042143604,0.011256600115985263,55.33822761333359,70.33333333,1.37892570591147,0.0,0.0,12.0,0.039097613869670776,0.041132463469099344,0.04620791376468137,0.01624317292283384,0.08266580364562531,-0.0283503875869524,0.07819436418802975,0.05586903803178334,0.023913997484532816,-0.01878608155945189,-0.08746101825788055,0.05334787035087204,-0.2139957641688634,0.13420982344318777,-0.17250580308506025,0.05071629165840701,-0.0577505253585738,0.0021009936472146224,60.91603538569038,71.16666667,1.3404774215805517,0.000126984,0.000126984,14.0,0.027143821544981243,0.04457227166578007,0.02671599217525827,0.05197150407386724,0.05903523929326275,0.004466368242281233,0.06741901945780077,0.06648983472454566,0.02094121517778389,-0.03340091249837551,-0.040326263509301664,-0.032497957217370324,-0.044863760979845624,-0.07199519416536886,-0.005761568844185775,-0.08433605987002125,-0.05782438550722185,-0.018809743788340445,65.99986963198378,72.0,1.3398669097770954,0.0,0.0,685.3540401932103
0.0,0.009364515779434793,0.07925323883959193,-0.006177567923166405,0.10263697685064098,0.017359429484930192,0.027593466789679524,0.09085888060647115,-0.014813325569922103,0.15553723779227224,-0.008204240142827468,-0.01847211874602171,-0.0829624790616764,0.08829286443714043,-0.36443769947008253,0.2944217664510606,-0.4826815004473498,0.19097025840248266,-0.5152771663180318,0.0,72.0,0.0,0.014583333,0.014583333,2.0,0.006542491258543878,0.040810261090743906,0.04754006360891229,0.06258708295560152,0.0061400409315062075,0.048129514713228766,0.055153051564334095,0.05780648115918793,0.07851894791316193,-0.0073329677202182515,-0.04051502490408125,-0.05065588532669761,-0.049029736176197526,-0.053417993323781714,-0.03405911982006363,-0.13433107096636196,-0.1171873259628948,-0.112988296470559,20.088846841399988,67.0,0.6606474599659742,0.008574828,0.008574828,4.0,0.005639386194040597,0.025597171774181433,0.047421362510754184,-0.0007216076943492514,0.06554406702158323,-0.0021155838585915528,0.06534639086518018,0.05864020584676933,0.08202188944355128,-0.007442727555146494,-0.05496342865233065,-0.06932191498442271,-0.003647821913357864,-0.1105199162479407,0.01251243176183241,-0.0902730586788881,-0.027383392528667314,-0.06008122519266041,33.825130473115436,67.83333333,1.2167327719061898,-0.000742686,-0.000742686,6.0,0.017355339771876338,0.07183305038011233,0.015384102755710042,0.05034049984287297,0.05481567982737522,0.0010033735400565937,0.0758481154369194,0.02808140674901652,0.038552416136648886,-0.012133652246486097,-0.04441537811130535,-0.0011270351503003093,-0.08043960531235088,0.03315885649497799,-0.07758694820005697,-0.00392276404920075,0.0068502206090503715,0.0027266044381132645,42.12213841775953,68.666665,1.2902193156528645,-0.000380952,-0.000380952,8.0,0.01843268624067361,0.059179037916597475,0.015210709705692835,0.04453889388618984,0.05323410400488983,0.00125726122778048,0.09573978939829969,0.03132452437794163,0.03897147538862689,-0.011753931966482903,-0.04554736252389478,-0.0011091661667083999,-0.08750878674778986,0.026092695462800727,-0.08884412880685669,-0.0032466925871168497,0.006255341083601061,0.0026835143024884177,48.996690478434886,69.5,1.3500851250910526,-0.000380952,-0.000380952,10.0,0.03255562258251731,0.04575549701134733,0.03170359209111949,0.02098816751720456,0.08585225580995456,-0.023696462598524495,0.10507459808103455,0.041771834505607376,0.03292731569224219,-0.007826474561676462,-0.09385958382336555,0.06396954159810912,-0.22281148837353296,0.16114257725062367,-0.212336441590341,0.09403001938908027,-0.04034859727122748,0.010811308383748532,55.1603173147298,70.33333333,1.318480268087404,0.0,0.0,12.0,0.04087778211308571,0.04572990986432944,0.0391443504839854,0.016255768357478176,0.10112851352497203,-0.025792047471499036,0.09832266665328011,0.04772441434580511,0.030283332427313833,-0.015725631277040308,-0.09823078160538415,0.05235944499780825,-0.14753145987538796,0.13645376948104443,-0.17516560064958525,0.056458216631672824,-0.0642820800888144,0.0019560549885336877,60.890586418899886,71.16666667,1.3087553720605432,0.000126984,0.000126984,14.0,0.03514399395171333,0.04668704674423874,0.03594073102697315,0.036408334722205525,0.0787669467782106,0.0048951514554499065,0.07707193664377815,0.06400790835611661,0.02596077940437426,-0.03220751327268898,-0.04510464273360176,-0.030435786486911927,-0.039278935892355475,-0.06973017361090399,-0.0056963736950933755,-0.08257068850988736,-0.05529017493297394,-0.025258522711692103,66.10641663500624,72.0,1.454388692331996,0.0,0.0,633.9330180406346
0.0,0.01259664492540408,0.07096468711710144,-0.005325441868735623,0.12307283852647113,0.012863820014006476,0.025586290801185844,0.10662948099959581,-0.016453981472996634,0.12663554555295667,-0.008885760701844478,-0.019494267471902922,-0.09318664331096126,0.08583835150280719,-0.25839854490883213,0.24826797237475692,-0.46295048579153536,0.21580745246175523,-0.5507519838445797,0.0,72.0,0.0,0.014583333,0.014583333,2.0,0.007398486203545111,0.05534757683595579,0.04881305360033481,0.0698728215864395,0.005812456897175599,0.06303979296184577,0.06491605480174353,0.0588788486767122,0.0775221795579325,-0.006080355092933648,-0.03846079937925894,-0.04903999332416768,-0.041287085541313474,-0.062371654150292874,-0.022999169048538572,-0.09756155840704298,-0.09484071704817633,-0.08981296952427566,19.93163939372264,67.0,0.5185550000133087,0.008574828,0.008574828,4.0,0.00531229869131695,0.02687281108031462,0.05235721559725861,-0.0007826877237585202,0.09296788019046227,-0.002928814482839822,0.062442700737732226,0.07575336675494443,0.07957894104279656,-0.009417476619014655,-0.04751149840523852,-0.07813893357096387,-0.0035797187406922666,-0.08877096769070207,0.01312336779405043,-0.09230487678896247,-0.02503729638375751,-0.0497309904227534,33.851803040019135,67.83333333,1.2093542394891896,-0.000742686,-0.000742686,6.0,0.015254720428644925,0.05902531063247612,0.01591129901758971,0.05366874243973374,0.05064312872717123,0.0012489046335032634,0.10474409858462021,0.03420933522271525,0.046732753459734114,-0.010668276922134423,-0.04057198695966576,-0.0010104106039572995,-0.06430459924831461,0.03312807635214957,-0.08791983097350521,-0.003468505692162304,0.006225747841573443,0.00287312341927848,41.94921453163304,68.666665,1.3652317326420391,-0.000380952,-0.000380952,8.0,0.019448386794602347,0.050926447605645374,0.017930853608357313,0.0540632530916041,0.051495001699456894,0.0014288654083214572,0.10414841261550092,0.034919073291133314,0.05354351720367948,-0.010886857326815508,-0.04113823922091877,-0.0010057371981785819,-0.09318518659454264,0.03342619802232639,-0.06907701327681422,-0.0028265634149253712,0.005217860839690209,0.0031194420645379627,48.922293667643714,69.5,1.3730227471928929,-0.000380952,-0.000380952,10.0,0.024743176811283952,0.03964489163831562,0.035803386259509934,0.018832704468029385,0.08211959188119565,-0.022663206716940772,0.10280204328375807,0.03500377514439443,0.03249394324441236,-0.01096222439997035,-0.08668273173081807,0.06199907407203379,-0.18749513312560584,0.12930265653098247,-0.22524458369053382,0.0771007216663187,-0.035889537882753564,0.01049334504507538,55.11011309862446,70.33333333,1.348919606848322,0.0,0.0,12.0,0.029106290462928352,0.041079325266523914,0.03509493769398893,0.015030621418369668,0.09189431933970706,-0.024326799439255958,0.09412840538177449,0.05061871505989029,0.029597139863173375,-0.017244775413811544,-0.08499721056255197,0.06929642679910832,-0.17113120035545282,0.1426149710655168,-0.17612258691877608,0.06367440593889892,-0.07011278144756752,0.0018391460508236596,60.959673240412684,71.16666667,1.3309830407767387,0.000126984,0.000126984,14.0,0.03445391651752703,0.038264613087692884,0.035418671781836976,0.03881249891573776,0.060906617451987756,0.004966524535348872,0.07603440914645712,0.049039743012764314,0.02381255900713753,-0.027724063049793066,-0.04055237489280007,-0.02768488864055219,-0.03798310296381437,-0.06450959285635359,-0.004850280691986337,-0.08441321530725775,-0.0712632847703763,-0.024640723960939283,65.88102576333684,72.0,1.3866873566464242,0.0,0.0,608.4496407660318
0.0,0.009516641803531426,0.07497079373862003,-0.006679322446528401,0.1002122120269617,0.016717748203969658,0.02495649264134063,0.09306839394169432,-0.013811122482786074,0.16673819976216764,-0.008198659253995181,-0.019685411135840984,-0.0883920212032094,0.08835924482227903,-0.33058641483231593,0.2968076496393772,-0.4529341202996177,0.21713763446388293,-0.4781305993463848,0.0,72.0,0.0,0.014583333,0.014583333,2.0,0.006772461625516454,0.04984077580753961,0.04993118867490449,0.061674714508400695,0.0052725149108226186,0.05878388318907987,0.06881344091959964,0.05487136550859292,0.0787349779182597,-0.008371532895088182,-0.04557926821257363,-0.0441744099185602,-0.03960617521317707,-0.05422984925168303,-0.03256644489843237,-0.1214951217057409,-0.10264056446332853,-0.0952618263034808,20.199374179850896,67.0,0.6330507958147937,0.008574828,0.008574828,4.0,0.005902616939066244,0.028211557290588617,0.046818897553848854,-0.0009464281152929954,0.08282092852413078,-0.0025543157847045758,0.0763871356529486,0.07974545574222329,0.07707488331596314,-0.0075373798254431395,-0.054374180655849785,-0.05975105271704877,-0.003581687935661768,-0.11952740988302833,0.013534066205421715,-0.07004605449279752,-0.025744827571204696,-0.043952503947277746,33.86158293448485,67.83333333,1.0857394168756835,-0.000742686,-0.000742686,6.0,0.01740211618502936,0.05960632887765848,0.020226279476535273,0.05993350835404923,0.05303755965255158,0.0014165475432471198,0.08437716356610178,0.03732899283561427,0.04591912419649063,-0.010445389086283069,-0.05184748373980052,-0.0012170170219818256,-0.06470416590637154,0.023769594929223523,-0.07756168113095052,-0.0031630296516150353,0.006879097839625679,0.003107955365082305,42.02913386001838,68.666665,1.2771529316741295,-0.000380952,-0.000380952,8.0,0.019369430638545376,0.061407392536805785,0.014932341123299551,0.05848780461341791,0.045504577816439185,0.0010881291476725796,0.0826168971466484,0.026325201833800126,0.045841962742529135,-0.009799603264215665,-0.05598574857614548,-0.0010006514118340371,-0.07294185715161909,0.03077785842923075,-0.08392850389423977,-0.003483656733046506,0.0059489309721384,0.0024433891290879897,48.993787837380694,69.5,1.387578838517515,-0.000380952,-0.000380952,10.0,0.025946948579417473,0.05408825316510823,0.03729843926348167,0.02210776467664551,0.07749041480986861,-0.021021317633065296,0.10597358760178902,0.04047550522581622,0.03562601485565774,-0.009782174823903271,-0.07421594587600233,0.06534516310965291,-0.21123463712728094,0.17243264426275556,-0.1849464541091327,0.09199113316319651,-0.040734348343101454,0.008917245653699106,55.280758424415644,70.33333333,1.3717919730528045,0.0,0.0,12.0,0.038917484938339235,0.03990711482127884,0.04053421679539265,0.015002164602520981,0.10165239376991356,-0.02564400073909375,0.07231643041912415,0.04586338975001302,0.023519045484327736,-0.018855036674394778,-0.08688472357767789,0.06205713325414059,-0.15709763297568186,0.110810449643835,-0.18878461546354555,0.05704018035454203,-0.062007539511635186,0.0021841801576194535,60.935614513456926,71.16666667,1.3618729200825646,0.000126984,0.000126984,14.0,0.02829890304765534,0.05192321146984758,0.035444120675051316,0.03955082064710517,0.07807559099542068,0.00478724631003348,0.08177287217797638,0.06739281131595687,0.025525594089141245,-0.02609065127057328,-0.050315511423699735,-0.02561382306744074,-0.04935375603350337,-0.06736636888393466,-0.004633638368311186,-0.059999355498683724,-0.059005954006834484,-0.02691730563078995,66.17900884424931,72.0,1.4362956138355578,0.0,0.0,648.1138098006537
0.0,0.012516147364209092,0.07465930329506049,-0.0050602883270928125,0.12739199515769187,0.016685821197069666,0.026595223525670942,0.09232734731273709,-0.01531095786078758,0.17175190943898733,-0.01057115544889987,-0.019050324409024693,-0.08968261984966482,0.11129827905822712,-0.3501623881947682,0.28584128233249667,-0.4002124077750193,0.19082437817753595,-0.4479374300352373,0.0,72.0,0.0,0.014583333,0.014583333,2.0,0.008931089052616048,0.0436814884192,0.03635291718182762,0.0541229822628617,0.006292671094690984,0.05523802735705376,0.058653287890521294,0.054039344841154364,0.0647787400505058,-0.0072352383532737555,-0.03655136551739628,-0.04582998531348232,-0.05304775753747825,-0.05370823022157324,-0.023133652510849166,-0.10242351240210071,-0.08733951092506297,-0.12919474155577415,20.163896207951584,67.0,0.5486082913997163,0.008574828,0.008574828,4.0,0.007103767520972728,0.03112411102941133,0.04606928036945744,-0.0007392137102378747,0.08740581709018214,-0.002611501720776309,0.07947077753995058,0.07369777090675758,0.06813759251734697,-0.007452168823033138,-0.04361557956917333,-0.08263586714120183,-0.003985880490947033,-0.11058515961149025,0.009612499062604345,-0.0822128583611774,-0.03153840360890177,-0.0510416624338692,33.75250572190169,67.83333333,1.086163987781267,-0.000742686,-0.000742686,6.0,0.01943318685845683,0.05529271723094622,0.019150048913992867,0.057259334981817185,0.05228999499676045,0.0013820004003640895,0.08024749313504283,0.03351229529968772,0.039258460963659404,-0.008916364283218979,-0.051492616081899124,-0.0009886771365220787,-0.07278066943641327,0.029736596916557813,-0.072465646691513,-0.0033292233781964773,0.005847674964788844,0.002540658402978504,42.15647581065008,68.666665,1.2976279454848145,-0.000380952,-0.000380952,8.0,0.015125363198312734,0.06230575597682292,0.016033748373467556,0.06234660566425208,0.04369766885782669,0.0009666722083290396,0.07965564896954191,0.03010661179938538,0.05203536079414071,-0.009661932260293198,-0.05722761893546214,-0.0008584560237404457,-0.07797202304336508,0.02607446606430488,-0.07165125893411133,-0.0029530655068339506,0.006603612876223737,0.0026100577257804633,49.071753884846814,69.5,1.2891835126565676,-0.000380952,-0.000380952,10.0,0.0361945632482297,0.044961633356775874,0.039047012655001705,0.02065467933865575,0.0832060679545804,-0.026032454758091083,0.08033133449059396,0.03430412764806189,0.032690131216956075,-0.007607856020402703,-0.07851826115215667,0.0603474250388955,-0.2217369248373123,0.1506238338395253,-0.19319496462011723,0.0749493781300013,-0.037369996041418684,0.012074480907835715,55.23624228221329,70.33333333,1.2512526259503953,0.0,0.0,12.0,0.03911020353044302,0.04185968225226147,0.03694792981021424,0.02037116248302008,0.09900990328668477,-0.025418748204246867,0.07967752348032707,0.04418004860024415,0.02631344273189374,-0.016589940595467027,-0.07400621282377193,0.04826774524269548,-0.15760779905700048,0.1278625965832277,-0.16535059814511183,0.07292040367486932,-0.06847730571389063,0.0021518964815525976,60.7846393451708,71.16666667,1.2702708700861893,0.000126984,0.000126984,14.0,0.027989957673748428,0.045066964971108306,0.03646577132072677,0.03604451299476736,0.05600457106493375,0.004746703165917352,0.06778043129131722,0.05221607936103682,0.022594317988026233,-0.035624552428198925,-0.04648274488711255,-0.03537503418016406,-0.045802973744126806,-0.05798225102742309,-0.0048487560248232486,-0.061236684192657403,-0.05394396493156274,-0.026261923399145577,65.98761251046417,72.0,1.3954642209969341,0.0,0.0,563.1190538606423
0.0,0.01167658756090518,0.06780238045301276,-0.005789739826214939,0.10972673719178297,0.013100568874683041,0.027470384859581382,0.10314692094044736,-0.013381672021462076,0.1863028083922291,-0.008685232616587631,-0.021599393070444915,-0.086140612590368,0.08965116297915313,-0.3520995599682286,0.3209589577794237,-0.5217072879673516,0.2215252017686188,-0.5620398155071573,0.0,72.0,0.0,0.014583333,0.014583333,2.0,0.007659588654650476,0.05568658065417841,0.04063265039218912,0.06832982813854258,0.0060603196497548,0.056207870635070524,0.05111195640387667,0.0657487418291691,0.05610868228181382,-0.008157099697022635,-0.051684531490799844,-0.040434392792382076,-0.041249714869442046,-0.062007561116018586,-0.022924877705618803,-0.1368072087704583,-0.08571498509372083,-0.1251748916552344,19.858669161832694,67.0,0.5077214024815804,0.008574828,0.008574828,4.0,0.00692055380862582,0.034566237936255476,0.04546453213836784,-0.0008277884000130824,0.067524603568868,-0.001968340692259874,0.06643730309367063,0.07842464614004663,0.06880949549505222,-0.009899658918699216,-0.0503121512812446,-0.058314993474157875,-0.004184245499053259,-0.10388917444255069,0.009401736923241831,-0.10093484037344216,-0.02847129755821168,-0.055856937471537575,33.79630937740944,67.83333333,1.15541596529566,-0.000742686,-0.000742686,6.0,0.01798080586720018,0.05689947871596592,0.016279997150076244,0.04408958226439401,0.048674500320573584,0.0010209349538080864,0.09635412784858269,0.029378047839625398,0.04832200519929135,-0.008850815845906667,-0.049597793601301884,-0.0010042667979327697,-0.06591074743224375,0.02434840401203351,-0.0710669715324658,-0.0035069271086833023,0.005577728252017198,0.0027069188468197745,42.194056084141806,68.666665,1.245452689268647,-0.000380952,-0.000380952,8.0,0.018310650904098297,0.05045145419809905,0.020559459437378833,0.04515265330491345,0.06066199187538248,0.0012226318790281322,0.09670989509976423,0.029559277594219554,0.04394217486983031,-0.009604910510513352,-0.04816737732628268,-0.0009376102138346276,-0.07694343109067604,0.030673597039755463,-0.08567221748295314,-0.0035600537842433054,0.004805961997000364,0.0035561863918253415,49.08403311085935,69.5,1.2367743884125655,-0.000380952,-0.000380952,10.0,0.030631205712914358,0.050339084250346444,0.03168213362256639,0.020510385228273555,0.07987211121481257,-0.02237021972253162,0.10530700038652709,0.041359132353619946,0.030993203096786572,-0.01056134848088153,-0.10220401610230163,0.05720076786103558,-0.22962339635351733,0.13752645782055573,-0.22445709177281886,0.0844114377795401,-0.035428628278168776,0.008866817891578263,55.193675788348706,70.33333333,1.2903658336544923,0.0,0.0,12.0,0.03985254375855599,0.03959400267370961,0.04665297287905576,0.015473231649148178,0.08836240425412759,-0.0269329500843304,0.09624187307132517,0.052444791572816084,0.023393475990118935,-0.01623913891490644,-0.07462718562395965,0.06487027558729241,-0.19789370071939621,0.12267353410875333,-0.1702871670661314,0.06543507798675613,-0.06656266283879252,0.0019176578291550954,60.94296044809181,71.16666667,1.350422026507164,0.000126984,0.000126984,14.0,0.033914500792084266,0.03856909994722568,0.031476943103652975,0.04479350111774878,0.06637493623590021,0.006088118025890482,0.0666181886252978,0.06834434206782376,0.01977643498950172,-0.034078079411819076,-0.044447562739337976,-0.036501768849337625,-0.0436776659099194,-0.07269059559508496,-0.004498205150298694,-0.057551998714092625,-0.05904305998471435,-0.02554195209292145,65.92988905123492,72.0,1.3113898374575848,0.0,0.0,677.8869712730409
0.0,0.009462284848532145,0.08019287958995987,-0.004465438276987819,0.10406453990235638,0.013190526681868084,0.03176522345185692,0.11157740077050146,-0.013349849393044268,0.1736518036355386,-0.011162752234285044,-0.021514892621613102,-0.0910207265969921,0.09881979100996831,-0.24367964773379347,0.2920471494601664,-0.466547858109243,0.17944453956989206,-0.5363821681768374,0.0,72.0,0.0,0.014583333,0.014583333,2.0,0.007189129326992993,0.04054714947202808,0.0464751354142079,0.05537164148445526,0.004979849775948286,0.06931078541102591,0.05813971240706725,0.05563632069561677,0.055423736100284754,-0.00715777436810343,-0.0501745587285179,-0.04391480608968991,-0.05099676993609323,-0.06856712018114161,-0.023085508743655406,-0.1306531879731718,-0.11213751906650943,-0.12209414868967687,20.192285288033297,67.0,0.5598043582675926,0.008574828,0.008574828,4.0,0.006522851341351302,0.03230424820173996,0.05624434862130421,-0.0008614276902026729,0.06919465390595343,-0.0029095219332216306,0.0806662848778719,0.08397275343528324,0.07091203466679498,-0.008585915182273486,-0.038992522768277645,-0.06767900669152196,-0.0037072326795854252,-0.11770032126578682,0.012217776015213195,-0.0810906370039536,-0.025679494737697407,-0.05182010641927304,33.91910479856207,67.83333333,1.0987735277302344,-0.000742686,-0.000742686,6.0,0.02191026696474327,0.07026795851169022,0.015794350668200504,0.05872247786902832,0.04295821066148603,0.0009867721155963005,0.08491353459923148,0.037362198234251874,0.04079871823697617,-0.01221795720508496,-0.056268936343777574,-0.0009386530666524901,-0.06903375257938792,0.02780497722618079,-0.07712139181738567,-0.003792382378162534,0.00597068743652329,0.0024249784885125494,42.1266094236286,68.666665,1.2909975312453423,-0.000380952,-0.000380952,8.0,0.01566206510453221,0.0539069009755552,0.019864562064560665,0.048447798543560544,0.041868541811829134,0.0010136692530815761,0.10028664482302042,0.03091296374768137,0.04381131762499919,-0.009033760252889062,-0.05940844553658832,-0.000956389675299535,-0.08292661124434435,0.02626224668744012,-0.08257307762498854,-0.002847836607318359,0.006981282751874996,0.00292514044892649,49.12215359149015,69.5,1.3262431116282432,-0.000380952,-0.000380952,10.0,0.02742344868560823,0.04490162678210591,0.03733271789408001,0.019941375567087322,0.09577785147313937,-0.0222488319741271,0.09618113631243062,0.030736455183976507,0.0317494438413028,-0.01109784458606818,-0.09870120171124301,0.07599853699645073,-0.19126225633393645,0.13551064767012896,-0.16616945214481954,0.09147425264354078,-0.04058358621908504,0.01118945443730658,55.15755252453538,70.33333333,1.2788874979402816,0.0,0.0,12.0,0.03139801960982465,0.04298998177533118,0.0479556568557585,0.01757588639056033,0.09012935346404616,-0.026708412145995414,0.08941464098696704,0.038697335282602593,0.02630584796671838,-0.015369279867274335,-0.06922384914720084,0.053795750356334104,-0.210808734098485,0.11038843889843138,-0.14492428376988153,0.05161564586783792,-0.05240630430538227,0.0021568149482496593,60.74826578533569,71.16666667,1.285249002538634,0.000126984,0.000126984,14.0,0.026580486337797044,0.04317519813814316,0.03624033929654035,0.0475343212785393,0.07634518450234691,0.005603454872834267,0.07531346577032201,0.06621571510222653,0.027550448895053835,-0.03047962923552315,-0.035177036641432465,-0.031856772965328246,-0.035990725422447085,-0.05719099082621982,-0.004602033522489148,-0.06472789092015895,-0.05393322185251661,-0.0225265467654793,65.97230178644664,72.0,1.412926497797357,0.0,0.0,774.0229606938847
0.0,0.011588029391403002,0.0745676294957393,-0.005298323933136723,0.10699523161087868,0.012661111762507784,0.03202115676834581,0.09555803037120865,-0.016083538321022897,0.1702371306356241,-0.009622963684760694,-0.021126785411751517,-0.08946577006821534,0.11771984309408956,-0.3204385960918931,0.2874121659559576,-0.42287404554480273,0.22601025067515385,-0.45698605555678157,0.0,72.0,0.0,0.014583333,0.014583333,2.0,0.006673712999889028,0.04395987962537994,0.03688322603019878,0.062219083849506314,0.006883937501137584,0.05557023777112167,0.07180490204295112,0.05539163799535686,0.06350227667269648,-0.005738187484157087,-0.05130931160734584,-0.049067146306728364,-0.05767077115129255,-0.059133031697261064,-0.024707422453449916,-0.11291242944498062,-0.09523145339083851,-0.10385413840848114,20.02964192319533,67.0,0.6304614513003087,0.008574828,0.008574828,4.0,0.006824635964131735,0.027599346767237663,0.051523515143700474,-0.0007448372847711863,0.09555334270376838,-0.002860474197470248,0.08536429315030086,0.07623255285253089,0.07804043335476286,-0.008343250277322498,-0.04250721359832658,-0.05618523300634614,-0.004456384645525666,-0.1122221574708481,0.011368655787266278,-0.08771781495857006,-0.027753199838802794,-0.04706536021367053,33.681077934897836,67.83333333,1.25900984680504,-0.000742686,-0.000742686,6.0,0.01623576747920164,0.06138483689583311,0.01903015575457604,0.056352408785825286,0.05175669039813013,0.0012438430303730143,0.09700641178396861,0.03363895252979011,0.046008909867235326,-0.010199857437494174,-0.04620227914391155,-0.0011010944563067016,-0.07366357582340774,0.030158337512021214,-0.06357556449459364,-0.003126055597179616,0.005058831260728926,0.0032684467404899453,41.93938584357977,68.666665,1.3758231326078851,-0.000380952,-0.000380952,8.0,0.021781027187204986,0.06896985047703774,0.01833662219934393,0.06475447128034333,0.046050495848728626,0.0014271221370877043,0.08222412909006509,0.03175463185468532,0.03653948562891256,-0.008660341775701862,-0.05377817175655582,-0.0011741964565214656,-0.06330123104468721,0.023558889684493683,-0.07113979175210808,-0.003243404993738421,0.00604189890327815,0.0035598985269632826,49.18137943444329,69.5,1.3304085019617489,-0.000380952,-0.000380952,10.0,0.03142774856801632,0.04966603493222727,0.030238915207255263,0.02408107454082906,0.10162376250354242,-0.024125616610822517,0.11320973587095937,0.04190322472619385,0.03604496145993255,-0.009139388140901001,-0.09930305662655493,0.061188982936948806,-0.16190610024149973,0.15169800630012642,-0.23402323596099753,0.08670795666238096,-0.037909649647460755,0.012219998958188039,55.39770225090056,70.33333333,1.3071705058675274,0.0,0.0,12.0,0.034015090710596205,0.046809129600892875,0.03396490720483692,0.016308198445962624,0.09528567007504099,-0.027973529345357954,0.08531864360432634,0.038243647702160925,0.027703906417074535,-0.016183869974214348,-0.09431782774178178,0.060363404075215024,-0.15195382318801778,0.1453488894058217,-0.19486478823699133,0.052022585542464944,-0.05684092674032234,0.002083366532224364,60.79023806702521,71.16666667,1.3168604293603894,0.000126984,0.000126984,14.0,0.026001583728501223,0.036786346842582404,0.024836832640186608,0.0368256878221534,0.0664302044234947,0.0056864227845354245,0.07979091170232441,0.062203750714972215,0.02351317153418713,-0.02426461611501075,-0.05044654990120035,-0.034809025028963686,-0.04838644799688024,-0.07449211705711833,-0.006185640850259177,-0.06463583046989185,-0.06853376422006702,-0.026579580465167146,66.03003657347077,72.0,1.3720472886974746,0.0,0.0,806.6341135624173
0.0,0.011971625984463477,0.07535789007752058,-0.005626991919589739,0.12550655772476366,0.017245724590664268,0.026205400172032767,0.09839853568203435,-0.015573263349613474,0.1534182537156229,-0.008121251237276363,-0.016571525540473444,-0.06930931199855442,0.11649171124321774,-0.3435209809089593,0.23614910745305118,-0.43611971156844764,0.16841681785070114,-0.5674850153937009,0.0,72.0,0.0,0.014583333,0.014583333,2.0,0.007853129622179798,0.040429095011601565,0.03995646852980036,0.052386322783581615,0.006664992224878783,0.0478289266043844,0.050613490541786495,0.048326539193623674,0.06661689774200019,-0.0069786293793412035,-0.051901427710831,-0.03947906253488627,-0.056680215980108306,-0.07291180168968825,-0.026759021529484082,-0.09894245600355882,-0.08187570832618983,-0.13114201861596472,20.15408515620982,67.0,0.5738399322988493,0.008574828,0.008574828,4.0,0.00660759464143528,0.027284217622231138,0.045433176062236784,-0.0010118926970873565,0.08352681631777216,-0.002442022065732167,0.07718188702321092,0.0642876825054812,0.05899026908875271,-0.010591082919079496,-0.039382988966781295,-0.06997020567664984,-0.003956891764449158,-0.12089694591268862,0.010965117577997797,-0.0838425061965488,-0.032404324996730606,-0.04845935060568996,33.690118587268195,67.83333333,1.1456080566399702,-0.000742686,-0.000742686,6.0,0.01591337930507417,0.06162842912555782,0.017426842971913777,0.05058323602122275,0.05509962366237618,0.0010510508645767557,0.102171348622938,0.026220128522374053,0.039811292163207404,-0.008562287507395853,-0.04555244212699868,-0.0011043539973120179,-0.07419277492141582,0.033100954999701254,-0.064933181031285,-0.0032832749166951374,0.0061692673115936085,0.002608565506365172,42.128525936174,68.666665,1.3256757808505752,-0.000380952,-0.000380952,8.0,0.016791625184507487,0.05358922157361809,0.018593537255660205,0.05322497824400041,0.05448164611101453,0.0011894127862293006,0.09794707080733461,0.033287280113605267,0.04280813244831819,-0.009996925269983413,-0.04473422909056247,-0.0008665287261579446,-0.09046323978096973,0.031168378577166506,-0.0844052785574127,-0.0037413464618911703,0.006775843459855572,0.003237983840792742,49.04796563904994,69.5,1.3056140176920124,-0.000380952,-0.000380952,10.0,0.03674794809962839,0.04161159375425579,0.04359117127114369,0.022387703684447157,0.08995783935934579,-0.028451829604148278,0.10094251705369453,0.0344352441469366,0.03509677357839807,-0.008168756527574877,-0.07262390322182552,0.078185643439981,-0.2312628925581045,0.13735101038046285,-0.23787739866356283,0.08083412063227495,-0.0424565519711226,0.010679142216204576,55.068146633696614,70.33333333,1.2669348194831531,0.0,0.0,12.0,0.03327477534090111,0.038792771724605,0.04841127432319304,0.019812498075317753,0.10788245836799479,-0.02223501723521522,0.10373864641778105,0.05347719457934196,0.02729172640780855,-0.013065879928035568,-0.09293858837718108,0.06931567152831837,-0.20621870394835434,0.10417575874588726,-0.20535288561554474,0.06881493579442648,-0.06024432372767538,0.001714347208072528,60.77619435580005,71.16666667,1.3394686012756305,0.000126984,0.000126984,14.0,0.02713241912365799,0.042831551120054885,0.027399292018156562,0.04318904150004132,0.06256311619518344,0.005151560104346505,0.06449681420997203,0.048840339238851074,0.022786268868713738,-0.029254619099274903,-0.04438395462598121,-0.027779955026194406,-0.03934226238114956,-0.06560823831414214,-0.0046401586341419995,-0.06238706116282677,-0.05809430108779636,-0.023350664743078692,65.94431994016007,72.0,1.3793404687575812,0.0,0.0,800.3855552737889
0.0,0.010548754146489384,0.06285438744559076,-0.006669744351056825,0.11799919470066968,0.013627947640019086,0.03360994878984997,0.11272310364607187,-0.013127607815929079,0.13657631057066633,-0.008402335171181791,-0.0223263648476803,-0.09210122247639756,0.11207735600401589,-0.27304378762707476,0.28809623970875275,-0.41258759357356145,0.15714330993053016,-0.4637117507449596,0.0,72.0,0.0,0.014583333,0.014583333,2.0,0.006106650312053777,0.04240576099803681,0.04322149598087839,0.05618797003035235,0.0063389345505028396,0.06148767045951645,0.07033300937859992,0.061778559269125496,0.06480318660019738,-0.005804107581282126,-0.05065869968473171,-0.04159703583453105,-0.05291262363812503,-0.055329228126353464,-0.030338488269413752,-0.12478157286473653,-0.08963425109790173,-0.13156644882530122,20.080363015568096,67.0,0.49987033864819824,0.008574828,0.008574828,4.0,0.0063800020225329825,0.03252353687320065,0.04541401173907921,-0.0006863354338926249,0.0790396224097928,-0.0028800602213959543,0.07775788255722416,0.06119819488117139,0.061649923467845376,-0.008251936365873083,-0.05177247544017228,-0.06389097488355609,-0.003212872814669581,-0.08988559334580735,0.012946436210387493,-0.09280031930079054,-0.033183691548765444,-0.06113535732693706,33.78061355822819,67.83333333,1.1042469798814163,-0.000742686,-0.000742686,6.0,0.015596559883746688,0.06298313682469722,0.015710877288207296,0.04485910855663264,0.055533884097669704,0.001239457555221454,0.09101624681309654,0.0363975889968188,0.04116149990971439,-0.011304113432313625,-0.05488427123875297,-0.0010445283002845378,-0.0830148402990568,0.029362452848101753,-0.07487279973278319,-0.003232859173749254,0.006883894556775489,0.0024473947512039453,42.19083270665373,68.666665,1.2619124093360923,-0.000380952,-0.000380952,8.0,0.019577821317259048,0.07216037199413328,0.016639888482351314,0.04663804224620863,0.04526817655549173,0.0013449366457244682,0.09400085568624593,0.03633436858539545,0.037672494103660054,-0.012045924915073917,-0.05810897900151238,-0.000979723407859172,-0.08640292061957576,0.022528642585991125,-0.08844962714484232,-0.003906963335172813,0.0067630566829991814,0.0027537901307138806,49.150689803401534,69.5,1.2288895071032555,-0.000380952,-0.000380952,10.0,0.02897464282920213,0.05327408049254911,0.0351423477863316,0.022060210499718777,0.07701799546288837,-0.02094524686235016,0.07682933420419912,0.04213024131724115,0.033760670392943996,-0.011189607025197595,-0.09367306902742185,0.06795888221843975,-0.18042397738846203,0.1413441450411823,-0.20322332534374424,0.09914725052528221,-0.0343079154688019,0.012354064386114468,55.10217137069892,70.33333333,1.202008683476858,0.0,0.0,12.0,0.03411771881374905,0.032120701204708994,0.04526105967926354,0.01772284982515803,0.07831037501035266,-0.022940731142685324,0.0763236901472993,0.04382025701749973,0.026747460024510276,-0.013543593847228351,-0.06997517832899375,0.0672508535302747,-0.1653281216158122,0.13806815393216573,-0.15340907583417868,0.07287392642228518,-0.061543390953914694,0.0017887289635402435,60.62971771384174,71.16666667,1.285051046516645,0.000126984,0.000126984,14.0,0.02596475243122082,0.04619520524753303,0.02872146970917865,0.03961538694528332,0.07269736831918884,0.004991724494957102,0.06777880364318427,0.07091815172380038,0.023292535784239083,-0.03388789504012889,-0.04150538621117601,-0.03389580691280844,-0.042599431357351995,-0.05429248995032657,-0.006007287003926711,-0.0577010983002965,-0.07156744113359645,-0.02572391753371691,65.80726429349342,72.0,1.39963592566156,0.0,0.0,668.547553333269
0.0,0.012354089494727655,0.0735520798767072,-0.005491895175160559,0.11144836111809008,0.013775670739402486,0.03464195569099528,0.09215180736925824,-0.017186075946731248,0.13676090228658194,-0.00864486999038205,-0.02111905466369859,-0.08935862901746844,0.09360538595688804,-0.3321013640821542,0.31545288587726483,-0.5101564166192835,0.1744878203827096,-0.4539292241779174,0.0,72.0,0.0,0.014583333,0.014583333,2.0,0.008562667651971207,0.04207881524083134,0.04314842147666882,0.074039841453689,0.006939788857995644,0.06074428849198957,0.05814526154380273,0.06466759733494502,0.06607012411542601,-0.007361956376256119,-0.04063311300274401,-0.039489150642006685,-0.045636435735653444,-0.0640949199959463,-0.024817635058223184,-0.11882167493312906,-0.09690599173628645,-0.12276654582835443,20.00252287200853,67.0,0.47477164078565776,0.008574828,0.008574828,4.0,0.00630481024824629,0.027550899671022592,0.044436572960202585,-0.0009998779499200575,0.09388535730606942,-0.002767369382565966,0.07598841952297267,0.07133224365559464,0.06009848143903962,-0.007956242574974955,-0.04262680587317513,-0.062252518074131444,-0.004451537760361191,-0.11454730260716126,0.01024633241385536,-0.0886709259460793,-0.031445164394037266,-0.052110428756639536,33.83996433221588,67.83333333,1.0919474730467635,-0.000742686,-0.000742686,6.0,0.016888344246721445,0.05128280995685512,0.017163887989092866,0.04607415586378466,0.05120994808572907,0.0011157726709135334,0.10933980117924946,0.03791987465652904,0.039658943418045045,-0.01229383642775888,-0.045328886236494184,-0.0009763783603870522,-0.06476766410158634,0.029867416329070424,-0.07879155154515251,-0.0036972708728864895,0.005031453847845837,0.0034455031002818023,41.949461804166035,68.666665,1.2437292263742032,-0.000380952,-0.000380952,8.0,0.015961791374492787,0.049727625017035045,0.014649306250121228,0.051312642091105275,0.05814440541429489,0.00114477441513448,0.11236328864467979,0.03390924625638908,0.0438755954250898,-0.009424268979809117,-0.047066600131953185,-0.001018165235066175,-0.06343967561262841,0.02946667098169014,-0.06435725426179367,-0.004001962238802492,0.005463888461264012,0.0027620327262435447,49.01722379187431,69.5,1.281904791222539,-0.000380952,-0.000380952,10.0,0.02611406011233487,0.043320714886320694,0.038197315196524036,0.019718317823667612,0.0940762134722782,-0.021498538943004943,0.11429730735955822,0.041315400119987064,0.03671054515577994,-0.009132303533346672,-0.09751286090235832,0.08163385843724255,-0.17541628129781936,0.18026254559295754,-0.18324760179149435,0.08156735688354202,-0.03909300567499095,0.012568316014216917,55.04047546842034,70.33333333,1.2346696005246798,0.0,0.0,12.0,0.03905070853031294,0.04278477032369737,0.0446362873258049,0.018567119039906297,0.0838640792853836,-0.02835298833871567,0.07761246470504689,0.04372528244746851,0.0249145432706366,-0.014428485122734229,-0.08983109273878948,0.06293661348113971,-0.2187138624335357,0.14242369688548115,-0.20579657091145928,0.06125001314139127,-0.049188782123586114,0.0018483155387679835,60.85440776892123,71.16666667,1.1936156332334924,0.000126984,0.000126984,14.0,0.02975511395715441,0.035156470879927106,0.03317615742414901,0.0371191237792022,0.07198566061960428,0.004862225944422827,0.08450617728807282,0.06479637051061338,0.025224964168195696,-0.028059613488546537,-0.05224284257171651,-0.026129309999554977,-0.04759595746529379,-0.06833001679102806,-0.006166292085639997,-0.06587358706428711,-0.06771100944272505,-0.024339713941810302,66.10098643625858,72.0,1.450275290821319,0.0,0.0,604.0291125917105
0.0,0.012330619586901135,0.06600327568732793,-0.004916114382613242,0.11164207122765334,0.014875615979751325,0.03357341276832181,0.09849016592072264,-0.016090110865977773,0.16945479849651193,-0.008090509804155602,-0.022646206308080112,-0.06317318268445173,0.08784923842190052,-0.2674408352611771,0.29696203072182187,-0.513718560365439,0.17726194295589517,-0.5071644967390936,0.0,72.0,0.0,0.014583333,0.014583333,2.0,0.006126694041643064,0.03810895523038779,0.05449621917755149,0.06987532296140252,0.005892453362067248,0.053119254605560745,0.04962814364369814,0.05633588265492359,0.05775068000723576,-0.007813368018276964,-0.040353920285184294,-0.03644014682658638,-0.05485156280328159,-0.06932003016382697,-0.024535077546311672,-0.13778950604184487,-0.10271365298365957,-0.13331950108451837,19.884332321963406,67.0,0.5228376629888003,0.008574828,0.008574828,4.0,0.005886238060178835,0.026954748958221527,0.0602759585970983,-0.0009600026159149008,0.08184969425698886,-0.002107632039490365,0.06597326470188283,0.08015005630034953,0.06362068059799263,-0.010590038285219995,-0.05162524818376954,-0.0673251476364013,-0.004460036920686583,-0.12017770843747992,0.01164922053783433,-0.07051641325026119,-0.026264690906859574,-0.04965265311198744,33.77500721184152,67.83333333,1.1101338503592784,-0.000742686,-0.000742686,6.0,0.018794951400124355,0.06569501470833598,0.020858237267222073,0.04875002606222021,0.04133134969216878,0.0010991024024120256,0.08063046793700432,0.0377803162204878,0.05203808976758003,-0.009508946573874199,-0.05882855179341987,-0.0010486487997059084,-0.08390439748801708,0.02516372180538884,-0.08793849778200441,-0.0032596523276314823,0.006099575334687309,0.0032409034550850194,41.887605545634116,68.666665,1.311901803473352,-0.000380952,-0.000380952,8.0,0.017714947320121417,0.06987124889851096,0.018544665865560143,0.05255523148054147,0.04854931572218413,0.0012781657587628804,0.09252619572506376,0.02997830506249294,0.03644066415624086,-0.009038437859836794,-0.041009984312733935,-0.0012109371811194066,-0.08964603876427625,0.032533281984750605,-0.07448620593070772,-0.003332618203767075,0.005490067745183971,0.00349862883873015,48.96275406343499,69.5,1.3617289906047325,-0.000380952,-0.000380952,10.0,0.026986112980321744,0.044538432007072075,0.03656949598662531,0.021442691354311795,0.08045484141107247,-0.029607210583475443,0.10258654844602894,0.03888484676540152,0.02619504464797256,-0.008980520872746102,-0.08733182975147535,0.08050766031511006,-0.19694928378329385,0.14934703634844856,-0.165344247661088,0.10175883430731758,-0.034500542936139786,0.012277705889736257,55.27433002408533,70.33333333,1.3505571008564448,0.0,0.0,12.0,0.03712478975954166,0.04658736323741157,0.045784234734087374,0.014606169947476252,0.09647784794934418,-0.023030206932705338,0.08913083578114606,0.0438126022267572,0.03017543337833687,-0.013926892115034735,-0.07825506284695248,0.06081068222732269,-0.15364800851597432,0.12139683290884251,-0.20851277423860207,0.0687873252112651,-0.05470996977991239,0.0017423743859556605,60.68648655004002,71.16666667,1.3100537415964493,0.000126984,0.000126984,14.0,0.027037650069545498,0.052010719552163555,0.025885291876236376,0.04939497081085865,0.07803020151960674,0.005474387422067286,0.08327244307698788,0.06375437329484429,0.02571573674745238,-0.03251112169220209,-0.04048394553791429,-0.02665463838020408,-0.0447794784884264,-0.062092641807047946,-0.005010481942129941,-0.06295231587604111,-0.0583708627462868,-0.02712263722463322,65.86121799464821,72.0,1.365112087974556,0.0,0.0,589.1133787101588
0.0,0.012257310350762112,0.0685861886345402,-0.004703243939533989,0.11779925574264453,0.013261522271391423,0.02843219207422846,0.09715122615146968,-0.01327723678800778,0.18331908978609623,-0.008142708343738796,-0.01968402250915809,-0.08655463069492483,0.11880604293928342,-0.2994516539713781,0.3113414966197383,-0.5141171012688206,0.21328179227098515,-0.49733819927461415,0.0,72.0,0.0,0.014583333,0.014583333,2.0,0.0066822121675239295,0.04291609327077261,0.05109018157961964,0.07082113266476942,0.005337887092639929,0.054513477055590114,0.06506778556515429,0.06353294314740221,0.05412423734187276,-0.006567834552695755,-0.048753711464347434,-0.04957047795546908,-0.04969092004299407,-0.0575507969762557,-0.0306132073376345,-0.13317017238722811,-0.11056324777880844,-0.10481592694547237,19.984578943193693,67.0,0.5474159952590105,0.008574828,0.008574828,4.0,0.006497515889961553,0.030578506009896717,0.05092527816309546,-0.0007660403486099273,0.07416275044932391,-0.002110963048569004,0.09253223063681987,0.07660800578958994,0.05852749872965253,-0.007912965577991073,-0.05412856423722859,-0.07132360649353871,-0.0042614630038234885,-0.08690174580134141,0.013381396635599533,-0.07356184246130354,-0.028317648844419858,-0.045116663373148756,33.731729616754485,67.83333333,1.1700528217435666,-0.000742686,-0.000742686,6.0,0.021410005746141346,0.054147635773795014,0.015759439583042403,0.04565817852816438,0.04442863319823637,0.0009741999946280282,0.08853115827666037,0.032182549462625644,0.04858795223201133,-0.01069862444658646,-0.054175700023345916,-0.0010977182637198059,-0.07842973134441267,0.033574814828155455,-0.06764148789984041,-0.003040779401423428,0.00473925370354149,0.003431735562680314,41.991654633177234,68.666665,1.2756338003553478,-0.000380952,-0.000380952,8.0,0.020817262797229626,0.058510837069564364,0.021180427477881424,0.046754300090689926,0.05159768508079883,0.0013537134024562717,0.09317295370988467,0.03837879277487083,0.0361264091474095,-0.009487123295823918,-0.05721983725090972,-0.0008438269909196453,-0.078740345529636,0.02474710602622741,-0.06741578889140223,-0.0030706516397649413,0.00588134063659018,0.003286184113952762,49.13549953060257,69.5,1.3432513899166558,-0.000380952,-0.000380952,10.0,0.02989164889570638,0.036725540619373054,0.03978433870714132,0.022121483841030853,0.08744277005274999,-0.02947297453219825,0.09410393437967825,0.04428904647752709,0.038005239708910614,-0.011113610473115914,-0.10531009385872259,0.06845786649193436,-0.16405992736719693,0.1316437236000942,-0.1958467591838758,0.08222740473913596,-0.02966397252234801,0.00991202717961734,55.3633550399736,70.33333333,1.3543167692712852,0.0,0.0,12.0,0.02989096316876187,0.03590430273287421,0.03864277420108803,0.01533492513385501,0.07448656896632463,-0.021620456382511283,0.09509176429476753,0.04531487262038611,0.0267106040431159,-0.014831565141546526,-0.09673661695525046,0.06600106032531362,-0.18829317857035024,0.13306146847758726,-0.16219773316570124,0.061310035445842744,-0.0484645448201339,0.001677922254782724,60.89644525812719,71.16666667,1.3113023981138703,0.000126984,0.000126984,14.0,0.03533590737641295,0.03794903598034087,0.03053166721636444,0.03782441456666411,0.0716685826563266,0.006203974764424646,0.06060695165071961,0.06652897606887377,0.023118672138912347,-0.02839378898074654,-0.0413360800314422,-0.03631549794885918,-0.0477866608969013,-0.07281327911705718,-0.004955717927204835,-0.0799980948193116,-0.054185184839410434,-0.021235981835201097,65.93436325940739,72.0,1.4068830813392128,0.0,0.0,747.1436444020557
0.0,0.00924971941773067,0.07839367977782137,-0.005429249927583806,0.12556348937440784,0.013770961173573331,0.02630028576652309,0.0878546097938786,-0.014592768810849593,0.16911698421823704,-0.007808716848792828,-0.01823838073430767,-0.0849431060970316,0.08392058666515975,-0.3635559732940844,0.2925331612200929,-0.4826472650036593,0.17228579484511927,-0.45468181634107385,0.0,72.0,0.0,0.014583333,0.014583333,2.0,0.007026964330062634,0.04310013010643609,0.04780571662510305,0.07191343603080406,0.005414361518413108,0.0479928526808594,0.06704303052503188,0.05431400248552482,0.07424266012380579,-0.006732838986309517,-0.04468435718327889,-0.044077796517578476,-0.05260438225517313,-0.05941877379094294,-0.024296220273095744,-0.12604754283436737,-0.11365764840928601,-0.09174625801784614,20.079841039261993,67.0,0.6325753804885764,0.008574828,0.008574828,4.0,0.007396779382640137,0.02865119355394091,0.04430887303287533,-0.0007016910113362222,0.0692364700382372,-0.002516546982472589,0.0732665869717481,0.0763928951373243,0.07220926211909447,-0.009700697953793642,-0.050466689402960105,-0.06200230502818778,-0.0040550351174067625,-0.09725955776374055,0.00934471985148747,-0.06939539643800932,-0.0287212836108032,-0.054125979279852236,33.77420112817837,67.83333333,1.1360773579001449,-0.000742686,-0.000742686,6.0,0.022148331468334222,0.06284973528174553,0.018199505728312172,0.045593816359629044,0.04834910935591436,0.0012106385572656676,0.07881689845351521,0.03826088334379781,0.044257821045346014,-0.01235190705373825,-0.05631678066696196,-0.000905978562640156,-0.07767644555526061,0.02532416306733709,-0.09054667304875202,-0.002713958964117792,0.005071174719052745,0.0024815961539375138,42.09064907874566,68.666665,1.2544841796729844,-0.000380952,-0.000380952,8.0,0.018927563561828207,0.0641097730043105,0.01710448824325666,0.05380949832119666,0.059946410143281996,0.0013741844800464705,0.09023801720291573,0.029699346484368103,0.05028433275999343,-0.011283995365185054,-0.046036272879567,-0.000847463664372103,-0.09161125007298669,0.026908622557719957,-0.08254133073743675,-0.003897870194361229,0.0048685500172762,0.002440009192453347,49.03597532488581,69.5,1.3566079845131667,-0.000380952,-0.000380952,10.0,0.02675426513734097,0.04507765133953543,0.04311051928405962,0.02321312229234031,0.09126842084293085,-0.021592912361586118,0.10084716525398045,0.03663171791412032,0.03435907131977169,-0.009239194624485098,-0.09117659450296076,0.056942623081042525,-0.23270406893331685,0.15603745135462788,-0.2140834825177578,0.08058331392247017,-0.0438757619447611,0.012318654070867817,55.023600877714784,70.33333333,1.3217644829772455,0.0,0.0,12.0,0.030032462381887632,0.039836510241713946,0.03894389898178202,0.015396320908380895,0.104332572849713,-0.02548137253753669,0.09268856422148804,0.050827616635642656,0.021367106252648517,-0.015770751994666106,-0.09086661418333594,0.06929103300058292,-0.19426889966617808,0.1217434411925625,-0.21047031943956568,0.05563092845494447,-0.07043597882660826,0.0017541676338276933,60.83796672632624,71.16666667,1.2725231591736992,0.000126984,0.000126984,14.0,0.030578494338390376,0.03859852209128964,0.03610213413279173,0.05247557942227947,0.07757260528801924,0.004676240758224924,0.05972277682703975,0.05721764356603565,0.020174798321730324,-0.031018902778366095,-0.05057946859257996,-0.035141271794785794,-0.04120378493567307,-0.0701571311571991,-0.005310039834586449,-0.08189986112715703,-0.07173794603480324,-0.018569305402307917,65.97947113621294,72.0,1.3732474847338114,0.0,0.0,641.0856044268213
0.0,0.012009531695876282,0.08083456670899146,-0.005953335394713286,0.1164256737732225,0.013241766907840938,0.027955657268258084,0.11030652906398922,-0.013128060232089631,0.16641666763293983,-0.011337846678558874,-0.019537634181793093,-0.07758025745635352,0.11185007367345916,-0.3317380989332825,0.26653443399485904,-0.48843773894545345,0.22411936118665202,-0.4771076594450164,0.0,72.0,0.0,0.014583333,0.014583333,2.0,0.0062161546814704215,0.038737799247522194,0.053680009325402414,0.07141377021271895,0.00497985935548815,0.06296047024848661,0.05344891220355352,0.05369262809536097,0.06477470230594348,-0.007931456931446325,-0.03481084263464758,-0.04072278345357719,-0.04736340321912455,-0.05343775042167129,-0.0330840390831806,-0.11013808384906265,-0.11544303329083036,-0.11147147544358113,19.880413881745298,67.0,0.6321168946519232,0.008574828,0.008574828,4.0,0.005387764713424333,0.03185867503060192,0.05550092304260644,-0.001003002579570289,0.08350894908797725,-0.0019826508488525536,0.07951017900685976,0.07172833517160612,0.08085250119963805,-0.0077236442315150936,-0.046522096708005584,-0.057460944833937155,-0.0036476059870052878,-0.11353148863954161,0.010582330865887292,-0.07266692854367804,-0.032221314409860626,-0.0616069609966502,33.674186344884575,67.83333333,1.1829063031681393,-0.000742686,-0.000742686,6.0,0.016119917691185787,0.0578604918382915,0.018635831904501955,0.06359422839098598,0.04345564599491009,0.0013704685951051768,0.10111456046912694,0.030926682119977143,0.05289205473935364,-0.008876941756439214,-0.05691829866414178,-0.0008335797336797889,-0.08283820670859898,0.026960110248749225,-0.0661249338760521,-0.0033141254686709374,0.0050082186703937015,0.0028837239786206038,42.12728143006757,68.666665,1.2715193228485828,-0.000380952,-0.000380952,8.0,0.02242202625659152,0.05424542054156301,0.0186903679248813,0.04593259245645149,0.05484467754466194,0.0010198054145309442,0.09361205470886083,0.032047393914662416,0.04744666041827662,-0.010441717323007516,-0.045110425594429966,-0.0010278788184840252,-0.0736412207326511,0.030031584457076602,-0.07290775394199629,-0.002873149799537291,0.0066237327425915996,0.0032111030562420053,49.00018191678912,69.5,1.2565103982737813,-0.000380952,-0.000380952,10.0,0.027310185668614696,0.03782269402884509,0.040965444863046686,0.01824724393104647,0.07989601317997137,-0.024828954004544823,0.10540948698986259,0.04155221933373811,0.03188654296558239,-0.008326002626788216,-0.07734469190313402,0.05626180427242307,-0.17330343365269374,0.15935048169961352,-0.23561532358957354,0.07950338902990457,-0.03755358817481683,0.009742010578841356,55.335091976560406,70.33333333,1.2754065184574899,0.0,0.0,12.0,0.02923586984764003,0.03254363532963406,0.033541708096456874,0.019494576778413156,0.07950674154682809,-0.023931246471293587,0.09446119325762445,0.04169742247531248,0.024638140044160026,-0.0127423178925902,-0.10275413544654738,0.06613221960855953,-0.1983285740148065,0.11647130792605052,-0.14508422815959954,0.06704374867745083,-0.06796190317551624,0.0015801931968372452,60.66933274258712,71.16666667,1.326440611728486,0.000126984,0.000126984,14.0,0.03132039994231998,0.04692004189001305,0.027882639395267056,0.04539164830390083,0.0565584870298952,0.004547630890824811,0.07189839904008215,0.06491188974442905,0.027185746793702784,-0.03180596009188019,-0.04671610135323635,-0.03125027891560506,-0.050353959828018865,-0.07793251306427652,-0.006186436644444826,-0.0670438567850204,-0.05885691510796378,-0.019296493634930103,65.94761056354606,72.0,1.3564941883471848,0.0,0.0,612.9696605325063
0.0,0.012457087170904836,0.06346407186183996,-0.004787775850586606,0.12279232658715858,0.016713224765995516,0.023555734215287002,0.10204608975883676,-0.014816005725218098,0.1727530339898654,-0.009289677920668697,-0.021258958973207263,-0.09178104230068618,0.1013009159474292,-0.3507533473932345,0.2572823475051504,-0.41851877847672353,0.1955935275080056,-0.5149176228088187,0.0,72.0,0.0,0.014583333,0.014583333,2.0,0.008469822221102598,0.052857865613846505,0.036849477748332866,0.061556060424253246,0.006897197204667546,0.058288074763467757,0.05878084505297871,0.06137946410236656,0.0745641502852846,-0.008435684806687216,-0.047559817212656195,-0.04656071816428595,-0.04890903724827392,-0.06009794104193359,-0.02511982853396324,-0.11677855384273614,-0.09148796061206727,-0.13188220517846316,20.121134807407586,67.0,0.5535800427068154,0.008574828,0.008574828,4.0,0.005864903095263165,0.0245343131066115,0.04439840992704975,-0.0008414467349431721,0.09229110332155271,-0.0022686207405040364,0.06451505906494409,0.06744642183433093,0.07236141312171175,-0.007138725914693349,-0.050350639131189895,-0.07627863662882214,-0.0034434896244194993,-0.10419924431882906,0.009660546208702239,-0.09669489929469569,-0.023506082939803805,-0.05432849954697041,33.88442553076004,67.83333333,1.1159722286126588,-0.000742686,-0.000742686,6.0,0.01647949311555212,0.05757332424831743,0.018435130328873346,0.057281190388816336,0.05208078144673926,0.0010832605994522573,0.10111327654228304,0.03530980865262516,0.03844456258450705,-0.010138967627756717,-0.05792435402661566,-0.0010510622248711507,-0.07233163161872992,0.032365613962963065,-0.06720564835938604,-0.0038220942268549036,0.006516855135343904,0.0036168444097269335,41.94593177319288,68.666665,1.2401876825005516,-0.000380952,-0.000380952,8.0,0.01504942797223228,0.06277136377017538,0.020300109021467838,0.049067669744750166,0.04592264586804813,0.0009941390723972772,0.10949981878820424,0.034933134824266035,0.050693255680941636,-0.01198925666828002,-0.04279524895092162,-0.0010109798676024668,-0.07809861151676402,0.026626995103882136,-0.08522243180602598,-0.0036188449400224422,0.006639308578333097,0.003087776647951572,49.154637372805034,69.5,1.2646430269953335,-0.000380952,-0.000380952,10.0,0.025131474024204056,0.04041793602091504,0.03930292039124255,0.02241642007883718,0.0992628019521451,-0.021208650900256813,0.09429320859940772,0.03895740656679922,0.029218847811254525,-0.008901818927655887,-0.08695245535385203,0.07444749231733411,-0.20474245858307724,0.13117724627180669,-0.23885051385587996,0.09941563477767078,-0.0375936359906374,0.012622686315167995,55.1703754116155,70.33333333,1.2780013553688645,0.0,0.0,12.0,0.03664026029232752,0.03998357114925499,0.041275470432225535,0.017218355147765436,0.10231305700664337,-0.02777987040152782,0.09179329726313931,0.0409975039692641,0.020392625658828767,-0.018030842871180973,-0.07272560321498679,0.0661696702679078,-0.15638615179087723,0.13101054857502922,-0.156501047125827,0.056052895367552855,-0.059021606544339654,0.0015544048534423952,60.612511157212396,71.16666667,1.306383107932529,0.000126984,0.000126984,14.0,0.024446377164520992,0.04013235164797914,0.02893252383853625,0.04604702506197652,0.06689533896752942,0.00494616542731495,0.06922033630341276,0.0672976423704205,0.02167714943516883,-0.02555321978103166,-0.047932624192666536,-0.030136439443944264,-0.04167462503997721,-0.059263862003915396,-0.005515690791072292,-0.05701428877933679,-0.05135779230441367,-0.021973938473008884,66.04420420094453,72.0,1.2679832023360995,0.0,0.0,753.5980447126732
0.0,0.011980048550479776,0.06345676152310437,-0.004714751504294985,0.09501581096364695,0.01599774567272348,0.03139469252309581,0.08633769969948642,-0.015460120082574698,0.17195872433845197,-0.009367544788102375,-0.016587174701920785,-0.08037625936448933,0.1031342173842112,-0.3619347425625273,0.3478849452101878,-0.5209364029059976,0.20074033555799287,-0.4996715540935289,0.0,72.0,0.0,0.014583333,0.014583333,2.0,0.008891231167789782,0.05259338129528,0.03684579654166982,0.0553889848526093,0.007187317994774943,0.06445890546387675,0.049841782546677274,0.06609928965403629,0.06206970109693832,-0.007447931971311768,-0.044265584822272115,-0.048698233628404336,-0.05678514124257227,-0.06578091279086098,-0.025100804979161208,-0.10756245583409862,-0.11495790111562178,-0.10525802638380825,19.916329689391947,67.0,0.6519669947749414,0.008574828,0.008574828,4.0,0.006209727525107916,0.03473010852450017,0.043784556710434845,-0.0008176412602122834,0.08268871269713624,-0.0025743292453745082,0.07411116546834336,0.07514280298771188,0.06588507905893987,-0.007195524223043448,-0.05048379615650048,-0.07978818450408744,-0.004173957841903668,-0.10178810184436504,0.01075851143218669,-0.0964888088775182,-0.023578227695425957,-0.0520188705058886,33.54323317621844,67.83333333,1.195436457564425,-0.000742686,-0.000742686,6.0,0.016404074724248423,0.07217738513377052,0.015719906057811914,0.05903318273286422,0.04392275969423628,0.0010688579504072346,0.08518897070167483,0.03747306605411617,0.04256427860124159,-0.011764135479851551,-0.05721816074990434,-0.0008678163028374273,-0.06613383296100546,0.02410191820407222,-0.09094386232728181,-0.0036772677734052735,0.004960267164257583,0.0030704310463741213,42.01097725290842,68.666665,1.3032206385080876,-0.000380952,-0.000380952,8.0,0.015436370323578197,0.07106808678831295,0.017577191492280927,0.04749406009547693,0.05293401927140083,0.0013023703989943802,0.10685830824102154,0.029369769422987874,0.043059862745031686,-0.00873523169358222,-0.05578120949500812,-0.0011217972494037105,-0.072195113413698,0.03249529810977435,-0.08399920273320677,-0.0033475199140152994,0.005580124491033006,0.002525588861552433,48.9810568541645,69.5,1.310674816271655,-0.000380952,-0.000380952,10.0,0.03496111976745583,0.039005552654364874,0.040418067880470684,0.01888216395246128,0.0893156737868428,-0.030576253271832627,0.10446919435793772,0.031540803745174525,0.03706607822461362,-0.010659097207730213,-0.1045780304703067,0.07472425545445502,-0.2295835020530736,0.1512072542316189,-0.2063225828450495,0.09790341893214001,-0.035170605590375256,0.012428697749418719,55.1639266414017,70.33333333,1.2920724814644846,0.0,0.0,12.0,0.039252479896711275,0.038756579536520085,0.04193325557503146,0.020342644950036397,0.10725377083455154,-0.02622850095138901,0.07582716148189353,0.05177882253447872,0.023116647813082987,-0.015718880250813912,-0.09289162134444413,0.06948115861198387,-0.18798764331139392,0.11708005813641406,-0.19822788240714662,0.06073770955066885,-0.047632505655167856,0.00155143162706838,60.76498226385795,71.16666667,1.2972891620017235,0.000126984,0.000126984,14.0,0.03009824093345305,0.051619422998845636,0.030905668175448677,0.052270544950005694,0.0782161291377211,0.006274808208020069,0.06954684366656962,0.05590454371931413,0.020099683471727095,-0.028416567060321654,-0.03693138938810368,-0.03499818916402202,-0.03591447834034553,-0.07015103044799711,-0.006130720315259343,-0.07356121308971203,-0.062096943635492875,-0.025252399670196175,65.84238149666288,72.0,1.401932172467725,0.0,0.0,770.4072154508882
0.0,0.008804474513106038,0.05411781408262943,-0.006155747124524874,0.1142040527756843,0.01622507994943251,0.024307392310682623,0.096574855183696,-0.01859375221237759,0.16953109072943745,-0.010369857228723134,-0.016627637225496966,-0.0898414442085966,0.11234237798725526,-0.28998486902643567,0.24120153355293802,-0.5221697446537543,0.21830622541785671,-0.42230443960240915,0.0,72.0,0.0,0.014583333,0.014583333,2.0,0.008813577966499448,0.043606784689334425,0.038056841183271815,0.05433344711268895,0.007261202798558878,0.06077350578511035,0.06816455247240176,0.053760403094250515,0.07607432277926912,-0.007362456141710267,-0.04639834649245954,-0.049853580653853445,-0.043608291458153,-0.07133714891752836,-0.02397720010366029,-0.13845915711050072,-0.0959813384942826,-0.10635758423467649,20.137003346713648,67.0,0.5725119889071977,0.008574828,0.008574828,4.0,0.006337873188732175,0.02992599984676743,0.05860398862596317,-0.0010198622139376344,0.09304128161268323,-0.0020089281100434692,0.07834949050029366,0.08576298882095132,0.08232910792906693,-0.010359777424558948,-0.04259162713304152,-0.06472939182031402,-0.003710864331156595,-0.12042722273170069,0.011320743821614533,-0.08795951426424096,-0.03100036216557094,-0.04481419140311029,33.73807588957128,67.83333333,1.0996572799383173,-0.000742686,-0.000742686,6.0,0.01625584504221052,0.06083801432140854,0.018640247739051995,0.06333126358096774,0.05342386935823544,0.0010012300026564825,0.09193360359977808,0.03804677352729886,0.04494099374206593,-0.012346109976179926,-0.05552474724956447,-0.0011721749124429782,-0.07756694853014502,0.024779535739396768,-0.08791147816114689,-0.0036864055583720914,0.004823100609636467,0.003444304948184894,42.194681736587,68.666665,1.2751058339216093,-0.000380952,-0.000380952,8.0,0.018504454970430524,0.049887177889666595,0.01649557440500631,0.04759613231770209,0.05440054232927064,0.0013657199926933622,0.10123589947908249,0.026198258202166976,0.04855713492642544,-0.0104400375994112,-0.05877859718042217,-0.0009488818130066861,-0.07201080440801898,0.027015608028645804,-0.06871612496483295,-0.003860242645365896,0.005797458744955316,0.003555252089042978,48.93046432070069,69.5,1.338539026701898,-0.000380952,-0.000380952,10.0,0.02467480926880799,0.047475129721432474,0.04314922655554016,0.02337144841634212,0.10263436913336911,-0.028738382306902673,0.1118188950808119,0.04356279040992053,0.037375619275834646,-0.008613125109370878,-0.07622558992349383,0.07492722623674368,-0.21695452440272073,0.16261337459218125,-0.21587414853883047,0.08782402249277431,-0.03788381868763653,0.010970770586588664,55.07895575387573,70.33333333,1.3297301015440068,0.0,0.0,12.0,0.029249639615762543,0.04433288577575716,0.0375559410908389,0.01549640368678115,0.08839743758766219,-0.022564189374380605,0.07609488090421922,0.04941699513438004,0.028932691011816603,-0.016338584891126787,-0.07211304787851346,0.0613922023174868,-0.1587247728085722,0.1069173302752651,-0.18383393882644844,0.06491110724865563,-0.05553238710955405,0.001806830797522713,60.89248482391421,71.16666667,1.3183715897691026,0.000126984,0.000126984,14.0,0.03208759060372379,0.03904550766906874,0.03429765668142013,0.04356070937511484,0.07066823257204649,0.004886882926161127,0.07852728928402976,0.05280727640788437,0.027181384369813672,-0.026436953538997752,-0.04484929268438429,-0.030625584292900614,-0.03569621173788164,-0.07639751037162613,-0.006379758514777445,-0.08398394853703689,-0.05480568883114546,-0.02561201967984103,66.00500972479254,72.0,1.4429824269025688,0.0,0.0,628.5692751246423
0.0,0.011359127013737065,0.07817821669528059,-0.004862507958033367,0.12365659641325984,0.013909274762172399,0.02581059954983376,0.09657271062512196,-0.018878079652798085,0.14937035284506267,-0.008196529819390227,-0.01942388296677088,-0.0851670094572281,0.08331519085046614,-0.31341613894855774,0.25548983070051684,-0.4773142357524342,0.15717818016800553,-0.4623960734983118,0.0,72.0,0.0,0.014583333,0.014583333,2.0,0.007601258349125598,0.04715176991072441,0.04044393948393562,0.06387902772690099,0.006027844509400021,0.04870879775828264,0.05623993262354055,0.047070002751190325,0.05795538120731945,-0.00801617486097431,-0.03970928099452294,-0.0425430267668881,-0.05320993154758307,-0.05439316170394934,-0.027749856110087418,-0.10299734796249972,-0.11384340859914333,-0.10200405077518192,20.12820944583322,67.0,0.6032062705717396,0.008574828,0.008574828,4.0,0.007319076162840959,0.03109809904271583,0.0591438746756617,-0.0009392315052443376,0.06785552566558871,-0.0026281653392118943,0.09283807016966947,0.08545643656367892,0.07145210576219839,-0.009156475834868928,-0.04273699981903694,-0.076331950755782,-0.0033315286494283946,-0.10350814647366312,0.010411737722445254,-0.07033062027997572,-0.030580104663622494,-0.059982782514251966,33.796933667052734,67.83333333,1.1638436930923743,-0.000742686,-0.000742686,6.0,0.017443884356616153,0.068299764440069,0.01846392176517322,0.051778099999456026,0.059953686653943475,0.0010377029959793165,0.10142246975667073,0.02580547448354698,0.05045098215896859,-0.008883638853168715,-0.05063550296855096,-0.0009733805599053622,-0.07232203273516925,0.025032302128198663,-0.08592368959878216,-0.004039176680550238,0.005228205088031745,0.0026427717536910544,41.83967837393288,68.666665,1.2595426290935336,-0.000380952,-0.000380952,8.0,0.01981001315733926,0.06106284400276933,0.01507506947299518,0.055345872643572526,0.04160780699044565,0.0009883483473703465,0.09918417785453687,0.031792044495119944,0.050816739710354115,-0.011223530831030896,-0.055793530105802146,-0.000862230665455323,-0.06565543685425582,0.026750726673495616,-0.08255505273551028,-0.0032918101548279383,0.005355447885338126,0.003442471001572872,49.19931276995537,69.5,1.3614907629671378,-0.000380952,-0.000380952,10.0,0.033235245686802646,0.05073844490741128,0.03618081665061834,0.0193744179529922,0.07979191120453687,-0.023121240096045353,0.08937649071914218,0.031129383326478362,0.03705796380762627,-0.00868036068296299,-0.07295404066393098,0.072736929614401,-0.17303697266985651,0.14011133299838893,-0.23632907148072918,0.09424350201993585,-0.03761085405235576,0.008609684395807962,55.38790262937001,70.33333333,1.3640844065310216,0.0,0.0,12.0,0.02956376293568708,0.037407763478714516,0.04591729223061655,0.02144605702226789,0.0867071085342658,-0.020828345618421007,0.08688849474502096,0.05349434877510461,0.029976280102209103,-0.014514879844851301,-0.08016195845272846,0.05605899787857289,-0.17136220310977754,0.1298639414039589,-0.19855163648301588,0.06663702823875157,-0.05838707689384611,0.0015186812242508833,60.749203476247544,71.16666667,1.3680011811164388,0.000126984,0.000126984,14.0,0.029861739827512314,0.04339360701379223,0.026727886647819398,0.041777114125313715,0.05551159154970264,0.004908163508563449,0.07169876031294681,0.05997816335066909,0.024025678408877215,-0.025713132131954523,-0.036183317635982495,-0.025795626987456185,-0.05111506812776371,-0.07493370487627597,-0.006022951961152321,-0.07938179161578995,-0.06281176987218719,-0.018723632072189113,65.96923531361891,72.0,1.403979745636871,0.0,0.0,798.0930003293289
0.0,0.009077516380676833,0.06605810270923841,-0.004689380025462271,0.12829437127119087,0.013805849238503322,0.02951481817467321,0.10347743847963432,-0.017642847217538636,0.18491297219850075,-0.00944960514239167,-0.020902721552272716,-0.08540478918131506,0.09004460400103916,-0.355973594614838,0.3077215060980471,-0.4827492025277739,0.1868992381216737,-0.4584941780173247,0.0,72.0,0.0,0.014583333,0.014583333,2.0,0.0066676307538176965,0.04830508994835334,0.050051244192473296,0.06706088053640985,0.005508267621768209,0.05127446704594456,0.06464614754069277,0.049797771527742486,0.054902747939620564,-0.006229681947785702,-0.04742538166195088,-0.05382625200079899,-0.05879505433357058,-0.07223390576757327,-0.02838740195972574,-0.10297234616194871,-0.09244897570650426,-0.08977208401156696,20.180291495557295,67.0,0.5408884279308319,0.008574828,0.008574828,4.0,0.006275953911022748,0.026805127356222955,0.05066220437524533,-0.0009697028649272519,0.08671587070971219,-0.002196109137419116,0.08644235126110797,0.06153906059598053,0.07411622375152342,-0.008340579883349393,-0.04100969660342434,-0.06541373076819477,-0.004465683647572324,-0.11394094984470428,0.012297388192986418,-0.0863150301567239,-0.028077419884786337,-0.058570235240301416,33.824123673471455,67.83333333,1.1679867094974767,-0.000742686,-0.000742686,6.0,0.018725062957471717,0.0707162200661953,0.02145173152241766,0.054203818972960185,0.05696058265729701,0.0010143468487887476,0.10750484918125003,0.026753057307784576,0.04213736436487419,-0.009608408215342965,-0.043995341797955015,-0.0009551257256363386,-0.08708770183665643,0.028440522874426204,-0.07990547617655135,-0.0028502527039028884,0.006544747724330358,0.003268943851711942,41.864647149183284,68.666665,1.3922826006954687,-0.000380952,-0.000380952,8.0,0.0213920368143628,0.05478029169113798,0.014774125736206423,0.04907410004293809,0.05622239997755833,0.0014196705751624314,0.0815708344584742,0.027994436246381895,0.04841309196574468,-0.009313760569549637,-0.05794874566113555,-0.0011298446748073201,-0.08690943792713697,0.029930399085652603,-0.07584202204435708,-0.003020139690025382,0.004749866431595114,0.003625328879264187,48.80373500333449,69.5,1.3838654257475194,-0.000380952,-0.000380952,10.0,0.03631861114185608,0.03658782006356638,0.031306477264144296,0.021235215563454136,0.08627136296380371,-0.028877685529969332,0.07862012594394342,0.03258288179119449,0.028131059207786403,-0.01007155530194502,-0.07369053523852812,0.0697072232948636,-0.19209950118606312,0.17806294054115132,-0.19615777290650102,0.08071254611623944,-0.036439289156699854,0.01208339676582561,55.18164181737823,70.33333333,1.3357847171520758,0.0,0.0,12.0,0.03971572592282449,0.04219658757680201,0.04301051179280979,0.020688801742149713,0.08227052214538233,-0.020777525918039618,0.07124089579834475,0.05021256046000111,0.023252802534826398,-0.013752767866523654,-0.08319201279352673,0.0625990292554222,-0.16176890578702582,0.12904993589266908,-0.18132185117526084,0.0526948018492497,-0.07022899438143723,0.0021778408425810886,60.676945131898954,71.16666667,1.3291271985341369,0.000126984,0.000126984,14.0,0.03367522536228508,0.043795586968315696,0.03192040350246373,0.035493343389916936,0.0734025965185212,0.00634207285665027,0.07268941702918076,0.06564988271144201,0.024893250835290596,-0.031204852187222663,-0.0441856413737173,-0.0328030759499251,-0.04939828009250915,-0.07197104826791344,-0.005592529976923588,-0.06194368591763839,-0.06512154248230816,-0.025029415567029714,66.15179773850532,72.0,1.4196771071473369,0.0,0.0,674.6833594207079
0.0,0.012090813745084195,0.06489973301990429,-0.005385053743333165,0.12349707385373498,0.014114266648333713,0.024159550418544628,0.08822024118288503,-0.013308616456394607,0.18640103025344373,-0.011520717872913538,-0.01751374874326472,-0.09215459191723568,0.10036699798761568,-0.3249999508847553,0.2365420286313175,-0.44083835935119037,0.19156320253550535,-0.3887195638898429,0.0,72.0,0.0,0.014583333,0.014583333,2.0,0.008730797842040736,0.052596736290537384,0.04786527798732347,0.06125814495694456,0.006028018106812438,0.04644645729008119,0.05632168775734401,0.0628380656818336,0.0565627679803231,-0.006817993193883334,-0.03539156883896827,-0.041460997525025294,-0.05896693608326537,-0.06639921963782788,-0.027296455426582853,-0.09580302110511775,-0.1049140485519916,-0.10596726953945632,19.80883799533676,67.0,0.5242672653166256,0.008574828,0.008574828,4.0,0.005616399392192144,0.02771382473711335,0.059752258800143045,-0.0007848000011320785,0.08420193999618686,-0.0021187859890453064,0.0886905754383479,0.06890337787892183,0.0664792144870406,-0.009178699808656501,-0.04649745167846873,-0.06716843412502774,-0.0043081691041645005,-0.08724788131125781,0.01294663242386974,-0.09149727937790879,-0.026745366721384577,-0.06007633493378727,33.767562809147044,67.83333333,1.1574044038379876,-0.000742686,-0.000742686,6.0,0.01666480957588714,0.05042423212266992,0.015850380068936545,0.05245902454274278,0.052251439332082525,0.000990782668915924,0.0910801410122707,0.0337755972827553,0.04634151653277495,-0.011176747615738954,-0.04745148306531051,-0.0009862487035122163,-0.07258327865072214,0.03195819199579698,-0.06697538625466122,-0.0033691183685749357,0.005728135795922071,0.0025297562061044874,41.91885574049982,68.666665,1.3200192620600595,-0.000380952,-0.000380952,8.0,0.018287865793766307,0.050802895430786046,0.017899030786679492,0.050252274093047104,0.04855793694708869,0.001030162120201413,0.10781391943517978,0.02712843289710785,0.0459381782788458,-0.011374333987048412,-0.05201480125713879,-0.0011970000553808572,-0.06950102624337498,0.029149307463298944,-0.06850323363250614,-0.0033470784333444773,0.00493257117374552,0.002881376077642656,49.006256102208425,69.5,1.2821970864583463,-0.000380952,-0.000380952,10.0,0.02556125989839832,0.050828800036577554,0.03968709184176101,0.019570340667004384,0.06960004306544976,-0.024908221487177435,0.08856805476466321,0.04401409400332968,0.032832695382973405,-0.007874103841990982,-0.08969115851898372,0.06287609168724631,-0.19145113427268692,0.13737028205466498,-0.20708892032374385,0.08409220492975866,-0.04411090874159291,0.010359827091994674,55.111106014626884,70.33333333,1.2342987670471832,0.0,0.0,12.0,0.04007661432701484,0.04682969807575232,0.045017529773599026,0.015489720389554056,0.10569569708544684,-0.02805256927192806,0.07206633596859133,0.055493454951004065,0.029107529917186327,-0.01846487274099354,-0.08833755036180867,0.05995075753370309,-0.15481991200867815,0.11294900780348809,-0.21233918484006442,0.06112036750135188,-0.05967388181915986,0.002104092677443093,60.827926742811975,71.16666667,1.245536318770152,0.000126984,0.000126984,14.0,0.030060785947815083,0.0465147344020645,0.03649783614609641,0.048972429395256374,0.06934756098245486,0.005052391085825463,0.06726655001894218,0.0695723365412549,0.02510454810437376,-0.03331466754090798,-0.04028062745373291,-0.03191940903290955,-0.04459976794346429,-0.07590113199662285,-0.005446316432616964,-0.059452185719945094,-0.048623317334668126,-0.02490678260463556,66.14044104339506,72.0,1.282307670630436,0.0,0.0,642.4023223862778
0.0,0.010564437416451434,0.07783094018110873,-0.006226457466636891,0.12001933881414102,0.012774605745636526,0.03456015325625033,0.11125012573951663,-0.012948566096514626,0.17068276962607154,-0.008167470454403069,-0.017557502803004128,-0.08987754414829986,0.09420619278120669,-0.30262678106428303,0.3110526110281865,-0.46505835157620945,0.1661462550791817,-0.43098163898142783,0.0,72.0,0.0,0.014583333,0.014583333,2.0,0.007746522973835278,0.03937709243217847,0.03639158647907758,0.06268659975671252,0.005525888065210405,0.06799094953562511,0.07040755704211939,0.05659631850110141,0.07933890760612893,-0.007278785416934831,-0.04063795818244044,-0.04945472786794554,-0.043705205209121335,-0.05516564577670156,-0.023045884186413776,-0.13575504117037562,-0.08832335859175273,-0.11972045143384379,20.046586960666893,67.0,0.5768491879727744,0.008574828,0.008574828,4.0,0.006266730893478259,0.02965832190624741,0.058108728569087886,-0.0007509219368595227,0.06665528961306767,-0.002020156986636751,0.07321550175459034,0.06020115594085838,0.0713608849031871,-0.007958852833112103,-0.04467774136887785,-0.08056736859202518,-0.003511638524055895,-0.09746462966500836,0.013035117990715307,-0.09760758042518042,-0.029689485307990506,-0.04350219389396374,33.59484074082666,67.83333333,1.249128072227397,-0.000742686,-0.000742686,6.0,0.016111293366308375,0.05048841652631473,0.021269089895622283,0.047069929662334156,0.04286265743496817,0.0012607026392448348,0.08180792106004123,0.03771388252669664,0.040827090301347485,-0.00856959950516088,-0.05048193450442333,-0.0011723792051969873,-0.08202806317968404,0.033608781482883016,-0.08269558624358685,-0.003211658397213315,0.005958652336554158,0.0033144970550100174,41.98452596106673,68.666665,1.375249611556859,-0.000380952,-0.000380952,8.0,0.021703516233310786,0.06412550650524752,0.01622184557727351,0.04674242541930002,0.059795502856943496,0.001321487116982204,0.09676317273519087,0.032036062123196665,0.03987198683685615,-0.009096135488769619,-0.04109339558398394,-0.0008260687302770501,-0.08174975310708738,0.023101288411281933,-0.07467735367860744,-0.0028234404159918785,0.005613159334581645,0.0034545778700076774,49.15361699753587,69.5,1.3474958646775559,-0.000380952,-0.000380952,10.0,0.03242595388817205,0.03616913284485354,0.03217367130754145,0.018970893474157327,0.08843674142543399,-0.024558963432435545,0.08259476313179817,0.03125286402762537,0.03191291917658331,-0.011198849042590194,-0.1051837555257237,0.0767241466039369,-0.1894507229762199,0.1272460785906143,-0.2078549114667606,0.09404762830933702,-0.03902679516698172,0.010935043469091972,55.2164345730537,70.33333333,1.3043637394575405,0.0,0.0,12.0,0.03086261224892787,0.04738708101720151,0.038353743160731806,0.021177629292670277,0.07420665574248309,-0.02831489199010072,0.09904268348370085,0.04818829151356912,0.02913970489551629,-0.013556644653979,-0.08307026046457701,0.051993735697353605,-0.17503193515455862,0.11564819529893533,-0.20475801873335586,0.07157577509966825,-0.053530726071069366,0.0019881622565546043,60.643091108724356,71.16666667,1.282564071734436,0.000126984,0.000126984,14.0,0.024894689549076275,0.03795578146909827,0.034255608234613426,0.04549651883838842,0.06183172329519545,0.006365149904720548,0.08154554799686312,0.05326287021244743,0.02734600846607459,-0.034268157050466444,-0.04085628580526087,-0.03305875927937725,-0.04744248852238874,-0.07078914994162676,-0.005070067638586005,-0.05825459251841905,-0.06628129707905177,-0.021302085331191288,65.97453831704739,72.0,1.2711599994336673,0.0,0.0,700.041470810687
0.0,0.01102386594137669,0.07777752026294597,-0.005429232609175769,0.12824759588670362,0.017376328699383926,0.024929466648481696,0.10550329499559095,-0.015152315064470116,0.140664855962414,-0.011262213443963946,-0.022394935497442217,-0.08331670722687763,0.11297330491921397,-0.35286417401596226,0.2344557006838168,-0.4976455162137906,0.16094555683391437,-0.4208239457617542,0.0,72.0,0.0,0.014583333,0.014583333,2.0,0.007145983979924935,0.05590651391898683,0.04916863609861555,0.060222169915774434,0.004990036832084512,0.05374454456947105,0.059066046385147765,0.06446624930965035,0.0678125900463347,-0.007000234973785312,-0.04153739162702573,-0.0411804287211487,-0.05477370123645,-0.0638292595712698,-0.023414461458817443,-0.1282591970433251,-0.08651849489527799,-0.11274481787428828,19.963813920491912,67.0,0.6171702492750214,0.008574828,0.008574828,4.0,0.005895969835658622,0.028411204743986805,0.042817280150800885,-0.0008855405583211928,0.06674922831686783,-0.002313075547208314,0.08318983350241307,0.05982873534910495,0.06128918232314084,-0.007271959115365689,-0.042634817472855455,-0.06884159603168284,-0.003915079049634683,-0.08595988024935101,0.013210442726990887,-0.08666955588157961,-0.03242540590286273,-0.05786149401165094,33.6851326092738,67.83333333,1.1683282347344683,-0.000742686,-0.000742686,6.0,0.020051583948509807,0.05201850084891985,0.01689358743579581,0.04382271523941338,0.04148492409135926,0.0009888650914411498,0.10126057944193462,0.029363636620198696,0.05215980873602165,-0.008325947631163606,-0.05159129285092133,-0.0010402375362273072,-0.08202296293610296,0.030699235845671444,-0.07633630486713758,-0.003612959753993581,0.005867210484871905,0.002779196874753298,42.165657773920444,68.666665,1.3401889910486142,-0.000380952,-0.000380952,8.0,0.020791353558968266,0.057364666637266595,0.01850605293485634,0.06125701021523449,0.05906775407750042,0.0014312054054890651,0.08518968498126098,0.03668208407754769,0.05263185727967704,-0.011745007049142307,-0.058332801158438974,-0.001147862592617281,-0.0754060758044206,0.027062193945252864,-0.07402293040046569,-0.002874054702334478,0.0068521511588397165,0.003250538524588232,49.07649820427588,69.5,1.3668134222177624,-0.000380952,-0.000380952,10.0,0.03295071667471159,0.04182052745045824,0.034764318454473996,0.022861072393533334,0.1016920331423138,-0.02805090704446752,0.09110102044726036,0.04086314836342287,0.02687828489389727,-0.009099800440010398,-0.08750749883611084,0.07218386824176704,-0.16843011420923448,0.16130087517451555,-0.19172517783324958,0.07641893010796195,-0.043376015230714916,0.01239688877093578,55.141084004720845,70.33333333,1.331773818951697,0.0,0.0,12.0,0.03339395162423854,0.04257939753257005,0.043582787552918875,0.018268569689572082,0.07444905252787609,-0.02939169464513373,0.08516796336489882,0.04664954632618915,0.028298219599966985,-0.01594787135078835,-0.09456706516102617,0.0696201093408638,-0.20274474556315353,0.10491519431048783,-0.1890924953636949,0.07476933201780402,-0.06454496747859677,0.0022025173028555676,60.80838416749833,71.16666667,1.3606576173056661,0.000126984,0.000126984,14.0,0.033219562299134545,0.041006956824226934,0.030662543795470457,0.05081671144088703,0.06313606580625003,0.004663695249648029,0.0690262402867754,0.0628069082085284,0.024375483470349655,-0.024831509932367248,-0.04089418995159174,-0.02572643139761896,-0.03738227485357892,-0.06325036422189978,-0.005614719483638961,-0.07206239418842832,-0.058835239313823125,-0.022456821233669752,66.1693210665625,72.0,1.3166285916298943,0.0,0.0,787.4621542356458
0.0,0.011227089656976288,0.0663842975529131,-0.005655725257153442,0.09239410780676094,0.015709811825780767,0.02716544256230479,0.09925893355615001,-0.017213145347066583,0.18357710830756532,-0.00895900083940216,-0.01741995601372667,-0.09116009328804178,0.10000262779347195,-0.3607283465337297,0.2844838014320936,-0.5184930508634649,0.1878299750068907,-0.454657314349723,0.0,72.0,0.0,0.014583333,0.014583333,2.0,0.006961947101921639,0.03995750342400579,0.04389506615417581,0.07529207405444585,0.006093773033534928,0.06645322902218634,0.05566598964224373,0.05907055137182395,0.06090868760946167,-0.006834447565416088,-0.049168247933021214,-0.04369908060170019,-0.04370418406551429,-0.06703772122175909,-0.03066970800772462,-0.13109067506461303,-0.1010528022923675,-0.10052362677746865,20.008390556783787,67.0,0.4903774781608395,0.008574828,0.008574828,4.0,0.007190651612885506,0.03145564208956845,0.05239902238672382,-0.0008693507413622062,0.06794073221423239,-0.002436309498171451,0.07110683587613818,0.07469335008919013,0.06165694264942146,-0.007399469809627553,-0.04802837044640738,-0.05551130993488135,-0.0038899425919652997,-0.10924371457328104,0.011615883022241338,-0.08171175519822439,-0.028714128309006028,-0.05731200582588719,33.7279122980753,67.83333333,1.1147785998672617,-0.000742686,-0.000742686,6.0,0.017983801499024777,0.055769801414655165,0.020532948428000034,0.05177534365389931,0.04411103654916479,0.001433937648389607,0.08985706254902455,0.030167521157760866,0.046083613975774526,-0.011356136990943224,-0.04769757036400703,-0.0010171198586482579,-0.07652242897174205,0.03185393679022911,-0.08295632881931964,-0.002962529295635085,0.006194616206157222,0.0030666138301554606,41.960654997448565,68.666665,1.2606830376992815,-0.000380952,-0.000380952,8.0,0.02119171027287357,0.060123495945995344,0.02097188541488339,0.0651130154133948,0.047936138170303316,0.0011609636401934528,0.08562954179115854,0.03694605573612309,0.0422985766169311,-0.011550039865512866,-0.04651591218495406,-0.0011223751079800488,-0.08341058232858327,0.02472716891777848,-0.07551709388129772,-0.0031616414477204486,0.005301960105718728,0.0029509614729848225,48.937602485559445,69.5,1.2340550744931973,-0.000380952,-0.000380952,10.0,0.02913251754034107,0.04619904986382068,0.030151249988305744,0.02207565687539487,0.09206036119185908,-0.02979382002060158,0.08068369595493236,0.03634670632982053,0.030259926614434652,-0.01059433692510722,-0.08790742415363091,0.0769650349886114,-0.16161109533142343,0.12651154944083493,-0.22648527605938734,0.06802308954523086,-0.03422351599443418,0.010048530211126458,55.10355199980159,70.33333333,1.196550387971077,0.0,0.0,12.0,0.028520374733450902,0.04113664197043337,0.0377549017180885,0.020904047667092376,0.07695532268961408,-0.022546421155546593,0.07918397494524389,0.04950797036614346,0.027916046471617682,-0.013179974909330568,-0.09268767925551274,0.04719684062469943,-0.19863922014388652,0.10028733911813183,-0.14713640459337904,0.055575398294726165,-0.06372069830807567,0.0016547784629678231,60.768760028843644,71.16666667,1.1909930861798967,0.000126984,0.000126984,14.0,0.03420401907596038,0.04745947092893327,0.03265216674011787,0.04833215013681601,0.07802577949264487,0.00442111032602955,0.06243993713297087,0.06927955659063013,0.020898948097651013,-0.034121391480022,-0.0375263427565582,-0.03633182593366699,-0.04716156148932457,-0.055715563331357354,-0.00630406655669823,-0.07969563435832441,-0.061181381912858684,-0.019342508852005103,65.97783170420226,72.0,1.4481773056229894,0.0,0.0,638.114944117503
0.0,0.01252935696021956,0.05906964874659365,-0.006279165392238264,0.11683898213648632,0.01698176963088418,0.027352596397384823,0.0921036437323402,-0.016791854251576758,0.16393842046567852,-0.008059552706676772,-0.01562733563021415,-0.08442461581809094,0.10452931858309344,-0.3567877575656233,0.23830934922133823,-0.43110315843232855,0.1914485680859477,-0.5743384434011499,0.0,72.0,0.0,0.014583333,0.014583333,2.0,0.007500214732356798,0.04111325904415521,0.04929310486963508,0.07346263019792765,0.005810066557970283,0.058131195042569195,0.06927615418012552,0.05366320521128907,0.06086735821159435,-0.006485774882739288,-0.04570072737101902,-0.03652274071765218,-0.04729890772499538,-0.07699491826616878,-0.028279598535787084,-0.1151653463058645,-0.08879160135737035,-0.09985601849263814,19.81635653636682,67.0,0.47837804328185995,0.008574828,0.008574828,4.0,0.006993326613169075,0.028439930473424715,0.04675876007767452,-0.0010101171909789096,0.07671139761081323,-0.0023683944680203983,0.0918746152719647,0.07156454270286107,0.061737980309041054,-0.010186243125188123,-0.04570860145317945,-0.07701999401487095,-0.0035946600901648573,-0.1152902683853761,0.011156619390813664,-0.08253319684749344,-0.027561223592919945,-0.052819811365674346,33.739858693498824,67.83333333,1.086931478325472,-0.000742686,-0.000742686,6.0,0.01984344609285409,0.06371260594247156,0.01616813656822956,0.049434741759159954,0.05024203012366062,0.0012587174636498328,0.1055647750476419,0.03828644685189487,0.03940239125096108,-0.011705365191340737,-0.048562748558140856,-0.0009396549823232533,-0.09349569221660628,0.026630029308263813,-0.07920982045737311,-0.003439850573748525,0.004767856065477672,0.0026183606637046157,42.083716802878314,68.666665,1.3143761361047448,-0.000380952,-0.000380952,8.0,0.01936550589782367,0.058604923918391116,0.018842676963452633,0.05286208836515623,0.050117765662597014,0.0010018945606885753,0.09361367130262899,0.026899121335776353,0.03668856585298944,-0.011920709313794605,-0.05454398024644424,-0.0010005364213484117,-0.06911706084115582,0.028223585473870594,-0.06908836405568493,-0.003454709905933416,0.007021760314446029,0.0026379212525100993,48.80732964299883,69.5,1.2959193519617367,-0.000380952,-0.000380952,10.0,0.025438449615820077,0.047034920330940755,0.04282518129052833,0.020074796613770318,0.08652245730902519,-0.020935390260854524,0.10592887259696072,0.033127604567268834,0.038920508536489526,-0.01082617953928846,-0.07783535679254104,0.05954842356788771,-0.20977212968702064,0.16830221211997362,-0.17890369735626355,0.07980878416535907,-0.037568286829070874,0.010691596368256978,55.102346725578535,70.33333333,1.277686858230169,0.0,0.0,12.0,0.02996940411250255,0.04157516125163826,0.04210142145239747,0.02130630545310386,0.10643069480550818,-0.0250520990614679,0.09352214124636091,0.04995156128667291,0.02039801167870489,-0.014169391493161737,-0.08616804652343323,0.058176447602599074,-0.15722668570328177,0.14266901112487498,-0.14438429057260457,0.06195667688317526,-0.055847690843258815,0.0017904179510836124,60.84865092604704,71.16666667,1.3356014297380394,0.000126984,0.000126984,14.0,0.02839401508881324,0.05054295305820573,0.032258930029867294,0.04892235818302133,0.06861727760822407,0.006148445017764841,0.05669202468411775,0.07122191584277869,0.026271080424125036,-0.035738233677487935,-0.0418098511248919,-0.029980994729567136,-0.0371143442082226,-0.05577800958010634,-0.004986143926319452,-0.07078638411725743,-0.05063751846155531,-0.025357278801869186,65.91202022660299,72.0,1.3123120123265697,0.0,0.0,667.5230897597546
0.0,0.010302873012488754,0.07479773375169428,-0.005977729045929788,0.09039766343562626,0.01313484502997345,0.033191991156019056,0.10789715280983962,-0.01701158135606789,0.12805046255559904,-0.011550855824224745,-0.015633606024881383,-0.09362452196182093,0.10637920526300404,-0.27336086810670346,0.2709937880513041,-0.4736650268649037,0.15522901939187583,-0.40480365372329496,0.0,72.0,0.0,0.014583333,0.014583333,2.0,0.007102678829890604,0.054995795857914746,0.05010192458425873,0.06016554974874715,0.004913426602647746,0.06029151178647741,0.05080967503146574,0.05827634898465053,0.06335167672428647,-0.007297877595030977,-0.0374445324810975,-0.052678332594139454,-0.05254973936918148,-0.05778666154489747,-0.023174302866334706,-0.12301680417515617,-0.0954441657323969,-0.11447639227866528,20.14023438680108,67.0,0.5771927791012903,0.008574828,0.008574828,4.0,0.007147051530787477,0.024204463913572224,0.0471247321035335,-0.000687360408634296,0.07863523857759008,-0.002747625620257458,0.08061250603431624,0.07004518515813227,0.06316580016788614,-0.009158633325774684,-0.039912066125457675,-0.08015421629862002,-0.0030632767374659544,-0.11761815600236897,0.011391864601040734,-0.07874477308442271,-0.03308914053081951,-0.06057423716229892,33.77205719627916,67.83333333,1.0718523252893934,-0.000742686,-0.000742686,6.0,0.01900903446435167,0.06932839571831553,0.01881829326175868,0.05307245401090539,0.05275834717956963,0.0013966772133446616,0.09259088380344599,0.03283460898588093,0.03795780457364871,-0.012116513507170402,-0.056926616089092705,-0.000945812445394207,-0.07688596870148935,0.028613406577633185,-0.07820386072969195,-0.003320412385754244,0.005848171992936947,0.0031591292442696957,41.882179744355575,68.666665,1.226191931554189,-0.000380952,-0.000380952,8.0,0.01898105547155018,0.055491336058552956,0.01605966857542717,0.05138203692381004,0.04163469982018351,0.0013135406415711913,0.08997424278409946,0.03702650947113795,0.05330308470665208,-0.010232180739975463,-0.05645469781368312,-0.0011437351730450565,-0.07252435655715268,0.026125748939192152,-0.07275332595238272,-0.0037810976837919018,0.005859979459925546,0.003411348450990178,49.021285024433126,69.5,1.2662380774371922,-0.000380952,-0.000380952,10.0,0.03373946149005355,0.04327339742261167,0.03403127852967995,0.019081558938560873,0.08085128743025244,-0.025693900342492842,0.07758508940290834,0.042831217900940265,0.026501046550828376,-0.008075959005861912,-0.08067712270695855,0.06222812188287642,-0.22489637255796577,0.13662136909806127,-0.23528976037364438,0.09241844332553305,-0.03720045550898219,0.011112709926207885,55.11146269108093,70.33333333,1.233623674020716,0.0,0.0,12.0,0.030742208571328575,0.03898265518122926,0.03494162110703781,0.020991716818072898,0.09245858690915361,-0.02266421039867677,0.08169957491031815,0.04392873523315022,0.027948880892778045,-0.015452433127976388,-0.09223656707031566,0.04927148910701491,-0.21188817571926158,0.10029066786964971,-0.16028398518487358,0.06570957858903562,-0.047066304099911804,0.0016738199542905203,60.8760700569138,71.16666667,1.2522787658952157,0.000126984,0.000126984,14.0,0.03176748439772387,0.044128720782250025,0.028553737125931792,0.04862132690763749,0.07101220909373501,0.0050244654475908755,0.06670758353458642,0.07170675405535319,0.024649120948063527,-0.029506631496257676,-0.051652461130331506,-0.02714393835101843,-0.04265965798853545,-0.07381580289347583,-0.00469252228744796,-0.0592967473421678,-0.0717697123338455,-0.023010138032773558,66.14554074116019,72.0,1.4412609045852645,0.0,0.0,587.7388430920976
0.0,0.0101032206906621,0.05584349315075472,-0.004718814891815125,0.10891468517836722,0.016083891542531658,0.02817009599325683,0.10255822001627592,-0.01738348704540498,0.14563264413312088,-0.010817286240764204,-0.01646459782921894,-0.07016794200924452,0.11793143403844646,-0.330664462077494,0.2941392256410309,-0.4131308803449927,0.20769071636719713,-0.5416009821813513,0.0,72.0,0.0,0.014583333,0.014583333,2.0,0.007365190087399461,0.053605194085097584,0.04923772708969236,0.06632289674686842,0.006334445928808092,0.06453017063225279,0.06297496561630979,0.048680740158579004,0.059017746532688,-0.006006223071593968,-0.04384114183772571,-0.051312107286459234,-0.05512954418416086,-0.059632119878201696,-0.030712750511320875,-0.11044054403828692,-0.10635169313586768,-0.0973641128337877,20.107755988800264,67.0,0.6316191346844857,0.008574828,0.008574828,4.0,0.006719200397817392,0.03003789977361777,0.051678450357940255,-0.0009907982220847993,0.08471308361664165,-0.0022041163769502244,0.07281927334971153,0.06119542477228091,0.08279541165316046,-0.007720191417309933,-0.039270614747379286,-0.07033574989714134,-0.004378480722947283,-0.10664891724555181,0.009963562322369758,-0.09890767597115781,-0.02838328967589522,-0.05762309599445456,33.79194772160025,67.83333333,1.13682198288737,-0.000742686,-0.000742686,6.0,0.019251682952343432,0.06113038758826445,0.02077399478240349,0.04634822900146248,0.05791414445556035,0.0010436916436811921,0.08114797786093261,0.03468610591962723,0.0481938202050847,-0.010754693788893127,-0.05762723726162811,-0.0008315953717929325,-0.089504160590649,0.02817822882826212,-0.07686709965367489,-0.0028243575857738994,0.005141990185939136,0.0030846456979351337,42.070824696683005,68.666665,1.3038311879586362,-0.000380952,-0.000380952,8.0,0.02220388277245707,0.048459295376720765,0.01846711997231511,0.04685308771345655,0.059317363457167434,0.0011789831088463477,0.09798531892206602,0.028181237972261877,0.04299173244486141,-0.008663302461935128,-0.058054477127468314,-0.0011209427305854107,-0.08427440893261011,0.031896136894525584,-0.08151916698793465,-0.002729552514381143,0.005772336948702624,0.0025897635407572334,49.1520038933128,69.5,1.288912586721484,-0.000380952,-0.000380952,10.0,0.026516941915774455,0.04363920070091688,0.03310261837732091,0.018223503798179833,0.0709379176523698,-0.02429288560823803,0.11263498080419859,0.037733717810212425,0.0269476716120791,-0.010946369244002786,-0.08969737556677597,0.07302164872171589,-0.1936043528952955,0.1736826322899363,-0.2095187538544199,0.09979219848937626,-0.034352119814904214,0.010673810124723397,55.18835682939445,70.33333333,1.2449718040605735,0.0,0.0,12.0,0.036046723638700325,0.03882654781364585,0.037163383453712916,0.01705613324293918,0.10342580053218432,-0.022378289642003713,0.0729653764278247,0.04312682247773205,0.023383881990166926,-0.014339282896232783,-0.07039598599227477,0.05032281756166247,-0.2077536333884412,0.12480170640624384,-0.16903238356158976,0.051648061984636416,-0.05063157706763064,0.0021274323336149532,60.92966638028674,71.16666667,1.2530301098374825,0.000126984,0.000126984,14.0,0.030013043556368576,0.04300790273807848,0.02913429573321789,0.04601375161046195,0.07570020538692049,0.0054407420481252106,0.06027353211221453,0.059261916118025094,0.018602277104495177,-0.03563673693619089,-0.039881731426438236,-0.036505951688033944,-0.05114781707566629,-0.05849206032132265,-0.004780714887174815,-0.07891931046933663,-0.0496090500463178,-0.022293702265662397,66.12415276697963,72.0,1.4205044273984855,0.0,0.0,753.4949327238473
0.0,0.010808836106560579,0.0772266951934772,-0.004581391571945376,0.11046546339448916,0.013666770483562475,0.030572459321616344,0.11074556777400331,-0.018228318833278325,0.14512050878303503,-0.011422000776999458,-0.016027139580646457,-0.07783731835455718,0.08457607144951622,-0.28602762682102056,0.3079903284925569,-0.4648400808419232,0.2067544911993736,-0.5147298523007218,0.0,72.0,0.0,0.014583333,0.014583333,2.0,0.0077396214712015165,0.03933978426444015,0.0445364429721186,0.05742955434446011,0.0051904151898140545,0.06159745360781985,0.06668457110168406,0.06641044041446695,0.06983799987428758,-0.008378988482538182,-0.042775212489174666,-0.052140775398129335,-0.049400109029633106,-0.06274220504749799,-0.024101392399879205,-0.10968215542416115,-0.0887496530146755,-0.12763174030206068,19.806893538821164,67.0,0.5923527471322598,0.008574828,0.008574828,4.0,0.006171049953064563,0.030395785349090012,0.061464960153522506,-0.0007648405212797184,0.09048566345661312,-0.002825116523056662,0.08133579937791949,0.07458139050057859,0.05701981463451853,-0.010091421780717659,-0.05390854004211034,-0.0783409018990792,-0.004261307062842703,-0.08455900507416834,0.012190612275749815,-0.07989959324144907,-0.032865495120511984,-0.04649691226835483,33.69678606460017,67.83333333,1.1432314177677314,-0.000742686,-0.000742686,6.0,0.0214944486527996,0.06841966139027869,0.021198942619518855,0.05968846862659466,0.04872075539846926,0.0011440490887363718,0.10554667828759375,0.038291041636458904,0.04087499106324786,-0.009260861187071017,-0.04966720301779843,-0.0009952629936768296,-0.08386635152162,0.026394526634630582,-0.06557227028015251,-0.003660094381042078,0.005868480786752287,0.0028336128732657007,41.975161179732225,68.666665,1.3095818750639476,-0.000380952,-0.000380952,8.0,0.022362269602753743,0.06042200368825798,0.015265811555832018,0.05118462471428447,0.0588126341263205,0.0009955297487747796,0.10129570436458375,0.035126565498652985,0.04909805361646404,-0.011655993923889633,-0.05824819413949575,-0.0011757743425048286,-0.08289972974964793,0.024183086955212388,-0.08893849032246506,-0.003392001492745233,0.004897398527905356,0.003510680158595091,48.971388653220124,69.5,1.3317493183164075,-0.000380952,-0.000380952,10.0,0.028659397732413747,0.0520738942772586,0.03014497741634778,0.023855745146663426,0.09426592047781311,-0.02812492062860548,0.10693821675238875,0.03130850872485828,0.02696842301874606,-0.010238973119041216,-0.09741429942651524,0.07206999334399648,-0.2125486895129112,0.14003355894296132,-0.21336609636947737,0.07591973218484921,-0.03894945634304128,0.012616239627233013,55.11241896347334,70.33333333,1.305145065088702,0.0,0.0,12.0,0.03977354124837433,0.04420081079851978,0.038722708329586,0.019808654289595395,0.10657449755909808,-0.02059928579835906,0.07496258343168596,0.04113212772995294,0.02253438352637638,-0.013794048419653458,-0.08087520599836154,0.0615447813463287,-0.18233596821723413,0.1393005223595903,-0.1851515033960216,0.07449795587066269,-0.06591155690190212,0.002202250410392388,60.89166419744431,71.16666667,1.2554075978509924,0.000126984,0.000126984,14.0,0.024766371853871056,0.051487771404506104,0.029167499399672787,0.03964196009344881,0.0651852361778603,0.005912205644953043,0.08090833685518037,0.06690540224487289,0.026297763908929964,-0.02918441058368419,-0.04541256028783764,-0.03276710602899278,-0.047356467451093204,-0.06697868632999904,-0.005185368651332823,-0.05990367744403857,-0.06344191857609688,-0.021813222061113125,65.89392832071654,72.0,1.3629345120464489,0.0,0.0,724.1981229190361
0.0,0.010626644497185915,0.07802978028933262,-0.005972332501763408,0.12328577263882146,0.014550800827112426,0.03095992334283985,0.08667238199337708,-0.014427507152819994,0.1840520717675139,-0.00797899020904805,-0.015463030972654564,-0.08349381979822697,0.07980037333824726,-0.3628034267253195,0.3050615875484328,-0.4517135183967024,0.18027561528456532,-0.47517686733768716,0.0,72.0,0.0,0.014583333,0.014583333,2.0,0.006630771559182318,0.04503941184680659,0.03704526987050063,0.06120723358932006,0.005490943657879088,0.05751680436560687,0.07186529944244037,0.06218193747146098,0.07324492370695145,-0.008226680509795772,-0.0465854297006288,-0.04651444527463382,-0.04194263834505387,-0.06064610680603557,-0.032653720256559354,-0.11073708122984628,-0.08111673242705793,-0.10257644898371124,19.86338587619778,67.0,0.5743487489628366,0.008574828,0.008574828,4.0,0.005207138693774827,0.03260638984563393,0.04739507350126275,-0.0009664797714867374,0.07282726084888033,-0.002374588735697312,0.07345200167457853,0.07978774271066016,0.0594261503561952,-0.010324217480639874,-0.046641428427509096,-0.05871263755702524,-0.003426011778787928,-0.083991949814995,0.010531336860779816,-0.07816911813410808,-0.02722922210781073,-0.0602004976703061,33.76429838818032,67.83333333,1.1099710085289782,-0.000742686,-0.000742686,6.0,0.021208668101532772,0.05661182006739903,0.019570848630487334,0.044334098832647745,0.057207278579829615,0.001000543837868185,0.08164764312201332,0.038158820560830656,0.04111231214984724,-0.00955904913335213,-0.04485385120052552,-0.0011706665690015671,-0.08300643060555112,0.02423781583546509,-0.07835644155643882,-0.003431591170098423,0.005741807345647833,0.0024578567044558413,41.86004098346737,68.666665,1.2619985941994605,-0.000380952,-0.000380952,8.0,0.015540653281332797,0.06209554483815373,0.01804438521369993,0.05866581434590263,0.053010679133134356,0.000975464199302064,0.07722114076914487,0.03337436884258974,0.052361702107747966,-0.009838657770654458,-0.05787324826672572,-0.0010489839311135622,-0.06877497358147851,0.028825882879650943,-0.08791701541643979,-0.0029984723491370824,0.005051029737338347,0.0029745539099074775,49.13743953704238,69.5,1.304534008280254,-0.000380952,-0.000380952,10.0,0.03104308460046396,0.036620970472201565,0.036265094923543344,0.02171709117277728,0.07548438231982661,-0.030917128548093375,0.11150734655423862,0.03192601494118955,0.02648092022270928,-0.0077936225405675396,-0.08444524807528449,0.06938087315341672,-0.20977645328830258,0.18556255482357958,-0.18966893320125452,0.10144814747331048,-0.03349415884515622,0.0098664525290323,55.06382269525467,70.33333333,1.3293482601043105,0.0,0.0,12.0,0.03205081150916108,0.043819309725674736,0.03862697541985457,0.01482126981865871,0.07964864177894425,-0.021100142839233817,0.08107254176051955,0.053287772925222805,0.029197341265222193,-0.018578081053179502,-0.06881895566059722,0.06732133132235078,-0.1818543850678835,0.14657383897336124,-0.17403862827631722,0.0665068273204695,-0.06786401174643841,0.0021664012040083936,60.690944906075295,71.16666667,1.3535172026834397,0.000126984,0.000126984,14.0,0.03248311158700928,0.04846688659187356,0.029891933239652453,0.04796036809818186,0.07112508980589799,0.005695968373057292,0.08227769546909047,0.05928910289979529,0.024497938286177922,-0.03518500760919589,-0.03562546262416861,-0.029771504521845307,-0.04617302672278058,-0.0583368855199909,-0.0048228193512674334,-0.08357346827847993,-0.05438158337751839,-0.026792233657000376,65.95930296235598,72.0,1.400399246045382,0.0,0.0,747.08183604135
0.0,0.012196552900194729,0.06688790322399606,-0.004785852972614253,0.09504893809847544,0.017549259141108463,0.03197087684690259,0.10898068430569395,-0.015075773940829968,0.12844330669049475,-0.008581277672894643,-0.019116336451336893,-0.091518177941089,0.08979850266314596,-0.3402753842153364,0.317417597447998,-0.475194560649835,0.17923992218783968,-0.38936552157281584,0.0,72.0,0.0,0.014583333,0.014583333,2.0,0.007529239308592713,0.04752070766969181,0.044164662739202304,0.06338982769543865,0.006834276936918953,0.04869413665019644,0.0649869144488981,0.05014690714920539,0.07296986106670006,-0.00758750288260198,-0.041542695519361184,-0.044783576567511016,-0.05494110192788299,-0.06869158388862669,-0.029844712602485484,-0.13368649975583408,-0.10590376956050798,-0.1187663825939093,19.814852265234805,67.0,0.6121520100642992,0.008574828,0.008574828,4.0,0.006050903710004237,0.029130950411937605,0.04447874433574461,-0.0009982752673239536,0.08134295406739904,-0.0021889284911463386,0.06986306002295439,0.08039059559514028,0.06335414569333,-0.009293063385141095,-0.04912285024989663,-0.06080782228817481,-0.003181894929606962,-0.08712825558803657,0.009882351094637332,-0.08350578609836538,-0.024643758532917677,-0.045170103398718145,33.59940139259909,67.83333333,1.1677103748096278,-0.000742686,-0.000742686,6.0,0.015163410440543753,0.054633962313532264,0.017902666662544267,0.050522345281253746,0.05520735771417113,0.0014104589204560918,0.07959542195196265,0.02578360657637153,0.042265746655898336,-0.011426713020798996,-0.04927404481840359,-0.0010579068569335445,-0.08777333958158905,0.029070615185145542,-0.08006656956132135,-0.0035743768590620895,0.006316166373895435,0.002569763371046319,42.02535148564257,68.666665,1.3489906054916136,-0.000380952,-0.000380952,8.0,0.017848543430331158,0.06849895471723882,0.018776285230620977,0.050949232130457274,0.04437770775198315,0.0010226076198666541,0.07674844478490624,0.03320809481916662,0.03625785388691042,-0.012118840078404624,-0.0478033270593674,-0.0010340585725773842,-0.08438748368715723,0.028749899946679845,-0.0738893145681215,-0.0032459259740246333,0.006249891756351584,0.0035173835723351543,49.00490369799468,69.5,1.3666295516025806,-0.000380952,-0.000380952,10.0,0.03578464869073197,0.03621505348401379,0.03360372999957407,0.01921899610083498,0.0819956037725928,-0.028214193465298316,0.0870362841316737,0.032394288378606674,0.031048183804368752,-0.008904043299454583,-0.08314785441690564,0.07012844257083542,-0.2269885529820784,0.1424006000414482,-0.1980216875475401,0.0842965924925712,-0.042025193604689225,0.01019874624454948,55.28812113498073,70.33333333,1.3471485948646273,0.0,0.0,12.0,0.028373536938558826,0.042698349546375934,0.03885455215992855,0.019195244998245573,0.08481833208471944,-0.022070401811134857,0.08658848379056003,0.04052770281449245,0.025264886827021445,-0.018423144701561436,-0.0901946348556946,0.05013256722762633,-0.18474703424263367,0.13907475141500153,-0.21331998067785488,0.06994737602463923,-0.059244166539454524,0.0016806204505945867,60.989122207435464,71.16666667,1.323813688718615,0.000126984,0.000126984,14.0,0.032886143312943476,0.04980260535620527,0.02475807813092916,0.04523428178605617,0.06321774431924086,0.006007196049241655,0.0694613434451833,0.052009482052705926,0.019576954837356348,-0.03422514698025461,-0.04624292767381934,-0.030648345532572736,-0.03843780485303007,-0.07349647278078669,-0.00458267625211176,-0.08396300940684909,-0.06549064521823217,-0.026429513623941383,65.9289584102661,72.0,1.4111170229610226,0.0,0.0,703.1472100877149
0.0,0.012046158879255269,0.06840867048443763,-0.006267533283640893,0.11171437248363245,0.016076712914049555,0.02646557035066431,0.09047215257899306,-0.012873158616148395,0.18580927322944793,-0.01067321395091618,-0.0221343797545053,-0.07225604829538025,0.08533342504720119,-0.33432738127554196,0.29256813204238813,-0.4029810194182588,0.2102216492649712,-0.47645941429455724,0.0,72.0,0.0,0.014583333,0.014583333,2.0,0.0062421526563823295,0.04183102935216195,0.04958029313150287,0.05548010690279685,0.005498798891224972,0.06229235293937786,0.06790842743969493,0.06306255030229052,0.06323090833397356,-0.00835196254958871,-0.03727138935395785,-0.04115521131912975,-0.04172816385138728,-0.05356440369041803,-0.02437867328425202,-0.10212027180154494,-0.09520850177536602,-0.13038645831536724,19.953882652192547,67.0,0.6082274602182449,0.008574828,0.008574828,4.0,0.007271192847936953,0.033611141803604874,0.05637892173356015,-0.0008463008326185615,0.06511409303991662,-0.0029125888702352183,0.08191434378685436,0.06828091251351069,0.07682041431566829,-0.009806780326022049,-0.03922577961760475,-0.06946476673731058,-0.0040175745948744165,-0.09814787231415276,0.01199341005641564,-0.07054932374351228,-0.028482987612766113,-0.06310173399506182,33.845129690994476,67.83333333,1.1037524294055054,-0.000742686,-0.000742686,6.0,0.0159789612186011,0.056158241919508356,0.0145361115605419,0.06424411257802314,0.043802963548091454,0.0014078679534972095,0.09734583884183064,0.03767014185349338,0.05319197924912706,-0.009352802716965975,-0.050668338586330505,-0.0009023281909276034,-0.07732686992199589,0.026243262694123495,-0.06398614289425286,-0.0035754128882707465,0.006668989610593342,0.0028633629407593206,42.17727803540854,68.666665,1.2252837655718878,-0.000380952,-0.000380952,8.0,0.020124711984712104,0.060751208962026675,0.020607353282123344,0.05448854607412277,0.041192350371801474,0.0010797265188430551,0.1067388220247454,0.02824511083794061,0.041515627659318,-0.011354300269220605,-0.0500620630599052,-0.0009101002606298017,-0.07567237677845853,0.030941384710866802,-0.08761166691317379,-0.002920630336227382,0.006708622539854787,0.0027600854774589216,48.80935624620095,69.5,1.2378748633749075,-0.000380952,-0.000380952,10.0,0.026855612543765367,0.05253511857046649,0.03710133767954991,0.02522141306269705,0.08441562601877209,-0.021202848515183167,0.0972643365059519,0.038436355477022996,0.02791495518091304,-0.009895049467057363,-0.07603077252030296,0.07465061912384759,-0.22163232678742373,0.18224334968262806,-0.24131980621669938,0.07097640240604838,-0.039356605148732085,0.008955230012777985,55.39022343074582,70.33333333,1.2178052447754084,0.0,0.0,12.0,0.041334880810135026,0.04717644791825563,0.041427902833691195,0.019480515727433083,0.08949707807720261,-0.023629106944988373,0.08004901678009128,0.04669221153571881,0.0293825844744665,-0.016470125710972817,-0.09985552617791298,0.05281544218095369,-0.19125105104953846,0.11198411453865033,-0.17724745913917644,0.07312634494230212,-0.06442470326709833,0.0021342968912264914,60.71082264121923,71.16666667,1.3190291281510542,0.000126984,0.000126984,14.0,0.03243501002777016,0.03937490139068875,0.027154017786621888,0.04962855084432843,0.0722909574662216,0.005922582866493843,0.08439212829970545,0.06544645777911948,0.02537298936716744,-0.025023829690071036,-0.04242477628257241,-0.03219993863132417,-0.03824670446379261,-0.06286181692818456,-0.00566969636215921,-0.059229112644872864,-0.07067780492621036,-0.0245808206238803,65.97322024638017,72.0,1.380926427383947,0.0,0.0,663.8752567776232
0.0,0.011727717005620614,0.06967687114542033,-0.0052093133571858635,0.12924064082232747,0.018211075203615482,0.02797216425065809,0.11298138214554986,-0.01424949025093699,0.17680078851797776,-0.010321262783033351,-0.02008894141017034,-0.07216164565644614,0.10911379074745718,-0.3630571251803633,0.26236758475083827,-0.3837838826680456,0.19194888031279692,-0.41799205972284753,0.0,72.0,0.0,0.014583333,0.014583333,2.0,0.007555451779561467,0.04151135783115995,0.04505686488529707,0.07065108224124106,0.0054779311284887736,0.05314868389250918,0.07068284802269773,0.0453754027442909,0.056160705907260154,-0.0065269433469915,-0.04267376415425257,-0.04536689417828143,-0.044591220044623556,-0.07654972587593106,-0.028195807162510973,-0.09557797079694837,-0.08447804095394504,-0.11544008882142778,19.961808977781224,67.0,0.5744084426067658,0.008574828,0.008574828,4.0,0.005694153793055953,0.03277431731792937,0.05725248658304902,-0.0009332681277978428,0.06707792673608866,-0.0024072923062765186,0.07004376551249791,0.07011032527933594,0.06521095756332987,-0.007710205685308396,-0.03838742565451808,-0.06639673276166777,-0.0033830262288840726,-0.11472556805882977,0.010012036112456865,-0.0999360782564773,-0.02982906041598712,-0.05930732730521206,33.76900442266688,67.83333333,1.1273372190058848,-0.000742686,-0.000742686,6.0,0.020892936968031003,0.058868315416971635,0.015027741799342862,0.05121264976990608,0.060864270786537555,0.0010872617854712065,0.0912281991849364,0.030006231938102448,0.05312421894088935,-0.012409760859121243,-0.04877619531588809,-0.0010423316981236406,-0.06773326351454206,0.024514071687120918,-0.08554001472308309,-0.003343851310297067,0.005537476301736564,0.0035830536106782724,41.93903212983788,68.666665,1.2954243241511756,-0.000380952,-0.000380952,8.0,0.016533056917473987,0.06919553965989449,0.020120666861870102,0.05483639791800491,0.048957432008149525,0.001138509582963706,0.08535585208158725,0.02990322472559577,0.05201935611533372,-0.01172520471724129,-0.04624665732943578,-0.001030667708805017,-0.07382928394585649,0.031059626578875135,-0.06421521914861127,-0.0038334388899923144,0.005597427301098979,0.0030583103408724117,49.05476458709658,69.5,1.258024596703877,-0.000380952,-0.000380952,10.0,0.0293695855090094,0.05411129496783736,0.03588153892373606,0.018209262444482968,0.09710566081824051,-0.02136996225582381,0.10069159974028315,0.044317344792007794,0.03215972390637393,-0.00920053769241086,-0.07434107899376093,0.06545041788988952,-0.20713766919188592,0.13906938605183966,-0.23771323396613658,0.09016277448466237,-0.03291128566662271,0.010550908796847532,55.10520849023449,70.33333333,1.2217533691837856,0.0,0.0,12.0,0.03220908101512529,0.046675890969408135,0.048230228988620345,0.018744547363332423,0.08966605227059574,-0.025012578443454073,0.10294349189101396,0.043951979483534444,0.026370752601138144,-0.014350552351296538,-0.07669455769264494,0.07006693777481117,-0.17238164241141724,0.13216184092538116,-0.15849034052475983,0.06685344278474198,-0.049328765158930275,0.002145691012547359,60.68558088638996,71.16666667,1.3110726454960853,0.000126984,0.000126984,14.0,0.025038167632790098,0.04666281223544443,0.028043463366716665,0.048913087841824555,0.07210461717556008,0.0043705492703235245,0.07937460019573314,0.06039750534765756,0.024160604728876,-0.026514328711230994,-0.04471112998709328,-0.02761513715045849,-0.03800634390069915,-0.07508836599759688,-0.0046855341469472,-0.061815523950690704,-0.06649024406984752,-0.019168920576282233,65.87000714595419,72.0,1.4185144547276063,0.0,0.0,644.1544895616703
0.0,0.01117518308921554,0.0683101371586137,-0.005531760842204421,0.12151976325830437,0.017732348720635237,0.0278236372456179,0.08090270249020362,-0.015542656476220194,0.17929967516571357,-0.010688609884509983,-0.022295124334336173,-0.06657692218739894,0.09644193320283939,-0.30697360509333066,0.3258964214618371,-0.46057328159634936,0.17071524834486676,-0.41792458287307716,0.0,72.0,0.0,0.014583333,0.014583333,2.0,0.006640799773251576,0.041095808240018884,0.03934949527271326,0.0674117836599058,0.005764969122230952,0.06377458358883902,0.07316990822483783,0.05467224854649031,0.06669509472358635,-0.006484006139923058,-0.036431183929794254,-0.042267277006185724,-0.05393964749148295,-0.06710304041331296,-0.03218212104870372,-0.10048743908958514,-0.11957870576150434,-0.12594336094000044,20.149414942144546,67.0,0.532352050659,0.008574828,0.008574828,4.0,0.006263742714504821,0.03302822681697122,0.04703877256022861,-0.0008964779653895826,0.06671658859937714,-0.0026602575890037265,0.07645872202648489,0.07980523681342082,0.06115193875832312,-0.007954183122911492,-0.05278994403724054,-0.056622111005448714,-0.004493589116341978,-0.11771743216573642,0.011569822119463986,-0.07856577646808882,-0.023605418313909207,-0.051415273199915554,33.567753968716765,67.83333333,1.0815859002704669,-0.000742686,-0.000742686,6.0,0.01756288014261891,0.07032453317935428,0.020304318660224353,0.06056552548643963,0.05821679112774397,0.0012956371080085996,0.07678619273995989,0.033434525605246575,0.05216479446836586,-0.009905908769153387,-0.04836919506903619,-0.001145020032459494,-0.06498601183751883,0.02445165024445441,-0.07758678185083695,-0.0030563841822798393,0.006335331012672052,0.002467973693643747,41.956206685463606,68.666665,1.260044427805031,-0.000380952,-0.000380952,8.0,0.020084456241843563,0.06705044067666804,0.019928911289220048,0.05234686146774595,0.05316275839405817,0.0012577676234152978,0.09725432864801416,0.02843244103070365,0.052995614431681895,-0.009931746265522937,-0.04249163055662332,-0.0012145199435077234,-0.0760571000450619,0.026610764924299056,-0.07293228100392732,-0.0037132927334700117,0.0049249002822445535,0.0031795262324938673,48.824184606479434,69.5,1.3103773741470819,-0.000380952,-0.000380952,10.0,0.030492187913838877,0.04052394580330916,0.038358513566289026,0.024820815438830874,0.09503152111777075,-0.027097769492285532,0.08288213228436835,0.03127301032024672,0.03644869639721222,-0.011129954978487103,-0.09916421523457838,0.0743831925916242,-0.16682756138037147,0.14899541376019104,-0.23700626282719287,0.07965247593424644,-0.042225465299688354,0.01194753130183723,55.124752449782335,70.33333333,1.3273808976244779,0.0,0.0,12.0,0.03736552905413788,0.035799832442838526,0.03883003979030781,0.01899430928480962,0.07766746288359837,-0.028348869114570855,0.10260982897361827,0.04689485323684122,0.028102490408864148,-0.01798800077793696,-0.07706305394849307,0.06116350494098163,-0.17935203582530235,0.13380754784220603,-0.16623003301304265,0.054707005870451055,-0.06487660941046836,0.001953120302222099,60.60095049373461,71.16666667,1.344975448915375,0.000126984,0.000126984,14.0,0.032282173130221824,0.04096526651721866,0.02935552775895761,0.05151913433828335,0.06161632872724507,0.004793951775262058,0.06440495551699395,0.04997491461044902,0.020963909955670445,-0.029745663724992023,-0.0459934880584993,-0.027857480891161628,-0.03585672499845236,-0.060121173055976966,-0.005014710116465797,-0.06708921294823263,-0.07047247818177069,-0.025859077219639585,66.01842790999545,72.0,1.452570085671128,0.0,0.0,798.3932069521946
0.0,0.011662535927102735,0.05999396383391523,-0.006373484387874739,0.11557523273777529,0.013761677232157356,0.027866729281519405,0.090573502996781,-0.014224028489997206,0.15835422554153036,-0.010270384887128269,-0.021934733001642313,-0.07797888318879444,0.09044699895825543,-0.31737791733803283,0.3288640183537198,-0.4855464764759721,0.17019511245642496,-0.4854603028389906,0.0,72.0,0.0,0.014583333,0.014583333,2.0,0.007944951360644435,0.05178462187225012,0.044886064282398004,0.057902521206516185,0.006923984435814614,0.06453716750642102,0.07152379340650426,0.05224994164558568,0.07834425153881039,-0.006159183905256009,-0.051272262408656656,-0.04766579063009176,-0.04669677737481495,-0.06763775692900356,-0.030789916771722037,-0.10461520834286554,-0.10635847406264802,-0.10009734922548096,19.804457387713384,67.0,0.6037676797152443,0.008574828,0.008574828,4.0,0.007429148701299011,0.026260822033075306,0.056508025685386404,-0.0009605177174749389,0.0923382991339462,-0.002522161883010346,0.07330107321816572,0.06963739480405044,0.07250874896804808,-0.008215881072983083,-0.053335446994844354,-0.06228704159670404,-0.0036659589403240716,-0.08268747163417793,0.012660246734891318,-0.10295967407686797,-0.027634293555859387,-0.05432711604869227,33.79942544655743,67.83333333,1.0716442435437181,-0.000742686,-0.000742686,6.0,0.01951505825565187,0.05393697054351629,0.016014527676204395,0.06478913410755294,0.060946775535340066,0.0013949650095977666,0.11249153290777847,0.029180550134071028,0.047775383284512515,-0.011165132988639978,-0.04858438146914404,-0.0008369151775515067,-0.07406775979070362,0.029220807569536288,-0.08168054185763424,-0.002975516182878956,0.006652175368218162,0.0027951926164625435,41.88982625099386,68.666665,1.2323503393154827,-0.000380952,-0.000380952,8.0,0.021504735356688953,0.04937784183575565,0.0177337993795139,0.05767947501462,0.058354965062891416,0.0013873625459459198,0.09848436941852015,0.02965958685205125,0.03744233550648012,-0.010613495991488111,-0.05105724938416847,-0.0009912245015532015,-0.08768792375332912,0.029998051344195822,-0.06990575242783995,-0.0034691664065130256,0.00629608207792091,0.002649627290339187,49.01882934134468,69.5,1.2417895863417783,-0.000380952,-0.000380952,10.0,0.02763646290127536,0.044034288120198314,0.04369024289249472,0.018401678401763755,0.09091151889541219,-0.022867399290172955,0.11177949034836025,0.030726332879302192,0.029685746094342644,-0.008908932815486385,-0.07465049571172169,0.078354064837965,-0.19529864847923378,0.1369280797628231,-0.21347804656124922,0.08612303751338825,-0.03599751238925671,0.009943000965655698,55.12367203489764,70.33333333,1.2212249721785537,0.0,0.0,12.0,0.038298546614455926,0.0350217076559771,0.035112412102301385,0.01821212453533631,0.10793387483790204,-0.02517328511334806,0.07317864755802816,0.03884983850922788,0.030503990873042338,-0.018283125954223083,-0.08830366902993395,0.06592445516543902,-0.21074325021032989,0.14601528140338751,-0.19465103577402865,0.056585013663523205,-0.06305970576161088,0.0022248929112054223,60.65349196146123,71.16666667,1.265989538018532,0.000126984,0.000126984,14.0,0.030537724999907555,0.039365107682321605,0.03358824806935292,0.03550098167063503,0.057080898122411294,0.005710143673416575,0.06764017659460696,0.05191100947216556,0.024415099128507763,-0.03044312032940802,-0.04250818268509961,-0.03132904310910113,-0.04025303910288591,-0.06795753693225809,-0.005130740741610789,-0.06313015382214897,-0.04951673231862418,-0.0257538614616478,65.87755315432261,72.0,1.3210362405515654,0.0,0.0,778.0877019148824
0.0,0.010008315426346115,0.06644157842035103,-0.005288212406853183,0.1223258910436486,0.012581396764267153,0.0334456308368834,0.08246967440709432,-0.014653310865815176,0.1543136650265261,-0.01145796602580866,-0.01574216483487675,-0.07513099494353037,0.11000395440558297,-0.27026457801385473,0.2740270203537779,-0.5173152549231959,0.2151901091327612,-0.5346437488188834,0.0,72.0,0.0,0.014583333,0.014583333,2.0,0.007941036520072444,0.0437061793500401,0.039061166694918395,0.06241383930835065,0.005489265175797711,0.06746978862371612,0.0660739315436805,0.06167012573400892,0.05377198029623862,-0.006542333527951226,-0.03961688277479165,-0.052769025370377615,-0.049833998346146144,-0.06911670628947945,-0.03283029594336126,-0.13702066189146955,-0.10453900308652923,-0.09166429249777686,20.13561447402863,67.0,0.6272310754124607,0.008574828,0.008574828,4.0,0.0076731764474585505,0.034566715909308085,0.06004550918929299,-0.0008620958568193366,0.08881575438233576,-0.002896073890184486,0.09066159557049829,0.058098557200833706,0.07228886417950592,-0.007168566604267626,-0.05551179524696829,-0.07964255194614298,-0.004456849828270649,-0.08231608683723392,0.011203067545741642,-0.08265107684784431,-0.02651119387557419,-0.05523476311973346,33.57181521182411,67.83333333,1.1095866690997813,-0.000742686,-0.000742686,6.0,0.016698882047489396,0.0533745200066937,0.019470958965201204,0.058811237778907455,0.04486834042419348,0.0012754030008917201,0.10007430634677705,0.026211597147514396,0.043131257178624705,-0.009896469245474647,-0.05573728547801325,-0.0012187834049023419,-0.08209950549878144,0.026553686292540273,-0.07512690013449826,-0.0027269988156704635,0.005174746772520948,0.002799285047011607,41.90442635694581,68.666665,1.291459039066833,-0.000380952,-0.000380952,8.0,0.016157824533433392,0.06725003361664389,0.01656853036152505,0.04480164064545524,0.0498317459589224,0.0010217746493480352,0.09667611243223173,0.026424503612875294,0.04246930038099198,-0.01235733961473869,-0.045557186752224366,-0.0010377819200930872,-0.07475985096728234,0.02726064979773938,-0.08647928997555869,-0.0029634593607144066,0.005468333154677155,0.002934690592451994,49.04686950234186,69.5,1.2422968146852564,-0.000380952,-0.000380952,10.0,0.03583498456542776,0.05039210117484798,0.039050597231118575,0.024016723232167095,0.09560527938788961,-0.02694566698023924,0.08951887519696049,0.04396578158954882,0.03864414837136974,-0.007774098033379711,-0.08652869345417621,0.0676271936193533,-0.22010359560311524,0.17596811229922757,-0.2350120877668113,0.09767301877393335,-0.029554960612829764,0.008541631566488345,55.37155457328473,70.33333333,1.2022888394673978,0.0,0.0,12.0,0.03084758594141871,0.04121918809642412,0.04245717968937008,0.02080144780927727,0.07337578056076186,-0.029199946869741287,0.09260042735983068,0.05293038584883563,0.024214246008724637,-0.016109438183081037,-0.07469831463481348,0.04853000847976917,-0.16568806828594676,0.11491890067189739,-0.17085178394270867,0.06444284446773764,-0.05568835696540738,0.0015895732292150791,60.77022774851056,71.16666667,1.3327367658433618,0.000126984,0.000126984,14.0,0.024351482103806072,0.051185547336362505,0.03131491128799349,0.03965858219071518,0.07116248004381581,0.004738559662242525,0.07721525492697691,0.06367680720916406,0.025284823323483828,-0.030223047384874493,-0.04333314144046022,-0.032968687472733564,-0.04863458120900742,-0.07273201796592732,-0.006140947469289897,-0.06360808617402496,-0.06591574018997819,-0.023565879557708933,66.14751982192189,72.0,1.3416097087256915,0.0,0.0,788.9709142850428
0.0,0.010512680933463985,0.07895055960631724,-0.0053508022703538044,0.12768756454022967,0.014931320516090734,0.034099519098325266,0.09295417536440187,-0.01598860925876421,0.18150934782867023,-0.01095365478393619,-0.02136852309008478,-0.0929168777197183,0.0971399241194706,-0.2670113012532765,0.23836006886155392,-0.4757853718523983,0.15830543372706302,-0.5462281496816903,0.0,72.0,0.0,0.014583333,0.014583333,2.0,0.0071407482783772385,0.04593812903405562,0.04071387106604527,0.07451319777210672,0.004911102683707452,0.05282445458983392,0.05323232358905785,0.06698278249233489,0.06849081563368205,-0.006324257349649967,-0.038692676118189315,-0.038743481878630484,-0.04980993958014939,-0.05985838005148272,-0.032588725216637866,-0.13068760618165695,-0.08584391917036152,-0.11694816056978194,20.097836791823354,67.0,0.6431935426262216,0.008574828,0.008574828,4.0,0.006343200815791448,0.027965097255788787,0.04252725227656609,-0.00101810530756738,0.08323054151545882,-0.0026047548233365074,0.06482062731836616,0.07979296874195065,0.07633448676303656,-0.008294757631920587,-0.04438820468655363,-0.06737314632886528,-0.0033538433156864006,-0.10926703234682976,0.011599463183795157,-0.09458263669205827,-0.02321350521497721,-0.06044790014807459,33.74744150441091,67.83333333,1.1688991355487839,-0.000742686,-0.000742686,6.0,0.018353606960078657,0.06032740414982812,0.014661452438652767,0.06477706834618174,0.05938005949248364,0.0010629840056773088,0.09210142050241768,0.03806354009128285,0.04215379284950448,-0.009603145466065827,-0.04047089576911167,-0.0009625258898653049,-0.09045479897146416,0.032366212626527266,-0.07791687033667234,-0.003954713467192124,0.006021092093510128,0.0035983749654599434,41.98289428065395,68.666665,1.2594314631162822,-0.000380952,-0.000380952,8.0,0.01582376387969041,0.06373215380348432,0.021217812537612867,0.058970653831791044,0.04295593554576278,0.0009987817898661159,0.09279305196991397,0.032885844107886926,0.04053661829896713,-0.008598789728349468,-0.05342632318628616,-0.000948143771489863,-0.06856246079305499,0.022606565581486993,-0.08136451284779554,-0.0038544143276666473,0.005462009361581833,0.0032186096287601814,48.88013827053671,69.5,1.2825669924260323,-0.000380952,-0.000380952,10.0,0.02708328193954508,0.04202397928226742,0.041929146686523706,0.020274479633955858,0.10015950533238158,-0.02337583576286074,0.11323150451195431,0.034144887576686066,0.03497786172099452,-0.011083809194149377,-0.08577678069115979,0.06754178674851109,-0.19070968698061794,0.1834520810352018,-0.16835996373491863,0.08662490172706529,-0.03158816887224204,0.012178835596092008,55.1810495401502,70.33333333,1.2861567562011982,0.0,0.0,12.0,0.03720737087256416,0.04140042425617506,0.04765262288054947,0.015979854947291337,0.10472601503023422,-0.02509384708177553,0.07465213987462696,0.043679365882594114,0.024108314108660853,-0.016752721524682528,-0.08026705617439928,0.051311864710494134,-0.1866654166169943,0.12139087728810602,-0.16575817893782885,0.061375073180979324,-0.051086019526646494,0.0014888032844643496,60.757515300376625,71.16666667,1.3692404456388834,0.000126984,0.000126984,14.0,0.035644862368956115,0.040124403544745,0.031095903818031057,0.041137833352246043,0.05423607037311904,0.004539411076094017,0.0801113963784461,0.06896662986578181,0.022119475141690728,-0.0295492318126312,-0.05029459507479616,-0.02586605442124619,-0.052236490143060484,-0.06708224941629169,-0.005548417164629207,-0.06633187378554908,-0.05615044444750083,-0.024695399068276155,65.80812836615887,72.0,1.3215644696509063,0.0,0.0,770.3961088168364
0.0,0.009924866030199632,0.0660506127460024,-0.004792344006377843,0.11311244489765368,0.018000269978713807,0.02499027215458646,0.09681343104699087,-0.012963897584098216,0.12517762071942454,-0.00973031058704801,-0.017954233253115723,-0.09132016494252644,0.08895856563566917,-0.29533393967258187,0.2843422549407479,-0.3851468695558804,0.16070492142505258,-0.4790414573120814,0.0,72.0,0.0,0.014583333,0.014583333,2.0,0.0070227020298767925,0.04645977795828541,0.04477969619353184,0.059434151851459845,0.006288472431114441,0.05844490370239956,0.054521010652366524,0.06419867054004717,0.05814861824325685,-0.005763481308809386,-0.0367616096687192,-0.036970422141055295,-0.04636268137170694,-0.0527884543643224,-0.0302929567859494,-0.11989825923189515,-0.11880529355160023,-0.10459796243588403,20.113361135786384,67.0,0.5945722479493749,0.008574828,0.008574828,4.0,0.007472787334455498,0.03353816659163643,0.05006480863416133,-0.0008886180593333219,0.07323535002018573,-0.0025603044179582255,0.06268206215735198,0.08515482070017878,0.06514128716839815,-0.010059008115578591,-0.05306546322855975,-0.06195136413888202,-0.0038282507669674852,-0.1096819097765553,0.012661910476125096,-0.07957208958354131,-0.025745747529015237,-0.04801870222790094,33.57298270160217,67.83333333,1.2147702638589912,-0.000742686,-0.000742686,6.0,0.020222293719585775,0.05925823664697705,0.015642099403337453,0.05428119597196963,0.04209981443296021,0.0009926585069425248,0.09852329209876369,0.030046390862211076,0.04979073096362085,-0.00999186710716044,-0.05522464405235816,-0.0011877003279104261,-0.08902093277864925,0.031162760475138062,-0.07706623778794379,-0.0030358734913450026,0.006560741955374031,0.002707501178316133,42.027168584196545,68.666665,1.323261401687252,-0.000380952,-0.000380952,8.0,0.018757434449307223,0.07104546507761862,0.020801864691959337,0.05565148501655111,0.046063532030375866,0.0011793953870081193,0.08638742406410745,0.03828412080104392,0.048280172793573876,-0.010866459394257262,-0.057973915298620386,-0.00110490864788219,-0.06728325147719505,0.030086124125282908,-0.09167211306976931,-0.0030973457802837404,0.005572215585081346,0.0030394764767260655,49.168554376964515,69.5,1.3221644352108568,-0.000380952,-0.000380952,10.0,0.03413048231456276,0.045867159477013114,0.03942912628131938,0.025503101682887424,0.07573385382240264,-0.02629222718103353,0.10197164048493124,0.03079286818268537,0.034214345002990636,-0.007644529458218029,-0.08323882145704581,0.06620709481330017,-0.18986308603655583,0.1467466364405363,-0.1946189640094695,0.08301852242034426,-0.031887521935189234,0.010046892504788388,55.2344457736626,70.33333333,1.2750591058841068,0.0,0.0,12.0,0.03519098585197095,0.03442333734210837,0.04638422054184762,0.01924354239713731,0.09101422330671582,-0.02145456297009706,0.09086189109853753,0.04218069289925651,0.02352529358291429,-0.014435200241339567,-0.07452441452360567,0.04753358759964365,-0.21380198232131795,0.10641524407342402,-0.16623604457992766,0.052499192015577074,-0.0538223176565693,0.002113434660718209,60.989771140193575,71.16666667,1.2486952011628796,0.000126984,0.000126984,14.0,0.035820117602135944,0.036685152824979354,0.028190230175601266,0.036250340937153396,0.0706337212918422,0.004708530253419512,0.06791766677011273,0.04965312666850528,0.026869741984910392,-0.025295431790851718,-0.040869033657316735,-0.02672479701019514,-0.04354818796396196,-0.059404678955023354,-0.005428427086348665,-0.06715446478733353,-0.06267414363750061,-0.0244814168776602,65.86068441888432,72.0,1.426297215882221,0.0,0.0,597.786589035261
0.0,0.009663520721085013,0.06856419000761414,-0.004575506724250573,0.12079370134862707,0.013598227167888412,0.026014756528327087,0.10276458584483864,-0.015147077896428827,0.13974998896250515,-0.007878493098776026,-0.016609060598846887,-0.07475213568895143,0.07926853913825035,-0.31182898254755365,0.2463579053707475,-0.4262966628166337,0.22859192230834563,-0.52108585543601,0.0,72.0,0.0,0.014583333,0.014583333,2.0,0.00718753436406152,0.04463623006577703,0.0538696108945629,0.07228822964599499,0.005607979488698596,0.05692394882876686,0.053174865744194395,0.046200183500297,0.06345865290312154,-0.005745415731993542,-0.03896835440761914,-0.045477621064806635,-0.04208558441305446,-0.05506824432722144,-0.026943917448624673,-0.09396521707816077,-0.10203277207924649,-0.12624102961944472,20.105835169168483,67.0,0.638856493557605,0.008574828,0.008574828,4.0,0.006473564899055345,0.024735842169048082,0.0507699268342725,-0.0009166779247888333,0.08774319127555823,-0.0019568328366919062,0.07856888857844051,0.062245894509033804,0.06393814771475625,-0.007564942882481442,-0.05497569671905142,-0.07529321191957997,-0.0031230778097728175,-0.08997940026339252,0.009173698163710857,-0.07079472712482625,-0.025836112067126677,-0.058572897596036316,33.93978184264489,67.83333333,1.2467192403252552,-0.000742686,-0.000742686,6.0,0.022027352031664508,0.05946482769384036,0.021645447104243976,0.05145216539830691,0.054922611494920594,0.001256316767160596,0.09473431677076087,0.0383061098591674,0.03975263797434392,-0.0087865150758463,-0.042335590282592914,-0.0010458968611210435,-0.07813041589182661,0.025890498075125664,-0.06941471316667512,-0.002762412361234859,0.005776033749629725,0.002891833596214493,42.16900754719472,68.666665,1.312931257068839,-0.000380952,-0.000380952,8.0,0.018577271224876384,0.06778898315106976,0.016626551788909826,0.04534625681891307,0.0504531825674864,0.0012471081647100423,0.0979465989576999,0.026272168353468923,0.05213013378330783,-0.009950956098477222,-0.0573465940292179,-0.0011697271138399593,-0.09298155036524772,0.028257893579342743,-0.07101727289194468,-0.0038054601895799347,0.0065063518393501,0.0031487362767217385,48.97001183799044,69.5,1.2813432786249042,-0.000380952,-0.000380952,10.0,0.028141299104781477,0.04848078976798573,0.04073737283182016,0.02535721588621735,0.09211929035472524,-0.02409671743794892,0.10906421355005459,0.04389569317633102,0.03775558267001056,-0.00938718654399752,-0.07279342566517913,0.08106815624446934,-0.22692144442163656,0.13498771785513206,-0.16642206953716773,0.09874022374706956,-0.0419966831044543,0.010298065342059364,55.238863448790546,70.33333333,1.2704554768782377,0.0,0.0,12.0,0.03580240034804609,0.0407190325876048,0.038562620708267215,0.019081908244982824,0.0813709697456612,-0.024845097132928134,0.08390287929246372,0.04707334177539962,0.026327817535847762,-0.014640741125125957,-0.08159018698484086,0.060389475519009216,-0.1727099893682711,0.13889388667631564,-0.1719778441763892,0.05245174611596831,-0.06594860292918049,0.0020054824741236685,60.83426440896378,71.16666667,1.3241068148914037,0.000126984,0.000126984,14.0,0.030820951828311845,0.048256262517069874,0.03260429759741094,0.043670284341013436,0.06734447723346455,0.006060517326297918,0.08065097855642966,0.06636972313119742,0.020925762262759922,-0.035426489934217625,-0.03598902807595007,-0.030248530084484006,-0.042229565753869346,-0.06354729487537822,-0.005287583185425948,-0.06568739113233114,-0.04950331235098303,-0.027380940416526656,66.0149662499282,72.0,1.4462689487473683,0.0,0.0,712.7014803989853
0.0,0.00862411747179714,0.056129990331118415,-0.005373158867194453,0.08690431421836216,0.014396771003672206,0.03224916636093279,0.10351565301068259,-0.013991169695475226,0.18323824350374074,-0.010528856767801204,-0.01578713546725939,-0.08614714733216297,0.09109986699383125,-0.3172764595007549,0.2460308310594666,-0.4814540395357358,0.18763188208217202,-0.48863748463859913,0.0,72.0,0.0,0.014583333,0.014583333,2.0,0.007676684660032109,0.042398121082798376,0.04657399267588292,0.05696946385088144,0.006864470900105581,0.06537792852519989,0.05410765459087328,0.05250980218753176,0.07563252501356521,-0.0063479441144793135,-0.03826465685667513,-0.04437680900558859,-0.05532104428626045,-0.0540782650832264,-0.03196600069042143,-0.1211413825027914,-0.09406383881830713,-0.10480131910209795,20.108252145985855,67.0,0.6677430045896926,0.008574828,0.008574828,4.0,0.005973309819536789,0.02834006637597858,0.052499380397746404,-0.0009035850452837953,0.08828338922264022,-0.00216447828918174,0.0820253280720596,0.06068650043625447,0.06648593926742596,-0.010255993217855702,-0.0399461377359089,-0.06734442793677313,-0.004346287799988737,-0.09143828702843415,0.0114665839157045,-0.0725184837349933,-0.028400057559952393,-0.059850167917002504,33.78292143917763,67.83333333,1.1619830772152382,-0.000742686,-0.000742686,6.0,0.015947983446903402,0.06925328923349534,0.016636733039548626,0.043553404954480616,0.046004180703206665,0.0013245814851489052,0.09793105803304356,0.037302296354201105,0.046548238229992496,-0.010369729436198759,-0.05041337459955783,-0.0008564602927130604,-0.06907853713081538,0.027529350811028665,-0.08773068872504108,-0.003355445311904563,0.005765370348938056,0.0032088922205830133,41.87248009126461,68.666665,1.261465242983616,-0.000380952,-0.000380952,8.0,0.015129053959698914,0.06092518096156161,0.0173796357173443,0.05581943626214877,0.04783526371633269,0.0011887921688816124,0.08436575375754973,0.03238861977369567,0.044782203155835136,-0.011084124706747023,-0.059082101462680114,-0.0008729386255932019,-0.07095206643845156,0.023971161843577525,-0.07876718642362651,-0.0030494056471982354,0.006206009843819098,0.002943782247129344,48.93562184458821,69.5,1.3494396412205507,-0.000380952,-0.000380952,10.0,0.028011664072858523,0.04541582227086574,0.031205203443044033,0.01780790575167401,0.0897133679070208,-0.02711876338006549,0.09772957793192343,0.03618551949144864,0.030476617052077097,-0.007602097534498317,-0.10432559279018455,0.07652401955518527,-0.20807668594124729,0.12572569336990314,-0.22143672145435056,0.10117097392152284,-0.035874408568184496,0.011839718534165874,55.36590364291215,70.33333333,1.3133213384823152,0.0,0.0,12.0,0.02816446324278652,0.03410783412319796,0.036566250106523146,0.020845531602116458,0.07921906684732877,-0.026202348483350478,0.0888059624165827,0.04029805464735035,0.02739014448739041,-0.017568562507318954,-0.09237017812213531,0.049882460758347076,-0.16218522725986206,0.10683532583711516,-0.18779372538938577,0.07227815305175087,-0.06087392553727518,0.00154740125967688,60.94914256580672,71.16666667,1.2762567109395366,0.000126984,0.000126984,14.0,0.029191345354444894,0.04367139836697622,0.02869493263831099,0.04243815687168878,0.056195826017849115,0.004913978811553099,0.08177969055005894,0.05997213313047117,0.020901392017191784,-0.033042356279814306,-0.048676654147299915,-0.027629420073651077,-0.036374464596435695,-0.05752110061146221,-0.006027675274735292,-0.07315334990521234,-0.061047477164833205,-0.026839555195338097,66.06244353215091,72.0,1.4560645655526303,0.0,0.0,614.8360721233246
0.0,0.008582749653015758,0.07510773327739852,-0.005061401793722829,0.1293789274898092,0.01640201694128027,0.032096765182291986,0.08200379884175053,-0.01590208832887649,0.14796889273625868,-0.009892050244523517,-0.02249037883575018,-0.07970500020260633,0.11259704215596547,-0.31227379066775973,0.2401056191700645,-0.44261251628099,0.1771369347035677,-0.5292589376603828,0.0,72.0,0.0,0.014583333,0.014583333,2.0,0.008254757303944914,0.05428598579531925,0.03652955727724127,0.06579543216156543,0.0069135813331958375,0.047629270996682405,0.06205449601867358,0.06123357659925664,0.07175373793880373,-0.007645688472369385,-0.051059384393894305,-0.05216875926511587,-0.04952287902026111,-0.07611093127609028,-0.024619158341685803,-0.13752676122299246,-0.09279986026793573,-0.13089976255570931,20.11801130254439,67.0,0.6709604409593685,0.008574828,0.008574828,4.0,0.0057333100215253095,0.025744358758463714,0.049882900108262226,-0.0007123841551559318,0.07995928137571554,-0.002006815947237651,0.07182631943179546,0.08558728738519537,0.05926301672125853,-0.007820539240485999,-0.04488623151188295,-0.08010852542333662,-0.004046695531826933,-0.08656124632804518,0.0134788360840689,-0.08234092544530319,-0.029615530697158342,-0.050285912458656566,33.9013575797981,67.83333333,1.1128083841953895,-0.000742686,-0.000742686,6.0,0.020181216055491846,0.05372893322435513,0.015722987127712452,0.06113660437534638,0.041468360618801055,0.0011553259687338033,0.10535931444156,0.0313734589207729,0.0436344817590207,-0.00901900729001481,-0.042782022131945166,-0.001160001118281197,-0.07799432191205986,0.03308158989053567,-0.07621027042142842,-0.0032341265272557494,0.006013977432012834,0.0033269220936615555,42.12859055275117,68.666665,1.3014970303224545,-0.000380952,-0.000380952,8.0,0.01792746272318614,0.054796446759867355,0.01781142485355059,0.047917094681008014,0.04971346627712976,0.0011939042628139824,0.10798345705232312,0.03483688615198846,0.051761379190183546,-0.00952598154730458,-0.044001040449160485,-0.0011452367121469174,-0.07373162333839536,0.026277475179483707,-0.0779108973348698,-0.0037789683875151863,0.0052931303311117995,0.002966950087721102,49.010764335367796,69.5,1.2714524728588057,-0.000380952,-0.000380952,10.0,0.029508614111691835,0.04448538752010246,0.043934119320791075,0.020372005588022813,0.08848269108411948,-0.028927715466066654,0.08429223227711097,0.035782096463812606,0.03395832433185954,-0.009733888608305822,-0.10032820046194009,0.07475992584863057,-0.1989336806843491,0.1454330598284782,-0.20588841138128552,0.07719522510400742,-0.03402647663360505,0.012551025372707133,55.06146477222719,70.33333333,1.2404278349885427,0.0,0.0,12.0,0.036738686547097,0.04069645697988683,0.03314051489870896,0.020830684907310996,0.09256003932456387,-0.025586344648251772,0.0855189574472657,0.0553372803691661,0.027646166852147692,-0.013034370946441214,-0.09611174416042453,0.048713382942542564,-0.20378306299380292,0.14404779554859995,-0.1945683422139041,0.06345332907758883,-0.05729975158027327,0.0020987946615602356,60.963334309962434,71.16666667,1.294181214241878,0.000126984,0.000126984,14.0,0.035245553260346,0.04860508235251281,0.033170245063617626,0.03715820420170608,0.06116577595293523,0.006217027747296414,0.06578553961078155,0.07026749919098436,0.02153597649602315,-0.029268362173135568,-0.04144208251280826,-0.03256725852954048,-0.04725656741820407,-0.06502400327540843,-0.005179687358092816,-0.0741373618380132,-0.05521518144314507,-0.025682513554697136,65.97623883885718,72.0,1.4290758971137154,0.0,0.0,617.6649029071096
0.0,0.009340602479465745,0.07071400169540945,-0.005741849655003243,0.10727740397370623,0.015523118313935946,0.02563933013852428,0.11028888877327697,-0.01697785971651815,0.1828813472105239,-0.007857628443351286,-0.01954712921476922,-0.06647675439401604,0.11776607837231076,-0.34441706311577436,0.27625508792006936,-0.4151980002770069,0.18501050420420673,-0.41710137831573246,0.0,72.0,0.0,0.014583333,0.014583333,2.0,0.007914255526492402,0.048412145477282106,0.0421089236423905,0.05770187193044807,0.0069963853764700564,0.05664324689790293,0.05921210892858008,0.0599400598983537,0.07466258114418275,-0.008434873820926952,-0.048745423738090106,-0.03885934048481438,-0.04500638700789214,-0.06767627617168734,-0.023429454894983756,-0.12894987321133788,-0.09676846588075179,-0.09989501973757935,20.02600871681838,67.0,0.49601339657183374,0.008574828,0.008574828,4.0,0.00532754556627395,0.026530063663471153,0.059379979055969,-0.0006947948415824028,0.09024013459492625,-0.0025924448321948228,0.07712041063316864,0.05830855753124883,0.06471110937408928,-0.007870587203220517,-0.04426301563539911,-0.0582638359722857,-0.003174615934150574,-0.08428295244494814,0.010467861298574015,-0.10070357394374004,-0.02729837599923232,-0.04743856021030087,33.775540029575446,67.83333333,1.1026502234437094,-0.000742686,-0.000742686,6.0,0.017043314178679877,0.06899391690318098,0.01928767337834153,0.04424420232331801,0.05049403261429024,0.0011708767541564306,0.10657222134777508,0.03699155932930321,0.037535844547310016,-0.010994429734374882,-0.05133531242560864,-0.0009282453041391538,-0.06285160370761754,0.025000448848108103,-0.09208317829031931,-0.003659727017176299,0.0050799153842629036,0.0034228053367893617,41.93782103796673,68.666665,1.2745665866293476,-0.000380952,-0.000380952,8.0,0.018502398291401122,0.07035509189464506,0.016694281249036394,0.05039456996725158,0.04160613017540001,0.0013549104512068154,0.08652826268637412,0.026236728918489008,0.05294748206413176,-0.010839943055974884,-0.0425853467353461,-0.0010431302335720235,-0.07009032436167234,0.03323115533746392,-0.07012926315015615,-0.004036718428138214,0.006368234110538203,0.00281341716829026,49.18406269752028,69.5,1.2333750278148168,-0.000380952,-0.000380952,10.0,0.030944447234680993,0.041136639757162405,0.03043026945983791,0.02174106401168321,0.08921415270623842,-0.024693436752295274,0.10513626506517243,0.030780552365680044,0.029091655449456123,-0.008283489890569892,-0.07283691303623187,0.07016479416341719,-0.19824379578047271,0.1612114272912838,-0.2421477424230707,0.09451809463021171,-0.03444484180898319,0.009865294973467973,55.386442788050324,70.33333333,1.2780948407481916,0.0,0.0,12.0,0.027630844885747418,0.041847515647738795,0.03787590483431297,0.021153664148297547,0.10071965743692207,-0.020274296467163354,0.09098830722576101,0.05125719827608031,0.0291233741841127,-0.01426529696586542,-0.08433789519863072,0.056328754040106135,-0.1533850256740275,0.13683103309736258,-0.20067591584252678,0.06804171563763002,-0.05044425188966658,0.0016358248799808427,60.962856599301965,71.16666667,1.367440150819084,0.000126984,0.000126984,14.0,0.025360948974812527,0.0521549410243852,0.02561040039586933,0.048213690875574894,0.06462845357905254,0.006411254194956883,0.0762662432442135,0.06536970899112364,0.01858982021977203,-0.025308380071188085,-0.03513126790973364,-0.03447803622914511,-0.03650465357043942,-0.06765573580549579,-0.005146591261630721,-0.059394899302953844,-0.05772233404114948,-0.024119628746309987,66.15300163032067,72.0,1.3676587733506027,0.0,0.0,732.075394435674
0.0,0.011302994884654272,0.07654996149603627,-0.006406889902453908,0.11544747380485741,0.017904204897076035,0.029275730110934237,0.11287280327286585,-0.01658034680457518,0.15857566237132967,-0.010397921680723564,-0.016387030345088264,-0.0919359100429708,0.08408060548414267,-0.2931455605565483,0.24148432757802996,-0.4338362418988266,0.21341481964506182,-0.3937252513508788,0.0,72.0,0.0,0.014583333,0.014583333,2.0,0.0068426425866978625,0.05492878428941953,0.05373735366812388,0.06220993340183143,0.005737337919526731,0.05019427776593976,0.06327270701598028,0.061200726318106934,0.07029519174744643,-0.008375553261797742,-0.04041839038726451,-0.052620896595091976,-0.04603946204898836,-0.06963829168983482,-0.026796775320080526,-0.10504581828399041,-0.10181966147300239,-0.09132439935676118,20.112907737610158,67.0,0.5796647921429132,0.008574828,0.008574828,4.0,0.007476780110797526,0.03323695752238278,0.056679359861986564,-0.0007341259385771359,0.0882850107917669,-0.001997387320882069,0.06484282989843836,0.08474937093528583,0.07692108070000733,-0.009073393040562063,-0.03892735651804491,-0.0676025066730205,-0.003168513927057562,-0.11619198971405091,0.011680701580915158,-0.07383385391014728,-0.0317439913746847,-0.060007727601295135,33.59961048032325,67.83333333,1.1021293528152345,-0.000742686,-0.000742686,6.0,0.018835984078900372,0.057102644073454854,0.018733656656168465,0.06152051483850881,0.04190761011586501,0.001228606850720461,0.10954981780093073,0.03438363095017212,0.048412390707387884,-0.009083287228951128,-0.05821468032668804,-0.0009224004821511844,-0.08043414518453447,0.0319060759969545,-0.08773525686146139,-0.003109483978891273,0.005195802354028324,0.0032417796445238416,42.014015156888995,68.666665,1.2564258770969614,-0.000380952,-0.000380952,8.0,0.015355813277907724,0.06694404594701958,0.01721507504107341,0.059988062669222846,0.06007065544668183,0.0011623236399371907,0.09643634936317855,0.036887405996277885,0.048946577931485775,-0.00861199681832584,-0.042959864323269925,-0.0011770054062632874,-0.09113409965973639,0.02896621200016151,-0.07947755418030307,-0.0027699989112409352,0.005732732319156861,0.0028248699056683795,49.06414490555971,69.5,1.3071684458223998,-0.000380952,-0.000380952,10.0,0.025585534904857606,0.04745112724368542,0.04196643104667977,0.023871109739415378,0.10302861078854988,-0.02910222858459891,0.08550029988105978,0.03803650891889981,0.034076508668272,-0.010931066401171667,-0.08669820659427671,0.0755740054636591,-0.22755739994272703,0.1768434447025419,-0.17121523291392357,0.07280466386859942,-0.03378576707604512,0.012015768283017375,55.010654673716736,70.33333333,1.3105679123169398,0.0,0.0,12.0,0.027855172055469817,0.03192592508755098,0.046260229661139435,0.020101734768062297,0.1088145652159857,-0.022776582893866713,0.09265126588364557,0.05448155595767279,0.02248447360695791,-0.01850062182651837,-0.0944170341586794,0.06022942277890479,-0.19032804568844658,0.11840897293206075,-0.20989279160488838,0.060046213260956834,-0.06887586116678297,0.002176109055888182,60.756902625490056,71.16666667,1.3054864784770197,0.000126984,0.000126984,14.0,0.029809522909137513,0.03689811180170963,0.03279102080875873,0.04590619381460911,0.07061532713129696,0.00466634796923304,0.057978904317127974,0.0481775368755982,0.019682243392562238,-0.028459835593774047,-0.03632111415562962,-0.030786347827054368,-0.03721057585834227,-0.0570539308451742,-0.005032205056087266,-0.057364391209628114,-0.056999756207070866,-0.021690606892151867,65.82974584664676,72.0,1.3452073261475512,0.0,0.0,733.2368848566061
0.0,0.009435680209522297,0.08084739821954491,-0.006585200809537588,0.12421483905564407,0.015148492456058423,0.026378446879231982,0.08456990512340652,-0.018468822681533666,0.1731665185401775,-0.00874859571281213,-0.01767555932020369,-0.08273316455501055,0.118010701235761,-0.3359203523819073,0.26854607748673925,-0.45908402283034117,0.16695337293803492,-0.5527859582606073,0.0,72.0,0.0,0.014583333,0.014583333,2.0,0.007236121683922791,0.04717159074599896,0.05101979584117808,0.07403817181581687,0.005878506411887425,0.04786256243197552,0.07203364072993937,0.06513106736589905,0.05344057281124516,-0.006412655403140275,-0.05102712469816756,-0.03715885010444862,-0.05895682191779075,-0.06367967791065708,-0.024627190665908478,-0.13674365657242124,-0.11699369425721652,-0.09870759879192695,19.833864801279145,67.0,0.625483081131933,0.008574828,0.008574828,4.0,0.006221822668946024,0.03246248055402046,0.04516559320812392,-0.0007204497068391817,0.08487682697532023,-0.0025662574788504443,0.06662664241293324,0.08388469620589924,0.08189517969169649,-0.0074642617676960385,-0.042528543272282955,-0.06698382955097426,-0.0032344950578805944,-0.10572054433806749,0.009577918726130143,-0.10191719155505623,-0.026894203440387558,-0.0486036499676502,33.908454015086356,67.83333333,1.1395854349471073,-0.000742686,-0.000742686,6.0,0.015705544633998803,0.06169077560311875,0.015226575751738504,0.06094201638530507,0.04558913036017152,0.0013154875294663147,0.08327457170540331,0.03803385318615885,0.04207460328106212,-0.011527700654646427,-0.05024631049985349,-0.0011917475633392626,-0.08569000209016032,0.02859432488627426,-0.08974125934965343,-0.003957901022933166,0.0070316717190802075,0.002817892197793466,41.96253818474879,68.666665,1.3072796714095878,-0.000380952,-0.000380952,8.0,0.01865504843283675,0.06091004350089835,0.020742526300627395,0.06032683774562436,0.047748116467464415,0.0013077991241856879,0.09772524384925929,0.03662907157812414,0.04527029932836399,-0.011597453427660933,-0.05157856856886773,-0.001191835817234108,-0.0776806391851991,0.029374223059014732,-0.06676240401291579,-0.00304196766293847,0.004868318581163257,0.003258714682559811,48.93702333751505,69.5,1.25763915813121,-0.000380952,-0.000380952,10.0,0.03229102255895513,0.046997648757823404,0.03953695457947124,0.022764360398295835,0.09884548210938045,-0.029888026474872882,0.11212129797746279,0.042465212907788354,0.028753700100708452,-0.009940002303335568,-0.08773110043781637,0.07131241021169706,-0.21791015250245016,0.16383615764285897,-0.1877637917173196,0.09067796274735244,-0.03980696598992157,0.008790221248494873,55.23261416155067,70.33333333,1.2558866304687286,0.0,0.0,12.0,0.032621520715209434,0.03344984926295432,0.036615336808965476,0.0172633348952052,0.0906953344701348,-0.024098480530781962,0.10431171735973158,0.042786203428700674,0.024040858446684656,-0.018564420154830192,-0.07113434310980102,0.06826663313970853,-0.1531161682690296,0.10679800928068432,-0.16556267744239875,0.07281738897254457,-0.05674686963281939,0.001531179955682381,60.637453373595605,71.16666667,1.3476228562105523,0.000126984,0.000126984,14.0,0.028977141058175997,0.05173329346894953,0.030439407342769804,0.050513873903573384,0.07643251858303408,0.005492303311106501,0.07475788874737677,0.06791664793242508,0.022839324939786246,-0.02750010230566813,-0.04982804031544024,-0.03488091411080814,-0.048046580723204835,-0.06958990397195162,-0.006352421811997358,-0.08348808347002379,-0.06701973903297272,-0.021344936371048423,65.81396896517099,72.0,1.3206119642004381,0.0,0.0,770.5209606385615
0.0,0.0119862118013297,0.07404862908093669,-0.006281700697728674,0.1058483411415617,0.016496408434654563,0.03140259040870636,0.1011304530396696,-0.019108403741570724,0.16978031357295306,-0.01141539179864344,-0.017135550925059556,-0.09436047848643424,0.11452223386775243,-0.3279550853662509,0.3047810635335293,-0.4709744166203076,0.2097971541341325,-0.49253192028440357,0.0,72.0,0.0,0.014583333,0.014583333,2.0,0.00901784507269629,0.05565169519643022,0.038712277177303835,0.07245445275928424,0.007162291153135572,0.05791304933168128,0.0601129388328991,0.04489523679372293,0.06323898935601455,-0.007898530136958088,-0.04552639822025943,-0.0437670978112852,-0.05446263545318143,-0.07526863894741237,-0.027193147356461767,-0.10266423040296713,-0.1194300408896396,-0.09055002088205824,19.857828196200714,67.0,0.6183009685727916,0.008574828,0.008574828,4.0,0.005740160260579127,0.033933730002748026,0.05958086211816213,-0.0008078261739865508,0.06614757116031408,-0.0026558021643586695,0.07145291397175155,0.05800899621270212,0.07888541293001669,-0.00818279277628454,-0.047749759454586586,-0.05872230305459685,-0.0030687379583460407,-0.0873555863768786,0.009630765840720272,-0.09105522869004465,-0.029625724754177025,-0.04344487681557557,33.906909917194774,67.83333333,1.0794285156933383,-0.000742686,-0.000742686,6.0,0.017496919819882356,0.07156652230808909,0.017063516593033443,0.0559837328431287,0.05240819059883115,0.001186615204802248,0.09544321056635308,0.030809244459398744,0.041153242124395376,-0.011397478792971651,-0.054905586576578416,-0.0009235574757121307,-0.08439700810254559,0.027208993004957646,-0.08250694885327083,-0.003491144319201966,0.005999329000198661,0.002838211272857266,42.19387848599906,68.666665,1.3083836294309292,-0.000380952,-0.000380952,8.0,0.020680499497892146,0.07070645990033055,0.014750089693338771,0.04708538052328041,0.04266468094235409,0.0014385548428628408,0.10752362271223925,0.029010384128461155,0.05148385921997128,-0.010556371945403261,-0.05406407850254491,-0.0008449615992457293,-0.08232728180075517,0.029313605372006394,-0.08837166076711038,-0.0038060971971150457,0.006098398758964199,0.0026760420891176534,48.86049423972036,69.5,1.3604848342145268,-0.000380952,-0.000380952,10.0,0.03331981273620959,0.04854693632107907,0.03548555032095244,0.017678938243654022,0.07375326806352103,-0.02766273591398482,0.09343209297693283,0.037231081629716396,0.028848558107898485,-0.009896828411979888,-0.08606121107168617,0.061126690026089815,-0.1762354145078537,0.13827449559892335,-0.2187893114386208,0.0720671446470481,-0.035712828725208964,0.010230423630120345,55.25659880928713,70.33333333,1.3431562642695911,0.0,0.0,12.0,0.041288072190333196,0.03840488388961065,0.041153222516311753,0.01940159384133183,0.08040685573929658,-0.02369579288779529,0.0741822322704258,0.056271986382282195,0.029736445533184393,-0.014960729339937017,-0.07007645878119313,0.06261881968734938,-0.18406558041450322,0.10576196840455264,-0.19377970855178447,0.06751116253149109,-0.06112342303480956,0.001897743372243281,60.75829572135896,71.16666667,1.3565114243898164,0.000126984,0.000126984,14.0,0.03386958009886517,0.049060491666654146,0.029383238049188107,0.04120756924218463,0.0652616084279527,0.005957401258836643,0.0800894900127779,0.06857000585175525,0.026393154663345086,-0.02462184703903964,-0.04562036149633692,-0.034791745236531675,-0.04632563732773949,-0.054927074042294625,-0.0052217230828835795,-0.05978540419545385,-0.0670545214480711,-0.024068678902925012,66.04799050931679,72.0,1.4522924658474825,0.0,0.0,481.06476937218684
0.0,0.012323111999010745,0.05704645364073113,-0.0048440976457471575,0.11976352605066233,0.015900608941093856,0.030788423111866792,0.0918238648337205,-0.016696217104917872,0.12569663187017246,-0.009393209339431663,-0.016809621038439283,-0.0817162143097127,0.0894036574331981,-0.35547646509621345,0.33619723381482747,-0.45046953987008953,0.15364954950447823,-0.5378264093221894,0.0,72.0,0.0,0.014583333,0.014583333,2.0,0.007405739008297832,0.05059472759773584,0.05431270585358229,0.05927427263941018,0.007075430620902227,0.06727277789757369,0.0637189036758646,0.04744304612362047,0.07807015480804756,-0.008369162529379822,-0.04468955250363363,-0.04070645044064355,-0.045303856136191624,-0.05350350151021593,-0.023481035352475765,-0.13838206850539256,-0.10221794345958152,-0.09328400723670566,19.81805577456008,67.0,0.48084414560399386,0.008574828,0.008574828,4.0,0.0056455140403177395,0.025038750209093442,0.05080509157225835,-0.00101080814194701,0.07950924896864146,-0.0026062076885055127,0.0719131487215673,0.07097491162792137,0.06613182495370773,-0.0073293806877061775,-0.04581029810876425,-0.07927820690961591,-0.004071891856771523,-0.11542011805015999,0.013103914328765752,-0.06901220660535669,-0.02542770357520397,-0.053515114388701365,33.91422835496236,67.83333333,1.1201434333717875,-0.000742686,-0.000742686,6.0,0.015681861023964898,0.05314623709461279,0.01830912161737979,0.04986610082912187,0.05362648740074116,0.001175532277393325,0.10767192056430694,0.02577001079315038,0.03746970563677297,-0.00935325881027664,-0.04096330657879881,-0.0011944282892726826,-0.07331460214568095,0.025040972601410118,-0.06634244633854502,-0.003451844339268147,0.007049040933855204,0.003481653408016694,41.89643357332861,68.666665,1.241569633227381,-0.000380952,-0.000380952,8.0,0.02130900398587084,0.058459335651507724,0.01871054558239785,0.04939905935849321,0.05731805054329883,0.0013437962068747018,0.08869110200882627,0.0266668862173021,0.0528711839468015,-0.009969420013616318,-0.03995285877783434,-0.0009958783335071687,-0.07117167416599972,0.03062347852764613,-0.07625175843636904,-0.003640583713068189,0.006343650711174225,0.002565147975554915,48.960620025191226,69.5,1.3266104288548022,-0.000380952,-0.000380952,10.0,0.03272771402803105,0.05064989163027154,0.03696682717111957,0.019487166864625094,0.09624478073537422,-0.022401539461207744,0.08844776773574922,0.044923382685992996,0.031256962528591045,-0.010953495245196225,-0.10360537461004829,0.0710374922007081,-0.17591661844586495,0.17560292181808293,-0.2044134346549887,0.08106950251597489,-0.03450983701516947,0.011210779388328006,55.08844488848106,70.33333333,1.3024129244924674,0.0,0.0,12.0,0.03993763886149101,0.041290684194458194,0.037367170709024324,0.019102569399994277,0.089338716980871,-0.02294537664272926,0.09953147611961125,0.03909856429017721,0.024692827603547667,-0.016457959400730963,-0.09345327152223815,0.0661026391746015,-0.19619722144496105,0.1157506139181315,-0.19689100116456207,0.06020299010812795,-0.06280302302470595,0.001510323085876053,60.68274571996866,71.16666667,1.2546189981752915,0.000126984,0.000126984,14.0,0.033010945480404806,0.04504955614369407,0.028673420548903067,0.04847280193420338,0.05428753496894439,0.004535668911915856,0.06093831896078902,0.07065702178881236,0.024733319774199285,-0.03152343415456702,-0.04030004198144833,-0.02889424288404396,-0.05251434136189692,-0.07500987413692482,-0.0045784935492880876,-0.07850434433537219,-0.048567634826962656,-0.023871506631705185,65.82402076785182,72.0,1.325642834520716,0.0,0.0,582.7688643988288
0.0,0.011767111469853228,0.06586518171217925,-0.005548587179980932,0.11090341958255297,0.012799254553042481,0.027641241100465695,0.09869814553351844,-0.013787482723257813,0.15761414187862127,-0.010102802948191453,-0.01601894241257453,-0.09232857586283771,0.109070738958107,-0.3635984095484836,0.307121533988803,-0.44570092118210797,0.19081217145583435,-0.4303535219926733,0.0,72.0,0.0,0.014583333,0.014583333,2.0,0.006700533155301564,0.040052521958501314,0.040877720207580175,0.06991282262506128,0.006627147505603735,0.05917014149161004,0.059859814249880294,0.060879056095779205,0.05354551468913542,-0.00609744423867491,-0.04782859640714788,-0.04051673549859839,-0.043637677924158694,-0.07065989514536399,-0.02312435113673986,-0.1350344522315979,-0.1130535693333729,-0.10860951250534383,19.920136392932427,67.0,0.49601452434019744,0.008574828,0.008574828,4.0,0.006614839138672182,0.031765928591262704,0.060083811557088175,-0.0008511423973667395,0.06475479495916404,-0.002847513168178408,0.08586924324447234,0.08236989756979196,0.07478579248846598,-0.010529177187855808,-0.03920733718499323,-0.07556189188743052,-0.004539641539939981,-0.09494515936290311,0.010087464397237962,-0.09278586791537417,-0.022979340013873653,-0.05354755912268248,33.92615335562375,67.83333333,1.1763309123860826,-0.000742686,-0.000742686,6.0,0.015716433928691702,0.06407782162065857,0.01601749832768485,0.054588850662988755,0.04427398644190035,0.0011412329658474479,0.07602585504984077,0.036792746939134445,0.048053576246164714,-0.012228362443468423,-0.05096278767607429,-0.0009223900131623877,-0.07268725067817466,0.029059445496954005,-0.09073696973002507,-0.0040331512147582325,0.006420944640473198,0.0027198253790002794,41.882344895531894,68.666665,1.4007536621774184,-0.000380952,-0.000380952,8.0,0.016854061134207083,0.057559214286080275,0.02108164396510994,0.059006147415464894,0.048576818973559845,0.0013812021500336504,0.08707086009830807,0.038151838279520935,0.03904567092923283,-0.009482002700432418,-0.04887647790879752,-0.0010552794256276793,-0.08194298475360941,0.0319908049740804,-0.09207058898064878,-0.003726452504042466,0.005799184179636312,0.0025273212926954394,49.132016494701105,69.5,1.3896920802036388,-0.000380952,-0.000380952,10.0,0.025038029700912418,0.036326495879736784,0.031100912868352506,0.023879451518198657,0.08387671753556224,-0.024464137308601728,0.10731506594278402,0.04121307463163224,0.030339573800839074,-0.009471506660967535,-0.09573611031646821,0.056732331322932046,-0.22194743369718245,0.1353168132652534,-0.2340722566240714,0.0759422117876855,-0.029976601584412732,0.01193241536607575,55.136119521990445,70.33333333,1.341083150670923,0.0,0.0,12.0,0.035455404860798304,0.043963969820224914,0.040668277793148175,0.015526977504993756,0.08417359917611561,-0.026844366945441633,0.08724939552876963,0.0465101759429596,0.027690580148188062,-0.01746890153590818,-0.0873755467081885,0.058779495222191155,-0.18164570754383963,0.14068223726821077,-0.1577869809094592,0.06377304718491146,-0.05894826790740562,0.0016109875907723643,60.78922653829321,71.16666667,1.319651542783496,0.000126984,0.000126984,14.0,0.030272492907620956,0.03633826585230686,0.02778248157355652,0.03522211900884749,0.07424071748293293,0.004589989288186095,0.06502029333413703,0.06741351746010056,0.021959784238149524,-0.02664333837095854,-0.03661320562794736,-0.03566451594128158,-0.048307351246430874,-0.05400969775926422,-0.005402010159716408,-0.06668067067599869,-0.06083991061919003,-0.021294569140859646,66.12706973512435,72.0,1.3418569386814565,0.0,0.0,590.9031963234088
0.0,0.008861659398591406,0.07933779084520451,-0.006056882967398574,0.10369721095015555,0.01664636126628822,0.029764950995865184,0.09135888090276079,-0.013946364557240578,0.1650744387970355,-0.008235890822669043,-0.01699746335049003,-0.0831908547786633,0.08588170011429064,-0.29277807707358516,0.32880758801182297,-0.4448620995091645,0.16519342202729867,-0.41364681994884295,0.0,72.0,0.0,0.014583333,0.014583333,2.0,0.006557168852143215,0.04933319571318093,0.04256215165435533,0.06265831556328708,0.0050830844043993515,0.06368292141614341,0.07252308784801789,0.05188123896808971,0.057270954221933505,-0.0059256084770461055,-0.035749965577186404,-0.04089043458993786,-0.04707667849860691,-0.06321655363670067,-0.028625559742996985,-0.0961440294127321,-0.10685460669087977,-0.10909705533951466,20.12579182133167,67.0,0.49001377437156424,0.008574828,0.008574828,4.0,0.005559963556594949,0.02856644746155251,0.04672145460098213,-0.0010100157382877293,0.07767897303535085,-0.002383626740780451,0.08295136332092508,0.08435878795870815,0.06503629577933849,-0.007331924453597285,-0.0459895886933861,-0.08268993873041561,-0.003868393788202467,-0.08213603957032566,0.009098117927060882,-0.08360073750497896,-0.030391011657368565,-0.044689929066820365,33.8900512277092,67.83333333,1.1549811106308108,-0.000742686,-0.000742686,6.0,0.019605900671974718,0.0627732391752304,0.016652353223149136,0.04520402773423669,0.043063858079393676,0.0011805346304523344,0.09279099121694663,0.02589216159305581,0.05386322282829149,-0.012032306355851402,-0.05264934644366475,-0.0009093327845040137,-0.07700048777910667,0.025269738073028188,-0.06573107626374543,-0.0033333770509409604,0.0047856641997528915,0.002461186196995849,41.98237213682757,68.666665,1.3501548749685996,-0.000380952,-0.000380952,8.0,0.019948076227582764,0.06551789155334488,0.017909455532994934,0.05028616857038479,0.05187437982032783,0.0012256631971425058,0.09453892564487648,0.03849180122840367,0.04231422438190361,-0.01224723005450311,-0.04838679400984327,-0.001091347783041944,-0.07543814948615982,0.026838178663659798,-0.06415793838333028,-0.0038216246197559133,0.006484512271136706,0.002918042473320744,49.02366720215301,69.5,1.367027788784587,-0.000380952,-0.000380952,10.0,0.029151357446895912,0.05104468740453356,0.037885068235545084,0.02285873969706346,0.10089359781812347,-0.02518124110391982,0.11298753728442011,0.041443506385731015,0.026931515882026757,-0.00854344182736484,-0.09254990089990564,0.057601165737212065,-0.21747929326186846,0.12771438593449372,-0.1637686890935403,0.1004195910076928,-0.03590377847967515,0.012099467031175874,55.22391823725283,70.33333333,1.3340702740756496,0.0,0.0,12.0,0.03952785419637655,0.043708453792993145,0.04234502964267308,0.015645327169683435,0.07382627145150275,-0.02392565234646637,0.08913828112780843,0.03869365814748118,0.024946513881559995,-0.01641086556705506,-0.07286528089059513,0.05895892232887371,-0.17485375896596156,0.1481788965941103,-0.14613724868289868,0.05694931540705888,-0.05804175754252564,0.0018477277727500434,60.8293859330528,71.16666667,1.3217714582736526,0.000126984,0.000126984,14.0,0.029930702979856973,0.03771596820175893,0.033474537593552504,0.04893704055179834,0.07283519529998639,0.005987070638465382,0.06200460560416985,0.06862084792329833,0.018884575175749894,-0.03130018698339786,-0.03978261952268704,-0.03470691418646155,-0.04526905995231176,-0.07408637440110698,-0.0057219229879371,-0.07297329436232551,-0.05764195182418733,-0.025782566809396563,66.04853305126447,72.0,1.3769970019894722,0.0,0.0,712.457827097992
0.0,0.008620397953769229,0.05880135383211842,-0.005901462778162198,0.12036290141699837,0.013779978099577893,0.030717377981105517,0.10979225897846365,-0.017251337535716827,0.17299550017666193,-0.010238623850219883,-0.015535016029856212,-0.07955413100581954,0.1057847354108682,-0.3226652250468998,0.24113299711937064,-0.49983428471860747,0.2139416866945927,-0.4512035227282531,0.0,72.0,0.0,0.014583333,0.014583333,2.0,0.006299314132895943,0.04504128184663747,0.04842913918456198,0.05319666614221376,0.00553673685708052,0.06839770969021215,0.06763459328738489,0.04956195859662545,0.07187849222416741,-0.006004617471131872,-0.034733859748878784,-0.04349425984115826,-0.052384693676900955,-0.05250944750347643,-0.033038725248923984,-0.11757300334148256,-0.09560010001354984,-0.10601827515468949,20.171995490434025,67.0,0.6739612645207897,0.008574828,0.008574828,4.0,0.006324576563797384,0.029419709409126762,0.06255626182502645,-0.0006910208165999424,0.07970822661883054,-0.0020080637368039434,0.07813316979475701,0.06156323155894864,0.06316549587967607,-0.008733521514349278,-0.05535301256326056,-0.06248896253753689,-0.0033992525926173464,-0.09144895226062563,0.011234363458408272,-0.07497013099814866,-0.023660907670949503,-0.06076199356624617,33.927501240517095,67.83333333,1.0729311333579534,-0.000742686,-0.000742686,6.0,0.018892398105711136,0.05567680855022745,0.017359980007554367,0.04961600728997939,0.05692465514657981,0.0013482933498724736,0.07578723918636783,0.0257869235618554,0.04273597744643131,-0.009186958557358679,-0.052441348455935025,-0.0009142804175787118,-0.06930671629334785,0.030850568781156013,-0.09000059034780229,-0.004044047836441897,0.005544349642608899,0.0032892611377568983,42.06389859558947,68.666665,1.2486351354824219,-0.000380952,-0.000380952,8.0,0.019577975639410657,0.07060793344596551,0.02150014926930808,0.052807092161564984,0.06079387520809522,0.0013387823962890863,0.09526806923075985,0.03620291782258559,0.046132417911045276,-0.010986280659778087,-0.03991802285050305,-0.0011108484367803263,-0.08127095563827375,0.023690141541318755,-0.09158208336476127,-0.0036402164303458184,0.005080292390988515,0.002789126688319896,48.84098495045374,69.5,1.3569230755612682,-0.000380952,-0.000380952,10.0,0.026377264265371275,0.04717034927082073,0.038099115290899294,0.022940090424290138,0.08252803495921364,-0.02407044444750054,0.09913173518566938,0.04009048496047096,0.030529680422551615,-0.009475434918677531,-0.08930175631423938,0.07039828585279329,-0.16754507259708068,0.18393744803067513,-0.22142930087771673,0.0929798187405947,-0.030434086802210027,0.009683469553393938,55.31582857587221,70.33333333,1.364271421100066,0.0,0.0,12.0,0.030824437414342792,0.03275033409059637,0.03708328976137337,0.01457287569908433,0.09898002489628556,-0.028469826076156304,0.07335513174130147,0.04627980879497542,0.028550150263973752,-0.014150560177297208,-0.0876060611712377,0.04875330883881121,-0.15899048277642697,0.14514637844499764,-0.18881909148382214,0.05970158566739025,-0.05646909021415845,0.0016539648153676434,60.72807916494224,71.16666667,1.352342232876687,0.000126984,0.000126984,14.0,0.024981375920819664,0.05051885085854746,0.02712494915510262,0.03967125632285314,0.07122209561341096,0.005622983257160039,0.07461696566614447,0.06245195422190615,0.025506260514740038,-0.028362426500118786,-0.04003432619623903,-0.03004127079118541,-0.04997378011858007,-0.07745768780504607,-0.005450831813179169,-0.08244730651898298,-0.052955847430120294,-0.020234243891505344,65.90841479873887,72.0,1.4471140590086602,0.0,0.0,736.0397165354085
0.0,0.01208086311947549,0.07546997169144287,-0.006336912722928327,0.12055043094423422,0.018031541519940877,0.026639864242986862,0.09830493652006597,-0.013764496078323217,0.16235920857162536,-0.008420102546083653,-0.01823748088868948,-0.07344318360661743,0.10693738397305884,-0.32465024438669354,0.24509088354972003,-0.42760166518058,0.20074644368076258,-0.48793551152966214,0.0,72.0,0.0,0.014583333,0.014583333,2.0,0.0073173642649556146,0.05549944505652234,0.04678973712237656,0.05605439308341489,0.006538812780651221,0.05930379150326309,0.0669558589881298,0.06533213331682813,0.06506575067054023,-0.00818700946462805,-0.04846186910402609,-0.05158651033324589,-0.05863061539459007,-0.07721799372696812,-0.03355453166525066,-0.13703434673872777,-0.11669887583681277,-0.1257561745230721,20.112855199162116,67.0,0.4867985796668729,0.008574828,0.008574828,4.0,0.007074441250756585,0.02717347576597626,0.06232976429810639,-0.0007846709314118025,0.0870345448955339,-0.0026142698942653443,0.07720923251447243,0.07319041736597388,0.07757176874212092,-0.009166573833757496,-0.04792907685289911,-0.07065224930435673,-0.003176011165374899,-0.09559810660549965,0.012338586239934913,-0.10027700923227612,-0.027522942701566643,-0.05973814464569714,33.59099628863211,67.83333333,1.1837149550489727,-0.000742686,-0.000742686,6.0,0.020237828761961767,0.0638437458181531,0.015061532811645526,0.05814948710600179,0.05133402550679099,0.0013985857977164028,0.1118280266900729,0.036958295349712955,0.0493213262839864,-0.011747653189113605,-0.05664182757197335,-0.0010849980998227193,-0.06437083785749559,0.02289029537583894,-0.0862163178082305,-0.003526272593988972,0.005237599766646278,0.003116983439339025,41.83615492725028,68.666665,1.263502966816548,-0.000380952,-0.000380952,8.0,0.01651334362997303,0.04888783897055993,0.019029839660581145,0.05816502814855026,0.05021369966714665,0.0012768738157834384,0.08525387408084237,0.03282220172582732,0.05203315168329401,-0.00839697264435091,-0.053902787963223515,-0.0012004371111306793,-0.09196141766258004,0.025418733183358546,-0.0919637079940113,-0.0035054833671273725,0.006177693787241258,0.002560910003675793,49.04972864076229,69.5,1.2602017001962225,-0.000380952,-0.000380952,10.0,0.03124377763194315,0.03870682952119118,0.03238201220378644,0.02288121008239534,0.08082068796958121,-0.022258458212779123,0.09592695032252334,0.03280925936743958,0.03280371637846967,-0.01094638812478073,-0.08573895961105187,0.07587998690449359,-0.19925346409528488,0.12400978261836396,-0.20937744208486408,0.0776045478602655,-0.03920911350139439,0.010813624406582527,55.040587860627014,70.33333333,1.266275284511607,0.0,0.0,12.0,0.02845134616202885,0.044209637490524006,0.04014046664107274,0.01988742265578906,0.07643013101858803,-0.022155876297980687,0.09441164666365146,0.037768996487680305,0.024061243540039905,-0.016328895681445185,-0.07013421173443382,0.057180858784915835,-0.17726683283371047,0.12715071108624956,-0.1646064948553952,0.07068019507547589,-0.0518292813156908,0.0016731426339024141,60.63802762582612,71.16666667,1.3089434894287282,0.000126984,0.000126984,14.0,0.03389563365532545,0.04764762227799456,0.027341443037824667,0.04853862011267231,0.05443719211076558,0.006487567219047547,0.06786175485323664,0.0532321253655843,0.027611385758175046,-0.03032933525960079,-0.04401820328239191,-0.03056719780962493,-0.04332936366264058,-0.05451540607200075,-0.005661210862383556,-0.0695313061992082,-0.049872741668146175,-0.022316666953050672,66.09429398743767,72.0,1.4406928206233214,0.0,0.0,598.1309662240699
0.0,0.012093258536091512,0.07165213875925124,-0.006019058941631441,0.10573863353106532,0.016107906170049844,0.02916276389308168,0.11348471905023567,-0.017605973186610387,0.1274410317806559,-0.007835974935967967,-0.017282024170644394,-0.06862113304370926,0.0946937378023428,-0.3412248206856434,0.25678262488428155,-0.41668084800740224,0.2118413121069518,-0.5386705146585978,0.0,72.0,0.0,0.014583333,0.014583333,2.0,0.006565061830231506,0.056425504270381455,0.04098384726287709,0.06774408305084216,0.005364852173023235,0.06104827584944084,0.05056382511354091,0.06041995209645279,0.057242117289700155,-0.006080710855737302,-0.040350329896310565,-0.04576739741332865,-0.04308582519757687,-0.05264627005627724,-0.030491926866833944,-0.12460875013464941,-0.10590351287274449,-0.12469963775410955,19.98079657893385,67.0,0.6166033241704132,0.008574828,0.008574828,4.0,0.007742645282291052,0.03494884153398736,0.05879893724629615,-0.001008308191706398,0.06580900912292903,-0.0020924656158224247,0.08708303254270675,0.07595269665671198,0.08072670131883435,-0.008658263312378886,-0.0538723498623583,-0.0717458141652355,-0.003594679765512457,-0.09396245591977911,0.0092137972405064,-0.08307274090782478,-0.03115541016258275,-0.06328560352449164,33.62589765211627,67.83333333,1.1408355968513793,-0.000742686,-0.000742686,6.0,0.015420148613098438,0.06311087533217423,0.01813991827687166,0.05897804084997162,0.060838236454438276,0.0010274052365993446,0.09850616729870337,0.03232452328678269,0.04438062933073118,-0.010162696380565332,-0.0421981548613611,-0.0012138226041875486,-0.08078870362632364,0.029164418429669398,-0.07623358398683637,-0.003326429374606851,0.006935735239363942,0.0025611688720800986,41.967134535653315,68.666665,1.2673650473456861,-0.000380952,-0.000380952,8.0,0.020859461902846238,0.06425729450917081,0.01702478754374245,0.054476976167129806,0.05218294992184853,0.0012560452738100158,0.09301136148319201,0.036542061210494976,0.036798629588286176,-0.00982537609764557,-0.043571783642333835,-0.0010038166223741358,-0.08385456256537355,0.03377178997315695,-0.08578071014369483,-0.003916250859635077,0.005087689540148249,0.0025693225464419774,48.98416584824841,69.5,1.2342671228653328,-0.000380952,-0.000380952,10.0,0.03518976784766338,0.05283570355094369,0.03424222580538728,0.020946349925512517,0.07883554137600263,-0.024200308711290232,0.07877089147113805,0.043450053203559144,0.03444014190043595,-0.01053027300763785,-0.08564842521729094,0.0715111170190558,-0.22882081778098315,0.14375128438843052,-0.23939372873932319,0.08677664523262213,-0.03376351834296491,0.009778082730514996,55.070973348094256,70.33333333,1.2145838098277049,0.0,0.0,12.0,0.034094881533528465,0.03429966487227687,0.04106550129413504,0.018947211735847604,0.10688376434768297,-0.029173048495723768,0.10162026908074542,0.05082033340275508,0.0285079665691331,-0.017493240808329803,-0.08533624572525764,0.053355353116436126,-0.15147419328512193,0.10206479212546844,-0.19007366601526623,0.05708657328413211,-0.06547327323445225,0.0021437366483346553,60.71712654926806,71.16666667,1.2630250934473464,0.000126984,0.000126984,14.0,0.027479448422304775,0.04055108493807482,0.03400989510426927,0.04117156557569324,0.06269307919076246,0.004483226831122188,0.08454975143733127,0.051812705037344656,0.02207470055862356,-0.03364744411903074,-0.048443251513376875,-0.02692043352173176,-0.04141170574839,-0.07605412459614558,-0.004662620222382929,-0.05811913241707616,-0.049182494981017164,-0.026060620077887377,65.8887836598519,72.0,1.40525500830918,0.0,0.0,584.5936855954636
0.0,0.009812645133974127,0.05607761264159636,-0.0061713564592259604,0.10726358679504368,0.015826119951119287,0.03410801719583121,0.10564383333166225,-0.013592841494607199,0.1635351420255618,-0.009521487554267953,-0.022338842937637955,-0.07032064346359176,0.11755199677643938,-0.3052785415417269,0.296313075128601,-0.43879570789894395,0.1595293212258621,-0.5697562835980817,0.0,72.0,0.0,0.014583333,0.014583333,2.0,0.007280263924107624,0.048584661117387115,0.05123563150857967,0.06544073329507605,0.006585893916099641,0.052981027404199424,0.06608710581062135,0.06164897029501758,0.07678606719966062,-0.007812828840743765,-0.044259905244746676,-0.03804047335204119,-0.05588662518444958,-0.06323121602279241,-0.02670387453184098,-0.11371130977013243,-0.09924636404346827,-0.12834067538926816,19.986992099603462,67.0,0.512488475056456,0.008574828,0.008574828,4.0,0.0064731107617509165,0.02894385517781843,0.05449731524410195,-0.000757937961315123,0.06490355747279113,-0.002175038690279642,0.0629653167084956,0.06828700264698602,0.08239291995116846,-0.010454586135104504,-0.05322106498884709,-0.07078678337731956,-0.0039604684429636414,-0.10536811805150449,0.009834404687828532,-0.101633802109628,-0.025858519472773223,-0.05361058940648598,33.62738783697452,67.83333333,1.1235831045807576,-0.000742686,-0.000742686,6.0,0.017355746684130435,0.054229376403382,0.020475639068082575,0.05618150416383871,0.042162440310682205,0.0013641009634612273,0.08446945307465378,0.032583360773226024,0.038543674911273695,-0.009165843471301751,-0.05665249042026467,-0.0008383891133438855,-0.08316915635350411,0.02943457315069441,-0.06806873796898628,-0.003073740180379627,0.005443005419026718,0.0034352975550541185,41.959426789705255,68.666665,1.34260728879864,-0.000380952,-0.000380952,8.0,0.02197587466175297,0.06852011975090017,0.019342964835296246,0.052738614763495034,0.04690086432613771,0.0011186609612739767,0.08283834757439,0.033413598681870466,0.04906810719475261,-0.010658140472159686,-0.04022500142599905,-0.0012165653108494536,-0.06774226360938132,0.032008710193467106,-0.07735225318888168,-0.004042917072336512,0.006100114255259469,0.003208675390438992,48.87625676829662,69.5,1.3477832305805297,-0.000380952,-0.000380952,10.0,0.034257789051587925,0.037064877515350675,0.030892757354990426,0.017530561144290798,0.10246529873588128,-0.02352387228464091,0.08426296450520848,0.03414164075495873,0.03582379669815023,-0.010522412885089249,-0.07650418549372737,0.0662553202081723,-0.18400005420732463,0.1449862093815054,-0.2074138307089771,0.07285677995266658,-0.03066591101441098,0.011365335037108515,55.36648634187214,70.33333333,1.3135946923390764,0.0,0.0,12.0,0.03096540917509516,0.046399035513630914,0.04810242425347188,0.01774948859449491,0.09291300936118697,-0.028536823832656485,0.07108999134059499,0.05387173403947144,0.022187880837316713,-0.018297590516880447,-0.09725144492205934,0.05921097845969073,-0.2051199504169223,0.1099032100103137,-0.20838310856750458,0.07010121977915777,-0.06002832680276774,0.001958226900412831,60.95707219477392,71.16666667,1.3144601913838267,0.000126984,0.000126984,14.0,0.029349911650432086,0.04655153614549128,0.03225378784620155,0.045921872707004235,0.0645891042063779,0.004421436130907785,0.06089734463704593,0.05046146560985956,0.021851963090740646,-0.029401461099753314,-0.05191226583785597,-0.03597465598703955,-0.03735471088562613,-0.05336889152590822,-0.006509645159157999,-0.0805588104790473,-0.06529154358563738,-0.019652258175348904,66.04722735220696,72.0,1.3400288488451852,0.0,0.0,622.5225903468572
0.0,0.009521622980303299,0.07259273839479487,-0.005970795434084274,0.10561185861782132,0.016695982525832837,0.034098521147904626,0.10016723933310472,-0.015198947124242117,0.12979561621061553,-0.009814959077134039,-0.019957918027446796,-0.07860821621686007,0.10393180875069914,-0.2915001940228623,0.2404176118017622,-0.42956072040838883,0.2262027975243254,-0.48323123939789886,0.0,72.0,0.0,0.014583333,0.014583333,2.0,0.008881754436911407,0.05193971711636744,0.05300035267810088,0.06395756930621317,0.007077307825343729,0.06699646356582427,0.054696232700757234,0.0637497387024461,0.0662537696614156,-0.007362681041884118,-0.035538492384136026,-0.05047171177379446,-0.04381841960389477,-0.07154738412250591,-0.023515911741349,-0.13590126051916704,-0.11026057913637356,-0.11829344002152894,19.82696631919912,67.0,0.5202673596753109,0.008574828,0.008574828,4.0,0.006326122027064636,0.02419210875661273,0.0565441945605214,-0.0009436502842692391,0.07246052677257799,-0.0027165885341764464,0.09262389304735995,0.07418245006646149,0.0751698950057989,-0.009104608703558678,-0.04156968327800333,-0.07759898150157707,-0.004248888148875029,-0.1164075971425204,0.01020824508977966,-0.07259061408715745,-0.030304999322041566,-0.0554398692969413,33.61462360714719,67.83333333,1.0711135374947618,-0.000742686,-0.000742686,6.0,0.020572444663859168,0.06488451821493212,0.019356462974650854,0.051172376252354906,0.04876241642916525,0.0013385326958076519,0.09769239698727218,0.029669406193142494,0.037187251024185575,-0.010971045784890256,-0.04709286953730089,-0.0010913321168413701,-0.08421494596155045,0.03028065702700314,-0.07398021416652799,-0.004023425933643614,0.0062804469461348374,0.0035407502618652513,41.99590787238199,68.666665,1.2363005430441198,-0.000380952,-0.000380952,8.0,0.015618377931654602,0.05942933626079999,0.018238050345616843,0.05200400240761302,0.061262462197521315,0.0013623585898807399,0.10759998560515731,0.036199592525551855,0.04197221445740652,-0.011316586185242321,-0.04879575651213673,-0.0012164598724110746,-0.06755765032192053,0.030708686351716377,-0.07194563358248549,-0.003410321237323476,0.005386774268546387,0.002765850426155724,48.97462138806839,69.5,1.3270032789632153,-0.000380952,-0.000380952,10.0,0.02688420884164221,0.04310167081290679,0.035677264579718405,0.025388174663935708,0.09663300257642307,-0.02508902696677262,0.11050162424016073,0.03149483642258021,0.03187910920560475,-0.008378360711091772,-0.08509921636761142,0.06665617581930912,-0.18396255509180331,0.1737316898182593,-0.19397055667347088,0.09960037602069602,-0.03559265672007474,0.008524915735961333,55.247328483197215,70.33333333,1.2868150173937996,0.0,0.0,12.0,0.033447534721497744,0.04673067698846523,0.03859640761654431,0.015650720719378477,0.08750907643093937,-0.024410982455039556,0.10303104769860413,0.03854050946787818,0.026393906358077902,-0.012885054532057062,-0.09788602885468015,0.06862614302513824,-0.192346763436585,0.10849142185101149,-0.2096335840220208,0.05129259562387766,-0.047868646743592834,0.0020498684961376386,60.821645289356326,71.16666667,1.2608553763098622,0.000126984,0.000126984,14.0,0.03344896977223698,0.050152193154277686,0.024996147113886445,0.044474571200240384,0.07044577776206992,0.00504412862789089,0.07118005123252945,0.0493235243502171,0.02629956213109184,-0.035700608403416455,-0.05044134238277206,-0.034783612386629005,-0.04602513231803205,-0.07701492356447241,-0.004776926081242393,-0.06956820061084046,-0.05152600361056341,-0.023060681758044748,65.92184894872473,72.0,1.3587654253673866,0.0,0.0,656.2665801803837
0.0,0.009205178639785814,0.05973708784522429,-0.004585789135442285,0.12882409258236618,0.012877483615815885,0.025634301233797185,0.09892018648531849,-0.0158693417568148,0.18024987600413772,-0.00797225093358129,-0.020175548113072952,-0.07611624618743838,0.08395029004002828,-0.32503407611668506,0.3128836531817392,-0.4887293191689395,0.17775976892241296,-0.4635753398068439,0.0,72.0,0.0,0.014583333,0.014583333,2.0,0.007932347973209821,0.04457670850105224,0.04453837061178,0.0567344840103481,0.0052327452236058955,0.06453238995497729,0.07269555433925115,0.061911847762879293,0.06578646625623762,-0.007599000253067793,-0.051009210334309774,-0.04010079179291775,-0.04789557626253541,-0.06983809578285577,-0.03257304206425907,-0.10355594854692339,-0.10635184668243568,-0.099076149272532,20.10751597544512,67.0,0.5052881396250779,0.008574828,0.008574828,4.0,0.006402132337378771,0.024831291001352472,0.0591339082489416,-0.0008025808291763377,0.09525492047570215,-0.002324333297984776,0.08063191525152251,0.08214308437688009,0.08131720748190435,-0.009297409371257675,-0.04029868854160109,-0.06800846358379417,-0.0031039746256617327,-0.09702782157861112,0.00938957772029995,-0.10121687378979854,-0.03073070574626401,-0.0516408327432248,33.93561793947323,67.83333333,1.0796585018275635,-0.000742686,-0.000742686,6.0,0.0152586232474421,0.061414781939022826,0.021490773540568386,0.06259666240344736,0.04225637418114014,0.0010775205398897629,0.08005306928802,0.02722228494368828,0.04690341921210447,-0.009735410392342212,-0.052861607276897205,-0.0011546859115944472,-0.06512958166419971,0.03113081240538767,-0.06917437564025918,-0.002817947308179685,0.005845789608073325,0.0025202328911428113,42.21934836330526,68.666665,1.2840750346496526,-0.000380952,-0.000380952,8.0,0.02224562229843444,0.0598455878734423,0.02031130985914098,0.05639778993224237,0.05881643534119017,0.00102600609429136,0.10255144373275896,0.03289549639413987,0.043831815070200536,-0.00891162495772052,-0.05531149611599271,-0.0011105118806302055,-0.07338093920763182,0.025425454208658604,-0.08538220742173606,-0.003489544564820856,0.005479624024861477,0.003154994342219737,49.093765985841344,69.5,1.312385996303095,-0.000380952,-0.000380952,10.0,0.03274976905511387,0.0503802408677781,0.041809183255973416,0.022587678983631176,0.07957325996344355,-0.026368625061582027,0.10058124788994058,0.04469846122726671,0.03828461460839278,-0.010027798585550364,-0.07186725491812798,0.06458841078037647,-0.17149660221277702,0.18325923551895396,-0.18653552936898474,0.07678177311747005,-0.03437436814765441,0.010793360925503086,55.19940939370473,70.33333333,1.2794390082851257,0.0,0.0,12.0,0.04003245398722134,0.042629572215794144,0.04718741049411487,0.014427315209030605,0.07431075435092456,-0.026063197997732136,0.08328145815941142,0.03801418544167595,0.02392214857261631,-0.014094490554423451,-0.09565378250234541,0.047367789189908666,-0.14708925569483086,0.11443644321252879,-0.1995586677112669,0.06830468236501032,-0.04726269232095159,0.0015657217588794414,60.97655914544305,71.16666667,1.282075251840022,0.000126984,0.000126984,14.0,0.0294649974548171,0.04587757926508664,0.03256537240035729,0.048134419387242,0.06884499208610027,0.005924077805278108,0.07882020291787355,0.05150031848419595,0.021839974597068667,-0.024640057926442107,-0.04471673528581945,-0.03065503025435438,-0.0472829532974143,-0.054628227075373105,-0.0053087434836484575,-0.06408425091715868,-0.06433372268277221,-0.020196963198525965,66.03395401792004,72.0,1.360091256507413,0.0,0.0,785.4839853709295
0.0,0.009997980679188133,0.07274580767674771,-0.004857413055282041,0.1205457693369536,0.016933746335778977,0.026290300646255083,0.08230756126994106,-0.015358116172133186,0.18256410786337643,-0.007847683483488523,-0.016904066518035613,-0.07757305422303255,0.0995469273805874,-0.32430145565290847,0.276615646954924,-0.42659592712950933,0.22283547394947628,-0.5787313569762006,0.0,72.0,0.0,0.014583333,0.014583333,2.0,0.00697770741407357,0.04885153853455896,0.04842498678513101,0.05860904671046243,0.006854001804394757,0.057971370893096404,0.06643873029661884,0.0625934772960175,0.06951291273362022,-0.007784796049681033,-0.034775300885399006,-0.05160557235522781,-0.04001072446078012,-0.06417220734949936,-0.031144172774218215,-0.11951735094575862,-0.11845783704793393,-0.10068928773928998,20.098038410059456,67.0,0.6087895041409239,0.008574828,0.008574828,4.0,0.0059965081626795706,0.0296188164157924,0.04241203422072826,-0.0007153413266642864,0.08730243980810805,-0.0023880296217731302,0.0670506023372763,0.07290309388234524,0.06497685671993174,-0.010073152157151747,-0.038335588163094944,-0.06438516230992898,-0.0034408353674409806,-0.09687690556781511,0.013560840682535356,-0.09946889357427526,-0.022619539603879784,-0.06332199905714724,33.879547544742984,67.83333333,1.1005138153413263,-0.000742686,-0.000742686,6.0,0.01945408691104187,0.07153485012915116,0.014789411659873486,0.04496972528152468,0.04204780037578324,0.0010901208769505725,0.107319920861397,0.03226877889705809,0.0518272850752455,-0.01153576651807458,-0.04904863697286158,-0.0008957802950110009,-0.07298573591609919,0.02660637309362694,-0.07209505340596734,-0.0037911278889036035,0.0059972659206939906,0.002532557476854102,41.83668690754909,68.666665,1.2777513688946402,-0.000380952,-0.000380952,8.0,0.019111855034460546,0.05533293773048084,0.021108370048921743,0.062068302575261074,0.05537971415802311,0.0009724436315958782,0.08908012015936165,0.029021826027681462,0.040924610667479884,-0.011127327786285775,-0.04531223000030472,-0.0009393955068448993,-0.07393006298418593,0.027646909790503757,-0.06209529483179762,-0.0028707693140073982,0.0060779323104515484,0.0027289429136241584,49.07129226936048,69.5,1.2813629438138108,-0.000380952,-0.000380952,10.0,0.02639373719609435,0.03640493226691698,0.03734732437332166,0.020389558809899934,0.09517272564884449,-0.026726786785302322,0.08003660318539974,0.03751001197410524,0.03047549316902775,-0.010772489864383807,-0.09012923980190435,0.0682260886140938,-0.1613929159826452,0.15002544420779299,-0.23324951221552037,0.09547112551229323,-0.04422388845670841,0.010514746346678655,55.02443478639129,70.33333333,1.2459589033004446,0.0,0.0,12.0,0.03890526868061563,0.034700062059165634,0.03692637682533458,0.016758278284106587,0.09755095959217114,-0.02615375922653828,0.08519986497479404,0.05317635782859443,0.02392240439491014,-0.01661311337967756,-0.0774327427198436,0.06554457368750362,-0.16489829091451597,0.12578514535148927,-0.18468148383491806,0.050843308312416444,-0.05400677428674936,0.0017250547920609162,60.822535523421195,71.16666667,1.2236854950830136,0.000126984,0.000126984,14.0,0.027872430043199357,0.041270644173876374,0.026967520642853043,0.043827576917021126,0.07200197477171329,0.004388747233805302,0.07272523448775292,0.05118862760097843,0.02723477038621393,-0.03376835993812617,-0.052025107456922376,-0.024844049249490328,-0.041626863406066104,-0.07438899912382778,-0.006499262297407232,-0.08075745884479925,-0.06390345744834093,-0.024587357818880357,66.14757507336202,72.0,1.3126560924838786,0.0,0.0,699.3254150594759
0.0,0.010066319437126799,0.0668368190947153,-0.004764555039801885,0.10272285385897748,0.015868758691410696,0.029029830197323775,0.11175044557152346,-0.018133945278776115,0.13893348207941975,-0.009356875004030037,-0.01939958178398683,-0.08780433098041981,0.08291877850505701,-0.33522452662278196,0.2812758846811223,-0.37975622393631553,0.17830659660746884,-0.562022811894759,0.0,72.0,0.0,0.014583333,0.014583333,2.0,0.007290219156204793,0.0526070559548216,0.040385330439097054,0.06313929980235333,0.006460901816684764,0.04855337323343898,0.05550109749288091,0.05965657021739137,0.06665180564691607,-0.006856576410308834,-0.03609271573393352,-0.044639855609841496,-0.0395590249123348,-0.05251968196277962,-0.02673846558415041,-0.10325462193934294,-0.097409183864679,-0.09296397622954261,20.012302436102438,67.0,0.6199735121803139,0.008574828,0.008574828,4.0,0.005851915116344992,0.03129434709222304,0.046735595720944725,-0.0008659164059863226,0.08098244696106427,-0.0019598414511718056,0.07246270588200324,0.06093842078358092,0.08217048761401777,-0.00889331111507825,-0.039576718925626496,-0.06460202570385486,-0.004513214085307739,-0.09800521347941382,0.011329668553978762,-0.07189581001012972,-0.023065472742954077,-0.048854483085368744,33.567413490676095,67.83333333,1.1981960247991335,-0.000742686,-0.000742686,6.0,0.019706285022367633,0.060353390241452094,0.016024761107177023,0.04673052901492705,0.04968807759235927,0.0014343681907888796,0.09555011716841919,0.03384748083705267,0.05184720835622939,-0.01134892035095145,-0.04457088383286838,-0.0008815738563888405,-0.06345736138002464,0.026466198384696,-0.08566925005620177,-0.003176790913594255,0.005954407200501346,0.002523555121626854,41.95049855648988,68.666665,1.2614766560122626,-0.000380952,-0.000380952,8.0,0.015452059015053287,0.06177658173690794,0.020206437611488798,0.05451533282566304,0.04775467079200242,0.0011944470968313105,0.08902813501393926,0.03554931181778971,0.036485109427407854,-0.009160279635606675,-0.04310675957087792,-0.0008565899351867652,-0.08987106535715739,0.028369569426651104,-0.06347850624551153,-0.0037960152492067757,0.006140376985402381,0.0035048704033551377,49.191508808205214,69.5,1.2782430506931666,-0.000380952,-0.000380952,10.0,0.02543789157306979,0.03774045422011289,0.03449981390603157,0.02378133526505964,0.0734215339334919,-0.028092665618385602,0.08103939315406494,0.04039094795417818,0.036217991123555685,-0.010961208443241263,-0.09508114577323787,0.06287694994337899,-0.18746612695999618,0.157817273646969,-0.16639403065538255,0.0869005036778544,-0.037084509392329996,0.008462621221322802,55.027526004377364,70.33333333,1.3327502877484183,0.0,0.0,12.0,0.02939407775747688,0.04132910337330881,0.04241626162086586,0.015060139704649065,0.08313004989808295,-0.028780757257424842,0.09687911569073837,0.04760710485993626,0.02086018137552315,-0.013410469392196233,-0.09119780284418019,0.061179398379214184,-0.19902399670184354,0.1203949127421322,-0.17937653770854226,0.06823162969108741,-0.06622824370490793,0.0016456328125515395,60.79254838200666,71.16666667,1.3587036813490019,0.000126984,0.000126984,14.0,0.0330867009561354,0.03812000592007153,0.031611118186632335,0.048772864218132185,0.07295942988094657,0.006042529139309316,0.060911132109660295,0.06618091905794421,0.019897137573609648,-0.03449129583680261,-0.03658091850577372,-0.033693772159591864,-0.035984812779111204,-0.059957464013021634,-0.005663097182812098,-0.060364869088083396,-0.06447115436120796,-0.022091550390974123,66.17475880685974,72.0,1.311743503887224,0.0,0.0,785.0611591411512
0.0,0.011387767466542045,0.06316986051159802,-0.004504956573036377,0.12708030677501972,0.013682236978202141,0.032973847397444994,0.09633486643045099,-0.01845045604591329,0.1421158037060813,-0.010877726780310714,-0.02242144511082636,-0.07161400297021997,0.0865883820302748,-0.3338595662403682,0.24378727322444776,-0.464046580797988,0.19056778772424451,-0.40046310890984343,0.0,72.0,0.0,0.014583333,0.014583333,2.0,0.006736765206355856,0.0504600738486114,0.04161901643907982,0.06117132586991299,0.006434099360335747,0.05543214601740056,0.05723693148615466,0.05080416623456612,0.06501129967703502,-0.007962369846274006,-0.044787094772681585,-0.03634714466525474,-0.057008770523688294,-0.05919038849036071,-0.025360219363805073,-0.11331268824207251,-0.09645630686363002,-0.09429944411354285,20.16352707572572,67.0,0.6525730680227579,0.008574828,0.008574828,4.0,0.005410706562951525,0.03125236577141369,0.04245065678135313,-0.000819283478257477,0.0674466049220646,-0.002246864572197809,0.06654630945373234,0.08187318395690263,0.06906323433387061,-0.01039539691617736,-0.042408608065728944,-0.06085425293799247,-0.0044562657213620864,-0.11030076435637423,0.011641889349892732,-0.09176054108542221,-0.028438131573592793,-0.04677278171060371,33.65960152794448,67.83333333,1.1213433018037757,-0.000742686,-0.000742686,6.0,0.016624985523791887,0.06273778821625019,0.014782951844445322,0.04966879519587201,0.04764628570676596,0.0014188103594687824,0.09426221476069144,0.033141698536681356,0.04409893503077233,-0.010780167913076852,-0.0561804952305093,-0.000988475741385514,-0.07669766375670128,0.02921787182746079,-0.08415048234417356,-0.003239276038537779,0.005208286275152689,0.0029924923884822284,41.900959694724804,68.666665,1.2914051645754991,-0.000380952,-0.000380952,8.0,0.021555958945163645,0.05770139479015055,0.018904874406719,0.05746652149095084,0.06111761823066159,0.0011222395268236259,0.11151220888222713,0.03315496027398858,0.04206971912703945,-0.011257917875109739,-0.04811109681588677,-0.0011574298917629315,-0.07605376784633837,0.024784782274200248,-0.07535191373421532,-0.003729217787282035,0.006252731175366263,0.0029912710170944667,48.98571239933073,69.5,1.3194157106306734,-0.000380952,-0.000380952,10.0,0.02691735226231277,0.03889367904130315,0.03482704216554759,0.018334529764761777,0.09667727530903704,-0.03107600869375876,0.10050389551849527,0.04103415186750064,0.028964370133506466,-0.007935231137539134,-0.09335136232776918,0.0796148655059347,-0.198943059060581,0.1680738488470238,-0.17990322944690304,0.07020941066301604,-0.038628961444126385,0.012246648129889025,55.29982570152783,70.33333333,1.2714547512782426,0.0,0.0,12.0,0.03924962818024777,0.045260343969593865,0.03893513964220677,0.01929854734693111,0.07843619609236764,-0.022412748305660084,0.08405956700175507,0.04057755291192305,0.025346755216641453,-0.014873263346906007,-0.0844243747462319,0.052502753805530065,-0.18631682848253653,0.14612858694060935,-0.1867260444072496,0.0504322148169142,-0.05840876205786922,0.002002572984361816,60.774274771488926,71.16666667,1.22414011205329,0.000126984,0.000126984,14.0,0.030017283680016778,0.039689046824575455,0.033461658600461824,0.04222745923715552,0.06790901892218189,0.0058461698136224125,0.07902842591699044,0.06037031269654314,0.018766202047956964,-0.02823464260355805,-0.04098466266477207,-0.03661515846257556,-0.049392786459923954,-0.0731552830284079,-0.0059352746511373775,-0.07403870856689188,-0.060502031042142156,-0.021142091577447314,65.84494718680448,72.0,1.3760818587518933,0.0,0.0,734.2540339522583
0.0,0.01125344170563749,0.07258090363127348,-0.004820738649249902,0.10632165974826469,0.01462148672802689,0.03193914702408011,0.10931591052185266,-0.016653236794556908,0.12975232831069408,-0.00919632956633913,-0.015964948721113953,-0.08471831342071179,0.09371656408908179,-0.34534410254202885,0.2517855983432322,-0.5122852116682023,0.1644847671113074,-0.5572121617713209,0.0,72.0,0.0,0.014583333,0.014583333,2.0,0.006102961378187119,0.04267288853496664,0.05174260378859962,0.06698430609163203,0.005511948856854153,0.05528649111121204,0.06849348829137641,0.05808122402668779,0.06718141475646174,-0.008070959749948283,-0.051536008365063696,-0.05329950663226142,-0.049182949566545064,-0.07765612085889165,-0.02456803115271613,-0.14024155774734343,-0.1126544461556811,-0.12119533137025015,20.02549798946478,67.0,0.6064684371606732,0.008574828,0.008574828,4.0,0.006743312901863876,0.03251251698176762,0.04550968345582965,-0.0010007564578437252,0.07146199031864414,-0.0026773881493678603,0.07982415948506527,0.06365961507157217,0.0682070775447878,-0.009064172628406536,-0.04592386917425014,-0.07935544788052255,-0.003273577911800436,-0.10300369724231824,0.010673498039738716,-0.07384961529399961,-0.03267976209246727,-0.0566948989410061,33.6413624314064,67.83333333,1.2085679764605965,-0.000742686,-0.000742686,6.0,0.01781173383270591,0.061447784496042865,0.014542113645034629,0.05150739561178459,0.05714984248125749,0.0009805747391821488,0.10960316022921475,0.028657318332243914,0.04634675102160916,-0.012177119495008193,-0.058182725124969185,-0.0011775783253802062,-0.09022896442227062,0.03057116606858968,-0.07535396625081912,-0.003400526452958197,0.0060667307320643035,0.00337009876375446,42.167201479545724,68.666665,1.2821978374013447,-0.000380952,-0.000380952,8.0,0.01739303890337492,0.0628041063163866,0.02019248375499426,0.054627665600230864,0.05443260318344978,0.0010704914478733307,0.09343459816744704,0.031206804305058546,0.040528545234786585,-0.010374011461074485,-0.05882273315378246,-0.0008444629712893665,-0.06506898630521477,0.025865564503533195,-0.06330549886343842,-0.003715301257809948,0.0061523948634927255,0.003400409492617329,49.13302948037177,69.5,1.2836298814594496,-0.000380952,-0.000380952,10.0,0.029238369011667383,0.050072826954163284,0.032933212949490566,0.01736612316434523,0.09633495366617363,-0.02511376310333013,0.09132961792706437,0.033429741931000685,0.03000472213162615,-0.010176346752583778,-0.10353457355635193,0.06673566833647736,-0.22373879093467597,0.18064568631382744,-0.23662038085629156,0.09018161625297269,-0.03810236587951061,0.009604324790079189,55.398227613092345,70.33333333,1.3115669969829824,0.0,0.0,12.0,0.03445209009593797,0.04328742493439955,0.04080681967194017,0.01817013354742212,0.09977561649454922,-0.022534082862716825,0.0937561698409981,0.050068366785903845,0.028339552667675755,-0.0146693004390534,-0.10181971705662393,0.058968396637158214,-0.17375804608922174,0.1298716774931875,-0.20128049496087355,0.0687042797213946,-0.04946124090430172,0.0017934855967323784,60.74499393311222,71.16666667,1.36358245965559,0.000126984,0.000126984,14.0,0.02774919429620907,0.04733415579948516,0.02978072440790348,0.046652780181269,0.06926409668128809,0.004660994832366537,0.08345699259919638,0.060806629793764805,0.020886708004416714,-0.02646850868559409,-0.052067964494836895,-0.03128984464499326,-0.03795644755473257,-0.05577994719489158,-0.004999305866541389,-0.057031689266380525,-0.06421426435357012,-0.024973903574500605,66.03623568074002,72.0,1.3993834277324957,0.0,0.0,685.6864297774601
0.0,0.011784515399127067,0.06435064392820182,-0.006386594472420034,0.12432970877166635,0.016843389202807778,0.027482286640965244,0.08397212293071236,-0.018542202054822775,0.15944026051040947,-0.010722193055998608,-0.021954889501562064,-0.07862883394503709,0.08521821453393527,-0.3452136137883825,0.30762672144642766,-0.4123875011234493,0.18131990216344152,-0.4438847786151663,0.0,72.0,0.0,0.014583333,0.014583333,2.0,0.007901217824380281,0.043391494560129876,0.05172792976457643,0.07050866202494425,0.005688454820770751,0.05510006439922134,0.06750709295150628,0.056680647814211754,0.07368064239209837,-0.008572562579934644,-0.04098916861099142,-0.03812649066360423,-0.04854195487402934,-0.06126268224780641,-0.025941865415978305,-0.10246485329898539,-0.11768926528107823,-0.10124964252496792,19.874491101874735,67.0,0.6128986831084218,0.008574828,0.008574828,4.0,0.006427874738351177,0.02683768702173964,0.04379834613968787,-0.0008993852727543286,0.07423070874100214,-0.001957211103290636,0.08947854685001888,0.08387068743304027,0.06193527688765663,-0.00756878424788088,-0.04691694476742128,-0.06585797569147461,-0.0030652688008552375,-0.08769957530529454,0.012762865049703247,-0.07392313430061999,-0.02691396434409169,-0.04934216098878181,33.617580391723,67.83333333,1.2224541458134657,-0.000742686,-0.000742686,6.0,0.022252055433523488,0.04858794187213452,0.017110076109421595,0.05677825330113386,0.04493509096295568,0.0009966422406280245,0.07859504542333048,0.03748815886214951,0.04929409306541375,-0.009237364875174122,-0.04808373773259529,-0.000853381213672718,-0.08213676990695276,0.025138129134214756,-0.0886256766906002,-0.002890336595482132,0.006600015093025692,0.0024569621255043266,42.19310440997997,68.666665,1.3424251025283964,-0.000380952,-0.000380952,8.0,0.016671433412951863,0.06477076396381122,0.018652848895270194,0.046386517593723274,0.05063326140748399,0.001324654277889865,0.09408381868997279,0.034053334574156685,0.037509378923414285,-0.012248771926482384,-0.049933641021280055,-0.001086910485404859,-0.08079437940254985,0.024794136620353426,-0.0732453328319809,-0.0031300398002467615,0.0060967781021597275,0.003192373976574199,49.00785943466241,69.5,1.3796352740508278,-0.000380952,-0.000380952,10.0,0.029462965879537614,0.052663894872700845,0.03341969261099239,0.021684105526743228,0.0834008140729841,-0.02817740801846446,0.10876407314803428,0.04396273585993747,0.03878934949463011,-0.01069783473544938,-0.07782192157779122,0.06286836985716927,-0.17726729069163247,0.1632464064769897,-0.19793015910015763,0.08683660758014868,-0.03001091404920437,0.012323804664922776,55.10786198226633,70.33333333,1.3538759024500278,0.0,0.0,12.0,0.0318268607954619,0.03774579668314204,0.03551513754038408,0.02094857933520103,0.10172835244042513,-0.02229026205577126,0.09656373002877176,0.050106606978031654,0.024378369658820804,-0.014663366812404986,-0.089507703800944,0.06307862223323793,-0.1530273738315007,0.12347184528760119,-0.15402593504833118,0.06356963895489573,-0.06590105042885464,0.001820188388506608,60.709884498978234,71.16666667,1.315787110176264,0.000126984,0.000126984,14.0,0.029986106505332878,0.04918936178936974,0.02731204337676344,0.04870324875084036,0.06044206160495934,0.004791284541744425,0.06079068243338788,0.06401505870759457,0.01932313369748822,-0.025102882768674718,-0.04505790578478611,-0.030752324499472437,-0.043657143683701084,-0.05944327213083146,-0.005448915343719842,-0.05954320370455518,-0.056222588893913926,-0.02106573556399278,65.84830053916075,72.0,1.280054407663582,0.0,0.0,696.4197222490848
