1,130,0.0,0.029763394942358114,0.08678974317723409,0.0989754506284926,0.10543470466765649,-0.05043942631732069,0.15752373946090376,0.011885769330380025,0.035945355900027606,0.07758825828306333,0.006254801495337796,-0.072781815796762,0.018593077784608447,-0.11170638406293387,-0.04725853450234917,0.07027823321984342,-0.29570142891571977,0.06949236507745975,-0.16410181453757963,0.058885536429891194,71.85468251304268,0.026803793489586253,0.0158907132653601,0.0158907132653601,2.0,0.017814701154556113,0.027965910394873134,0.2067821182234114,-0.08699127987048161,0.06551783520072689,0.06743473015816831,0.010716947464743458,0.01969939041938359,0.06814857126712989,0.01905426394859616,-0.0054148039184828325,-0.17805010766311424,0.1291531203827,-0.26715561259726445,0.22955712555356844,-0.4730151339500343,0.14195681733147267,-0.16265683276329712,12.443334885505207,69.80024762273848,-0.023392011044392175,0.0195930411129989,0.0195930411129989,4.0,-0.009105554222534364,0.025190750999591817,0.1262282185724344,-0.042935297561764355,0.14718548923335226,-0.06269760759087738,0.09699808185474443,0.0088251158520466,0.11425948457924565,0.013724151646230148,-0.030587860133047123,0.021057400787407532,-0.12153102702072581,0.04703185759418087,-0.03965862050655495,-0.20301484010852822,0.07915102549546225,-0.1259105828797769,29.123319285909858,69.13537332034808,0.31713964390537924,0.0158517125537957,0.0158517125537957,6.0,0.012112764013723349,0.06304971630021505,-0.029488698644943037,0.17293177107158586,-0.06588853089969979,0.09427197243612723,0.05696411679650275,0.03404658646665611,0.06276213171856564,0.028372340622680625,-0.05943805710996253,0.06972582582300207,-0.11210853781820734,0.08780092285368246,-0.10420770029277418,-0.011547931447651467,-0.038420141725507784,-0.06517150117027837,41.126433344514396,68.41531410371171,1.1979119865124879,0.0040967066832651,0.0040967066832651,8.0,0.004690908641479759,0.03733623447922635,-0.020830240102650763,0.0882140552298613,-0.029495329152759993,0.08696584319457581,0.01361269671642941,0.08667415524860189,0.008763223469424965,-0.023251443665764447,-0.04734361577127667,0.042532171941985525,-0.16014249013828083,0.13009299800282859,-0.21495641712092,0.09576592274831691,-0.044129635725453815,-0.007025060752138244,49.354683214038594,69.00444221859003,1.794196232279699,-0.0012107218330925,-0.0012107218330925,10.0,0.013956675037772794,0.05267092067149122,-0.0073783188254190986,0.11439873669967966,0.005952767544576839,0.061909469893054576,0.03868280572907408,0.052071032621049604,0.01171227957144645,-0.02762088049931228,-0.07621405304736248,0.07586662687703005,-0.18912502983707769,0.18940241608648836,-0.23399627266676706,0.1015479153286823,-0.013993422194264311,-0.011161123294427857,54.9619422318826,69.69422725075718,1.9780094191819337,-0.0035392911723241,-0.0035392911723241,14.18,0.014287511063795345,0.05057133140794025,-0.019763564805159436,0.1479828299253978,-0.01249797516698901,0.07680823591772223,-0.003373762844229706,0.059129682939107156,0.01185148853096335,-0.02914120478783148,-0.10206631733775161,0.01164422293753068,-0.1684993462194967,0.16931392250035315,-0.21075903194054693,0.1260240605939423,-0.022931148668022535,0.03259286050318762,66.59737835300787,71.88611719192845,3.000221091604978,-0.0165246909332865,-0.0165246909332865
8,120,0.0,0.020321620264461666,0.0669491324227247,0.05013797114989628,0.08178506244762772,-0.07554196386503059,0.1807641939087093,0.005751328585794832,0.030585203547870796,0.12517983070619568,0.009253358760108774,-0.10670037510610456,0.06344478107352702,-0.10822505947794198,-0.04511349629531178,0.04050508868664993,-0.2807216997312155,0.06295684913549507,-0.1356875854749532,0.05026322464171673,72.16731492388689,0.086018857529612,0.0158907132653601,0.0158907132653601,2.0,0.027381622451288057,0.006164240199472874,0.20175393024483065,-0.07225026611779348,0.05883288406026482,0.09410003751477752,-0.00380433407042975,0.046544524774959545,0.059238127500390834,0.014967711924643946,0.00206397976551356,-0.18519260033034882,0.13278587348475857,-0.25527981447621667,0.2761065476898916,-0.4428322356308795,0.11159072252469997,-0.19127586889524573,12.4530898203254,69.82825666335489,-0.052213552098530874,0.0195930411129989,0.0195930411129989,4.0,-0.0115074235191552,0.026627213449521948,0.12580961793991502,-0.01984065576747289,0.1451179854614842,-0.05150432196437481,0.07540540833177159,0.022714676656098463,0.09632498236636505,0.01899545443782269,-0.051623816964883065,0.026727942219404048,-0.104332005994135,0.04803568473236036,-0.07059566205817168,-0.22585116044088654,0.06870064028072019,-0.1631221233926458,29.39944412390363,68.75779950381663,0.5562792710246101,0.0158517125537957,0.0158517125537957,6.0,-0.0037335922084270542,0.05607411343241078,-0.02717853594183733,0.1692646949313415,-0.015963546343963266,0.11897586487637954,0.05402619100529526,0.041706697057829534,0.04917324222510309,-0.029371093496535116,-0.052815461467940195,0.027658215685428617,-0.12166622505572058,0.09647016198279895,-0.09503533856950366,-0.019931926010087458,0.017960210467613383,-0.07457894350900166,41.02813709354163,68.56286585844335,1.2273255126969382,0.0040967066832651,0.0040967066832651,8.0,0.04510613731356636,0.06073113090127874,0.02202460274331333,0.10159985458821696,0.011545307660080668,0.08104921863722686,0.024989685049014443,0.08867066766036032,0.04773758680971102,-0.0017752443960648377,-0.08870351555283726,0.08379047499273029,-0.1508343966706941,0.11896958619275952,-0.21308079553292597,0.12084293673496584,-0.05918311449530831,0.026715391022149988,49.38939138652077,68.81621757548778,1.698932226318967,-0.0012107218330925,-0.0012107218330925,10.0,0.048972681611425976,0.06906839129407888,0.031514258036950404,0.11275340413207298,0.008391253847679317,0.05221963371364556,0.0589715166012862,0.03493158313769238,-0.006341196030416527,-0.0044430212317881895,-0.08977054949001792,0.0873945702044633,-0.19323274396308826,0.18358797942291064,-0.18403990607103152,0.09707168740314487,-0.03370898054846113,-0.016263452465711696,54.97077687594405,70.01812244945239,1.9518412656173671,-0.0035392911723241,-0.0035392911723241,14.18,0.028896880591228746,0.07285926105091198,0.012141082913365416,0.13381100483048594,-0.019670346325141783,0.040474610809295014,0.006110891149919032,0.05632471986506627,0.04703523847716305,-0.032315407039214816,-0.058068258817573576,0.06347391048235607,-0.15712265527527075,0.15989254697663247,-0.2138477190820251,0.1215691599268849,-0.017789203024816243,0.002045369471888877,66.59296848851132,71.92698240579011,2.8119206308020828,-0.0165246909332865,-0.0165246909332865
14,140,0.0,0.01364621161323023,0.08731418816759903,0.07767271371014431,0.09458615939869386,-0.06645524307294742,0.17978735287015044,-0.012437440717215444,0.017929253307117147,0.08826770478822799,-0.022616926812827422,-0.12470538612557633,0.05110109377133243,-0.10321875561623439,-0.005245284254095883,0.043512142820468495,-0.28589858368359455,0.07412806963643316,-0.14018516520784222,0.24516382633579165,72.1149229762631,-0.31449263165342156,0.0158907132653601,0.0158907132653601,2.0,0.023408669562006955,0.01407696514432944,0.17611032863406192,-0.09238224216890832,0.062334888447034255,0.08004376054975434,-0.02730278909987251,0.011366888264031157,0.06294391065252183,-0.004000827856224471,-0.013318320482215856,-0.19535197274105381,0.1064580372263076,-0.3042013537369602,0.24099428757558294,-0.471037319957274,0.13844298336674438,-0.16569564822948835,12.404871669467353,69.91979503889232,0.008853794168570267,0.0195930411129989,0.0195930411129989,4.0,0.007583776201869559,0.03887731549685913,0.0928835175613922,-0.05272883307222757,0.11985482787770312,-0.04289509590758576,0.06897875333895402,0.008332523033141982,0.056643031977455294,-0.009493448001438871,-0.03677502944089328,-0.010696814813251368,-0.12352096932195586,0.06343133119797234,-0.06011581199178987,-0.24994858527799152,0.10360018039398748,-0.12737818098591738,29.37374852165895,68.95677582551643,0.4830438535078463,0.0158517125537957,0.0158517125537957,6.0,0.04315923807911137,0.09115222238065954,-0.014450977376391764,0.15716260154419573,-0.06462989342278977,0.08458496709956814,0.04523448641734543,0.060989095822698056,0.05042273686417932,-0.02442344459225877,-0.06104326081666456,0.015451362026103428,-0.14615624522744966,0.05635296748123405,-0.07000970295319758,-0.033841678110245244,-0.01719695527000563,-0.0715169044620534,40.88948425518243,68.54936433310523,1.5273398948555212,0.0040967066832651,0.0040967066832651,8.0,0.04212693875524351,0.0583175842037673,0.0027278745819554993,0.11978861699421608,-0.03502993901164804,0.08169936821447182,0.022923738175763597,0.08598491163315951,0.005136139800973615,-0.034901726356809354,-0.09662486837551831,0.027324428278613807,-0.19795577243219342,0.14865062287994732,-0.18823330747056388,0.09143718012108645,-0.03763696492927237,-3.230062987718066e-05,49.45701182430122,68.73051262047701,1.7897487643383303,-0.0012107218330925,-0.0012107218330925,10.0,0.041775841470544944,0.09005373436988559,0.013579871789545403,0.05891112161368987,0.026103429473165893,0.047992528624148295,0.021594854546244772,0.06921018817524804,0.017118603397600067,-0.010238541599033424,-0.08984963834999077,0.059906859892576464,-0.18139825963301487,0.14916094556231296,-0.2148137009431265,0.06326334266860702,-0.040142236207320894,0.010693463876592445,55.04966739567817,69.98599102655442,2.016044694278566,-0.0035392911723241,-0.0035392911723241,14.18,0.0181051298746804,0.07487716009900851,-0.01685272536619206,0.1185259973666862,-0.0285205391483489,0.01972847674435387,0.028186414058065906,0.05964299241191772,0.06473529162469524,-0.026734038651347797,-0.10424483168639057,0.02247903861233195,-0.1502804296994027,0.14074313872310035,-0.19913759527910851,0.07331979606125806,0.006687235889053001,-0.0045711641133839645,66.48514725214241,71.70884091995309,3.070797130573858,-0.0165246909332865,-0.0165246909332865
17,126,0.0,0.027286487545160262,0.06799182393923395,0.05412353919103937,0.1181331547605774,-0.0460468908164407,0.18122120434309136,0.006350747515749306,0.037273433555023064,0.07974784910810674,-0.004567789872216789,-0.09123412101024932,0.06340769427092316,-0.08822890780050381,-0.029386880989904267,0.04884553665142259,-0.2749257582725419,0.052493221150264585,-0.17927488021804958,0.21930083218337254,72.03212664414893,0.06946712269216662,0.0158907132653601,0.0158907132653601,2.0,0.03727283215208869,-0.007513628092976666,0.20663905508742567,-0.06997454204303669,0.10957417940253286,0.10063128788375503,-0.022221945830076126,0.06738552742122925,0.03778204011483487,-0.03184033445242382,0.013080393619105455,-0.19140759355769266,0.13463263148949112,-0.26125697551069715,0.265712111143479,-0.4311949008899296,0.1221863929342169,-0.19227837626461108,12.503362305460039,70.0344221542721,0.04354764197046676,0.0195930411129989,0.0195930411129989,4.0,0.011229554091428704,0.026450833188439726,0.09466951084741775,-0.04005858961168405,0.10735727006043569,-0.024209722877066055,0.06850573590399868,0.03356012935650869,0.10578042626714318,-0.020086174560058078,-0.035272319825778733,0.026641122553082076,-0.14843998596029936,0.05160854087686691,-0.03298588182123312,-0.2145534094862414,0.0871014288205856,-0.17297001955058833,29.127411728685512,69.14812120375889,0.5529816386143522,0.0158517125537957,0.0158517125537957,6.0,0.014640947063401612,0.09007158386376306,-0.046011593231233064,0.15456615526915146,-0.017218285146548738,0.10930840190557245,0.007873651029307163,0.03747436800942126,0.07425481166657523,0.008183155613020967,-0.05937501345347108,0.048927511593930564,-0.15474309722365978,0.08391465573914293,-0.11194360656945962,-0.03600192545474036,-0.03722212231661522,-0.04024995278754688,40.69813067231599,68.47163572304868,1.555406672797258,0.0040967066832651,0.0040967066832651,8.0,0.0025061406568066096,0.07741682129612308,0.010883532636082417,0.1079184052134182,-0.00884119733625783,0.05890809769968588,0.05941486528553151,0.08837197132207651,0.03297473273957801,-0.03325663112840605,-0.07331738458949931,0.07840528508595482,-0.17892963888972702,0.1154590911893961,-0.18684919375421105,0.12677538176149794,-0.06118693192468269,0.034023496983309184,49.43729859759896,68.72532488656691,1.9256379788946478,-0.0012107218330925,-0.0012107218330925,10.0,0.007286880549446248,0.05207255928120187,0.033324171970475706,0.07816340796049545,0.027654241933762206,0.061507350307201294,0.0550222350021836,0.06600561403433426,0.0501101620901017,-0.027409878142617604,-0.08981922613223851,0.09109923790359288,-0.166685203355738,0.13247969406628984,-0.23036143668939113,0.0853705413064218,-0.010152020095050698,0.018436792430384978,54.96775970313507,69.81404899079465,2.1412662034192413,-0.0035392911723241,-0.0035392911723241,14.18,0.05265011327669383,0.0497584791570003,-0.014684984131805974,0.12678079435765255,-0.003655795486955672,0.04025075315338915,0.015140540573911957,0.09651833465277966,0.007173344040005379,-0.04808426727854763,-0.05049927424123302,0.041841312371878096,-0.1710834821146352,0.1426961708583857,-0.229770177344469,0.10403324005754573,0.011646432913807066,0.046650728030497884,66.98196965514263,71.65437722220432,2.7589340713463057,-0.0165246909332865,-0.0165246909332865
100,180,0.0,0.012407059242525907,0.0401471116140002,0.07019289791459613,0.07719485618547313,-0.04649529690868938,0.18607936210475268,-0.026365087217906383,-0.006073485453463336,0.0948592785487307,-0.023303207463168656,-0.10461555775137918,0.04145076050283586,-0.12403726622605171,-0.02896846915373095,0.05699728324560634,-0.265664248879118,0.045567951412319285,-0.18560577393355948,0.19854642145804097,72.11412303239354,-0.0025797129072172853,0.0158907132653601,0.0158907132653601,2.0,0.015757435055401035,0.01361312140648593,0.20034638635789137,-0.0738472951188122,0.08016184949952074,0.10259657590537787,-0.0037565980228148176,0.03252053152481764,0.04175301931556872,-0.01925019987723224,-0.01804091771272104,-0.17871023107587383,0.15605827544164808,-0.30299543015578384,0.23283410978586938,-0.4582033902583797,0.11482490986579931,-0.1948840535837745,12.465763208982036,69.79818519803327,0.13037826168862973,0.0195930411129989,0.0195930411129989,4.0,0.027544621790898734,0.017958690700587483,0.1273328449051566,-0.00999051231253861,0.1198681243852798,-0.01492813139198194,0.07145416463129098,0.04455077899832412,0.07842775922638445,-0.024802271537310454,-0.03977934111065942,0.030057335667989314,-0.10938082255543523,0.08142589047336952,-0.0700429625224923,-0.21237400529763192,0.1020433054626117,-0.14474476689386914,29.195737785782487,69.09378570709227,0.7458363302743567,0.0158517125537957,0.0158517125537957,6.0,0.033306873894239336,0.07833755366191442,0.003452555374053555,0.1618360460684361,-0.04908357466284673,0.08357587914562699,0.01573042414778308,0.02173113055252122,0.049031937663576455,0.007652568662893324,-0.0875430832992091,0.015122663065213138,-0.1484271225128508,0.0787728475766886,-0.10070160190785142,-0.04451173422521894,-0.021298652906531653,-0.08335386893914741,40.870199892848824,68.64193551877378,1.4136837803804272,0.0040967066832651,0.0040967066832651,8.0,0.016846689830557357,0.0679659117809788,0.010715030761301075,0.10425111078314946,0.0071191687590445385,0.06809635073213499,0.03875682437973183,0.056101437540975546,0.05583174811911023,-0.03252540820570076,-0.053676818372095245,0.053198669012252654,-0.18884962266077562,0.14395753295363875,-0.2295762566837372,0.10565490055656329,-0.038762676796274806,-0.001719991854441088,49.68455984024781,68.78372299988935,1.6454363941879118,-0.0012107218330925,-0.0012107218330925,10.0,0.052762398731272045,0.07955969650818533,0.008951212536604802,0.08738190555854802,-0.009751180621842236,0.042482886475545274,0.05193047439853156,0.0590828468165665,0.0039030982069608727,-0.031852452796297434,-0.11555110762682691,0.07035381780873928,-0.1708302513433663,0.13178420845040648,-0.2323851294675601,0.08919819408040613,-0.013453856445252946,0.025789716156263496,54.974791615684886,69.96035567605732,1.9474711303404255,-0.0035392911723241,-0.0035392911723241,14.18,0.000262959488054125,0.039717458626405536,-0.009301043061018038,0.10075798756235911,-0.04039284513632974,0.03777346529591668,0.051512840572894035,0.0688867779908227,0.009742751871735802,-0.017858760353882647,-0.07140491778781184,0.03604442734346158,-0.166630560331409,0.12259749773781382,-0.2032409610608468,0.09885350553068253,0.005306100408399673,-0.00355597335006904,66.62623018144589,71.9364535397153,2.8245329204529157,-0.0165246909332865,-0.0165246909332865
128,156,0.0,0.018422603761240275,0.08275604608698728,0.06190703853604133,0.07956118684776584,-0.05330421933495038,0.15592204656599384,0.018337095713037807,-0.006176005877189604,0.13240487869996204,-0.03158948821839189,-0.0800149874245622,0.029656809100984637,-0.09239438878953393,-0.0082429924480221,0.04065601391265051,-0.2524089594814655,0.07546278003414393,-0.17983682468862933,0.12380974641355963,71.89097663961192,-0.29272747868280313,0.0158907132653601,0.0158907132653601,2.0,-0.008986642998278371,0.0016873358736626447,0.20614613224384631,-0.08860263442518877,0.09941124205568659,0.09233627569149226,-0.0020232076489087544,0.026668327508249906,0.09460295679876053,0.019522639893156637,0.0027533195711442384,-0.18578150035717544,0.11086349571010123,-0.2910968825455975,0.22340918754032008,-0.4346765003816118,0.14889180515433648,-0.1740105824094273,12.466646096106887,69.86649818127428,-0.07937955629794571,0.0195930411129989,0.0195930411129989,4.0,0.01613009453694876,0.053605580376638845,0.09033443507549173,-0.059440398158255504,0.1484521788846859,-0.049582211277449335,0.06938489544091213,0.029169157858724898,0.0844861914238292,0.0017960722375172048,-0.06275248938039393,0.0002677618823133665,-0.10606574066972208,0.07049358917314684,-0.06221446940108346,-0.22503906683170216,0.05572657586722386,-0.14428841254159233,29.34659336067397,69.06490299853127,0.5123285807065423,0.0158517125537957,0.0158517125537957,6.0,0.028052367937094966,0.07065554064342464,-0.034151627822271186,0.13683089130992895,-0.024895230295826826,0.09436429089216014,0.04958761193238529,0.05178990877515977,0.025453244253992417,0.02811263593236538,-0.05509388862346029,0.03074294276221627,-0.11957168079906345,0.07975946022397673,-0.11516582405980752,-0.01625532994240252,-0.02154100672889247,-0.06097961273753371,41.01707301150424,68.67555572412506,1.2265931377867176,0.0040967066832651,0.0040967066832651,8.0,0.018859755780697356,0.05817069597335029,0.02442204717812622,0.14182192822531675,0.02283227135706713,0.07969568030471737,0.023060763365167644,0.08017885039633313,0.04329543404848426,-0.03935698918796935,-0.07833781816926261,0.06916734684295167,-0.14043669200494108,0.11717134768322701,-0.2224199303634023,0.09653843913939636,-0.03296075873167587,0.047846722955932786,49.23165902458189,68.76716139537342,1.8982463626915838,-0.0012107218330925,-0.0012107218330925,10.0,0.04434424546892385,0.06999987850824092,0.01688810871461662,0.06692427422917627,0.009159781473098101,0.0429569235112344,0.03683557398300045,0.05910563688266822,0.037914229825675716,-0.00514679999693303,-0.08849079635356859,0.08751749395539181,-0.22655295126350938,0.13776887980112867,-0.22808835811747782,0.058562429718918174,-0.0474166343778958,-0.021817385640215323,55.252881220216956,69.76778724273598,1.9803217768827062,-0.0035392911723241,-0.0035392911723241,14.18,0.03680369537796997,0.06600692459064142,0.007660606009600477,0.14638570599278072,-0.017243121722222535,0.06742128510680198,0.05281883251402815,0.09532272634607616,0.04460464328419121,-0.005133053851725727,-0.060196791577566695,0.06228818340369981,-0.14512300023907654,0.11100325547629711,-0.1775740708900914,0.07129006771305751,0.005524135131560234,0.02765260291131686,66.9799638370769,71.64590932161714,2.8692114227813996,-0.0165246909332865,-0.0165246909332865
140,135,0.0,-0.00448378092784155,0.07824648944963701,0.06976409180628877,0.1256562038270495,-0.08100601089739623,0.1561285463863846,0.02096321250001204,0.024020605218725257,0.08385368702422855,-0.0042342662063614344,-0.12118673682073544,0.020446768865504637,-0.09916131418752128,-0.008014217623055937,0.05421695981735513,-0.2814283872999094,0.023643888215123542,-0.18419330861705274,0.23693678498100712,72.01366887121809,-0.2615835614969908,0.0158907132653601,0.0158907132653601,2.0,-0.00895850257062815,-0.008144751472203823,0.2175940175377431,-0.04734439329560837,0.05989928415423015,0.07664248929534118,0.02920930792120361,0.03274964937136203,0.07309468728695673,0.0025481876512796608,-0.013655786815782368,-0.13882029783114022,0.10680742842537684,-0.25272773476348614,0.24438392158127833,-0.47992286466379586,0.1402512002362019,-0.18026542281221558,12.587686244948996,69.71217378852914,0.16994000096322845,0.0195930411129989,0.0195930411129989,4.0,0.03456875644837767,0.03077567509837096,0.07422538325785093,-0.06274507153275567,0.13247898874024402,-0.05700886958238556,0.07050523803405706,0.010683008763758824,0.07052108045434577,0.009399082971332491,-0.07201950554037273,0.022933306210085526,-0.14756842436389575,0.06104151683173258,-0.02054274470495861,-0.19425112350836687,0.09575498466877694,-0.1425765910436579,29.37191695977097,68.94901528129529,0.7197057405642389,0.0158517125537957,0.0158517125537957,6.0,0.019112044658534014,0.04638438246912129,-0.0037865870789403153,0.1317496714191098,-0.04030965547439189,0.07465428132147431,0.013968575490107209,0.050371187387205536,0.0592506058375795,0.01665036849872661,-0.05779990322040486,0.04017844516462529,-0.13915650204591007,0.06547999648449021,-0.12702982167049798,-0.044742230662942924,0.018581605242939482,-0.032772184334702956,41.07736035086008,68.59291142062108,1.3082001818998374,0.0040967066832651,0.0040967066832651,8.0,-0.0064927030510304184,0.0523222304172809,-0.00852600586213173,0.1050883352037722,-0.010394914503635454,0.07052843435614795,0.0238125297990476,0.08681307718835235,0.047914289456515685,-0.04142681421039468,-0.07940503854604826,0.06721442508411077,-0.16769610301363963,0.15346409849522866,-0.22030718895153706,0.08615924021220153,-0.07072964953355378,0.024073559878965922,49.56712872199325,68.80534332570953,1.6252980834138122,-0.0012107218330925,-0.0012107218330925,10.0,0.021658282741345063,0.10107437471185365,-0.001328155786408553,0.0976486869272605,0.027440996991614647,0.015915879037889335,0.062210396871836875,0.049651412874863105,0.031126478430090858,0.005554861588535832,-0.12129483217530551,0.09572723356204983,-0.1682962026193177,0.1638714118151772,-0.22857006987962988,0.07092503303129985,-0.04636811682676169,-0.015748479468787924,55.01776105844156,69.92827409590727,1.9616561491922841,-0.0035392911723241,-0.0035392911723241,14.18,0.0382931959002646,0.06366702014309131,0.017102544139368552,0.10179064475077261,0.004822803695679301,0.07803936038697303,0.012113839551262088,0.05079874064446377,0.018428295303572616,-0.011462439761119977,-0.10001070564188363,0.013548952420174783,-0.17921814029365607,0.16742765188472145,-0.2266018180187379,0.1167134335379142,0.008445133431179936,0.006258288811235729,66.67863141729873,71.65302008322773,2.784074229344088,-0.0165246909332865,-0.0165246909332865
235,156,0.0,-0.0015657854999030461,0.05070064413883366,0.07593882053071946,0.12624177135639122,-0.03342405010930184,0.14372018605146344,0.012647871452244677,0.03478129360603342,0.12119558604715694,0.014174331023560208,-0.11018871079804675,0.04061547448157822,-0.11451981752357829,-0.031044226869022272,0.08691460942084472,-0.2566806765726819,0.047695733179767615,-0.1842032014239107,0.14892275819835854,72.0163956690617,-0.3701599631858382,0.0158907132653601,0.0158907132653601,2.0,0.016019545658515127,-0.009765409370751706,0.1825564915822081,-0.053635308566168514,0.10588079592589424,0.10552005921531185,-0.0018205552844781012,0.013144300153250844,0.06972326377482724,-0.008063376347405882,-0.006576232116571377,-0.17881083672397674,0.12313988358742801,-0.2737532473846148,0.2426221767714053,-0.47250825880831065,0.1646600678042526,-0.19061918508262238,12.457987621242172,69.96670922111755,-0.06678835231444832,0.0195930411129989,0.0195930411129989,4.0,-0.006897917734146806,0.028905027936484383,0.10292718783305445,-0.031188414197092902,0.10549075499259335,-0.018483457563022318,0.08425805810208177,0.03483989396067004,0.06315780421459265,0.0034124734591885475,-0.06944918963117777,0.01942373703353078,-0.1087130004954316,0.036930859295622356,-0.07327032659018697,-0.20295156733796862,0.08040826369791196,-0.11765851934602686,29.29427152278528,68.9592104421415,0.5329394867539985,0.0158517125537957,0.0158517125537957,6.0,0.00355361506458487,0.060875993661418104,-0.006398109964757464,0.13551403642266138,-0.029847644206248265,0.06944290187756338,0.025597198756577837,0.05948934523640455,0.04535085427370825,0.006798359338248673,-0.05733015481179776,0.03434638322643996,-0.1392830942736536,0.058175885554693156,-0.10724351953942826,-0.04388105060397868,-0.03543703005319195,-0.0588127766397663,41.03110603694019,68.68541142149262,1.294240752327446,0.0040967066832651,0.0040967066832651,8.0,0.017620519292511426,0.06336643219630832,0.006204591442153358,0.14230525262166416,-0.03451610627185903,0.089491111331791,0.05770562207217146,0.07776231103971622,0.05796150086197662,-0.020085413482756647,-0.0561393984262928,0.08402079705140243,-0.1634027455142269,0.12109049784306024,-0.18555750086925268,0.10656603414267268,-0.04799607275968118,0.014523670042848658,49.35051865082849,68.58125541147602,1.7129867947002082,-0.0012107218330925,-0.0012107218330925,10.0,0.05316303639038466,0.06631080788150934,0.03440665878770091,0.10513352446787726,0.028097036035802117,0.023905728604993945,0.037952211766930206,0.03013771038280373,0.007509115089711428,-0.012574030146205757,-0.12588376002875962,0.10468780689363723,-0.20135617265852293,0.1522344487619778,-0.18905715030646225,0.1118642167707227,-0.04312784327215964,0.0017547764523877176,55.228375195995305,69.85177211811987,2.054116432876929,-0.0035392911723241,-0.0035392911723241,14.18,-0.002223664251393479,0.02664866990524036,-0.012192766750826778,0.11779123686312443,-0.0024908166938454983,0.04640357863485606,0.003883288951154723,0.09466384380689205,0.04379985833016749,-0.04748892227834642,-0.10351281121958938,0.06404131338678361,-0.18785778086087954,0.16271996008014394,-0.21184884438239038,0.07890322178174863,-0.03892418536671573,0.012521885436095035,66.55707101091417,71.69246325439276,3.0701023815406074,-0.0165246909332865,-0.0165246909332865
340,140,0.0,-0.010411648296966159,0.07405801281415994,0.08585520330970471,0.12734729521673016,-0.03137146365171404,0.15230295742916888,-0.008576272495044897,0.04575374569164027,0.08676386862331961,-0.016041788323760117,-0.07260597554687971,0.03632450255860319,-0.13065511893610487,-0.0034578559416790777,0.05748892398151501,-0.25938905952956576,0.04256341079015785,-0.14420469657184506,0.1626159012282551,72.14246613189498,-0.13065085350840613,0.0158907132653601,0.0158907132653601,2.0,0.016306545830053837,-0.013463559971513578,0.19421176218403766,-0.037616882475316735,0.08361696511254435,0.06970308522288911,0.004905248462649004,0.05989119864227271,0.06838989058918875,-0.004199139104007802,-0.021747362864928073,-0.17902458491892384,0.15375110837714107,-0.2692172921516579,0.22798157414857687,-0.4642796166209123,0.12072291944149402,-0.16009204001900645,12.50064748181618,70.01511314591185,0.34770838411674576,0.0195930411129989,0.0195930411129989,4.0,-0.010626200917754167,0.02103719149500935,0.07850444321431357,-0.036033094619272545,0.13972025762274476,-0.026319027441001556,0.09767329815535242,-0.0017555719181927866,0.08018905788534211,-0.0004971145436719043,-0.06898606404524174,-0.012602816813618908,-0.1301563092445464,0.05255865423321355,-0.04260715719805529,-0.23964738613176204,0.09468133670817826,-0.13935629985526596,29.12669626675663,68.80182285191772,0.8108430613619748,0.0158517125537957,0.0158517125537957,6.0,-0.004595660271431344,0.07079465838268378,0.008077168005678714,0.15042634223279439,-0.05814256587885679,0.06142637874576745,0.02998632544409949,0.019348188117921897,0.03355110355934193,-0.02730153465622136,-0.04860928437062065,0.05504506206329456,-0.10893064437937962,0.1034490997494165,-0.1270348583879889,-0.012738435139180914,-0.0017693485815177164,-0.042064387132403125,40.827460137788314,68.40863620165429,1.477720899479473,0.0040967066832651,0.0040967066832651,8.0,-0.001474611105275716,0.03572124936641272,7.625264105078078e-05,0.13911779265376542,0.010964262702376795,0.08199412142698971,0.0018369894520897205,0.08276381468357241,0.05187027522963898,0.013456993696449966,-0.07292526797829793,0.08173533209842693,-0.14736886385165313,0.11324990150746944,-0.21569988405081073,0.11958069060145149,-0.027244089649232354,-0.0024251145108661817,49.56433603724588,68.65150178220274,1.5003447332970128,-0.0012107218330925,-0.0012107218330925,10.0,0.05039091465379637,0.09774039777512683,0.03488182974607277,0.10959255209697108,0.012648948927958122,0.04358530147062918,0.02511690648608951,0.05304419754123345,0.02950103292169015,-0.017224201136926992,-0.07563555509871064,0.10359896647090941,-0.18346309131911848,0.14569881552595768,-0.2294292097278199,0.08233468794187387,-0.040554184435010195,-0.0017163491873606915,55.102531867495586,69.93842071003058,2.3179287803587663,-0.0035392911723241,-0.0035392911723241,14.18,0.010873415080827582,0.04461181325574203,-0.037192373398198836,0.10642438757503951,-0.0003432433802546802,0.053858850242982495,0.04374749724023471,0.07062586085477797,0.01721128145553067,-0.04326853345778806,-0.06801411417856078,0.06267814888839762,-0.1472633587078917,0.1254595136293366,-0.21079504336322763,0.12177632711640536,-0.00846767219046025,0.001091349356537999,66.83491024750843,71.6767032467315,2.7096402977525096,-0.0165246909332865,-0.0165246909332865
344,120,0.0,0.032278368406364055,0.09180082692898481,0.06334737687942955,0.07322099962151513,-0.07435105922943398,0.14254759797306382,-0.00021776470328049456,0.0014931247116672514,0.13018327372358962,-0.005449023797309689,-0.11825072733009637,0.00977273933627397,-0.09367772123820554,-0.02694129315533736,0.04920203807238984,-0.29044024640175564,0.0723131071651314,-0.15109491334732575,0.18838837931492414,72.10927299671913,0.11677346935881858,0.0158907132653601,0.0158907132653601,2.0,0.03747159513470034,0.013414114523813468,0.21340009409910402,-0.06420920412473212,0.0971063304262236,0.09403721355125394,-0.005861829364318299,0.04679729007465741,0.046429984249646714,0.005887886667839175,-0.00572932248242182,-0.18443118261186925,0.142062473453602,-0.24741266701952108,0.26329338898271076,-0.4526155789907912,0.13339157334703775,-0.15542861684943807,12.399222947969026,69.88946026400353,-0.014900542308560333,0.0195930411129989,0.0195930411129989,4.0,0.01949166096331229,0.03503216142881708,0.07480005985280855,-0.024657485903448906,0.1551785312871281,-0.009722443136488422,0.10668233449975209,0.03539317953223754,0.07412826793347901,0.016204039317891432,-0.0744227835140567,-0.015586841405987609,-0.12122793515012058,0.022384428657987416,-0.06368297878890174,-0.19759898158455946,0.06691484690590621,-0.17159370882401723,29.11848868690216,68.94640472531661,0.353260891436001,0.0158517125537957,0.0158517125537957,6.0,0.030942204997311564,0.07411734497190711,-0.026426082298906584,0.1767651895230713,-0.050063475743795605,0.06543354987510562,0.03220019309273264,0.022052946762607627,0.07634098207054801,0.025546745935143424,-0.05246094850001702,0.037649098130956696,-0.13579052539451192,0.09009017898234276,-0.1144590635877642,-0.02453687006392793,-0.03780379850737514,-0.08480351807755823,41.05290095282773,68.82152539195924,1.3076908906454443,0.0040967066832651,0.0040967066832651,8.0,0.04968253167106701,0.03374637256904318,-0.017855562901027203,0.14378867374082774,-0.03263347814274049,0.10268376493977349,0.048749404112018585,0.09656355195535447,0.008333204021312011,0.007331690464791865,-0.06076660911724871,0.02724960046383446,-0.1451088436196712,0.11091481661369072,-0.20660373512523922,0.09293962959285292,-0.06045993752417125,0.03871019961261936,49.242788311917266,68.57198662862709,1.4980277374687772,-0.0012107218330925,-0.0012107218330925,10.0,0.049091622786850767,0.05712253077932031,0.03478458462146975,0.10039798281751489,0.016187233473790683,0.021819470697424785,0.04516325806166497,0.05485401755955848,0.0019254520975839837,0.005034030518431543,-0.12517066583120828,0.04722703142707281,-0.2262073472716001,0.1577671571482634,-0.22408673579177124,0.08133151006746855,-0.040159781759693466,0.021712220905420947,55.25627093804683,69.5877979381071,1.938658166462886,-0.0035392911723241,-0.0035392911723241,14.18,-0.003251273629616143,0.027667987932384557,0.006257332974772746,0.11833967406516276,-0.020614332746754185,0.057054710900108094,0.019946142381849497,0.05532922332301339,0.05382224350386973,-0.02644197516414707,-0.060670561107691576,0.016349483112026903,-0.15101876836121272,0.12475395415817953,-0.20125806474091532,0.11663485242721497,-0.02751969000915059,0.03436201097071591,66.48646716295706,71.92746843527279,2.8518314324085505,-0.0165246909332865,-0.0165246909332865
393,156,0.0,0.019031839276350035,0.05214598025820718,0.09418291837344307,0.11987433503675123,-0.04077905837666636,0.16151888058847996,0.014379390676499045,0.004603999964957126,0.11092382283261226,0.018973846899155006,-0.10590066189487235,0.013211568445408071,-0.10722516229287837,-0.00962870207025581,0.0386236176971482,-0.27249466320983223,0.058011888779148535,-0.13809607594065737,0.09313404048838325,72.12328483514548,0.0028881162855596554,0.0158907132653601,0.0158907132653601,2.0,-0.005739510818627608,0.01751206536536655,0.19334419564341299,-0.05545332405734418,0.05953472213678712,0.08416012550807885,0.028749081244976462,0.04719899460040075,0.0701585663667721,-0.025427717165379227,-0.021783506784508296,-0.15469666487065117,0.10965101066870644,-0.2794427779953803,0.22891820838306232,-0.4236726794350691,0.13214044431103106,-0.17412276330925724,12.445161770060746,69.98336931203858,0.016862180466921534,0.0195930411129989,0.0195930411129989,4.0,0.032854606264502165,0.04132945988214315,0.08924362607625427,-0.015774572343259272,0.11703781305576301,-0.028766463842133987,0.07948150466915434,0.02019662219959483,0.10539961333274736,-0.034753018152093876,-0.07601644480359722,0.02989460283811964,-0.1300389915135408,0.03745607556114691,-0.03101737555651545,-0.2262170732960097,0.10745975735508889,-0.14691328962477918,29.139432127558628,69.02183587263421,0.5785887157465599,0.0158517125537957,0.0158517125537957,6.0,-0.01066234029657745,0.08553442474122233,-0.025766562255224036,0.16259137639687354,-0.068192562298489,0.10809904246984425,0.0487063037139501,0.06300098081574029,0.07125453918561897,-0.0036037792969089728,-0.08219979311521496,0.054263613202901635,-0.15177380170702182,0.06366716294842542,-0.1261356477220598,-0.04410722875780904,-0.016520564524202457,-0.04020795269310116,40.95393045977717,68.79989995005769,1.2281339170999195,0.0040967066832651,0.0040967066832651,8.0,-0.008124748417016475,0.06806341022668029,-0.030558125866956665,0.09446575557494961,-0.029395178757640066,0.08522065605213788,0.004997971910872614,0.10045902020041113,0.05541466376909755,-0.02824113267876282,-0.08858860739033514,0.0377804791232811,-0.14793520120355874,0.13925228888632882,-0.19613040872256896,0.09611833586643312,-0.05255664755860231,0.016691429943687993,49.592033318747426,68.70744915735759,1.5517281206534719,-0.0012107218330925,-0.0012107218330925,10.0,0.028277275433604015,0.07784171504108446,0.009127552671177003,0.09256791071415377,0.008065499933020151,0.012784973787664924,0.058818925229624994,0.058870341338567445,0.03728352176340792,-0.01652407637881465,-0.10478602591908366,0.06733160313607439,-0.1717662785114263,0.1893867783064011,-0.21152801179152497,0.06548912433025088,-0.03146457713152773,0.012545903147315216,55.09665985890357,69.5365679281079,2.0061525334585557,-0.0035392911723241,-0.0035392911723241,14.18,-0.0037821159356574326,0.07663446618677151,-0.030563473749515613,0.12094072524942844,6.466359746995325e-05,0.07652064792107716,-0.0018495870016302061,0.09471004148645297,0.06083546655849858,-0.034471811892250646,-0.0969539633358468,0.028369357569584586,-0.1626825557160408,0.11755316610350183,-0.1808304796845739,0.11119265891962266,0.0026402943782689522,0.025953632203674123,66.49845927695318,71.70632438320642,2.7634898540272697,-0.0165246909332865,-0.0165246909332865
396,174,0.0,-0.006339288107089277,0.03751194571728335,0.06819494008243644,0.11613196476265428,-0.05010883299748872,0.1743021698601696,-0.002839775260256999,0.03531287398063637,0.10999972186040094,0.010597235883837194,-0.10402023753675008,0.03459418119304855,-0.13853867366428202,-0.05014563737186471,0.05233590635334505,-0.2768770554888775,0.023475092991453072,-0.14984765835280361,0.09338966577324931,71.79179596252413,0.04719841550273127,0.0158907132653601,0.0158907132653601,2.0,-0.019720934529230613,0.01703109307676489,0.1961356039762539,-0.06900802911454484,0.10027090580454237,0.08668701194946399,0.02255909771991327,0.04046097794906987,0.0774737314239588,-0.0067080474034045745,-0.022326332100210775,-0.1745080346766115,0.13140198889722196,-0.2943951724062264,0.2227459346405936,-0.43100894641250465,0.11800720524721667,-0.1911681036602464,12.445640610947688,69.94751330500078,-0.034134374645999804,0.0195930411129989,0.0195930411129989,4.0,0.0036683949865886686,0.054547671452370605,0.09121769664955079,-0.05225820018682011,0.12102660727120718,-0.0674194296981273,0.10795087049570805,0.028370472195354317,0.08755411698450141,-0.03371559780515505,-0.07936351411933065,0.031929587297333445,-0.13876304082455773,0.06097201011402964,-0.03763504482331907,-0.22009955917265217,0.060665693015801096,-0.1712774345037687,29.38469644997657,68.76246838473861,0.7037371971321175,0.0158517125537957,0.0158517125537957,6.0,-0.00353105992064787,0.07309643153750087,-0.028947352245455436,0.1390449385101585,-0.06792354368600814,0.11718195323758526,0.01264746426087639,0.04321389896435523,0.03457760263549459,0.007777129868273471,-0.06469138912567614,0.024822191564145,-0.10279218387621236,0.06799221580100988,-0.0795707811358288,-0.03024888626499434,-0.038627489552139356,-0.05791088576021848,40.980819024707074,68.66349922432141,1.3513887617644589,0.0040967066832651,0.0040967066832651,8.0,-0.0010921780895541203,0.030206315053826444,-0.007591301883470442,0.09730675085598031,-0.018971371898848868,0.04536061425538004,0.0046865977970464885,0.0578464572563316,0.059825827820047174,0.010555842781630716,-0.06470260797783288,0.04880934659827649,-0.19228487620839296,0.14230153772748383,-0.203315881139748,0.10140624592918412,-0.055659071738420746,-0.0072709751250771976,49.4051829905569,69.00916996257037,1.6632350056874479,-0.0012107218330925,-0.0012107218330925,10.0,0.06102923860607939,0.05313030819020095,0.004920647484348302,0.09695816948871147,0.04041626472535276,0.035058250006230786,0.03901853721881654,0.05653983410740304,0.018972773744167747,-0.00988725612495903,-0.12355464115391186,0.055648850439287065,-0.19898149372117765,0.17305007160563549,-0.19985682200289728,0.09763894990666365,-0.012443414895027063,-0.015517287336512755,54.81659223732437,69.56825024186982,2.2261446028899563,-0.0035392911723241,-0.0035392911723241,14.18,0.04392122551532211,0.034712274155918196,0.006891297795255824,0.12227082961820844,-0.00021524810796046817,0.029985082868112155,0.004144198191040154,0.08150713335876208,0.045697075574181574,-0.05023289607901285,-0.09371915898491684,0.06666926894709763,-0.19804818113633327,0.12297448405593497,-0.200685534600453,0.07720513690180336,0.008574970884961963,0.035873088467600636,66.59982478514011,71.59897420207004,2.9918725273708526,-0.0165246909332865,-0.0165246909332865
405,138,0.0,0.03523068543806604,0.04225784272979286,0.0928456728002302,0.11854623134060963,-0.030953319924029256,0.17440890717816435,-0.005002868790948572,-0.00468646794743054,0.12748507926293076,0.022206463704005818,-0.0891499914259103,0.01631792692562767,-0.13539708499226163,-0.01782470258072306,0.07554170705504891,-0.25009805712333644,0.07119097931342729,-0.17445178997826563,0.18801466212754958,71.95560274151292,-0.31689640326129276,0.0158907132653601,0.0158907132653601,2.0,0.007772080502948931,-0.004948314248224655,0.1875507837074307,-0.057304731092564655,0.09410768886747123,0.10705957387510426,0.009454773618597237,0.06151810314805965,0.05710647424765178,-0.02826013206589647,0.016733291735015355,-0.18617458061331602,0.15828967689888382,-0.28980824330219795,0.23469942271343483,-0.4607701392753142,0.13609346958212834,-0.1554678556736901,12.553868969983577,69.87164773090889,-0.12648933575400165,0.0195930411129989,0.0195930411129989,4.0,-0.005660169121294457,0.05150636104156561,0.09398668266362292,-0.04278080534442444,0.12465709323210122,-0.061876490569569814,0.06998210320933744,0.021532608553553167,0.06018826199927446,-0.028973222107998138,-0.04780625314422702,0.0028808250346742323,-0.14341884773123068,0.06579499108907477,-0.018817975154247126,-0.19590645238490229,0.09340308028088613,-0.1690636262878769,29.37316748648247,68.80321613007419,0.4690704321691085,0.0158517125537957,0.0158517125537957,6.0,-0.006505841424699201,0.04895339176833399,-0.04270262132197637,0.1525576295885395,-0.041903780073325146,0.11603838447906266,0.01149398567975753,0.03538014299073218,0.06456616392363608,-0.012913678703647886,-0.07583794014913253,0.030539290159547726,-0.13392661496191546,0.054427675324676,-0.09758023209503507,-0.026511028215488487,0.006148523473317281,-0.04623641194482091,40.8105138974902,68.51757282091508,1.269122725105699,0.0040967066832651,0.0040967066832651,8.0,0.016084118496722352,0.05714083432490715,-0.035074473317116175,0.13509854267304344,0.013622986360066758,0.05845139787095205,0.0008057602931563906,0.06505577401247249,0.04341317627983911,-0.03488240756099828,-0.08443665731942954,0.08369284597775536,-0.16311357294733247,0.12398817006691851,-0.2008531074490833,0.07517671539260858,-0.026084253470027737,-0.008561442871369632,49.49441987240614,68.85371078899823,1.8219847478410611,-0.0012107218330925,-0.0012107218330925,10.0,0.03256582910135517,0.07266283947050321,0.01037735293972335,0.07708593312990808,0.042348731966752165,0.015652974427540392,0.024779067327491817,0.07467839717126468,0.011629144689572149,0.009584565904006255,-0.08784047499531433,0.0465923418613053,-0.20100321735585733,0.17739285592501527,-0.2223476739778345,0.059025299522654257,-0.06095451716430998,0.018652564797831922,55.0905003590893,69.66602405018581,2.1985263869623264,-0.0035392911723241,-0.0035392911723241,14.18,0.0314781647804661,0.02477403303085962,-0.002621622860741281,0.09228110624463251,-0.007137723309185654,0.07645772601190494,0.01742953831839135,0.0774014168831234,0.06454317620266628,-0.036650159349429334,-0.05581585312184596,0.03048788954225727,-0.16359732390630477,0.13671330872622114,-0.17703962380345983,0.09849898287646053,-0.037399689500470124,0.04592808513956418,66.70294509162485,71.8564288360497,2.779320232118558,-0.0165246909332865,-0.0165246909332865
492,130,0.0,0.02261114084185377,0.06435636162428561,0.07800774990644967,0.09726115643231563,-0.06428114421872325,0.16913236842633478,0.016534856227906385,0.046933909614776295,0.11319105352247115,0.014849750395046123,-0.10528097455133034,0.047256215889397296,-0.09735056410060114,-0.02530623662127523,0.059686763573771874,-0.24939440735038518,0.05954496389452766,-0.1298585482524363,0.23008299098824092,72.12698681698588,0.025991012341574554,0.0158907132653601,0.0158907132653601,2.0,0.01386519354783811,-0.01633647353855264,0.20186748850117936,-0.03871674839132263,0.05325120858257412,0.08347061003885103,0.014456177267330365,0.06593190701387265,0.04345904335013756,-0.010837895787882955,0.016673057496723924,-0.15418009290318282,0.10828902439774624,-0.2792115702787459,0.255015394030659,-0.42749445071219494,0.13898810302467784,-0.17486533304764176,12.60754030594157,69.97562526413246,0.22112005412581479,0.0195930411129989,0.0195930411129989,4.0,0.028010157064359387,0.03552978187186345,0.10441426855906259,-0.04156957700033535,0.14835209229149698,-0.025838353867700753,0.115484295785011,0.006918420386042064,0.07894045741708776,0.010022702801295824,-0.046407000393237,0.00959847423063913,-0.1372003936215092,0.054836148355932604,-0.04316196125347425,-0.2488791993896976,0.10470008631146754,-0.16624151581549496,29.301499426565933,68.73636055356266,0.7420648383244919,0.0158517125537957,0.0158517125537957,6.0,0.04209888098075622,0.08822399620405057,-0.02802252319903553,0.1255261072847804,-0.03706482297217355,0.075456346870155,0.060393309980018545,0.06496707613448305,0.049454174931845174,-0.01883023102185884,-0.09222463474232989,0.04404162685245011,-0.16226158697340165,0.059060307543399124,-0.08163420646950656,-0.037714280678875674,-0.019739883469866642,-0.08182350728363144,41.053231194659986,68.43601582828042,1.3439468918885469,0.0040967066832651,0.0040967066832651,8.0,0.0063623602296322,0.02888257632512913,-0.019504851059683647,0.10020751035929891,-0.03466818042916441,0.05609960610028883,0.026476168675699456,0.08431550082637351,0.06409466371375783,-0.029497377581462973,-0.050943162403221304,0.06418121949707577,-0.17663696699505518,0.16087588103925943,-0.22261817572762232,0.11393806080158977,-0.030227475150062286,0.029606724298482157,49.528907423193836,68.79454258497958,1.5053963365832048,-0.0012107218330925,-0.0012107218330925,10.0,0.02407013685545944,0.08230760063107591,0.005310465474752924,0.11381397750289256,0.004788420761305121,0.05116887100251183,0.07223661965361865,0.02294355710550055,0.04300326652008048,-0.03946771099574771,-0.12288584932154202,0.10130396535650073,-0.16712711314507314,0.17680733133489118,-0.22608970651728286,0.11686691581757067,-0.029824809419840524,-0.007608335876851181,54.987318051763815,69.73259039829718,2.222470436756971,-0.0035392911723241,-0.0035392911723241,14.18,0.04790002749842069,0.07191055554339573,0.016724673930815743,0.14148591474325367,-0.03570709677208815,0.043961664451441916,-0.0018665094628655225,0.05877932899115613,0.008872942370242779,-0.0074684975333940765,-0.08560189834312937,0.019500538099843895,-0.19733424343412925,0.1414290767506427,-0.19292294350967545,0.08642928719955557,0.008940732010584363,0.016701939263998294,66.83401839236771,71.50762216970323,2.7673166243387812,-0.0165246909332865,-0.0165246909332865
536,150,0.0,0.0160738830648662,0.049740894818936295,0.09388960799979065,0.10575323642065695,-0.04242342080974757,0.13937170546601246,-9.517148768125867e-05,0.020506297410514785,0.08008606066708576,-0.021368197257505214,-0.10505265718684191,0.03267207227006606,-0.11168952655079226,-0.027154333343392928,0.05685872492651273,-0.2367833031299112,0.03364080051173286,-0.14156376697489528,-0.03126008826392618,71.70674658612347,-0.16580203271202457,0.0158907132653601,0.0158907132653601,2.0,0.005372178078094447,0.0048279433305125595,0.20068955300131938,-0.07940745502640795,0.09242951032145481,0.09722306615365853,-0.005676324902084427,0.05338194735999525,0.06395235429483155,0.002970131968433501,-0.0038681946926105784,-0.1757141181456632,0.10449509296507162,-0.26435993169120536,0.22076562745293007,-0.4370048196677658,0.11329480302548015,-0.19402435465410683,12.41682806548339,69.7428485864897,0.048919452527660806,0.0195930411129989,0.0195930411129989,4.0,0.010259680489519345,0.04297044256438645,0.11811833269893768,-0.06421577592179373,0.10612755754783668,-0.029767922760956883,0.07253481020045718,-0.002615724237367407,0.05793279476603677,-0.018722284889478837,-0.05518908350147846,0.005022516992340602,-0.14248579603051795,0.05448176781576585,-0.056161683081599294,-0.1946389131311945,0.07311011526345963,-0.15852284622368776,29.26713534183097,69.03556404338988,0.7473040067663912,0.0158517125537957,0.0158517125537957,6.0,0.02451677233502956,0.08254931962195897,-0.0004387118148582794,0.1483078017976927,-0.016486536940952038,0.06836999481789124,0.035161324115686385,0.02114716765475533,0.06619590014386294,0.03018167741232915,-0.07558516511674523,0.015110260446428162,-0.12377432455714724,0.08272019442392932,-0.07344345303934333,1.9883431312484046e-05,-0.03759430806389942,-0.04860462637145985,41.12063348859339,68.65450289077383,1.2046042158959867,0.0040967066832651,0.0040967066832651,8.0,0.047512292909053566,0.027712587284440777,0.011833778014160627,0.13083001142294381,-0.03483488720992925,0.05866016171506206,0.022377416019769086,0.08442050977236953,0.017810441494709586,-0.006930633366211209,-0.05627444971408755,0.0746095385284248,-0.1482260040867926,0.14309743976797054,-0.18761503532794718,0.10581773914233915,-0.055609057325354455,0.01823154615962194,49.53759392950126,68.68215812450792,1.6739016875481785,-0.0012107218330925,-0.0012107218330925,10.0,0.036653966721051374,0.1074473670069353,-0.0017008035753760331,0.05934222854230008,0.02834857572564286,0.06312400402582026,0.07580479870176415,0.03072657174669007,-0.005850045269905225,-0.007038117314454679,-0.11951793352742093,0.07125552645997578,-0.17184578256198924,0.1498989666937671,-0.22894110680957397,0.08313257792691486,-0.00653002160251339,0.027352953479276385,55.18626138617987,69.69986976497025,1.9376576988041518,-0.0035392911723241,-0.0035392911723241,14.18,-0.0020709851232759875,0.07764825302983776,0.003476425016281674,0.13343019583713725,0.0025170766579711915,0.04965198174889828,0.029190573561599296,0.08983202275085019,0.03892773530989779,-0.04856863350170419,-0.05014561795997844,0.03684223808746956,-0.1958625705145589,0.13282621392396465,-0.173529312455759,0.12231282999196172,-0.019109889639940248,-0.0070512938559847416,66.61600654073068,71.69853093316655,3.145795393661093,-0.0165246909332865,-0.0165246909332865
598,120,0.0,-0.013934547125213782,0.0665342627518151,0.09767065367201963,0.11202178617051488,-0.03750276297192562,0.13941055806423336,-0.02572618926896723,0.0342866342478171,0.09268455685917079,-0.014345672117151606,-0.06803854306506912,0.036919181138150424,-0.08254869649757254,-0.008002771216127656,0.05116436911941723,-0.2962247522347318,0.06045180694971415,-0.13028320109993868,0.0627049981278377,71.74936238888769,-0.042937012994744145,0.0158907132653601,0.0158907132653601,2.0,1.3694972549601475e-05,0.006342217534174283,0.21306356329759316,-0.0856957522799153,0.058584931441171134,0.09993398159279959,-0.003393052628411791,0.012200263375080588,0.059883212420972,-0.015712910472235605,0.016244996587884315,-0.172603379413396,0.09886950442638262,-0.27302445178544,0.232561616537702,-0.46674264245066194,0.12210044007119158,-0.18009658775965842,12.563353961065841,70.01796383746482,0.23687083183269705,0.0195930411129989,0.0195930411129989,4.0,0.006541222951389978,0.03367318630623965,0.1077920907249624,-0.0406376880127753,0.1406994881905459,-0.03546757324374892,0.061449494664159936,0.009667970957727017,0.09766254457400422,0.018094393289729234,-0.07319480791291355,0.028551098127689776,-0.15770508242402664,0.0336058846116014,-0.041272122879844504,-0.23649598034027922,0.1050925117492286,-0.169570208655375,29.34499326535054,69.13264382270823,0.7242630019076102,0.0158517125537957,0.0158517125537957,6.0,-0.00741379325888275,0.07354562832241608,-0.025135871038809092,0.1517663924523356,-0.040450745515428335,0.0779452444488445,0.03952949705185722,0.014747359129984976,0.03128442650345124,-0.023999926441829512,-0.07001205982856715,0.05763462426088163,-0.15027028796732558,0.07013809095850315,-0.11499776907470918,-0.046049254626264566,-0.036965462326479626,-0.05595519196739095,41.07511365177011,68.58827460936124,1.155068867232738,0.0040967066832651,0.0040967066832651,8.0,-0.0004126123136276305,0.06495886399631362,-0.027113571355690827,0.14370496724137455,0.002173761544878843,0.08237766300385779,0.05614250949417532,0.07151446208926808,0.04390579341812976,-0.004877132878168386,-0.06642538110609478,0.07697990597023854,-0.16642275472560353,0.16178084030601897,-0.20587004217477123,0.10069002792592117,-0.060149362354381196,0.021092262628491468,49.37082559220087,68.77330138886721,1.8602816303156404,-0.0012107218330925,-0.0012107218330925,10.0,0.003787710221010678,0.0694752302857619,0.0094154664396422,0.07344126535910703,0.033312218129550875,0.02197600068597605,0.04795046568195665,0.06978646820105945,0.03470722427509926,0.004759035368587888,-0.07434528366385564,0.05910798513321712,-0.18822040979631743,0.16582056327287462,-0.23577249888033822,0.08448139886295838,-0.026034778389814568,-0.01177811155535509,55.05271121855073,69.70922071493052,2.083767249411651,-0.0035392911723241,-0.0035392911723241,14.18,0.05104014770004915,0.06992633453523997,0.01728222684415074,0.14368950837709113,-0.0009725033930700691,0.029129953058065473,0.054188191960860554,0.08359870051706977,0.010542356124898282,-0.021328419282616577,-0.04682581198475487,0.02871459487552317,-0.20128950828288156,0.14423825730555603,-0.21582389088196074,0.12113005763568604,-0.0323784982357772,0.012128631289962328,66.75946217655,71.93681082091165,2.8237884225047023,-0.0165246909332865,-0.0165246909332865
637,130,0.0,0.01842465039779151,0.06824761296604276,0.07645217474937833,0.06759550309922545,-0.07394295309132365,0.14833429867720657,0.0034318509278576242,0.01289236526175926,0.1340037159275712,0.009239566560606977,-0.09135318580862489,0.0303868024978565,-0.11652856510989726,-0.04769724588202438,0.04898031949998536,-0.26083800710853555,0.04376900225912459,-0.14272405849390388,0.20752122897219122,71.97531799738212,-0.25313997777008124,0.0158907132653601,0.0158907132653601,2.0,0.005052127664439358,0.02001181223455186,0.1890688912456155,-0.04710557067156253,0.10456946991941515,0.08313794915673142,0.020156650156192085,0.06690018556804919,0.039906486013883094,-0.006955328555767444,-0.010017915140648762,-0.17704775112819218,0.10470565877476473,-0.29834057066781533,0.2240033865343458,-0.42918385086324295,0.157013597785022,-0.16353337138729854,12.47508107562183,69.84304975537955,0.07278261038986619,0.0195930411129989,0.0195930411129989,4.0,0.0414237533507455,0.04767354140845041,0.07733737881400203,-0.030341692044535278,0.1239607645036484,-0.018023944257467606,0.11679570351580298,0.03512453898029473,0.09719269916422327,-0.01817583597960413,-0.0871614669169457,0.01936764230483566,-0.14190538882765352,0.06535750792981875,-0.01904910983390287,-0.229656624670305,0.08364536770618539,-0.14886945275142136,29.101789467691333,68.75245631011035,0.3529649620900209,0.0158517125537957,0.0158517125537957,6.0,0.001017052217802841,0.04137814625421418,-0.03807231533573402,0.1455387733453387,-0.03954475851506045,0.10325781237432934,0.03944290200796503,0.03831342947261085,0.07974834805274268,-0.017707422015582355,-0.08914760175646817,0.0720422459577412,-0.12668268051821135,0.09105615769440406,-0.08161878918971738,-0.026746351275399892,-0.020627463117614857,-0.0721338267033684,40.94429538411441,68.47357731188873,1.1976370104532317,0.0040967066832651,0.0040967066832651,8.0,0.030607547864830303,0.053866656690889365,-0.03224484532766217,0.09737229704436366,0.021301076456945855,0.047694623797661914,0.024325205109310022,0.10464781621662095,0.04682807713121147,-0.042267268504471066,-0.07124461765768161,0.03758996895383718,-0.15710880507531863,0.163162153758856,-0.20276580633679595,0.0934743127037335,-0.022892594787545364,0.029649617662326516,49.24551614030843,68.6365053637107,1.5418546660897885,-0.0012107218330925,-0.0012107218330925,10.0,0.021228491956104587,0.04818903360869453,0.00029486042881288026,0.1152974827024322,0.003915586026568586,0.00730820341846411,0.071270613513854,0.07525329012744356,0.043130200003120414,-0.04676814516997213,-0.12815903065987394,0.08784329177137629,-0.18017013235592713,0.16190972135751763,-0.2188399014309756,0.08174287183351384,-0.0653500124368637,-0.01639986230188293,55.08953446069673,69.56747844467559,2.031484054819896,-0.0035392911723241,-0.0035392911723241,14.18,0.01881323875973503,0.038255163919122086,-0.015900974216839087,0.09435067447329021,0.0005775636246352859,0.07046172868582684,0.03077486490705241,0.09169605719688284,0.016217758129915195,-0.037838231633974734,-0.056949795513720605,0.058353201491827794,-0.1798543552391745,0.1382201448865666,-0.22327951150354156,0.0956024806229641,-0.030968391732480935,0.02821567996009774,66.80514515269275,71.9531708052351,2.741025821032455,-0.0165246909332865,-0.0165246909332865
682,140,0.0,-0.0052546671706461615,0.06151625083204907,0.09239706758686897,0.11687097810464717,-0.05678273067773571,0.16634322458420348,-0.0015520899836903017,0.023560684885587914,0.11672791140352878,-0.033520426205949375,-0.07543592374159297,0.04988164656105455,-0.12582943224571724,-0.03957771413202716,0.035125254084836674,-0.2486007884841388,0.03533573003796352,-0.16558282739196298,0.21048391624410162,71.93603070966483,-0.16552557541229387,0.0158907132653601,0.0158907132653601,2.0,-0.01992207855862392,0.010237316741108848,0.2011962751457938,-0.07783969031319476,0.06228029279401555,0.08484740438465792,0.006588683883335685,0.010067784446336246,0.041475029294468675,0.012773581602090519,-0.01570682115471202,-0.18703563775180232,0.11672781675225986,-0.2805912617385525,0.26912780925191926,-0.46810583493456837,0.11320847356394517,-0.2082414161036758,12.52401214893517,69.76092400597732,0.04403600435115754,0.0195930411129989,0.0195930411129989,4.0,0.01730548936152699,0.054238593073258914,0.12372337109373119,-0.039385619863112876,0.16124387879221536,-0.04804665123461366,0.09305022854788819,0.009676778116066436,0.09596837759164974,-6.601048810665755e-06,-0.06930570821312065,0.008478422815126646,-0.12897877454200904,0.04933652539461946,-0.04249686125354992,-0.24123547117517602,0.06150090895325078,-0.13194734401658043,29.439853260270954,68.90698411866175,0.6681421614603131,0.0158517125537957,0.0158517125537957,6.0,0.016495414729103465,0.07207536200816417,0.01260488605900744,0.15490776617967292,-0.018503131996077563,0.061156723173535675,0.05913013801916006,0.03952633105083549,0.0765910670324095,-0.01263780821316921,-0.05721926531983118,0.032814649394927405,-0.11442939175828715,0.04988778536987909,-0.07928568568287006,0.007398123016083041,0.00721139345896765,-0.0371514112654048,41.121016706567666,68.75766429541686,1.399406416511491,0.0040967066832651,0.0040967066832651,8.0,0.007383878160225654,0.04731796874643138,-0.003061761616478777,0.10949402944927071,-0.03115325455476848,0.05821393706904549,0.030945495993291335,0.11072953875476693,0.05314568113341896,-0.03292755719316136,-0.08329104596077717,0.048011251725901365,-0.1636677850886735,0.14810232507669302,-0.20273855477916788,0.12011446823929084,-0.04989922805231069,0.012210631953112129,49.325252406263864,68.99319681961488,1.642632202973747,-0.0012107218330925,-0.0012107218330925,10.0,0.029384268999551735,0.060331828787626426,0.0009074153089521225,0.05803762874819637,-0.016473206631920114,0.01126015654927913,0.05929559524990617,0.025662141914815674,-0.002332946228972843,0.00923919308862101,-0.13012654363715612,0.06768632308335489,-0.1894502388388837,0.1575502374001379,-0.20490126411965703,0.11505408460036187,-0.03849873170864392,-0.01710754647805499,54.85161685549615,69.80123973485676,2.268832900088558,-0.0035392911723241,-0.0035392911723241,14.18,0.016870427651462,0.04279668434910329,-0.008749277714741944,0.09705587773965205,-0.03598875113875038,0.0688694210699018,0.04668523701511271,0.09076627688200628,0.059854800746986805,-0.015623289248642938,-0.07814565073896068,0.061004310989975656,-0.193444859007742,0.14387647552212937,-0.20423583148147986,0.10817332591818632,-0.02628163570410766,0.02060808972764219,66.72506482838787,71.7518884397403,2.8876481964658347,-0.0165246909332865,-0.0165246909332865
789,120,0.0,0.044315082192973115,0.07579857956998087,0.08059121931258559,0.07735356067609718,-0.06416037246969943,0.16795751614856744,0.007003331761838455,0.03380884381184746,0.13308541171666957,-0.015934358572942883,-0.08076362557160974,0.0379053782312149,-0.10662384270759286,-0.014274215168251942,0.06828878207375369,-0.24517182708137583,0.07505582449409731,-0.15418805381180326,0.08282516606340312,71.82634718678939,0.09840438862224196,0.0158907132653601,0.0158907132653601,2.0,0.008670835180509736,-0.008237306092256966,0.21577633592899453,-0.07597159408440023,0.1067013687079151,0.09376550663651781,0.023341395435453025,0.059039191137714345,0.0424896233315088,-0.020315390090491117,0.00809189981605008,-0.16686761426656854,0.15506963573858312,-0.279476629390733,0.2687216970697015,-0.449295272028189,0.13138246754817465,-0.17392654890207998,12.43356775765842,69.96790074901027,0.16110889063717662,0.0195930411129989,0.0195930411129989,4.0,0.030098716235042445,0.01945304932461688,0.12308506978927224,-0.029689398585384788,0.11190717134037359,-0.05059460358596826,0.06848028100254697,0.032590962111772204,0.06922230027430368,-0.015819718843307615,-0.039049365954670484,0.021906861301512502,-0.11219626407258887,0.02191539156258992,-0.02467947040743269,-0.20297418325010536,0.05664302813147159,-0.14603383028523093,29.25640916927136,68.90402144717352,0.6116873307594217,0.0158517125537957,0.0158517125537957,6.0,-0.004294103207027999,0.042130907442849946,-0.014600177581541219,0.1363587137033305,-0.04792204021074176,0.1009758713115422,0.01735398152294448,0.05575084825970921,0.024271991707973502,0.017315272949600433,-0.052950315045004956,0.05706629851725013,-0.15279228833503225,0.08745388034863863,-0.12580240674862378,-0.03596438687875066,0.01893638491266282,-0.03934653766276375,40.91091456841113,68.74027047009758,1.589707006118617,0.0040967066832651,0.0040967066832651,8.0,0.032102924240812646,0.06609398985525063,-0.01564249108417791,0.13377921891601585,-0.01161820352194527,0.09528852992730699,0.04857074295905889,0.08005867553940789,0.02257912708716083,0.015438049748855586,-0.07545577039481967,0.05232873723932836,-0.15829970121518225,0.15426842694115722,-0.2222369015715861,0.07553712727310617,-0.0414478574832044,0.03287004003543434,49.47729252409276,68.9546427159309,1.6579976720112337,-0.0012107218330925,-0.0012107218330925,10.0,0.025344741320167025,0.08759724585517131,0.02273546367490987,0.11231733094027907,-0.013962297637052219,0.03508527385177842,0.02278925062091565,0.06469437560526735,0.036420684381717056,-0.02387406695782631,-0.09856873139418068,0.05071323667835394,-0.2164884249775526,0.13980017638718256,-0.20994757319003543,0.08728684949077374,-0.023962559174874443,-0.020776973978698987,55.00946550360637,69.58020277357005,1.832691756558631,-0.0035392911723241,-0.0035392911723241,14.18,-9.507987572475451e-05,0.03395734132698147,0.019076559362824885,0.11527399026757902,-0.023855741365284268,0.06451683533808433,-0.001657198203718114,0.08226007267792197,0.02306826214510036,-0.023460181092834695,-0.09312740322093277,0.04165412924426364,-0.19513213400501145,0.157999043889954,-0.21674760952584557,0.07463989090976605,0.00854276256090939,0.026327667291411984,66.92572352164683,71.7719113586392,3.0489668893546242,-0.0165246909332865,-0.0165246909332865
811,174,0.0,0.023948993881647722,0.08443515953791318,0.054235177289880726,0.07592441408223782,-0.06784505430425279,0.1521432671380038,0.0115034022269128,0.01608030508691758,0.13325766829658672,-0.0037547775906823693,-0.12000264699756137,0.02334857401715263,-0.09632389483603558,-0.05368803699861158,0.06433749544713004,-0.2902357017375224,0.04358425306245759,-0.17723794594757114,0.22113074975034708,71.85223168421248,0.07849314946063032,0.0158907132653601,0.0158907132653601,2.0,-0.007360187011467971,0.015690709671114366,0.20252901715533883,-0.07327786359516285,0.0691508069602827,0.09900294338806997,0.018791156891002223,0.0277554244166471,0.09252166364617784,-0.03568268310001911,0.0030165841798363204,-0.1514451421140291,0.11115050783694899,-0.29805452194619,0.2594633403618011,-0.4732350217993591,0.13750063736801793,-0.17433789820699852,12.448595531695263,69.74749653201965,0.18195608969595176,0.0195930411129989,0.0195930411129989,4.0,-0.008907274347613583,0.0717216236669236,0.12571658969001312,-0.06006001027527455,0.11674483818797621,-0.03915394179524641,0.07246705163184919,0.007003701403985077,0.08380868265515318,0.020578262629417324,-0.0832438281300399,0.0032541461209058143,-0.15338828967030255,0.05743952521089439,-0.06048307132146892,-0.22627053643988804,0.10656293874225045,-0.16417430992155715,29.513840120881692,68.91985897854038,0.36472936668940636,0.0158517125537957,0.0158517125537957,6.0,0.02692036556253849,0.07556431873224981,-0.02065838924824226,0.161321121464737,-0.047963324151906774,0.08655027200789435,0.048369679992683746,0.056107167518109714,0.079779865479481,0.021502557169230076,-0.06431637381969996,0.02685514277723368,-0.12715245213408502,0.07623917492214324,-0.07645412086756447,-0.023324422152923286,-0.016206832336726144,-0.08084965751616675,40.733455267035616,68.65732326960966,1.1509777509935353,0.0040967066832651,0.0040967066832651,8.0,0.029621967756751938,0.0798070995909765,0.013822952249627395,0.11803907122569403,-0.01899931719352334,0.055498214728980644,0.05296976509107609,0.09118535784668762,0.03568715273022108,0.008231431996424116,-0.10159918719462795,0.028501760993960158,-0.1425344941431103,0.1331835989182881,-0.21944743985260262,0.08462977142494041,-0.05792453463624906,0.0418671411212915,49.31843418030942,69.01029847583631,1.7448827129206104,-0.0012107218330925,-0.0012107218330925,10.0,0.007143239598514747,0.052764766112380034,-0.01545023041431802,0.06639145099275154,0.009577769747039498,0.04799338492688403,0.0490044405916019,0.057511634856532504,0.027913266877527602,-0.03320006972008976,-0.09158318916749934,0.06948754290991414,-0.18887060329433328,0.17374214307507083,-0.1813602002180062,0.11771288729249041,-0.02166907062548476,0.01012240245453895,55.250508077491865,69.58010745543766,2.0125921000321156,-0.0035392911723241,-0.0035392911723241,14.18,0.021935640120429773,0.059423748991556356,0.010531676026438036,0.11966429867156374,-0.03320963759427544,0.07716307034577222,0.024316133249681935,0.051851727026322576,0.04144291220842547,-0.037793751641472646,-0.1007953445941578,0.029421434409247233,-0.16932501081394555,0.11277320128594356,-0.19080059214653666,0.12774338932429255,-0.032842070423752104,0.03564933906692893,66.84312801440312,71.95571052640081,2.8318463874318986,-0.0165246909332865,-0.0165246909332865
818,120,0.0,-0.005800514713982713,0.0925275433140687,0.0710833718635728,0.11673553032004555,-0.0882872453927178,0.17206437827486032,-0.02669019803562259,0.023871754327753257,0.11127220150398182,-0.015645331610733327,-0.08541308321591151,0.041828827227196656,-0.13552967220626233,-0.030464024898345373,0.05455457998011328,-0.2562345897878221,0.07305064591209444,-0.12960084828394067,0.22793591672230845,72.00417724963489,-0.3378854341591554,0.0158907132653601,0.0158907132653601,2.0,0.032099452449971526,0.02360284646104198,0.21278934363223884,-0.06921140324533825,0.08468174884542407,0.1062547751018332,-0.010710415001385126,0.06554861308302741,0.06938948485267006,0.00593706109643573,-0.01819001700627245,-0.15040179728980524,0.10386351348824242,-0.29543108078597474,0.2734371290011492,-0.4779948431078914,0.1139866298968272,-0.1819120589415013,12.780608227197218,69.67772398243174,0.04684145169970019,0.0195930411129989,0.0195930411129989,4.0,0.0008393381379126798,0.017957827783414187,0.12829645596272007,-0.04424133459681312,0.149682603583593,-0.009472866104618113,0.08375700218831954,-0.001180279360890532,0.1018520357037746,-0.03063810048634761,-0.06885953777924957,0.00224565567697699,-0.13235503084181596,0.07211920324866836,-0.025635559157538856,-0.23315346308059529,0.09600787930714474,-0.13977513815522424,29.219421675639765,68.80589952530762,0.6888990940828521,0.0158517125537957,0.0158517125537957,6.0,-0.01011741476497394,0.07760889080681678,-0.015246565845961249,0.15227518044406443,-0.026931104646996436,0.11084987598762829,0.03557937095189624,0.04425513279292722,0.024667368537216516,0.010433635112166807,-0.08933122987609758,0.03013150687272867,-0.10725622901008,0.04702305875145725,-0.10534804122766306,-0.019705377359179477,-0.01814348622597333,-0.08140175146390054,41.101361479502785,68.36760811937218,1.4328094304193932,0.0040967066832651,0.0040967066832651,8.0,0.031215760160304813,0.06389464966744197,-0.013878141097155973,0.08717557511288954,-0.0023450936409659113,0.052497848790886065,0.009809030292655216,0.0846766351665908,0.05443080001051943,-0.0049532943866779505,-0.045522418634290324,0.04362338742630192,-0.19527209441772492,0.13684996263209687,-0.21725555174566782,0.09014779502490716,-0.07253427598402273,0.030289315160344714,49.54635332035945,68.62145978460725,1.845357587468757,-0.0012107218330925,-0.0012107218330925,10.0,0.011392264560768077,0.0922499580764622,-0.002052559304772995,0.10398620863806936,0.006863340335616537,0.0040969662285713915,0.07366239030316028,0.08096408292643648,0.037656007671408684,0.0046862048773501815,-0.09643293835998998,0.09989754939751022,-0.20046323969722005,0.13618123607809354,-0.21684527356060485,0.09241185450583353,-0.047050835231350355,0.013860980641243931,55.16381547158409,69.57770291247195,2.028341902416128,-0.0035392911723241,-0.0035392911723241,14.18,0.05021238353083932,0.028601106407751837,-0.009131775985421812,0.10968656028507007,-0.017927303517600038,0.029202558388637483,0.023701414932563954,0.08862548081798623,0.009588983250566022,-0.0044593380052188915,-0.09994681989820633,0.06295042099711573,-0.182459797749243,0.14036668363114826,-0.21381021708627662,0.1092125837811209,0.012355726164608945,0.02601746984731631,66.57436343597251,71.83125484617511,2.9275453479007587,-0.0165246909332865,-0.0165246909332865
911,126,0.0,-0.0051311348198709375,0.04331719173626625,0.07791278791552356,0.1265675510336828,-0.0876114491886053,0.1615430952354349,0.014135030596652092,0.02206006601522776,0.1274029446166649,0.01491485316959696,-0.09713195016806325,0.05466982330251746,-0.10870899963951446,-0.03781645446210967,0.060303738214442223,-0.26477251471364893,0.05275008617765482,-0.1444020821669737,0.08843540933451571,72.07217987317212,0.03670965869078044,0.0158907132653601,0.0158907132653601,2.0,0.039019678932623314,-0.0005154442624626405,0.2322057714738124,-0.040417976929763746,0.051751439545605314,0.09721577671654186,-0.02613811060239667,0.04266146898557048,0.04904198309716808,-0.034201962956236724,0.008821223704243897,-0.17831540305637988,0.11066049813636317,-0.2538124900408893,0.2515196013392386,-0.44234760238080373,0.13984846219271554,-0.16032994188005975,12.411962876100956,70.00640647293326,0.09319224777281185,0.0195930411129989,0.0195930411129989,4.0,0.015236191976399954,0.06908165471264283,0.13072606126986092,-0.06519059023788529,0.10889893825073739,-0.01732757020058908,0.10799400296197699,0.037894544690286115,0.08402116746929932,-0.023013512364882943,-0.052606780065850324,0.03769164289918131,-0.12881641054713394,0.06088352715741356,-0.06357202881358068,-0.22814033294281058,0.07126814328875657,-0.11831459339218593,29.455003407655372,68.75072352563186,0.5207929412412107,0.0158517125537957,0.0158517125537957,6.0,-0.012309779965310002,0.058217914564592764,-0.018891637491049097,0.12985389872134706,-0.01712921923552002,0.061415705541113294,0.0393784909569652,0.06450561027217377,0.07771840256444451,0.000885525033352117,-0.08628594733296913,0.03359772661670021,-0.13807089596409422,0.06574561863445529,-0.068416564607509,-0.046185677855347725,-0.03765239892064082,-0.06347494805758039,41.117933164993445,68.65341720641304,1.2636212687506894,0.0040967066832651,0.0040967066832651,8.0,0.007864868233680041,0.027882101245184056,-0.026796588875334253,0.13377943115015753,-0.015786070189424954,0.07645851271174373,0.028843926663234667,0.07458991866725753,0.004709529364686896,0.013783813488868339,-0.05352160487251216,0.03696149269599089,-0.14706492468136692,0.1655637215956697,-0.22362111437667015,0.10140465050618779,-0.0694340366958597,0.007381499998152734,49.62459856946951,68.94455984627673,1.8796453769460526,-0.0012107218330925,-0.0012107218330925,10.0,0.04508605862226991,0.0812691462735408,0.034963035853640655,0.06972146257687492,0.008248832538176053,0.015829579936974113,0.0749432727099612,0.027687904303749847,0.036598832396403005,-0.024702742702396745,-0.131405083867277,0.06073754418593792,-0.16874865188040422,0.16700445646996442,-0.21477504919118345,0.10854208758174134,-0.05361183533642419,0.019818637783396625,55.227055543033494,69.65986834254828,2.04156131805535,-0.0035392911723241,-0.0035392911723241,14.18,0.03999794816658677,0.0730748131392272,0.004277506070701001,0.12325231077129503,-0.03220730800775283,0.04326164096037066,0.053458670593519456,0.042212991157396004,0.06131853109295795,-0.027063424702200533,-0.06193525331031188,0.054805321447575564,-0.14278093695084737,0.15522237677846054,-0.21736399999868927,0.09519406037360446,-0.01298137610405512,0.024428904170137027,66.57517901956159,71.51938555229052,3.046958682183082,-0.0165246909332865,-0.0165246909332865
938,138,0.0,0.021205075280959003,0.08921943898539182,0.0796918006227093,0.12688347423160373,-0.04988441209028442,0.17603867544103907,-0.009239599796456324,-0.00857174701929839,0.11258744680218856,0.0020672655970595645,-0.11506937782173342,0.043790603645190926,-0.09244310999184784,-0.014120657063384971,0.04450381064044558,-0.2919322607784352,0.03775092539276685,-0.17771994984425374,0.1591240535565741,72.01190200247011,-0.2522601066596749,0.0158907132653601,0.0158907132653601,2.0,0.024612240456806905,0.026559246377335786,0.20743109737198298,-0.08177810972297661,0.07324351148924989,0.09725623239155257,-0.0169565432615059,0.0410621517447639,0.07299935879955262,-0.024363795295020432,-0.015194849382059103,-0.18574105347042094,0.12804271866584988,-0.28039982298017263,0.26246964571704395,-0.45244798779883094,0.14083414065074315,-0.1772018953511885,12.40645418428712,69.86542564958229,0.14950769043456427,0.0195930411129989,0.0195930411129989,4.0,0.006383569190724099,0.05849120661218938,0.0789709591823067,-0.027801378025226888,0.12745547302475876,-0.04083883396233578,0.1142547426622156,-0.010736773682878169,0.1060991727336783,0.014232310466885402,-0.052306912574378035,0.0335582816007114,-0.1164079654407889,0.047373058939995855,-0.06911217707871842,-0.20746635332695024,0.04938377662692661,-0.11385614418046514,29.308640428826877,69.13313164667055,0.48499460524811794,0.0158517125537957,0.0158517125537957,6.0,-0.010138445443354686,0.05293254623741568,-0.026090549871227012,0.14178717512449804,-0.06366740393178086,0.111904292455233,0.008351855415656563,0.016478302479311945,0.05958876174432008,0.00490534169536734,-0.08377645402840009,0.07356961251728375,-0.12201711395138483,0.06481511482760333,-0.10207861175094564,-0.004381495184508359,-0.013226716081541632,-0.05650131915809103,40.91918608935817,68.53771529360482,1.4524905700780961,0.0040967066832651,0.0040967066832651,8.0,0.0010466748163821572,0.03215452857625461,0.0010576496461606657,0.10431331577277933,0.004630608807332368,0.05891273598095306,0.027797315810718093,0.09944801940400859,0.04044518107108581,-0.015127679761021985,-0.043767468327071235,0.0688635022405678,-0.1972783626052826,0.13847461230270242,-0.19235564113562176,0.09884285315447332,-0.018120367650227377,-0.0031001984352046937,49.309115076186494,68.91903425809598,1.5984230539762585,-0.0012107218330925,-0.0012107218330925,10.0,0.010542801136628876,0.10022530185833478,0.0349625186897381,0.08721128512198127,0.023732581561702,0.04919058942758676,0.02334430792102324,0.07207374306133574,-0.0013770601930080395,0.00640963665413135,-0.1149380920578677,0.07607758725990588,-0.16766191098507643,0.18650083371924178,-0.20628640173851617,0.10057679069470804,-0.06458041221728257,0.03232653142228765,54.919325384012474,70.01501449458344,2.3153483521069202,-0.0035392911723241,-0.0035392911723241,14.18,0.03111245793252187,0.06719304279970437,-0.02290279915461549,0.0966460749744911,0.0002695216041104457,0.05687615128695415,0.008487863764282538,0.08513397147154927,0.05831756571251624,-0.008045379294963444,-0.0802914505069712,0.04886375446187382,-0.16755479319788544,0.14636161305259032,-0.18834571540766928,0.08998664082959988,-0.04376864268756005,0.017070777493081273,66.5324593947531,71.79425692144757,3.0413485178270103,-0.0165246909332865,-0.0165246909332865
946,156,0.0,0.017134396571309617,0.05604161152113437,0.08352319934988933,0.10760463317022509,-0.06071422486730553,0.1753241014861905,0.016461898702589357,0.012798926989526371,0.08688987505814108,0.00186319813403077,-0.11321058201217143,0.023966114184341747,-0.10820316650031325,-0.00997126957814815,0.05106157491030571,-0.2432255009030299,0.020121198506859214,-0.15041426410922237,0.07330136783220714,71.85652286458712,-0.011153499514364479,0.0158907132653601,0.0158907132653601,2.0,0.017266897440369265,0.03637721723159533,0.225651194697211,-0.04369725896258968,0.05288145891425962,0.09456112509276393,0.012787824620415453,0.05580540521823056,0.05456510863644986,-0.0068268568712494485,-0.011837676643800078,-0.1452065575591975,0.11975781997348646,-0.24697023704800436,0.22977220296856324,-0.471238068635147,0.1118320707814204,-0.15813863558508973,12.475830338771951,69.85731903781246,-0.04625658222107823,0.0195930411129989,0.0195930411129989,4.0,0.008278683686502062,0.02263736994717338,0.07284753345506109,-0.015867323950537863,0.14540505586507146,-0.05982005103676857,0.06363766441627515,-0.008898406154830882,0.09450227003266112,-0.020599820302771403,-0.05126931457348476,0.020901731287626808,-0.1049431819152706,0.0746045832653304,-0.07395211735035043,-0.2409322757467351,0.05427141797027375,-0.13477224888867426,29.25000671864561,69.18647103340504,0.764478963085333,0.0158517125537957,0.0158517125537957,6.0,0.04244364146479853,0.03870138668827296,-0.03345947662586363,0.15758019652727998,-0.033240613502250174,0.06918852176052227,0.06497974234828152,0.028473529358048234,0.030670183484626305,0.017100045874761705,-0.0902524800233355,0.03450550261534123,-0.12048518109388529,0.10345822165711227,-0.07173910485060421,-0.017590425594149695,0.008251267032671305,-0.04091194491188037,41.00340466556104,68.51417442209971,1.2316034022110394,0.0040967066832651,0.0040967066832651,8.0,-0.0033186850702979012,0.041772003574017766,-0.029447951009722417,0.10612086307579228,-0.011709024973682706,0.05114351168777895,0.04301470417762608,0.08567817141734545,0.03117123432775906,-0.0026709132670609172,-0.08220842972840825,0.024827210126818162,-0.19118935799362557,0.13453862762404178,-0.22322860908192604,0.11641152184218836,-0.021961823759499927,-0.004088534868847554,49.31217972733853,68.70556657271153,1.9328197997948882,-0.0012107218330925,-0.0012107218330925,10.0,0.013140832284729308,0.0764609728788203,-0.004213245143225334,0.11665018596284843,-0.007460797205063215,0.050804959231273684,0.03906605014770414,0.03898088946680339,0.015415746794491394,-0.019104621716010885,-0.09558071835828073,0.04663039057364493,-0.21328915755399963,0.13123770802556317,-0.20699728258909444,0.09052730381865963,-0.04805527276929029,0.01645071685324062,54.91192580420892,69.69677058323921,2.2924392880791475,-0.0035392911723241,-0.0035392911723241,14.18,0.027864409452625624,0.05510371823244964,-0.029544551980248076,0.09148955592789941,0.007126150175491503,0.0333166958033909,0.03231904581747056,0.06295382498613848,0.04660579689442636,-0.022399634399149652,-0.06279628442104362,0.044490752598913774,-0.17352197516606135,0.14890863931177747,-0.21655464853586445,0.07433486162203128,0.0044834247387077475,-7.519252207086047e-06,66.84071389320806,71.71367614326822,2.915686749700491,-0.0165246909332865,-0.0165246909332865
1025,150,0.0,0.028864575005417007,0.0350029312491606,0.060202781601030673,0.08908300227290077,-0.07584764264946403,0.1421761998696474,0.02072341522965076,0.012370138370400484,0.08018559440972056,-0.02994726166270081,-0.08416334127523943,0.02918696957346935,-0.12297060829962601,-0.027808903056351125,0.07467904383321013,-0.28376549619962055,0.04679244792519745,-0.17890196044650755,0.12913657070039258,71.81904172929009,-0.024100251573528658,0.0158907132653601,0.0158907132653601,2.0,0.005962407512769393,-0.00340657695576993,0.21683729465519944,-0.05375244226961724,0.05033351203778645,0.07282476717354505,0.011051829220845693,0.013183871960141324,0.05085877486741735,-0.03927057115372253,0.024420655866892505,-0.17666773001189298,0.11063395523642715,-0.2772503358563044,0.2579646763802017,-0.47496529609253996,0.12623063007633098,-0.17255375073537058,12.509988136333149,69.60780663967884,0.20139158282605576,0.0195930411129989,0.0195930411129989,4.0,0.037894661991413905,0.04434393938068385,0.09397200934181173,-0.05882352335752769,0.14627237947478314,-0.05715242238497284,0.06253588452573054,0.03454432039193301,0.07163985919539778,-0.013440020674232828,-0.08473991756997343,0.01322022686273974,-0.10067750143034448,0.06301977714862228,-0.04000186672868764,-0.19762047102589558,0.054569672633179266,-0.1703292549581858,29.10391886298587,69.08587623636662,0.6769682054215583,0.0158517125537957,0.0158517125537957,6.0,-0.004435035914917906,0.09332653467800563,-0.017685665741524297,0.17063144664995125,-0.05341498485131376,0.1063845541581598,0.03766291165107492,0.024766713165614476,0.06965516189180684,0.005567279041372069,-0.07059335000222332,0.02844449727039927,-0.12363927899469859,0.07770603611238226,-0.11697013761165925,-0.02767312547947586,-0.018467384470776373,-0.05682197020787348,41.11532986190645,68.48400108648639,1.3776453408432316,0.0040967066832651,0.0040967066832651,8.0,0.03317952430607793,0.022037805597624093,0.011997660535136942,0.12126894001219239,0.0048433163949931956,0.0974146058848559,0.044013212268453936,0.08953716338562864,0.06127877860143858,0.011645758432098805,-0.09263929704687399,0.0259374757689653,-0.1898397377161129,0.15851050296088331,-0.2130886745756868,0.08682695873872448,-0.04063015831954009,0.017188417185041133,49.22712810588688,69.01999240897864,1.7229784761437479,-0.0012107218330925,-0.0012107218330925,10.0,0.006417002394882226,0.10530658621983287,0.006558924023632986,0.06339205506679227,0.028201969691641546,0.059554923121035025,0.043552533562813425,0.07627007159384686,0.04925396605805936,-0.0236718551242482,-0.12096070654291224,0.05802427519514326,-0.19877939992004842,0.17195832728074564,-0.21423737024606246,0.06109898755170819,-0.05715397001790593,0.0013457019676779293,55.03743381216632,69.70873655946308,1.977517145560332,-0.0035392911723241,-0.0035392911723241,14.18,0.046434629140103836,0.0514277075224102,0.0018366912526890482,0.1355653250418057,-0.029972253057143128,0.03303428481245067,0.007654455009282919,0.08563780036911556,0.04371682934408649,-0.03087228471725888,-0.07045241624603737,0.03425763336625973,-0.19723357701280417,0.16898532105218841,-0.17977510318634882,0.11621818037255226,-0.02186552488678499,0.015701796760882424,66.5798177772393,71.9050016278445,2.9096870544502202,-0.0165246909332865,-0.0165246909332865
1045,156,0.0,0.018999156800542698,0.0643432289935555,0.07904395673264009,0.1259103924977451,-0.08338237914177887,0.16527892183883647,-0.02577291334726831,-0.007464048174965113,0.11177699174021001,0.003884259495531915,-0.08884113733818047,0.019302808460269626,-0.13981546319354973,-0.03916805912724931,0.04933336841136911,-0.27800349701631605,0.07503628636631483,-0.13467631268656474,0.24765212318758084,72.07375157266463,0.12118339515121271,0.0158907132653601,0.0158907132653601,2.0,0.007476013305385157,-0.0188169001878971,0.21525271816958727,-0.040171227862605616,0.06800564564461917,0.10535663087746823,0.019091931662074627,0.00963582909615449,0.03848853789955281,0.008004642213632313,-0.02127751894046272,-0.16238803277595476,0.1100176344966968,-0.29632194709699133,0.2624796602239494,-0.4669277325748891,0.14718011574761533,-0.17324138216993323,12.633756004484653,70.04256827433309,0.17798145238785754,0.0195930411129989,0.0195930411129989,4.0,0.009760917034881599,0.07023087165298268,0.13175021727649563,-0.05375558264674868,0.15028781453847959,-0.05157240214943033,0.06505664627650928,0.03182900218558645,0.09920946774869828,0.011204511512616316,-0.06861614862550774,-0.01612577504281732,-0.10990180380497815,0.0409600549786046,-0.06629488241611947,-0.19466181238182556,0.0864207067428931,-0.17009424181470828,29.19593305100409,68.9356033532091,0.7915283360714676,0.0158517125537957,0.0158517125537957,6.0,-0.0053038879510595716,0.048123130787308066,-0.036434209892456604,0.1389456375551152,-0.02595811811832393,0.08444186759422584,0.05298114854549878,0.05681114719705098,0.03443698913347497,0.010150442202236029,-0.05403689920188065,0.07227455014353289,-0.11358091338466711,0.06081995801119646,-0.08300904857260162,-0.018797506902054416,0.008013656937162243,-0.07373599978748371,40.64336925196817,68.60111231410508,1.263015593196055,0.0040967066832651,0.0040967066832651,8.0,0.034870200638043185,0.06860285837872462,-0.033011135812419504,0.09048267008146574,-0.018054010588732603,0.0700224595045302,0.002479066191040498,0.11097690873676573,0.05820387524866961,0.0032656337798773697,-0.09054686375880588,0.04036076964552253,-0.19223104403973792,0.1507654441910541,-0.21865418901390543,0.10184735230275586,-0.027543171106276083,0.0007752984324544514,49.3868128758688,69.04798677029378,1.8626553632738163,-0.0012107218330925,-0.0012107218330925,10.0,0.01011604863260554,0.106928128780147,-0.017217847327676977,0.10043638488426915,0.04157012271398472,0.04449830012638155,0.03874728586726725,0.07974703648950938,0.026208594521267135,-0.02655360824297665,-0.10193453477891957,0.09359622571810006,-0.22468731081701257,0.1564868074227779,-0.23183441132135021,0.06852887831324678,-0.008866930485279569,0.007383361714079554,54.92446898614273,69.75545428802926,1.9295115793098283,-0.0035392911723241,-0.0035392911723241,14.18,-0.0038727962326264957,0.07545312735676557,0.007168910220785342,0.14470534746004202,-0.001981902113740391,0.021742896891746417,0.047246537837547745,0.06933902444509847,0.015330069055529517,-0.03816959093165316,-0.08076205153358296,0.06460248656851436,-0.1916451994470956,0.11804549514052812,-0.18286287069186782,0.08326958903483177,-0.013147620704226539,0.012760221568995516,66.72674428278937,71.73244002311345,2.926143631836212,-0.0165246909332865,-0.0165246909332865
1109,138,0.0,0.01764830197171637,0.04045854953727644,0.039840319462735044,0.10631099859336246,-0.05404552198829427,0.16418750106452037,0.013498585163085898,0.01001711569901123,0.11931931780408947,0.018022783490315424,-0.10890143270482958,0.005858441398525427,-0.10085831457005288,-0.00863346950372745,0.08466555947785295,-0.27551510496602416,0.07272134821961714,-0.15746786285728775,0.039118596633757274,71.79110957780239,0.09162769230878784,0.0158907132653601,0.0158907132653601,2.0,0.006710864653302326,0.008150122659878037,0.1826818987583463,-0.06937891090751594,0.09543429310755894,0.08932599413982262,-0.003546766195883019,0.03572920776374817,0.08807095555191248,-0.03201610513834672,0.022016664228488792,-0.1938579569846069,0.13697429089215366,-0.2771106999176623,0.27270367001612417,-0.4750218638104892,0.11999140230536734,-0.16837334930524173,12.535249276684324,69.87588139075943,0.30854330105098415,0.0195930411129989,0.0195930411129989,4.0,0.006176948282800232,0.05611872195343079,0.11811732147749983,-0.028402949268393964,0.1144148069037022,-0.059273496720087776,0.06652031790596905,0.027549266669402578,0.08259909401321236,-0.0043065432583132045,-0.07284643364190221,0.029795440843776624,-0.11514578497516087,0.04701245826102768,-0.03753025520435194,-0.21374384687736375,0.07793496043535461,-0.167548084399005,29.310864290273088,68.76025954514515,0.5880091900211029,0.0158517125537957,0.0158517125537957,6.0,-0.006531404475633922,0.05840358519366742,-0.03140248008783068,0.13555085756086818,-0.026147061767753298,0.06390115907860348,0.06346766003580552,0.02549726718840426,0.07441086261805686,0.017790252469791677,-0.0635455185230054,0.0389795726851804,-0.1522598582654027,0.05622743391380834,-0.07951311672092914,-0.005333769797576233,-0.029397481940652136,-0.08869562991332436,41.01844043278314,68.49988163757091,1.3565508908998294,0.0040967066832651,0.0040967066832651,8.0,0.04448283105313999,0.045035672428931556,-0.03519471305982585,0.08982734042576744,-0.034654505556974066,0.07964664298907884,0.0014026319282397365,0.10757436390109959,0.02082046894007257,0.0005867895296634736,-0.05313355226031623,0.08366675646240711,-0.15437468850303968,0.12950814315925357,-0.22259565294930225,0.09443845513698561,-0.05980249265566229,0.03877135428038552,49.33437157925178,68.9041421424566,1.7708831451690417,-0.0012107218330925,-0.0012107218330925,10.0,0.01141101734537988,0.06577875817518249,0.024836037249744525,0.06137996918223754,0.019785785734790222,0.019379450599676606,0.06307505563810199,0.07001909046610544,0.03436663556727986,-0.0448405219933512,-0.08519081878425461,0.10302915503194524,-0.17519839567402717,0.15889275632815655,-0.2214090249511935,0.06463210848005399,-0.01335228340675719,0.00351299753902221,54.807857958267824,69.81709624107461,2.179493356572638,-0.0035392911723241,-0.0035392911723241,14.18,0.03572807748776202,0.022496510128921218,0.007213438517622912,0.11131236737880451,-0.015203449203717394,0.03266348037488412,0.026936388785020107,0.06592547672308258,0.023612186922148247,-0.005584707249585163,-0.06988512027421492,0.04353159210184019,-0.15089492825899245,0.13335504126505202,-0.23102676500107686,0.10560022802940129,0.0014106737157556087,0.01915007215803391,66.68757935978788,71.58329216405352,3.1625097378454843,-0.0165246909332865,-0.0165246909332865
1112,125,0.0,-0.013046874942995088,0.049048884505419756,0.0876549461824264,0.08840730746676365,-0.04488837227825487,0.16032304551571147,0.018812505775876558,-0.0014272301532563016,0.12611251638346685,0.012153158587437436,-0.09403324400704459,0.020735133724103214,-0.09042505332450874,-0.048956108392420344,0.07859954129870003,-0.25451978126585134,0.07819341541932673,-0.12750145960411535,0.12984099090685797,71.86030154554001,-0.13041945824223802,0.0158907132653601,0.0158907132653601,2.0,0.01889372473651227,0.0004085560751942406,0.21177224674562936,-0.08350916338805844,0.08655690386131716,0.06656545970320227,0.004287163333313198,0.04399691295578574,0.05288023602321653,-0.018793458983276234,0.022093489680373474,-0.18526171401992603,0.14306805056925823,-0.2673186323064159,0.24760944069369717,-0.473546931806729,0.12159952483087964,-0.15452743782839679,12.400531403103944,69.9451893357925,0.07644165735307293,0.0195930411129989,0.0195930411129989,4.0,-0.013106656429840189,0.014988690332328442,0.10805102390223649,-0.04588111016918401,0.1506640708517236,-0.04613118018285097,0.10460612067541683,-0.0029020029054968345,0.07847178983964438,-0.0034285194606425273,-0.08383782592583362,-0.008614087395071805,-0.1399555979154657,0.08164565938554297,-0.07368647314825452,-0.2128185522702245,0.05025464724532519,-0.12592183771426388,29.566521163672355,68.94718635439219,0.5858161934445267,0.0158517125537957,0.0158517125537957,6.0,0.03877849818797011,0.067336201473479,-0.036280913300563114,0.1198509349437955,-0.02216081083439598,0.07798822355759294,0.03006845628510859,0.0318771705420556,0.038259599994495734,0.009069251382397005,-0.09532612192647179,0.06386761441021988,-0.12950975882459864,0.05468445630448579,-0.07350224714957086,-0.01278222079714435,-0.018381612245690886,-0.04898877671965719,41.06372081822543,68.52920064243702,1.280055772173121,0.0040967066832651,0.0040967066832651,8.0,0.009693768101943464,0.02831123954074088,-0.005748561653274712,0.09837170292802397,0.01589422611397602,0.08289898012927263,0.02483292404748843,0.08573701850617799,0.009308052375289071,0.014290721311691587,-0.06886091205310424,0.04412154210919253,-0.17678299541470407,0.11498251422833554,-0.22001050010896578,0.07215382915270523,-0.02395095808820358,0.011408918622665852,49.19545521593957,68.84247116533656,1.5512748180178635,-0.0012107218330925,-0.0012107218330925,10.0,0.032390574691444685,0.07852008513271047,0.0052092251121418935,0.09258865896046657,-0.005787663821343509,0.041162714550580605,0.04822839685909826,0.06482894887755264,0.01644174626624137,-0.002974935959302618,-0.09432008729872253,0.08188758735254913,-0.2013227568956534,0.15073591487270502,-0.1877794321445792,0.07751778320099055,-0.06295527941771467,0.031704470573390466,54.810188711196794,69.53472406092978,2.032465214880392,-0.0035392911723241,-0.0035392911723241,14.18,0.028970986033469603,0.06613373775391151,-0.02066443422882194,0.12642769947904553,0.0020555828781712547,0.04437189963165588,0.03872100342338668,0.087528811120819,0.04295226733728437,-0.028695613249678696,-0.0655073896289996,0.04249408831192086,-0.18381535456707204,0.12348774803656953,-0.180334296672585,0.12540417742335325,-0.01072802381168208,0.052252126010388575,66.52180830088993,71.85836723325872,2.83151933253996,-0.0165246909332865,-0.0165246909332865
1166,132,0.0,0.002795814730921709,0.041193618217123265,0.0959947971743539,0.10777433643948929,-0.05929899975020574,0.15986514239520577,0.002245782901213517,0.0030475233044987803,0.09906042146445085,-0.02477307680012221,-0.07920249563310948,0.042814963670763054,-0.11638903902323651,-0.03489497549208524,0.09079941207586567,-0.24151112944725373,0.02920015164639554,-0.13723235829011626,0.2318994847543514,71.86070183348423,-0.2368488156183666,0.0158907132653601,0.0158907132653601,2.0,0.00738817200508738,0.02557256919709141,0.22432357654843074,-0.0549645039037287,0.10102469952306023,0.06520613520531388,-0.026618838506919672,0.03123508071898717,0.07506272519480495,-0.03577537249588595,-0.004835995799020181,-0.16248391428650963,0.1390601101724861,-0.26527108351437434,0.24637005541956794,-0.453020261338049,0.13055776677105008,-0.15929211698303625,12.526504684603259,69.88142115409222,-0.013385024332983858,0.0195930411129989,0.0195930411129989,4.0,0.01544044434135318,0.07002709136397864,0.11867098482913313,-0.026532414687093556,0.13290275203857607,-0.052897255131136356,0.07267704580069936,0.019783355851395266,0.0692928704359353,-0.004794028890047318,-0.05577135386926805,0.031894106594041904,-0.13731426569206134,0.03446078137931662,-0.03344232908229266,-0.20404822925865296,0.10046818148500966,-0.1296633909846591,29.215481514812012,68.91006673076176,0.5306279564724165,0.0158517125537957,0.0158517125537957,6.0,0.0035078713387814396,0.04276170049851602,-0.01753579162894843,0.11972125431372849,-0.04713161840664495,0.11927297797203368,0.03438948729164355,0.06158235447242254,0.03332197094132437,0.004260344507855373,-0.09626528488186491,0.02892265971015593,-0.109359279025765,0.09052729207425861,-0.08011354072200551,-0.0451195748242644,-0.008594555821978477,-0.037025924778393574,40.97831817979416,68.67581115601679,1.530720707706372,0.0040967066832651,0.0040967066832651,8.0,0.0311516775211399,0.05959106536801033,-0.031317232927074834,0.1408140463608465,-0.01471911525226096,0.0675592672547905,0.013536645203956185,0.08016114337610755,0.048639696684777196,0.011341484570492133,-0.050029840200919336,0.03731947003422596,-0.15829914354911687,0.16099121383002063,-0.2052273925921867,0.11600387734637305,-0.04692166420234245,0.041361338585987374,49.24458012423073,68.68781505089079,1.6561588780777163,-0.0012107218330925,-0.0012107218330925,10.0,0.032051396648440575,0.08641680532287162,0.033934930468414226,0.11655935394451078,0.026470091705866186,0.008951461344332005,0.0662612374958003,0.039132352501921604,0.04366960783383417,0.009641766906227228,-0.09014601031263486,0.09690436369491162,-0.19867324028478078,0.17420150089864234,-0.2316180238321942,0.1060543245284918,-0.06005001295976755,-0.0020786636973046733,55.128662699878646,69.76781485524761,2.240856717222131,-0.0035392911723241,-0.0035392911723241,14.18,0.03247629858462556,0.035427041047980265,0.0010701211300396217,0.11442156667683304,0.002252174725768944,0.045834910325042194,0.04326293753430756,0.04907722540851839,0.02446636710322797,-0.044207751331169845,-0.07786087742304704,0.013280926829951717,-0.18772540530439524,0.12947935748604955,-0.19319216102311582,0.10459126970937606,-0.04346930708199831,0.04209118572339588,66.6873416612185,71.66864396465371,2.8525114224518715,-0.0165246909332865,-0.0165246909332865
1209,138,0.0,0.007553726202847519,0.059453223549656056,0.07951385780093669,0.09305064332117549,-0.032584407196112386,0.17809412594007662,-0.017928250800680792,0.023715570998997598,0.13216020779357604,0.020774047752374965,-0.0803380937306233,0.030283585667874736,-0.10145679636305835,0.0017380447937648813,0.08991853715300313,-0.2616343376059869,0.04308365868384403,-0.15807282282566804,0.19597231088583028,71.96771515123983,-0.22624264801380797,0.0158907132653601,0.0158907132653601,2.0,0.003928005727212206,0.02295982802698987,0.20677868155764062,-0.09120620133651261,0.09309959307125773,0.09361913205993543,0.016228789652746826,0.06162044519527432,0.04604528148762966,-0.0027537999802450964,0.004898189257180248,-0.1711122418072278,0.10671236598837525,-0.2706004570508945,0.23374483997446116,-0.4746601418718452,0.12614925887327372,-0.1562108299629407,12.407464495302422,69.78460631581123,0.12671442872839347,0.0195930411129989,0.0195930411129989,4.0,0.019685821974392365,0.052802065484732354,0.09882608876759001,-0.0485003912918804,0.14602798096438294,-0.03990781722212809,0.1047374728179898,0.006351566940396359,0.10273460416704303,-0.02853788319574898,-0.029454445162571067,-0.013638844001184074,-0.14729047994303895,0.032006106561415656,-0.060109735538627126,-0.2364880824175649,0.06762545226260663,-0.1535223403733193,29.179496861455604,68.70695094554904,0.48074107031182667,0.0158517125537957,0.0158517125537957,6.0,0.013903440632917931,0.08946225758315629,-0.04029738259849863,0.15881107183307822,-0.04850118898515497,0.06363790093843949,0.014619332507798743,0.04602229602530712,0.07812637813440404,0.013075452895823536,-0.06958271769340625,0.046407665496295984,-0.14606571160270998,0.0802351406185498,-0.09138174504741231,-0.009182613494920064,-0.0017782953685083636,-0.06458340665078101,41.018610597798784,68.37256143680193,1.37489185655291,0.0040967066832651,0.0040967066832651,8.0,0.019564080291465877,0.06948687537741284,0.0232777932019633,0.12696523751686978,-0.00845456129928133,0.08811212267099024,0.01943749708525311,0.056242564824911065,0.06330662402617658,0.009598265899358817,-0.07298310218984388,0.06853135137346746,-0.19103164990617338,0.14400181826613007,-0.20724508064251282,0.07663762425268156,-0.047878464426198065,-0.002015221973924352,49.547900958215436,68.84622350659963,1.7884108772832545,-0.0012107218330925,-0.0012107218330925,10.0,0.010228822909721193,0.06665317862321862,-0.01202189733934746,0.06693990421525861,0.03515027427282431,0.00956487990574137,0.032722208621719685,0.032595533411201014,0.015676314621779996,-0.04408684040254301,-0.09415416238460239,0.1052086525189293,-0.2224025996549285,0.15266584246550613,-0.21748047244741647,0.10526697058757789,-0.03407852239013302,0.004723391905917897,54.945931632427616,69.6442779329878,2.1963829760002644,-0.0035392911723241,-0.0035392911723241,14.18,0.02439953743720757,0.042924177432086194,0.014162352683831737,0.10619024382940345,-0.013839446317549067,0.06133627583070253,0.051808702730301616,0.04600887170846477,0.06462726429408136,-0.019102501289885332,-0.09331771429305,0.059091373533466746,-0.1698372308370728,0.12920234611153622,-0.17756362629085984,0.11998956731907692,-0.028276538280189115,0.015092168298966886,66.69334282713247,71.95762840982465,2.938804695428143,-0.0165246909332865,-0.0165246909332865
1211,120,0.0,-0.011424626581517522,0.08513610967456794,0.0652369282019077,0.09494213713197201,-0.03902465511884275,0.13801606454222226,0.00483664679494832,0.03976328602199976,0.07580413775879408,0.022714165380772266,-0.07350723467955003,0.033752337671625526,-0.08175101187802858,-0.025504607997943806,0.055749217091608204,-0.26065913171305116,0.0322155406977752,-0.15226495011039554,0.05222184813910613,71.82764699738239,-0.24936162242859702,0.0158907132653601,0.0158907132653601,2.0,0.021447792238187005,0.0019159549991607282,0.20293799065957216,-0.04842545297681153,0.10874052487608664,0.07742901995060952,-0.02266880275512489,0.04862602158300479,0.06049267883627281,0.016679846327842408,-0.021804817771795663,-0.17458992265315137,0.1549792926322967,-0.2830569564794979,0.27919987679718966,-0.44249393108877627,0.1267607673882846,-0.19968098837295717,12.398187098387554,69.65136502861802,-0.08918869146830358,0.0195930411129989,0.0195930411129989,4.0,-0.003041322515119559,0.06258934329292534,0.10862000660083186,-0.019753303011664107,0.10671181085875325,-0.028934604316200756,0.08371887855218381,0.03175592146953499,0.0801093564762555,0.0029179022919745574,-0.0757741994866853,-0.005140417659740928,-0.10390321479892085,0.07545237572169673,-0.03134372572810803,-0.24049457037544453,0.09913819996561835,-0.15743045601747307,29.327138959128753,68.752974172872,0.4547509265192864,0.0158517125537957,0.0158517125537957,6.0,0.030162363664741787,0.057845387964241414,-0.010908739208172953,0.15877187228695727,-0.026121217920117512,0.07311588644399981,0.052250813412077886,0.014546228277921486,0.0773152911618957,0.011814431570590256,-0.04476312432163962,0.0383532613022602,-0.15171210827073112,0.0782044615098945,-0.10913545957008176,-0.021189894154578042,0.013289241234182023,-0.07537557015739987,41.01892442303322,68.8109089341253,1.412577994801416,0.0040967066832651,0.0040967066832651,8.0,0.04383585379815773,0.03035641081023122,0.017979724744453345,0.13213616338370285,-0.007813367915757374,0.08170931051909891,0.03541441226358946,0.10299733306438978,0.05597949956182313,-0.03094014273394604,-0.09045017834534533,0.08006609783283682,-0.19341259510373668,0.1318987937826433,-0.2135661752109576,0.07761252368662194,-0.02005162379875776,0.027794634306243172,49.22228242670653,68.96475939148588,1.6852436280710839,-0.0012107218330925,-0.0012107218330925,10.0,0.03204544403775205,0.05675677027746036,-0.005431119587534109,0.07821202686928709,0.03533356800930328,0.031822204760636165,0.06502867974057053,0.027969674137885318,0.03103623099498798,-0.021622557395168683,-0.12617126550491548,0.07374851966466249,-0.18701226580161523,0.1522583842478763,-0.20904534461383856,0.05863805581957336,-0.05180624395955696,-0.024778841888217867,55.10050786230513,69.87922216642048,2.113094677395779,-0.0035392911723241,-0.0035392911723241,14.18,0.04045009697268313,0.059407194592252716,-0.028340255968574302,0.09582942072645304,-0.024632679638320314,0.052827686410058104,0.03937460384741531,0.0527392715919342,0.025294252848485167,-0.03858469617100172,-0.06969284425487834,0.04666458804083266,-0.2008849277853256,0.1593497661878408,-0.17769704756056337,0.08885889741139012,-0.012173313844339773,0.05070660970628144,66.82834154370256,71.60234567733805,2.8618808069070267,-0.0165246909332865,-0.0165246909332865
1326,124,0.0,0.0018772498405601953,0.06102796278069518,0.09448441598868487,0.08886538209199518,-0.058029997175513756,0.17178639224070616,0.021707816241759097,0.013716011547720362,0.1225221735671827,-0.011573818647720072,-0.09374813591294057,0.027374431282588672,-0.10210779424295827,-0.028104091704700535,0.07628638550006854,-0.24527264195563664,0.047826807883237524,-0.17306995816110596,0.13990735779576285,71.98467483454495,-0.23310817178831614,0.0158907132653601,0.0158907132653601,2.0,0.011647772582382872,0.010603709972100342,0.17575201087672987,-0.041813365061632995,0.10865059056105167,0.08932464525406761,0.028852506428039208,0.03927912618146545,0.07950643197801585,-0.028958768240110393,0.005138938703851824,-0.14858345062282155,0.1573699709212582,-0.260219720413996,0.2269294336776489,-0.4807744478383892,0.15422920767211923,-0.15594745839732838,12.545398414346423,69.94878085534131,0.07280306386613658,0.0195930411129989,0.0195930411129989,4.0,0.026558865868558927,0.05015790585944303,0.09040207234176571,-0.01488692094814225,0.11521810037467758,-0.01824962858554508,0.09832286309819514,0.04288299362074698,0.08939147138523271,-0.0373663278980477,-0.04078248115650221,-0.018131365831835,-0.11344998931513177,0.07606660366129586,-0.057771546751135855,-0.24292460564455803,0.09012880221064283,-0.14401956480223743,29.250285925727074,68.78419574390871,0.5314710300167907,0.0158517125537957,0.0158517125537957,6.0,0.03075321239313211,0.08736785721542445,-0.01667868387048785,0.14589308310414767,-0.043977253669720474,0.09851562785424367,0.01102763398896859,0.04394741659432276,0.034028053979268225,-0.0016157739070323074,-0.08044862788305512,0.02541948892112498,-0.15372348288640064,0.10138990362339324,-0.06881440602548042,0.0002319110188124529,0.006237583838327782,-0.04205079314005135,41.12528526912523,68.46579281420307,1.5259385089936808,0.0040967066832651,0.0040967066832651,8.0,0.0010237943211018063,0.023087794616523463,-0.0261661776473871,0.09533028050869295,-0.029632896051577026,0.07908649820300782,0.035360497885759366,0.10708356841815306,0.010355577582947965,-0.016483108074188117,-0.05139204061910443,0.08214174701512658,-0.15220212753582757,0.11132675810747052,-0.18693335853105358,0.1235391301282939,-0.0318690735889518,0.048295937182305085,49.20693978211996,68.57292641322007,1.7021026991551995,-0.0012107218330925,-0.0012107218330925,10.0,0.04840485646669463,0.08477037946972761,-0.015196857435690672,0.08790749880549026,-5.654797241788981e-05,0.05456715591785739,0.07291493058740166,0.06900285605399631,0.024694937849787234,0.007009838167518632,-0.10280631180761078,0.102081079038703,-0.1999337690360627,0.15048324893250814,-0.21349831626763216,0.08422462508869417,-0.006734887915336302,0.0026268594446917037,55.15398466914889,69.82013501120916,2.022190469709712,-0.0035392911723241,-0.0035392911723241,14.18,0.014641038481635482,0.02254193656898612,0.002617419856138656,0.10340179602327848,-0.008245991240510306,0.022425959575284888,0.04588192017202275,0.06088079581659548,0.023600389864090972,-0.02325766819973774,-0.09451635264624317,0.01556105606977098,-0.17237475405154945,0.1431647877422039,-0.2129507309905652,0.0796448408016055,-0.023167630568507867,0.04797937708292008,66.80690552167148,71.49601652964883,3.030542990443347,-0.0165246909332865,-0.0165246909332865
1344,144,0.0,0.0010214776937537105,0.042146690025291825,0.05813079951474116,0.09263410816804116,-0.04783597159564942,0.17798346998024994,-0.009949746483848278,0.023676175691328,0.1053076028546209,0.0051588226573525044,-0.08723157292103002,0.05590732908935954,-0.08495951885819289,-0.04492874251062403,0.04756534221844322,-0.29646590893713204,0.04052127347290793,-0.15998387477631093,0.1181741677318186,72.12270116309331,-0.01305585804926726,0.0158907132653601,0.0158907132653601,2.0,-0.015520697043148528,-0.004061287010053169,0.21104153613614504,-0.054609253047433096,0.0743587707918536,0.08219070517157594,-0.021266817387608043,0.05173949916246527,0.0874509883241136,-0.0024136592385092352,0.017730822768830028,-0.15424208666734587,0.1087507829516387,-0.29912875784686027,0.2326091990045516,-0.4324795270346446,0.12292697568907197,-0.19343871521891087,12.50732473327593,69.83423866477511,0.20237885745527592,0.0195930411129989,0.0195930411129989,4.0,0.023433069325822568,0.028222130917347585,0.0876798386159361,-0.01998553761188364,0.11946721164918259,-0.014636720180970498,0.11668579561060505,-0.006294283029096008,0.058896160454259314,-0.02192499756572246,-0.034360098941433104,-0.015921420770333976,-0.15174610785260267,0.05735438295976899,-0.04109126166797291,-0.20737490855580332,0.04893251608163113,-0.13183654877369155,29.367097865962663,69.07584621970705,0.6971058432362081,0.0158517125537957,0.0158517125537957,6.0,0.009427812276638164,0.08603683949612835,-0.025809132760805806,0.1709297071361383,-0.018120590953870478,0.11267206525283714,0.05992127300927652,0.01093087958122219,0.03236453752197063,0.016116639732134903,-0.049286422323400046,0.03377800272305825,-0.14061926298804284,0.05128649354696073,-0.09241437301370836,-0.02278007206047208,-0.008140998630347332,-0.05626378560280196,41.13057896053445,68.54593866357139,1.6007980106896453,0.0040967066832651,0.0040967066832651,8.0,0.0451912587188288,0.06670758829368027,0.015768309231816657,0.13921839972738256,-0.009981780356726071,0.09142180408351855,0.035739969218886024,0.0776289054795755,0.06023872467318993,-0.010473736143905586,-0.044506944232771475,0.08323085195810637,-0.18661284752824786,0.11458830710240603,-0.19554248241413102,0.1221985784158695,-0.05951635377357618,0.0003067300494854104,49.59235215790298,68.88159593461607,1.8527714995646716,-0.0012107218330925,-0.0012107218330925,10.0,0.03102999902207813,0.09652103346639529,-0.02025453033446043,0.09994403385307861,0.024677244188323684,0.06299934181092703,0.041381123946908405,0.07361648338454857,0.03939735679529581,-0.009444052279892779,-0.07998951444425569,0.08512357632810102,-0.21258720457793423,0.17392770550772527,-0.20743312313883938,0.0843952101165676,-0.03901093098130822,-0.014195773026755997,55.06693739646112,69.5809575555024,2.0537998106302324,-0.0035392911723241,-0.0035392911723241,14.18,0.05253946604122932,0.028853644246641014,-0.0008250801963542442,0.12410923462057381,-0.01657580263636635,0.025974769970507405,0.008249994927595893,0.04000039054129774,0.041087271996478714,-0.031489401370861675,-0.08218738839004995,0.043525925375725305,-0.18865677826583027,0.14961604593991412,-0.22090540251139593,0.0993113981377803,-0.0004030026961058704,0.051426827158677066,66.9073442885237,71.52226926579434,2.9488158702772327,-0.0165246909332865,-0.0165246909332865
1384,145,0.0,0.026720935044928142,0.05374105774388549,0.05060023133445257,0.11123321323468024,-0.06675829277901592,0.1818443938770989,0.023844863888521584,0.013160615825801077,0.1179606785404665,-0.012138827961193354,-0.10140752745837533,0.06132424324368647,-0.10367124547454123,-0.05203370202296685,0.045030257753045366,-0.2721158528630447,0.07432940877398937,-0.1778015133498962,-0.039870128756734124,71.7896149914249,-0.16541776524000948,0.0158907132653601,0.0158907132653601,2.0,0.00967922676447743,0.030172240367516687,0.21410512210200433,-0.06128894826525213,0.051523560915588906,0.06445525330628261,-0.0026614602025908053,0.010249930054747461,0.057902971320967195,-0.03063481768569115,-0.021083550569124358,-0.14319687172420256,0.12416687344374948,-0.30294159941701776,0.24391275138110552,-0.4384794007292181,0.13996787004055397,-0.17081578490852203,12.40431847757724,69.8939737763226,-0.09762205596610576,0.0195930411129989,0.0195930411129989,4.0,-0.007137925982781242,0.02375478238757701,0.08693336915026526,-0.058718511365198685,0.12589370847146047,-0.06454947416133834,0.06204599485000816,-0.006488040046896855,0.10242872783037145,0.017658619070749136,-0.04328435488941842,0.0011993992172412635,-0.11158980707634596,0.07482867983923108,-0.05330395218970908,-0.2369492484212404,0.05208425500920961,-0.15376046260771123,29.177993122892964,68.7533924789243,0.6546495865880257,0.0158517125537957,0.0158517125537957,6.0,0.02254192756525264,0.09048202190031479,-0.026261786186583737,0.13615505709172135,-0.05776790951550251,0.1158377038292915,0.05121018347656589,0.03908181073554014,0.06600434513629855,-0.02001821223591343,-0.05040169946660322,0.0701386315990226,-0.12495929946337153,0.05695940251255903,-0.12087448622108003,-0.02818995005815829,0.020331596393510204,-0.05666037634766509,40.98691319950418,68.59835344396458,1.3476520256068931,0.0040967066832651,0.0040967066832651,8.0,0.018673359683266916,0.056334937216448853,0.020004620992322388,0.10185428021031244,-0.011221249174036675,0.0988279851626371,0.030385906883978277,0.057862371291416026,0.04347241324084965,0.012208147467870306,-0.06628244900866963,0.05736055521876251,-0.190538319361403,0.1490850045111241,-0.19944048860286404,0.07145064312273522,-0.03486888830050516,0.046346306506739925,49.60518019885632,69.02591653702324,1.7805839881006809,-0.0012107218330925,-0.0012107218330925,10.0,0.02933978544968092,0.08841453589060921,-0.014814021928726606,0.07169203346601136,0.03972127759785263,0.00962648949053847,0.03935799976511127,0.08083913368153604,0.02136177357848434,-0.03180334383049912,-0.08207666982240713,0.06674197887497899,-0.18700847719950264,0.18296479902138182,-0.1915994306797999,0.07039572605803353,-0.03997740157363612,-0.024020469846637076,55.22900446178893,69.76482782372659,2.308925572713218,-0.0035392911723241,-0.0035392911723241,14.18,0.04765876879544286,0.03092365367986019,-0.024108055557399435,0.118492216776798,-0.0015339106229736582,0.05323394807741787,0.050638883994423546,0.09085304980222628,0.043469306389992635,-0.05121384822637246,-0.08915390036894963,0.060996279216669835,-0.18838866166228668,0.14953140656250707,-0.19838377879687805,0.09997375507295704,0.008048022052496964,0.051463761092208814,66.79776541617946,71.81090752199563,2.720537537836801,-0.0165246909332865,-0.0165246909332865
1394,120,0.0,0.0027297332161941475,0.06225465347376325,0.07417624928580917,0.06821103048304383,-0.0724293451813733,0.13239154546308407,0.011115035128874743,-0.004056685982195551,0.08469546673210633,-0.031305663039898096,-0.11497006138126908,0.06175153242173667,-0.13870394757771343,-0.0537165425551934,0.06851174127433524,-0.2723693507370328,0.02208111848666604,-0.17232856870590274,0.1425486586444336,71.83749732596553,-0.006227859499516902,0.0158907132653601,0.0158907132653601,2.0,0.02441012881310148,-0.020864301567773698,0.2108505836735849,-0.04917996918150526,0.051068242872726786,0.07351632550523182,0.022319818610785174,0.03248077261648136,0.045183241038384135,0.0019544242237861317,0.009480503296616385,-0.18454417522137476,0.12760078126137858,-0.257643158627924,0.25618123395289155,-0.4526664031746988,0.11725656710496923,-0.1606436555133347,12.389502201236246,70.02392350104934,0.08788827274049407,0.0195930411129989,0.0195930411129989,4.0,-0.002330992178741992,0.023568662504410098,0.11685436538729682,-0.02835770368215557,0.14335528275991244,-0.059132002005985465,0.11878449320149732,0.0006621928495870767,0.07796892147676657,-0.006634305957733189,-0.049704749406272467,0.035602412288357005,-0.1535244766000201,0.07486616474444874,-0.034742958806860146,-0.24139783857943442,0.07753238491651857,-0.172905016319688,29.168279619840003,68.82481107970465,0.6150250246200546,0.0158517125537957,0.0158517125537957,6.0,0.04466439173943185,0.04954873614271155,-0.031420669565913814,0.1563469136721871,-0.06409645020411589,0.06634299743119497,0.051254828600085525,0.06615216967616011,0.05922272535001145,-0.0069160988822535895,-0.07396363936380984,0.03232210047898994,-0.12370346684610026,0.07025924102271702,-0.1182549602125521,-0.02038082497678066,-0.028399321989897197,-0.07048351810995908,40.93598133350233,68.58653556742425,1.2151086468596013,0.0040967066832651,0.0040967066832651,8.0,0.01564662372664065,0.06764961247325772,-0.008857700593493213,0.09891101452019686,0.023264866633340136,0.08944651724365092,0.05383283542924868,0.0963116235923978,0.053365993206489,0.0026974931426727317,-0.10290433082059745,0.03228864798482918,-0.1549676304288969,0.1674339000538697,-0.19224425068515066,0.11073755387613207,-0.035911342343019126,0.04672778481705946,49.64800864056146,68.60053255765183,1.9260758183972537,-0.0012107218330925,-0.0012107218330925,10.0,0.03975919848162771,0.08329240932527936,-0.013968354204197397,0.0656079109252834,0.03806077113815719,0.01157694693990223,0.07758282624536973,0.06090617811217822,0.030687176966432035,-0.0347680313517483,-0.12423951557831832,0.06411678583547774,-0.22489320225324097,0.13497592735002464,-0.18473157003381507,0.11070812056624849,-0.05279208472396825,-0.012074090217570938,55.21989910692365,69.88402372355233,2.2286120097359943,-0.0035392911723241,-0.0035392911723241,14.18,0.015382284552486355,0.06341009694147512,0.006772871680753939,0.0964299794961453,-0.03423311570851059,0.042866962405819026,0.05220793660711892,0.050695055187257955,0.029783265300721513,-0.024422312967015625,-0.05806079525275688,0.024081428304746362,-0.1812348226293543,0.1182538423345191,-0.20049555268886182,0.10882635859304615,-0.0030059726553580083,0.048808080963074985,66.66850859305771,71.79551355473328,2.7057997067138055,-0.0165246909332865,-0.0165246909332865
1468,150,0.0,-0.015013409344482979,0.08900279098692179,0.04687698659644439,0.11361176993179282,-0.06413849919375554,0.16229475751110609,0.0006755628105884055,0.03132602557171471,0.13054300846196115,0.008108308182414248,-0.07968725499534264,0.06108756990737462,-0.12799343389315188,-0.005243396468133245,0.05185555419096489,-0.275971792004171,0.030826422460832947,-0.14354317225284322,0.23450444307846008,71.79996039269037,-0.2169242554840808,0.0158907132653601,0.0158907132653601,2.0,-0.0036113304783114576,0.012975015684722466,0.184627028102267,-0.08255994454002724,0.05254090305354624,0.10647549698357163,-0.002763903296886548,0.06536176929127623,0.09015707586782232,0.006397572076863863,-0.019390501261855632,-0.16786339432521516,0.10487686590240189,-0.26441942950129543,0.23445449573094848,-0.46440263195006015,0.11198316709943794,-0.20871928514485777,12.495452521832263,69.67383675906858,0.2198520145343674,0.0195930411129989,0.0195930411129989,4.0,0.023698017768546777,0.0349199232021388,0.12232440639327274,-0.042551123682345704,0.13370123178433027,-0.055905103869905805,0.08200046699653213,0.02314625631814217,0.07875401558419229,-0.018692232868149274,-0.05043808102673912,0.009233111144638192,-0.11956991913371097,0.07847467958809365,-0.06881543725209979,-0.24835185831508358,0.09747658830068738,-0.14094101314665436,29.258234549299342,68.70614889999953,0.40978094057214537,0.0158517125537957,0.0158517125537957,6.0,0.0007887165888723641,0.055858568618641746,0.00255404124114297,0.1742536953061621,-0.056923236045909195,0.06652528690322694,0.02911650192561708,0.03376024126503733,0.04871549947026626,0.016260284934271865,-0.07243855172794891,0.06489027748001314,-0.1418833640895547,0.05202981268146899,-0.10119291754402342,-0.0016751835180414364,0.007304537695682947,-0.0681984024779365,40.80283026162278,68.4285471175453,1.1823519941650926,0.0040967066832651,0.0040967066832651,8.0,0.03548010565207084,0.04876546188362043,0.007790506456336067,0.12116217351060521,0.015984270302067498,0.08818187601259947,0.050145989196864325,0.05337811997900019,0.006418539322398446,-0.036526143112115945,-0.054052874248775556,0.07313676018965201,-0.15221897846251461,0.16439845965954894,-0.19706549057864736,0.08055366228373813,-0.037455389538433165,0.0077466020671214785,49.25670221944182,68.60702393582679,1.562845891050668,-0.0012107218330925,-0.0012107218330925,10.0,0.04380877378225276,0.08338837201625189,0.02785163701123596,0.10265510445633577,0.01841252396903656,0.05222945957315506,0.03160202521672448,0.029334928640315828,0.04231760756784504,-0.02280119892830648,-0.08485286819146923,0.09353908288918421,-0.20872298029026823,0.1879940437969698,-0.1866111599152371,0.08242993109408761,-0.020022672436781422,-0.0075109379860788215,55.13479291373731,69.59468719669212,2.0035318419763555,-0.0035392911723241,-0.0035392911723241,14.18,0.012718040815770885,0.04408571882509489,0.014764225774249802,0.1336675120246991,0.01555567700883754,0.04690283047592666,-0.0033575653748875306,0.07229259965367421,0.05857896897569627,-0.00619076809940974,-0.08949937666792004,0.021166671912204126,-0.17966292634864664,0.16796258687091967,-0.20351613487020162,0.09914173237373741,-0.005315479814373051,0.003963349527943163,66.83706580780304,71.71162531055559,3.137264832603004,-0.0165246909332865,-0.0165246909332865
1625,140,0.0,-0.0054953812467391505,0.060638027318289815,0.07969554684565079,0.070011860465371,-0.0510487479423229,0.18558031552307608,0.02091103804651967,0.013424568757080549,0.08639802981199586,0.012294967232948758,-0.09681811910061876,0.020274293123095304,-0.12061516647572738,-0.050459229748191635,0.0676807279770212,-0.28759857608337014,0.04011184938339475,-0.16267768612897357,0.24541064034457072,71.72451205848324,-0.1431390038961388,0.0158907132653601,0.0158907132653601,2.0,0.03799607019170782,0.017796237289527252,0.21522890160893277,-0.06056496705107189,0.05187220734466928,0.0949500935404434,0.010627153018035462,0.06625754961096982,0.07011596216532083,0.009776863106174653,-0.0003237293760330207,-0.18062113600322524,0.10131329172901819,-0.26665006014650194,0.2235596047483253,-0.4484727525525831,0.14836501973686797,-0.154600762478692,12.400555984571314,69.96735565160171,0.2576474417507896,0.0195930411129989,0.0195930411129989,4.0,-6.0972575337082946e-05,0.07323379546532384,0.12612059377848014,-0.026963846168387103,0.14795029931263695,-0.06662394132744505,0.08896910152248311,-0.0032931359574986385,0.1106274214170149,0.008076115211924173,-0.03544483448039033,-0.01854971980919759,-0.15142250384811728,0.03235338811294458,-0.053583579610175194,-0.22940044333781892,0.04868068640383348,-0.15931857353966725,29.21021218042798,68.93306983083122,0.6442529729032772,0.0158517125537957,0.0158517125537957,6.0,0.03402848974735219,0.06955268696170067,-0.04026760839522637,0.13991210212156732,-0.01224897777758465,0.0820140299310756,0.03210462655489823,0.05842017561722,0.08069411622542616,-0.005243302478392382,-0.06670277157506514,0.06133341946166374,-0.11036657393708318,0.10283825136590861,-0.11236171579006046,-0.024835649410973132,-0.026393695946962135,-0.05827782672649365,40.81502780556757,68.33853801121437,1.55777290541868,0.0040967066832651,0.0040967066832651,8.0,0.048154473471103035,0.058593210902773,-0.029080782489427116,0.12972432508276935,-0.010862144007461192,0.06378076303205396,0.020145884034797227,0.07867631781443252,0.016632398191583863,0.000644927652316829,-0.061114535220385034,0.057103472297645154,-0.1502593533647688,0.11600761602212263,-0.2296418243021986,0.07828251082629059,-0.047096746824868085,0.013194852174435836,49.224071245567124,68.86012789573793,1.9066485373311708,-0.0012107218330925,-0.0012107218330925,10.0,0.03557891241434738,0.07551326383493304,0.028265159032371104,0.08310094677671191,-0.014819232368551483,0.052231960484048795,0.06556183537043601,0.03992757612096796,0.003252454113532928,-0.019154702102486924,-0.12816780618676926,0.08695431074530593,-0.20159185396898263,0.16618799230245881,-0.2234892872628066,0.07194559119411895,-0.05455890925027437,0.007080309027181403,54.90561894290998,69.6775732124701,2.0882299350575413,-0.0035392911723241,-0.0035392911723241,14.18,-0.004925003473417861,0.03960529838365069,-0.017278109964823787,0.11058974593244625,-0.0054402747636335,0.024790507123790665,0.008201828800568679,0.051623840395569956,0.03896837550939386,-0.05782814233365104,-0.0453478527145882,0.060859348367050536,-0.196272611192846,0.16461437061296255,-0.20735787806112782,0.09608811113313098,-0.02823776361913946,0.0371293006487671,66.74372578834566,71.83201103065767,3.138611175545569,-0.0165246909332865,-0.0165246909332865
1655,162,0.0,0.03195116632378067,0.05734373720473378,0.04592454028617163,0.07755766101660695,-0.035781889035646386,0.17551805155034697,-0.01161220008521872,0.018173659575299043,0.13455587110231668,-0.02267227385007826,-0.12296683186685783,0.03977873349427813,-0.12136979235002227,-0.011656515084619238,0.053091125024010616,-0.2657752641953063,0.029489524878547044,-0.17144935614284518,0.10816443062269265,72.0509279075677,0.04005080184984447,0.0158907132653601,0.0158907132653601,2.0,-0.012757754135198479,0.035622514070037185,0.21592770056636706,-0.08004873911822842,0.10622790888877223,0.07647749911078863,0.0273101427892628,0.06664763657645384,0.08423892330412358,-0.02723206429754693,0.019041939941406218,-0.14722754958688627,0.11815637032399413,-0.27919529857181563,0.27333444558272946,-0.47994930752507414,0.12793752746411474,-0.17299513926233498,12.480590306188942,69.91177878232057,-0.13846921492175265,0.0195930411129989,0.0195930411129989,4.0,0.031802949690181485,0.04156707255187397,0.11946587182085544,-0.04521008147421612,0.13980282319762863,-0.021557033166872543,0.07437902751571797,0.033529601820799976,0.1021691713189943,-0.005306249950328001,-0.029496999572293753,0.005394786900626622,-0.12228015121517144,0.030838970454879714,-0.06580921937733128,-0.24219889483712653,0.05991382922388828,-0.13241309638275314,29.141890948828323,69.09862451239933,0.6124366361016649,0.0158517125537957,0.0158517125537957,6.0,-0.0008392862460557746,0.06145261780652133,-0.020785711021829707,0.15628565326674343,-0.02695731319311196,0.07595860518360766,0.009455502696945922,0.02037721888149077,0.05234926946128614,-0.020118665583562994,-0.07534473519287553,0.04327593394093409,-0.1335632426435964,0.09280710115066576,-0.12081971518105261,-0.00365705568430532,0.008126975234946163,-0.06005466138212271,40.96511438486873,68.76712331707985,1.3531481330567536,0.0040967066832651,0.0040967066832651,8.0,0.04265503551385255,0.028180963565322653,-0.004286151332310321,0.14531759407452813,-0.02046229900945365,0.07778400542625637,0.015514511148218696,0.07292538055680227,0.05774983890970971,-0.013813367120225711,-0.06387532269314462,0.04969165786419325,-0.19688855827507154,0.14460077721831907,-0.23129741663632586,0.11762915200412262,-0.0350861118422127,-0.0002110852151602366,49.59703441881612,68.89703311520789,1.8300101556751989,-0.0012107218330925,-0.0012107218330925,10.0,0.05064408698545676,0.10570618473744217,-0.013847984951647987,0.09466702172436382,0.012700362679712274,0.009257764332099901,0.032711991476921415,0.041122653835789114,0.049810084558454246,-0.026107967032219462,-0.0852062613448525,0.056556796129159856,-0.1932191631909192,0.16446068694136584,-0.20021296763206803,0.09421706175618383,-0.06458979539801155,0.0062681913360418786,54.818602735543585,69.62684032483703,2.0678976535338927,-0.0035392911723241,-0.0035392911723241,14.18,0.03999665344159378,0.07682396314741585,-0.010365350366021625,0.1110787200860223,-0.0015333932744101431,0.07008019579018518,0.05107321213490083,0.06383694825842395,0.008555106998691737,-0.008812980331077799,-0.07470834216722046,0.06632180042769598,-0.1484364321294974,0.13296186125920775,-0.17776451827732906,0.09606293868029746,-0.029696051768945846,-0.005218530501299962,66.57155578198011,71.92563572121772,2.7157079742953965,-0.0165246909332865,-0.0165246909332865
1660,174,0.0,0.009668129931794986,0.04214543490003647,0.08679276656591531,0.0910565634425701,-0.04144581025394346,0.18037856761105525,0.001958585536746859,0.024268265387163937,0.11761294396384014,0.008903753430107427,-0.07729536057344882,0.037228371710472594,-0.09599690213614971,-0.03663166007190644,0.07690486649305175,-0.2548256397364991,0.04066654182396473,-0.14201083840381887,0.19086278303618076,72.1147520362732,-0.11027766209817655,0.0158907132653601,0.0158907132653601,2.0,0.018588957287667515,-0.0008286395797850142,0.22777465352633128,-0.06952211276406245,0.09391329938798258,0.10009843877717818,-0.014023684911435677,0.0551175773957047,0.08086879098715802,-0.0064108716429128135,-0.009791940179443112,-0.1434925895236634,0.0990634376004412,-0.26027596671692504,0.25638465708527636,-0.47693195591460247,0.14818277279508218,-0.17388488049156392,12.49592331160167,69.9561969030551,0.07218926369788967,0.0195930411129989,0.0195930411129989,4.0,0.02717229148700033,0.06657363380429268,0.12296245003810012,-0.0282072884148381,0.14635304893217882,-0.043842292458087705,0.07380266723669977,0.018878911887086177,0.09635999354141132,0.01203885208437081,-0.04834772526656632,0.012935379796774601,-0.14022423850982627,0.04244611468656528,-0.07023892864782137,-0.2506759344909457,0.08121765680833343,-0.16982323024669638,29.358653792044628,68.95295397725262,0.6385096417288518,0.0158517125537957,0.0158517125537957,6.0,0.04064558760238916,0.08119903039635587,-0.006442246268788915,0.1224949742311435,-0.027533450655397036,0.0969211747164951,0.05869241454858405,0.028886544067055767,0.04836351355091406,-0.006706231787893712,-0.07669153376628994,0.042305737301112714,-0.16145142097755422,0.05729614715194957,-0.10060227102152275,-0.006898077610095773,-0.029930928203439462,-0.06848619126243198,40.814282861002155,68.46707383995624,1.3451449446696246,0.0040967066832651,0.0040967066832651,8.0,-0.007324374117288222,0.05345633857490026,0.018283198164796354,0.1300830695299309,-0.027578741356548225,0.05884152649121768,0.01112403048691215,0.08519372008472222,0.024748134061603002,-0.013045776375669057,-0.07902309575477036,0.027566598570598583,-0.19471500645478657,0.13492903483105292,-0.20482354032339495,0.13115600000419333,-0.0584692487159094,0.008825738714551497,49.473201459742484,68.90042912331062,1.5727197562990651,-0.0012107218330925,-0.0012107218330925,10.0,0.02289577430915148,0.05803281024464657,0.010569140299060278,0.11785713858909855,0.02631247523126014,0.03990208247549418,0.07017390975056384,0.04559811515581671,-0.0032924816786038605,0.00435445832802937,-0.10194665906784721,0.0802375565412751,-0.1929311194713259,0.14005506868939632,-0.21837945643575254,0.1014309023707745,-0.05474245900945255,-0.02443428171331816,55.245485346913135,69.72780453951252,2.062388589333851,-0.0035392911723241,-0.0035392911723241,14.18,-0.004145757312032729,0.07834879416890074,-0.011626138132478692,0.0955447009007346,-0.0042763725960109945,0.021589013912583988,0.018642836853026735,0.09537336642837263,0.04372960182241963,-0.06165811968932988,-0.08329055543179793,0.06288866851041701,-0.18905334198867454,0.14400091388608613,-0.19755481985469175,0.07294744241604757,-0.019047137607158864,0.03598849044113489,66.82899958590146,71.53065532528042,3.119638530206653,-0.0165246909332865,-0.0165246909332865
1752,126,0.0,-0.010087066022483465,0.04918400952892174,0.07258151916631538,0.07922124196385141,-0.045132440996870235,0.17900321469576747,0.015317057882471438,0.03125335760961639,0.10907427887964491,-0.021680876211401676,-0.11140142357799124,0.023652058622160688,-0.09689951512311896,-0.0195476426319229,0.05518032379562331,-0.26793297510276903,0.031044172887067827,-0.13519682724594653,0.16198575754902406,71.89267504288311,0.06950341391197049,0.0158907132653601,0.0158907132653601,2.0,0.019626351670663032,0.03768271926477254,0.2020674015355767,-0.037556796822637184,0.08347995615615314,0.07274741386094259,-0.009571684005735746,0.020179420898066163,0.041576324159715856,0.011747408360744171,-0.012932918074717761,-0.15000857608642454,0.11157174261509935,-0.29064000170823323,0.26096657615459357,-0.4668669653143263,0.13134496247393665,-0.2124667663769309,12.382259820361002,70.06601754302564,-0.026144074439943182,0.0195930411129989,0.0195930411129989,4.0,0.032752495145318375,0.017178123871178248,0.11766372147134478,-0.03162868082669817,0.1362641655194879,-0.02897771480834268,0.08301512714092381,0.028840808146223466,0.06383252648330251,-0.016467565388037377,-0.0674826808668131,0.005183841637445509,-0.11669940228723887,0.05248991854720947,-0.033832519384790746,-0.23960017265318892,0.07851633754240765,-0.13190309866920855,29.310171192933087,69.08758129157752,0.8077480253494284,0.0158517125537957,0.0158517125537957,6.0,-0.009782062953990124,0.04472384203932739,-0.024317484193565178,0.16344707958240873,-0.025809910475206817,0.0723938005064774,0.032814847634874474,0.061034974970781544,0.055737374862427594,0.0024022815060053084,-0.10048713413395373,0.05563414677371547,-0.14204578422677144,0.08966313156731269,-0.08812699189860922,-0.02872519047152704,-0.0021216812662290772,-0.046691668942556865,41.00815667324629,68.38341224354616,1.3769102209525446,0.0040967066832651,0.0040967066832651,8.0,-0.0031097252484677956,0.03305728811673374,-0.03275442280357117,0.135413829921047,-0.01428896147797375,0.062440613855801366,0.013453628782805028,0.07855059907350773,0.033561504719625025,-0.03717458084127727,-0.08323593073749114,0.04477551068421319,-0.16438979178148647,0.15188718699198156,-0.18074098302016503,0.09848975841649282,-0.015589633575373355,0.015211752804715642,49.573879213657435,68.7928716719535,1.5176272172768055,-0.0012107218330925,-0.0012107218330925,10.0,0.005131402238617522,0.05402406320610566,0.0012473865120156231,0.11356718002392505,0.008194509861603392,0.04731769054943816,0.06433740211149636,0.03580026329354705,0.02905933634782293,-0.03023085216266736,-0.07193538801074695,0.09342057789244955,-0.17579742502388362,0.174884344388953,-0.18146868776245223,0.09359490536222694,-0.04211688283521944,0.01277529976367889,54.90555363971203,69.90843888381876,2.070192213986767,-0.0035392911723241,-0.0035392911723241,14.18,0.014361501174060433,0.0230615574200379,-0.004707268628297705,0.1313982209238994,-0.02776886912829926,0.052936167347845973,0.010406257210394048,0.04907091331215101,0.018094989974891448,-0.04828299377961776,-0.0647155163131254,0.017896008527045006,-0.19979109389594255,0.15328850289137622,-0.1976263946603956,0.09999742265338869,-0.0015207898485601404,0.0028716532217860496,66.9014744801612,71.57522094527715,2.712333235456649,-0.0165246909332865,-0.0165246909332865
1755,120,0.0,0.001970966295209646,0.05444138947004079,0.06491954837347455,0.11134582239603306,-0.03939915363700407,0.18373178739352305,-0.011693625119226846,0.03391667140441855,0.09193618864411424,-0.025368537840085345,-0.09232713033988567,0.034408415051846004,-0.09561864599142703,-0.02111236897407302,0.050234371045772316,-0.2777892159205321,0.020440841295211433,-0.1827789610756516,-0.007389561524982544,72.06750079789386,-0.09491861537950844,0.0158907132653601,0.0158907132653601,2.0,-0.0024395665345862197,-0.009318127670000401,0.19112949120862258,-0.06691334902770549,0.08294732605017016,0.04827262830998057,0.00572039235797411,0.057868245208318035,0.06460683973944893,0.01444190615716322,0.027449992109781662,-0.1564629174791978,0.12183014764346171,-0.25862444857307715,0.24657413639070425,-0.4720890331742514,0.10853839015530971,-0.17328247199712216,12.519211426827066,69.97308443738133,-0.03592660681470969,0.0195930411129989,0.0195930411129989,4.0,0.025482039572423724,0.028670571608003834,0.09400099722527845,-0.055774395970756285,0.11372093415091064,-0.03383217203654929,0.07262312508104679,0.0334516508978865,0.08558439138819242,-0.02573297606844247,-0.028885973081126688,0.025756140238008485,-0.14566946738518224,0.023324219064236665,-0.04459991843669055,-0.20464280111289354,0.049632799798077845,-0.147832984764275,29.21786368324422,68.9044070112409,0.7753833825688661,0.0158517125537957,0.0158517125537957,6.0,0.033868254585182445,0.08140192459093536,-0.028805983706688063,0.16153143440236367,-0.015427523759399212,0.11702377443637477,0.046742115786045306,0.02334005545180733,0.07568084171547679,-0.006688333977222307,-0.04315058202178833,0.04222346627673746,-0.15433377663145978,0.0938277576460653,-0.09177700703303074,-0.037889180928364144,-0.011902764296293283,-0.04255583765149817,40.96410656205409,68.51185108157212,1.3176242205398232,0.0040967066832651,0.0040967066832651,8.0,0.03260839763611601,0.06715239054357432,-0.02048531664378747,0.10972520453541841,-0.0195264906684874,0.05324788340148515,0.0029605803214022945,0.06050673249975905,0.03404470561351794,-0.0350160640564485,-0.05931238432749747,0.08104587200818089,-0.17281621650971252,0.16432772895127806,-0.2279135040263225,0.10183984063046791,-0.037552606493675596,0.034354956178079786,49.31445810868455,68.94698811297431,1.9335736517058353,-0.0012107218330925,-0.0012107218330925,10.0,0.05128756376639228,0.09718561827869521,0.016169393022664617,0.06758384781260851,0.008096702898451397,0.02203180977231997,0.04265287498081573,0.05272694401328781,-0.006362840218203922,-0.008453296014233991,-0.11847244229752411,0.07849607459353924,-0.18449020477788663,0.1503067397984618,-0.2258761677921562,0.08336121762586488,-0.049234381686276626,-0.022102742574005463,55.258683025700435,69.71171477875754,2.243193445568137,-0.0035392911723241,-0.0035392911723241,14.18,0.0014120129299189169,0.06024547759124597,0.006167911849304351,0.0960522523891331,-0.014221207287102883,0.0718518248623179,0.053385544514573335,0.07455762177487087,0.028201596045738908,-0.014585953094104973,-0.059702179056519505,0.04848058161271188,-0.19590703383653651,0.15946211679744596,-0.17693145638340183,0.12694375207953973,0.008696865812602136,-0.007395983807841133,66.79586289565427,71.93007798854451,2.898530000569763,-0.0165246909332865,-0.0165246909332865
1782,135,0.0,0.023658512229415778,0.06789513807424581,0.07755328130043371,0.06824801020307661,-0.032051695958327735,0.1636984705715146,-0.009327991406685245,0.017489039983944098,0.1112943642301569,0.007833897011533088,-0.09781630689615947,0.0546179944505427,-0.12710875665959362,-0.009341105604607469,0.08799628293453858,-0.2736413844376531,0.07383736213514981,-0.18056333462308605,0.13162903094496736,72.16704324496952,-0.2846665667684619,0.0158907132653601,0.0158907132653601,2.0,0.01890301120689588,-0.008459700474062488,0.21864251061320802,-0.08905262832127095,0.09245598031385036,0.05629657187135259,0.008645643419539951,0.059561688666507476,0.07827837497201977,-0.014132818196393764,0.0008660910674259522,-0.16531117290855588,0.13037144821141125,-0.24750314467117462,0.2228274526302705,-0.4809842505476372,0.1301842073758495,-0.19534532216532932,12.480927118195172,69.73037162117406,0.10240416610497258,0.0195930411129989,0.0195930411129989,4.0,0.0038895162304030785,0.027102566232617892,0.08715152513160879,-0.016593351558124362,0.14957858766506696,-0.018044994302099552,0.09366694912097773,0.027734521660073817,0.10716050685473104,0.00400702945610351,-0.04464241747317169,0.037100689725345234,-0.13113456260943235,0.07237778275008837,-0.04043802586430028,-0.24653844624662785,0.09009586663005993,-0.1626048845311231,29.118602447919788,68.9676069491115,0.7788583983602236,0.0158517125537957,0.0158517125537957,6.0,-0.004497854379137398,0.08563964631299892,-0.006037800818086116,0.16678711901705134,-0.0685699838843426,0.10374825726135697,0.027878093095397273,0.06352790195674467,0.07564615665441189,-0.006763988835644121,-0.0682675142030928,0.04220980969977644,-0.11402521241024524,0.0807312860540659,-0.0941133121514567,-0.04704398090899839,-0.019963192425799754,-0.07187629575591022,40.79047314887625,68.60400738911264,1.5643188200667564,0.0040967066832651,0.0040967066832651,8.0,-0.0045977815136520155,0.030006480986975493,0.0007872573860814112,0.1433301586127209,0.019371141035683746,0.09546443518902888,0.04555721052418539,0.10836849071448736,0.00649115973218059,-0.02511291918580256,-0.04957597912435169,0.03255969982340224,-0.15348489965515172,0.1509038581691542,-0.23101074165006302,0.09331730122369475,-0.06387505800588789,0.025893186330236094,49.24554514206075,68.97992774336592,1.85313923145277,-0.0012107218330925,-0.0012107218330925,10.0,0.018849135258014918,0.10658285810289522,-0.01572742054858379,0.11436170905983224,0.02497094631906588,0.02507603755125345,0.06451599260030635,0.05328136777893279,0.008019070856085829,-0.049077970999714095,-0.12753930155449228,0.053089105691222944,-0.19481700045411196,0.1559701326294941,-0.22456619266307776,0.08626621965085904,-0.014498896828354795,0.02412303444108605,54.77773663401275,69.65572908631522,2.267599812459988,-0.0035392911723241,-0.0035392911723241,14.18,0.004600734096681214,0.08062130593328859,-0.029400744058349724,0.09676411931990374,0.0035175744505602236,0.032178015281284875,0.050683490424428115,0.06526937270382974,0.019856951840078012,-0.0372314724839938,-0.08475370413623597,0.0414010680731756,-0.1893591629939517,0.1461134303288659,-0.1803419246300644,0.108721846900519,-0.02261051483973446,0.020157558251005105,66.80071649923273,71.78936035288308,2.995211602653848,-0.0165246909332865,-0.0165246909332865
1787,124,0.0,0.02888650675792004,0.047192134549613365,0.08671251793476416,0.09994648381181996,-0.04135142427579816,0.15556671316431853,0.024818884178874148,0.04553889740168923,0.12386579739371115,0.015610470717036216,-0.07013003387601578,0.01130585924430098,-0.08602852532603154,-0.010487017548213346,0.0686235597913457,-0.26608081809526063,0.020388518761872275,-0.17926969751865773,0.20817264562180465,71.99836366778311,-0.18100725891905625,0.0158907132653601,0.0158907132653601,2.0,0.009813005441575156,0.01862268948815276,0.19065893371582676,-0.05199566168544957,0.07805727598340445,0.07347128774612878,-0.022627424024621496,0.046372758415551205,0.04018439748465183,-0.011433282159681292,0.030934939679715237,-0.17006384972346578,0.11494014599665112,-0.2648174862860057,0.24373961463130805,-0.46818321689645376,0.15556241222323497,-0.1941971490130111,12.691772562827902,69.86782998634469,0.20662884727741157,0.0195930411129989,0.0195930411129989,4.0,0.015862109364584744,0.05013785036299198,0.11344863424220716,-0.01316648697304652,0.14596193153303863,-0.01613844419755797,0.10517758220306869,-0.003037184680021298,0.10812930196811964,0.0018320231175972899,-0.03838558247926961,0.02103618407422201,-0.1507691798794719,0.06780435379208087,-0.0184447929281378,-0.24435600094892607,0.10313643992888541,-0.16633726792243475,29.141615958813105,68.81934738899626,0.6884724208004809,0.0158517125537957,0.0158517125537957,6.0,0.008402354010779475,0.04538658962134107,-0.042650841505848414,0.12041248915388932,-0.05911138516972654,0.10201182519848229,0.028414565039496333,0.01388698431488821,0.07133767277038612,0.005058402680685685,-0.08716080430413214,0.030946429688038127,-0.15585289600338909,0.07064531407401145,-0.10560850544158604,-0.05090507536048801,-0.025459994603893477,-0.08168472785463125,41.06183052427165,68.66905545543914,1.5833282849743016,0.0040967066832651,0.0040967066832651,8.0,-0.0015063347353933346,0.03126784634477127,-0.027986397929699456,0.10911583474710292,-0.003240338649706788,0.09616674311175852,0.023512983928739493,0.11201569640416886,0.05495549249840351,0.01027373008708111,-0.07432159325418221,0.03478681665293534,-0.1822274541019941,0.12478760649192895,-0.1980491196300102,0.10342069581405608,-0.05222757249052136,-0.0017525290549046772,49.424851927635615,68.70783063502556,1.7772497018483222,-0.0012107218330925,-0.0012107218330925,10.0,0.007964056591917516,0.06424592899094513,0.024328218388220628,0.0866919477455351,0.011447712869262137,0.038452594826144826,0.05061135413195803,0.060930130951064906,0.009275269550801811,-0.028067619680342805,-0.12824205778991435,0.08533306576219146,-0.17587277552468822,0.17377363322987593,-0.19119773596018927,0.10954697895787183,-0.04205384466628889,-0.00869650337785606,54.8670477538521,69.62102087240001,2.148158883108591,-0.0035392911723241,-0.0035392911723241,14.18,0.05208908380637699,0.06417718390624055,0.006764930828559192,0.12883833246883092,0.013583559516621062,0.07017224167075749,-0.00027227141396349297,0.09330151590210208,0.018012223487037224,-0.011991148804400008,-0.10244224001917301,0.03702555153554638,-0.19766107677572792,0.15773718809991216,-0.1990926459657027,0.09267793965211638,-0.0350327667627178,0.04616039985408271,66.73488439413805,71.69062407859583,2.750148958822738,-0.0165246909332865,-0.0165246909332865
1821,156,0.0,0.03695392156691721,0.0867097122794822,0.0575932465033489,0.12677035475583728,-0.08049532146970394,0.18664794684822256,0.006584713070634712,0.038545689041983085,0.10458078525680227,0.019735172677253148,-0.10307602498090354,0.041507500456738934,-0.13336640230300922,-0.0324474385217375,0.03761105024092952,-0.2599744183989677,0.024081788727405216,-0.13754375844251918,0.1801390530105098,71.81209235517522,-0.1417953802075951,0.0158907132653601,0.0158907132653601,2.0,0.03836675640235369,0.036347322698541226,0.21236772420853614,-0.08329627883198408,0.09634039185982714,0.07913461103573705,0.0032736134934518556,0.03914050231655466,0.06563440718566897,0.016778551564364905,0.004364973889794323,-0.15822914443422378,0.10706782646763989,-0.28655616766666325,0.2625870835814296,-0.444626698771247,0.1175526965937988,-0.19404656367854095,12.498873527289105,69.94745266082835,0.10986606987430289,0.0195930411129989,0.0195930411129989,4.0,0.01666475935481827,0.05539110730700989,0.07823607712416765,-0.016536122725168037,0.1289145555222639,-0.024686410828891128,0.09795262022849448,0.006611669648182286,0.09536998174683496,-0.01738899188236128,-0.05383559155919066,-0.00847385183673086,-0.1374838403360495,0.06453702776756937,-0.027089638965860193,-0.21701095823751215,0.0635891660421847,-0.16959422516745837,29.454858792305366,69.09629683908005,0.8145513852226649,0.0158517125537957,0.0158517125537957,6.0,0.007502272318334253,0.06934698729464421,0.013075674563740949,0.14152455635937564,-0.03125708424163976,0.11902841032662237,0.01967686386348772,0.017182656886460715,0.07538433033036987,0.030441015006888044,-0.06430096750429418,0.06852301250989005,-0.14209580988109735,0.06151624613265623,-0.11939750162346419,-0.0032353216021365552,-0.020274903216608166,-0.06770490954311814,41.003256163152024,68.66612606063002,1.3508255107731073,0.0040967066832651,0.0040967066832651,8.0,-0.001218390020548927,0.052842442294757236,0.007651728203692405,0.12895385975204085,-0.020358872491717098,0.08677448741960869,0.04479056419070873,0.10217396938828151,0.03935748656654154,-0.0419223687803013,-0.06699639840361989,0.07804432849513865,-0.16246760691888348,0.1636591272993984,-0.17674806129626153,0.12812261779527256,-0.013950543072450444,0.0060673283051693085,49.51840074688965,68.75263442544077,1.4687107693843457,-0.0012107218330925,-0.0012107218330925,10.0,0.058113154191104174,0.06257537144723316,0.010773288630869918,0.06421784790951517,0.006945593532278738,0.035830662126228985,0.03513753110640027,0.05553584693163299,-0.0011046452068389466,-0.03313922452140566,-0.10143166157325888,0.05317073006397342,-0.21078827221263155,0.1728788116892622,-0.19546394444475976,0.09489169116720489,-0.023337024020250917,-0.011473336751689198,55.08541308040018,69.5347601563746,1.8808277829603024,-0.0035392911723241,-0.0035392911723241,14.18,0.035200437232018815,0.06707949211832306,0.0015357858765327487,0.1335130838216003,-0.029747017918028952,0.021114720205192287,0.029965067688618428,0.08147894417696416,0.02132887425503049,-0.02692544023212832,-0.05235101099134366,0.03189368858699983,-0.17641355123359137,0.16854515846041246,-0.2164082779623506,0.09727812780112591,-0.006492932751855475,0.017692493312073544,66.72290044885072,71.93479491206706,2.815205677942717,-0.0165246909332865,-0.0165246909332865
1834,124,0.0,0.03177590096239616,0.05861996377358962,0.0931144633803443,0.11535174328400377,-0.029781458173048333,0.17048411663916407,0.027743388129063382,0.021988636261409875,0.11009089714192657,-0.002952101334069703,-0.11534880803056059,0.04055460958018275,-0.1267852914292946,-0.006831663964951953,0.0921211102102126,-0.2664211787744828,0.03616756002899385,-0.18017526953402008,0.07731252050924337,72.06690845084432,0.03040129520320914,0.0158907132653601,0.0158907132653601,2.0,0.03305523229370589,-0.019903351384326452,0.1944212237081275,-0.09325453038569291,0.08877099026946407,0.09322963789202458,0.024841261657309696,0.045577728254443846,0.09126767925071579,0.008222467011718124,-0.0008767793837261336,-0.15044613327327017,0.10057329764847557,-0.3034544308625363,0.23299793089387486,-0.46706472958551415,0.12053431664845371,-0.19394962877340016,12.429133837594485,69.8368426998919,0.1644412670155553,0.0195930411129989,0.0195930411129989,4.0,-0.004062163444725004,0.07061668371238923,0.0923808599407536,-0.04892718530738974,0.12489431240588443,-0.01739014434527079,0.09461754733948226,0.02155492620345627,0.08273358216661003,-0.037929532786004055,-0.08495743826681282,-0.0132104249276397,-0.11595491250607214,0.06900941653751357,-0.02838904385977338,-0.2300170873166686,0.061866782784726786,-0.15041593782983173,29.22387184348894,69.0829819341179,0.6486488512283375,0.0158517125537957,0.0158517125537957,6.0,0.0196901282550841,0.06993201625103167,0.006813458406136414,0.16538890264634062,-0.05200228395132436,0.06367625905872087,0.03224165410056648,0.04122643204796605,0.06749935007070927,0.003851983575736619,-0.054750153435039084,0.05177840350737476,-0.1142443848570337,0.07324157714503762,-0.09129993889113988,0.0014871957217131339,-0.035910762914715774,-0.05204081763725697,40.96375614129692,68.82074250165216,1.175808624058815,0.0040967066832651,0.0040967066832651,8.0,0.019672869876009254,0.03510454712727462,-0.0069974614981445984,0.13444869893398176,-0.0028173994247331796,0.08916505264973379,0.00955762459649595,0.09882058297233708,0.040681938329896875,-0.022720997106495194,-0.05823918352911112,0.05019067258133481,-0.19757643022492305,0.13117061371033256,-0.20055202701150218,0.1052017199909847,-0.052421152334064657,0.016254695770935967,49.329812655824206,68.64723854695731,1.752910659852784,-0.0012107218330925,-0.0012107218330925,10.0,0.008124084178395594,0.09873732583956389,0.018609991465188904,0.08928843931878434,0.019510480841373065,0.049407726011745264,0.06517788029667379,0.05110205052303642,0.006822399724118668,0.006132067982759275,-0.10527901772265702,0.09174573797042485,-0.21493896371309384,0.1731955084675769,-0.23154529702307283,0.08571782409188715,-0.038516584555870564,0.02648617871956692,55.13957224026994,69.60697954610936,2.143152447159532,-0.0035392911723241,-0.0035392911723241,14.18,0.004687022274765865,0.04600396927155642,-0.015062587333175718,0.14252936710006792,-0.034497025419809486,0.05070424534001369,0.05165087678924363,0.07563294085370892,0.06274414964365299,-0.02041428861849694,-0.07342685855921452,0.06731100337365392,-0.19341871093413857,0.12531304028318807,-0.17518980395557363,0.12073127790283941,-0.04371590440823242,0.0036983267108175386,66.887647293003,71.68877177137249,3.120088168459633,-0.0165246909332865,-0.0165246909332865
1897,130,0.0,0.016118957640194623,0.0679813639128237,0.0943559989234047,0.07248122391815248,-0.03111286641530856,0.15206351661198875,0.00653310853619074,0.0009105920072813335,0.1158056300741365,0.015462398985392301,-0.1046427761500742,0.03613303277438319,-0.11309687893380785,-0.006377905850900138,0.07189727857171538,-0.2627648817495925,0.029508100972421434,-0.16559717069778196,0.2089800089944292,72.01075185010052,-0.06044091505923674,0.0158907132653601,0.0158907132653601,2.0,0.0004368999373972303,0.012317474497872117,0.19851446281880208,-0.050620906202107824,0.07999063840077099,0.05598047231696358,-0.023435920296394044,0.027537025473965353,0.0417446559693418,-0.02722059217090155,0.0038563814446363996,-0.16607621348412951,0.09886612491626427,-0.28554223367650916,0.27256957485354893,-0.47647851987745493,0.14461678875695452,-0.20628510295944005,12.657754949766225,69.85886385216259,0.2892824957929784,0.0195930411129989,0.0195930411129989,4.0,0.02259699191403252,0.016443649697003463,0.11876516390332252,-0.0482183636287451,0.15471899288936974,-0.04891579184766444,0.10639142373723906,0.02830314763367764,0.08529567019469897,-0.019566851053320598,-0.08271307994294544,0.02945778083202722,-0.10252624540650422,0.08180898012288697,-0.06721843990932064,-0.21112277364541632,0.05208251435997386,-0.17103557875036032,29.187408916818104,68.73635899773272,0.5966907399408394,0.0158517125537957,0.0158517125537957,6.0,0.030360313874193273,0.08262907115583962,0.006084711925645688,0.147999313219241,-0.054566775593806835,0.08984172725290543,0.01429193563168123,0.017438773157314513,0.07143409795020889,0.026750866114860543,-0.05185260934614373,0.022220839148549765,-0.1221738151352048,0.05746554287054062,-0.12422677705211811,-0.03948481834229296,-0.015051133532084997,-0.08415528278063358,41.061278891325735,68.59947643927758,1.3317812014547377,0.0040967066832651,0.0040967066832651,8.0,0.011816039105231773,0.028893800311185918,-0.032512507698738535,0.1360335632633467,-0.025684901092933386,0.050128504221819206,0.042359646283270574,0.0934383631737063,0.017474224279652673,-0.0059107397356166855,-0.06193415445720946,0.08402581506318318,-0.19294290376182016,0.11516594387150528,-0.1939156452198447,0.10245458876724735,-0.03612648574985461,0.037595453183367405,49.59899149149379,68.88199570894457,1.6205529605767168,-0.0012107218330925,-0.0012107218330925,10.0,0.03694531529985666,0.08637477263815896,-0.021051604178487643,0.10114150382530157,-0.010632817899381124,0.012500959270950358,0.022234787084287628,0.04253886040806652,-0.008481829881720925,-0.027411841200099207,-0.09591551752167299,0.09988388103142307,-0.20911706650671336,0.1850699872304216,-0.22911458352430958,0.06232241805517933,-0.016386401721765826,0.02420707487521833,55.07308591271179,69.8867859268002,1.9042118935504486,-0.0035392911723241,-0.0035392911723241,14.18,0.024745562886037943,0.04446021764128023,0.0019374676064018402,0.14665403617857714,-0.028144317866450698,0.03202251111871336,0.010962003502947203,0.03764281927581481,0.028528228366981025,-0.014935627304111045,-0.08385859701619297,0.02019804102586537,-0.14511856979997648,0.1528720318242418,-0.18941371409980723,0.11870951449845324,-0.033473655734898494,0.03207320576310354,66.71001659413068,71.54005483713742,2.718719096488839,-0.0165246909332865,-0.0165246909332865
1904,120,0.0,0.006903673153389945,0.07507484286126374,0.07891840775022704,0.11555861622886163,-0.06873308750871641,0.1316546418679146,-0.0018154060566759039,0.012841574321942243,0.12106546537699084,0.0011569721472465154,-0.10558878660027729,0.023184453708824784,-0.1292640411663028,-0.030661271049060447,0.0587275639517285,-0.28160823856433875,0.06635779218167229,-0.1508210961487903,0.23550691662271983,72.09826905291882,0.0033731826009540666,0.0158907132653601,0.0158907132653601,2.0,0.02682030671882219,0.005596282770568678,0.19675180587456892,-0.06539949879394577,0.09356506342280228,0.07306209953898371,-0.018511419769593272,0.050142004465234064,0.053499059717455666,-0.019565941484753782,0.02195979111636758,-0.13718112396488608,0.10609798490578298,-0.29706464286001094,0.2228930415606731,-0.43138513077513635,0.14514070045364488,-0.20479576117730178,12.584523455424835,70.03521353791281,-0.052934679141327795,0.0195930411129989,0.0195930411129989,4.0,0.005903381389231262,0.047170291187187456,0.12804928820825617,-0.04821164742674028,0.1485518305550184,-0.01327746090146159,0.07397425549071152,-0.0011476242459495488,0.06514213583808445,0.012876412297484248,-0.056908684800606846,-0.018412173377355064,-0.154457337324188,0.03666041915991385,-0.027837021120324483,-0.22903743355901668,0.06677324710533734,-0.13418158590467757,29.30910031827912,69.1802889540605,0.4224535165211363,0.0158517125537957,0.0158517125537957,6.0,-0.0013410186332695959,0.047118632387651516,-0.01839078251530798,0.16141597770225657,-0.04022103346922655,0.08075946922368418,0.044758512141148094,0.061435785883044255,0.034111578925118395,0.009268100544383456,-0.0590063831633301,0.06232525666612717,-0.14283861675407994,0.07474794322417068,-0.10547816535096384,-0.03550178707709972,0.019957055778798534,-0.040907336629217056,40.756871206868446,68.37916975158382,1.1544320610150591,0.0040967066832651,0.0040967066832651,8.0,0.04868572850154117,0.03911479960664961,-0.006791075545719595,0.10809145370084555,0.018100508285799417,0.07087921819348329,0.033442564599461884,0.07215926311469945,0.03519788067170221,0.005496568418272082,-0.0970012345485306,0.08217701703863438,-0.19901856505262747,0.1504517470345851,-0.20403673274121029,0.11471940073098442,-0.016484848465230982,0.011479627978703713,49.43800380923093,68.69707450441254,1.6564879604583909,-0.0012107218330925,-0.0012107218330925,10.0,0.023626003494652163,0.07312442162253634,0.022449362699319304,0.06441499009019208,0.028657705259344083,0.05955404295437765,0.04742246201517552,0.046189865511927296,0.008459125764512666,-0.008763395204829334,-0.09753453222568359,0.05720204667424065,-0.20923681895097565,0.1633736469036131,-0.18481540800908958,0.060493148593609686,-0.0513704998501567,-0.025317695595740607,55.18467022877023,70.01587161303293,1.8829550359145428,-0.0035392911723241,-0.0035392911723241,14.18,0.020758346297302735,0.05692793672652968,-0.012922249195152512,0.10847442858998355,0.011560162489220096,0.05125042330004095,0.008438965125996317,0.08658441198984165,0.006090671156435995,-0.05865922843356612,-0.05746575159778905,0.022372723965034445,-0.16703524077342588,0.13442641784709117,-0.18340811781107233,0.11665206163384316,0.003024874921918757,0.05188437207587525,66.62207518345232,71.75917109657269,3.154739161246125,-0.0165246909332865,-0.0165246909332865
1929,126,0.0,0.019879459499689174,0.08475371918447802,0.047485637778384465,0.11720433463041283,-0.07188464392395083,0.1676628961033663,0.02110275014677615,0.012505183858953006,0.09132573800072312,0.020125956558082223,-0.11091218133919158,0.060583774604564,-0.08441097852645268,2.8979567801925427e-05,0.06747885584596028,-0.2890600585132465,0.059972623695687205,-0.12887023777336223,0.24608817342617745,71.72667712047378,-0.2844163036594124,0.0158907132653601,0.0158907132653601,2.0,-0.009657884430084316,0.011010704217329604,0.2254543355087703,-0.03648125918291846,0.07049886273886445,0.0892837942735921,-0.02586227565689909,0.03106992674521086,0.0708863609559485,-0.009114804587451125,0.0003706555340891515,-0.1919978648856928,0.10084659371967676,-0.30131246924023225,0.26505316611775687,-0.45546170247400225,0.16287385042128177,-0.21364914083939518,12.442568273492238,69.57279669469662,0.04422457002381655,0.0195930411129989,0.0195930411129989,4.0,0.022260504489980345,0.026478834585364857,0.12421411369909321,-0.03754212545025261,0.15641009906936734,-0.041811408666988244,0.07087915521225989,0.034733604131423776,0.11120673696178818,0.010470419168666556,-0.033727047278550415,0.030175365655250894,-0.10381292930616623,0.02969386041799784,-0.06652493799695601,-0.25097447612287993,0.10783739926109603,-0.11620256745923518,29.176439432984736,69.13980772448033,0.63277061495202,0.0158517125537957,0.0158517125537957,6.0,-0.0036987431386226143,0.044985854185118246,-0.02715299294098771,0.13623298541383627,-0.0554919563797002,0.11704900439936343,0.05548763309632669,0.0436620476849531,0.06498557477253707,1.6104537276607827e-06,-0.05790975614611665,0.0681040092723384,-0.1563297470821735,0.08745431509834863,-0.10572430880762589,-0.020717893735001127,0.009590624681989736,-0.039109070962207365,40.991532942080354,68.711375013546,1.2896120847479067,0.0040967066832651,0.0040967066832651,8.0,0.048076621011202865,0.024437803650304776,0.016719248251684575,0.12893679111133233,-0.029458650926973737,0.0646618211506911,0.009490702405961105,0.05985844564167009,0.055216157691907006,-0.041842167496182664,-0.044169290266238954,0.027708172778600212,-0.14684081367152113,0.15490195768644574,-0.20028310765796484,0.12897446561362208,-0.041905879872300995,0.011447138951251577,49.63355971661132,68.71135978674666,1.8467993312597708,-0.0012107218330925,-0.0012107218330925,10.0,0.0039651881297841085,0.07204189325287982,0.0134979659989702,0.09410582703291742,0.023893101542831547,0.01169583345678427,0.05061638372525824,0.07532868165466605,-0.005529196976534399,-0.022870235881686546,-0.12456898515798175,0.05131251176055064,-0.18295495445722884,0.1830735440071443,-0.22510752061502742,0.11199802384989334,-0.06349008967422907,0.012203831631672619,54.958185189463926,69.6128110467629,2.0980479318652945,-0.0035392911723241,-0.0035392911723241,14.18,0.004794058719010216,0.031469481337276145,-0.03961056681496454,0.09581698864996313,-0.03521869090241223,0.07348519525588815,0.025708258998568937,0.059998620154505626,0.009914011942743106,-0.019410251800601686,-0.09924597055703718,0.03311678341530297,-0.1852766944599844,0.13342880388211076,-0.2141593673327505,0.10810388609187727,-0.04046265222709923,0.03846115193307173,66.91405140348449,71.5478714457532,2.988024426968183,-0.0165246909332865,-0.0165246909332865
1939,180,0.0,-8.658684834146266e-05,0.07044667985709349,0.06326754979233176,0.11918567008192366,-0.058714168234650935,0.1617015757678187,0.02565084416554226,0.03546545745691633,0.10338840913875326,-0.027938952173950392,-0.12614588171951333,0.023159616495325275,-0.13273325992057797,-0.010561497593819816,0.059578721203543905,-0.2848058028773679,0.06385276641293651,-0.17088240067023636,0.23658672464102598,72.13650563665993,-0.10996287383311429,0.0158907132653601,0.0158907132653601,2.0,0.036084138383153254,0.005784140281188256,0.21475768917430904,-0.06960969640120024,0.0959097293993279,0.07010845422398616,0.0033480657945898972,0.0405713114850618,0.07633568654642513,-0.002033816102818599,-0.014288324161594378,-0.15246913649239485,0.11957901330049063,-0.3008268948748777,0.24964422107028517,-0.47106232721450947,0.1398768505253815,-0.2045966935674824,12.478025653052564,70.05357835401026,0.17487941201529636,0.0195930411129989,0.0195930411129989,4.0,0.017745092766683953,0.0680212075881323,0.09479207066656156,-0.012968487333537618,0.15397366384877065,-0.0332454959207476,0.07231339107558903,-0.004374800304160403,0.1132795562247858,0.008860709308354012,-0.0420507771119494,-0.0018058226433120342,-0.1535120730248512,0.045349524267970946,-0.021800391746600027,-0.22589343622764788,0.07347847867814891,-0.16225963238225644,29.248380373978183,68.71326680623082,0.7158575146067375,0.0158517125537957,0.0158517125537957,6.0,0.0009929304071102582,0.08242278105688848,0.011538584233563267,0.13181566393370597,-0.06381654753055971,0.07818873141521068,0.06078589140083399,0.05443539966038814,0.02546908839511378,0.02609881648421365,-0.07059586415862998,0.03510326895956866,-0.1163751401024596,0.06619363811618287,-0.09650771749091228,-0.040839872817384854,0.019364592288500203,-0.04438588200038495,40.673471714864796,68.52788115857088,1.364348425311905,0.0040967066832651,0.0040967066832651,8.0,0.002980693399834221,0.025807424436410313,-0.01007194943752085,0.09066308395367399,0.024381178826341752,0.08941130544856013,0.008615417008924198,0.06050821904477359,0.03131960510412421,-0.0002804389378664642,-0.08343715138335732,0.07425350430235814,-0.1549798744283996,0.1431558322013862,-0.20561895843995476,0.08958580077568133,-0.028400384851032683,0.03765988740848171,49.58830008878906,69.00330861851661,1.8693947197765133,-0.0012107218330925,-0.0012107218330925,10.0,0.0028144081953863885,0.10540012282907261,0.011023981506892273,0.07083946009584133,0.031683150794433644,0.037196528199325764,0.06901968196552785,0.032957552979207425,0.002825278228512078,0.00827505198174256,-0.0960166208053143,0.0761684750233268,-0.22648414980109038,0.15973964891140868,-0.19368167004703077,0.05917022760082239,-0.03677073056002791,-0.01820245036135283,55.25782206238075,69.71816070318576,2.242997330960633,-0.0035392911723241,-0.0035392911723241,14.18,0.011370331636864926,0.029397272631583895,-0.020859425565703908,0.10363031778594156,-0.022880811943112395,0.07196633430439797,0.0027216643898969398,0.04679768117170498,0.04830155261766466,-0.05013257164650871,-0.0672152722517854,0.016838284429758113,-0.15198846319527726,0.14141700193051998,-0.179116647597104,0.08305455562481297,-0.010410622025673767,0.028566657457231918,66.81081634235031,71.55584601924615,2.894612124161995,-0.0165246909332865,-0.0165246909332865
1955,130,0.0,0.02739262825837211,0.0809886511660863,0.088453687277848,0.10606969091132033,-0.07785506792012362,0.14192561257007047,-0.019387398969441867,0.012300426851837128,0.10054022930781366,-0.010980026887741136,-0.0850234004151424,0.03648578382739872,-0.11505164727614652,-0.0348470851912726,0.05661405836658596,-0.28752693261484186,0.07603309445263817,-0.15183842051796423,0.24538674501847163,71.80734323120281,0.023283623799855574,0.0158907132653601,0.0158907132653601,2.0,0.014393296716452203,0.006625412371311795,0.22854290488866566,-0.09049283275553226,0.054747982343503254,0.09219705323002156,-0.028025558254061222,0.01886015648914679,0.08102702536476876,0.018303249757744788,-0.01967723382713659,-0.17961672123284636,0.11523910072908104,-0.2909447912232105,0.2491189518833483,-0.46080485891915246,0.16438791749740572,-0.17666348190388453,12.38594876369878,69.70705921842287,0.1533062064493574,0.0195930411129989,0.0195930411129989,4.0,-0.014173188652870355,0.029430303899888082,0.11945831439933202,-0.03594941291646776,0.13122511725460279,-0.040170805481668216,0.1084014460397247,0.0029174697264176958,0.06433353919541318,-0.0337754741021743,-0.03116390160105472,0.031382421128932206,-0.14626230043461205,0.07797453250697932,-0.05445041813985953,-0.2094213432007432,0.08572593522663605,-0.12981000681527896,29.183061000400635,69.0781180883867,0.5145554998397324,0.0158517125537957,0.0158517125537957,6.0,-0.004774979104676738,0.0607858517646398,-0.005741937118723452,0.14033635848255868,-0.0640835269046771,0.11009114265498993,0.007705209504796057,0.02659975291720796,0.06024674604809313,0.00551231181468565,-0.09104662385963616,0.06696839161327678,-0.11740978082627211,0.08141664045563814,-0.0853941657121713,-0.041234218415582446,-0.0281887176411953,-0.04222174731237166,41.118863940957816,68.44507849791529,1.6064948342024792,0.0040967066832651,0.0040967066832651,8.0,0.014248934166143208,0.026527500174707428,0.010350523487838978,0.128667689492527,0.0180885566556044,0.08462302639500206,0.0020858864102934124,0.059635078400581534,0.00672408889749131,-0.00024463409182578187,-0.08919532452635232,0.07215331013225865,-0.18425354644869285,0.15812040995511017,-0.18013374670802038,0.11908440546334448,-0.019242979919062046,0.019280400704046925,49.45691932557941,68.73986941618298,1.498923841911017,-0.0012107218330925,-0.0012107218330925,10.0,0.008586300100366217,0.07572665005481508,-0.007047154102717023,0.0904693693772056,0.01576970139232605,0.028641551904310336,0.024916154814985637,0.06599852771984689,0.01889196130825688,-0.0004868621256563753,-0.07224304485668533,0.09349971030914186,-0.1774845021520973,0.1442310791817239,-0.2012461676866182,0.0810258589302332,-0.06287343528631222,0.01275685568975312,55.09265470004869,69.97170342765939,1.9360802027465156,-0.0035392911723241,-0.0035392911723241,14.18,0.01265071305190545,0.08154496833742948,-0.030582993885459753,0.09370111141981481,-0.01522424955181648,0.066102239193455,0.013060385384560877,0.0621067281009834,0.016846778436056475,-0.025109455491192544,-0.09837769915025354,0.05911816916056384,-0.18713910700563294,0.14724000318728034,-0.1831176874733891,0.1278756425002344,-0.0010107331935150926,0.010769966630216342,66.74084741550558,71.49125194913759,2.9329096079750006,-0.0165246909332865,-0.0165246909332865
2049,156,0.0,0.04149409451755491,0.06362178490532434,0.08757237722362254,0.06983551053207913,-0.041929803295001754,0.15614433886162882,-0.0002918688453665945,0.04639501250851287,0.1110947470192227,-0.007086110061877956,-0.08732478234398672,0.05513325282568225,-0.13792977847916874,-0.049480039414629425,0.07315778162718188,-0.2950629653160588,0.06724578397913304,-0.1684030355341596,0.18552144400181902,71.89878152872518,-0.15478970809344808,0.0158907132653601,0.0158907132653601,2.0,0.016448376581973012,-0.014976699613603359,0.23265127262516866,-0.08559708403038005,0.0799861433245864,0.06786514961612729,0.015384600429972209,0.010887876065924038,0.06939725333640101,-0.0012578599522733054,0.012911129203677508,-0.19371386998659443,0.09968719654320154,-0.300189231715918,0.271725878550808,-0.45781380583464015,0.11706826204249299,-0.17018045243537624,12.408600564491953,69.94804431860561,-0.028066721684994217,0.0195930411129989,0.0195930411129989,4.0,-0.011380364216049689,0.02663806638683356,0.0771675876633042,-0.06020940267974979,0.12456541347300083,-0.051992347040898716,0.10923145312507171,0.022371684555024435,0.08325303758240142,0.019878369854902087,-0.08743962425744775,-0.01963940638711211,-0.14496113980810027,0.06998521131429128,-0.06880948520093154,-0.20795157300913458,0.07294826339177185,-0.14093598820871345,29.432584795364317,68.84446717061043,0.5388756401662884,0.0158517125537957,0.0158517125537957,6.0,0.024211428340867196,0.07202919374196712,-0.005895782754857472,0.16916428537035474,-0.03210558895078812,0.0675658908169444,0.006643008600606702,0.05289048997549051,0.06043170859960939,0.006215994509697002,-0.09130584183051553,0.07062288871866068,-0.14466740620282892,0.0776235958090658,-0.10764424954606285,0.005115413238930354,-0.0012586834170981087,-0.07071094785012977,41.07183559699998,68.60711873865347,1.3660327641271994,0.0040967066832651,0.0040967066832651,8.0,0.037893019450180546,0.06622747960626019,-0.01954368462802798,0.09044952294231512,-0.0071621474058135275,0.09086458579976572,0.011845255801680239,0.06838939993742098,0.012587299538477786,0.00914094722315313,-0.06413674606342844,0.07961755804729556,-0.16123000394753584,0.11970746495523293,-0.22674049404614852,0.1126726993695829,-0.05253877547870339,0.0010047258924051998,49.62316290864145,68.81728017086722,1.7154252860275236,-0.0012107218330925,-0.0012107218330925,10.0,0.03364081288042332,0.06072247530791772,-0.002733156064612492,0.11670642528309709,0.014391799474633347,0.015559354227927143,0.0676688567854889,0.030112999626600793,0.04030503750524976,-0.04490372364968825,-0.09731322739374641,0.0483443573519841,-0.22501363363745072,0.14567591890656456,-0.22671743627823207,0.08808233657260599,-0.015161745430466916,0.031100541862183702,55.15449666887898,69.58895511478745,2.3175046716223062,-0.0035392911723241,-0.0035392911723241,14.18,0.004190496062764247,0.02902697542304726,-0.012931836668406296,0.14588424424112717,-0.01775694911252578,0.020901229857891133,0.04636880312145429,0.061127236215682376,0.027554386604488324,-0.03198483980193675,-0.10220685333732227,0.04147739336976959,-0.17966112609926096,0.1478531939665104,-0.22888245082001857,0.09850255312186847,0.00310484355938144,0.025284857734975984,66.64786072601211,71.96482669465674,2.9334143539272723,-0.0165246909332865,-0.0165246909332865
2310,160,0.0,0.01136276041496025,0.058617323602479315,0.07792816837102284,0.09290673147299391,-0.04447141033006613,0.17067897651970904,0.016825739556872738,0.03166971790199384,0.10625620203210491,-0.02253111653599897,-0.1215927776280266,0.01619403286484419,-0.12322000874529801,-0.051643129235668966,0.06718406888920211,-0.28066163510424874,0.03848443143485029,-0.14802127115189365,0.15602705226191715,71.76323736617547,-0.033774980874441723,0.0158907132653601,0.0158907132653601,2.0,-0.005390457438092402,-0.0011167463425938492,0.2325893485676076,-0.06815789581231474,0.07241584743524797,0.06978374220007888,0.006893132130952116,0.06294637331591287,0.057441827804574845,0.008694530534346764,-0.0036730276232383313,-0.18685601396120322,0.15818667053512167,-0.2511689086683643,0.22632482765948347,-0.4632818145639127,0.11022647257944697,-0.2020108837673282,12.505689138353631,69.85278069118846,0.09197646355998121,0.0195930411129989,0.0195930411129989,4.0,0.037630396542161694,0.047143508427101445,0.08646353295553026,-0.058385739798347595,0.10870721143104661,-0.016892767797631016,0.0734070393956625,-0.00578370310424374,0.10879674043705373,-0.014590736199058159,-0.03075719307492153,-0.007618989815777771,-0.12377080685121927,0.030271272216881837,-0.07359371742724512,-0.22074283722297725,0.051486432570655855,-0.11618524532096443,29.300890921624912,68.71959329544401,0.48754702425897384,0.0158517125537957,0.0158517125537957,6.0,0.0025178797603012566,0.08176304510307066,-0.04397690172611972,0.1384348137127072,-0.040236062532149786,0.10587089433563211,0.009200049476888347,0.06686507288608252,0.051382683598450114,0.02885428394713328,-0.061640500440479105,0.0484724341553406,-0.11795149293484715,0.09731042257673622,-0.07639777809188668,-0.004712032485682863,0.005875263402278093,-0.05845391160778241,41.11475483329478,68.4737597976993,1.3822749566329797,0.0040967066832651,0.0040967066832651,8.0,-0.0077545394989586465,0.07908244582734879,0.019919205818789226,0.1021629399832714,-0.029930102309381777,0.10218300012553787,0.04085361044917633,0.09900675482653094,0.0054759639639718645,-0.012578053432066699,-0.04785827717513361,0.07549467103967242,-0.16245704851812448,0.16359024037007516,-0.2159073859778446,0.07784474460022639,-0.06739697672516701,0.038034333452927865,49.627778762566244,68.68077160620635,1.8073528656069497,-0.0012107218330925,-0.0012107218330925,10.0,0.04665110699574667,0.060171390818119785,-0.023230557585758208,0.06425502808635038,0.018771364784799217,0.01940330975511829,0.04402559333556417,0.07228563299315764,0.04926627888321808,-0.023300425635218648,-0.1203550638638296,0.07013246091658404,-0.19832797199330218,0.15576326941929822,-0.2262334934160165,0.11228539602674428,-0.0635633101243765,0.017346832389956955,54.92080833048654,69.7674874892952,2.298696222141473,-0.0035392911723241,-0.0035392911723241,14.18,0.001179369937973674,0.03935917000441159,-0.015729123557562678,0.14329831952331648,0.001133902372173751,0.06293296477914566,0.02679632813499428,0.08815806697172182,0.040154069603599185,-0.030830157559046605,-0.06627669092007103,0.06444423668074381,-0.1581583089152265,0.1651004029134613,-0.1988695619286551,0.10486583203715222,-0.023320169374558424,0.03063887691027617,66.53169730508493,71.74200695411953,2.7630713186335782,-0.0165246909332865,-0.0165246909332865
2330,130,0.0,0.013166622133408827,0.049998136704921904,0.09893933614721058,0.07729600723915694,-0.032812948471974177,0.1860086471009878,-0.03059204873270713,0.016654436243774523,0.0885074004628436,0.013723453984895245,-0.08943334518879616,0.043101292749579107,-0.09678559360108852,-0.025829772565504654,0.07578545753212314,-0.2929342920976638,0.05906879559970927,-0.15278776114753187,-0.024309214956042154,71.71992367482905,-0.18947007768358834,0.0158907132653601,0.0158907132653601,2.0,-0.005703694842990508,0.028256721866017853,0.22915054577188693,-0.07363751786177948,0.09496728896555068,0.07733668119662199,-0.01874149906646607,0.06167553510738021,0.06367589596739918,0.00678221601032683,0.008732209493026152,-0.15906119566979485,0.14459651847622254,-0.30232835898384414,0.275283716010886,-0.4508448773864345,0.14432150009924422,-0.19556046599986426,12.40626185027102,69.71780421824324,-0.0883268584630715,0.0195930411129989,0.0195930411129989,4.0,0.015281046826340038,0.0406193388314774,0.11164541051102436,-0.050003039099645395,0.11568151041700107,-0.01889567576063112,0.08797043652185353,0.0029607658680010293,0.06293105435984638,0.007781014658681,-0.07982161656554589,0.019330405093002455,-0.15735329247458898,0.07357058929540279,-0.025348971634532,-0.21446194063790963,0.08984271061688985,-0.1653608327567577,29.431470893864464,68.79285774011458,0.3910919108559131,0.0158517125537957,0.0158517125537957,6.0,0.013198442063358282,0.0550111157983353,-0.013990782480173297,0.15585413976958393,-0.046553456248337254,0.10175564008167928,0.032806631421568984,0.023255636013291732,0.053133287407202086,0.013508864022001629,-0.09996670995747166,0.04946747151754007,-0.1099799435790255,0.10268065832715129,-0.08936162959438304,-0.02579723828915193,0.0002743469207559853,-0.06748246441484304,40.91687638584439,68.34589821533963,1.3202569301576967,0.0040967066832651,0.0040967066832651,8.0,0.029942985260495054,0.036076967237435316,-0.03086401010030855,0.09927849510396636,-0.029567461677844582,0.058023011354484344,0.003089543381499197,0.0579273550978286,0.03707928343033153,-0.036983903226000904,-0.09463524758169746,0.07477385842532261,-0.14127620533171353,0.13502394468493734,-0.22825763757963843,0.10212137573221997,-0.040244704892326115,0.03060241685992514,49.20980337749601,68.84948723145361,1.7988003975901932,-0.0012107218330925,-0.0012107218330925,10.0,0.055605161628013836,0.06525045069475668,0.0025199145315303742,0.10637721551859323,0.0034156768470535327,0.020598573240734552,0.04392454707581503,0.07669786771789276,-0.008571580084757075,-0.005117108980488422,-0.09051545513236627,0.09236944296194616,-0.2266244810144185,0.14701043362107966,-0.1897985578694393,0.07145250387730674,-0.05497202729348246,-0.0064194853608884,54.87437207433944,69.61966440419576,2.1273358088978696,-0.0035392911723241,-0.0035392911723241,14.18,0.0057518292515883335,0.03175490994945475,-0.02357891808774898,0.10357193911113488,-0.02023958980286901,0.05110310110812325,0.037336783472017375,0.03780989873025609,0.006472683181638246,-0.03772572350327161,-0.10124020934903641,0.059372737179321386,-0.16097015311128046,0.15976244968452824,-0.23236413260749011,0.07448062263000005,-0.016378287094296933,0.007455499170008878,66.75887763685138,71.54229432228728,3.018502817659728,-0.0165246909332865,-0.0165246909332865
2379,130,0.0,0.03063596555581399,0.07971699919222895,0.08733555840236781,0.11590420496718984,-0.03799134748718654,0.15273449627587724,0.018727184712008602,0.007190159887700083,0.09041499394192101,0.0014772751149414124,-0.09347141660658036,0.0569965005488762,-0.1278196239243769,-0.01903054002719405,0.08436131311182479,-0.2810218953011604,0.06769473136772437,-0.17596725476409902,0.2225020196340753,72.03737277199558,-0.09104534218534563,0.0158907132653601,0.0158907132653601,2.0,-0.01494628528503456,0.00011852956002817751,0.21739090787984783,-0.07212798675175221,0.0941364534023367,0.04883379883210169,0.028470206293961426,0.02602447820555393,0.07323784505611457,-0.03667261075125865,-0.021741404063137577,-0.1620595136920561,0.12212136744530287,-0.2675456196901,0.24690157015626943,-0.43488565257226763,0.13091352020208455,-0.16310559262635582,12.430890133207177,70.0508686002313,0.3046902539259829,0.0195930411129989,0.0195930411129989,4.0,0.013831432466335673,0.029291278233170702,0.1296113587581743,-0.0449684581432882,0.11965363760852939,-0.029596696333210715,0.07065428096061233,0.0019217498526994323,0.06800267401622416,-0.005663111514894679,-0.062295073333912473,0.017602421492742965,-0.1157259053887691,0.025372010137780437,-0.02488863402528888,-0.1980423801996323,0.08016824909422869,-0.15276406553542593,29.27577381568092,68.76236815512846,0.614353652888898,0.0158517125537957,0.0158517125537957,6.0,-0.014443811309176262,0.08384611007517517,-0.008380249322582986,0.1526555772736424,-0.04942123760009177,0.07045593931900898,0.05703688009765519,0.010401092085001909,0.03527096303318438,0.008561143991688329,-0.07919926128045228,0.03291190523284504,-0.11117321710214305,0.09792591449758645,-0.09654045796122995,-0.045497727521895445,-0.017126057779975237,-0.06499436681739355,40.83059778373901,68.78901086629351,1.1760443034829708,0.0040967066832651,0.0040967066832651,8.0,0.011700560865493122,0.0556395147935132,-0.008208695281878597,0.10413347793139811,0.009057263284696724,0.08071875279356673,0.003965255768631638,0.06625125728073393,0.06068708115458374,-0.015833117243978054,-0.0812153002450005,0.04873206091942018,-0.14511711378816827,0.12523228172738649,-0.20512047434281208,0.10371186200032617,-0.05060950252398057,-0.004055595959890149,49.57060821633973,68.74767094680807,1.7925856324944927,-0.0012107218330925,-0.0012107218330925,10.0,0.016883547062807546,0.06343730164786111,0.0018684549064587833,0.0582214065430938,0.009132295879910504,0.009087103700967786,0.0534900281002395,0.06232051152110582,0.03637817063775775,-0.026755626422305744,-0.11885367816890284,0.048348233639989205,-0.2066807741027185,0.17122360480585003,-0.20575515872979216,0.08331573867628041,-0.025056123061768278,0.00868885893272099,55.07929481061045,69.7290306306785,2.187187740488285,-0.0035392911723241,-0.0035392911723241,14.18,0.00040783002408622746,0.03425605918424464,-0.03750139489711777,0.11395001098364382,-0.03229605334978515,0.04850801598052467,0.024552402299153557,0.07194558112140838,0.040534884605012964,-0.06096844670838045,-0.05400809505755776,0.033533642605752326,-0.18056010691623864,0.16785819685101022,-0.2054004121838667,0.09395627839383426,-0.021103097238329552,0.0045113568433090175,66.96440614619817,71.72489044303993,2.849204457312746,-0.0165246909332865,-0.0165246909332865
2420,120,0.0,0.033264299305348924,0.04201421219111391,0.07727506213350853,0.12077541186000817,-0.06058001532362849,0.14353765810010263,0.019434281329713414,0.042387813423215626,0.12003643446855435,0.005807948644168566,-0.08862309701627738,0.056838757410135,-0.10111390308920368,-0.0258874800530393,0.05573454664976696,-0.2506642984435037,0.041550652170468126,-0.1492216074015142,0.18942826594570855,72.03963435317715,-0.08460312613734974,0.0158907132653601,0.0158907132653601,2.0,0.012718778304990522,-0.01629492603656103,0.19531814679535922,-0.08243589015992633,0.09383289177969924,0.07648888402646628,-0.01191078250772448,0.05773555799683518,0.04535333821592791,-0.03617382060964139,-0.015789085164781624,-0.14219048353073682,0.12108825130992885,-0.2631372500653672,0.24413329096763572,-0.4594819274272301,0.15448050138243452,-0.15623779461495482,12.589469165061358,70.01602382433306,0.3483787625193391,0.0195930411129989,0.0195930411129989,4.0,0.009560371497746054,0.022790186080840505,0.08597891993960868,-0.06290816223423716,0.13285665720670162,-0.024995424622058678,0.07475685637732414,0.04209444332472845,0.0772060183486484,-0.03305097774068307,-0.052478595626796874,0.03340870734933017,-0.1219028308501644,0.05881443705992208,-0.0379577663542674,-0.2097428723098842,0.069005580365682,-0.15957969100251074,29.10509115657449,69.09359824792205,0.7068176770407588,0.0158517125537957,0.0158517125537957,6.0,0.031258426888536195,0.07753474295436598,-0.024624234464028068,0.12143823664232255,-0.047403190572511064,0.07418724290531867,0.028724916253359798,0.04754517596895462,0.04401230978839499,0.012614639319796951,-0.061799456274346756,0.054168645088755275,-0.10409566915592228,0.09258770958330559,-0.09858275420383561,-0.006595116302158274,-0.025404961397976038,-0.05679096938497091,40.78441374522342,68.68367607458353,1.140479569575539,0.0040967066832651,0.0040967066832651,8.0,-0.00593740639516175,0.04684685168904045,-0.01919449393094701,0.109963727849467,0.0011795370779364728,0.09277221135201325,0.056182207633658096,0.09105732068725926,0.0203749407709163,-0.020918860181599858,-0.05878998412806341,0.03529068054589054,-0.1850111067242499,0.13299724367501994,-0.19695897015768646,0.09995011029390713,-0.07298550769649152,0.01731914885870402,49.277247483727145,68.8035488155069,1.802135562733204,-0.0012107218330925,-0.0012107218330925,10.0,0.01723039604738015,0.06537844970289783,-0.0045076160987542755,0.09877264308983492,-0.014925265795503056,0.03376776086839071,0.048888022782659926,0.03592196053225035,0.029880853676773816,0.0024052475629825765,-0.08383360356500534,0.08641947908491744,-0.16833059484051766,0.16407965336294617,-0.23336083085370857,0.07148531523717577,-0.006450176813193181,0.010873658820903551,55.00955818754098,69.53269761162395,2.0644573207530814,-0.0035392911723241,-0.0035392911723241,14.18,0.01141814467064696,0.06684017500621664,-0.03288713943857883,0.13960234379274275,-0.0025779356357563486,0.06768121462863291,0.03707994464198232,0.07879597553818918,0.030346809982428787,-0.05863558743832231,-0.09736963188845629,0.03995694768588532,-0.1699266176691742,0.11826784688324812,-0.20946472968410487,0.11474238684588946,-0.0022213409215867935,-0.0016133780021418305,66.67048616106251,71.53776249802063,2.7622851998786198,-0.0165246909332865,-0.0165246909332865
2425,145,0.0,0.0163479245244872,0.03742322932022023,0.04084794745983091,0.12246840387288332,-0.05582733948023907,0.17285632549133148,-0.0066818141476437925,0.036439554235416706,0.103438557867683,-0.031900317253851285,-0.10257774836493203,0.01295961701564368,-0.08856813343487065,-0.05313800841318565,0.04860219323955058,-0.28337477580405057,0.027784550213552327,-0.16985710122940686,0.051361271575555256,72.1604938647268,0.03112365724580138,0.0158907132653601,0.0158907132653601,2.0,0.03091258370574862,0.018784827466211487,0.17921969910262847,-0.06561045177926364,0.09374307286770649,0.07482246135657906,-0.011269675710772581,0.028696303063620678,0.07024855857029035,0.012161024233669403,-0.02071456871537371,-0.1825037587887305,0.09922884930528802,-0.2693175450914152,0.28009836168139157,-0.47790817377452693,0.1405841635967395,-0.19405744020662222,12.430434443394766,69.88924822769029,0.29584217613272745,0.0195930411129989,0.0195930411129989,4.0,0.02357683668766716,0.06773666538466908,0.08939172679932916,-0.025399288154317606,0.1503809866618879,-0.043117470552933655,0.07532346064143022,0.030763710661377758,0.111432408586869,-0.02003215681343707,-0.08541876838109351,-0.005379708493858937,-0.12617336924141306,0.03925105087603188,-0.05037051914750774,-0.22753943768500645,0.0877716561579376,-0.14932172514160522,29.190205870228716,69.07168863382824,0.757224165420729,0.0158517125537957,0.0158517125537957,6.0,0.00807006328817371,0.04559601525199489,0.01212756960181777,0.14290149271685432,-0.043473822830010604,0.08831139696843078,0.046977995246332324,0.0676083651138237,0.04229446856179126,0.014511903732388217,-0.09318748594041273,0.06140236762124207,-0.12450544595905151,0.10284430389160931,-0.08001995723601969,-0.0029522980840702463,-0.0011633112146005762,-0.06950269496874253,41.105738144014175,68.41678565929918,1.4303153682253766,0.0040967066832651,0.0040967066832651,8.0,0.041342961448156815,0.07910732702794228,-0.023115746494718235,0.1337125485810999,-0.011654113220216965,0.0980069880506026,0.03203557817995377,0.07822618773234387,0.009573522013703664,-0.028276604426366248,-0.10319365690039896,0.028181036907624538,-0.15491668170273523,0.1141101729053394,-0.17429314943033866,0.10880423595339478,-0.031258147352286846,0.0007184488040626082,49.21419698350415,68.65026842386895,1.6519234352019536,-0.0012107218330925,-0.0012107218330925,10.0,0.009648499894531953,0.07399016503839184,-0.012563273731935564,0.11586605765033633,0.03808461653021192,0.013814516022967321,0.024874527070278395,0.06613425358469374,0.04315701661910222,0.007221954278744471,-0.10376178155765865,0.09491234653804125,-0.21639563823323973,0.13991345928314752,-0.21774142039446664,0.07270710384489595,-0.05477661137361347,-0.0014688001042676723,55.15182995474701,69.88117150275409,1.876328783712919,-0.0035392911723241,-0.0035392911723241,14.18,0.03447713779778801,0.05165047876500887,-0.017004609103841634,0.12918008492775185,-0.024078688513933747,0.06313334467613883,0.05039227882353696,0.05002459854920982,0.005681576697929784,-0.026006621833112184,-0.08201440646741869,0.03047744368390258,-0.1826311089654376,0.16620845336103765,-0.1900753901324931,0.09985969894254784,-0.038089994191605914,-0.0042508009676960265,66.78576419351296,71.78064790157694,2.833391054486154,-0.0165246909332865,-0.0165246909332865
2463,162,0.0,0.015268828937896956,0.08000439612904224,0.08150874760071873,0.11681166318455524,-0.05085562682155069,0.1809465642851972,-0.023063993810929096,0.014950104593045112,0.11052629707570845,0.011839385291061145,-0.08289884454652674,0.006503334095603296,-0.13367478485589937,-0.027212978625467787,0.0398869355407686,-0.25189718313640697,0.07345886935644758,-0.16977821963730372,0.06869209643505247,71.96193246542879,-0.033738515881378855,0.0158907132653601,0.0158907132653601,2.0,0.0017506152037388995,0.0016663434955362386,0.21925521159374778,-0.045440815603012163,0.05351346992885757,0.10505234855857422,0.01253121247288253,0.06121699702657185,0.05929816531466956,0.011239267761116202,-0.0020816508650075057,-0.17625295986461167,0.1343620819632765,-0.30476601369819656,0.2409017998536565,-0.48318061798147655,0.13628914173825749,-0.2037210465866171,12.459956711479075,70.02912449645478,0.24763101413582486,0.0195930411129989,0.0195930411129989,4.0,-0.0077063067474356615,0.029203554010025404,0.11068748377361311,-0.027737518011184868,0.11960002774501063,-0.022357825107614006,0.06666926104114762,0.037113226626469854,0.08413157033672813,-0.02282198282760824,-0.0324092907003434,0.01403296070303181,-0.10354315324639145,0.06910179051983331,-0.031936191311519584,-0.19589033244366552,0.06404202081828017,-0.14203249646250318,29.253358890295623,68.85947028548303,0.571786538762989,0.0158517125537957,0.0158517125537957,6.0,0.041930465053873975,0.0416219083307987,-0.035098800602429744,0.14956467078747931,-0.03681456905643726,0.08897979106887477,0.027555801933614635,0.04540307136259032,0.045559634824865296,0.007892822084862501,-0.0698038328115614,0.038638164424260955,-0.1152754073094955,0.0541279857742286,-0.07631510651713587,-0.003718119537804876,-0.001350868489300815,-0.06520772179467373,40.92110374368374,68.75863720355848,1.236020191727524,0.0040967066832651,0.0040967066832651,8.0,0.035072283808684344,0.07999698672993064,-0.0003107862578823513,0.09715145264334332,0.015184999900578287,0.062013353499745134,0.04394469638330377,0.06307445226565689,0.04763707180361497,0.01298906294208505,-0.08040987468192662,0.058007951732487,-0.19977824078948114,0.10840975849794786,-0.2244565994456052,0.09145871335790547,-0.047519521583329526,0.015731247725551352,49.647316918287295,68.85548659247118,1.6312920528474713,-0.0012107218330925,-0.0012107218330925,10.0,0.04621983163919641,0.058421658441888714,0.03428196726538924,0.0810952234490328,-0.009416701806981485,0.011117388890417457,0.06655573218790052,0.051600682796659504,0.011081900322930794,0.005551410174779704,-0.08529309322761268,0.059531716036643624,-0.2213755804479138,0.16571532729981014,-0.19273415546490316,0.11116006897876407,-0.023393725236497537,0.014420245657702363,55.045400688479006,69.52597818563939,2.191356761893722,-0.0035392911723241,-0.0035392911723241,14.18,0.0361718744265571,0.06341341259269191,-0.010741377009801758,0.09398362526647525,-0.009769124514298403,0.07657770430404297,0.01167809097099213,0.07720642764957408,0.0604929469192368,-0.05978409927211696,-0.10369020054864045,0.045290989165033366,-0.18812739027247966,0.12918938218341397,-0.19017439681258932,0.08123441129259958,0.011332483832999351,0.018099245035420358,66.89192272878398,71.57950470972493,2.918955246501946,-0.0165246909332865,-0.0165246909332865
2466,144,0.0,-0.008369011340031283,0.055141490478750686,0.0641712476449441,0.11677488099137616,-0.07702770581546964,0.17723973006549149,-0.021851524628063324,0.03985400928218634,0.08014638648756209,0.007151475879446088,-0.08581929956625468,0.0458868844814915,-0.09867246531811721,-0.029089606640438914,0.046129222789973515,-0.29624533490967053,0.04439937572508818,-0.18139017677018743,0.17551692795502677,71.9180766427204,0.09090646909363001,0.0158907132653601,0.0158907132653601,2.0,0.0008785351067128917,-0.001155321762907422,0.19122149553318207,-0.036722094145692094,0.09238926788243104,0.10230828747149565,-0.008344578914662358,0.019410217132690647,0.0627430870606809,-0.0080732575964819,0.031063934982936678,-0.16725613506676024,0.10915602042994607,-0.3018150128056362,0.2763779201720316,-0.4473009976839505,0.15751787404163198,-0.20715688450638645,12.468609667753467,69.76626912132119,0.08734135266546653,0.0195930411129989,0.0195930411129989,4.0,-0.01662392875762391,0.03729575811692081,0.11736665255564134,-0.054918568427746534,0.126415833706199,-0.009242906765835456,0.0823735465483391,0.018704604432578268,0.07111657870999018,-0.016419777710419085,-0.0425083853500463,0.03939053364464635,-0.13022526895097503,0.07606785701243378,-0.04812605479190654,-0.19702705263844092,0.06514042676463772,-0.12423877488006123,29.492258949857803,68.70882660699944,0.7301635059181296,0.0158517125537957,0.0158517125537957,6.0,0.019872308039909393,0.059967524702920064,0.009681718022781994,0.14370368265556271,-0.014317616303010882,0.10977013691759147,0.04576125905883801,0.011616906148500198,0.07740288089130573,0.0016016520758543097,-0.07308606933239056,0.06369937574446277,-0.11750821252576954,0.06850640306798424,-0.08053253707791998,-0.03288514278852676,-0.0056414187607957585,-0.055052698423864656,40.90866960134842,68.6199842068924,1.2380803478831084,0.0040967066832651,0.0040967066832651,8.0,0.028635026277841005,0.044527463568791635,-0.0333252596053141,0.13168165252635577,-0.02160494229445721,0.07283730802389159,0.00262437368878065,0.05507931214775705,0.061254329808977395,0.0062445148254621965,-0.0536893506063547,0.08386937282047009,-0.195053482128421,0.1425678961477208,-0.20998573202710277,0.11524249413118082,-0.05818533641992507,0.03532839277407422,49.476422817689496,68.78562335119776,1.7928546197725324,-0.0012107218330925,-0.0012107218330925,10.0,0.026170318951405636,0.10360431681237914,-0.017675701897591753,0.0731363163400919,0.031157292158772144,0.06184442818088163,0.06797396190029019,0.023708409484281354,0.03992314352567104,-0.049219865387815295,-0.10426760508560502,0.09927843246481866,-0.1970821191007003,0.14374799229921287,-0.22087287228117772,0.07791547545789561,-0.05518199508458932,0.017993182396466065,55.26771179589695,69.92342235094193,2.1771881454586373,-0.0035392911723241,-0.0035392911723241,14.18,0.03552789683832412,0.03059594649171229,-0.011569469038570732,0.12038768892415379,0.0006375785274549042,0.03155956868210658,0.03337707359106542,0.08301956949341185,0.013686917383030104,-0.005455752634061686,-0.0636793787799873,0.040664706644076655,-0.15751685327022924,0.14597814897920566,-0.18217980300452785,0.07147220039752215,0.012140091993159921,0.04757625801367704,66.93197395488998,71.53405894009298,3.047469765852568,-0.0165246909332865,-0.0165246909332865
2474,126,0.0,0.009330776023993612,0.07483454172179015,0.08121701950802435,0.11563855334723021,-0.08418465360170412,0.1532991901381302,-0.023240189310057047,-0.001298389362621298,0.10561722381613402,-0.00228990890595887,-0.12270539240683032,0.03527054696930362,-0.10555391473468362,-0.03747637469901339,0.068297159945334,-0.26198657408736675,0.0645835694375571,-0.18382774589209966,0.24611421735519468,72.01743146183476,-0.20142790428986027,0.0158907132653601,0.0158907132653601,2.0,0.00881040938600691,0.0004625413453363744,0.20576710582419333,-0.05778495824686335,0.10689681293213903,0.07953059328417356,-0.0020278936286875415,0.01579782990969642,0.06475564166039867,-0.005545365074750232,-0.017608148426566175,-0.18002719081400617,0.12779955432295304,-0.25647656738397195,0.23139295212469813,-0.453129737119424,0.13350455406550268,-0.20998059261011995,12.398310617753983,70.03319225458883,-0.13965284608723147,0.0195930411129989,0.0195930411129989,4.0,-0.009529045833340511,0.04758854351935537,0.08675789525365232,-0.06054092127703681,0.13856500224205193,-0.015706462501781954,0.09887032359526311,-0.009947494588258016,0.10172945859286944,0.005716956986263998,-0.06965769407588616,-0.0014400847096865625,-0.13655116260652259,0.06257043335715631,-0.061785101764742986,-0.23864617793544995,0.08542373997438696,-0.16723987770503643,29.147017702220097,68.77589864760053,0.4321278368927535,0.0158517125537957,0.0158517125537957,6.0,0.02935296919640889,0.05320236141906295,-0.03856088174580527,0.15430338918873582,-0.02114332546714813,0.10976110645677256,0.061462023120317004,0.04723104128861608,0.08179356962470449,-0.02899706840656094,-0.06934570992527236,0.04968212409491327,-0.1365046131509995,0.10017995627302614,-0.08141930891504164,-0.004885862293615109,0.01206365192365084,-0.05751204755809676,40.848381826658546,68.82898092501567,1.4568457255874896,0.0040967066832651,0.0040967066832651,8.0,-0.0077253879453925665,0.07137804509224688,0.010500416502717089,0.1269969026680286,0.02260622340204418,0.0793955346919233,0.05285960464476894,0.06400123111515157,0.04122192014089182,0.0019877016325712624,-0.07008963001767979,0.049633407704872616,-0.1678998844726654,0.15101986610360774,-0.21900302237643968,0.07931871337415963,-0.06049159661611089,0.02527409571472357,49.59119334595481,68.9462366906572,1.9037910448869084,-0.0012107218330925,-0.0012107218330925,10.0,0.006214203338648323,0.07979367690943885,-0.005149300475877159,0.11770266996813573,0.007684693743216158,0.010902457460742514,0.042642240253263776,0.046067826747723827,0.009610760132995536,-0.0020087083845496227,-0.10753017783862687,0.0772523682040171,-0.20552945492949984,0.17855303439185852,-0.1902919355346228,0.09978302371960018,-0.05929403395882618,-0.011878026732968271,55.10762937761483,69.65685234694381,2.145128973261632,-0.0035392911723241,-0.0035392911723241,14.18,0.04851911167537115,0.08121370973608699,0.00017336302750884346,0.1327549417699472,-0.007082001315439231,0.06862882308885163,0.022127221738671165,0.04505415918482694,0.01212786267017912,-0.030087687662912366,-0.06335563683412503,0.06269228092686703,-0.18549742347222611,0.11936329092960248,-0.2207666993107142,0.11545076305078186,-0.03258890523170997,-0.0037796093569723577,66.49848734438002,71.74056236950176,3.103683887042663,-0.0165246909332865,-0.0165246909332865
2487,138,0.0,0.012434908270429338,0.05836716006492757,0.06687981873767776,0.09111290020708472,-0.059191630459605,0.16669647828877124,0.013860060442457018,0.027484917136029345,0.08793886777904217,0.017805693097680046,-0.06952599064930567,0.034037666245145266,-0.08886203652095429,-0.006647452432330288,0.07026979215182885,-0.2544238539661682,0.04630478405135278,-0.1543960621910385,0.1895210218731444,71.83763316362898,-0.3504258076722965,0.0158907132653601,0.0158907132653601,2.0,0.019874578091819563,-0.007014454516913984,0.2197638601200807,-0.04211656475502246,0.10925762056000406,0.10194048923733645,0.014369692870010732,0.01842143429814905,0.06624473481411912,-0.027719634428987748,-0.017854011952255982,-0.14121542656926456,0.1398156413694139,-0.27503898175531016,0.23610638419148514,-0.47304645801431044,0.1244391377374887,-0.19709179915956238,12.439513636289986,69.61499444434025,-0.14775814175400284,0.0195930411129989,0.0195930411129989,4.0,0.03377403560614422,0.05105164564323877,0.1027034439288364,-0.057526882469928556,0.1400934423438943,-0.0379626875878797,0.09712571915929821,0.00969538793035512,0.10382228956711789,-0.02418306732599116,-0.04847758368245493,0.0017814697773363194,-0.1287983016977433,0.05565651130336885,-0.03261439154852557,-0.22609572604317696,0.07820283822255884,-0.16696562989780175,29.151789612518492,69.16570932988895,0.6729237836472408,0.0158517125537957,0.0158517125537957,6.0,0.01990654905092221,0.06602507575657862,0.009309089256882109,0.17608213764929226,-0.049953205778950696,0.11270968938504869,0.02620209182114152,0.018185251353254456,0.0789638904151459,-0.009791022884653453,-0.08240244463160365,0.05239400263533937,-0.11178491183031623,0.05031341873327469,-0.09775344796519976,-0.010399900975972633,-0.017350310843155914,-0.03778181914596743,41.116637322134416,68.63081929251054,1.4398059134545629,0.0040967066832651,0.0040967066832651,8.0,-0.005890958028807597,0.022405713514565755,-0.018865332829698697,0.10400061512626552,0.00015907507661090843,0.08769356370035984,0.045109875763819605,0.09366810736568959,0.03454977240168192,-0.03928201858401268,-0.05981695957900082,0.06830507112232682,-0.16437382184971888,0.11360608487841344,-0.2307626244417025,0.1143418125057392,-0.06848394816285763,0.0006259885437336563,49.290068162067904,68.7642857928575,1.6372264208893734,-0.0012107218330925,-0.0012107218330925,10.0,0.027006098572448352,0.1043954616645824,0.032609998346729584,0.11779823979610166,0.004343578980157204,0.025866123294412957,0.06059332257626068,0.039002980064118765,0.023955448543232977,0.002951422319332493,-0.07219416538463011,0.06997666484608454,-0.19362230369019928,0.15195394830092263,-0.22354248012979863,0.09027010216040307,-0.007945362120509215,-0.005254162881866696,55.179385281847125,69.52411543994128,1.8339055902993173,-0.0035392911723241,-0.0035392911723241,14.18,0.043324670220567935,0.06255995989457622,-0.03925217385773291,0.09694958621096478,-0.020446273216964524,0.02881042427315335,0.023365318958385648,0.052341461734963825,0.018628382225026236,-0.004066439536018873,-0.08040358057978858,0.06041474598677858,-0.16709273608008451,0.12593618738616155,-0.19836534576148326,0.07074160368836659,0.012423691267577013,0.029680281191543256,66.90334001822683,71.98028862616356,2.7319169805170525,-0.0165246909332865,-0.0165246909332865
2503,155,0.0,0.026444720285665087,0.05829918061408054,0.047594723258125374,0.1115266814908054,-0.060446141946534596,0.16421041474347142,0.007977581507217878,0.030913266155523353,0.0890785232658381,0.01347720065535616,-0.07849325621615814,0.012280616824509379,-0.10328867151976097,-0.030261412373242803,0.03886834598941619,-0.2602964121505668,0.03590035966072161,-0.14141476183609947,0.2018217761335157,71.96824619423296,-0.1230887160463944,0.0158907132653601,0.0158907132653601,2.0,0.03374933354801243,0.0023003750673724014,0.18704201977690416,-0.04861758360155135,0.09661897762572008,0.060681275384869275,0.02673108100828072,0.06193944738315207,0.07725396566337227,-0.012747792255044448,0.008406755673608242,-0.15325258910851144,0.11918046623601795,-0.2817902080595551,0.2454709849514629,-0.46378873312174906,0.10798397263943346,-0.1696134802155172,12.394590504666677,69.63514150934967,0.2071909534373663,0.0195930411129989,0.0195930411129989,4.0,0.0030067485207885564,0.02694697790543208,0.1200383414139067,-0.015484000583430062,0.15236400789184806,-0.00971162544502992,0.1129929023855031,0.02480650717265662,0.11219122089761796,-0.008395588005872425,-0.05634905463521242,0.027867703197750313,-0.11492758023814312,0.06504831812535894,-0.03595688527652577,-0.23470095884228906,0.09336629503710038,-0.1408523118698654,29.120848291833962,69.15704503066614,0.7954564920670069,0.0158517125537957,0.0158517125537957,6.0,0.03198007984472707,0.05543186686289974,0.00791495916533265,0.12572659004682496,-0.013360681461768019,0.06307699627213778,0.01614543162781984,0.06367027899135905,0.03381592151513324,0.014552099036120633,-0.08273711779152716,0.07046404155017319,-0.1441135576994258,0.07842685128949771,-0.1184636697319167,-0.04081971841516905,-0.009732466222851593,-0.034309304773995714,40.895832182012676,68.41190933911157,1.2957892320650062,0.0040967066832651,0.0040967066832651,8.0,0.029809003094004333,0.02521833305621995,-0.02035470158865419,0.10792652666497655,-0.0047005665099856125,0.0759884031869891,0.014464051062821393,0.1024391820969438,0.01630585965205195,0.011511530292780197,-0.07898237826540826,0.06701101973434276,-0.19882267544210522,0.12542172884284336,-0.21210977118226668,0.11892241063173048,-0.06733560824247799,-0.0004150332503746017,49.64545936044128,68.57314660210162,1.8998168052617521,-0.0012107218330925,-0.0012107218330925,10.0,0.05575725292925914,0.10195233126074721,-0.00917166323027217,0.1072908801884999,-0.01568012577835589,0.05012647586415961,0.07661580006359098,0.04268769610074176,0.01785373079849066,-0.043967769145204075,-0.08702969305135277,0.046893733517798464,-0.21396695722085665,0.17212156260399913,-0.2013134549684638,0.07976683584748478,-0.06062032612304095,-0.01165614056049091,54.974773452179214,69.7636195986011,2.03451824292457,-0.0035392911723241,-0.0035392911723241,14.18,0.027098812157366668,0.034395836210017905,0.0001790979566860182,0.1431802684714191,-0.03135678594790964,0.07322525900919347,0.021358110004904313,0.04958384762390903,0.00717783232164073,-0.024807797266950957,-0.06240569731120292,0.03267174964103138,-0.15904224816844706,0.11492461286015612,-0.20784117743976768,0.11396900188077791,-0.035706476137993305,0.03428114940175726,66.48835186724706,71.59836053690316,2.8553247257794965,-0.0165246909332865,-0.0165246909332865
2524,150,0.0,0.029522588865353926,0.09078818760343758,0.047890614162688964,0.09037305667700918,-0.04069154997604347,0.1753378189517748,-0.008731652745515777,0.01239819462818134,0.10891432982576238,-0.026643238274019484,-0.0954115257783881,0.018600226404902345,-0.11770075557393536,-0.03391417738513182,0.05236985648598605,-0.2600145332795681,0.07188179150749285,-0.1383105893331177,0.03511745360111723,72.03713118932116,-0.10790504905874662,0.0158907132653601,0.0158907132653601,2.0,0.01634416543863452,-0.0197593177367779,0.18477661964573544,-0.0845732942939149,0.10702042954729991,0.058784455813569995,0.0048516014470399065,0.02742391741278536,0.04536524265604501,-0.00628446077734837,0.02384643209039946,-0.19411717000089268,0.12871437086786813,-0.2861081592377511,0.22098948492793036,-0.4609817654275879,0.1167719914996174,-0.19051375305249818,12.485501167750638,70.05903690104188,0.2980648392849343,0.0195930411129989,0.0195930411129989,4.0,0.03329222832236514,0.06420937601971287,0.11347467363270722,-0.06229488984679463,0.14179012310276634,-0.059037865887249075,0.09869653175938999,0.04383362109132928,0.1066345280354265,0.01818861279293297,-0.03501511826050292,0.0397258877257132,-0.14461092603689388,0.04264747508731197,-0.07404300923331257,-0.20221869495549633,0.057113536812580176,-0.15948140873909725,29.166819141952843,69.01717743246942,0.5672084141004099,0.0158517125537957,0.0158517125537957,6.0,0.02333137922810917,0.052417697734635685,-0.04277833357625563,0.14223173183036378,-0.029300803871342304,0.08539647251594423,0.01760696658207069,0.025894699269529683,0.044736480731742946,-0.02288837482134819,-0.0517776822656314,0.02633063158468755,-0.15566123366354537,0.07670962203268594,-0.0734937235259655,-0.03592547332402654,-0.025648139802293614,-0.08385491430237155,40.85415270625238,68.5292106753895,1.5377434514064185,0.0040967066832651,0.0040967066832651,8.0,0.04466851349430159,0.06399053483465061,0.006035271413532967,0.1234986389238162,-0.00032625700058935576,0.07150672764053148,0.029745051500224873,0.08866561642510523,0.06255582314778901,0.00822190196375379,-0.07433861725205772,0.04075771722972557,-0.14368072500373524,0.13650615117727846,-0.21412164641645542,0.11882436589295821,-0.021122762792963365,0.03861364838416037,49.56595473273172,69.02916895818935,1.824663417930938,-0.0012107218330925,-0.0012107218330925,10.0,0.02313197111029153,0.08523997488074804,0.0013391138241909857,0.08706367689706998,-0.002397401802661653,0.04392974931179915,0.033254692336497665,0.028569033130328915,0.04228137011830152,0.007622581669136746,-0.07790509935760993,0.05503102246180721,-0.17960812168776624,0.135523181680895,-0.23019538660744313,0.08038341090450063,-0.056152466218914183,-0.018963473608921397,55.2132656538841,69.52482004093534,1.8235118559856192,-0.0035392911723241,-0.0035392911723241,14.18,0.046118739408033634,0.07192541144409281,-0.033543277169983426,0.1427320733373566,-0.03263047554927876,0.04086204853764669,0.022865892249766095,0.08742832480725558,0.05054988699407586,-0.043523729738890515,-0.07415767078574151,0.02169352330767631,-0.1585824754269142,0.11186344403947045,-0.22990892234919452,0.0801928450751746,0.0046325169762471245,0.01928178273675022,66.83090928995075,71.57162873165676,2.8135417521780015,-0.0165246909332865,-0.0165246909332865
2564,130,0.0,0.028987920322229493,0.062100291558855915,0.06831852362168699,0.07641303347294714,-0.0497921481829891,0.175520912828879,0.008892850634901856,0.02515126176048081,0.1279502305794947,-0.02055066220410785,-0.11751265147904555,0.0057211424791908105,-0.137382807866863,-0.011816644247978975,0.08409936092071355,-0.24279945948515333,0.06577300819479323,-0.12679063244393063,0.2179842288234966,71.71575428544452,-0.03598196579322052,0.0158907132653601,0.0158907132653601,2.0,-0.018543179067193237,0.017915421496570386,0.19809549355286005,-0.06406757728387406,0.08880489699414129,0.10130384178001506,0.020312903946506332,0.05843913467452547,0.05181181970506932,-0.016245203648142772,0.0035927757791875342,-0.1911980354556885,0.12342481026297442,-0.2659084935754243,0.2421542154947945,-0.43344774893210525,0.14567631715998872,-0.2044303961678519,12.560091048462896,69.9584140661607,0.3414951760566548,0.0195930411129989,0.0195930411129989,4.0,0.03745965822995975,0.05365638834971695,0.07623689409577471,-0.044654538873524156,0.15795080873665526,-0.05790017846341853,0.06929288856922847,0.021159551802857123,0.08076244886018033,-0.008557888536237068,-0.05122834064764867,0.02909363650312748,-0.12814741763485024,0.056255473144337646,-0.06900555851233936,-0.2456604842400226,0.056320957540156744,-0.16272769526814945,29.358922299259568,69.18604725266418,0.8041761193993244,0.0158517125537957,0.0158517125537957,6.0,0.04206245892131083,0.06820357069760295,0.0038160633234167254,0.13160498617586158,-0.05310200954165402,0.07839938730073824,0.04286055582808948,0.023504275671123728,0.04446135542261112,-0.001746589965345211,-0.07203169482440307,0.05240304434387557,-0.12109089030124082,0.045662167732828066,-0.0689153339785065,-0.02853736540270065,-0.00383168483978404,-0.06500888810212649,40.907621708821644,68.58124216220394,1.5274467692892337,0.0040967066832651,0.0040967066832651,8.0,0.03999435563293458,0.06082616291963258,-0.01983448086738384,0.11484777285366764,-0.0014262949802932561,0.07377052963866323,0.05166494671998213,0.06718462529588162,0.0373222212789448,-0.014608408188780375,-0.07922944125222017,0.06989191937026251,-0.17331925381803598,0.10937215764539593,-0.18129821530826085,0.07667744764633816,-0.06830509980604492,0.050598413971496704,49.351541497891496,69.0443256285416,1.6070336862243066,-0.0012107218330925,-0.0012107218330925,10.0,0.03972268389060983,0.0639481240450869,-0.009613363157850212,0.07817550900383452,0.02886492924682529,0.04955225990690367,0.0252383111439596,0.05038173156824551,-0.009260054211944271,-0.04292210574576448,-0.12995641787796056,0.064817063687341,-0.19367379146448818,0.1502684682338885,-0.17777985003743146,0.059658577114833175,-0.02025301786495829,0.016862962933126616,54.89249606812331,69.97297788585026,1.8548238382792395,-0.0035392911723241,-0.0035392911723241,14.18,0.008760293915192575,0.05196576323862991,-0.0073019235796113165,0.13455230354469505,-0.03779415715695635,0.05218858505979217,0.045948085053729396,0.052365413454166065,0.03840571029814827,-0.02377371173726219,-0.10424198582419143,0.046301081304969155,-0.18973553498269566,0.1585720027795233,-0.21094910185546925,0.09925056825577519,-0.037012370604780784,0.004322944417461942,66.53287778745303,71.72573473646828,2.789845659641305,-0.0165246909332865,-0.0165246909332865
2587,135,0.0,0.010944653498720886,0.057587969395350797,0.07282469558513507,0.10325528818943479,-0.06797436425875533,0.1844288976298425,0.020001934157414598,-0.009337772925158257,0.07681888533916675,0.00276892044375884,-0.10329922588012709,0.010375722544571187,-0.1409499349522776,-0.006645537966878438,0.08310654680375562,-0.28305267584831156,0.05049370212943998,-0.14155632581380487,0.21738687158174186,72.04441057963837,-0.2089199240273901,0.0158907132653601,0.0158907132653601,2.0,0.027015048187282932,0.004169721526786966,0.21328679483618773,-0.03890266378762078,0.07140173979375922,0.0661945396856154,-0.004131203748563862,0.03970631866796992,0.08553353060981009,0.019313134155693107,0.016307613440716948,-0.18919329075591507,0.14772803630051756,-0.2882698065804621,0.26297060775342496,-0.46719015492505034,0.12153061297114705,-0.20599496693223274,12.4254935167639,69.57124788284624,0.07904523218691331,0.0195930411129989,0.0195930411129989,4.0,0.0003742562953468736,0.06172950445215099,0.11715848280426767,-0.027810978251797087,0.14563265005895326,-0.06507354276693803,0.11517240448277036,-0.0010926325814143122,0.11544678247800373,0.002940627420900359,-0.06244333914869984,-0.00028629528478130335,-0.14125182856898297,0.08151534073285108,-0.028797594642945533,-0.24585859543248942,0.07388785671825995,-0.14299538264042994,29.36523741537706,68.9721518746462,0.4887247372416181,0.0158517125537957,0.0158517125537957,6.0,0.014898089366968768,0.05599673786050769,-0.03780298630420553,0.16472890583854857,-0.0654181633555446,0.0887793539635982,0.053362253000283785,0.05907529171644481,0.06121081916095683,-0.028245191813007577,-0.08869074459385419,0.07507457969318031,-0.13763157690528496,0.06932102558265558,-0.07563284866325494,-0.030812158734009693,-0.015154649431972162,-0.04785690590887144,40.83419604486146,68.35444709021255,1.5013247299400083,0.0040967066832651,0.0040967066832651,8.0,0.017231540355612,0.06634738914927071,0.0009569425535164268,0.11607592689422018,0.01990982541530652,0.048617528031664914,0.005599712462693061,0.07472950176323565,0.026809036531819024,-0.011867642656127001,-0.10036786322679914,0.06131075809921118,-0.1433991875046939,0.14775629377510868,-0.2146306565530397,0.11561428965667138,-0.039353415750455895,0.04254805851455094,49.307712893701726,68.85257361968232,1.8077529407576924,-0.0012107218330925,-0.0012107218330925,10.0,0.02594331730018386,0.10527209012662721,0.024261611002372178,0.07163126355688902,0.031981496785499275,0.00694608547381307,0.02477755712238221,0.06993520444693006,0.023703359348746,-0.023158612844261697,-0.1263402490814307,0.09523239560464634,-0.21069686774285107,0.1778574082282981,-0.2126901598338987,0.06892461755603832,-0.01367856844251017,0.026252054883553574,55.17595653139486,69.6952327507359,2.149104232656777,-0.0035392911723241,-0.0035392911723241,14.18,0.051526900025059705,0.0645397654151079,-0.03167347995859614,0.11840311924000727,-0.0015839271063193949,0.046084700775638344,0.009944023119204226,0.07241186212107814,0.02580208491582428,-0.024059072902597494,-0.058864290730610794,0.016974917081556174,-0.16565621705410677,0.1513386541260299,-0.23070923191821102,0.08297089110688967,-0.00033858102825577024,0.05128636455455253,66.53737092113366,71.98221934333851,3.0224645990042958,-0.0165246909332865,-0.0165246909332865
2640,120,0.0,0.02061394768948615,0.06071203853540124,0.07715246325154186,0.09397213173069287,-0.08479424796671214,0.1764030793922036,0.013031960653760064,0.017040550888329984,0.11049263515998303,0.00933266069625515,-0.09531187347568411,0.03437972133614515,-0.12145673382402485,-0.01544752855266228,0.04904832318943425,-0.2835217244201286,0.07015959014960267,-0.15236087467140874,0.24825606476068585,71.79396568985138,-0.2543008624600357,0.0158907132653601,0.0158907132653601,2.0,0.025953400225609026,0.007725862804031084,0.1984409825957616,-0.06966541707230778,0.06169253036627355,0.07908484595066485,-0.0017772107464178442,0.061732349865401735,0.08871567215783538,0.0026007519113801,-0.0017016024110294587,-0.16002747689695512,0.12705048507937075,-0.29672683255490867,0.22892083870877336,-0.42700939577123925,0.11066308061336216,-0.21050180083540362,12.489961647886641,69.57001924053006,0.19555249975976266,0.0195930411129989,0.0195930411129989,4.0,0.011311056458285888,0.06175909483775163,0.11254542702818777,-0.06358870744597438,0.153103177088395,-0.022722940872835502,0.1171834479717985,0.020862995723610667,0.0660358426430645,-0.025426333771018002,-0.07633143270037497,-0.00788321640293491,-0.10150264783277524,0.06844671864919392,-0.055971718673742836,-0.23049791907493486,0.056635157473078034,-0.13161795934079906,29.192966555838158,69.01783385394933,0.5143789571734608,0.0158517125537957,0.0158517125537957,6.0,0.008793110398554346,0.07141315797838077,-0.008437202732536411,0.14079689147150523,-0.051602690472392826,0.07514777302100853,0.048535014856687306,0.010251264142076433,0.04078659542180995,0.02234334170865414,-0.04726464027381873,0.023979646442044814,-0.12435563191673574,0.09724189350057093,-0.08928140012590866,0.005030709095765747,-0.006352009059437327,-0.06978723165443046,41.1228353182814,68.49970698387727,1.1431762644364185,0.0040967066832651,0.0040967066832651,8.0,-0.005951663820803119,0.029546279300986328,0.017794136995559432,0.08622056048674002,-0.014225656177080211,0.08115570833964907,0.05573278847162043,0.07098475937846775,0.03436765035570393,0.009786596561802982,-0.0878997268626733,0.054633917147333566,-0.1931160987724632,0.11961425565624823,-0.22605409677945476,0.10604440494043689,-0.020553248347339376,0.012158177834071155,49.21032766616722,68.90444141098511,1.5304709811678248,-0.0012107218330925,-0.0012107218330925,10.0,0.029789493874610856,0.08409565572694672,0.02706991130747815,0.0756912707083681,0.008608631252195326,0.059725243402967934,0.040764154585918935,0.07270723268394297,0.009882192069967143,-0.017776424095288644,-0.08535115409680331,0.09082595013829572,-0.1842695886414573,0.1345117190927827,-0.22593156155413968,0.07987417183216282,-0.030098119109799624,-0.009731966688873911,54.99746131845029,69.59909228550882,2.30110045170361,-0.0035392911723241,-0.0035392911723241,14.18,-0.002633177053991201,0.07789975015669957,-0.03557478197818859,0.09897187116393827,0.007972212462627392,0.06354912889491193,0.007267523274430431,0.061013088085509225,0.033611721115648314,-0.01395618789545932,-0.06007555469401577,0.03871491831657089,-0.1566929698596789,0.14493691483722948,-0.18651998456370764,0.07028571126533803,-0.04308963942930605,0.017820106628136774,66.97218310969544,71.60844041030484,2.8020509527760886,-0.0165246909332865,-0.0165246909332865
2654,120,0.0,0.0006844262338721371,0.04596624092172516,0.08677650355306202,0.09397572176603784,-0.06453882238502251,0.13954552420815777,0.015573579930538626,0.03063863114357139,0.10446184317809729,-0.0038804073294136173,-0.11927118871544536,0.056410138254411935,-0.1377614632720815,-0.03394981057730681,0.04821174831695721,-0.2861499959606165,0.06548359718094938,-0.18082383755478443,0.15335532765831894,71.72213810313998,-0.08171592964578897,0.0158907132653601,0.0158907132653601,2.0,-0.008464293532056142,0.004887214881218468,0.22777951180633133,-0.0375292586474206,0.06326724723673813,0.04917422297941752,0.014274784635211441,0.022862540949502404,0.08083057401477214,-0.024227451127971505,0.025581862843368035,-0.1814858716510819,0.12376268857178582,-0.26101175420795736,0.2650208061084705,-0.48222985867284546,0.14747586907292634,-0.18533596335480387,12.544911161292523,69.61594054953693,0.04108366255066645,0.0195930411129989,0.0195930411129989,4.0,-0.004882136656292908,0.018183560080856687,0.08894868792440282,-0.04371817327642076,0.13198314958060384,-0.02169454935855286,0.10931435923508637,0.016659821951009256,0.09222242991133969,-0.024265440060507085,-0.07689692110070862,0.0017368429402241144,-0.1254970841205723,0.024462172183361802,-0.054499245414214366,-0.23167486132726625,0.06897217959069132,-0.12485028453844885,29.350562452378323,68.82337783016918,0.5123645022438491,0.0158517125537957,0.0158517125537957,6.0,0.017565833825746942,0.042658901758782175,-0.04349092796826727,0.1681580943656269,-0.01333172139116404,0.1029167585549047,0.027297892391952985,0.00975238171457394,0.07669358983677405,-0.01746037766501054,-0.09754440429422043,0.019951883617440845,-0.14416251226014012,0.07049683263221294,-0.11667401829308491,-0.000936002984497409,-0.01984846470151414,-0.030219587767230945,41.020051224674035,68.57365430403348,1.4829128076817297,0.0040967066832651,0.0040967066832651,8.0,0.002601988842393557,0.07954965234096158,-0.027608653314917197,0.12465904839805561,-0.03373944976233597,0.08496844219479543,0.05283178140413097,0.08619265496813269,0.05042746450603042,-0.012479519842971748,-0.054301306436973146,0.06678579028167984,-0.19650079085565333,0.13628472736051356,-0.23247741766613222,0.10585162991135852,-0.03853941200171949,0.003401206984624247,49.59428277963472,68.97363365072431,1.942935242214223,-0.0012107218330925,-0.0012107218330925,10.0,0.05581717300672316,0.07435049141124174,0.02299768165601848,0.06818028442654125,0.023190240096074143,0.0163317901164036,0.03108900083491837,0.07196314797061351,0.029488943263512327,-0.028013541719816695,-0.08006814797892195,0.08563669014545644,-0.16954567579918212,0.14851725945241068,-0.207110392767912,0.09308175741520211,-0.048068517253676654,0.006438482988665492,55.13227152126372,69.83916411746321,2.0716198262368755,-0.0035392911723241,-0.0035392911723241,14.18,0.03467275664713125,0.02630954545267971,-0.023786177611064132,0.14797933652453604,-0.020722648206473265,0.05688475819319777,0.05060846755807274,0.050400851045938735,0.039921181648597794,-0.027702000017447985,-0.04731022889001803,0.042797400179921355,-0.19204929448277477,0.12842380235753026,-0.18502855140556035,0.10498509347316212,-0.047118579330149346,-0.0039225582674511615,66.8107882051202,71.92080750814306,3.0603298624831874,-0.0165246909332865,-0.0165246909332865
2678,140,0.0,-0.002155300773870914,0.06861860134248662,0.09391069691288254,0.12581111924737676,-0.08068283714764923,0.18618042266055504,0.018996130208753265,0.0003466896891756756,0.13336870816429425,-0.0001446893527679259,-0.10367590567559173,0.018909710487927483,-0.10105772671280702,-0.003359607188640097,0.07960298943066878,-0.25222478855263064,0.05962105567330609,-0.13700405175659502,0.2005260786583506,72.02127677143098,-0.29170693924544056,0.0158907132653601,0.0158907132653601,2.0,0.013483804448428739,0.021092987911871804,0.1813715020770181,-0.05186085120658083,0.08595598157243321,0.07681484501297366,-0.004395650217979977,0.017379567629133848,0.07402789333170091,-0.025702321246843678,-0.006647232526483181,-0.19544722802061848,0.13338722450182144,-0.2721190329954749,0.23032481591920378,-0.4408962302617951,0.12878188940708993,-0.211498516446684,12.40867399493485,69.75314498446171,0.31818172734027517,0.0195930411129989,0.0195930411129989,4.0,-0.005150769145436097,0.06297130443353319,0.12444946436704538,-0.06809277123463688,0.1565364892292227,-0.031000300167086145,0.08373216840585271,0.0010923922168831895,0.062423731977263835,-0.006201354044174911,-0.06369808037053977,-0.007866739535720278,-0.14425204003760395,0.061504390020852284,-0.03126434959193047,-0.22941417925027405,0.056254788604243065,-0.12096626591080907,29.570785910131598,68.86764211724905,0.5887743206260183,0.0158517125537957,0.0158517125537957,6.0,-0.011397563688108368,0.08995847456164911,-0.04121413789610626,0.16763205929007277,-0.021051600317421003,0.113338337586872,0.05725096485775971,0.03794497372964496,0.08108527790327227,0.025435031370369843,-0.043884583797122054,0.06456115363998774,-0.1466437689824821,0.1021542829708794,-0.10276563213290486,-0.029376017712486095,0.007256475857706024,-0.08359145923147154,40.79046462702066,68.5764223507142,1.1486700404583035,0.0040967066832651,0.0040967066832651,8.0,-0.003910673296338787,0.04962264870966214,-0.027523196485126605,0.12866436684609925,-0.025289569770142347,0.07387392672514459,0.007738025286375089,0.07178974299455512,0.052587123318830274,0.002221692152566894,-0.10092160895453765,0.058281815438626705,-0.1869183407503375,0.16398442988295286,-0.20844547754276366,0.11969687837228296,-0.0398212726678273,0.033153162585341595,49.22187743833364,68.89589896534606,1.8036333497718793,-0.0012107218330925,-0.0012107218330925,10.0,0.033303372515178294,0.05824335716843739,-0.01062347516129077,0.07441357683013321,0.02222904481720711,0.03752862544724517,0.07840412766856804,0.046005185533853396,0.0003291339687485316,-0.000791645831895376,-0.12278519742641288,0.0726269399379865,-0.193883835267932,0.17934337723014465,-0.227517029606007,0.08404793056367345,-0.05088958546898417,-0.00738780464263732,54.86336197699054,69.84931405777134,1.8994115022160498,-0.0035392911723241,-0.0035392911723241,14.18,-0.0070698870025965345,0.08063290356520957,-0.020068037887449965,0.14262341518664465,-0.009637963807545558,0.04856998141614073,0.04416006319937214,0.06458674102710474,0.0649321229569028,-0.005788391649851454,-0.0988910194829461,0.06079541497183828,-0.16286950101409517,0.14820671819488365,-0.21747226789181645,0.06898151038293013,-0.022582365282239777,0.04027733760697849,66.58127269161152,71.88288110382427,2.75440313231859,-0.0165246909332865,-0.0165246909332865
2732,120,0.0,0.007292612445486071,0.041355248894553095,0.046797717182164064,0.11707124471986947,-0.040115895023349044,0.16017768357668374,0.0007599414923208809,0.003512423841528089,0.12079767803063901,-0.032177866289768604,-0.09341315021135244,0.04973823490070532,-0.09860457192407888,-0.03837909135625962,0.07776012586700526,-0.2817464937091917,0.07588518155577162,-0.13045795692446233,0.14956645671366586,72.16267383320502,-0.22084450027104321,0.0158907132653601,0.0158907132653601,2.0,0.0020599520571499986,-0.016053825578238968,0.18574159876889562,-0.053181074906706816,0.0697294801667454,0.09940666971785266,-0.0162141882660892,0.04379855550037208,0.09178764762194883,-0.01918589183443062,-0.0069777721549832555,-0.15037138529974808,0.1289936073056456,-0.2576234533171994,0.2277356649997262,-0.4599162276097383,0.11979425575506719,-0.19129045570453218,12.389287766248252,69.94877590999447,0.0938353315867064,0.0195930411129989,0.0195930411129989,4.0,0.003972153277529347,0.027255951158753,0.09616704250343278,-0.03295212415117287,0.1274515978554536,-0.03085836300774572,0.10865667044430277,-0.010916468522953852,0.06796533808485318,0.008701452739743385,-0.07793781184548981,0.0002838792169518097,-0.11305546135098574,0.053735513092768375,-0.07051497784872034,-0.21682003705605452,0.05904589205872097,-0.1596540950815477,29.120100612179336,68.7280328795377,0.5006979236562833,0.0158517125537957,0.0158517125537957,6.0,-0.005611548009958868,0.07343857333655215,0.0009268167728604532,0.17426988214648753,-0.016642374103604696,0.09721631501964892,0.0582178355825715,0.03645743592628894,0.05581752620683695,-0.016958691320049915,-0.0837982307226663,0.07477134270671644,-0.1279011757287344,0.08728550119311917,-0.12383978131026586,-0.05002529355185582,-0.028332798616904416,-0.06283052895176723,41.023634121666994,68.67392456005001,1.6232324126362803,0.0040967066832651,0.0040967066832651,8.0,0.025647809186609576,0.0341168801280369,0.017959005115468333,0.11283935272797943,-0.013779841104496666,0.07725232010360963,0.03903050729748797,0.07522179284169865,0.06427919325796967,0.01275728212101048,-0.09087761253740782,0.06733810593537576,-0.19146959316687726,0.10858059421062909,-0.17824048131372414,0.11562436989919497,-0.057305917456932136,-0.008668153631480349,49.37051246027282,68.74385650298011,1.7425524736240985,-0.0012107218330925,-0.0012107218330925,10.0,0.037423736454028786,0.09605117193125126,0.003951739990775601,0.10176086392287485,0.025392495685772995,0.028082959093843902,0.06334575161245545,0.06993660648335609,-0.004315053206923009,-0.04891857713378038,-0.10733421737350582,0.05880385784934203,-0.1805360581207465,0.13728055472330236,-0.2247644791446564,0.10636100579461238,-0.05745433232161547,0.008801436795733164,54.809319720341634,69.80880826194819,1.8721109547679347,-0.0035392911723241,-0.0035392911723241,14.18,-0.0009580111906921825,0.04224871234544754,-0.03043791383563789,0.11744540899516726,0.0013780076202188699,0.050534334160940386,0.020853639126008905,0.04150947569560534,0.02655730838104267,-0.0075017128665388726,-0.08036833492734116,0.054623362517427006,-0.20046943524376976,0.13845727400892216,-0.22043272590284513,0.11869827333992891,-0.027269955120658933,0.04422326986812631,66.65762505185967,71.76660639088252,2.782511154480408,-0.0165246909332865,-0.0165246909332865
2735,130,0.0,0.010486897251375537,0.06987684753673067,0.054210609971264895,0.08440980532823249,-0.033881470262870306,0.18219804855693056,-0.0026255514091988058,0.0024771779661690967,0.12520403759288867,-0.008934857244880962,-0.0760854736520321,0.021541433419217777,-0.1069554686331048,-0.038963143558975344,0.09264750887158699,-0.27849419083228305,0.04805091329436763,-0.13992455476873367,0.22080073447904397,71.83575224359835,0.033936602383742326,0.0158907132653601,0.0158907132653601,2.0,0.0329761504767369,-0.013561009038092545,0.21768225919000936,-0.07786088040729708,0.08750177444140854,0.05367605391571012,0.02813297082421167,0.0548139353235075,0.05892104953500827,0.010639578992960284,0.024270369357920686,-0.16514904309890638,0.12967813103105708,-0.26651383368592046,0.24522955712220074,-0.47152608054226997,0.1576281519578561,-0.1850052440010961,12.473956631732456,69.9325657716728,0.06603939842089365,0.0195930411129989,0.0195930411129989,4.0,0.03205953410931885,0.060425741338155266,0.12331844271614979,-0.052714605682524805,0.10448762179810867,-0.043052347911520836,0.09700393441544422,0.038372384354349975,0.10158408007456023,-0.007006356525626094,-0.056050664682254586,0.006294868530383564,-0.10152203736225028,0.0286685652877648,-0.0320064101596082,-0.2488622308144707,0.06415788270714193,-0.1654027929091913,29.128041213703142,69.19097923088292,0.7045356221059054,0.0158517125537957,0.0158517125537957,6.0,0.008378257904431212,0.04237373287987614,0.010882967432378363,0.1653152258401309,-0.06297736451908484,0.06621485417936487,0.020874198783874642,0.06619548007516463,0.03966524464914237,-0.005784207586339307,-0.07864178402708312,0.06519352383466018,-0.12425309547201749,0.0706150635847149,-0.07926005795354008,-0.011991093741473313,-0.012083865745685044,-0.07417690628231076,41.08471078230867,68.71149652734967,1.2937652825322719,0.0040967066832651,0.0040967066832651,8.0,0.04606467236351529,0.07954586046134576,-0.016557753856729737,0.11054480410506785,-0.00982051339542711,0.10042771253161899,0.018510459041669303,0.06949176831211579,0.011622594829592,0.009609282771129731,-0.09359122727295877,0.0605618704436451,-0.1738422331893546,0.11513928940177084,-0.21817595380420474,0.07324303701442617,-0.07307961873236528,0.02884970500908887,49.4371668951384,68.88446559022604,1.6799518239081916,-0.0012107218330925,-0.0012107218330925,10.0,0.034371176610081516,0.06580380533767485,-0.016762175073701993,0.09289911844114322,0.04193817561831483,0.057559233543014544,0.024330160691441012,0.06234016687578914,-0.006036571961089792,-0.0404967674381464,-0.13125631959874526,0.06192387067439746,-0.20721929559196564,0.13129664115829617,-0.2336345432454068,0.08175619501920087,-0.05650826199716867,0.0012291972655492324,54.86140760027242,69.81507392589458,2.1485406086814582,-0.0035392911723241,-0.0035392911723241,14.18,-0.004427606975981359,0.06747600362257648,-0.024233420966677015,0.11119627542118843,-0.020446475095196523,0.03491511505065105,-0.0018483801586145834,0.061773850648938644,0.05843894049297722,-0.057882151825180916,-0.08453230626615012,0.054509964842435386,-0.17793374201432813,0.16717714065863212,-0.22746750587581965,0.11185845471962015,-0.007152593923474344,0.00531648076868976,66.84827015175294,71.48443369265496,3.147809664856614,-0.0165246909332865,-0.0165246909332865
