iteration,Lift,passenger,param_0,param_1,param_2,param_3,param_4,param_5,param_6,param_7,param_8,param_9,param_10,param_11,param_12,param_13,param_14,param_15,param_16,param_17,param_18,param_19,param_20,param_21,param_22,param_23,param_24,param_25,param_26,param_27,param_28,param_29,param_30,param_31,param_32,param_33,param_34,param_35,param_36,param_37,param_38,param_39,param_40,param_41,param_42,param_43,param_44,param_45,param_46,param_47,param_48,param_49,param_50,param_51,param_52,param_53,param_54,param_55,param_56,param_57,param_58,param_59,param_60,param_61,param_62,param_63,param_64,param_65,param_66,param_67,param_68,param_69,param_70,param_71,param_72,param_73,param_74,param_75,param_76,param_77,param_78,param_79,param_80,param_81,param_82,param_83,param_84,param_85,param_86,param_87,param_88,param_89,param_90,param_91,param_92,param_93,param_94,param_95,param_96,param_97,param_98,param_99,param_100,param_101,param_102,param_103,param_104,param_105,param_106,param_107,param_108,param_109,param_110,param_111,param_112,param_113,param_114,param_115,param_116,param_117,param_118,param_119,param_120,param_121,param_122,param_123,param_124,param_125,param_126,param_127,param_128,param_129,param_130,param_131,param_132,param_133,param_134,param_135,param_136,param_137,param_138,param_139,param_140,param_141,param_142,param_143,param_144,param_145,param_146,param_147,param_148,param_149,param_150,param_151,param_152,param_153,param_154,param_155,param_156,param_157,param_158,param_159,param_160,param_161,param_162,param_163,param_164,param_165,param_166,param_167
2015,1107426.0,120,0.0,0.015147466295574022,0.04768938065591874,0.07305014645271685,0.09083182054367935,-0.05545112813015748,0.15447975265070754,-0.0010578320207604798,0.013969824153191212,0.09024034404799174,-0.010149107711976689,-0.10615702937367166,0.02593699027389216,-0.11011184799189368,-0.04254505899482068,0.06822795764442566,-0.2594366860519954,0.03624394052033219,-0.1581337540895805,-6.529823082e-08,71.95600128,-0.11377894573493941,0.0158907132653601,0.0158907132653601,2.0,0.025443339010335936,-0.016011230551774353,0.21487473980253333,-0.07778024765648979,0.07422635285941404,0.09117634439903094,0.007886950538144774,0.04997642720566209,0.07543184754714337,-0.0047139093034336875,-0.005349524978199191,-0.15824943086722779,0.11674992373481234,-0.2670798550856192,0.24710936442168507,-0.444920211420821,0.1609971527056457,-0.16565326266368818,12.63139915,69.81752014,0.12078134631403231,0.0195930411129989,0.0195930411129989,4.0,0.0030719353562248686,0.07121430848797707,0.09653179808680123,-0.04957945418305708,0.1415905040462371,-0.022693182190303827,0.08865382483199707,0.019488427383453376,0.07720521677422705,-0.008357475127000346,-0.06030052753906613,-0.0008895622321632123,-0.14712911625504843,0.04760493274066696,-0.0680923479579463,-0.20667833210720288,0.08710982017568092,-0.14882940691976987,29.35029793,68.94444275,0.7132548149640288,0.0158517125537957,0.0158517125537957,6.0,0.017374335297883854,0.09396924124163732,-0.017001219637905945,0.14206341202472858,-0.05218729741518291,0.08296404274035597,0.026883314813784365,0.06759969112356219,0.052291365744237504,-0.004749349858898883,-0.08252631212750677,0.028784698653332524,-0.1514820038901456,0.05417647647244248,-0.08702636070673428,-0.006299559236268029,0.005007709360819413,-0.059853625117417944,40.88459015,68.58546448,1.3804598780204724,0.0040967066832651,0.0040967066832651,8.0,0.033806097088234954,0.06741217016914801,-0.029762139942490027,0.121111934794088,-0.022450689693140607,0.08272926671712051,0.018524505103466763,0.059649921110507265,0.02935640701027342,-0.003400648759279033,-0.0690653393283026,0.0652118760284464,-0.16193402922186506,0.15147055969616594,-0.19433131485267532,0.113416961643289,-0.04512852279037492,0.0019101573593901912,49.44328308,68.802948,1.7232567482882728,-0.0012107218330925,-0.0012107218330925,10.0,0.03962753381396994,0.04620809821305284,0.004265195833065465,0.078617390274773,0.021830831714383887,0.02127222525048183,0.04187137332702666,0.06577806735720776,0.013867774565231306,0.0027684417423958305,-0.10248999609454991,0.0843804845198653,-0.1829203279052918,0.17908588268385878,-0.20164084265386312,0.08297808042369478,-0.04884983648082344,-0.004021443226914742,55.02288818,69.77344513,2.0822731084100856,-0.0035392911723241,-0.0035392911723241,14.18,0.033926489172844965,0.08008449835335167,-0.016726567571630643,0.10965611527190776,0.007332280760054497,0.06506481291362319,0.021346588189077916,0.06643930961256234,0.0036491942610926992,-0.008113147896143438,-0.06304845259047845,0.02849728635230865,-0.19041919855328604,0.15525744037369943,-0.18944479752311846,0.08968287530703861,-0.027238100432674925,0.01205130893700521,66.73245239,71.73248291,2.918203636508993,-0.0165246909332865,-0.0165246909332865
4526,1101868.0,130,0.0,0.02342332784129897,0.06916268683110066,0.07167582268593416,0.07086498006420369,-0.05468800990300081,0.16141087695403483,0.02124059894769487,0.009674366700494295,0.08001615836428429,-0.002936886018793547,-0.10781479350615479,0.03281328814447147,-0.10289474108881559,-0.021565057106280934,0.05999454483088031,-0.2526325380417195,0.044465425435660885,-0.13593940156938844,-6.529823082e-08,71.95600128,-0.22867680986173622,0.0158907132653601,0.0158907132653601,2.0,0.02418199987830101,0.0009005647159670003,0.20358334609355014,-0.06586330044843086,0.08927231189224263,0.05300559281507584,0.019292425367498398,0.021518098464152743,0.07878742073087187,0.011396825916231024,0.009848658450137396,-0.17641125906082436,0.13654249213017722,-0.27880602575241,0.2440975707471703,-0.45803704215540536,0.1340527956788697,-0.18004183041455993,12.63139915,69.81752014,0.16189004029802756,0.0195930411129989,0.0195930411129989,4.0,-0.002854954663564304,0.047355896237368085,0.11969742459162765,-0.028373902266429617,0.1354546385993055,-0.04416762917756795,0.10325238929317829,0.027133763068102272,0.07800052242362879,-0.008290049766226304,-0.07459147777408655,0.03097089815661345,-0.14822940721840183,0.04743208969712513,-0.04459434539340774,-0.23565095543009737,0.06797495413453772,-0.15789612210499493,29.35029793,68.94444275,0.7637868294809096,0.0158517125537957,0.0158517125537957,6.0,0.03597186339913347,0.09669093624529261,-0.044758317007378964,0.13190521101913427,-0.06342945014795945,0.09585767191662072,0.04522217716094739,0.06818897832412901,0.062760696008341,-0.015072912815306634,-0.07894360061996392,0.031096676164238786,-0.14894509032168626,0.0846413661297112,-0.09081927999615413,-0.04101178397926415,-0.028051577413296568,-0.05034312712616215,40.88459015,68.58546448,1.3567455660908572,0.0040967066832651,0.0040967066832651,8.0,0.02145748450680072,0.0806385927021019,-0.03292085342340759,0.11615373753646292,-0.031147971917381487,0.08907553029352996,0.024758847440358785,0.09582960271813626,0.024861075886877363,-0.021362289161881057,-0.09557671496332665,0.059835486315607825,-0.16815041316096682,0.12566044299035478,-0.2031583482907078,0.0920632596636204,-0.04359424682326188,-0.009980401849544011,49.44328308,68.802948,1.7380370203600117,-0.0012107218330925,-0.0012107218330925,10.0,0.04002388624090722,0.0588473214438858,-0.015954012771827678,0.08787313241985525,0.006598099717441596,0.033295905657235204,0.0614775503901498,0.06939427175834013,0.0240047325420877,-0.019795898679920362,-0.09656759704859846,0.08530793634799026,-0.19289716558443284,0.18081067332282938,-0.19355789081679545,0.08844182776513185,-0.03979728205592455,-0.006010211269558384,55.02288818,69.77344513,2.1712823717790313,-0.0035392911723241,-0.0035392911723241,14.18,0.014218803018405994,0.04592055840837986,-0.015316177091926406,0.10245687285502156,-0.0023074962008191387,0.07448644783677508,0.03260333638344897,0.0652148846609516,0.00971255236108523,-0.007801445704293844,-0.049125751893115646,0.04160725264417849,-0.15518849131221796,0.15155643095375076,-0.2073142410143164,0.09856403438450084,-0.0026077841516661763,0.00932251548160903,66.73245239,71.73248291,2.8160878877738122,-0.0165246909332865,-0.0165246909332865
5134,1102973.0,140,0.0,0.02198750065598362,0.06204880168478978,0.06678174227885526,0.09197055216178558,-0.06845141089119201,0.14871316690324132,-0.013869698752317597,0.014902433416712966,0.11488453781142935,0.008198245783363416,-0.09277871396972436,0.0412154839001538,-0.11115352849456281,-0.04758879734704851,0.07767285348678069,-0.27345611067417974,0.05280671876221582,-0.1640729193287677,-6.529823082e-08,71.95600128,-0.08904187672105207,0.0158907132653601,0.0158907132653601,2.0,0.02635077191057124,-0.013595419335758835,0.21473011421448873,-0.07156845937360276,0.08947639536135889,0.08751138940464669,-0.015003757227559584,0.03606009451347712,0.07715289156992283,0.0031968407692575234,-0.009765690011732789,-0.14090710672387435,0.10494095323223614,-0.2635091715979329,0.24118589535975996,-0.45136761975128675,0.13362421634080496,-0.18013529824630256,12.63139915,69.81752014,0.05030891775371056,0.0195930411129989,0.0195930411129989,4.0,-0.003870246869780502,0.07029560222877652,0.10514960675930651,-0.03396322802493078,0.1265283168073455,-0.03473900603304408,0.10712762124187487,0.004095791748611854,0.06208312392669868,-0.014160725429769469,-0.07255649691232383,0.015812473379788493,-0.13462810025705146,0.0641091013588127,-0.03313580894289769,-0.2283085423312753,0.0871490343080299,-0.14973908384138285,29.35029793,68.94444275,0.5976663729300435,0.0158517125537957,0.0158517125537957,6.0,0.014505165643633508,0.07592112642752637,-0.015512782779109457,0.13756989549048063,-0.05091128791850396,0.0850425135981876,0.0419905199596217,0.04526763831889442,0.05467645034309419,-0.015003465811913547,-0.07479684131241149,0.03449995169085273,-0.15196497611829518,0.09007119738194512,-0.10081527115310364,-0.03424344586330292,-0.027289378358344444,-0.05952701559910979,40.88459015,68.58546448,1.3240697377453232,0.0040967066832651,0.0040967066832651,8.0,0.021729586048260835,0.07070307783229657,-0.005004886092892458,0.1255039151129896,-0.026210113955105283,0.0695600851770601,0.0416855950414275,0.07076779558486787,0.01635798978001303,-0.013044883650371307,-0.06977312330703113,0.04596751761584056,-0.15871749063226662,0.13983777582721718,-0.19087964211215763,0.08097796436968767,-0.04648090653341778,0.019472417907027466,49.44328308,68.802948,1.7982701455768162,-0.0012107218330925,-0.0012107218330925,10.0,0.032551514898159294,0.06441893077219264,-0.004929901139089102,0.08387404174757576,0.0215187054464424,0.03414369237458704,0.06930118999761786,0.047793066790064245,0.025450288424440356,-0.020528468212539407,-0.09961524465014679,0.07595645342165872,-0.18364952188975836,0.16243027833309248,-0.22392658465855678,0.09378911223279895,-0.032192281857071535,0.014774239213212359,55.02288818,69.77344513,2.039341130595708,-0.0035392911723241,-0.0035392911723241,14.18,0.014261689730693052,0.07770157773377914,0.001074797120313548,0.11831078949670558,0.0052600126618023895,0.07411660002792037,0.03632602851217758,0.07301498017010125,0.021960522425022905,-0.003129636527785116,-0.051673370504255335,0.050352173973262575,-0.17712528098572353,0.1603870664429908,-0.1976031206931217,0.06709159759049774,0.002125047154895726,0.019897517453993867,66.73245239,71.73248291,2.9234243813731315,-0.0165246909332865,-0.0165246909332865
7800,1106379.0,120,0.0,0.018032188173637775,0.06677976562336571,0.05084605231727578,0.10191854626822569,-0.058766818041681795,0.14880694001667882,-0.0023030322169969204,0.027613478654008487,0.08631132943849583,-0.02053050730742756,-0.09038387093584285,0.0452218636087709,-0.12666399681440038,-0.017336205847080642,0.0510242300967884,-0.26486370462494385,0.03313634590110679,-0.1563410765024759,-6.529823082e-08,71.95600128,-0.17952697775271703,0.0158907132653601,0.0158907132653601,2.0,-0.00014022280840920304,0.015709810273121474,0.2043817684339635,-0.07094796397034016,0.08982216779317495,0.09185093482068674,-0.0004427799705481281,0.023822204119942167,0.06843306846422516,-0.01599206675176908,-0.006936088829304819,-0.15381305575916318,0.1134512883515573,-0.27010887631119307,0.2566171204417152,-0.4373063527223098,0.1590079927478459,-0.17956721565046424,12.63139915,69.81752014,0.05909354140252934,0.0195930411129989,0.0195930411129989,4.0,-0.001210450233267702,0.058731786789344036,0.12100514944424566,-0.058470691069706295,0.14331088915684292,-0.03422113956533663,0.0763148606777273,-0.010855136457405157,0.08259408233308072,-0.026642922102592427,-0.07357597487354707,0.0018288141922256917,-0.12869950629699894,0.06437253877786805,-0.045668352418142044,-0.19980410851341318,0.07449132919242292,-0.12336831827375937,29.35029793,68.94444275,0.7002154891366412,0.0158517125537957,0.0158517125537957,6.0,0.013885607907531104,0.0939417768787578,-0.03751330575681899,0.1327063453792668,-0.06677448169519565,0.08375292242728077,0.03982732941596746,0.033107712559050005,0.06933718646169837,-0.028296356629327925,-0.05108802239387031,0.03957547810537617,-0.14697074447038944,0.07218070528551587,-0.08917747775674693,-0.040150493811724544,-0.023541086254884293,-0.06976388877688595,40.88459015,68.58546448,1.3802583307179588,0.0040967066832651,0.0040967066832651,8.0,0.029001299857005527,0.08690066885426045,0.0026725340830854837,0.0944643622044828,-0.020157535579097642,0.05698793900385034,0.022634456499541475,0.08083718911922347,0.04619642943482156,-0.002334229711445625,-0.08202180063884797,0.03427094699285897,-0.16163161214898358,0.13349610945962243,-0.22059683798167534,0.08611233178717155,-0.05892776381661568,0.005845832932156489,49.44328308,68.802948,1.8202833900575048,-0.0012107218330925,-0.0012107218330925,10.0,0.024358909952501697,0.06538996756544359,0.007340196348175251,0.10255671054801045,0.013276519803840793,0.022713710829760637,0.03643285129414841,0.050180345552996206,0.012143681638548152,-0.026089979048550583,-0.09374895906571362,0.08059366354446279,-0.20609567734425785,0.14406596957064616,-0.19120980459598202,0.06953864265196864,-0.04441845496437723,0.0007309804233781286,55.02288818,69.77344513,1.9972621242120836,-0.0035392911723241,-0.0035392911723241,14.18,0.025817020287908537,0.05401717318434793,-0.010152305485568554,0.09418574247591535,0.009705779205013611,0.07848296778448483,0.04466785256505629,0.08215974166646582,0.019144422156396067,-0.027056066786039862,-0.05981235847920225,0.029665050923583153,-0.18310484606704214,0.15142119905417917,-0.2045314950443845,0.07158550082486347,-0.03011130002255026,0.03272997013204544,66.73245239,71.73248291,2.936773154317749,-0.0165246909332865,-0.0165246909332865
8880,1102125.0,120,0.0,0.024291230063612064,0.07712211325710575,0.0723237955928904,0.07011535947721786,-0.045117737834571126,0.15294691621436846,0.012346971323741093,0.0016879178398666907,0.08776784927860468,0.011872170675766465,-0.10481725071872812,0.030123784163432414,-0.11309176445144593,-0.05332899182618235,0.07943547845415054,-0.2680020669117026,0.06246924675456038,-0.1466678565747376,-6.529823082e-08,71.95600128,-0.16821046447236399,0.0158907132653601,0.0158907132653601,2.0,0.005627170361170266,-0.014761377810920259,0.19515021543816446,-0.06390761048192165,0.09081034641403651,0.07333172929053663,-0.012517652594307462,0.05325252770552652,0.06665096137832617,-0.016739406437396423,-0.0013084313060530307,-0.17463258504861567,0.1237495667361053,-0.26390855308216765,0.24241704858409255,-0.4433935088922248,0.12276106494379026,-0.18485004918190656,12.63139915,69.81752014,0.15701158163722534,0.0195930411129989,0.0195930411129989,4.0,0.007108810085492492,0.056221431422012934,0.09832640154930637,-0.044843631728413255,0.14608374577623917,-0.03499905853846594,0.07785801592546944,-0.002547781896668627,0.0715826553654256,-0.019622820115352907,-0.07963586538289691,0.028491961297692193,-0.12430865461910638,0.055544781614214486,-0.045859196518641406,-0.2243978366404039,0.07456200996556826,-0.1418149662889861,29.35029793,68.94444275,0.7018307656562441,0.0158517125537957,0.0158517125537957,6.0,0.010718462476909914,0.06630636085511372,-0.034646213879804294,0.12496435739401188,-0.04756834076851671,0.08058762269625593,0.02330084264564993,0.060185643506658865,0.06825067716906252,-0.010867218230312899,-0.06609260822311495,0.022930060833820376,-0.12972426761961023,0.08813170386096898,-0.08387591177360687,-0.009982949545291822,-0.011925913629813142,-0.03517525372297249,40.88459015,68.58546448,1.3654757158533097,0.0040967066832651,0.0040967066832651,8.0,0.03980808250330761,0.07710496497558256,-0.01634027290077692,0.1232061639673894,-0.005048970082802941,0.08453492574699274,0.01542416497571996,0.06856980113538913,0.014462984644978315,-0.028833964521510734,-0.07853137856401866,0.04769759791303276,-0.16216639944290573,0.14718998895997631,-0.19808022408845977,0.081106549564499,-0.03137191131278772,0.007173550450390617,49.44328308,68.802948,1.7288438213612702,-0.0012107218330925,-0.0012107218330925,10.0,0.0054603426110776815,0.05813239453965019,0.014798645187540501,0.06681667026168847,-0.006738968839196146,0.034437842000831685,0.05968495234753661,0.06735183761147416,0.016750538818472584,-0.00808383969241126,-0.0852534602108816,0.09245460774023347,-0.18384535599475213,0.14824009408680866,-0.19007279722270984,0.07509968737228327,-0.045558485424433366,0.021511610361559977,55.02288818,69.77344513,2.061850758219209,-0.0035392911723241,-0.0035392911723241,14.18,0.04185614376683433,0.05042867747468912,-0.022038841950196182,0.11105958122487766,-0.00940919120057181,0.057732016980233274,0.03508958640925968,0.0599254205643064,0.02049055134723398,-0.02979683722906452,-0.07090716503434068,0.055846829144784296,-0.1897270342444156,0.12210517603159594,-0.1872538498159478,0.09263362151455316,-0.024077198652363963,0.02190397022160205,66.73245239,71.73248291,2.8243631334305066,-0.0165246909332865,-0.0165246909332865
8887,1103595.0,128,0.0,0.018588776031504217,0.07037618410512639,0.0607985112544662,0.10230885203809865,-0.052652361722216545,0.1479372831703277,0.01722775222310035,0.017876134158459442,0.11516249581261151,0.0026843176492206,-0.08034182331131033,0.025090690118011433,-0.11810246808841642,-0.028235308354563282,0.06508168313842014,-0.2738460367036931,0.05458868123483132,-0.14302062278402858,-6.529823082e-08,71.95600128,-0.2174108707312738,0.0158907132653601,0.0158907132653601,2.0,0.015145215826838039,-0.004351726510785179,0.21778894028761647,-0.0704388944275774,0.05456960473336573,0.07395025949974116,0.012034084268126247,0.018734965716341728,0.09742703861104357,0.014574702101929285,-0.009065546558699827,-0.15705621743121753,0.12382978549259165,-0.2763318441248276,0.2646727538518081,-0.469471483200655,0.14104333496719657,-0.19032086088148245,12.63139915,69.81752014,0.0852706289930157,0.0195930411129989,0.0195930411129989,4.0,0.019471862026144558,0.0646198233463284,0.10359111897973261,-0.05235738168400221,0.13882163051995206,-0.04437552136926168,0.10982847774509448,-0.01022180495803873,0.07777978759013791,0.010494439636443762,-0.05646960916124525,0.013244211775556925,-0.13664187295417318,0.053797628741804465,-0.049673655533335505,-0.20433086574018708,0.06618045382905294,-0.14290430182257316,29.35029793,68.94444275,0.6748075123370434,0.0158517125537957,0.0158517125537957,6.0,0.01531072216396501,0.07729546987240472,-0.024171534577872425,0.14570156478795232,-0.058522707556858185,0.07344336982477355,0.02626682882854006,0.05154607573410323,0.0473625685481775,0.0015378314637277749,-0.06222855068570071,0.03541150869646355,-0.12319054235754137,0.08271885623491376,-0.10784869988980804,-0.006531440681483954,0.001385887590539368,-0.04030538109514784,40.88459015,68.58546448,1.333971239731885,0.0040967066832651,0.0040967066832651,8.0,0.020760454225676163,0.05363767231711135,0.0022310566173543815,0.12097894253724614,-0.01030038251290424,0.06914903399390673,0.021985778870778842,0.06724874963093881,0.020140064574898406,-0.01851443491723607,-0.05911631779748233,0.05167149816401935,-0.1648328786520207,0.1535255657559211,-0.18698888448192913,0.10817108270996569,-0.03739148557305279,-0.01006037183188463,49.44328308,68.802948,1.7005143652967127,-0.0012107218330925,-0.0012107218330925,10.0,0.044046610404297054,0.07124158218957234,-0.0019522360691633489,0.07546383995184032,-0.003888499116519657,0.018540033497447463,0.07447294591388584,0.041182421040641494,0.033518314602041216,-0.003818002401937661,-0.07736781755948131,0.06202572764422448,-0.1854690343921891,0.1737935086347884,-0.19875029433395597,0.07573956731796448,-0.02563375453409395,0.0005401174011823127,55.02288818,69.77344513,2.0157264501924477,-0.0035392911723241,-0.0035392911723241,14.18,0.04212104215171169,0.043508751058549816,-0.023934065599868902,0.11518758462614709,-0.01774664547623629,0.0625309985912602,0.02598455756979809,0.05964000503766794,0.035552933828783245,-0.022005839648215456,-0.06981353018420725,0.05142538328614037,-0.17191185032984632,0.14493632488409072,-0.204416881089218,0.06481655229872998,-0.028545462125723356,0.012896744189127254,66.73245239,71.73248291,2.988521709866576,-0.0165246909332865,-0.0165246909332865
9781,1362764.0,125,0.0,0.015684821985381073,0.059324913655130526,0.06701712510779932,0.06951965495924155,-0.05171328642789347,0.15087326086171174,0.00855129276618413,0.020713553225237658,0.11405437197081451,0.007159234825275992,-0.10298395506069319,0.048590592210712914,-0.11451546255400052,-0.05044814015910621,0.047336560950093164,-0.27276429993622736,0.04267260607933422,-0.14240112404152735,-6.529823082e-08,71.95600128,-0.08708642745647519,0.0158907132653601,0.0158907132653601,2.0,-0.006342134341801822,0.004657526363341975,0.2193544192026487,-0.07996341382437964,0.06143188879706959,0.06439713025692831,0.009056527934268062,0.01588659005330425,0.08163396592545938,0.003954647907519123,0.002921361447534845,-0.17559781919979436,0.10665039682240461,-0.27363999867915667,0.24683220870710065,-0.4525615904383075,0.1554066659063068,-0.18065069064480155,12.63139915,69.81752014,0.13632646079252964,0.0195930411129989,0.0195930411129989,4.0,0.02688399047139381,0.047342700062458165,0.11719177508045524,-0.03528413063434519,0.1519276556939935,-0.021753011052156403,0.09095506465654545,0.019777941100445215,0.06988910870435691,-0.0214815870393691,-0.07280872219912235,0.010111710337495645,-0.15762653066582322,0.063983012126405,-0.06016977873335408,-0.20401602307661176,0.05562495007998668,-0.1312817588300483,29.35029793,68.94444275,0.7144643172541665,0.0158517125537957,0.0158517125537957,6.0,-6.429089778813707e-05,0.09250485259320598,-0.02028616652356264,0.1459838648948623,-0.06176618796760014,0.09690573471285734,0.04311492937842371,0.03670635777719917,0.05205704312632259,-0.029696527790116813,-0.06253689572475091,0.05039323183031883,-0.14382318658400395,0.07852698055757616,-0.09847003841377447,-0.035344686564292335,-0.0059691478142672215,-0.04438599027650824,40.88459015,68.58546448,1.3390579503058166,0.0040967066832651,0.0040967066832651,8.0,0.0209427079617987,0.07738329462308209,-0.029069958630909967,0.12631179323088215,-0.02763723002789649,0.07448716331023109,0.04080049934133717,0.06433611205189932,0.03500395487774976,-0.0060404283124253265,-0.09048561303365535,0.06730738105261548,-0.153276619006733,0.14323134330154924,-0.20214639615329866,0.10765036497222524,-0.030900843816033297,0.022657016136955775,49.44328308,68.802948,1.8166500156715186,-0.0012107218330925,-0.0012107218330925,10.0,0.009441194996744777,0.049102531256021556,0.006933872371938116,0.1041775496693711,0.02972022786007908,0.0317162839103073,0.0718329052254677,0.05088343824220863,0.04526160757535358,0.005995956302499533,-0.08823934541046582,0.05817765522055434,-0.19866444729776228,0.17119959000036364,-0.21340436720568742,0.08828628367833237,-0.047597210692136724,-0.0017339879486488203,55.02288818,69.77344513,1.996311297475777,-0.0035392911723241,-0.0035392911723241,14.18,0.0355992273598848,0.07294361665716857,-0.02163912007292797,0.12065068177856716,-0.004909970997406121,0.04233538902604554,0.054178031482551195,0.06911898288501972,0.011290684523510522,-0.021982877516019197,-0.05885115258846582,0.042950512421361345,-0.1632789876627781,0.13361141610818292,-0.18231256908591087,0.08935267116129086,-0.0013515513017617609,0.013322235499445159,66.73245239,71.73248291,2.9620099153336628,-0.0165246909332865,-0.0165246909332865
10396,1764317.0,130,0.0,0.029884725508798768,0.05496295776069461,0.05462819446486638,0.095119643184712,-0.05730699311909201,0.151096377031742,0.017805281846101383,0.013996637242112366,0.08813885547108574,-0.017273043229073814,-0.11769480365451014,0.042025879750095634,-0.12778554448193416,-0.054222380379742266,0.06142964187647218,-0.2674900580548768,0.05221864579826655,-0.1516677794050022,-6.529823082e-08,71.95600128,-0.18957740307696117,0.0158907132653601,0.0158907132653601,2.0,-0.005372806019806043,-0.0005201421755730752,0.18920185607536044,-0.07409867391529705,0.08939730687346086,0.08658483977851585,0.0030720222487609864,0.04506646281333467,0.07505730520720796,0.004065855310206635,8.388397134834365e-05,-0.15692881387579924,0.11490005497252362,-0.2633132899954085,0.25181058290159103,-0.46448391166279773,0.1336452167246312,-0.19103502475200898,12.63139915,69.81752014,0.11343035690229097,0.0195930411129989,0.0195930411129989,4.0,0.020290365680393416,0.045987329181836775,0.09601691640493612,-0.048174651628631,0.13902517657245703,-0.02242895937287788,0.08776200951281618,-0.009749309061613209,0.0716204062553569,-0.025285826028336594,-0.0818436250611756,0.02438408163612668,-0.12470464247672026,0.047230055392702176,-0.06956882146439117,-0.20638137741610324,0.0793809289696762,-0.12908705850000934,29.35029793,68.94444275,0.730078988909755,0.0158517125537957,0.0158517125537957,6.0,0.014348850248560769,0.07691003823036151,-0.011782591111521284,0.11708175961177716,-0.06390732931028202,0.090353248120633,0.04802937148743718,0.05834547959310936,0.05094231608370425,-0.02698885923709725,-0.05315184405579419,0.03710293788335226,-0.11620199436351966,0.07220719586593138,-0.1121889609570622,-0.019731876261897013,-0.005236356217935436,-0.05472953137275359,40.88459015,68.58546448,1.299257947602312,0.0040967066832651,0.0040967066832651,8.0,0.018752748254327982,0.0756567768099792,-0.000656781976405842,0.12180360829278132,-0.012650898601349573,0.059436645712097814,0.016532157553075535,0.06851281337394205,0.039792034008904964,-0.02066856137415071,-0.0747084839582934,0.055965293786526295,-0.17616388795883808,0.1562324550421493,-0.20311572046487164,0.10597398782147026,-0.04979115445203843,-0.002729742406506374,49.44328308,68.802948,1.7946539079571877,-0.0012107218330925,-0.0012107218330925,10.0,0.027062063794340563,0.05359181386633063,0.00922608608682558,0.08397641571418513,-0.0013949391411559667,0.04253226482801259,0.06399743388278296,0.03813364288973269,0.047130641872906706,-0.007450161293457056,-0.08203601155703175,0.08777378038463018,-0.19137251776724834,0.16945346927295477,-0.2133438296432793,0.10382804405513767,-0.04378050772312108,0.006450886330545848,55.02288818,69.77344513,2.074462048856111,-0.0035392911723241,-0.0035392911723241,14.18,0.02401193723178753,0.06447162678104411,0.008485759713694082,0.08662446982653886,0.005474966517306472,0.0577213099733669,0.0434115488684858,0.06000427370095453,0.035091549789752284,-0.006924631583142066,-0.05727067348582346,0.03901409537338406,-0.1892517118123218,0.15079545578209222,-0.1864443387818652,0.07270483017465974,0.0055074014992425105,0.023826729861929345,66.73245239,71.73248291,2.8408075184920007,-0.0165246909332865,-0.0165246909332865
10547,1106167.0,130,0.0,0.05023586730544585,0.03809661307660958,0.06389581741465203,0.07849449290283866,-0.04997933734921545,0.16458038285284168,-0.0025910619573270063,-0.00028448882697544066,0.08599006976152027,0.0028509511877865905,-0.10532461431468498,0.03306207624689917,-0.09940574347180733,-0.02354555286557103,0.0829094578037998,-0.2868881580509508,0.06900333211309016,-0.1451184109063156,-6.529823082e-08,71.95600128,-0.07995781162743902,0.0158907132653601,0.0158907132653601,2.0,-0.0033111052407022584,0.013713332022546263,0.20984278791672947,-0.07260495991275209,0.07234906959941576,0.08695382341824277,-0.008915895441311213,0.03450309403664073,0.07960509661472345,-0.007850866057630756,0.017676724488726155,-0.16223781113576113,0.13655957114147355,-0.2760435190327789,0.24491602890657657,-0.4618101416957116,0.12577808770102003,-0.15880737575988224,12.63139915,69.81752014,0.08706856754425876,0.0195930411129989,0.0195930411129989,4.0,0.0044752346341487455,0.049548868817471226,0.10862594012244628,-0.03310927106155925,0.1206165303971027,-0.040681012588324336,0.0828253687543515,0.008922612993782985,0.06399848951511299,-0.00880526489080556,-0.04985164269972736,0.033927206436216044,-0.13274705149393187,0.064627697991153,-0.047612047015527154,-0.23694321181039893,0.05652218436327665,-0.15370782455158338,29.35029793,68.94444275,0.688074253488367,0.0158517125537957,0.0158517125537957,6.0,0.017888694033897267,0.08730191614132665,-0.039854549381462955,0.13192835151571156,-0.048778436502593614,0.10777706607244977,0.026365112092553506,0.057840740522612254,0.0574929823577081,-0.01272671688817958,-0.0500632879058467,0.0513702237447534,-0.14139071027719044,0.05594341692636736,-0.08419026677781952,-0.021339208140962504,-0.0009727459655241751,-0.046771029153382625,40.88459015,68.58546448,1.3633414252154603,0.0040967066832651,0.0040967066832651,8.0,0.016829592607913012,0.06792849067884812,-0.009707457185443651,0.11610309211132273,-0.013784684908179272,0.06852776646596519,0.03511935428542829,0.07580220259032837,0.026911581034693283,-0.001304488850043025,-0.07789111059864984,0.050853257193913586,-0.15474405537115538,0.16298652150969453,-0.18765511782551222,0.08127180134074888,-0.031765807506893826,-0.007540722353418997,49.44328308,68.802948,1.8380716322272783,-0.0012107218330925,-0.0012107218330925,10.0,0.013087303114602693,0.06711379009315804,0.0020733065206929037,0.06467906924049899,-0.004441247265830154,0.03719946085950974,0.061970194733852534,0.06736627741300899,0.02417517403175391,-0.021033774304947066,-0.07561316073739674,0.065389009593172,-0.20653808532098958,0.17443671272879246,-0.19042744434163456,0.07317785196350463,-0.04384938974140887,0.0038710727959525276,55.02288818,69.77344513,2.080095483554454,-0.0035392911723241,-0.0035392911723241,14.18,0.02314143414830507,0.05313526101442534,-0.0041701047178268405,0.10024628910531608,-0.006128653704885496,0.06733169438690209,0.03530698415486374,0.05546849484841394,0.02760700675054304,-0.026756277811708532,-0.07577128532156466,0.0430813792648746,-0.1784011751016225,0.1490586228270478,-0.19529166310646157,0.0655732100568614,-0.004599212028891951,0.015947759162414726,66.73245239,71.73248291,2.80624312963996,-0.0165246909332865,-0.0165246909332865
662,1100980.0,120,0.0,0.03402064064293028,0.06554200430703876,0.058539267358811466,0.08168334992379425,-0.04810491516604215,0.15546175778494722,0.0211642124403828,0.03087940230831773,0.08978682607942316,0.01117578752175235,-0.08381181502407273,0.04673997812092102,-0.12796739942706548,-0.053491862441337884,0.08008451962565019,-0.27701177316346803,0.03862354449445268,-0.1556476015876388,-6.529823082e-08,71.95600128,-0.197821899402011,0.0158907132653601,0.0158907132653601,2.0,0.014024595036841333,0.0032946606017233157,0.21263428066984758,-0.08940525222240914,0.08817365867460382,0.06644770782490826,-0.0031787973681044667,0.018794026341961412,0.09114841260016622,-0.014321539047751852,0.000682361874429032,-0.13956822877412706,0.11561758670877906,-0.26329604224746417,0.25752038351446566,-0.4576046092771423,0.15287468961192904,-0.1586395078653654,12.63139915,69.81752014,0.13422145644017835,0.0195930411129989,0.0195930411129989,4.0,0.030714512279418668,0.057720433782394547,0.10905731190758887,-0.06036573167008566,0.12243056490027146,-0.04621795032677234,0.0775165967332212,0.003132197236216631,0.09258574651059022,0.0016477328693803792,-0.04744611982283571,0.03406545177410668,-0.14356487229719012,0.04329895004989081,-0.04545295977641021,-0.19844807749628166,0.08948503452110516,-0.13478480899326134,29.35029793,68.94444275,0.7805411693722386,0.0158517125537957,0.0158517125537957,6.0,0.03206488740234377,0.058706815683215244,-0.019636409482930665,0.11920410310059697,-0.04215519425177895,0.09417080445002168,0.05297181185001655,0.06032274965245953,0.06278279870065573,-0.01927985376976713,-0.05596187779735852,0.03241360920527658,-0.137600574491032,0.09309192584016723,-0.08696889011855549,-0.041462823229331786,0.008959442578568903,-0.038275073184444494,40.88459015,68.58546448,1.3203311782518639,0.0040967066832651,0.0040967066832651,8.0,0.01423660118460621,0.05489658602703845,-0.01691523771907047,0.11891391411213896,-0.02384344835547305,0.08696886886955833,0.025076358685963,0.05972728821678144,0.043832420555678445,-0.0009519170095716005,-0.06092864992202867,0.06742269924636193,-0.16569901510847856,0.15408531048687313,-0.22286595035177864,0.08490886887039817,-0.0457752683164833,-0.0050653475393779915,49.44328308,68.802948,1.6928542275311071,-0.0012107218330925,-0.0012107218330925,10.0,0.01916687441312078,0.047036280944858726,0.0009295516426542651,0.08901399153254383,0.021280821663999007,0.0464492510505999,0.06856268566105905,0.04597363440305332,0.03820291195237634,-0.02690677177937538,-0.10192338088762419,0.09070382516661829,-0.20702585170552237,0.1477081723261801,-0.1964527083990205,0.07499080636725561,-0.02906897528623198,0.0003355945446949799,55.02288818,69.77344513,2.0171550104552365,-0.0035392911723241,-0.0035392911723241,14.18,0.039803669235050194,0.07256788711894349,-0.022953535634445035,0.0871585417137137,-0.013268148433447393,0.08130783249580054,0.04782128968326717,0.0808154045110024,0.005685287336214342,-0.003948319994397074,-0.05839818531339161,0.039545677320725336,-0.1776366176858485,0.13666109518661368,-0.1952731782262497,0.08822882444310802,0.0012739618892819733,0.004370578221750222,66.73245239,71.73248291,2.813104352222144,-0.0165246909332865,-0.0165246909332865
789,1101244.0,135,0.0,0.04245633434780292,0.053624964840373296,0.08609050052744333,0.08228722568080733,-0.05643106232104918,0.12916041548498924,0.011655471057891017,0.013612013374517784,0.09756249154921866,-0.0004303168089793718,-0.1168788117649053,0.019501031567430795,-0.0919153773253212,-0.04177488655344218,0.06767497868604971,-0.2692766808841874,0.051897142753592106,-0.15614699203525534,-6.529823082e-08,71.95600128,-0.15176170444436748,0.0158907132653601,0.0158907132653601,2.0,0.017724306197510642,0.006905856747225792,0.1857881896767122,-0.06931131211330425,0.07761497113492932,0.0891253385182375,0.0019254175874470758,0.04708652075372452,0.07499096805351393,-0.018470371548385267,0.016439165229359048,-0.15988716488575186,0.1155868655145108,-0.268925735461045,0.24471497781599785,-0.4432183377011123,0.13146327926594983,-0.18881690303644685,12.63139915,69.81752014,0.021494007325863485,0.0195930411129989,0.0195930411129989,4.0,0.0028551946620253617,0.059842267375472165,0.10505189610186903,-0.04501547134235268,0.1385008059768758,-0.05506911234879519,0.08441275708721017,0.0021451065980994813,0.06073930458401442,-0.008935934747101977,-0.07684122374433333,0.0200218603991422,-0.1480344579074638,0.05912570292099947,-0.04690794372096382,-0.21443399491111872,0.07722600951034454,-0.1380639791102566,29.35029793,68.94444275,0.7160330410090353,0.0158517125537957,0.0158517125537957,6.0,0.02835175878013579,0.09450481208138725,-0.00766098275568328,0.14682140764688384,-0.047294652094985075,0.0799631497954141,0.04033122132599112,0.06520132938909445,0.05896672883765178,0.0069084265433390895,-0.0802850502915142,0.016458138205366225,-0.1265368470729102,0.054982822295948544,-0.09403162343278731,-0.022122269386113207,-0.011264365119067882,-0.032354816620437765,40.88459015,68.58546448,1.2776749047536304,0.0040967066832651,0.0040967066832651,8.0,0.016160984263253176,0.07463178986867568,-0.02110128908159444,0.09572502807919385,-0.0031469064765096214,0.06628729521780087,0.018711555828037022,0.09592116190588074,0.011889855176683003,-0.004139854493823102,-0.07860016196739494,0.0450032101283782,-0.16237729598341427,0.15067967831994725,-0.19243936651140567,0.10933991432426562,-0.05938691792125884,0.01219355188497754,49.44328308,68.802948,1.6562172123149643,-0.0012107218330925,-0.0012107218330925,10.0,0.04381358701658361,0.059493871372779526,-0.00043831606961321147,0.07256048926914532,0.026633089612478504,0.04695087687162053,0.0734212474552723,0.06290590075525497,0.03359853725157249,-0.006161020301237639,-0.09234897932068846,0.09173028258312997,-0.2111062894402362,0.1557227229648112,-0.22413843229194538,0.09388107216742081,-0.05103162626024418,0.027316286299967747,55.02288818,69.77344513,2.076463494399737,-0.0035392911723241,-0.0035392911723241,14.18,0.0072226743594060415,0.07367965673259405,-0.009150581951696313,0.0971718497286157,-0.020806598691097966,0.07945491568382457,0.05011591546055966,0.09429282526645646,0.0368705144487983,-0.008242466572002097,-0.06203395216637139,0.03778897807140247,-0.15964867609376993,0.15492338504417955,-0.2027443974120085,0.09403531664141128,-0.01997748424920103,0.03910893446478298,66.73245239,71.73248291,2.957539233928975,-0.0165246909332865,-0.0165246909332865
1086,1101347.0,162,0.0,0.014769951029818557,0.057968504716697324,0.04697272623562455,0.08506955328031646,-0.0474357224739841,0.13094745370327587,0.008827738403627206,0.023539257774429917,0.11170284215359993,-0.013857567816184108,-0.1147151498542793,0.04845677981262849,-0.11556475731661454,-0.04260151105454578,0.0820009353243087,-0.2792919882168885,0.05109873707590741,-0.16046388621251262,-6.529823082e-08,71.95600128,-0.04161534435269476,0.0158907132653601,0.0158907132653601,2.0,0.010604693216332482,-0.020395941727229114,0.20632747818902256,-0.056404605402265585,0.09070106864450853,0.09149825683796742,0.01385660222898605,0.02072911207427627,0.09689949946137179,0.00026604328019335364,0.02000687979415381,-0.1750749064077336,0.12590002582913978,-0.28048359017933594,0.2376955945063875,-0.46927049436519985,0.14696858199861257,-0.18698253954196506,12.63139915,69.81752014,0.08254967283061954,0.0195930411129989,0.0195930411129989,4.0,0.027408411415280488,0.07023645296820821,0.12599546560904518,-0.04494808715458644,0.1265666055153637,-0.04588413581715529,0.07901980874152928,0.024130649430387213,0.0860508487535192,-0.0005784269307073289,-0.04857844164965915,0.011429636930058242,-0.15326747073307703,0.06431560722246567,-0.03674426401357569,-0.2187504481519948,0.06581419326395921,-0.15795228917125287,29.35029793,68.94444275,0.692806070369928,0.0158517125537957,0.0158517125537957,6.0,0.03292884606536378,0.07531659717511527,-0.03332537569911763,0.1522620009003008,-0.040821215501058564,0.07922864180132097,0.027979968508252608,0.06568005545085587,0.048245981743594415,0.008764796457715761,-0.05416726733923651,0.03078034888124597,-0.11760186450644639,0.05645552757858904,-0.11728454517762274,-0.011907138871866755,-0.007125094051386493,-0.04320740255304828,40.88459015,68.58546448,1.2520212443738878,0.0040967066832651,0.0040967066832651,8.0,0.005559691596725525,0.049870019118934364,-0.0271677468409547,0.12616283435791342,-0.0010501360114171347,0.0731842606410805,0.014665142815078525,0.07724218661809557,0.03081274246114035,-0.030195717122424068,-0.07619823802066682,0.06343232969749403,-0.18773939354812064,0.12588641867785988,-0.20312724915142305,0.10843470908028814,-0.06455265242478234,-0.007910740907471736,49.44328308,68.802948,1.7578554629870566,-0.0012107218330925,-0.0012107218330925,10.0,0.03797921954370521,0.06777081280374891,-0.009620893661416784,0.09744134085724801,0.00240828565694059,0.03205470893155621,0.036603724988518924,0.055673122319071455,0.02164419319263798,-0.013446774507183418,-0.09595571154767091,0.05488278673358462,-0.19166286514130637,0.16868435968596826,-0.2006803907937049,0.10283541708983222,-0.05140658015699238,0.005438473615185428,55.02288818,69.77344513,2.081266553823218,-0.0035392911723241,-0.0035392911723241,14.18,0.029447070692401087,0.049328931556546024,-0.026608649475076598,0.11850004847611392,0.003422609184589763,0.06860489078328619,0.022321707719706405,0.07373374525309317,0.007903031747812641,-0.03248423222613401,-0.05342430100470926,0.055234756745014255,-0.18370953962403094,0.15931758340414887,-0.19251855287426423,0.07873884698422658,-0.027375486567056958,0.0053339460609896465,66.73245239,71.73248291,2.9067658922192083,-0.0165246909332865,-0.0165246909332865
2500,1358520.0,120,0.0,0.03505175442916414,0.07655227602905416,0.05729216046898977,0.0984329264573304,-0.05011133882605669,0.1554604759973666,-0.0055199175889602955,0.020693079666089544,0.08440868164205656,-0.018172940345385885,-0.10475275042483886,0.02874827697427634,-0.11734731803140828,-0.017641802326484036,0.04839331749108946,-0.2583265321451734,0.0443637954281534,-0.14120349107278238,-6.529823082e-08,71.95600128,-0.10473985389795087,0.0158907132653601,0.0158907132653601,2.0,-0.003748251134054612,-0.020149783698788906,0.2056171187732361,-0.05773427568643118,0.0788433702416297,0.06458909524700875,0.0023569389693925903,0.02743332995719909,0.09524697570635268,0.005329241259932152,-0.0002240631551881072,-0.14360732316250538,0.131778862814659,-0.27969127092732515,0.24331289554423272,-0.4411563132926406,0.1321237263212162,-0.16399164555799764,12.63139915,69.81752014,0.07938240153210946,0.0195930411129989,0.0195930411129989,4.0,0.003189318289790825,0.0470893974963947,0.08890173338072367,-0.04687499062022618,0.12882513752892105,-0.05838918205802619,0.11554906444254782,-0.006873136162507131,0.08889910317145328,-0.009916011689458359,-0.0787057215894826,0.032518337701825,-0.12980475030225738,0.05442289070811224,-0.05202445276252286,-0.22131957304928238,0.07276065624250626,-0.14136525685856344,29.35029793,68.94444275,0.6612975008394011,0.0158517125537957,0.0158517125537957,6.0,0.036111846283051724,0.08861088179983825,-0.03704476333170088,0.13389300955868688,-0.033129292436485394,0.10730276226952142,0.04647419651334371,0.035513922962090105,0.03928326621364293,-0.0018209525796124056,-0.05761110515678168,0.02406990272490099,-0.13148677481025964,0.07041803783920383,-0.1027621696862311,-0.03192143031225167,0.003990752167965225,-0.06968635702730511,40.88459015,68.58546448,1.4101952770771815,0.0040967066832651,0.0040967066832651,8.0,0.008416866479908788,0.05724191742636964,0.004204572970626239,0.10005440938958436,-0.009430616327035997,0.08948413459341663,0.02801615986674428,0.08832356974862154,0.03263331942772725,-0.017486339768584793,-0.07990256102123995,0.05559977742278947,-0.1783256943374613,0.13013703069706323,-0.18917634073064887,0.1013392469703494,-0.0336904589980867,0.016576153266783432,49.44328308,68.802948,1.6969416011464538,-0.0012107218330925,-0.0012107218330925,10.0,0.038899712317452984,0.05924048547301166,0.013882245918186502,0.09037308577001957,0.031144471007966287,0.0463265944012996,0.05387102948563699,0.056546969140590236,0.03958854434116522,-0.02726218221765753,-0.08702220739590859,0.05321149484823386,-0.20636035838138797,0.1728570722996081,-0.21471048842964116,0.07407907788292295,-0.03550713663153746,0.0010482237889682736,55.02288818,69.77344513,1.9920173938335628,-0.0035392911723241,-0.0035392911723241,14.18,0.018817684783554257,0.07737606966151456,0.009189345281072531,0.08665703314496932,0.012220262145379135,0.06136245160519199,0.0430799595792013,0.07590694947596942,0.028068624800105163,-0.029091841326941766,-0.06299120876582516,0.05994534185619937,-0.17060225746520097,0.13695052422139556,-0.18355011675868113,0.10123167160210872,-0.03212495930960968,0.018425442909097003,66.73245239,71.73248291,2.9688139827157154,-0.0165246909332865,-0.0165246909332865
3414,1110878.0,150,0.0,0.03459060784237604,0.051713287817278915,0.07715878850536652,0.07236892271986387,-0.05154009823743508,0.15544188886802351,-0.013279914135618189,0.024118741727112418,0.11789244400772916,-0.002073253799815915,-0.11637395306324899,0.029327637605381734,-0.1268063177115489,-0.03562884013126018,0.0819279568589889,-0.2909523797998059,0.050175041351411695,-0.1594680310837449,-6.529823082e-08,71.95600128,-0.11235782803585379,0.0158907132653601,0.0158907132653601,2.0,0.020144128153070703,0.00289421143356038,0.20682719464947813,-0.07409701630269624,0.08490594866767683,0.08709618587977652,0.016583985649258906,0.040179456007893896,0.08702364106303764,0.010743292580303676,-0.006330412331078353,-0.15717340757150045,0.12964029862103119,-0.2612354696302211,0.23627070283590212,-0.4424913109745558,0.1310832149212996,-0.16430047047660604,12.63139915,69.81752014,-0.019375669630070536,0.0195930411129989,0.0195930411129989,4.0,0.011828711647194791,0.03730967065491543,0.08864044550163519,-0.06014512621625144,0.14608352641447303,-0.02277728816137797,0.0918666108140768,-0.010559578471909518,0.09551363497347938,-0.017253487801250064,-0.06370581561378501,0.027263875894363868,-0.1330763751096829,0.0599660350171154,-0.06659546170547304,-0.21073366120886333,0.06578360841493597,-0.13381024109236672,29.35029793,68.94444275,0.6341188723587451,0.0158517125537957,0.0158517125537957,6.0,0.03684777658962797,0.09602197555397417,-0.011247097021835429,0.1509506102416951,-0.05984599436861671,0.07369199756508223,0.060455423752289864,0.035873885992991746,0.04163600734547393,-0.02387325020243171,-0.07315381165679252,0.04996949760714943,-0.12095893760083068,0.08701989653804876,-0.09749697720136441,-0.00219666651922101,-0.021270203409607443,-0.03708573352602187,40.88459015,68.58546448,1.3675167428136128,0.0040967066832651,0.0040967066832651,8.0,0.016489177355293164,0.0734237365678358,-0.021672120410905656,0.12659217151375757,-0.0015988966524804853,0.08605169085951442,0.035875781941526366,0.08223798771820437,0.027759934276317736,-0.019083773590254417,-0.0714305777831749,0.06282748535622187,-0.18906706596346273,0.1474096305639653,-0.19342858717520917,0.10302643124212231,-0.05476496392564899,-0.007303670531362974,49.44328308,68.802948,1.7723751769589149,-0.0012107218330925,-0.0012107218330925,10.0,0.02669816968467042,0.044664036291351725,-0.004076837438385588,0.07952491951255714,0.011725034163983595,0.025661316886894815,0.042717558819220736,0.07320139163783801,0.015657594966671323,-0.025163861606428722,-0.08790257472428728,0.06371779451541373,-0.1942440986624588,0.17950506644421255,-0.21846480524062672,0.08469462256930332,-0.019065101825014634,0.006896431285013268,55.02288818,69.77344513,2.0375619144980863,-0.0035392911723241,-0.0035392911723241,14.18,0.008992684489354686,0.045080699034196675,0.012434319536069514,0.08347847878145037,-0.01525824971767644,0.04799393102561995,0.01643341668021389,0.05868498221746682,0.01476483832066914,-0.030760434913023965,-0.05046628773414169,0.05986927934522295,-0.15430707947851804,0.1409338028354631,-0.17737392532678403,0.08667002255932105,-0.01917156818977625,0.012793907351917155,66.73245239,71.73248291,2.843344938584794,-0.0165246909332865,-0.0165246909332865
3474,1123332.0,145,0.0,0.025900650842625862,0.06760392923375848,0.05810387057857018,0.07852369383995966,-0.06701949138882335,0.1625613623895325,-0.0014167623924792262,-0.0006169905289490265,0.11107737079789537,-0.020853817531804934,-0.10352803825594875,0.022361374953307464,-0.12336467379035407,-0.05026054916479263,0.06079451923205332,-0.2776448635659637,0.04582007954013789,-0.16909693779162546,-6.529823082e-08,71.95600128,-0.05833500941457656,0.0158907132653601,0.0158907132653601,2.0,0.02007514651137344,0.006777472676279093,0.21203222753230025,-0.059546096995050826,0.06524188099580577,0.09119591879023223,0.014760911334502106,0.020679340523146204,0.09105000612064504,-0.01888144389466612,0.025415039226455338,-0.15482807972152696,0.11404382261298834,-0.2548863144841554,0.2656441210786714,-0.47151564795574497,0.12497846948037668,-0.17914417252135365,12.63139915,69.81752014,0.016042760463865505,0.0195930411129989,0.0195930411129989,4.0,0.004576646491300915,0.06773114741569275,0.11115150956028444,-0.02889693156163171,0.1539364454304183,-0.026460101026153655,0.10402651386527927,0.024731910167964187,0.09224443016167412,5.927263233219265e-06,-0.044782178457942544,0.034232836023559206,-0.1320261889879269,0.05171536530657439,-0.04158622563653078,-0.20812531037745977,0.07016912200949303,-0.12627572800303083,29.35029793,68.94444275,0.6029702784616896,0.0158517125537957,0.0158517125537957,6.0,0.009899377939264526,0.08608044268956838,-0.04369799666134895,0.13218670416143088,-0.0680623717362497,0.10257997659664814,0.0306326872226411,0.05451616562833943,0.06255145614516433,-0.010816918785729948,-0.0503411268770963,0.032523074035178755,-0.12357466668573995,0.05885922379366109,-0.10593488811344469,-0.006962077925987728,-0.011342717171834382,-0.044811012446110014,40.88459015,68.58546448,1.4003011824322074,0.0040967066832651,0.0040967066832651,8.0,0.01933131011983183,0.08696542454426086,-0.02791317242494589,0.11090100688854183,-0.028342950527863116,0.05559370804811185,0.024805225865269953,0.06669669828343523,0.033701809285901385,-0.00473466587369371,-0.07964591856018148,0.039501695389577755,-0.15299297560340974,0.16296438752062595,-0.1848963611215527,0.08379898845908024,-0.05916529151133919,-0.006688030447665066,49.44328308,68.802948,1.8291847709942175,-0.0012107218330925,-0.0012107218330925,10.0,0.04221126241738758,0.05562519130019652,0.010002127841602664,0.0833974964161073,0.0012081237845956334,0.020847723064484597,0.039561888791761035,0.048827600920326474,0.021463227177074794,0.008639696692653794,-0.07212084651489886,0.08520434773698188,-0.20007139736602197,0.17397513018211566,-0.21999952042026447,0.07395079525778313,-0.05114607248523181,0.010229492948461096,55.02288818,69.77344513,2.1187139690323096,-0.0035392911723241,-0.0035392911723241,14.18,0.01238594187691365,0.06049935077445207,-0.020552003872141553,0.09722029739617763,-0.0162746604412461,0.07697974534014712,0.024069499335182633,0.08539812701490143,0.011136070585025729,-0.01674861858421394,-0.05743262365510066,0.04438631943970383,-0.155423511233707,0.1472816833163264,-0.1766860800033154,0.06597727256643718,-0.0040166288277990285,0.008542724741698414,66.73245239,71.73248291,2.997519954302918,-0.0165246909332865,-0.0165246909332865
3496,1105322.0,130,0.0,0.023523574772737598,0.059801318623344764,0.07155468969740243,0.0734917085684991,-0.04700015412796062,0.16241667678417332,0.010655784911456623,-0.0023300988493719105,0.0840341148101608,-0.006939702449048122,-0.08568046278136679,0.023094275671466907,-0.12066098689043601,-0.03470000670970894,0.05871175800033276,-0.27180965816431774,0.07085258687859022,-0.16312318272222817,-6.529823082e-08,71.95600128,-0.18223479048981542,0.0158907132653601,0.0158907132653601,2.0,-0.0045266898665189525,-0.008596938615643692,0.20611380110969088,-0.07541608246152189,0.07547994331805445,0.08244479181312855,0.010787520761317513,0.04233971478753914,0.09104366598542585,-0.00509339348308387,-0.0021484390277384108,-0.14599596505364543,0.12064918011719225,-0.2701827312817888,0.23862572049870126,-0.4502931319599695,0.13331589758020607,-0.15931335873623917,12.63139915,69.81752014,0.1637865254536106,0.0195930411129989,0.0195930411129989,4.0,0.012218035004284134,0.054236821294550014,0.11091468711461297,-0.058397219358495796,0.1190000188153968,-0.04002992155361297,0.11001381210354358,-0.00812923149202539,0.0920559611663786,0.004777250817425676,-0.07167987656505224,0.02975212387276777,-0.12148769827633166,0.04311579376870764,-0.03908097359748845,-0.20398707139829597,0.0633690682505034,-0.14933719847063617,29.35029793,68.94444275,0.5980348389462967,0.0158517125537957,0.0158517125537957,6.0,0.01190103509108105,0.0910087730548092,-0.008681335724906925,0.118510293939807,-0.03422234234803123,0.10505621161678325,0.059417695132053375,0.06575673947237282,0.06762890359556978,-0.018378700752709226,-0.08699388242144672,0.03307438313237172,-0.11824981193256702,0.08045860345005404,-0.10289213161942085,-0.022854309926787327,0.000318763587523193,-0.06294779783127093,40.88459015,68.58546448,1.2766012571710295,0.0040967066832651,0.0040967066832651,8.0,0.01954479891490266,0.08022045650427316,-0.016873280628807434,0.12129157764557436,-0.016781460829858107,0.07810756986710482,0.026072175566182,0.07692374658097854,0.016974363382272477,-0.016430979669190878,-0.08761001281817074,0.04380626713029463,-0.18611364332735603,0.12682588741388476,-0.19219676923669846,0.08932334170873277,-0.05044474474807204,0.022566827562865058,49.44328308,68.802948,1.7720010809951434,-0.0012107218330925,-0.0012107218330925,10.0,0.0270751568671171,0.06962055955141354,0.014059305526212743,0.06725602699770365,0.013283614035910657,0.033206467073561015,0.06360383943618136,0.043233904487399485,0.021511258743569288,-0.014487276505944512,-0.1013794649078229,0.08827660896926313,-0.20481390678473155,0.14671995132260585,-0.20707844158353142,0.07004269558620137,-0.055878314835736145,0.0010986653422517517,55.02288818,69.77344513,2.1433377293532163,-0.0035392911723241,-0.0035392911723241,14.18,0.03535349685043959,0.07087065824725325,-0.020088979546714576,0.08517876415269074,-0.007368101273161048,0.06459115783478142,0.048449220264074264,0.07957864908271385,0.007776422648463089,-0.006996363720354294,-0.0706299895393277,0.04279305465853094,-0.18035757485415255,0.15802885837562033,-0.20847443575601313,0.07941518593408575,-0.01313728134320033,0.013445258343710405,66.73245239,71.73248291,2.822034354950113,-0.0165246909332865,-0.0165246909332865
3720,1100055.0,135,0.0,0.021210213987331944,0.06815261836519607,0.0585203808803783,0.10591293537043331,-0.06313026944617516,0.15888924571003818,0.02031149626917725,0.0005150145424374138,0.09052398021396238,0.006552290404370465,-0.11657984205752848,0.02103236342370319,-0.11634342764895966,-0.027902873197700732,0.05011198123670146,-0.27024697706417317,0.03724786334993136,-0.14784734284579923,-6.529823082e-08,71.95600128,-0.09032535950212198,0.0158907132653601,0.0158907132653601,2.0,0.015146364352098051,-0.014572031909978663,0.1921035870633649,-0.0718645276336588,0.0832711919839293,0.09143265455668619,0.005181715327705783,0.036771983076418324,0.07739798683068258,-0.004377105781182855,0.007859946690566355,-0.1433577628163011,0.1288541829162383,-0.27729234758102905,0.2631266664718658,-0.4688077609831564,0.1410444328728262,-0.1960345152496675,12.63139915,69.81752014,0.09090562175197157,0.0195930411129989,0.0195930411129989,4.0,-0.00045259234481571584,0.06450307342982824,0.0890045847810444,-0.0616968540038698,0.12779321627780993,-0.0467877568287587,0.09809034422305818,0.019285997841296407,0.09550600745653032,-0.02627935137859823,-0.046615558381406796,0.017376445100414195,-0.13056512577565357,0.04284982272742738,-0.034882442737608974,-0.21317017425125304,0.07544015347913888,-0.13595570369122814,29.35029793,68.94444275,0.7905150151028557,0.0158517125537957,0.0158517125537957,6.0,0.03722056543165263,0.09079054340821575,-0.03415428330516725,0.14871342638961746,-0.035153994753096524,0.09304169426702812,0.045210832629516036,0.055605968290085295,0.03864293588143581,-0.018279833001442022,-0.07469188530299203,0.04594257426465198,-0.14777625945832276,0.06078444612114895,-0.11243805598659826,-0.035019212252826976,-0.00569354319027531,-0.06522615677807904,40.88459015,68.58546448,1.426743259241853,0.0040967066832651,0.0040967066832651,8.0,0.01974050860065383,0.0761381915116516,-0.016414246717259266,0.0959542567642142,-0.026006938091351017,0.062075282521293434,0.03392177778638426,0.09071325895957691,0.049119741891553534,-0.006532867522147113,-0.07301744356019814,0.04254590748279349,-0.1863118066147464,0.14828633123193558,-0.19720331188059614,0.08728737091873308,-0.06902105625984065,0.021934519969599352,49.44328308,68.802948,1.7640603731692368,-0.0012107218330925,-0.0012107218330925,10.0,0.014484073355318814,0.06955865555203763,-0.017413843462769907,0.08726076928186681,0.004542397737942199,0.04585123885333891,0.059004540480212676,0.058775382785446646,0.025243023945019573,-0.013002301655118481,-0.08428597427328743,0.08484959077154233,-0.19299877817795205,0.17188932108098395,-0.22094664101580586,0.09761859487214188,-0.01929461921214376,-0.005927168531023569,55.02288818,69.77344513,2.145222507019045,-0.0035392911723241,-0.0035392911723241,14.18,0.02096118923475825,0.07879716316239294,-0.007702885488381438,0.09301263557243344,0.015840569147253406,0.05859024286861172,0.016419381570335435,0.07670879943930324,0.03233208402337595,-0.021380504226126005,-0.0768573444963258,0.046752020008062355,-0.17417615018444804,0.12986715209958113,-0.20124857934903392,0.07210382628513204,-0.008502626956650643,0.005651858785016825,66.73245239,71.73248291,2.8211292422563052,-0.0165246909332865,-0.0165246909332865
3724,1119738.0,130,0.0,0.041795871958551334,0.07194968418244065,0.08076966086008663,0.08576620003256481,-0.07679134804898502,0.16443778440380816,0.02086642784083283,0.031336064658769106,0.10372626285580543,-0.014925357775128748,-0.1011313798653247,0.03783347082728015,-0.10248316585995758,-0.017617771300012127,0.04990726830807988,-0.2547551441793675,0.05734595140576003,-0.13929765756137266,-6.529823082e-08,71.95600128,-0.11278915650195427,0.0158907132653601,0.0158907132653601,2.0,0.025118646566719277,0.0081016938891094,0.2096879540246075,-0.06172774169281187,0.0632311725115519,0.09203659557348892,-0.007167986155259054,0.03431916450554039,0.09418424138763863,0.010814793424074322,0.02184810331815072,-0.17309898136071628,0.10862244527205664,-0.25375677067012636,0.27335199844894514,-0.46858503500654974,0.130227078651657,-0.18893699694541344,12.63139915,69.81752014,0.15403504584782424,0.0195930411129989,0.0195930411129989,4.0,0.01375535403712768,0.04288571102258634,0.1259467441135014,-0.026733552161066442,0.13488986593881805,-0.05138373458665132,0.09394142196582293,-0.005088942657656631,0.09496732956846012,0.004691801085993255,-0.05883544049523923,0.03268676871143061,-0.1377628380067855,0.031849663904719605,-0.07024304785759586,-0.2231437289737588,0.05642255357930778,-0.12103723589853105,29.35029793,68.94444275,0.6767037558868954,0.0158517125537957,0.0158517125537957,6.0,0.012844828555338908,0.07830047300265895,-0.010409802515946039,0.15303553693634886,-0.0567970831005013,0.08243294803311745,0.02432667042720745,0.03758743410017243,0.04710686395406412,-0.0124673542451807,-0.06030013007773957,0.035073829517738686,-0.12475949305541104,0.0622678210056926,-0.09938708680638932,-0.00374387035660069,-0.027833977987832055,-0.06103719237030787,40.88459015,68.58546448,1.2704442005080154,0.0040967066832651,0.0040967066832651,8.0,0.021668592888898268,0.06202948210504963,0.0049014113217296755,0.11529470081968252,-0.030171581494643752,0.07981076525615177,0.05051627504999614,0.07457198017828494,0.02258862523400389,0.005653690641395998,-0.07394458653505313,0.058370304987068994,-0.17623385492885196,0.12987386168184847,-0.19247229101480554,0.11592792428500234,-0.05232130069047635,0.0004685363572363944,49.44328308,68.802948,1.78543489072291,-0.0012107218330925,-0.0012107218330925,10.0,0.029916703195609535,0.061490198416699955,-0.005334058512741717,0.08956441619914352,0.02907978058323811,0.05308054363141521,0.05362345371569918,0.06168860421776364,0.01695201606938246,-0.01180138640251142,-0.07233969087815725,0.08346409995453678,-0.1953244006033309,0.15100924380516534,-0.21716134582165555,0.10632435027421477,-0.0487180917137403,0.010037186852881932,55.02288818,69.77344513,1.9825385922011984,-0.0035392911723241,-0.0035392911723241,14.18,0.036761230802460326,0.054476782301791545,-0.006192177321749159,0.0897351971826516,0.010721490281283608,0.07559253743756833,0.051944007242621805,0.08641623320953366,0.00635083536727849,-0.03655795455397276,-0.08515008004920174,0.057619055461337505,-0.15483574336407407,0.15567705774306392,-0.18429374846289923,0.08590511957042167,-0.023943238778814595,0.007559130893862377,66.73245239,71.73248291,2.9534214458131567,-0.0165246909332865,-0.0165246909332865
3813,1116424.0,150,0.0,0.032783991153278874,0.05690883354712573,0.07457389061120684,0.06848453056553347,-0.0447528998572641,0.1624008842756467,0.02137608910764112,0.019800753016628248,0.08007768988550655,-0.014563036924665469,-0.0807153413057281,0.038063309155879986,-0.1252637688970051,-0.019239105239792408,0.08525511096020555,-0.27288918555152875,0.05496086346452906,-0.16080235564926498,-6.529823082e-08,71.95600128,-0.1569261016113592,0.0158907132653601,0.0158907132653601,2.0,0.007646352843215698,-0.012306472470734922,0.20324733901705214,-0.06816972552702288,0.08963348197424295,0.08318266192438081,0.0061135821322487495,0.025222530112407063,0.07421862998636741,-0.011071530990563228,0.00896039910819661,-0.16413002700520612,0.10827168758160682,-0.2805443181417652,0.2427689554760443,-0.4496504355432392,0.132646869135565,-0.15929005173001387,12.63139915,69.81752014,0.13826217061211582,0.0195930411129989,0.0195930411129989,4.0,0.03279484591511424,0.05526832914797394,0.11825508301583115,-0.06313392730469962,0.1491898914110577,-0.025982393881754315,0.10250701195712301,0.0012577459081232062,0.08120621166158029,0.002066457368059481,-0.0683342983800452,0.014702692246897492,-0.15197549252857537,0.04992645016876986,-0.04826779471736511,-0.2048924009613021,0.08196349758350534,-0.12825959890821184,29.35029793,68.94444275,0.7001576941632549,0.0158517125537957,0.0158517125537957,6.0,0.034752245364998394,0.0889321747370306,-0.007101173753226452,0.12884232207315496,-0.05969216310103191,0.0844312380615191,0.04324859286695174,0.045171553721531546,0.06844137870768516,-0.029381180418073673,-0.07779351580977402,0.04442431898558414,-0.13656215701973848,0.0725536445747083,-0.08556337402835938,-0.03614331125856264,0.008698976413484907,-0.03909737844026549,40.88459015,68.58546448,1.2633340392289951,0.0040967066832651,0.0040967066832651,8.0,0.040288465082894104,0.06374718223664273,-0.003413943696919242,0.10891285523747835,-0.007833673718268673,0.06805958743568835,0.030559387942017572,0.07625022876263775,0.013322066591276393,-0.009359931574972159,-0.09695848388137342,0.0434058715443303,-0.18945588644064262,0.12837396202296722,-0.20979293176309105,0.11204537006646173,-0.03601753156394811,0.01647902971200249,49.44328308,68.802948,1.756936037455911,-0.0012107218330925,-0.0012107218330925,10.0,0.04392626181201939,0.04839771074153514,-0.01503162649115935,0.07591540340562673,0.009352289393744877,0.04900210845090057,0.043269290099919006,0.044997488174689584,0.021792107299218315,0.0024990179587993985,-0.08324330273362465,0.08990804171657041,-0.18288206081491154,0.15401227059356143,-0.22614507781738608,0.09285405270021282,-0.04077469660066545,-0.003081839371333198,55.02288818,69.77344513,2.0530328741523385,-0.0035392911723241,-0.0035392911723241,14.18,0.01211383863610071,0.07670237597478868,-0.010709232729446924,0.11930696167209673,0.005775456021752536,0.04411465225068886,0.03780856922673021,0.055656680113951904,0.02054685766410116,-0.006334092084452618,-0.07942579701058267,0.026450170999030333,-0.15563374436015212,0.13033488607044785,-0.1848710807896835,0.07740018933133805,-0.02618300391108543,0.005609562916482964,66.73245239,71.73248291,2.8403605615904985,-0.0165246909332865,-0.0165246909332865
3910,1142165.0,124,0.0,0.049994565421299555,0.06268008723244611,0.07954330306798918,0.10239611038925348,-0.047127265048231184,0.15987908065326248,0.0196763433321592,0.003761857318842616,0.08836453811449996,0.0044918966609272595,-0.09715345664686433,0.026802048928165095,-0.12863618074375063,-0.02711609339874406,0.08232882957159006,-0.27626667476529887,0.06591687440382347,-0.1648713956844078,-6.529823082e-08,71.95600128,-0.12026560349952202,0.0158907132653601,0.0158907132653601,2.0,0.015171986701783748,-0.008638113801499364,0.20251754993870513,-0.057187642661872484,0.07461989659570417,0.07924796868734431,-0.0007068061022802506,0.03961901155049272,0.08324672118856126,-0.01672117969582255,-0.01042900640084056,-0.13745219189521388,0.14038812549108132,-0.26877311579691415,0.24913845400577098,-0.44986772384554546,0.12833479139062537,-0.17201552520890798,12.63139915,69.81752014,0.05671370543494787,0.0195930411129989,0.0195930411129989,4.0,0.02680919617129613,0.07363466968327942,0.10505541720831296,-0.058617292896358794,0.13719969221354447,-0.02563036996590687,0.0990531504915656,-0.008060812511785847,0.07454044320587129,0.010820562896330052,-0.058090751587147584,0.009189899704894878,-0.12489685037702235,0.06182883535025559,-0.07109116382038057,-0.20324400391256336,0.06899365758270337,-0.14973657126660905,29.35029793,68.94444275,0.7777714017810106,0.0158517125537957,0.0158517125537957,6.0,0.012313715561151331,0.07964876111106575,-0.024275101971325326,0.12722525651266464,-0.06248915494491436,0.10533583331085955,0.059108828011086384,0.052010252519733575,0.05606601978611423,-0.01535463682403101,-0.04845981290720687,0.01610097546503674,-0.12464298541978149,0.06085911892051434,-0.08585269337316012,-0.0035617552847116603,-0.0058902544661157494,-0.05870146020323826,40.88459015,68.58546448,1.3892677840040975,0.0040967066832651,0.0040967066832651,8.0,0.03055799348090041,0.06853510207980018,0.006240752467892106,0.0988085314573422,-0.02735500655941587,0.05786817228985795,0.013086328109011999,0.085643708904139,0.048458914564935604,-0.008233068217429461,-0.061306057414974274,0.04415589070321255,-0.16400621459524067,0.1481603360930373,-0.20034456616550148,0.10691717799935234,-0.0582059755995668,0.021845394271254096,49.44328308,68.802948,1.7468041312071911,-0.0012107218330925,-0.0012107218330925,10.0,0.02932757598050617,0.07428613236487355,0.008516346354029078,0.09019293197084184,0.02603726697294271,0.04624364394694049,0.05922506684870987,0.06884472478839535,0.017066626619119337,-0.004377265711221662,-0.08879841400809553,0.0689678952345516,-0.21675712054215568,0.1635603711744969,-0.2043044157813019,0.09020265280786369,-0.04561593523763458,0.014331870593659956,55.02288818,69.77344513,2.0388280332075546,-0.0035392911723241,-0.0035392911723241,14.18,0.020700547245266,0.08038758410954253,0.005383098271915023,0.11336181548220688,-0.009628505801393484,0.05017863989383638,0.04380753057594426,0.09074070249354732,0.01699763600410608,-0.007578761949734093,-0.07154890622594628,0.033596663206336794,-0.17003905418474882,0.16093536780722043,-0.2074516048986395,0.08513350110141331,-0.007921537645430948,0.027879613616731774,66.73245239,71.73248291,2.84867451265763,-0.0165246909332865,-0.0165246909332865
4055,1105655.0,125,0.0,0.01677067503842406,0.052896249777672294,0.05475503335055663,0.10198467439258375,-0.04946302433242861,0.16530501282611618,0.010295662886253805,0.017750413802005274,0.10564877034508748,-0.01551501892985999,-0.1059943232362552,0.051153816109022886,-0.13039327878751972,-0.052757958011333934,0.06811209173938679,-0.26248013984284735,0.07052433140941111,-0.14584841686764718,-6.529823082e-08,71.95600128,-0.12530488523581862,0.0158907132653601,0.0158907132653601,2.0,0.006912930536270563,-0.006147449735978237,0.18166566138968954,-0.055594545322687546,0.0735480919853,0.09184338740539161,-0.020235592625201564,0.020962494058443026,0.0934902760753381,-0.007362166594509196,-0.008368564114499849,-0.13878050981450926,0.1316226090890922,-0.29022707659962027,0.2549263970788091,-0.4505796309820937,0.12798057814764363,-0.16071423464507031,12.63139915,69.81752014,0.018132564438382737,0.0195930411129989,0.0195930411129989,4.0,0.011794236901394053,0.06155839790085565,0.08965535075414943,-0.06421571490670908,0.12056648348425164,-0.020937777332680575,0.08417743003654388,0.013763076996823793,0.06291874433368248,-0.006475899302933305,-0.05028818906820419,0.0037694719796017052,-0.1242379621243456,0.04526699217512986,-0.05747456947135384,-0.210775131348165,0.0753899270792279,-0.13595015921444126,29.35029793,68.94444275,0.6378382109798111,0.0158517125537957,0.0158517125537957,6.0,0.02171524529863022,0.07496814007827131,-0.03347894668237676,0.1523436641585816,-0.04716404992371641,0.1029019006219071,0.023259613854210742,0.03867577082487403,0.06447189552437017,-0.012879123835576888,-0.07381238211222527,0.030869645822177407,-0.12985361010625598,0.06791324766789186,-0.09729964563656014,-0.010015410672665445,-0.022647352983283596,-0.035796824237926704,40.88459015,68.58546448,1.4169894631057067,0.0040967066832651,0.0040967066832651,8.0,0.016094754369816437,0.08030495825437836,0.001990987369379138,0.121519608918216,-0.01653858366203827,0.0887891508248486,0.0471339350950053,0.07273068790961312,0.018620753120752058,-0.0026839607496291096,-0.09649806904407426,0.04295644839657249,-0.1555734818313949,0.16220454888559632,-0.1894101728379587,0.10557244014611679,-0.035669004268417175,-0.010306002787640847,49.44328308,68.802948,1.7127813167303734,-0.0012107218330925,-0.0012107218330925,10.0,0.031671156897813815,0.06182467099632855,-0.012810626549328217,0.07256395629961727,0.019489273327600885,0.03543030580275142,0.05258049237960671,0.04284211553871366,0.034767966692392537,-0.017176222378954997,-0.09784422351646,0.07901258039549344,-0.18383649638299338,0.18174190045547922,-0.19109859771594667,0.107797609174326,-0.03938961616365872,0.014875858212713935,55.02288818,69.77344513,2.1620703363526856,-0.0035392911723241,-0.0035392911723241,14.18,0.04000039278321779,0.05095433959045032,0.01138078703964537,0.1072833686923045,-0.009488462905308881,0.04342948868398251,0.03108834058067986,0.061119074846427895,0.02674359099508502,-0.019045236662977846,-0.0729755122367558,0.057323148060985575,-0.1580171063335365,0.14597387197486664,-0.17600393895318206,0.1020010888310846,-0.014495236927680007,0.028600618862660142,66.73245239,71.73248291,2.9295102411323395,-0.0165246909332865,-0.0165246909332865
4396,1107752.0,124,0.0,0.01328855449743201,0.07122911831214457,0.06829253269675266,0.09014443655448458,-0.08357699207219632,0.1483762262789884,0.020134910617056058,0.005169703294653556,0.0904176714558648,0.011620602012344636,-0.10245480424966931,0.038546384806209075,-0.111195677593591,-0.04053871578148278,0.0820021841670416,-0.269018663929599,0.04657564480365257,-0.15318930749397147,-6.529823082e-08,71.95600128,-0.15713637146099954,0.0158907132653601,0.0158907132653601,2.0,0.01234643707656281,0.01521055493904031,0.19860328603434457,-0.06899175270368112,0.08728137357923979,0.09075215883988005,0.0004422618268876756,0.04705886571935919,0.06466411038449758,0.0017897764776824258,0.002334304344282701,-0.1387941624302379,0.13461013467730462,-0.26854123795820145,0.23939419704900067,-0.4730948666451475,0.1431152694887725,-0.1668370623470923,12.63139915,69.81752014,0.0028014745494780585,0.0195930411129989,0.0195930411129989,4.0,-8.235204329401155e-05,0.06453137176224223,0.09165235183476242,-0.05711209133903675,0.13595245081199553,-0.05253566595751852,0.10280668431999736,-0.010056858118603525,0.0757687250331299,0.008688412228929637,-0.05291090175080569,0.021992883456295888,-0.13882238740491487,0.06371702135735982,-0.03632285170707908,-0.22437294704483018,0.07532887258898999,-0.12754669541361172,29.35029793,68.94444275,0.6293580328334497,0.0158517125537957,0.0158517125537957,6.0,0.009421266978551082,0.09021374392171629,-0.037179696542666674,0.12123322937913393,-0.036554446321874455,0.09359684418435664,0.03812330600406004,0.044315617760667024,0.04545613661901925,-0.024541070292410386,-0.06368778715862707,0.048368457554893364,-0.12419486986996875,0.0622003080256188,-0.08303602015012115,-0.009114903676910344,-0.026656137130460524,-0.05932361296871415,40.88459015,68.58546448,1.3778363066920865,0.0040967066832651,0.0040967066832651,8.0,0.039962707861391264,0.04869054634877881,-0.02540059098039708,0.12297565170997064,-0.023829663025123116,0.09290797313842006,0.01626264436563942,0.08407620279697448,0.03537565707001897,0.004550641599935311,-0.0949155146785649,0.0535644930148025,-0.18566119125072522,0.14226019351390295,-0.18817239539611275,0.0968945399450186,-0.04789395630304886,0.015843706663927173,49.44328308,68.802948,1.6606564402151218,-0.0012107218330925,-0.0012107218330925,10.0,0.02425725423204704,0.04845790613916458,-0.014321106683417219,0.08570233383210166,0.030473617049719084,0.043680802639518124,0.07207485252252616,0.0729156485353838,0.03659168838549593,-0.005140080501279398,-0.08637922338025966,0.07508612093407886,-0.2104215931382104,0.15451090464816938,-0.1949898695410009,0.09926905720281182,-0.029325293994639127,-0.005372013805247853,55.02288818,69.77344513,2.1401933715932517,-0.0035392911723241,-0.0035392911723241,14.18,0.02564194362562918,0.07289676897628627,0.009010726054153446,0.10852911296600062,0.015582363315404742,0.04200188171427839,0.03234440560220902,0.08432255144162162,-0.0010194605464471825,-0.0070592284303177735,-0.05649800078844837,0.026328790523797472,-0.17413026562877668,0.12640244812429272,-0.21017572089786155,0.08679483757644096,-0.03133113021313568,0.01219868427597063,66.73245239,71.73248291,2.853863469793013,-0.0165246909332865,-0.0165246909332865
4873,1102329.0,120,0.0,0.014370728565055887,0.058329417828170554,0.07578915780150794,0.07164059730428163,-0.0799321632127997,0.14529846170662788,0.01667711059713656,0.02865659708858295,0.10762853234357544,0.0153114896184663,-0.08970483637913007,0.021250932394340574,-0.1225851255961142,-0.04117246137068488,0.06565361407216189,-0.2517650676584051,0.03266151394057129,-0.1472083554012147,-6.529823082e-08,71.95600128,-0.10913790202404347,0.0158907132653601,0.0158907132653601,2.0,0.012057522381244044,0.016223138973775406,0.20949607152219535,-0.06642846372037746,0.06335473632838981,0.09216994790900085,0.016256583576699526,0.02508705304638069,0.0842742597199258,0.0007889819775396473,0.014280919461723066,-0.1606887082161035,0.11994892528623444,-0.262034222178861,0.263152023436519,-0.4643863981053215,0.1402113640811256,-0.1803629885272898,12.63139915,69.81752014,0.07356514698546533,0.0195930411129989,0.0195930411129989,4.0,0.0268176638955338,0.058268288217704606,0.10440787838854682,-0.031302948327919695,0.12897876043857365,-0.05837788825020032,0.08853219010994677,0.00027007135125354555,0.07572791908822042,0.003242374602283247,-0.07634387580108475,0.0009723070279643066,-0.13053433324707497,0.042054290099082146,-0.04720628326102564,-0.20284475919490352,0.08581114418147427,-0.11975792082069385,29.35029793,68.94444275,0.7015923349681128,0.0158517125537957,0.0158517125537957,6.0,0.03191440625012611,0.08080910643674973,-0.03464726689350217,0.12797290668103095,-0.053810062759797175,0.07637018944174268,0.04480772817075746,0.034724212514747,0.031220563991537536,-0.023152569237453027,-0.08009231806963595,0.051214168300957055,-0.11815454050211327,0.08799487682296513,-0.09073662061275879,-0.03614150630524063,-0.016559424509680322,-0.034818855946197096,40.88459015,68.58546448,1.2565055686226192,0.0040967066832651,0.0040967066832651,8.0,0.010540060100986931,0.08690783719731257,-0.0177509610219199,0.12175618095091228,-0.002782850306979487,0.08248055582615539,0.024116427218844463,0.06172176537926148,0.04004111341997129,-0.01813397793593845,-0.07825821117060078,0.036854187232094326,-0.18466565639113255,0.15867371936426808,-0.2011741665498637,0.11416347683822886,-0.055603386109430705,0.012700664735190395,49.44328308,68.802948,1.7131869364446874,-0.0012107218330925,-0.0012107218330925,10.0,0.02664743470302474,0.05939506334408608,-0.0030323119288051445,0.06988027640429882,0.015083072062497236,0.028987579252354886,0.0565561850052955,0.06163524049425533,0.023519520920419177,-0.026200614524685327,-0.10100069850063308,0.06726949159163102,-0.2094713807220007,0.17319106942489854,-0.1973918894778721,0.10413623522994717,-0.04105642263750396,0.004752344609904628,55.02288818,69.77344513,2.177287968518192,-0.0035392911723241,-0.0035392911723241,14.18,0.02408120083604378,0.0748423616871581,0.005272995605850012,0.10587015657716574,0.00036931628918956787,0.08000239863640286,0.04721999705441157,0.0841740267083233,0.03147960476539203,-0.03318450231668633,-0.06956415989110679,0.042078461356866693,-0.19336414873919044,0.14027436932861,-0.18963825004238877,0.0965404041040944,-0.011777482256566522,0.016849602217076466,66.73245239,71.73248291,2.8951824891789433,-0.0165246909332865,-0.0165246909332865
5109,1100250.0,130,0.0,0.022792518064875977,0.061462169533599106,0.0850360714041204,0.09076777939775067,-0.06375556442567852,0.1568193941954995,0.019469484248993103,0.007855588860061586,0.09555438082111553,-0.0006845733370375215,-0.09795594542953079,0.02985521410628207,-0.10066551838160337,-0.030192553421798468,0.056648486246510976,-0.27912407860935123,0.05912587628253609,-0.1564579612715483,-6.529823082e-08,71.95600128,-0.08659012815968119,0.0158907132653601,0.0158907132653601,2.0,0.024597406948299948,0.01309206226778972,0.18224314511174733,-0.08526277264508643,0.08998879245186236,0.08042887748703895,0.01696296745945438,0.0326641876624083,0.08933725636456508,0.008582031788007448,0.01109952003019973,-0.16784170770407597,0.10259462680705084,-0.2597004427302123,0.2681244028816402,-0.45551334060573334,0.12926486146862634,-0.17990464833696626,12.63139915,69.81752014,0.06958504049132033,0.0195930411129989,0.0195930411129989,4.0,0.014337514241431537,0.05371562443515496,0.11562271196207131,-0.0352327259216939,0.12322896331779083,-0.038134456757786886,0.08141819545935658,0.02033986312594388,0.07793343313889523,-0.003235456921903965,-0.08246742528402866,0.018123191042827835,-0.130442527529203,0.043085642704306544,-0.04303143845337695,-0.20735893832225155,0.08998799935996776,-0.13596030146134508,29.35029793,68.94444275,0.6728504209153767,0.0158517125537957,0.0158517125537957,6.0,0.025840666706669485,0.09525080715448764,-0.038314534546338326,0.1313658033137826,-0.05065753749291937,0.08069183873419503,0.03826028851229847,0.03325391352280165,0.053967650717252055,0.008418200304338519,-0.060659146975640774,0.026461462368521323,-0.1491269958169376,0.08336668573602603,-0.09489944858743429,-0.0357510715545863,-0.0002044749904897905,-0.05306387912687756,40.88459015,68.58546448,1.4291572295802493,0.0040967066832651,0.0040967066832651,8.0,0.03550840943111948,0.05802754561857778,0.003896118045585071,0.09500523301015025,-0.03359114862274025,0.059232371784581524,0.05208014152465894,0.05712256871017948,0.04364847853095885,-0.01754551492462072,-0.06301475404044199,0.05569267412499879,-0.1800718902230906,0.13828086180141075,-0.21114389459428526,0.09867381225889575,-0.06425782794793963,0.026626725457572588,49.44328308,68.802948,1.6720514679197411,-0.0012107218330925,-0.0012107218330925,10.0,0.015458921108833347,0.07075394075525095,-0.003376780595277964,0.09592178203266066,0.020738422887394102,0.03195322318917208,0.04882816889574976,0.06995207823727806,0.03151591632270629,-0.022026546577304386,-0.0938964248029403,0.0713155343289632,-0.18532636550206982,0.14695279068951458,-0.20648519865698634,0.0756937201933832,-0.054011239226558844,0.017637433116365623,55.02288818,69.77344513,2.019903260467358,-0.0035392911723241,-0.0035392911723241,14.18,0.028886004160827684,0.07586655231241175,-0.011955615602109091,0.08275239432190269,0.016696342790604456,0.05784540817219227,0.020119397762184955,0.08764163635916306,0.03068145408571981,-0.013629561803831795,-0.061484289899178576,0.028230224411123165,-0.15379411455069447,0.13116762180174132,-0.1867764983195476,0.10080353973081682,-0.0029077082044168933,0.014778315141959009,66.73245239,71.73248291,2.9975874510412996,-0.0165246909332865,-0.0165246909332865
5257,1106881.0,120,0.0,0.03108056031084962,0.07464341691245842,0.06363152627078024,0.09727409080289502,-0.05579336286715143,0.15094888368381523,0.019196734171574272,-0.0030373556356752957,0.09969586810520549,-0.009028338072695865,-0.09253266580106839,0.05767688683571357,-0.13163797335692315,-0.025461653357877218,0.07361448992057315,-0.2741578185636893,0.04278882034229189,-0.1471128635625561,-6.529823082e-08,71.95600128,-0.22327206616035783,0.0158907132653601,0.0158907132653601,2.0,0.02633175423466612,0.016549311828209286,0.1990259168977901,-0.05635083789511103,0.08860043259852121,0.09178188422764251,0.01605419956230299,0.03319472742089342,0.06347607361120837,0.015949595679188733,0.00026907321412951435,-0.1413582678182438,0.1309562174141665,-0.2642357627709436,0.23700238153206016,-0.4452373286439558,0.13334536578439565,-0.17747245785060042,12.63139915,69.81752014,-0.02316910023866836,0.0195930411129989,0.0195930411129989,4.0,0.026765541728097093,0.06252558953129327,0.11123758998196331,-0.05302105574810862,0.15117699007194887,-0.025659791542920918,0.08320648487893197,0.004958920448326931,0.08178040031655122,0.0006227965783857873,-0.0687697669626009,0.0036975639666383796,-0.12981185319425348,0.02734149983360758,-0.06524295173889545,-0.22836014395599405,0.05484928558732856,-0.12463598469548948,29.35029793,68.94444275,0.7703480247424835,0.0158517125537957,0.0158517125537957,6.0,0.005078384440684983,0.08723354654801863,-0.027076753022441887,0.13342808037412562,-0.052189840443109904,0.08223002602172025,0.06152057682152665,0.044874266739647894,0.053240454103924605,-0.022117447155105455,-0.08117382369492372,0.032206117074630114,-0.12115578669591172,0.08851495673292048,-0.10888899183586295,-0.021650332740155653,-0.010484832858275473,-0.059206318333331544,40.88459015,68.58546448,1.3411060960919077,0.0040967066832651,0.0040967066832651,8.0,0.006117050665537926,0.05079379360126865,-0.024530535187587806,0.11234936159687957,-0.009584610915841455,0.07530654714103467,0.050519151496498604,0.06463187397776075,0.018567323703001126,-0.009648975348953823,-0.07468601990741214,0.04000422676341586,-0.1777919002079534,0.1523163581962759,-0.20043987196801563,0.0847693494241504,-0.056097143664979296,0.006704772779537386,49.44328308,68.802948,1.6623925654401897,-0.0012107218330925,-0.0012107218330925,10.0,0.01675752678972254,0.04583682025591508,-0.008187018991620318,0.09033105457004316,0.02403819694063882,0.020684635699561044,0.04466339209448438,0.0415756770280681,0.03594046066413385,0.007044168287332137,-0.0957750371523247,0.07720292162930126,-0.19684978122413227,0.18192320735880135,-0.2116767196913289,0.10274189622564207,-0.024002227026452036,0.004514660460591881,55.02288818,69.77344513,2.0555350801675223,-0.0035392911723241,-0.0035392911723241,14.18,0.011129031313358304,0.07831311076724212,-0.006927599934559098,0.09454409269932915,-0.010305220134942516,0.060354351418969276,0.046923504663654206,0.08985496128855353,0.025742615974819104,-0.02000409240256678,-0.06957248707302338,0.051509429083441464,-0.15372852779385054,0.15953735537521888,-0.20636033897733103,0.09426513077282288,-0.033198889406219546,0.024858291690788896,66.73245239,71.73248291,2.8271894030070404,-0.0165246909332865,-0.0165246909332865
6024,1118267.0,138,0.0,0.01557147983242457,0.07084899697339128,0.05869151225433972,0.09760212979281094,-0.046571767204370486,0.16511580346619031,-0.010935780951634198,0.0038964845602351868,0.11311601448101924,0.000882135665412829,-0.10595313442594957,0.04905021784935675,-0.11744330453783672,-0.027926082448368597,0.0619477558468046,-0.2574280010529622,0.06537980060382574,-0.15668536863170285,-6.529823082e-08,71.95600128,-0.05615434425487731,0.0158907132653601,0.0158907132653601,2.0,0.025038608350225817,0.00817221758792801,0.21418632195314405,-0.06645137570433357,0.08911994236334847,0.08211727598142175,0.009516993934524475,0.022369668726336354,0.09363901282177872,-0.020979119572741716,-0.002058050341593693,-0.14157704349228015,0.11539126595272416,-0.2805229370728886,0.27499070229334593,-0.4519581558333623,0.14537318220613363,-0.17091006755456017,12.63139915,69.81752014,0.06711707758768617,0.0195930411129989,0.0195930411129989,4.0,0.010978056572660712,0.0685333226009011,0.10735458959427316,-0.0260960063480726,0.14581592955767897,-0.04877789531243616,0.10988184564149338,0.0017710581417709238,0.06534241813944416,-0.013202804625857996,-0.08265198204039896,0.0044261361349718,-0.15370672991215667,0.06299517434443817,-0.059437120561261506,-0.20696448623171573,0.07642919448842857,-0.14733966586126604,29.35029793,68.94444275,0.7124025147679336,0.0158517125537957,0.0158517125537957,6.0,0.027682982956469815,0.06527225905432911,-0.03538982370751115,0.1181097474452883,-0.04251478071622625,0.11155602251828935,0.036161353752443524,0.04056250638451668,0.05471890259302324,-0.0006701382436106601,-0.08785601690470043,0.025140517159880478,-0.13270244508573134,0.08510417514587566,-0.11815240043465437,-0.015009564965754653,-0.0037678587504628045,-0.06981458087325565,40.88459015,68.58546448,1.279268429847733,0.0040967066832651,0.0040967066832651,8.0,0.009783367874155905,0.08275241168178524,-0.02671806297307941,0.09601819252829849,-0.010666916504953224,0.08948828681871417,0.041362214325064345,0.06508000611729693,0.018733077885717434,-0.004637004214529211,-0.085816321699448,0.05029695972619058,-0.17493793679658784,0.15965014937498773,-0.18957262797017713,0.07967260580335023,-0.06519927159832482,0.022638088174556315,49.44328308,68.802948,1.6585957179928723,-0.0012107218330925,-0.0012107218330925,10.0,0.02336429608281562,0.048308490130807694,-0.014261869632503688,0.07298680631965891,0.030196288986680288,0.04608249937692806,0.059610951558351596,0.0537404187819585,0.01850505760388598,-0.021532648528709487,-0.07682522973029846,0.06978195558199381,-0.1952022212809555,0.1790419901942262,-0.22776369507466795,0.07959463043429206,-0.029677184758814795,0.0071768611566653435,55.02288818,69.77344513,1.9838642911518838,-0.0035392911723241,-0.0035392911723241,14.18,0.008737709006969845,0.07535146014260827,0.00014184292569829372,0.10330841877133996,-0.008925181652810388,0.06553977675222315,0.025978811813426206,0.07572999787862847,0.015809179537715948,-0.04129686807999898,-0.04637551030895706,0.05039881916410467,-0.18693480734812812,0.12934096270970907,-0.19638246913770285,0.08578784982102929,-0.021497136468976802,0.01978624788251241,66.73245239,71.73248291,2.801514452562196,-0.0165246909332865,-0.0165246909332865
6436,1105750.0,125,0.0,0.032085941054328854,0.0446751636555778,0.04881017952486755,0.08374629964399131,-0.05977747319715835,0.1536851563570058,0.021034437502217937,-0.0023987219352132397,0.11630969572174478,-0.01577385381825403,-0.11432334911359594,0.01967962442536515,-0.09645954037232878,-0.021049570414194436,0.07424780851095149,-0.2586593327364608,0.04819500876151067,-0.15291229688711908,-6.529823082e-08,71.95600128,-0.13506494173412364,0.0158907132653601,0.0158907132653601,2.0,0.02224805665725981,-0.011356312015087716,0.208049460122993,-0.059341168750067105,0.0625021075039342,0.08374886670000763,0.015393174806882407,0.021180751648427615,0.08920879381139368,-0.017867279843314803,-0.0022890888441577575,-0.15122929332878124,0.1222075223509263,-0.2731965382035034,0.24603736446145305,-0.4370151162271343,0.14215226337723463,-0.17878687407148994,12.63139915,69.81752014,0.019606776053147604,0.0195930411129989,0.0195930411129989,4.0,0.013597382967091504,0.06073038832719051,0.09968176768454788,-0.03461645016911909,0.15124878797085334,-0.05532041037429911,0.10929801011811938,0.020453961132373272,0.07526268152412391,-0.005015159121725127,-0.07000686473113975,0.006552966173967301,-0.1427274566255737,0.036128644122865095,-0.06870728309969996,-0.20391406658125366,0.0749134003275017,-0.1529889574164798,29.35029793,68.94444275,0.6829720070861971,0.0158517125537957,0.0158517125537957,6.0,0.023175244836483946,0.09011187695264745,-0.032631137184285786,0.11933238123889445,-0.06385837972813356,0.0921358316118939,0.030429947728791013,0.0671763925733446,0.04488431106580494,-0.013081063714901104,-0.06893834510963635,0.020891600340985708,-0.13924027556736937,0.08420670732611153,-0.0867268123363408,-0.021825048272940694,-0.011077162284490252,-0.07044524650129028,40.88459015,68.58546448,1.3949697400209224,0.0040967066832651,0.0040967066832651,8.0,0.02105728161776655,0.08212889448393931,-0.009288196926870962,0.11544391684457603,0.0013572874265867143,0.06082397569489477,0.04004379683983867,0.08406747001215191,0.03178976637012146,-0.025624003537223657,-0.09541772392646117,0.05752524885804987,-0.18881106921656052,0.14185854714356938,-0.18787256162128166,0.09585702126717799,-0.05244137739846206,0.017462689984779085,49.44328308,68.802948,1.734557370698039,-0.0012107218330925,-0.0012107218330925,10.0,0.04082454377624177,0.0528284077967424,-0.004247223880827287,0.06750404827678545,-0.005576844151612243,0.03915602129799967,0.05402413682705291,0.05369032026583881,0.033090657469068786,-0.010171673084810704,-0.10924079038145534,0.08403565439714196,-0.21795069937020545,0.158477840488333,-0.1935929633141727,0.08455202680553765,-0.050713383011813204,0.004015103248141526,55.02288818,69.77344513,2.108560490326997,-0.0035392911723241,-0.0035392911723241,14.18,0.030954357934689335,0.05568114187111393,-0.01678664609356724,0.10366861922106033,0.004840362925455806,0.07566852758666581,0.02901728207819803,0.07913129505553948,0.03210647743702658,-0.03258245926702155,-0.059688344491145774,0.02501551946461975,-0.18861017952587436,0.1399036127017087,-0.1834971743436763,0.08058699663323325,-0.010341890915766212,0.006807831046626325,66.73245239,71.73248291,2.9606684846022193,-0.0165246909332865,-0.0165246909332865
7034,1113402.0,130,0.0,0.025504159949287383,0.04950293977338647,0.05632259282024339,0.0951293446654631,-0.05532181034505734,0.12670848215027436,0.00958208220667351,0.0024336270476726356,0.11555071772886245,-0.017849734247009114,-0.09836253026623483,0.021828462633475983,-0.1056456001729736,-0.05712458201368831,0.06950442291084627,-0.2708049789234134,0.038450356010892334,-0.14762755831016425,-6.529823082e-08,71.95600128,-0.07948826783810653,0.0158907132653601,0.0158907132653601,2.0,0.006024063364593039,0.01754944124187731,0.19346862976232815,-0.06642733688468437,0.08983028960181955,0.08632588634894905,0.015802751734220744,0.03815705639760899,0.06238127540683479,0.0013940912941959765,0.004175981048127588,-0.16856845400346748,0.13370281337041348,-0.2789416813977165,0.25916084353832314,-0.46032327571411386,0.1460294446906661,-0.1974621446500325,12.63139915,69.81752014,0.08265977955575865,0.0195930411129989,0.0195930411129989,4.0,0.03132663484844998,0.05906761125906493,0.12750623043705478,-0.04240465583963758,0.1424054111781205,-0.042320855430361286,0.0985547214983181,-0.004625128572164088,0.06171077198449852,-0.02469474147255904,-0.05118967753470218,0.017240652006160546,-0.13338217322426787,0.0471383765532179,-0.05344176525557355,-0.2035668845798818,0.07020718848128123,-0.13527902944751274,29.35029793,68.94444275,0.7311982911276194,0.0158517125537957,0.0158517125537957,6.0,0.0005442844198189946,0.059506570989211166,-0.02539270324097846,0.11864131395824497,-0.06907918229134936,0.0823434283533325,0.040202201159453804,0.05579977657091074,0.03378125482708788,-0.010326035234097548,-0.06725538668856322,0.038962630937384356,-0.12720204152655887,0.09128948833262442,-0.08760143512990191,-0.01794323192705726,0.006482368016477882,-0.06724197781006869,40.88459015,68.58546448,1.4036626712329863,0.0040967066832651,0.0040967066832651,8.0,0.04124579391835947,0.05164241005054229,-0.00949609582986568,0.12566496511233916,-0.014931444896900617,0.06338932241608432,0.04021431534058603,0.07796020633840542,0.03148284606158573,-0.005443276735886612,-0.0667413949324123,0.05488643589642353,-0.16367079237630888,0.146446262196506,-0.20466014957317186,0.09615622474650858,-0.03650781166732432,0.001248161752559142,49.44328308,68.802948,1.800606297962769,-0.0012107218330925,-0.0012107218330925,10.0,0.03703353717749275,0.08199282122334278,-0.0063715692059139566,0.07668223573704669,0.012467591707530661,0.04720849643599802,0.04122139124791356,0.03972082025057344,0.037769002451990386,-0.004830335866421074,-0.08683970820378638,0.08554109517846666,-0.18214567644023955,0.15716627455907342,-0.1886147769663349,0.08039362637823345,-0.03705483517743538,-0.0012221206436825172,55.02288818,69.77344513,1.983146151773052,-0.0035392911723241,-0.0035392911723241,14.18,0.028810783646258588,0.04409564620804821,0.003243198289430923,0.08361973230589259,-0.00675941402126121,0.05841260625086755,0.038696852293457304,0.07204448578649111,0.0300237024364529,-0.021461403544823888,-0.0560957860248566,0.06148557380521287,-0.17278786515684663,0.15630655392172194,-0.19006079693140276,0.07594902368986732,-0.010969878716716529,0.035433632719930164,66.73245239,71.73248291,2.9314136757364078,-0.0165246909332865,-0.0165246909332865
7217,1111861.0,140,0.0,0.03455900681453999,0.0539024421548628,0.07573229678911629,0.08903912042649922,-0.05208176381928071,0.16400482417093215,-0.002172851906622991,0.02441783104336398,0.11063785238795518,0.009022853549757195,-0.11214621586499315,0.030064461549722636,-0.10096951801373562,-0.022000333498257568,0.07565171272663142,-0.26943701205151577,0.06104926363881051,-0.13416661817069475,-6.529823082e-08,71.95600128,-0.1609947051633325,0.0158907132653601,0.0158907132653601,2.0,0.0016824810136023965,-0.009927622951160023,0.21266160007381227,-0.06245323745311005,0.09214488964994819,0.08126691667622624,0.010313599816086642,0.04967969189285444,0.07929477736935654,-0.008522036418875596,0.0112071488445562,-0.16723677204392903,0.11082229629357326,-0.2677236575984379,0.2669108292796938,-0.4684438572035141,0.13347392125381563,-0.17727447895198326,12.63139915,69.81752014,0.12217968772920451,0.0195930411129989,0.0195930411129989,4.0,0.004550023875335138,0.052388672807475944,0.09541083757653099,-0.03427371393145303,0.13044180094848168,-0.029113127137397228,0.07785909151798015,0.01712739772345212,0.0728698056452615,-0.02530581556004108,-0.06270238589227285,0.01952314288966174,-0.15650221811461387,0.06219204180779057,-0.04849327516730354,-0.21551190234630518,0.08418234912833815,-0.138459431168607,29.35029793,68.94444275,0.7069005101903576,0.0158517125537957,0.0158517125537957,6.0,0.02163313694478422,0.06633139657315527,-0.0160192892899323,0.1177531480021144,-0.03130074102968536,0.07886601573923895,0.02306082659505576,0.042061743966805724,0.0577371653918471,-0.003605366263912317,-0.07727489566734543,0.05532943015145524,-0.14296072625069983,0.06018222005782024,-0.10967066459886114,-0.03967643293920506,-0.02477142913974622,-0.03215069270996198,40.88459015,68.58546448,1.4191815722582588,0.0040967066832651,0.0040967066832651,8.0,0.008918652958036162,0.08561867940178201,-0.009884324877402524,0.09758044183210189,-0.008365643478861144,0.06992726677898438,0.042801817012079274,0.0845815004868846,0.03802201293210461,-0.016212338077022284,-0.07366817689931116,0.03664466038572455,-0.15707097352243152,0.15180179833959304,-0.2064152650873001,0.08850997922089081,-0.034809032814701546,0.00216572303671739,49.44328308,68.802948,1.6599061213322306,-0.0012107218330925,-0.0012107218330925,10.0,0.017229013357921368,0.06309980649902931,-0.021813088278571632,0.06496384857869988,0.025519289117531246,0.05340102805549961,0.04767315733706791,0.03750785885497983,0.0245833698025685,-0.016839898493732613,-0.07711507339697042,0.07299335674779306,-0.18893865413878058,0.14701092993522732,-0.21399490772672378,0.07641042183749082,-0.03183348283807492,0.002346027345568517,55.02288818,69.77344513,2.0852138029811607,-0.0035392911723241,-0.0035392911723241,14.18,0.02698998898051999,0.052504302578193315,-0.016249948439156496,0.1189966173040973,0.005119265336383062,0.08124149285561495,0.04962428438098317,0.08097092967920136,0.022175699920147618,-0.03466527713637055,-0.07035073328367136,0.0381905033796802,-0.1818041006247903,0.1307633521581092,-0.18946887795471626,0.07875448734731638,-0.0017112673797978172,0.016229111996347786,66.73245239,71.73248291,2.8471456341224406,-0.0165246909332865,-0.0165246909332865
7300,1115147.0,120,0.0,0.024844122811178086,0.0664575404201437,0.06649312822933527,0.088295511222492,-0.07632341840620986,0.1600374422619462,0.021449869616840898,-0.0039710956170934154,0.11288662422569459,-0.01340381958631416,-0.1092927718674448,0.03680915753830712,-0.10834958622153211,-0.056397441948918305,0.0830212390312815,-0.2552732585403335,0.053159635369921514,-0.153842800791697,-6.529823082e-08,71.95600128,-0.1959156665880014,0.0158907132653601,0.0158907132653601,2.0,0.015622041810587895,-0.01113281007911132,0.2089809502158188,-0.05844753975582585,0.08751976973745654,0.09098550640837509,-0.008793120899659496,0.02462336275554848,0.08287665575415418,-0.0076791948879608605,-0.004892943042634395,-0.15534007398254562,0.11984798443318521,-0.27722798496737666,0.24465380284904692,-0.4363886080538785,0.12318471481447156,-0.16964200679700067,12.63139915,69.81752014,0.14056348415816977,0.0195930411129989,0.0195930411129989,4.0,0.00883179841215297,0.057882306809332804,0.10417650998890458,-0.03055409998544697,0.1444386872589441,-0.05642614469251994,0.07960076881221607,0.0266601094650618,0.05753076615509106,-0.0029243783119656383,-0.04852458363474345,0.015103331618628042,-0.12500369017328644,0.05293273590534413,-0.060080109088995706,-0.22693002532135656,0.08044982077477464,-0.15866275986414097,29.35029793,68.94444275,0.6530966362558672,0.0158517125537957,0.0158517125537957,6.0,0.0341383423798735,0.08739545858076728,-0.017912845702260462,0.14441880299447854,-0.05304349918265695,0.08510422920841794,0.05619451077235146,0.04567489761076274,0.05837980034892321,-0.0282379485829434,-0.07863578680844924,0.03134512694982502,-0.1484602504421471,0.0923023386058712,-0.09231372233700771,-0.03754239370388507,-0.010226899569359172,-0.042591823179630436,40.88459015,68.58546448,1.3707768338342652,0.0040967066832651,0.0040967066832651,8.0,0.016270970144199377,0.0757952460120723,-0.020091449961035186,0.09677371271515894,-0.025284143095481833,0.07418448144966558,0.048866024112075454,0.07604543764116423,0.04676339066470918,-0.0067912625623404955,-0.06332245859753825,0.052616505060245705,-0.1823015817676584,0.1379857965078546,-0.22198772182277232,0.0857639504896127,-0.06597330085537648,0.011662503130539119,49.44328308,68.802948,1.8390464168045408,-0.0012107218330925,-0.0012107218330925,10.0,0.014565589994383697,0.07137700251880967,-0.008936529208749993,0.081145179823173,0.027138694614613393,0.028290207450094876,0.05870027589287039,0.049747824043183335,0.036412291675031815,-0.01768541655802595,-0.07199810081186307,0.09135281188606006,-0.18769257738755005,0.17826403104714558,-0.22425920964446444,0.10244517784945825,-0.056689092095566516,0.019540060905123495,55.02288818,69.77344513,2.141436742497051,-0.0035392911723241,-0.0035392911723241,14.18,0.00653958311373988,0.07096614695769445,-0.023619522235563437,0.0995567776802769,0.004857895994732864,0.057809551786859974,0.03577227957827246,0.06914410328623379,0.00840388533121008,-0.039245727486991,-0.05925253039941428,0.06102578503431455,-0.1694385407450617,0.12971805515999146,-0.19809750505941184,0.07807941550730481,-0.00816024039280033,0.01602518800210899,66.73245239,71.73248291,2.894330053629546,-0.0165246909332865,-0.0165246909332865
7699,1125303.0,125,0.0,0.03289647460900743,0.06736991836070347,0.06970685258287551,0.10328020719641573,-0.06857614741215397,0.16349187729802692,0.013837350354452486,0.029632690603643576,0.0805552863009944,0.01488650073896216,-0.08389704994548262,0.03714599867401018,-0.09432759562619536,-0.05121701081593341,0.05654081715863316,-0.28310731797101396,0.054387113078227425,-0.16018085679195482,-6.529823082e-08,71.95600128,-0.12113633509979409,0.0158907132653601,0.0158907132653601,2.0,0.024810957703329063,0.013452977816412326,0.19816397984233222,-0.05676941800960672,0.06531590401992805,0.07800538383187697,0.004828715235157704,0.05421204391400804,0.06636049234301944,0.009080221709782321,-0.0029297626749450294,-0.15198002368551727,0.1333382526870468,-0.27863369291256657,0.2642301045583443,-0.44321924821605735,0.15609291653647628,-0.16625623772339782,12.63139915,69.81752014,0.09236709506936301,0.0195930411129989,0.0195930411129989,4.0,0.0025230215920783224,0.05973366184005496,0.12675146857008399,-0.041053585437752775,0.1376606278266761,-0.03851262330089699,0.10993807850100464,0.02165784053457141,0.07734069767763166,-0.01894382852938964,-0.07413195412684348,0.013112729930781098,-0.12580226037436248,0.05853415994999593,-0.040607335175846186,-0.21748822296162565,0.09206220279166892,-0.1364724947687373,29.35029793,68.94444275,0.7968399840376991,0.0158517125537957,0.0158517125537957,6.0,0.01633794942026801,0.07112099870536379,-0.03845007975707535,0.12253807989821822,-0.03907214315711823,0.09773431957218169,0.04703993367876538,0.06750045218298452,0.03196379499535891,0.0046779971825619635,-0.0633783191857532,0.03824543491859278,-0.1399302797449534,0.07503983588718854,-0.08421266157959859,-0.0357405332391319,-0.02497557960625803,-0.05118048542425263,40.88459015,68.58546448,1.43052624229387,0.0040967066832651,0.0040967066832651,8.0,0.03796653025889964,0.053899113315500916,0.0021581170586519403,0.09544058643851898,-0.026298023280355506,0.07761989425834089,0.024363106327259416,0.06415796310940512,0.03509155016882952,-0.021098712894185835,-0.07973768049488868,0.04259889486828663,-0.15356915553631334,0.14975749767303642,-0.19102375616329592,0.08692600744151312,-0.05045553014064514,-0.009828364782930827,49.44328308,68.802948,1.6785636051372197,-0.0012107218330925,-0.0012107218330925,10.0,0.03096701301591876,0.07205120189879811,-0.00898068168146735,0.07214467290513212,0.003045001197523753,0.036929958841738955,0.06694843744152143,0.06352953597073972,0.03603873825649356,-0.02350117011927442,-0.08515911458252957,0.06617695538557632,-0.19161668744234997,0.14521892834049224,-0.21351357576450802,0.08956270347740551,-0.020335499191301867,0.027830027121300352,55.02288818,69.77344513,2.043694900961236,-0.0035392911723241,-0.0035392911723241,14.18,0.04370034679375927,0.07783849055470365,-0.01861395124730479,0.11753581248886076,-0.015400294297046441,0.058638551787856666,0.03385685371576016,0.09085127585250626,0.028936152834981903,-0.006122064523297419,-0.08311995666424012,0.060401528591305785,-0.19027997426531068,0.1338104272934973,-0.17918148516523055,0.07375167165060235,0.001265292236962848,0.027101067928785638,66.73245239,71.73248291,2.813376287770588,-0.0165246909332865,-0.0165246909332865
7728,1114950.0,120,0.0,0.027238698910457528,0.043648642247355686,0.0854717575008335,0.08379244493040747,-0.04897601828877922,0.15987691587519398,0.019021954836147794,0.00209931195763457,0.11586989738498155,-0.02159176418811727,-0.11067258399130243,0.045910793683115285,-0.10370178815150746,-0.046736538553404525,0.056584990440911406,-0.28898818171867013,0.03790632126527174,-0.15875193343917227,-6.529823082e-08,71.95600128,-0.10425364726798683,0.0158907132653601,0.0158907132653601,2.0,-0.005817904217586347,-0.0011641786427584134,0.20432674690676236,-0.05840712551517294,0.08348428043705258,0.07848903958731258,0.011016538307302785,0.04338055106780897,0.06599881311428965,-0.019820715613070868,0.010113810970379356,-0.14376718607904984,0.1271742344109916,-0.2786830241095896,0.260925381301537,-0.435420114403755,0.15626720679383943,-0.16000601552614024,12.63139915,69.81752014,0.13458735816528847,0.0195930411129989,0.0195930411129989,4.0,0.03067941536508232,0.03464591611835897,0.11241018415237765,-0.04933777816669922,0.15150581288917533,-0.021565376534223222,0.08613228309054528,0.009713330259273619,0.07199277323431595,-0.021745844010055044,-0.05010271693666243,-0.001618766914125283,-0.13644703679442105,0.05771007992784432,-0.06541822024228247,-0.22549574980089854,0.07758594570962948,-0.13872369236674123,29.35029793,68.94444275,0.6626175573432421,0.0158517125537957,0.0158517125537957,6.0,0.024534415453891602,0.07264236566592032,-0.042332185190139426,0.1207376948733628,-0.03486431878488526,0.10094255843525997,0.03706159754451667,0.05574886604363902,0.031440422620038766,0.0084114713200948,-0.05393791390807311,0.04260711808251373,-0.14513811258715215,0.0747432145441607,-0.0964059671129289,-0.03036911821411058,-0.020180148718457594,-0.06294107883441992,40.88459015,68.58546448,1.336714150365395,0.0040967066832651,0.0040967066832651,8.0,0.03659330893732578,0.07767145104911492,-0.02640874323435024,0.11814188479372337,-0.02347794747457286,0.08813137380375786,0.04848816099154782,0.06677428422693538,0.02677518711343916,-0.02621423992399851,-0.07039973413731762,0.06462235920610451,-0.1705943733044988,0.1302043344481852,-0.19511729691081486,0.09816983839909298,-0.05585951823027101,-0.007782433819694422,49.44328308,68.802948,1.8286791291115052,-0.0012107218330925,-0.0012107218330925,10.0,0.03342459275843337,0.0767348439244775,-0.003734734020711703,0.07870998155099428,-0.006669628124653883,0.0460444491415759,0.041009067436365954,0.041765104352701365,0.03934960584700521,-0.002808306267198246,-0.09683678613883849,0.07213559774584948,-0.19664304849839376,0.15651009703795277,-0.22799351794423778,0.08062672575760062,-0.0468261393273191,-0.00907533444506697,55.02288818,69.77344513,2.10564599448311,-0.0035392911723241,-0.0035392911723241,14.18,0.012461752655883718,0.056068856156757926,-0.00048190584515413887,0.10439696269120499,0.018189684517670973,0.07680862869800925,0.051958965869298435,0.0622213787473568,0.031406524464091826,-0.03142867848023616,-0.08072893387152896,0.039553952867622616,-0.1717241166563592,0.13711864256194287,-0.20159730181334226,0.09560879600320882,0.002729098784258664,0.010699152390535573,66.73245239,71.73248291,2.996003324072029,-0.0165246909332865,-0.0165246909332865
8003,1102892.0,120,0.0,0.017570305236629273,0.06753211019676864,0.0684036504366984,0.09365744989510846,-0.045090451800704395,0.16130928620643148,-0.006566560276723736,-0.006200062261122779,0.10343900523968695,-0.0023365377780861915,-0.09944466594274788,0.019591030231808217,-0.10679070241390755,-0.040658922814625714,0.04937958004117844,-0.2521610556111588,0.037517692366832216,-0.13743945803242671,-6.529823082e-08,71.95600128,-0.23485115139071455,0.0158907132653601,0.0158907132653601,2.0,0.027057107750016532,0.0017105533611007308,0.21754590821054837,-0.05473308602623554,0.06903683967936322,0.09133924051777557,0.014461783400358605,0.04690874434817428,0.06291263562375009,-0.010560195956894692,0.026747688506205628,-0.17194678550949088,0.13121661513981528,-0.2682685308111955,0.2585500549136776,-0.4678210646799588,0.13129454214973152,-0.17883174277286462,12.63139915,69.81752014,0.037349420842132976,0.0195930411129989,0.0195930411129989,4.0,0.001472174224641517,0.06190902618835644,0.11350001922352222,-0.05581613778463619,0.12062779247874492,-0.044924806118780594,0.11103420059098211,0.024971639528784867,0.09018356200735013,-0.006470935114599296,-0.0693772628830051,-0.003600054708725913,-0.12272093322778083,0.05209878909477208,-0.03514731212811388,-0.20582383901641993,0.06497707855289492,-0.14619570492971268,29.35029793,68.94444275,0.6772045677776279,0.0158517125537957,0.0158517125537957,6.0,0.016645539024802772,0.07609840081657404,-0.022448065438029133,0.15435843253517453,-0.06944853228008595,0.10629443937507177,0.046933032108081876,0.06820969596216142,0.04275255260991931,0.003204601653811567,-0.06325616312467701,0.04158449566975431,-0.11727581269123065,0.06281339090810939,-0.11710072692916344,-0.036883275630365205,0.0035703132093707467,-0.07073023722546486,40.88459015,68.58546448,1.3450072648091544,0.0040967066832651,0.0040967066832651,8.0,0.017938959600953108,0.05151484574717924,-0.021158480964115052,0.09371269712585432,-0.014245563735835087,0.08689519761310674,0.01981679960366574,0.07323338231738157,0.015546715208673229,-0.00951505484809326,-0.08548519864040899,0.0543943405770682,-0.15685139827471353,0.1252996645210507,-0.20962534470457145,0.09783287123120576,-0.05741310289000478,-0.0071123635449839295,49.44328308,68.802948,1.774102311887406,-0.0012107218330925,-0.0012107218330925,10.0,0.012390531434145155,0.06433190052719007,-0.021874673893822767,0.08696340800123623,0.008547447934965733,0.025480042189815474,0.049126922040498504,0.041745075275078376,0.027522618424899177,-0.011130434091681136,-0.09391879974672801,0.09075269612343126,-0.19919966790900484,0.17868437387352326,-0.21579984407474778,0.08626027842170306,-0.019795337818915803,0.019132132254384284,55.02288818,69.77344513,2.0414120036099535,-0.0035392911723241,-0.0035392911723241,14.18,0.041851657060453115,0.05284374128047873,-0.012535345380223497,0.09924513144039294,-0.018154803610027363,0.07556285484906744,0.048886619074523976,0.07615686931555149,0.019108449431354008,-0.020395379464769454,-0.056815088877437386,0.02927665009009011,-0.1590369979935702,0.14913354033359522,-0.1973189677888563,0.07581773598698834,0.0032185030637224624,0.025430496782441026,66.73245239,71.73248291,2.8584364737389754,-0.0165246909332865,-0.0165246909332865
8325,1102712.0,124,0.0,0.02185156967941083,0.07475986991098452,0.04849950217551929,0.07130151185280637,-0.060448749381137985,0.1283618598462985,0.004266742151717501,0.02906159047540232,0.10586862777996223,0.010875192206186738,-0.08715366680136732,0.01946968480267523,-0.10376231611442509,-0.03264548782034732,0.04734237283315586,-0.273932059668286,0.03612905724564942,-0.16750100979665933,-6.529823082e-08,71.95600128,-0.05957533685704286,0.0158907132653601,0.0158907132653601,2.0,0.007865152001588044,0.0023901951111535615,0.20539137290520845,-0.05753672410188092,0.08860333035261929,0.08019324498846685,0.009458434573902464,0.025333518463528142,0.07238044443622156,0.001096398234165237,0.011605414660148226,-0.15216100896124057,0.1324168470067488,-0.2590372071722636,0.23921524132257987,-0.4463489122512082,0.13504932187055285,-0.17665907952611315,12.63139915,69.81752014,-0.010319581264502858,0.0195930411129989,0.0195930411129989,4.0,0.01213672073733952,0.03851592548432544,0.11219335752522412,-0.051010014532073045,0.12698663188115475,-0.035191713752512996,0.09285738331960273,0.021818644414284005,0.0723298432465502,0.004435322342694626,-0.07148159177154173,0.023017345873293585,-0.15075375457924,0.05789844022102372,-0.049299699125893534,-0.20504894245542782,0.07164428424816707,-0.13335716428331512,29.35029793,68.94444275,0.6952475107860342,0.0158517125537957,0.0158517125537957,6.0,0.036827410672814156,0.0904137081592431,-0.03634807402861277,0.14563283797267734,-0.05680941311182444,0.10530527676872906,0.060392509177361366,0.0368629197301198,0.048914230731234846,-0.002212089203070146,-0.08620396236545741,0.04816497762702854,-0.13127262539861914,0.09030197080209662,-0.10415412253447846,-0.017630594939773266,0.009198907475833122,-0.04192445989153799,40.88459015,68.58546448,1.3205755798890566,0.0040967066832651,0.0040967066832651,8.0,0.00902519480157041,0.07537488373841218,-0.032277076138720315,0.10055498271648623,-0.029709626990141264,0.08809383834615925,0.03532464460162775,0.057558677750965466,0.02078807072443284,-0.014838793412698838,-0.07026355620214829,0.05125782599507643,-0.17042642772386238,0.1576051042098625,-0.2084958972799038,0.10215332396614596,-0.055623667765096786,0.020039507837229884,49.44328308,68.802948,1.6771747701601192,-0.0012107218330925,-0.0012107218330925,10.0,0.027592963804461086,0.07317898861517369,-0.021569270462866944,0.07583358294067716,0.00036705957476005323,0.021610027028030863,0.06489420576164734,0.049822630681578786,0.03502794980700644,-0.021801984245801022,-0.08880412609342882,0.08634688973796457,-0.18627907314995018,0.16517402061672515,-0.20570001216961298,0.08198969464660445,-0.048364133925580664,0.004587036605434773,55.02288818,69.77344513,1.9861206354788423,-0.0035392911723241,-0.0035392911723241,14.18,0.04076879962853577,0.05372746127254877,-0.021393325535857467,0.09062837915764048,-0.011874092407811706,0.0739589914702904,0.03023151435554038,0.08081580497514687,0.023494230164653327,-0.02579134879754238,-0.05946776567605058,0.05704664158889383,-0.17652309344971254,0.13020207254516597,-0.19634041583140788,0.07341880862535684,-0.03012395824363593,0.03237937844614548,66.73245239,71.73248291,2.9501656893032466,-0.0165246909332865,-0.0165246909332865
8570,1106093.0,130,0.0,0.013864466745467666,0.056450825168921186,0.08172684871570945,0.08396791560290454,-0.07717646752639623,0.16497474783308572,0.0014105361256251756,0.028009082383644964,0.09218963989381182,0.013241634240424967,-0.08603906935774074,0.04966525957335367,-0.123327878662842,-0.05400830923282344,0.07680646516468628,-0.25454014378263645,0.04593851571782442,-0.13004911028180974,-6.529823082e-08,71.95600128,-0.06806390143905572,0.0158907132653601,0.0158907132653601,2.0,0.009029435790388203,0.004141067599616557,0.1825613041036075,-0.06684670794924435,0.07945122057683286,0.07390913471030253,0.018079711026992355,0.018246902027876787,0.060128451178890166,-0.018930712227306284,0.005105702790733951,-0.1606931139565987,0.12608267127361278,-0.27463884859743404,0.271576725288637,-0.46613178819665185,0.12312141734552186,-0.19556129723179078,12.63139915,69.81752014,0.16373207917131372,0.0195930411129989,0.0195930411129989,4.0,0.021680887999628574,0.0573993805667784,0.10718199155166201,-0.06424990023993715,0.12822971586666745,-0.02427064795717411,0.0943816058998861,0.00753513303308054,0.06075972821559068,0.009340432935772273,-0.06644085368659093,0.005687177790793188,-0.13721295453896223,0.05446553864132109,-0.06374229410231277,-0.20906873920436964,0.09280746382749895,-0.14664902558567872,29.35029793,68.94444275,0.700275899036365,0.0158517125537957,0.0158517125537957,6.0,0.023133761516142944,0.09129730526811218,-0.03112677421479164,0.1494041439964374,-0.03906385782659214,0.08746580777088687,0.049359870685630206,0.0710029684814507,0.05027386382469226,-0.02999114548658466,-0.05646087683120381,0.031151952369459737,-0.1296659356410405,0.08990638786276765,-0.08490681958303721,-0.039534900000465334,-0.020319594686254147,-0.0373538166252476,40.88459015,68.58546448,1.28523987659567,0.0040967066832651,0.0040967066832651,8.0,0.00848446547081606,0.08119105066183936,-0.002907592585092506,0.09503800761585711,-0.00028409019600538106,0.09222097867547714,0.025139076831624176,0.0849220834892843,0.044761297133818406,-0.021216109998758476,-0.09113922230771818,0.050413607991132536,-0.17623699733539705,0.14303505272037248,-0.2120972126176486,0.11272530726815803,-0.053201842307396996,0.009270859119699323,49.44328308,68.802948,1.7995314830435356,-0.0012107218330925,-0.0012107218330925,10.0,0.021348436746125615,0.07196848264301389,-0.004108940694832102,0.07345192588984825,0.022114284268815763,0.05719580339337153,0.05907405249358467,0.0535032490922302,0.045480587078973886,0.010307809197171787,-0.07227248673884173,0.07177109688522931,-0.19913259446816822,0.14359761221182865,-0.19329922647237888,0.0727188847736659,-0.035442748293702975,0.0033006229674021727,55.02288818,69.77344513,2.076733474355088,-0.0035392911723241,-0.0035392911723241,14.18,0.040223436914790384,0.045519649575460716,-0.0010584741421196912,0.11653879520672618,0.015484902602978984,0.06987298924509365,0.038771440610964936,0.0769552349149926,0.0040567811764724016,-0.026659405541902027,-0.08094533753115496,0.024213852730145185,-0.18562874881703673,0.1538638500424215,-0.19031664084107705,0.0911078369351981,-0.020149459474582035,0.0047580476825260405,66.73245239,71.73248291,2.959427357474724,-0.0165246909332865,-0.0165246909332865
8643,1110269.0,130,0.0,0.012451293458397818,0.05764397435894151,0.08075105252679182,0.09746643412380959,-0.05939099187695684,0.15355402959823816,0.008916522640279357,0.017568859181742745,0.11396841718445949,-0.004825957295241858,-0.11062438974410964,0.02248177544888524,-0.12156017893699927,-0.053719776700645594,0.050074736083034546,-0.2728851999011319,0.06897638142038719,-0.16310945325592463,-6.529823082e-08,71.95600128,-0.1072377429268369,0.0158907132653601,0.0158907132653601,2.0,0.0017754558224405258,-0.007549449242263,0.21735200133177007,-0.07193164459056607,0.0914292059030356,0.06163416584263379,0.018603232597641964,0.04226535403349275,0.09270518326280765,-0.015921571413651935,0.024377996905483777,-0.16307803657192677,0.11001946552761949,-0.2606972035690545,0.2580035224686917,-0.43352329098757836,0.12905640806376842,-0.16490723791804265,12.63139915,69.81752014,0.08071756050897241,0.0195930411129989,0.0195930411129989,4.0,0.03494867710915227,0.07363068658256681,0.09574823574876476,-0.03812811210891927,0.12639095217459356,-0.02653319559621254,0.09625658620516575,0.005673545010466525,0.05817078735524507,-0.00543199797093454,-0.045310736984326874,0.0024691025362914773,-0.1207468526742795,0.054513224517967106,-0.03445339467469767,-0.23370114120025273,0.06618234653934549,-0.154546374115117,29.35029793,68.94444275,0.6785523584776609,0.0158517125537957,0.0158517125537957,6.0,0.01985939273000738,0.08250809409833909,-0.020695609807492427,0.15006898886544856,-0.03266066206872234,0.09545941518015355,0.04916413531362434,0.06917895717248802,0.06382509837516202,-0.005538186593020831,-0.08411390756942522,0.016789078140779096,-0.13247898734422983,0.058610411716629035,-0.12203545769834245,-0.03066165079934418,-0.019144090122953445,-0.05454719212649283,40.88459015,68.58546448,1.3159012684047136,0.0040967066832651,0.0040967066832651,8.0,0.03505984675710187,0.08366200005648478,-0.01598505579356826,0.12611530771361193,0.0032314475992965604,0.0653423208064828,0.03924909174959682,0.0640322439854891,0.03443672635566841,-8.178121749990823e-05,-0.05808533324132678,0.03980057502218469,-0.18265709518864393,0.1471033268229854,-0.18708374791561458,0.10377033277903315,-0.05159693985198124,-0.01014114117615876,49.44328308,68.802948,1.8348950787894764,-0.0012107218330925,-0.0012107218330925,10.0,0.034112776511693484,0.06945848217518459,0.008852292498477436,0.0834406810670239,5.069093283195311e-05,0.05249834732252249,0.06008269548163063,0.03867559011709123,0.020967314549588497,-0.008771921227818546,-0.09703312834150422,0.08286448627058371,-0.2092507155718224,0.14565148697766608,-0.1974960233437986,0.0897220601636476,-0.02203207326347444,0.017456096151548157,55.02288818,69.77344513,2.0400291788009013,-0.0035392911723241,-0.0035392911723241,14.18,0.009915595380627664,0.05282235083065893,0.012802132955159466,0.09968094680755757,0.012271426780044158,0.05079591456355083,0.026885275927733446,0.06193288980177295,0.03521941585483443,-0.014000458711721942,-0.07828967570139328,0.024531004542917106,-0.15584025202753674,0.14195472072616108,-0.2124319489900203,0.09805020359276476,0.0009132203983910799,0.0039196210550552155,66.73245239,71.73248291,2.8630720811624144,-0.0165246909332865,-0.0165246909332865
8837,1130174.0,124,0.0,0.025797598888316453,0.05661427041283317,0.07925508266454845,0.09743541152543919,-0.0797003381147718,0.16379254347228087,0.021179178696206544,0.030721857942382406,0.08204893300538656,0.008750918097184358,-0.09355879735450366,0.05274238523391494,-0.1107806210320857,-0.024982396547860053,0.055521817165748784,-0.2891534643329706,0.06031774125251291,-0.14846105583335714,-6.529823082e-08,71.95600128,-0.14239145883962628,0.0158907132653601,0.0158907132653601,2.0,0.010155673350585051,0.008305799282608474,0.2074717627112178,-0.06114542324510953,0.06541660041971002,0.07779211368904412,0.014645538934035297,0.021576760941398043,0.09174115927756635,0.010888330159744386,0.004965185141059015,-0.15813950575284996,0.12175933404382555,-0.259356684761618,0.27372979131799563,-0.46296884453573506,0.1443545279284141,-0.16819844695226532,12.63139915,69.81752014,0.1590107911803911,0.0195930411129989,0.0195930411129989,4.0,0.017437186853546238,0.06631310610797025,0.11133256108346853,-0.06468690541589142,0.14404541774586924,-0.03789647416026288,0.08758930355313777,0.025514846092023327,0.05719075782909946,-0.009958607077461826,-0.04727750849008888,0.027094278029095697,-0.13147867149662051,0.058647483290366675,-0.05959762848370179,-0.21933307096864946,0.08273580602000107,-0.13955525883521158,29.35029793,68.94444275,0.6842237214562106,0.0158517125537957,0.0158517125537957,6.0,0.02459543435119281,0.07217148162940819,-0.03215876543353524,0.1469717233892069,-0.057648130869632386,0.10618028008863958,0.05671356628954985,0.03780634872153578,0.06093818584612597,0.009718608201916496,-0.07138608738956843,0.03481465753805877,-0.11750388004219459,0.057988753864589106,-0.10434064570872219,-0.009135444365045976,-0.016863286263268093,-0.052171373777572874,40.88459015,68.58546448,1.4368554133533964,0.0040967066832651,0.0040967066832651,8.0,0.010335769165563596,0.07337592502003809,-0.00891445539288302,0.1105338538793586,-0.00475450905728657,0.06426791081249468,0.022391098889937358,0.06845946142049275,0.017194510216386467,-0.0035566837786331802,-0.06945977944236562,0.06752092194789552,-0.16915154130211268,0.1517155272007609,-0.19177978581000338,0.0934313662651291,-0.06819965393362207,0.027047526766413817,49.44328308,68.802948,1.8419492819455794,-0.0012107218330925,-0.0012107218330925,10.0,0.032693993105844026,0.07484178466005423,-0.014880783080502523,0.08610768958457403,0.01809231884121053,0.047433216406619474,0.06619433543068219,0.0541941853572879,0.03274565982292868,0.00290310405950568,-0.08797222538453538,0.08804945626789197,-0.19620349820235672,0.1576204601639785,-0.21314178677457632,0.08644489852764714,-0.026362649854899115,0.017803213948623775,55.02288818,69.77344513,2.1357494927277365,-0.0035392911723241,-0.0035392911723241,14.18,0.005650934693901554,0.04723590679797443,-0.023868619351279475,0.11094531863720693,-0.015113695926162471,0.05300027549576034,0.03629704273431262,0.07693907337775041,0.02029404253325397,-0.04244802069256961,-0.0755838789666825,0.03589639106312222,-0.18255745885367522,0.15292104473350027,-0.1951385157122132,0.09387436272378463,0.004970138301745319,0.006923163354885378,66.73245239,71.73248291,2.931739828975861,-0.0165246909332865,-0.0165246909332865
8967,1101511.0,156,0.0,0.01922825731126826,0.04054511153812097,0.07494090992050538,0.08441233261328696,-0.04555779051936929,0.16351380747742564,0.0059959416622389055,0.021298240495958645,0.1062017949318383,-0.0009168719112299104,-0.10741785328548284,0.019652523839178725,-0.12237595435386692,-0.019823155491468823,0.06698563452099811,-0.26781077361473826,0.04415739415525287,-0.14630820808655334,-6.529823082e-08,71.95600128,-0.09834791989318914,0.0158907132653601,0.0158907132653601,2.0,0.0039639141864711396,0.016679307100720325,0.1957053124109772,-0.054332353094632156,0.08704445160511293,0.08680686825923606,0.013392275871584189,0.02149451267048258,0.064157351896291,-0.012324999965113579,0.0022178146126566123,-0.16411428043671253,0.11754457548145165,-0.2604217645373882,0.2659944401671795,-0.4699999446206091,0.13400076601894773,-0.1667074806767027,12.63139915,69.81752014,3.352068278780762e-05,0.0195930411129989,0.0195930411129989,4.0,0.02791246958286771,0.05083685957431085,0.09618657287486627,-0.05364664794071164,0.13174375865688678,-0.04627529554857661,0.09442826853272669,0.003489183523465095,0.058183676693768574,0.010266558167545374,-0.08147281005137133,-0.0050480485170244505,-0.15688122455130493,0.059316876253026334,-0.0691677538555343,-0.20254278411761248,0.06868108116528981,-0.15379636600310884,29.35029793,68.94444275,0.7557272980504941,0.0158517125537957,0.0158517125537957,6.0,0.00435454276599166,0.09506700648998213,-0.027038185911024904,0.1423862783286673,-0.051717012835465224,0.1026522113852784,0.045824734250091495,0.05497870099056308,0.04825302300244509,-0.027471108519507334,-0.07657347663894519,0.029252771658286585,-0.13945703455448533,0.07150237143043962,-0.10995286047457069,-0.014940977918288734,-0.012323130428914537,-0.04761917716909149,40.88459015,68.58546448,1.355055550005544,0.0040967066832651,0.0040967066832651,8.0,0.012221570244031177,0.07703271733055672,-0.02319530794434991,0.10569958103145344,0.0017416617521607298,0.058020547958083785,0.04887366627638262,0.057147156102131495,0.020023732603207944,-0.0034735345173998716,-0.0662274496383117,0.04605249256597508,-0.16282340091173528,0.1481217633842603,-0.21803496086044227,0.0981792909542963,-0.05800573434281504,0.01704311582912127,49.44328308,68.802948,1.8316165464496819,-0.0012107218330925,-0.0012107218330925,10.0,0.013415300931373757,0.04563544902632054,0.009384738207602954,0.07551010881345809,0.015087916140061976,0.05552207974188025,0.038080001333651886,0.035820063797886395,0.03356970432401444,-0.021214997019009557,-0.08993478917246057,0.05799747143572647,-0.1914494769971442,0.16187220807564112,-0.22102833720749698,0.0809858493854972,-0.024997905251299198,-0.00036989969875790736,55.02288818,69.77344513,2.148488015330125,-0.0035392911723241,-0.0035392911723241,14.18,0.030982358207889162,0.07988484112403683,-0.005441737521065263,0.12216199939726324,0.004883400624765695,0.06811729784874594,0.041369225472366954,0.07580381647814177,0.026243261966227713,-0.00439061919231571,-0.078905848967458,0.05905253141011888,-0.18151720857887474,0.1375354683264918,-0.20640138576995248,0.0640807868181645,-0.012890073183473526,0.025525725186696803,66.73245239,71.73248291,2.8899868979586363,-0.0165246909332865,-0.0165246909332865
9001,1108214.0,120,0.0,0.013214169996022023,0.07748503450616517,0.06933712934778374,0.09034239142344982,-0.04862134242123202,0.15368790697833143,-0.0034787815101412923,0.029569012228593063,0.11735875994733616,0.007410848486060497,-0.112526216244839,0.04425449225838214,-0.10198708726760425,-0.03190932662817132,0.0594662624860916,-0.2829154807577277,0.05898590753684182,-0.13803317825697906,-6.529823082e-08,71.95600128,-0.13604020767164435,0.0158907132653601,0.0158907132653601,2.0,-0.005230319488342239,-0.01556897996961785,0.21722591517649284,-0.07550509756920569,0.08236383480788738,0.07403977224585948,-0.008733510834783808,0.05014433448500945,0.0793135938377173,-0.01855397070397955,0.020472504068043115,-0.13764508556687002,0.10884822387341633,-0.2605484079898921,0.2461459317801793,-0.46329990206420835,0.14434417300672037,-0.17277871829329036,12.63139915,69.81752014,-0.0327096357747617,0.0195930411129989,0.0195930411129989,4.0,0.025353507516317417,0.0352750420223339,0.12431659439455048,-0.05941827144090569,0.14497109053600418,-0.03934578885140265,0.10859816349809692,0.012481732815749172,0.08070066197785553,-0.002882308730274283,-0.06283505097005156,0.02717775018407245,-0.14950107705301224,0.05441561302769667,-0.03923843317710442,-0.21333295168914934,0.0768095505547603,-0.1336888825528375,29.35029793,68.94444275,0.6734484930704046,0.0158517125537957,0.0158517125537957,6.0,0.03371446595117055,0.09342176350255137,-0.023095037413762072,0.11640893555712305,-0.06933367820780198,0.10913402244420109,0.05276896575279176,0.042682694103129665,0.06429654548658982,-0.027223215725370772,-0.0678954599125561,0.0295841268223525,-0.13405516199197093,0.09102287429480171,-0.08882239443946412,-0.015521603358614643,0.010365734779221543,-0.0663629270745358,40.88459015,68.58546448,1.3025214160349914,0.0040967066832651,0.0040967066832651,8.0,0.01941099819014444,0.0666071742803713,-0.03292253299871217,0.1221751847276306,-0.02122099120708213,0.09396808804243648,0.026375905803174574,0.08338837760673466,0.025761694990566134,-0.00517382598951685,-0.07476349710138726,0.041450685245526635,-0.1754694870313425,0.1556303041208188,-0.2161236876333517,0.0794548433184663,-0.04643092070747696,0.022123363944061655,49.44328308,68.802948,1.7961199198972764,-0.0012107218330925,-0.0012107218330925,10.0,0.03645182128111296,0.06593539486719013,-0.010671570127656151,0.10307846585375513,0.022607577716765387,0.034936882806990956,0.05678374623109829,0.05885234745675822,0.0225233290780102,0.004057942102970025,-0.08104294415930673,0.05684099034195442,-0.187542260564914,0.16333463503244242,-0.20470289925530993,0.07710451489148257,-0.04413789868514527,-0.004818526441921203,55.02288818,69.77344513,2.1172469498081057,-0.0035392911723241,-0.0035392911723241,14.18,0.025707320868205145,0.04427577964463125,-0.007040116318646847,0.11332656847888822,-0.0006229884049212249,0.08128379846685312,0.03442039184452233,0.09291602577970379,0.033968630952655274,-0.04087462018195921,-0.0606951141820076,0.054307889837699186,-0.1927284841062299,0.15562862809452874,-0.1770010677248265,0.07659822062816397,-0.014283697384235221,0.01936207920596949,66.73245239,71.73248291,2.909125717778978,-0.0165246909332865,-0.0165246909332865
9582,1105671.0,125,0.0,0.03249774539657528,0.04315793223399434,0.06436221637895657,0.08259728368792019,-0.05152659330373592,0.13611755804118067,0.015037305625814113,0.026013698293540596,0.08529133914627078,0.005123429711439363,-0.09283680943289899,0.03159513860761469,-0.11149576512934986,-0.02666404205624142,0.059508598150693856,-0.28154148388217004,0.05985575294073741,-0.1667501465066788,-6.529823082e-08,71.95600128,-0.07620278215452114,0.0158907132653601,0.0158907132653601,2.0,-0.007784150662113442,0.0037034686749719764,0.20004676587881148,-0.07711653203556809,0.08725540573152687,0.07962779232923312,0.013912401612678895,0.032148089263921424,0.09377413242227389,-0.011483961226748541,-0.0022791373974541604,-0.16038948319787907,0.13291584217411478,-0.25996133468202287,0.24146462078014513,-0.43842832436912677,0.1370076405205131,-0.15967129475306238,12.63139915,69.81752014,0.022979211458059298,0.0195930411129989,0.0195930411129989,4.0,0.02340849357573619,0.06880778366063388,0.11479502485423496,-0.06560259751085604,0.13605997248971283,-0.030965811025178563,0.10701137865610526,0.006020725418238806,0.05895080110931562,-0.0015648220655708808,-0.0580625562631079,0.01652485407715028,-0.15869655121410278,0.0621055244992534,-0.04765802566319409,-0.21816836474056572,0.07208789823220407,-0.1450508740852563,29.35029793,68.94444275,0.7253971399810032,0.0158517125537957,0.0158517125537957,6.0,0.003983484421659,0.08659589886728712,-0.042207361855192055,0.1285024285158061,-0.032861750990281734,0.09344979742308507,0.027143770716190736,0.06013887903054748,0.06286281526097579,-0.004643083001070012,-0.07791427508966602,0.041843503661877085,-0.14700591926730816,0.07310252229534317,-0.09464346595971002,-0.014856351349762688,-0.006121286169156337,-0.0326058543100724,40.88459015,68.58546448,1.4270369550888669,0.0040967066832651,0.0040967066832651,8.0,0.03453327505212546,0.08113454438636838,-0.011145953327942071,0.12044950048667198,0.0037018860825876205,0.0744746472696331,0.02977663238078987,0.08633207556683109,0.013974860560282812,-0.025541937331232577,-0.08030874336316544,0.050485514977469975,-0.17258688048326543,0.15550695291107902,-0.1929182123519648,0.09800584502857328,-0.03667465844046382,0.014758214657793606,49.44328308,68.802948,1.8339282028601975,-0.0012107218330925,-0.0012107218330925,10.0,0.014342206538234205,0.05738205965384903,-0.009574701263430714,0.08105411903877176,-0.006928913959467915,0.05599020490094436,0.06113162387979876,0.04221080724648285,0.04138063673712116,-0.005150920197066304,-0.07325217536215493,0.08809182868258954,-0.1924027020840792,0.17678991540163258,-0.2274439260077093,0.08468970355909845,-0.05717872923306981,0.005783131996985184,55.02288818,69.77344513,2.050933617479744,-0.0035392911723241,-0.0035392911723241,14.18,0.02728991477879199,0.0474960082800642,-0.0022374703346726543,0.10925741250024629,0.012842977872814923,0.07449309719886993,0.053980433372549194,0.06919554907090952,0.016972555698171514,-0.020459425318132822,-0.05293855286526257,0.04690806361754802,-0.17047586230782086,0.13143705392006835,-0.18218902659635236,0.07151216948749488,-0.00543349272406865,0.014225140656730683,66.73245239,71.73248291,2.8208898600493213,-0.0165246909332865,-0.0165246909332865
10035,1103417.0,132,0.0,0.042309384719558404,0.04379582218246285,0.05136095604612913,0.07859698801498446,-0.05656982007327033,0.1607030274808794,0.015133156944905371,0.023143043990658838,0.0953243212193368,-0.009060029692987635,-0.09728736616807061,0.02862705184163658,-0.1256755835953297,-0.04904501188549904,0.07169488502704256,-0.2581069352290315,0.04605148731864792,-0.15996098928039704,-6.529823082e-08,71.95600128,-0.20983264259624923,0.0158907132653601,0.0158907132653601,2.0,-0.003450838258163629,0.018463161253941276,0.20167824024399011,-0.0631983193350212,0.09209199975215855,0.07215303107963235,0.005244082548248359,0.047195323384766875,0.07121124208980074,-0.0019810326016117827,0.019281576918957325,-0.14882571921344329,0.10602245645657797,-0.29221918961437615,0.2569148391400311,-0.4665092552447925,0.1284916678247228,-0.16628077368627422,12.63139915,69.81752014,0.008243848594635318,0.0195930411129989,0.0195930411129989,4.0,0.033301488583029004,0.04614196218151795,0.12313871879888538,-0.05750581360656095,0.14730628281764854,-0.036290502143887016,0.11395975516844106,0.0022868604357319496,0.07471399570049506,-0.02479513711081132,-0.06680179963724887,0.010740444864138238,-0.14987750793224214,0.059954841445549745,-0.05600584065362754,-0.21548252423738912,0.057278000140030705,-0.13465524277231994,29.35029793,68.94444275,0.6601823396635629,0.0158517125537957,0.0158517125537957,6.0,0.028223031675741347,0.07757242118052692,-0.033035904396453084,0.15172278407425743,-0.035494662419263884,0.08101312659124173,0.051490691412403894,0.06157731070597359,0.043484116761964356,-0.0010903311749881055,-0.05187396908684867,0.03467793293198718,-0.13750010651942826,0.07593661670585174,-0.10770204944226389,-0.0045721421103785895,-0.01249010100023628,-0.037070505692076275,40.88459015,68.58546448,1.2776417971367058,0.0040967066832651,0.0040967066832651,8.0,0.043794210557071625,0.0843301317330853,-0.030831933973281062,0.09333838209250095,-0.018492653630046426,0.059378428800589876,0.025935527443725393,0.06982599130753885,0.03658103741844828,-0.02140301417839977,-0.06007608674419421,0.07129080671676993,-0.18606202204206806,0.1595250658755609,-0.21965691580873958,0.09897274447359604,-0.033424648526873935,0.007741861617484637,49.44328308,68.802948,1.7051006142947214,-0.0012107218330925,-0.0012107218330925,10.0,0.03588636398935099,0.08073898825875461,0.008895982371564548,0.08825015170359951,-0.0027158135976934686,0.023470738886177595,0.04383371114365836,0.05751721822630927,0.03771038687261055,-0.004960456426396013,-0.09376892933956758,0.08740297797285851,-0.2116174592547986,0.1529553868713838,-0.2196143559768507,0.08741125202032266,-0.05229535271174972,0.009824950103261615,55.02288818,69.77344513,2.1662944996549265,-0.0035392911723241,-0.0035392911723241,14.18,0.006486519727299026,0.050558075357144426,0.00848398674232058,0.12191217724890419,0.008354987893822512,0.05732914582806848,0.037702979285432724,0.08379763270103162,0.028893864357792877,-0.03640374367374176,-0.08283717154316363,0.05841257505453852,-0.18857711589911086,0.13274011546916942,-0.198126278055856,0.0847947569117583,-0.02272059132357298,0.037344922793682886,66.73245239,71.73248291,2.8456337992062517,-0.0165246909332865,-0.0165246909332865
10058,1100402.0,120,0.0,0.027327619596909526,0.07365644289063117,0.06438935018502046,0.09547565081244254,-0.07321221186011073,0.1530211588554521,0.015757505412123105,0.016656281632139235,0.11024467959317615,0.0051650928958107654,-0.08737769543797735,0.04557895870492454,-0.096684568364608,-0.04165074097348928,0.0693683179207172,-0.28178614179682016,0.050001852162338246,-0.14790058449497287,-6.529823082e-08,71.95600128,-0.10847608758767417,0.0158907132653601,0.0158907132653601,2.0,0.01747971269507713,0.010874538979989752,0.18481961749973522,-0.08001183201150189,0.07037471633257569,0.09155758808914502,0.008940046291740942,0.05028283731986824,0.07661221335905674,-0.011389799796965156,0.023668318025751457,-0.14399391638583767,0.11770248443292596,-0.26892164397340185,0.24819714970383497,-0.44100461064746116,0.1389216619128615,-0.17003106963314893,12.63139915,69.81752014,0.08284860038194186,0.0195930411129989,0.0195930411129989,4.0,0.03294739844916289,0.061900444644232944,0.09589543728132519,-0.038110864732714904,0.13757853070922016,-0.03744739058999874,0.08378113919529294,-0.01062620117890016,0.08184905057306034,0.006817185983120935,-0.08233111300166737,0.03426581878613444,-0.15517065360595134,0.045612504999095665,-0.0426167362914447,-0.21489938650403598,0.0727530277124422,-0.12273917901915443,29.35029793,68.94444275,0.7741307898713222,0.0158517125537957,0.0158517125537957,6.0,0.03893777244571864,0.06661609360586979,-0.02621228877010903,0.11867976819474028,-0.05532702968127698,0.10929423925894502,0.028949150622856475,0.06645242988049206,0.06542810615946154,-0.003124821370306459,-0.06902268727920478,0.04094089100780264,-0.1261944285521274,0.0630652020777282,-0.08314730649235816,-0.026228784020502056,-0.0014082535835088913,-0.04365500971094903,40.88459015,68.58546448,1.3408658130611208,0.0040967066832651,0.0040967066832651,8.0,0.012609975520196394,0.05280929023528607,-0.0033301545044562737,0.10144554334351572,0.00010687897902721642,0.08469063000833073,0.018093846222480746,0.09086409648153863,0.017716058626407793,-0.019716809360705932,-0.06860395588509206,0.03983126688646861,-0.15324837667023258,0.13712026943101377,-0.1887574588252841,0.10158815673449631,-0.04401187694804646,0.009353510130607038,49.44328308,68.802948,1.6476751415509812,-0.0012107218330925,-0.0012107218330925,10.0,0.029844350120926375,0.05796138613114326,-0.0029149080053565025,0.08788970685180435,0.01354815693534247,0.027340521415417228,0.053287814095595985,0.0359464985501482,0.02267627212851615,-0.022513980125795603,-0.0902342365925052,0.08982199833334274,-0.1818994131247198,0.1709592288857472,-0.21425671530288895,0.0866127200257239,-0.022620542533333662,-0.005637611099458938,55.02288818,69.77344513,2.1160408272765934,-0.0035392911723241,-0.0035392911723241,14.18,0.012716305141423941,0.06814125279735345,0.0027060961143294277,0.10657390004983745,0.007999169155369355,0.07015292372951819,0.05308602092061267,0.07577798696633914,0.028147904464264926,-0.03158569761860598,-0.05364211132035013,0.030565327596720746,-0.1626223606660124,0.13476664636310498,-0.21177723409559587,0.08272536908336225,-0.005022788726185648,0.018750922450391894,66.73245239,71.73248291,2.8682150369547683,-0.0165246909332865,-0.0165246909332865
10181,1111239.0,132,0.0,0.02968278257819459,0.05046127693827251,0.0726180059015446,0.0668588283484976,-0.061087065651734045,0.14972325098480244,0.004455497381468458,0.02958637124879096,0.11445995307481145,-0.009313307640896462,-0.11025936075385451,0.026874128327911403,-0.12990258828240112,-0.03824134614839377,0.06276958505869187,-0.2672897510763489,0.036055489663680225,-0.1326816677444183,-6.529823082e-08,71.95600128,-0.10364078377454908,0.0158907132653601,0.0158907132653601,2.0,0.020280787086418933,-0.015361182275216718,0.19403757082241965,-0.058613143988533234,0.0714145639828995,0.09161544914993681,0.0052609896740704026,0.04592620872734002,0.07149490802849424,-0.007563870430460923,0.023306669358805508,-0.1640246223364276,0.13470886803093318,-0.2771845425515379,0.24661343431798693,-0.44439011752969243,0.1390851080646907,-0.1810596649050896,12.63139915,69.81752014,-0.021444092164323747,0.0195930411129989,0.0195930411129989,4.0,0.03390809230149596,0.055471961259402514,0.108301936330643,-0.03188048302150106,0.14563932698759655,-0.049290051714580424,0.08325294572477476,0.021240382845272045,0.059504263654353094,0.007117181208656483,-0.05524800501796198,0.017011563455448093,-0.1390802763855478,0.03827640852485968,-0.0640713913409395,-0.20033578835441374,0.06458300361757403,-0.1513558133780107,29.35029793,68.94444275,0.7811434517543611,0.0158517125537957,0.0158517125537957,6.0,0.012470337492371308,0.07466333595673112,-0.011790142946030169,0.15420702547333345,-0.04282766353044813,0.09901696019968836,0.036101198757124794,0.05983127345437335,0.04084815660504906,-0.018973109725778807,-0.059924520371603396,0.033064145413004516,-0.11481258541760578,0.06305062975747205,-0.1032392884529136,-0.021141273008189736,0.004540446222323056,-0.0635173974399115,40.88459015,68.58546448,1.381742553762899,0.0040967066832651,0.0040967066832651,8.0,0.02883128989592401,0.057665974730075294,0.0015695976075342857,0.10211582862091692,-0.006158035352313525,0.0910153630417149,0.020219476608281085,0.08490409468696519,0.011891601132537767,-0.0019484963484108237,-0.08694916863011015,0.03215557591362363,-0.18565237167925117,0.13563158822363783,-0.20018097399251708,0.10956178096544283,-0.034612493415554973,0.011876896724377067,49.44328308,68.802948,1.7484171162757358,-0.0012107218330925,-0.0012107218330925,10.0,0.03736681232627343,0.07597722597248338,-0.004335669125424535,0.0705497828216954,0.0031354913182296933,0.03807967143536708,0.043985232278761964,0.038409887243247995,0.027011198281554336,0.006848079327885868,-0.07817671953188339,0.055666217145580406,-0.19976503153333394,0.17337522068254013,-0.2101626848518561,0.10231881311653403,-0.024459705212306823,0.02619252491203942,55.02288818,69.77344513,2.14530386988618,-0.0035392911723241,-0.0035392911723241,14.18,0.010639246773246302,0.055573729689403516,-0.019677739775918655,0.11952145294003341,0.010578174307695719,0.07318833462286223,0.03084201761227248,0.062033332692604325,0.027471462491063282,-0.017773057476186214,-0.06264096565141083,0.02587706478265218,-0.15698492167807207,0.13669042415731092,-0.199828417119609,0.08991314563791038,0.002472075153803502,0.010576708901248896,66.73245239,71.73248291,2.9626676084283923,-0.0165246909332865,-0.0165246909332865
10360,1120881.0,120,0.0,0.023023170362467198,0.05470733389314906,0.08530963663336366,0.08123029975389733,-0.06664092760585702,0.16260074431257387,-4.6912897446461845e-05,0.005634381134015372,0.10377777790178742,0.014697145623243046,-0.11597218922688501,0.04123854409181505,-0.13140559856943537,-0.02224153873033151,0.0768610463114022,-0.27443686193131717,0.037660521026004166,-0.15339288259082212,-6.529823082e-08,71.95600128,-0.1451733036153375,0.0158907132653601,0.0158907132653601,2.0,-0.0028009393913762393,0.009318143438068546,0.21438724489221447,-0.057221266256855044,0.08807349360638805,0.09218385912342038,0.009838383605405147,0.01824771074363592,0.09619943838517347,-0.006059216558533953,0.006998490618843972,-0.1370294029055112,0.12092227486498171,-0.27171574589938896,0.27038927178608196,-0.47122507979089445,0.15876412999827194,-0.17192023226978628,12.63139915,69.81752014,0.054470977643878364,0.0195930411129989,0.0195930411129989,4.0,0.01910484851398904,0.04874669741688168,0.12455166486707933,-0.06563840998463741,0.1161207898001792,-0.031686582513030116,0.10006621766862306,-0.00921665127930817,0.06218153308253827,0.0021982764831926394,-0.06575682819022288,0.005968028596102038,-0.143706440449844,0.06324970218091842,-0.06461525470654089,-0.23382488895206685,0.08443244683010316,-0.13982399791662078,29.35029793,68.94444275,0.7964121726289869,0.0158517125537957,0.0158517125537957,6.0,0.03848313908713681,0.09244462459546363,-0.03966219029156773,0.15297705476358825,-0.03292321851166349,0.07299776695321275,0.05130812284366448,0.050520225024090315,0.060621011725668104,-0.011068414209547532,-0.06178466141470482,0.024890245867057636,-0.12167791535918349,0.07335056580763534,-0.0989187759348192,-0.014281738800941446,0.0008767051295998779,-0.035213211201579456,40.88459015,68.58546448,1.3465880709872375,0.0040967066832651,0.0040967066832651,8.0,0.032832357417554414,0.052931252643849874,0.006136267933048018,0.10472147042607284,-0.028671348837478672,0.07966218142829973,0.04017417365461255,0.07691037040322947,0.0341400029278404,-0.0018209270615616273,-0.07792821161629808,0.06485018267345317,-0.16206884910167482,0.13217564254541742,-0.1918299703653954,0.08585470019587967,-0.053872909172530126,0.011127229908737801,49.44328308,68.802948,1.7584395393354972,-0.0012107218330925,-0.0012107218330925,10.0,0.02096309224261536,0.08263794864300274,0.008115710388677777,0.09828155245430617,-0.005151923313198347,0.01814341677099477,0.06933619066681529,0.03682205272296736,0.04524977732944245,-0.021623520374115423,-0.07164608465291787,0.07130442614918853,-0.2033895359867295,0.15005554169635496,-0.2222427022201563,0.10592748965997648,-0.052145911743233776,0.005742959085841416,55.02288818,69.77344513,2.1065259970852366,-0.0035392911723241,-0.0035392911723241,14.18,0.005013358646641559,0.05570253460197568,0.01147652625981439,0.10004899233481551,-0.016793654486072673,0.04217723829100193,0.019811638469513188,0.057818058881154,0.01734774924940249,-0.031935247572992355,-0.0625133756935656,0.03651191767269708,-0.1623853262859462,0.12963693099234827,-0.20949543332577558,0.09220874660908672,-0.015811122313240434,0.02403956020112242,66.73245239,71.73248291,2.8467044744286536,-0.0165246909332865,-0.0165246909332865
10464,1102176.0,138,0.0,0.034415537034930443,0.06998206647651012,0.07824068545282202,0.07886248842361769,-0.07063752280662344,0.15921012456613873,0.014530300798548761,0.009504341769243082,0.10329716218580716,-0.002972362508552124,-0.1141468402577991,0.05701355434372088,-0.10236095247927203,-0.038463265395142075,0.07447155952822845,-0.27104882759851634,0.06582133017065775,-0.14013153610781567,-6.529823082e-08,71.95600128,-0.12645867993963567,0.0158907132653601,0.0158907132653601,2.0,0.017597810591692,-0.012776758294976851,0.19383582022363333,-0.07628936169841655,0.08139093133577,0.07952558184531985,0.0024013567808744375,0.0364165230253852,0.09559592318912158,9.242702876324066e-05,0.004427315572573419,-0.15206605003063303,0.1269394333599168,-0.28883846769272603,0.2572206005784156,-0.46797434703380575,0.13157215150675655,-0.15881036478588584,12.63139915,69.81752014,0.09131795884766446,0.0195930411129989,0.0195930411129989,4.0,0.02026420313490455,0.07070813709071516,0.10898969237044905,-0.03289592408673643,0.14002495596694273,-0.04141235273150281,0.09193975251065008,0.004522200090469849,0.058791290508645365,0.006463984904733397,-0.044433560248823646,0.03449515494896505,-0.1434912165503362,0.03302872453091057,-0.06322050063328707,-0.21649512152604297,0.06829528661608088,-0.13962987153019396,29.35029793,68.94444275,0.6619341266948305,0.0158517125537957,0.0158517125537957,6.0,0.03016063994342725,0.0770267314649848,-0.0408326990280448,0.15277721582202464,-0.06941192303648763,0.09163845938454525,0.05135172088598415,0.06885649799069675,0.06809768901722059,0.0012855237297683935,-0.061501539139676986,0.01675564314756094,-0.15126004349062894,0.062105944701746026,-0.09225262757719667,-0.003845714956362885,-0.008758761412033083,-0.03396909209400219,40.88459015,68.58546448,1.3964360114124634,0.0040967066832651,0.0040967066832651,8.0,0.04013498009940291,0.07717605952355555,0.00549915872261722,0.09945783140720366,-0.00908240156898293,0.07460693402828181,0.04489849470924528,0.09525077764048592,0.025576828796691452,0.006130987808083559,-0.0702117559885199,0.05001549739788834,-0.15677416987210693,0.13213240823202987,-0.19830071694682994,0.08769019154063547,-0.05886068972537396,0.016321272488147895,49.44328308,68.802948,1.7359957437132738,-0.0012107218330925,-0.0012107218330925,10.0,0.04372843057119148,0.07448517354874017,-0.01652391533986473,0.09321284481396419,0.0301023612920795,0.04867358424623171,0.06717742429908595,0.041736290694120125,0.024180803733210104,-0.011244670590029628,-0.10349706684251282,0.06536709128712116,-0.19308505304447293,0.15051376009220732,-0.220155657239239,0.08682182975795202,-0.03209239223085329,0.028668935933586444,55.02288818,69.77344513,2.1414308428664706,-0.0035392911723241,-0.0035392911723241,14.18,0.04331530471594337,0.07873803065693684,0.01060289575619807,0.08353251935564225,0.0022679354918610376,0.044205525756612955,0.04414948419357749,0.07543126222527166,0.015690458383316844,-0.008235261607663542,-0.08390440630310404,0.058772843448441185,-0.16333898708782058,0.16072511848124693,-0.17770251439643006,0.07203802495342851,-0.019463921370968702,0.0171115579393952,66.73245239,71.73248291,2.9685101276797914,-0.0165246909332865,-0.0165246909332865
10492,1102804.0,135,0.0,0.02309370292288169,0.050132441369558446,0.062183063710154654,0.09105085672829183,-0.05216119557870428,0.147591128743311,0.014414550402433664,0.0043792815522672775,0.09843118003662198,0.005357819564060243,-0.09345055886797224,0.026910539629581013,-0.1084438337073046,-0.019515483199934035,0.05201557118066408,-0.27094672097145617,0.04284305696992422,-0.13629677351447886,-6.529823082e-08,71.95600128,-0.05032464399716598,0.0158907132653601,0.0158907132653601,2.0,0.02115069499879838,0.016614006241791747,0.18789412992286098,-0.05974552615922851,0.08620980125784941,0.0882175240744262,-0.007363050312590313,0.05028934249702684,0.09454976119202876,0.013504563041803322,0.025060000386121436,-0.15627527319251364,0.10402416374711328,-0.26263168268625703,0.2686052590606059,-0.45481408551121416,0.12568915421160604,-0.1850085670154725,12.63139915,69.81752014,0.031070016716205684,0.0195930411129989,0.0195930411129989,4.0,-0.00241881576550031,0.05672918671271307,0.09688555165423404,-0.04828011519022325,0.1227182753360017,-0.027879162389403078,0.10910428757048299,-0.009643074806881553,0.07345771497266229,-0.004927535242675895,-0.07474034662897122,0.03378708326751845,-0.1317368070444028,0.03191301423260255,-0.06878720763457401,-0.2118929817197518,0.07497177239115214,-0.12469365751649492,29.35029793,68.94444275,0.7665338905589161,0.0158517125537957,0.0158517125537957,6.0,0.001881738536902832,0.07451707102230055,-0.0215636721518895,0.14509109332740086,-0.037742198489374025,0.08843075924543074,0.02191834133266301,0.055807497294259927,0.05904492144637501,-0.014009813190942716,-0.06333901355883043,0.04023900553891113,-0.11922114063117657,0.09029833753752196,-0.11283176869861278,-0.01120686837392535,-0.028118558948418686,-0.0653658852457468,40.88459015,68.58546448,1.3872926894315163,0.0040967066832651,0.0040967066832651,8.0,0.038732442715821824,0.08277825213745015,-0.01832851585854657,0.12318318858179639,-0.01917946732490499,0.07956575741865814,0.029830465461987254,0.07296130379464863,0.046057107791831225,-0.0028546636956907397,-0.09692917664405093,0.040124294010938685,-0.18768191231245399,0.15304065899079672,-0.22209106160889217,0.10624888415048207,-0.05398573184201896,0.007484250387962809,49.44328308,68.802948,1.7729247327483928,-0.0012107218330925,-0.0012107218330925,10.0,0.03606010300561439,0.0732025030736012,0.005853025841196548,0.08423335888613788,-0.0001588523241135304,0.028393899495331984,0.06003137411306174,0.03961616770996011,0.019427786036082216,-0.020421111091734216,-0.08469344406523877,0.07488982363216029,-0.2024739198996835,0.14906767766195278,-0.19581137553876296,0.06930073156646845,-0.04260299836349889,0.0030515182686139102,55.02288818,69.77344513,2.1549601992103593,-0.0035392911723241,-0.0035392911723241,14.18,0.025629204458756626,0.04889330338697704,-0.0224061135917233,0.11822246008487168,0.009899925596319272,0.06036115100277992,0.04665739016777881,0.07198184549252032,0.022493752859521172,-0.0074773808203638156,-0.04723502911261729,0.03764313212415684,-0.1682226879159389,0.15442210096901715,-0.19639362995875553,0.10233707213074741,-0.0003776845870513846,0.020488595736724735,66.73245239,71.73248291,2.940203568753354,-0.0165246909332865,-0.0165246909332865
10858,1118544.0,124,0.0,0.020681647323323327,0.04684463566713467,0.06623589579732192,0.0915269746875865,-0.04785142724949977,0.144779534589542,0.017109660123423322,0.02413177533968546,0.081089581727304,0.015341854428712894,-0.11063149653252621,0.025427308175933798,-0.12618637128198662,-0.03186742083938555,0.08529499895123893,-0.28828548031665596,0.057567183072516875,-0.15055134108220675,-6.529823082e-08,71.95600128,-0.10513141390740038,0.0158907132653601,0.0158907132653601,2.0,-0.003646672928066981,0.014394914284655282,0.20567880677503633,-0.08183302299128553,0.07589103487669446,0.08525121117305087,0.00562848238877171,0.021717170467164117,0.0587722918961989,-0.015093416294320441,0.01819174711688254,-0.1465067771034093,0.12282700300629032,-0.2617256504349446,0.24545649890158777,-0.4560537653784806,0.1275287075869619,-0.1857949837629064,12.63139915,69.81752014,0.03949678928548337,0.0195930411129989,0.0195930411129989,4.0,-0.0009269967554368166,0.060711350457649825,0.12324997066857701,-0.03154511479147948,0.12639898200190902,-0.037126060735420484,0.08164497083995405,-0.001660053685105134,0.061772142569974244,-0.013913727782054318,-0.07267395312571953,0.028496444339395924,-0.12161308878593657,0.04201489104215584,-0.05654526216428416,-0.23032775154405286,0.06602657352787789,-0.13745381209897004,29.35029793,68.94444275,0.6783101852193181,0.0158517125537957,0.0158517125537957,6.0,0.017143265477510806,0.07171263064871944,-0.019414888163443222,0.1519365952932919,-0.04549397619634653,0.08088971619921403,0.0445976653040227,0.05308606798028429,0.03431839656240533,-0.0029058706638304494,-0.07114074995557355,0.055022462365694566,-0.12470452525594336,0.06066015595215764,-0.08834183934570998,-0.041005010438400394,-0.012706165381488391,-0.06969978437129319,40.88459015,68.58546448,1.3154737201871574,0.0040967066832651,0.0040967066832651,8.0,0.026368182187084567,0.08041074154466574,-0.023166008460288386,0.1186439304656809,-0.02490615004161519,0.05639388450643065,0.024591248154536623,0.07887834984348317,0.033705599023625785,-0.027153219483063845,-0.08208292052323715,0.05159038698392346,-0.1565768423584939,0.14967550379092126,-0.2097326778537542,0.0865552585650858,-0.042402142679657265,-0.0016602366823356453,49.44328308,68.802948,1.7947880045441755,-0.0012107218330925,-0.0012107218330925,10.0,0.03383083864010556,0.07279248089646967,-0.02211067178537241,0.0833415601590697,0.009193619783856334,0.04776776061139163,0.07033183224464012,0.07259651441299636,0.0332775645896712,-0.02243532203569429,-0.08080519447214063,0.08016897467213026,-0.19789960275526278,0.17452763726640774,-0.20762636758762823,0.09749955401795947,-0.04550388849567103,0.020428724810740262,55.02288818,69.77344513,2.1384138604144836,-0.0035392911723241,-0.0035392911723241,14.18,0.02821678154539572,0.051033144237268,0.012469333891529957,0.09362216027454016,0.0008984296207921341,0.049537928306353264,0.033983398652658786,0.06636938705140279,0.000820477661851414,-0.012506162201881266,-0.08155309846809827,0.046618245431788954,-0.18076060129604574,0.1545880738547182,-0.18718523031917286,0.07946204069966804,-0.024502824630120004,0.011559472686938176,66.73245239,71.73248291,2.9385187221118856,-0.0165246909332865,-0.0165246909332865
11033,1116670.0,135,0.0,0.03451924137191471,0.06882820899688635,0.08132101251968359,0.07220984229631433,-0.045906935807293735,0.14981401544413678,0.00675686113169011,0.02783630661241327,0.07900441607546853,0.00047557455509056107,-0.09743015431490626,0.019569948919004435,-0.10337399408552622,-0.045195060240675995,0.06489725280343517,-0.25588565710682554,0.06253090953832066,-0.16548341122788154,-6.529823082e-08,71.95600128,-0.18017474137464423,0.0158907132653601,0.0158907132653601,2.0,-0.002511167256369261,0.010693927505002355,0.20410115949946198,-0.053752317815361245,0.07691981866887382,0.08247899786647185,-0.0004610453226584552,0.050093554490651615,0.08110077937225085,0.002318906977928841,-0.0012482089423322094,-0.13744390230693387,0.13306735875202869,-0.2857436424645803,0.2586168512892163,-0.46937578213155756,0.1374305442141481,-0.17534817944195347,12.63139915,69.81752014,-0.03109713887601999,0.0195930411129989,0.0195930411129989,4.0,0.020448348237157143,0.07015441494521005,0.11723167334062723,-0.03605009709918473,0.1492543322234033,-0.0382141832374717,0.08044393015447307,0.016677532523076848,0.0666809463656757,-0.02077886454636029,-0.06943725798723513,0.005093039869721993,-0.1417739191734694,0.028183059385506675,-0.05676416006834914,-0.2032738389628404,0.06816308285373746,-0.12029621111788934,29.35029793,68.94444275,0.7945656125550595,0.0158517125537957,0.0158517125537957,6.0,0.009771696827830917,0.07490271180672453,-0.017713043856714402,0.14971642414610822,-0.06509290790601732,0.0874791667036012,0.04127500933409291,0.05321776492171818,0.040735531598562545,-0.022472266737234785,-0.04927484748531769,0.045119638891562126,-0.12239460755615475,0.0827742767421541,-0.11442760676507166,-0.032908729713951694,0.0002849611387028862,-0.05933755284529257,40.88459015,68.58546448,1.305071833339137,0.0040967066832651,0.0040967066832651,8.0,0.031011223414789443,0.05610520376884766,-0.020433451712233118,0.11354301037773296,-0.018381735854807315,0.05890618261571941,0.023576791123602867,0.06733721462557632,0.031211087604663717,-0.011057131187991995,-0.08102942871225598,0.06584703432669284,-0.18471760037141707,0.13020959897645687,-0.19177057717386126,0.07939075358514078,-0.06032947596512654,0.026939907221220912,49.44328308,68.802948,1.834370852077735,-0.0012107218330925,-0.0012107218330925,10.0,0.032890850656576404,0.07444978910808896,0.013725618916221026,0.0935261890804619,0.005970462278389765,0.05020390928069338,0.0657050100387882,0.04701418936475776,0.02239860848298398,0.007211050082791021,-0.07620895432138224,0.07222248206924065,-0.21057584021062312,0.17477139282429105,-0.20827488107075573,0.08325302374920658,-0.02406959066793382,0.015517871589363994,55.02288818,69.77344513,2.0390016733222023,-0.0035392911723241,-0.0035392911723241,14.18,0.020148321278610715,0.050775194255102886,-0.010210410273481667,0.12118941657364266,0.01251490271479692,0.07096815966874023,0.035576070017417534,0.0922827333249453,0.0008076106617010519,-0.016400221086472898,-0.047173141171271346,0.04871048360022194,-0.17401079567686872,0.1537486516038726,-0.19174635372062704,0.08686399378905166,-0.017045790222597453,0.01139484022582461,66.73245239,71.73248291,2.9631918869550584,-0.0165246909332865,-0.0165246909332865
11315,1108753.0,120,0.0,0.03580134179755263,0.03779705633926822,0.06505804620326307,0.10233608785735936,-0.0597736681416868,0.16492545960142585,-0.01186176942995473,0.020980717842042848,0.08762100692537729,0.008264131859307727,-0.09947524408557554,0.057774271363942434,-0.0960531821222548,-0.038545899272336384,0.06064590564664229,-0.25301476207960555,0.05057718088728899,-0.14764268637741468,-6.529823082e-08,71.95600128,-0.23553848948682565,0.0158907132653601,0.0158907132653601,2.0,0.004857990730875927,0.006645578638122233,0.1878576781600055,-0.05926337771083936,0.08438293415101841,0.08915160202547814,-0.003197298093631293,0.022243948798727944,0.06478070114721132,0.0023608664374216454,-0.00361858059191149,-0.1390637504903664,0.10401031757417686,-0.25765082136182116,0.25193798805521905,-0.4671544725220006,0.1560065262029195,-0.18617374284289503,12.63139915,69.81752014,0.08517755531830898,0.0195930411129989,0.0195930411129989,4.0,0.022741772450689746,0.06160153659677885,0.11212907299300481,-0.05781390243990318,0.12337159545763006,-0.020240764003460324,0.07695084661484414,0.01906912202032457,0.09098616199250645,-0.005514525035427044,-0.07995297344528504,-0.00013193236379688798,-0.12848094792373324,0.062247950894788656,-0.03289636670030714,-0.2293092248464465,0.07133202009019808,-0.13716714218415546,29.35029793,68.94444275,0.7827418673104352,0.0158517125537957,0.0158517125537957,6.0,0.007638970855598929,0.06420694331061258,-0.044627093991677455,0.15204676215438662,-0.03714974098972208,0.09491590359533632,0.03634597848390512,0.054414976664137055,0.06681625314073883,-0.009916916632078688,-0.08275599231769346,0.04616198448200831,-0.1490805948974943,0.07023499953030472,-0.11809876653393471,-0.002937968639377255,-0.0054017906881762045,-0.043467802172236725,40.88459015,68.58546448,1.2913835077420286,0.0040967066832651,0.0040967066832651,8.0,0.00898556461559142,0.07647547287988726,0.0005227976385940129,0.09491070859693776,-0.006397254390570178,0.08999354599155289,0.04101320926196658,0.05771147553132736,0.026065059947976584,-0.016787499345051242,-0.08882372372505545,0.06767260240237309,-0.16034461884017456,0.12741250243279484,-0.21935634561866624,0.09698524522135189,-0.03740310179946855,0.02120266673414942,49.44328308,68.802948,1.8322127685775456,-0.0012107218330925,-0.0012107218330925,10.0,0.03685683376476267,0.06720085118198255,0.015556259595084708,0.06968528508651298,0.014904972347925212,0.022991254261386214,0.06159353103674929,0.043827483765412296,0.019712671647737372,-0.014630280893716537,-0.10280836439232975,0.08400240265551612,-0.19527273890382774,0.1466955674745689,-0.197501592658258,0.10298075797171574,-0.055353672362518286,-0.003909657627996891,55.02288818,69.77344513,2.109255433994336,-0.0035392911723241,-0.0035392911723241,14.18,0.03826819213408673,0.058415103871844724,-0.004459780610765073,0.09570555909832774,-0.01713359933601548,0.07046630389660695,0.025360433959370043,0.09222954762904136,0.03456992848514311,-0.03927304569660328,-0.04953416346201935,0.02533122514733851,-0.16941484938118107,0.13973927068819625,-0.19441632380873788,0.09997250806216207,-0.005285650867322243,0.043316941744105615,66.73245239,71.73248291,2.8333273529980616,-0.0165246909332865,-0.0165246909332865
11680,1102274.0,130,0.0,0.027039346160747456,0.037862424054161306,0.05299875027932172,0.0709603894529432,-0.04892664102937887,0.15955679944379636,0.0012939715306029829,-0.006341459620732223,0.08005000234510831,-0.018928594642558007,-0.10167525961800385,0.035739729577610284,-0.11201008113711002,-0.05053811015049075,0.06642416422836243,-0.25458874589098873,0.04608858659425311,-0.16010728633259003,-6.529823082e-08,71.95600128,-0.11164276316287795,0.0158907132653601,0.0158907132653601,2.0,0.020195068822084772,-0.005701584607815291,0.18453447967982972,-0.06848988216812478,0.09151779996524162,0.06517474780031363,0.009118799367491066,0.054595981614374366,0.06436814080877307,-0.013298927253326756,0.007826396763462255,-0.1748013654519823,0.1308333774493912,-0.25600224111143843,0.2410790655590674,-0.47091867019615524,0.13194081249502654,-0.17696964134242044,12.63139915,69.81752014,0.09341680437768214,0.0195930411129989,0.0195930411129989,4.0,0.015634139967465155,0.05150086943080452,0.09714460649992103,-0.028955489488055604,0.14892667703428963,-0.02578359776863277,0.09365944306721107,0.01177742099715314,0.07163127226902802,0.007864686494950849,-0.07446299136918545,0.013465215514847745,-0.15171118432553254,0.037705831799414107,-0.04531762144285496,-0.19928176352636523,0.08020291524613443,-0.14732744379254029,29.35029793,68.94444275,0.7600806782084021,0.0158517125537957,0.0158517125537957,6.0,0.00928011645725937,0.060507134487202734,-0.027629426887934655,0.1285204187194466,-0.0390635669641283,0.10442024136918734,0.022091754030341117,0.0557118110040951,0.05507776722541032,0.006915977665463558,-0.0533042259284797,0.023828436329362778,-0.15367686985359164,0.09331265669529008,-0.1189155068830055,-0.04153666130965962,-0.027366356447668234,-0.051691534012372815,40.88459015,68.58546448,1.379011244298484,0.0040967066832651,0.0040967066832651,8.0,0.024652296522043746,0.06613676821105804,-0.008955689075818916,0.09455760231694768,-0.014997130931801304,0.09351473181618851,0.01822861723373824,0.07673217519131477,0.01342780843655737,-0.028798329826781873,-0.06448070382610503,0.05442453192524861,-0.1531989085091107,0.13382194714830709,-0.198242478678025,0.11614368759569563,-0.051740791160186546,0.015089197044832754,49.44328308,68.802948,1.77827397952512,-0.0012107218330925,-0.0012107218330925,10.0,0.04282581348848617,0.07455456390941209,0.011292364437240776,0.08384445408782117,0.022365830720938486,0.02256805797427821,0.07388005883347179,0.06065912716292687,0.04150999068533406,-0.01296492263459955,-0.07605732347889833,0.06672148308047395,-0.21308803593133857,0.1471305908885303,-0.22121177814597193,0.06854820524954183,-0.026657414974498236,0.023198997210505928,55.02288818,69.77344513,2.0017486488038396,-0.0035392911723241,-0.0035392911723241,14.18,0.03455709152828502,0.054930337265975224,0.005064242541107577,0.09476256568274077,-0.010256503937504335,0.0433505639227955,0.02678088862700674,0.08730471946327831,0.03456780341374399,-0.04091143067904955,-0.07491453414369648,0.02728714562150526,-0.18885357483759513,0.14342208260629297,-0.18011618574080124,0.08514260901139194,-0.01637151977377541,0.03176577343640072,66.73245239,71.73248291,2.8947314028972007,-0.0165246909332865,-0.0165246909332865
11684,1101331.0,140,0.0,0.029279904145968715,0.05216475472670633,0.08552372479041669,0.09199833898621482,-0.05052301266592101,0.15773921911349142,0.02100365725031344,0.02949486144108553,0.09135877717758932,-0.013668481200019893,-0.11246338443413935,0.049502127716439595,-0.11237249932956346,-0.03777615317436233,0.08154590187413947,-0.2701826627325357,0.06811675239296894,-0.16952134902890556,-6.529823082e-08,71.95600128,-0.12288523371471043,0.0158907132653601,0.0158907132653601,2.0,0.012872237577698339,0.004868961544968622,0.21703094316339128,-0.08935826914365524,0.08622061405983578,0.08313226466017475,0.014739492392374886,0.028144033654698416,0.07499955797082339,0.0009512695145672083,0.027426404508316758,-0.15861133012347547,0.1103282080095305,-0.2625054138466265,0.2637942425001199,-0.4674999440485412,0.13286599562401755,-0.19645742980669875,12.63139915,69.81752014,0.04902888225987978,0.0195930411129989,0.0195930411129989,4.0,0.003683169193948947,0.057625619600026566,0.10784968774812248,-0.05485680247701267,0.13578672954340426,-0.03928783400642546,0.09429934696988665,0.015651504143409746,0.07381768945861172,-0.00889214043904963,-0.07219617934417448,-0.004784456779848598,-0.1414079808249965,0.04436021796478365,-0.0450704448742887,-0.23693692594554133,0.06397116714541008,-0.15595945225287033,29.35029793,68.94444275,0.7191489888514223,0.0158517125537957,0.0158517125537957,6.0,0.019896293835465206,0.0676051395200047,-0.024261460566313783,0.1358520540168312,-0.037720401223749644,0.10078875475049398,0.03377089358380172,0.05103619475294349,0.031955880632747666,-0.02833700116888991,-0.07810325935334102,0.034709897726783415,-0.1315718208051192,0.07200351521435208,-0.10951139076870621,-0.03276086475937796,-0.027412292731646637,-0.033347833189730995,40.88459015,68.58546448,1.2657992193108034,0.0040967066832651,0.0040967066832651,8.0,0.03375494712191897,0.059917782948179114,0.0007776531126429051,0.10517091247200773,-0.015164776441073504,0.09106825764184973,0.01564195082751023,0.07181193120561455,0.020425753561021,-0.024537384326815605,-0.0782619345548596,0.0556953824900858,-0.17459265559228693,0.15271497706615542,-0.20366425976034094,0.10041911464283983,-0.05148447160718145,-0.002290573304807371,49.44328308,68.802948,1.6479901968108115,-0.0012107218330925,-0.0012107218330925,10.0,0.019949981022312612,0.06607468547018931,0.0032656352864631577,0.10215517808601636,0.025890536075288833,0.05197073542122915,0.05821624226458644,0.036566669455896934,0.03279216740639331,-0.011562182323038976,-0.10144356043859817,0.06017811388524841,-0.21062969465689343,0.14825168683748874,-0.21475479071613457,0.09232855834606876,-0.03252183837936458,0.0265567539835799,55.02288818,69.77344513,2.0216623735467554,-0.0035392911723241,-0.0035392911723241,14.18,0.030482675118339683,0.07674095397784474,0.006859977566479965,0.11287930872723755,0.010174164790047506,0.04496599204291721,0.053122057871455186,0.07805094467665122,0.027172113153496612,-0.03718226193080324,-0.059857714118597076,0.02641304473503567,-0.15958892898085394,0.1302888465402915,-0.20589563335272348,0.07491605237311653,-0.005010043886051772,0.03037353410974938,66.73245239,71.73248291,2.911417234664419,-0.0165246909332865,-0.0165246909332865
12112,1117798.0,125,0.0,0.01799824079842135,0.039411344017762875,0.07983396277402212,0.07670209540975674,-0.053760691698216345,0.14896396785264998,0.007604883832140122,0.00835980075278835,0.09856551131164795,0.006292703903720156,-0.08100336326123295,0.031179003639332094,-0.10844859223003737,-0.01836973593311095,0.08324575686513337,-0.2851712839846356,0.043523904904209265,-0.14710988477835935,-6.529823082e-08,71.95600128,-0.07468099288274128,0.0158907132653601,0.0158907132653601,2.0,0.0064255408642115005,0.015247533518047729,0.20360022708928807,-0.07311486800576934,0.09184456116953797,0.07729994619234068,0.011522933355234162,0.031154818156944326,0.07395151181224864,-0.01433685491775526,0.008063605288860343,-0.15574413634904175,0.11718474718536803,-0.2575934433831792,0.25931310597672624,-0.46896034679399223,0.12268110462843299,-0.17208268830130288,12.63139915,69.81752014,0.1336494577461828,0.0195930411129989,0.0195930411129989,4.0,0.03542944574247149,0.05001312637175402,0.10093994918740828,-0.03370088061002323,0.12920214879390277,-0.023028158395866024,0.10079465563432984,0.00013042287965740924,0.05940651310466347,0.00614071455543732,-0.044564295886487686,0.008617517238181209,-0.13908467685984455,0.0352220062682303,-0.06864318689329998,-0.2088317023122335,0.0646618584967753,-0.13606513057728153,29.35029793,68.94444275,0.6658566584359603,0.0158517125537957,0.0158517125537957,6.0,0.012690063232930385,0.09628490845250483,-0.01607737943908901,0.12066707620808523,-0.04168263151962921,0.07341702182110216,0.060547073516655836,0.06709114320670795,0.06094193273335207,-0.018533167592050176,-0.05565987700047243,0.022021480315774458,-0.1507352610849106,0.09044150708713283,-0.12117702594274127,-0.040035236903368285,-0.00747142026849277,-0.07010919982287836,40.88459015,68.58546448,1.2899724733614018,0.0040967066832651,0.0040967066832651,8.0,0.026476067867377964,0.07552584684016075,-0.01461729254402784,0.12627403189672712,-0.01057989226173156,0.08967811952303698,0.01752870338054586,0.06662063149934883,0.018185075566229062,-0.01601156772085737,-0.08999598506269982,0.07021753476977165,-0.1541789014453023,0.13424048146202047,-0.21491695734649424,0.11539603712990676,-0.04972915769287313,0.017690509334483663,49.44328308,68.802948,1.717809234783471,-0.0012107218330925,-0.0012107218330925,10.0,0.03582720607777207,0.06962752706452087,0.015510386645662838,0.0902343794275666,0.004354348675300266,0.05645795224898117,0.06498640898045425,0.059360513546350455,0.029407895426811808,-0.01901006933020801,-0.08826085083011827,0.08554683238119623,-0.1963982107379267,0.16121926273028478,-0.22097091851052172,0.0754880582233808,-0.044742241198182944,0.005786855163947863,55.02288818,69.77344513,2.0187818267699056,-0.0035392911723241,-0.0035392911723241,14.18,0.026491214933776156,0.05062745966350875,-0.020074432765731613,0.11489521431860902,-0.005008259192545166,0.05941083828621391,0.046565839993346125,0.08588919674248571,0.013520323690353464,-0.0393413796331875,-0.04690047057045432,0.03075610598050347,-0.15910279777205225,0.14252157450352526,-0.18934131679849703,0.06333682183131997,-0.03329402859045247,0.025284926967218103,66.73245239,71.73248291,2.826454797729523,-0.0165246909332865,-0.0165246909332865
13007,1103806.0,120,0.0,0.03083669471764466,0.051863267694554405,0.06920266408935662,0.0894792804735016,-0.08263157904177136,0.1647984222974415,0.020194171960162103,6.985307530521685e-05,0.08809981506177464,-0.012623301277867843,-0.0866430935909829,0.04244528842551559,-0.12941685449353768,-0.054790838738024567,0.08113526562351064,-0.28036894369637183,0.05999278308388087,-0.1551832100300383,-6.529823082e-08,71.95600128,-0.07983375528857466,0.0158907132653601,0.0158907132653601,2.0,0.016957225337641546,-0.016373639574755496,0.2176953168035156,-0.07525616376219757,0.07896853392317522,0.07798169259241314,-0.018061313970723945,0.037611453469947785,0.07071230527155954,-0.013624290329054267,0.010531224141209043,-0.14627905857304146,0.11597335546168819,-0.282681071079581,0.26258666465187747,-0.4614999440624155,0.13562507082019296,-0.19164637938063428,12.63139915,69.81752014,0.022219715821431806,0.0195930411129989,0.0195930411129989,4.0,0.01868643925414417,0.07320655524613169,0.0900677628919345,-0.03167656737026052,0.1330710264179555,-0.032120991792785596,0.07964067205366997,0.027974089857065832,0.09296656286823858,-0.015616166882752937,-0.06040495338314108,0.024589753318955035,-0.13847087223607638,0.03292873708439287,-0.0445617146005154,-0.20234508228510842,0.08448862617216923,-0.15545270540037137,29.35029793,68.94444275,0.7058226249386585,0.0158517125537957,0.0158517125537957,6.0,0.01833041276923539,0.07104372289405768,-0.007664739538067594,0.15504206759236716,-0.043044674597314175,0.09612469045424328,0.0232977509859838,0.056757738392219995,0.054780570511413905,-0.02479705483756883,-0.08197626385150898,0.04596957029672947,-0.13371205218929916,0.08847290211709895,-0.0829883092001804,-0.009343760406431027,-0.016641585982296737,-0.0665881688152144,40.88459015,68.58546448,1.4112397817468578,0.0040967066832651,0.0040967066832651,8.0,0.016685263757163175,0.0576920422689963,-0.013601119358294745,0.11343877739964417,-0.018860611954394455,0.07526868018846228,0.02631970246364705,0.06778579764991641,0.01687353354785848,0.0029952387185938935,-0.06303594032030335,0.038880559151713616,-0.16609656811907086,0.15588480437314461,-0.1865987738690384,0.083698255504432,-0.04693470633659223,-0.01207858336695709,49.44328308,68.802948,1.839149547349776,-0.0012107218330925,-0.0012107218330925,10.0,0.030748549864032644,0.08168085063945636,-0.013454922647482674,0.07811917280877437,-0.002856485172532704,0.04739429684997104,0.048240719212909754,0.0442213748775345,0.0422062206932837,0.009982735909306005,-0.09344823240220686,0.08363983250917757,-0.18933361974780005,0.15887480722984698,-0.2115429637110177,0.09913713313843728,-0.049422360787026706,-0.00821477089521271,55.02288818,69.77344513,2.0392001559472264,-0.0035392911723241,-0.0035392911723241,14.18,0.040676035641655964,0.07960562910759719,-0.02162243665332138,0.11472651523785225,-0.016572169366259968,0.07006284954358194,0.016866737479472746,0.06674993323059535,0.022602524161568497,-0.0036340999159764145,-0.07788295155668142,0.04023242580842238,-0.1797921851859297,0.12954374732039384,-0.2049372835968665,0.09725797214529776,-0.01793903573546199,0.0033956426178423163,66.73245239,71.73248291,2.8869366469241946,-0.0165246909332865,-0.0165246909332865
13079,1100666.0,120,0.0,0.050078041220513375,0.06272646472770149,0.06636333320548136,0.10075698951816592,-0.06605519684148711,0.16031276444095605,0.01858041874859049,0.02103862823023204,0.08160532408725987,-0.0028106164808535624,-0.08170185116123418,0.044122608033514796,-0.09506487989083894,-0.04609582570456232,0.07334190351387941,-0.2879346533036874,0.0687629372980309,-0.1337350031010067,-6.529823082e-08,71.95600128,-0.15834762470714409,0.0158907132653601,0.0158907132653601,2.0,0.020779994875297747,0.016067750685603698,0.1982954265809238,-0.06785395547368217,0.06845544770950364,0.07814788447802924,0.00158058323077676,0.041051281907382456,0.06155759280173031,-0.011944422350972672,0.011978068976217742,-0.14687202709871044,0.11210545996371792,-0.2709261427500714,0.26934443534541247,-0.4493635315739711,0.13044692325065058,-0.1840090418733994,12.63139915,69.81752014,0.1625081788861646,0.0195930411129989,0.0195930411129989,4.0,0.007427708632168743,0.06784638079151938,0.08943062062685139,-0.044486349256372085,0.14325297742765528,-0.0343829637631659,0.11468321875297403,0.027641167063923007,0.061310805000291374,0.009259334596519111,-0.0477923658753272,0.011056085901963969,-0.15363390810632602,0.061339898050101184,-0.0364277962611189,-0.2255737943452598,0.07100571815102162,-0.13736828553516692,29.35029793,68.94444275,0.6736838146413725,0.0158517125537957,0.0158517125537957,6.0,0.02240398102509734,0.07475916222943879,-0.027833622193680106,0.14008200319767397,-0.06549342800114644,0.08360446485842016,0.024560845721614013,0.03670013419033698,0.062215460438199144,-0.02886974984692095,-0.06395189606691343,0.02777097001467778,-0.14822643319582626,0.09069929505280655,-0.09682768293423177,-0.03436777895035467,-0.003594103223213147,-0.039592252320508545,40.88459015,68.58546448,1.4008862257008732,0.0040967066832651,0.0040967066832651,8.0,0.0060642179336754184,0.06966755646677021,0.003093115082959629,0.12017810567679825,-0.029033149298917933,0.08719465767581973,0.013805092793597422,0.08060565171728326,0.047156502954459015,-0.021436578399378937,-0.08561445428777302,0.03475940806802286,-0.18858107884519443,0.13984234274913865,-0.2204698577114272,0.08554847701532695,-0.06280264903367061,-0.002375744323707832,49.44328308,68.802948,1.7762163430058502,-0.0012107218330925,-0.0012107218330925,10.0,0.04505695302081851,0.05657475835194968,-0.017701456388738084,0.07135971066568357,0.03196413080822299,0.05050162795700965,0.04259776109315991,0.06376115724403285,0.036638671160229806,0.005892036162462085,-0.10738441251590627,0.0920884004766546,-0.21609085978885417,0.15964732709438129,-0.20362692762455495,0.10161200706086732,-0.02595749137870134,0.006236783848591171,55.02288818,69.77344513,2.0338454485812463,-0.0035392911723241,-0.0035392911723241,14.18,0.03231427124801091,0.06492175861960592,-0.01949975012864091,0.11696834870625604,0.011497337905046895,0.08106112974551602,0.055589943091755106,0.09122836106707963,0.027585196039185793,-0.01581318040145573,-0.08436001705504996,0.04152199984021665,-0.18958833531787797,0.13929883104209295,-0.19342676656186358,0.095031850220396,-0.03091250967161197,0.021683588608209656,66.73245239,71.73248291,2.895664756313342,-0.0165246909332865,-0.0165246909332865
13180,1102049.0,120,0.0,0.023471308921040424,0.049855287847691665,0.0687499006840197,0.09682375782529407,-0.06335264451703992,0.14418603086493026,0.014970655299985322,0.01355217273440497,0.11095497562022603,0.008182776617182301,-0.11308463273577621,0.019018442142345635,-0.1036035892910796,-0.0294158674891858,0.07638356875358368,-0.2717535324409105,0.04847294616061075,-0.148730971216832,-6.529823082e-08,71.95600128,-0.12799659096013366,0.0158907132653601,0.0158907132653601,2.0,0.004761189213850875,0.01493259647782231,0.21065425206919458,-0.07229908199594173,0.08279626107000475,0.0908115770744557,-0.003456512606099815,0.02796201272729682,0.07596325158967725,-0.010783347374155067,0.01615937133833924,-0.16584425276677667,0.12107155755569107,-0.2784930973702163,0.26451400427545985,-0.43460154065667095,0.14139374794847653,-0.17091650467482578,12.63139915,69.81752014,0.044239943691810196,0.0195930411129989,0.0195930411129989,4.0,0.023885367923206995,0.05606151263251633,0.12011300458283497,-0.04574731159414477,0.1262969306491496,-0.05110857640790166,0.08173505558401961,0.02102560633055227,0.08328649586560942,-0.01619669379250248,-0.0624213649561122,0.008997046579319861,-0.14304893024204088,0.028253946324012267,-0.0692391834750258,-0.2246276081649186,0.07129537739538382,-0.15508023852066685,29.35029793,68.94444275,0.7081520687451168,0.0158517125537957,0.0158517125537957,6.0,0.0007633796016365511,0.0634334029210829,-0.017312928957214153,0.13162170951344468,-0.040072668864143346,0.08137940027320378,0.04131287535013027,0.05222495814335924,0.03448440240256857,0.0026597038372845,-0.07807061830425728,0.021969200737660104,-0.11975373629287547,0.06520811834266242,-0.10374186024213375,-0.038620655098190175,-0.027137816565794805,-0.05305509053679566,40.88459015,68.58546448,1.265293652075625,0.0040967066832651,0.0040967066832651,8.0,0.008586506183623086,0.08396562386248184,-0.01182219285534823,0.12279726743402165,-0.01292325348487209,0.09412640959864572,0.04334861230525765,0.08150561770023101,0.023399636878668015,-0.017043251667658462,-0.08237389698621615,0.03344927691778522,-0.16216398712557054,0.16427217229441818,-0.22157811470831734,0.0949658611219533,-0.05171917649640071,0.019908444936274895,49.44328308,68.802948,1.6436611203359526,-0.0012107218330925,-0.0012107218330925,10.0,0.03062985621431087,0.07893365399289975,-3.0614602896323565e-05,0.0655199349604435,0.018443446124611757,0.04978514727166587,0.06311660016438991,0.05824774052533632,0.02460675970775625,0.0033368244608810715,-0.09039157864964166,0.09148912588628161,-0.20663269929763983,0.17473050995940329,-0.19845790948752076,0.08714456097491931,-0.02522058033893313,-0.003679598358513612,55.02288818,69.77344513,2.169360719371127,-0.0035392911723241,-0.0035392911723241,14.18,0.04224760315630412,0.05282173192998405,0.011383454004774297,0.10191717785268235,0.002236208572442757,0.08026656476711402,0.05029729327931425,0.07943316842855905,0.03337931316811648,-0.03841621479885092,-0.07516927404291768,0.03404674096468151,-0.17149682854998677,0.12294725556062447,-0.2000353994123934,0.07027984012182088,-0.01993311849549794,0.011006686035188408,66.73245239,71.73248291,2.8701521592761905,-0.0165246909332865,-0.0165246909332865
13595,1104049.0,135,0.0,0.034301930934228925,0.0763132707201902,0.07193051675728737,0.09229138698402901,-0.05316203001372066,0.15392438188082644,0.006903529796989575,0.015085027100055912,0.11173685346631093,0.006133931414834532,-0.11481283261597153,0.03593390321205721,-0.12729254433068166,-0.05244278080338047,0.07659875055376869,-0.276606224892357,0.067328050084516,-0.134044317537478,-6.529823082e-08,71.95600128,-0.1266352520978879,0.0158907132653601,0.0158907132653601,2.0,0.009856079379292868,-0.0010838269392822843,0.21374409541710754,-0.06765708889879701,0.09002253724956016,0.07322879874790927,-0.005887884876823837,0.03314885507915492,0.07444137673626677,-0.005342170888432151,-0.00498132853319838,-0.1647883737703048,0.12232832083604654,-0.2862389018807139,0.27434667065349905,-0.4569815281406126,0.13902075186884708,-0.18613256007916476,12.63139915,69.81752014,0.053728660732759725,0.0195930411129989,0.0195930411129989,4.0,0.027370851358090566,0.06992536043673891,0.10285235087370688,-0.06369249395436719,0.14401198932394846,-0.05807041073719683,0.10385791515698338,0.007600615825478422,0.07544488935808634,-0.023992706270138775,-0.06014224887247366,0.0011406130868366407,-0.12089962143300266,0.04108222985074838,-0.03240662203848921,-0.2111961553984209,0.0708504825540146,-0.1287217898209005,29.35029793,68.94444275,0.6682765998732435,0.0158517125537957,0.0158517125537957,6.0,0.038074294691716457,0.09363909020884234,-0.009263473420396639,0.13291783888283007,-0.06242228209794522,0.08702845274074887,0.0221835461490485,0.04098279574558303,0.06871643708871336,-0.00259883784128611,-0.055609933759779594,0.019574934746541855,-0.12841890213823684,0.09034888086366717,-0.10916918380200823,-0.04174472629272645,-0.011993450988300045,-0.054395284337588584,40.88459015,68.58546448,1.337981816599095,0.0040967066832651,0.0040967066832651,8.0,0.021595214774968365,0.059320032874644185,0.006617324581045386,0.12614326024884273,-0.00982071031839071,0.08514627580841305,0.04091737830266616,0.08233817962784584,0.02657615981285255,-0.0023159590761022194,-0.08800396807820193,0.06118174531474191,-0.18090202966735222,0.15576197297679373,-0.2167675016686343,0.0868689211935291,-0.04634940833903198,-0.011890412704804634,49.44328308,68.802948,1.8414372990367331,-0.0012107218330925,-0.0012107218330925,10.0,0.03190507470559962,0.04304633833063841,-0.0063604100447816145,0.09123487255173639,-0.004090580567204504,0.0413446257763578,0.041637688040810944,0.07529837341259626,0.024289881539001978,0.011246310020066194,-0.10020978779237122,0.05609455376202579,-0.19028097712367562,0.14571495984146776,-0.21286288178934198,0.07594608155098408,-0.044180744439684505,0.018729742424517096,55.02288818,69.77344513,2.037639811416937,-0.0035392911723241,-0.0035392911723241,14.18,0.023838743899905573,0.07990544714261046,-0.015302656407295176,0.10216660560697019,0.006350543876759287,0.07498026922248101,0.04915122876685454,0.09121831444015033,0.037052677527820876,-0.025015689574540565,-0.07281396101682348,0.0487579361845454,-0.16376102154829952,0.12341888677261047,-0.20925333702111895,0.06975098046244955,-0.030106883947997452,0.019518982143021266,66.73245239,71.73248291,2.814068418931738,-0.0165246909332865,-0.0165246909332865
13762,1111973.0,130,0.0,0.030073207156632052,0.07270198737531264,0.07576590175746961,0.09969062053387748,-0.04656992460030759,0.1314326937314869,0.018519640024557752,0.017393416269288517,0.11034997631391136,0.0024654667615616704,-0.10756207157220456,0.03340921801987323,-0.12107051031159374,-0.05181363531104593,0.0835095538712473,-0.2831658120221522,0.057276610617329325,-0.16954750981359681,-6.529823082e-08,71.95600128,-0.12011384050191651,0.0158907132653601,0.0158907132653601,2.0,0.013805342557724372,-0.001778875071962176,0.20490107956365425,-0.06867277198557636,0.07749828770940474,0.081215583442765,0.0004330947460806357,0.03337588715829019,0.09393698681790638,-0.014776827323433793,0.0029411999659663037,-0.15594686905923358,0.13115530652780094,-0.27433048203437344,0.2614725153981932,-0.45969942105651623,0.14375615529030622,-0.18671264915188715,12.63139915,69.81752014,0.004377071846978733,0.0195930411129989,0.0195930411129989,4.0,0.022921820180819553,0.05016177063151071,0.09802109880057419,-0.035907357615276955,0.1211922517375979,-0.020584013895743703,0.09454735289347173,0.009575059571563216,0.08199548118393327,-0.017436770677356044,-0.0751499223493518,0.029863302600106695,-0.128010850673427,0.029427943943255253,-0.06327726591417315,-0.22603862017950652,0.07262218997677981,-0.13841416457587827,29.35029793,68.94444275,0.613049429936169,0.0158517125537957,0.0158517125537957,6.0,0.03025127508831693,0.09340645042422431,-0.007935439311705168,0.15055292954966137,-0.0351676939223762,0.07931402728499067,0.0303219548900397,0.033003485706484786,0.03513394979638503,0.009410103314768424,-0.053370171356725886,0.025866302664472457,-0.14828058944338096,0.07494971731285381,-0.0909396045707928,-0.013136242009569995,-0.01111510106557213,-0.0626485887041394,40.88459015,68.58546448,1.2820257392581569,0.0040967066832651,0.0040967066832651,8.0,0.03506732292165917,0.07686050593293774,-0.011274588424046599,0.12562110315553912,-0.0036775761465441346,0.06643752124309835,0.0436231887583102,0.08079480457462607,0.019941308338393977,0.00490460047426065,-0.08657351330194712,0.06351294380681448,-0.1898912513963487,0.13845235199853587,-0.20705018475782025,0.11546142764900719,-0.037256012382025125,0.02722389420234028,49.44328308,68.802948,1.7318857007460382,-0.0012107218330925,-0.0012107218330925,10.0,0.043922785566207934,0.05439599463034879,0.005235640774995125,0.09043984138518404,0.021824313551338008,0.025748198326002385,0.05794684609159648,0.0751614164917461,0.023438728080027046,-0.010953619283949806,-0.09659289447916888,0.07984132095861593,-0.19379843746492179,0.15490799498358007,-0.19860844146890694,0.10236245726361917,-0.0546858352202928,0.018703474174847037,55.02288818,69.77344513,2.1696002116696786,-0.0035392911723241,-0.0035392911723241,14.18,0.03239492871210291,0.051821769511031845,-0.0022895519322357243,0.11611820832820474,-0.013998151294369453,0.04313800247271213,0.01966031783266089,0.08560036347535316,0.027062652004569927,-0.03699598527824825,-0.058703477946410836,0.043779104288995056,-0.16096369923966844,0.15957656835122133,-0.18354491349678598,0.10043449971765371,-0.025295778500930524,0.01647173493921731,66.73245239,71.73248291,2.9636795621691894,-0.0165246909332865,-0.0165246909332865
15462,1102588.0,124,0.0,0.017557299334511972,0.053474475361043064,0.070748912500568,0.06969440290204704,-0.07141056395069588,0.1503379616405703,0.01838693278835135,0.02479192892169995,0.10522735091668556,-0.018410810747636175,-0.09093968025622322,0.05342991634968558,-0.12306983402244287,-0.048939868282453454,0.05057097377441145,-0.2752240803632808,0.033685392250879215,-0.14215800629081246,-6.529823082e-08,71.95600128,-0.09434542362973955,0.0158907132653601,0.0158907132653601,2.0,0.009796753762757661,0.011846329158801239,0.2073561041573716,-0.05709834424235219,0.05719331672153799,0.08100515751610812,0.001152043445320763,0.017164914328713886,0.06533669676266335,0.005074405818170627,0.0012141057632384343,-0.16958914405080996,0.1407939102768137,-0.2720827496005296,0.260716565193503,-0.4599095908073272,0.12623944644982107,-0.17053042547097014,12.63139915,69.81752014,-0.02326011946208155,0.0195930411129989,0.0195930411129989,4.0,0.03239914041560803,0.06665222275849565,0.12465544084344994,-0.028196500694709217,0.15288767121995492,-0.03575901726544037,0.09011005493517636,0.014929269391381412,0.06084748164646776,0.005252214531027104,-0.0555178210312867,0.002590778808730777,-0.1524413861323377,0.057706821778189366,-0.055024910957641525,-0.23160912534098935,0.07380979621878102,-0.13369016858275137,29.35029793,68.94444275,0.7310505474918918,0.0158517125537957,0.0158517125537957,6.0,0.018460729025765565,0.09414209007923294,-0.014608336610593232,0.14359316450508045,-0.06116146261481205,0.10846356055591724,0.042313148180997136,0.03672683926861863,0.06656887860444914,-0.01605134270263789,-0.04992448851774614,0.015939540851329873,-0.11896680150187129,0.06661214185051574,-0.08929258396356586,-0.022821289850275924,-0.021034295869907238,-0.03179308075379855,40.88459015,68.58546448,1.3053554998140668,0.0040967066832651,0.0040967066832651,8.0,0.03135594730080034,0.06768254986702722,-0.03162924859877825,0.12262118163892172,-0.02177353906566633,0.08297965001081016,0.0156707285252248,0.05960295784603928,0.04915954455355523,-0.023394000531968988,-0.07412668533200303,0.054802734394092674,-0.16195044689592378,0.13875315797360063,-0.19388347945813908,0.09502902097848807,-0.04357099901163166,0.005115232512395091,49.44328308,68.802948,1.6660271136570113,-0.0012107218330925,-0.0012107218330925,10.0,0.025209910569544806,0.07747627686864024,0.0030523503686463505,0.06947337535562141,-0.002030705928961386,0.030893356584466902,0.04936212574105073,0.05754735996651685,0.046091521782653924,-0.004195707908121286,-0.07653545615568,0.06729192740943064,-0.2153976768774796,0.16918756857174264,-0.19786361750169995,0.1034279591621934,-0.03394916994672237,-0.008920213388400284,55.02288818,69.77344513,2.1039811693195007,-0.0035392911723241,-0.0035392911723241,14.18,0.021477470627951595,0.06130320703855155,-0.011736246197781687,0.11462501907597952,0.004012015021307447,0.06536360603590503,0.052189400003731665,0.0734573640194387,0.03787051469084972,-0.023321226794558874,-0.06951632513103394,0.0463890625516863,-0.16577686468238587,0.13858639290971617,-0.1871552936913194,0.09854177761808233,-0.01218146845761223,0.02720022659576763,66.73245239,71.73248291,2.863177554594225,-0.0165246909332865,-0.0165246909332865
15482,1105087.0,120,0.0,0.05016746875498826,0.07322782852691052,0.06891547592015967,0.08854450435594552,-0.04731925274772272,0.15121025478313935,0.014239473332865718,0.0226452777095571,0.1143073394154006,-0.000615321110457052,-0.08305765583903674,0.055857432692425345,-0.11225320333602333,-0.03275550506089902,0.04888113555159901,-0.28349054527536144,0.03346108748371033,-0.1353293631545491,-6.529823082e-08,71.95600128,-0.08476013493029293,0.0158907132653601,0.0158907132653601,2.0,0.0013032648149442737,-0.006540499161305369,0.18632004325190832,-0.07468117864895997,0.0840152349090008,0.06482211094400052,0.01695297373010558,0.0495354519454109,0.07138514923425765,-0.010304180242629763,-0.00034721987980521583,-0.1392024860269127,0.12208783514247955,-0.2552822781025116,0.24767538706047626,-0.45164227050910843,0.13080710587473543,-0.1712767418310937,12.63139915,69.81752014,0.03177552812147007,0.0195930411129989,0.0195930411129989,4.0,0.019051593318326173,0.054374271959299454,0.0974201478506713,-0.035309226247549855,0.13246296933064255,-0.04347902835983959,0.09815936941281848,-0.005088789583355631,0.08266966129543603,0.0023260380703994735,-0.0590252389760901,0.020081895126130882,-0.12356246135398186,0.043139179209439965,-0.05857318147930492,-0.20032109228633438,0.05603775674321258,-0.12182642723141679,29.35029793,68.94444275,0.6262843467435323,0.0158517125537957,0.0158517125537957,6.0,0.035773285632788004,0.060220328034813655,-0.025483964080665642,0.14411015772148433,-0.06845572916360856,0.08429344163215025,0.06163322856533983,0.061556981464586914,0.056459230318172945,-0.005782189441559489,-0.07087815577887394,0.04335568155391651,-0.13121177460481984,0.08648221981555555,-0.08340063226150392,-0.0345979589700334,-0.0174622973085599,-0.06172624119608925,40.88459015,68.58546448,1.3879100117355272,0.0040967066832651,0.0040967066832651,8.0,0.01637355935068452,0.05016152902101845,-0.02433521533359123,0.10632448839213314,-0.006749069518973109,0.08077051503416219,0.014192043070546206,0.06972385586553724,0.011242617879230789,-0.011902423162185309,-0.06649882220245498,0.04601762233134235,-0.16204353564581261,0.1407626328980193,-0.20312609570602289,0.09864891570163403,-0.033414572277923604,0.0020669771875390886,49.44328308,68.802948,1.686029753383264,-0.0012107218330925,-0.0012107218330925,10.0,0.023352160635175,0.07722518080941565,-0.0008462434881092572,0.07583608746961483,0.01193266190577407,0.041136152986218984,0.0692724371163551,0.0601524469916055,0.02909784487099976,-0.011375455173278117,-0.10454493427566,0.08975495249107873,-0.19758061560229884,0.17644364618779326,-0.20650655474094587,0.08325882007983945,-0.022914657503162544,0.017530805837194026,55.02288818,69.77344513,2.0111222061743663,-0.0035392911723241,-0.0035392911723241,14.18,0.011852148124931764,0.05195548012659168,0.003430256218443407,0.08849067262301769,-0.004352716966012921,0.047870250898281605,0.055075117322628396,0.09054041586074561,0.0016015912252825906,-0.04186216184140338,-0.06481274359144532,0.04832311549677099,-0.18776387107810472,0.12240320504114825,-0.20796455974523975,0.06284541586996026,-0.014282127145780463,0.006983762168914269,66.73245239,71.73248291,2.9930185282429047,-0.0165246909332865,-0.0165246909332865
15544,1106311.0,120,0.0,0.012966192554106411,0.05311930867780548,0.0670999197614964,0.09945297979285672,-0.05496094398604885,0.1522667560132966,0.015203875992440441,0.0019688583516134055,0.08878201283748353,0.015513328588491665,-0.08454963437876359,0.021408406269324432,-0.11100997617122686,-0.023047689630074832,0.0718356931592917,-0.2564755731472362,0.05102037312882489,-0.14510909037962264,-6.529823082e-08,71.95600128,-0.0665788326248303,0.0158907132653601,0.0158907132653601,2.0,0.013858653782770102,0.011794346735636058,0.1941331040757489,-0.07918311957128657,0.08974187738352221,0.07751781087804861,0.0018321198000220674,0.05378230684064653,0.058453075651207324,0.002791566107576607,0.006778793155037231,-0.17038965563522995,0.10819059950527518,-0.2782191801292447,0.26013124662965686,-0.43628826929798387,0.160204321192048,-0.1710498553930003,12.63139915,69.81752014,0.11804572393074071,0.0195930411129989,0.0195930411129989,4.0,0.009356786086695565,0.03951129264616132,0.10854768455183254,-0.05913807102705422,0.14711880189601095,-0.029474124528736215,0.10372131403650714,0.011562964699002583,0.09001551323107512,-0.02443211257099321,-0.050223524266407554,0.0021882202304943695,-0.14004045097829268,0.028360039627459095,-0.06738447054550589,-0.2059607116359661,0.0738099103875126,-0.13695725398358732,29.35029793,68.94444275,0.7096466148600369,0.0158517125537957,0.0158517125537957,6.0,0.033727484136450575,0.09217322211972448,-0.02820914693133295,0.14645029174817842,-0.04405924854028122,0.08294672267361831,0.03968404368474865,0.047283934308558234,0.0703539879999493,-0.00826373180874368,-0.06644360287548937,0.033385571602078175,-0.1441578919284242,0.05433523792456981,-0.10030358107343247,-0.017802241448770455,-0.002972751660016655,-0.03718619574654305,40.88459015,68.58546448,1.4364028243089764,0.0040967066832651,0.0040967066832651,8.0,0.009278905256644302,0.07558421499486702,-0.03160125390906975,0.11056762135695068,-0.017099073478859857,0.08061697688879829,0.022305161739323363,0.09125980965029579,0.047777445238642136,0.001172363849157497,-0.08514781617404521,0.033049500227868234,-0.1648714629828253,0.14166318314159979,-0.20801673350358366,0.09832614841038581,-0.04998323401714036,0.02166324422899591,49.44328308,68.802948,1.8402906881486132,-0.0012107218330925,-0.0012107218330925,10.0,0.03749146210962887,0.07723294592787458,0.017646924281348012,0.08739911825642604,0.025570943889507473,0.048520358597658575,0.0437458422127766,0.0396092699908268,0.037978298257082835,-0.016821310382093457,-0.09973341275295552,0.07226988947132926,-0.19672947827682452,0.1567063470953911,-0.2187927359189004,0.07241002276992858,-0.05564124927996231,0.020276774073248044,55.02288818,69.77344513,2.104222727207728,-0.0035392911723241,-0.0035392911723241,14.18,0.0397053138802425,0.06437960564815493,0.012235999077371145,0.11478905882521294,-0.01954077713452076,0.05360823402027937,0.04430444173065843,0.09334855129036382,0.03440799111604156,-0.02431250828775952,-0.05384041874601203,0.04045837329679374,-0.16358567591123763,0.14603894490504649,-0.20844345279420656,0.09192561235300438,0.004323097471243154,0.015072160149456221,66.73245239,71.73248291,2.924047807364493,-0.0165246909332865,-0.0165246909332865
15578,1109247.0,120,0.0,0.035684534946865236,0.04188937168281714,0.05987586709791237,0.09436083191281044,-0.07674150078786013,0.15418590502092444,0.013085034733695756,0.01810948808901719,0.08168841090922503,-0.022002193535161856,-0.08182245279776414,0.02909354422731977,-0.10548147735124473,-0.055591674532683,0.07230387167698317,-0.2759741185494989,0.03613946168316728,-0.13597018261903548,-6.529823082e-08,71.95600128,-0.07607672091353669,0.0158907132653601,0.0158907132653601,2.0,-0.0018353897535515282,0.012134741726000193,0.20848818821778362,-0.07420716852360652,0.08600804788463953,0.09090293098423279,-0.009519784372683856,0.023220867069832687,0.08274819060426615,-0.013925588598289596,0.007032020147187654,-0.15417784340754265,0.12437193733388471,-0.2627370623502741,0.27221801120765754,-0.46216480811763316,0.13960024024688858,-0.18286497237262514,12.63139915,69.81752014,0.031103021714167234,0.0195930411129989,0.0195930411129989,4.0,-0.0033570881531063863,0.034775424293088567,0.1153640405062741,-0.04419369501740919,0.1535888903522453,-0.04195622954856989,0.08349988050582506,0.008975551699889128,0.09333056416157903,-0.02476532685118142,-0.0707731833489572,0.019553272936228893,-0.1513549300526059,0.06330164315871409,-0.04415774775844315,-0.21158720239844958,0.09292888594067764,-0.12281117810959497,29.35029793,68.94444275,0.6284263039388963,0.0158517125537957,0.0158517125537957,6.0,0.03603329258554754,0.09145711322676085,-0.009862860912824078,0.15328568423177985,-0.06183603692632033,0.09070212912380074,0.029778588173644514,0.038515016180467855,0.06115881196999794,0.0051750411296052,-0.07388700055034696,0.01680115854198536,-0.12788969198561684,0.08800168077406074,-0.08542319711704527,-0.041419768310841376,0.010807518308752359,-0.05845510437959677,40.88459015,68.58546448,1.3603450257063912,0.0040967066832651,0.0040967066832651,8.0,0.039664022415315456,0.060492025236578664,-0.02790990289512701,0.11197318310118658,-0.003259639042700371,0.0626488688970607,0.05125984829167454,0.06859984554789811,0.02386459531670048,-0.0025668228065346306,-0.07988835303384523,0.04052744746392134,-0.1836508610386137,0.1464627783216691,-0.21168564176996996,0.10232071138119825,-0.048491454056458334,-0.003756885010142758,49.44328308,68.802948,1.7250707601926256,-0.0012107218330925,-0.0012107218330925,10.0,0.013930907701832319,0.0727700227303678,-0.002486051778742051,0.09703163106163787,0.017365348147703512,0.0481159332268669,0.05697760740693885,0.04833926047335607,0.02483951136963952,-0.013056594132343185,-0.08469896319307482,0.07606486342811314,-0.18306150798522228,0.15114387591902503,-0.21275293130515904,0.07119593573049704,-0.034908133856089645,0.0029280719351837464,55.02288818,69.77344513,2.1421924642780854,-0.0035392911723241,-0.0035392911723241,14.18,0.030129873849477462,0.046415817878578,-0.00837025566134611,0.1084080135714788,-0.00988404774314614,0.04320497459391005,0.018864878762777898,0.08069132909704203,0.019940028711974537,-0.03599661101952745,-0.07642536998170392,0.04958757462774071,-0.1560833679028146,0.12580199392689526,-0.20042189562695248,0.07303110518300193,-0.014298223573609666,0.01717779007501371,66.73245239,71.73248291,2.971294099497955,-0.0165246909332865,-0.0165246909332865
16137,1110789.0,138,0.0,0.022455376222133568,0.06133525814321578,0.05653712035681388,0.09198915447972987,-0.04633443203438381,0.1626206184897992,-0.015755989058456273,0.017024893556305255,0.08897162349782688,0.015257093030924186,-0.10088069144762381,0.05272780072773952,-0.09323753752069558,-0.045428158004019115,0.05862109467623784,-0.2617239607321998,0.055470691156704825,-0.16569058397020903,-6.529823082e-08,71.95600128,-0.05207479151337557,0.0158907132653601,0.0158907132653601,2.0,0.019158621194499403,0.016800497837099984,0.21997157071308288,-0.07984879786485273,0.08568393442046271,0.07334370516050637,0.011603422921446475,0.03963087879040096,0.06045016042749471,0.009208442583191017,0.02166798618246333,-0.16460086268237722,0.1084203598660212,-0.2784619915572051,0.24975875239763642,-0.4416575055596017,0.14843669531825293,-0.1674425194335507,12.63139915,69.81752014,0.08966792777635142,0.0195930411129989,0.0195930411129989,4.0,0.03439308185889811,0.059633354231006006,0.1213791425284349,-0.03590713905247989,0.1519849212819001,-0.03663378860562132,0.097796412168548,-0.00597359127478077,0.09630987070258545,0.005273283201704086,-0.06697414603657573,-0.00302451427709954,-0.12510255551480212,0.061200395668370905,-0.0705134326058694,-0.2365824656462206,0.08482153223309587,-0.1590565910781578,29.35029793,68.94444275,0.7267740569469086,0.0158517125537957,0.0158517125537957,6.0,0.037224651392100315,0.08923614444669653,-0.04400761088403486,0.12700713628607976,-0.05783060437150625,0.09352660319326514,0.05240223703880845,0.03974399294074232,0.06765763989779913,-0.004103992901745632,-0.08600172629099466,0.042491949053142075,-0.13823900694032326,0.07798187618644375,-0.10013841283253662,-0.01120693611832716,-0.014480341564436958,-0.06378504701796645,40.88459015,68.58546448,1.3173815964759386,0.0040967066832651,0.0040967066832651,8.0,0.03344407445131782,0.08529054821620345,-0.027247842864155533,0.12452287531825519,-0.03201358796481084,0.060600541710985244,0.04707964357897669,0.05922180214663374,0.025849438430655042,-0.028324335367229628,-0.06476697135437831,0.03351643212495631,-0.17816559403462842,0.15652606812888692,-0.1986592902626318,0.09542217148389935,-0.04514874730592744,0.02369277830150093,49.44328308,68.802948,1.6736362202872261,-0.0012107218330925,-0.0012107218330925,10.0,0.0400691881805017,0.06953953282078801,-0.0043139860909042135,0.07599052331743553,0.032275115585555486,0.04877535863071269,0.03935993664955243,0.07122475298096988,0.029904075535852347,-0.002555762010646447,-0.09790931204304448,0.06452238082708622,-0.1916155283184441,0.16611987392390315,-0.21842581154448615,0.09175120886626276,-0.03732875523583751,-0.003034577889324191,55.02288818,69.77344513,2.158358790640974,-0.0035392911723241,-0.0035392911723241,14.18,0.03284713394993848,0.0657941408368386,-0.012864005352389617,0.09414499652282066,0.0013226990006415054,0.06279013995263855,0.019148948085340046,0.08335875799908332,0.024916749008931517,-0.020143746433754724,-0.07059199609675376,0.02699074878269003,-0.19120402215306875,0.12361686995118004,-0.18918686485035255,0.07785387740140652,-0.009082869315442221,0.00850369540252612,66.73245239,71.73248291,2.9173797253975726,-0.0165246909332865,-0.0165246909332865
16262,1108185.0,120,0.0,0.04132789522073929,0.0761941886888628,0.06821824829199749,0.10495244341913203,-0.08132388350798324,0.157253146491143,0.020341842730259463,-0.002090320085282489,0.08092964039125294,0.00899175933776589,-0.10484144085660475,0.039768279771674894,-0.12492510826029961,-0.04657851980580137,0.07570625565112055,-0.251037616886844,0.036616628399735895,-0.16343848397676494,-6.529823082e-08,71.95600128,-0.07619749427391173,0.0158907132653601,0.0158907132653601,2.0,0.027748969717879914,-0.009099355884486885,0.20146887770625047,-0.07072820851644927,0.08847615563324819,0.08563078132556978,0.012483062225720504,0.015768561207598255,0.059735517879937194,0.017200980234869382,0.012497174002004998,-0.14314367589007354,0.11934451611943504,-0.2748587595426139,0.2374188477150549,-0.46344258273933703,0.1378891770711441,-0.16089427259294034,12.63139915,69.81752014,0.14154066225788842,0.0195930411129989,0.0195930411129989,4.0,0.015704413676523213,0.057753236489623466,0.12771713331621773,-0.060333090783243754,0.13626660154726597,-0.04570647869605787,0.09912727308517091,-0.009622523531146086,0.09373290409462372,-0.010607302264079894,-0.04627193964181387,0.027183095369542946,-0.14829469380535423,0.06046359308133211,-0.05804802317840101,-0.22002206320973366,0.0669890134873531,-0.13024120382798315,29.35029793,68.94444275,0.6773124151447106,0.0158517125537957,0.0158517125537957,6.0,0.012551707798193104,0.07182053857333559,-0.02458222901748142,0.15403661789502257,-0.04541328870272002,0.10154257237192862,0.026666230592271616,0.049723733924436034,0.048388777569018174,-0.01084280139083276,-0.07966822984321029,0.04480480020037911,-0.12031359113176027,0.057979848590152816,-0.10514075967487042,-0.02738889057450415,0.004093285076381424,-0.03388839070360079,40.88459015,68.58546448,1.3067835641975638,0.0040967066832651,0.0040967066832651,8.0,0.035979552892714095,0.059614935295644766,-0.018573060910194825,0.12337153201730341,-0.004655803490022545,0.07490887015624581,0.016130870298101434,0.06297144518403915,0.027184968324380564,-0.00011211700663734357,-0.09278329303252214,0.04079462025759875,-0.18383968701636735,0.15824649695440932,-0.1856435423952018,0.07792811799992923,-0.035434772560890226,0.003213759344510802,49.44328308,68.802948,1.8149538822803524,-0.0012107218330925,-0.0012107218330925,10.0,0.03361329884771835,0.08240277457649739,0.008878028422937332,0.07135654859438037,-0.0005618297332721078,0.022562131490715287,0.047374927170871134,0.059756327581752595,0.028270920306748423,-0.001367864107979339,-0.0956678325483496,0.08174052204583679,-0.18724504209708234,0.17492746147993743,-0.19123963478665473,0.10043331390272142,-0.04815102856388515,0.02471172415438392,55.02288818,69.77344513,2.001093256703252,-0.0035392911723241,-0.0035392911723241,14.18,0.03621557120498996,0.07526893010532268,0.0054381635329492535,0.12012069846116562,-0.015425853940654932,0.04325814884301159,0.04781976823656079,0.08543016004687928,0.019325312852826466,-0.02650365608386729,-0.08337424788138867,0.062172807664877996,-0.17656084405026362,0.14398480655520013,-0.19969353449238336,0.07613999638154019,-0.030334543943196957,0.005331730105563273,66.73245239,71.73248291,2.994807849957632,-0.0165246909332865,-0.0165246909332865
16522,1104797.0,126,0.0,0.019626633080811244,0.051445841943237904,0.07060482580391338,0.09173582991626904,-0.04749173825411056,0.14161481438660792,0.0028485856733903078,0.002810104075736404,0.10211220640382038,-0.015509575467127133,-0.10657589284214251,0.028174854859697993,-0.10201188788099422,-0.04140067489686537,0.07446406204037953,-0.26133719159225716,0.04878376946310982,-0.13301847584834203,-6.529823082e-08,71.95600128,-0.04582110668714656,0.0158907132653601,0.0158907132653601,2.0,-0.011372126631574572,0.005198845179243498,0.18581411375049495,-0.0628731177119919,0.07716371814128677,0.07574738992913739,0.0069569776256984,0.04553411322712587,0.07719228149770346,-0.00818312154078481,-0.00916914657495849,-0.172873071015754,0.12089509651059763,-0.29145423507331003,0.26560164567415306,-0.45624150967350774,0.133597674178912,-0.1769813314527399,12.63139915,69.81752014,0.16403631083390197,0.0195930411129989,0.0195930411129989,4.0,0.0007919664959934302,0.06414820565288233,0.12608334334692925,-0.05804294851471512,0.1413776747814265,-0.03543296657143472,0.11177258081506797,0.02270577711707054,0.09304393281392871,-0.006286845888350869,-0.07524501453896196,0.029994902119597815,-0.1414059282078906,0.061798691810132686,-0.07025025796808697,-0.20598514914762625,0.08285715067257289,-0.1557182759393854,29.35029793,68.94444275,0.6107148603676928,0.0158517125537957,0.0158517125537957,6.0,0.009335266772262674,0.09156952389457683,-0.019619714669344597,0.14842478606114268,-0.033699148687865756,0.09482691439155941,0.029629424245534934,0.04680584909139345,0.06798548190293523,-0.011446195515031496,-0.05438458401690349,0.020700377615771533,-0.1451353604793404,0.07434055109028272,-0.08368118332730674,-0.006369005302999858,-0.014509913883505716,-0.05204005210037078,40.88459015,68.58546448,1.3098449330365998,0.0040967066832651,0.0040967066832651,8.0,0.029916817965032556,0.07829777230152321,-0.01691560447992111,0.09118896028068871,-0.014349563545963957,0.06759456522267011,0.045716379427942995,0.08590137800552017,0.032864577376744836,-0.03159267203049143,-0.06998761753989921,0.0471706337539224,-0.19247411824175,0.12735162179802512,-0.20219810485748446,0.10468963862316659,-0.05032657236160239,-0.004501362661244485,49.44328308,68.802948,1.6498026271751671,-0.0012107218330925,-0.0012107218330925,10.0,0.03969919286221846,0.05226802892103083,-3.685969728355748e-05,0.0916476186389473,0.030013595725323867,0.03024843170206275,0.04206814369862621,0.04657090312515722,0.02436774164565644,-0.0030117069471767774,-0.08238081200756411,0.05421964371720366,-0.2116548962238569,0.17087687501344614,-0.21397763444432394,0.09694071145927519,-0.02841768870137408,0.0018443788443498754,55.02288818,69.77344513,2.061289018830397,-0.0035392911723241,-0.0035392911723241,14.18,0.01567902657245157,0.06170062844254125,0.0062454393576931305,0.1199441924673682,-0.017465891704759973,0.07208888880910196,0.030123793435585355,0.09036655239256566,0.011494018492311787,-0.04011827582777344,-0.08489701958180342,0.0617760934132512,-0.17646811824717085,0.1344284897485254,-0.17998981010100396,0.09428762260941431,-0.010294061395955144,0.01677820314816459,66.73245239,71.73248291,2.8290659652225405,-0.0165246909332865,-0.0165246909332865
16643,1117359.0,120,0.0,0.01571291965583237,0.05094883760330956,0.08543517010889172,0.09201563124542379,-0.04656966582977244,0.15821582237092777,0.004262894125087381,0.01014567590661549,0.0837385241963729,0.008557943348865176,-0.10206252619063944,0.020717575181777095,-0.11975577188514304,-0.02450978140780778,0.08092247255494137,-0.2519905479554028,0.05843047642377668,-0.13340909439021886,-6.529823082e-08,71.95600128,-0.2393850998236728,0.0158907132653601,0.0158907132653601,2.0,0.022430586207484074,0.017782666419233182,0.21311763739508435,-0.06400524713508773,0.07163636879516344,0.06674149609199385,0.016989304279182393,0.04487104664541616,0.08788164517318692,0.011326137518504493,0.0196516057726162,-0.17306938067674668,0.1411366928181909,-0.2909642168634093,0.26446923263283645,-0.445055510982407,0.15728066036347563,-0.16565460555819322,12.63139915,69.81752014,0.07092725803010906,0.0195930411129989,0.0195930411129989,4.0,0.023328062871106538,0.035846284591153216,0.09229934860860219,-0.027946250176530827,0.14647679628440502,-0.05734406207153486,0.08563788817470562,0.003273152168727575,0.07674189407175809,-0.011223856789079834,-0.05154781397262899,0.002571763052182036,-0.14857999852138665,0.06546046912777981,-0.06550751543671678,-0.2323715186147105,0.07574071436228261,-0.15582088567450028,29.35029793,68.94444275,0.7290339653975331,0.0158517125537957,0.0158517125537957,6.0,0.03820736293952584,0.08306921024564426,-0.04626321908642869,0.12548620377308795,-0.04934424018329762,0.07761060383690284,0.04980514199375091,0.05297389390345463,0.030793722775640388,-0.0013782471609849554,-0.05276708041840075,0.047106366709094516,-0.14237288113000937,0.06790735058682665,-0.08408144142824925,-0.025716625158898304,-0.017242714883056325,-0.05233883416672539,40.88459015,68.58546448,1.3813357484217976,0.0040967066832651,0.0040967066832651,8.0,0.017191853884146097,0.08669250382073306,0.0007968180101743209,0.09917779958150404,-0.014393861296753234,0.09377316204395866,0.02698561616722521,0.08173030410233803,0.015211807184392589,0.003967293869152337,-0.07193914486939731,0.04925527866479748,-0.18369057552539672,0.14383815124083674,-0.21408197701380868,0.09809355852008592,-0.03458395190990371,0.019438445813824846,49.44328308,68.802948,1.7322038404473434,-0.0012107218330925,-0.0012107218330925,10.0,0.03981033982042782,0.07601298300414289,0.005962671953588345,0.09149431254098503,-0.006338904193925061,0.044511822422439826,0.044182897280075524,0.0710673468566804,0.04304863839721458,-0.027699262062395966,-0.1099385967442448,0.08614468663038291,-0.18670293748483324,0.1637678719759117,-0.2197636992351172,0.07728924973286963,-0.03627312531853809,0.017791073425902353,55.02288818,69.77344513,2.054503416584498,-0.0035392911723241,-0.0035392911723241,14.18,0.040668513328337055,0.053202492246637034,0.004852838552215449,0.10385927249967869,0.009116202009456521,0.07241987102629917,0.03362985099360771,0.08607903929333681,0.03175497040973732,-0.005580633205658814,-0.07353865481072253,0.061815280681578065,-0.16198848049573242,0.1245860584805468,-0.20087461613322835,0.06484241602758904,0.003419254446420255,0.007063709096471575,66.73245239,71.73248291,2.866282937600544,-0.0165246909332865,-0.0165246909332865
16861,1104063.0,138,0.0,0.015143531729759976,0.06495852046311268,0.04776258302503125,0.09630646180101728,-0.04549384201734305,0.16013329554659667,0.019907970949998344,0.007827429280598666,0.0788352638509782,0.016058064896578662,-0.07836431059951074,0.0351758241912071,-0.1160603081449754,-0.04790579071444227,0.08422765402228982,-0.26192792368468176,0.06310911457993455,-0.13616672632319854,-6.529823082e-08,71.95600128,-0.07961834174301882,0.0158907132653601,0.0158907132653601,2.0,0.012107992685982977,-0.0007571012659076005,0.21675758077742166,-0.0866177656748966,0.08644014005911047,0.07730638607427105,0.018799379599401877,0.05326480701099902,0.05988826018698226,0.010102132188572635,0.009389802799897354,-0.15535856999171624,0.11973390069430175,-0.2557129868270662,0.24008117257733969,-0.4360795098148239,0.13455785870036116,-0.19512002996705594,12.63139915,69.81752014,0.1650924492906019,0.0195930411129989,0.0195930411129989,4.0,0.01880293842712993,0.04685906657804366,0.12246800064358589,-0.0537037396524398,0.11779620315722791,-0.02022246416919841,0.11053368911526806,-0.004389248287280156,0.06783766488555464,-0.02347538901898975,-0.058329423692749835,0.01026376744338352,-0.14388750566953534,0.04234708606319638,-0.04681833897722069,-0.2093080852013921,0.05937505534118867,-0.1484342345452887,29.35029793,68.94444275,0.6731665482201868,0.0158517125537957,0.0158517125537957,6.0,0.007298767911850719,0.07588311865486934,-0.039763072796395765,0.12203853260684291,-0.06300155122628867,0.10043382650129287,0.0396016631799959,0.06787530481818431,0.05275960376765046,-0.003092358123939645,-0.0703473020107475,0.022385473596894696,-0.13868672180058292,0.08956965320538204,-0.11533300845274806,-0.03009702282604574,-0.008904577114848607,-0.036923202745707394,40.88459015,68.58546448,1.3674194884818562,0.0040967066832651,0.0040967066832651,8.0,0.038338973478523414,0.08593675261680125,-0.030049709399217642,0.08766394756372742,-0.029207454109358627,0.08260527445935106,0.020700708645667497,0.0722057366158932,0.025216593191744983,-0.01736409235843687,-0.05864575138424827,0.06600092555933208,-0.17248859832564145,0.14888661419652138,-0.22240793458261515,0.08882000104201125,-0.03754185449819449,-0.0026492437345974115,49.44328308,68.802948,1.7855346624998598,-0.0012107218330925,-0.0012107218330925,10.0,0.024185596164529557,0.06147698597490642,-0.010667226640654733,0.10398928174788988,0.0015481062739949904,0.02762548053516596,0.051082035098220784,0.0383585578288095,0.01622717853076947,-0.004902367271316212,-0.08262527233026887,0.05353072678119848,-0.22005629603675114,0.15691653935684013,-0.2106758984816709,0.07730190576249844,-0.04316207657048189,0.017027151473715817,55.02288818,69.77344513,2.1666633051134,-0.0035392911723241,-0.0035392911723241,14.18,0.012877030025213556,0.06734293214466891,-0.0015319802134395486,0.09768048665142122,-0.019929194021986202,0.06794641431455647,0.04974903124629142,0.06168749216988202,0.03628013153374869,-0.008263289855166568,-0.0770572268341265,0.05973474416546069,-0.1649219878191535,0.14682182076941663,-0.20453433327599235,0.09398591959925277,-0.0052692772062071964,0.027279015507217754,66.73245239,71.73248291,2.8159552243664643,-0.0165246909332865,-0.0165246909332865
17222,1100925.0,135,0.0,0.013651051639858289,0.04933437213334549,0.05297330047995887,0.08489832366611781,-0.06400880524168713,0.14442315166854694,0.005962718254659742,0.0016691370718107564,0.1132996332401496,-0.010607872229372628,-0.10156669409368019,0.029695582926549377,-0.12490389970931585,-0.022082145450466502,0.053633737558961524,-0.26063075600812724,0.041630935066458014,-0.13772488111795478,-6.529823082e-08,71.95600128,-0.057935314954262046,0.0158907132653601,0.0158907132653601,2.0,-0.010660005962374245,-0.006785973899188949,0.21083897325586254,-0.06064938919012531,0.08954625797124571,0.07179493697479679,0.01585783925258428,0.05422895599943438,0.08880467223195446,-0.013722214218453524,0.02102998921222378,-0.1479291102563739,0.11636353457107543,-0.29216431330378206,0.26555783619622153,-0.4544996165009842,0.12490984570425193,-0.18888910572237527,12.63139915,69.81752014,0.03941975110989797,0.0195930411129989,0.0195930411129989,4.0,0.006247585324295641,0.0649691151432093,0.09236809438136297,-0.04346964999261596,0.1526617159306934,-0.036411851280079933,0.08252180257215194,0.021773901471154117,0.08608702095419218,-0.013900841959025969,-0.0477695520048379,0.015143832192363111,-0.13755441301802887,0.049862652466122336,-0.05485708640219142,-0.21210514771559205,0.06304439550788632,-0.12397368317676487,29.35029793,68.94444275,0.6098647525321218,0.0158517125537957,0.0158517125537957,6.0,0.017118845558583888,0.09798914048047086,-0.04546088016578697,0.14970224453973655,-0.06299938536204547,0.10287163659042012,0.02990087547603834,0.03909262418002712,0.058144558791176484,-0.016738503629795745,-0.061912238979564965,0.03544146089884705,-0.13919528429599096,0.07440896350855858,-0.0959111302784225,-0.016555303537947246,-0.02690500186201955,-0.060157013316188855,40.88459015,68.58546448,1.4270029284190806,0.0040967066832651,0.0040967066832651,8.0,0.03898874103874688,0.04747972375852064,-0.005480782951199739,0.10929991214973477,-0.018355163610975115,0.08701302217065124,0.033650720751042744,0.08207732936191933,0.031593502416764,-0.02557719965517572,-0.09461852395898654,0.06687000357354174,-0.1745753482478484,0.1326520242687752,-0.22173894933386062,0.11609197882418945,-0.049253231732507674,-0.008650961168169557,49.44328308,68.802948,1.7460075894996183,-0.0012107218330925,-0.0012107218330925,10.0,0.032174297633421875,0.06952887628463937,0.0023742991343534835,0.06446847283257495,0.018785843697018786,0.02726727594355602,0.06107484387397215,0.049350903388718254,0.04465434675553011,-0.011589042703522822,-0.07208615985010565,0.0809461664101376,-0.18533554089270532,0.16729551882544055,-0.19027417346739697,0.07337455696701854,-0.03651792579064318,-0.0005951062646701224,55.02288818,69.77344513,2.1317324213877535,-0.0035392911723241,-0.0035392911723241,14.18,0.01987162258297998,0.054930856439166065,0.005605645718839937,0.09996175568215046,0.006436147305174578,0.07648025031459545,0.021707226244817544,0.07373235485215629,0.0385103387527804,-0.036545128779318696,-0.058938813144412114,0.04737702270053247,-0.15375927024774216,0.15286966724592657,-0.20219773628843338,0.081507627215266,-0.03140570487522015,0.030419705048449,66.73245239,71.73248291,2.9109643348436918,-0.0165246909332865,-0.0165246909332865
17227,1112607.0,130,0.0,0.01466503755472074,0.058527103053503914,0.049998357916997846,0.08633837220482508,-0.0509864253676853,0.16526348091227266,0.008338660324824986,0.03166908724336699,0.10859849163724328,0.015320031844947856,-0.11400783311117585,0.054746445864529356,-0.11403745129193801,-0.051503626553684755,0.06600337092782117,-0.2595791176616916,0.04606808950055781,-0.16622383359611653,-6.529823082e-08,71.95600128,-0.045068616979115794,0.0158907132653601,0.0158907132653601,2.0,-0.011253448225629807,0.01268767907300096,0.1979929901815359,-0.06541937420621219,0.06700574602564036,0.06607249842528863,0.018500770538820877,0.039642070565852325,0.06626107095609556,-0.01575177448678452,0.008801604052408419,-0.13773148775787292,0.10465645558970195,-0.25411211108752363,0.23803791292309606,-0.4382963783536382,0.13798759936305505,-0.16840777728505724,12.63139915,69.81752014,0.024794090498501363,0.0195930411129989,0.0195930411129989,4.0,0.018068266744511854,0.05761496653182145,0.11751629357105327,-0.04061910231653199,0.11588587473122058,-0.04555406837561207,0.09747108220808871,0.001607668050185875,0.06255481966520546,-0.010942174883732336,-0.04631307282830291,0.013775286274601953,-0.13439525580960746,0.046410858508532604,-0.032848280567060364,-0.20967823499403032,0.07093351033294698,-0.14809195644116974,29.35029793,68.94444275,0.6894206944102388,0.0158517125537957,0.0158517125537957,6.0,0.011335208950454192,0.07321773125775569,-0.027598824527293838,0.15350927730323635,-0.03588984066445028,0.07829196607226444,0.047762709522682426,0.05476251666250665,0.051927546520231814,0.007876782941927585,-0.0769476273411068,0.05444864584671919,-0.12136574814195275,0.056273981235576184,-0.08636429649728823,-0.0079110918612628,-0.027430203587388464,-0.047738001179580755,40.88459015,68.58546448,1.3671914004783698,0.0040967066832651,0.0040967066832651,8.0,0.0175066040108795,0.0559373249159663,-0.02591222446204102,0.11966738295395683,0.0028486576248254406,0.09256251380290349,0.04275317285880831,0.0772879027295581,0.014002852174290262,-0.011701274416740803,-0.061971099259514315,0.048461045276866566,-0.16522527872562567,0.15400208346221922,-0.2205020269458926,0.10490745908870654,-0.04730528012631943,0.012399094171650936,49.44328308,68.802948,1.7678464244899474,-0.0012107218330925,-0.0012107218330925,10.0,0.04285658861107179,0.07989512178619422,0.010816735607229892,0.09111197575828679,-0.0018155511388591866,0.02140666037167747,0.052733273845959626,0.04555945005130899,0.02198660319942433,-0.0018690456624603441,-0.0862271603939359,0.05639593885207538,-0.21503427319703658,0.18043661586047288,-0.22339383786015188,0.06984269513544974,-0.04156752434311689,-0.0006495109504893199,55.02288818,69.77344513,1.9850056338002675,-0.0035392911723241,-0.0035392911723241,14.18,0.016654658938147358,0.08055566648155947,-0.0070509505978545856,0.11841662071583132,-0.018953583694996057,0.06066243185431144,0.05131488901000225,0.06994470992109707,0.014274837560930734,-0.027418765771958325,-0.0527750579452472,0.02540151914835913,-0.18755511182900772,0.14499519350980272,-0.20059043942860227,0.09327978909962746,-0.03206697555175986,0.017768178221370893,66.73245239,71.73248291,2.801104780081195,-0.0165246909332865,-0.0165246909332865
17756,1115217.0,140,0.0,0.014198314069409329,0.057034513566043256,0.06449925717485537,0.10500520877720503,-0.06036659343774207,0.1456353109542892,0.015521027133515207,-0.0015312692453740336,0.10365427313021283,0.0048893585312255496,-0.10834720580904739,0.021000247164283233,-0.1268634165604981,-0.04692148126191955,0.07340076633737856,-0.25368028134590975,0.032662723370155786,-0.14771467116721068,-6.529823082e-08,71.95600128,-0.21708331360766142,0.0158907132653601,0.0158907132653601,2.0,0.017415305922903215,-0.007474250987869749,0.19910955488806795,-0.0617417709220132,0.08208159136262663,0.07394233456846808,-0.0043283284091045916,0.03225965238193593,0.0773712473602674,-0.004918058919499091,-0.008804875313058628,-0.1576071291626834,0.13250944167329987,-0.28519350021909673,0.25894523190453067,-0.46898730506688807,0.1366339456750161,-0.17863169258154982,12.63139915,69.81752014,0.03777200244839174,0.0195930411129989,0.0195930411129989,4.0,0.032704675683570675,0.06966204224253726,0.11885779872970842,-0.027199497227777262,0.11828952300137435,-0.021643222970767737,0.09591265897248386,0.025708787222981404,0.08400956307009269,-0.02632490351229322,-0.06802634826251966,0.005152846431263489,-0.1207503793969721,0.030630976187490888,-0.04904859640183304,-0.20695569605724576,0.0822191311920468,-0.12830203744488627,29.35029793,68.94444275,0.7696825747516653,0.0158517125537957,0.0158517125537957,6.0,0.014377663328984916,0.09636333523626683,-0.024981667595955426,0.1395530945449774,-0.07035048949788555,0.1021980321792906,0.0430725898946098,0.052409609722537984,0.0643581439130759,-0.012613265443913554,-0.05297679155687367,0.05208976673197285,-0.1339305828083158,0.08971854839166256,-0.08592799358303427,-0.004645711226443562,-0.0065785374667660145,-0.05641045125246101,40.88459015,68.58546448,1.330582866355597,0.0040967066832651,0.0040967066832651,8.0,0.013119449189018726,0.05578756349725422,-0.013210097473558696,0.12552462695984487,0.0023365252937736624,0.08074661445208084,0.014007309613287059,0.07419017188731793,0.036105872840427405,-0.016395436278677695,-0.06824109954575155,0.040319268672098826,-0.1831808434030835,0.14543379803358067,-0.19432483409131587,0.11577362268686488,-0.052717579765451994,-0.011546648981783307,49.44328308,68.802948,1.8272323151664833,-0.0012107218330925,-0.0012107218330925,10.0,0.03252434119207546,0.06681988390360197,0.012302565824751746,0.08574375034596016,0.011775826096602311,0.023725590249655835,0.036173290706131914,0.047435484509629935,0.03683891227196646,-0.006431906842409669,-0.08133149286951467,0.08100292242276311,-0.21174329311201234,0.15059911590644362,-0.223822199916705,0.07628144355301995,-0.02857096061996011,-0.00041462507698963695,55.02288818,69.77344513,1.9787723981555978,-0.0035392911723241,-0.0035392911723241,14.18,0.02759757477727596,0.07304888988697907,0.004088608841913172,0.11546480363174486,0.008683256119956358,0.042487809881903316,0.024472986484998578,0.06752481282147794,0.02593370116445944,-0.01728640312456079,-0.0836424470645111,0.03973441862401344,-0.1889675521226018,0.12531216504854106,-0.19899581402084932,0.0646035458865824,-0.030207304416496262,0.009033745616418808,66.73245239,71.73248291,2.8051363311167576,-0.0165246909332865,-0.0165246909332865
17759,1109621.0,130,0.0,0.01582660626767868,0.07207779304953407,0.05506743185434033,0.08746336415490326,-0.08111603602510982,0.16022881856023613,0.011792730163953201,0.006820082558818989,0.09565645662329618,-0.00652054854760125,-0.11453812593663587,0.04990929597836555,-0.10944895003081612,-0.03445557080951602,0.0728209691179161,-0.26600645467914197,0.044928211685146595,-0.13812731489774138,-6.529823082e-08,71.95600128,-0.08008323775433537,0.0158907132653601,0.0158907132653601,2.0,0.01979257363944977,0.014154167690143856,0.19571782807050858,-0.05783284064905597,0.06489985720489554,0.09200978228603342,0.013342740924988158,0.041306167631901036,0.0935554065679307,0.010450722780423399,0.00892304175466891,-0.1565939129565996,0.13893586186735551,-0.28725867395918253,0.26070872048031773,-0.4444466785101398,0.15834684842525587,-0.16756459399961962,12.63139915,69.81752014,0.03677301460764337,0.0195930411129989,0.0195930411129989,4.0,0.02484993195063898,0.07361779207505532,0.10882127166605272,-0.04128541386593131,0.12104406297478072,-0.03738782162872121,0.11126958635943325,0.011867684440698993,0.07845885189452198,0.004734186260894323,-0.07204535335005935,-0.0026962367537468786,-0.12161236505929056,0.05294601678787749,-0.05495857525517507,-0.23571110294287181,0.061362874890090534,-0.15585123198028406,29.35029793,68.94444275,0.616400152666631,0.0158517125537957,0.0158517125537957,6.0,0.02449204943251947,0.06267068558198116,-0.027834742081471776,0.12926867324936925,-0.061311674818505454,0.0991210554026245,0.0337620402303903,0.046704355612090055,0.047126136773454584,0.0070643900044283624,-0.0789966974154642,0.04861511943246109,-0.126337841747519,0.07202637539629515,-0.09870449873171812,-0.03245352621577379,-0.02146472710775149,-0.05627738782050762,40.88459015,68.58546448,1.270419482783769,0.0040967066832651,0.0040967066832651,8.0,0.039344231817309595,0.07295498556223154,-0.020564411021402173,0.11856766505385732,0.004082679503059615,0.07337666732930928,0.03499971542459833,0.09438104018186348,0.04370364000151772,-0.01837354072867729,-0.08008365341968833,0.05212851559283221,-0.18354579289012976,0.16173843713042277,-0.19304378472183617,0.0962201773265315,-0.06477173778996939,0.016930233510007435,49.44328308,68.802948,1.780931771092575,-0.0012107218330925,-0.0012107218330925,10.0,0.017395707314199343,0.08151202969161261,0.0010128329329172473,0.07983264411299534,0.026313921108902502,0.033318249714850985,0.0691326615635017,0.0659998491882804,0.03687871252074737,-0.01812593025135958,-0.0878711271429804,0.07951137021230523,-0.1892088479342794,0.1748444965669939,-0.2073348524808894,0.08494799460730884,-0.04792509845023001,0.028887472907012397,55.02288818,69.77344513,2.084244627607406,-0.0035392911723241,-0.0035392911723241,14.18,0.025810705761493084,0.052881165276944614,0.00012090458353139922,0.09952418439691813,-0.012690504110220073,0.04367023125954557,0.04848516115071326,0.07858067018323778,0.03348352980436492,-0.03244964621382961,-0.048622065051031796,0.031128949766021194,-0.1792784466964712,0.14172920189740598,-0.18628100320565935,0.10242318251195005,-0.007696471244030272,0.04263199304282386,66.73245239,71.73248291,2.875119978529383,-0.0165246909332865,-0.0165246909332865
17783,1106088.0,124,0.0,0.050655705839023825,0.06735134710382754,0.07699986832823588,0.07293331948095469,-0.05799845964300426,0.15736578146170999,0.011501748723183783,0.019081109106604887,0.08755230798020598,-0.017228504911593494,-0.08591357338295268,0.030651546988870952,-0.11044583926186521,-0.04045035372705854,0.05920781973300783,-0.26131701881303665,0.05527910448840825,-0.16904750013603165,-6.529823082e-08,71.95600128,-0.09480724205288493,0.0158907132653601,0.0158907132653601,2.0,-0.009997191035215127,0.013487443020447043,0.2201876138776578,-0.060551405144058185,0.055613240895850416,0.07500092817045105,0.01657976403107208,0.019691387531961507,0.07846434014587529,-0.007869612904760766,1.6688814193992554e-05,-0.1640924765792621,0.13460909526152087,-0.2562695899844655,0.23748566271678395,-0.44212540792498384,0.15450954779773782,-0.16036624609081823,12.63139915,69.81752014,0.11213497116543306,0.0195930411129989,0.0195930411129989,4.0,0.028642774684944264,0.05263012306898327,0.10814251388812005,-0.05819156923762016,0.1460313777857538,-0.055896715150982074,0.09866703218769672,0.022383183838711886,0.05911219118475151,0.006223798008035944,-0.06440024513201906,0.014535442947336469,-0.12071303601109623,0.04749585931070876,-0.04254749584482717,-0.2210566556094782,0.05643047135280797,-0.14963612616923722,29.35029793,68.94444275,0.7037917284449959,0.0158517125537957,0.0158517125537957,6.0,0.019922614377436657,0.08527503185625969,-0.026220522147243075,0.12174534106947169,-0.04223875029926229,0.10804582865137109,0.059426145053187884,0.032954111439626885,0.06465435296826867,0.0025066799763827797,-0.052187304263682247,0.03139660457624009,-0.12294315906348965,0.07080000709017353,-0.12224585837228046,-0.026418113259542214,-0.006204296870058583,-0.06158698100010565,40.88459015,68.58546448,1.3001550453741078,0.0040967066832651,0.0040967066832651,8.0,0.009175881376646612,0.08203527107886448,-0.011218496972025373,0.09722250128453624,-0.017176080191481338,0.06400349802649942,0.040584352179347,0.06871233820521744,0.045996208390013435,0.006392249803277617,-0.09371840104824199,0.03921062523158957,-0.17445733309362202,0.16142627701030196,-0.21289214815749116,0.08369540317100706,-0.04631427882831258,-0.010243885305132348,49.44328308,68.802948,1.7210420785528753,-0.0012107218330925,-0.0012107218330925,10.0,0.032154123656535215,0.05015372071343472,0.014778759296209481,0.08091803283650971,0.026594895040917235,0.04651714806890466,0.06458127745385386,0.05660816384863719,0.026363364307032205,0.0061728211747340625,-0.08571541906283826,0.06594098659330186,-0.21425434406102192,0.1442733457355478,-0.21001844216163917,0.06862390553567962,-0.03806342516391993,0.012784164154722851,55.02288818,69.77344513,2.0700889701482046,-0.0035392911723241,-0.0035392911723241,14.18,0.022230363955164735,0.06353448977060884,-0.013510854459182276,0.09070172597147141,-0.015312056355312083,0.07257924686090511,0.03306362287544704,0.08757609909672745,0.020338123854113002,-0.008796632440360613,-0.08403256342032644,0.035126432726534484,-0.17570877902475535,0.1574089728838757,-0.20734338046091946,0.07884033982590442,-0.02771402543422144,0.02676365792400176,66.73245239,71.73248291,2.9925482333090656,-0.0165246909332865,-0.0165246909332865
17789,1107291.0,156,0.0,0.020510091611300154,0.07649121453277521,0.06490150803858136,0.09872410885740131,-0.05503264592089528,0.15909871533364173,0.018491493961891845,0.013971521094897441,0.10827823930988895,-0.00979526578528852,-0.0979648381516386,0.05703466460300841,-0.093199700368831,-0.048265569441714215,0.07747979028652886,-0.25702293639801266,0.040727925959646936,-0.15192048797631938,-6.529823082e-08,71.95600128,-0.13049641357157563,0.0158907132653601,0.0158907132653601,2.0,0.021758818996254675,0.015639206115270452,0.20575174010845915,-0.05449245265054993,0.07842467123286428,0.06611649677886693,0.01589534989273129,0.0515757116830235,0.08852435872708991,-0.008547110883171284,0.0031910092396404324,-0.1388317584806933,0.10746386363101691,-0.2613715197407032,0.24379732132298265,-0.4697212541294572,0.13436571050486626,-0.16942681729872883,12.63139915,69.81752014,0.014391444519289733,0.0195930411129989,0.0195930411129989,4.0,0.017493289349987947,0.04385123657624653,0.09399474529940015,-0.04979522281384486,0.14860936058147997,-0.031052142463066538,0.10439570630481816,0.02317298141886385,0.057498348585010704,-0.011560639601301197,-0.06603762435678147,0.0053076568846588314,-0.12227087186081781,0.04586651863719963,-0.04328441850416652,-0.23675678256144633,0.08439216203100959,-0.1297427167776773,29.35029793,68.94444275,0.6160764931547357,0.0158517125537957,0.0158517125537957,6.0,0.034638735526144764,0.07858156670381694,-0.016097106219708467,0.12343222715994694,-0.03423852631623332,0.08118567962935014,0.05924820146257194,0.055510260334590826,0.046126163955556444,-0.009056847867143955,-0.06571277296315664,0.03889581074896872,-0.14574324634369654,0.08142766465108017,-0.09073056858544792,-0.01018187485743116,0.010599084152209014,-0.03534601932447083,40.88459015,68.58546448,1.294707773683119,0.0040967066832651,0.0040967066832651,8.0,0.041913856005602476,0.05790094604263343,-0.0046071768136712234,0.1026288495816288,-0.018904129383859908,0.07087845687671325,0.02976915639111549,0.07851302422102971,0.040231002437313035,0.005031097497757205,-0.08201347439798178,0.04129743189410274,-0.17482362617794692,0.15966106211880077,-0.20613118224562346,0.09655100514535592,-0.05076538246401713,0.02129641554839155,49.44328308,68.802948,1.7059365844727377,-0.0012107218330925,-0.0012107218330925,10.0,0.04418347365395835,0.04922289809837065,0.009212959342371404,0.07014962993491722,0.03163498481531957,0.03149064301610192,0.07122345525809909,0.053576730778912555,0.03269052526062429,-0.01783613101540072,-0.10625532290163846,0.08209959033135904,-0.20712274194724972,0.15850175221155186,-0.21267073596446262,0.09287846904601671,-0.05607703597965297,0.00507561986529186,55.02288818,69.77344513,2.029138521113366,-0.0035392911723241,-0.0035392911723241,14.18,0.02383913987679103,0.05930249451528817,0.008399369205478523,0.08613250591196928,0.008648955764797621,0.05214191794958526,0.02170103781767067,0.058783673781508276,0.035558898443020265,-0.026227686948782032,-0.04997590391451283,0.061925993898970896,-0.16270007584296964,0.14673465418465292,-0.19255763795134728,0.07583051384782541,-0.011723827092881719,0.032571141028194195,66.73245239,71.73248291,2.967225315078538,-0.0165246909332865,-0.0165246909332865
17803,1103134.0,135,0.0,0.017466419512015958,0.05639415975963583,0.08544708878808571,0.09610295425184401,-0.08079114998168434,0.1631695371259627,0.006060981738196577,0.028619599290138697,0.11352285179502844,-0.018907363163050448,-0.11543695050463271,0.05255131942314796,-0.09593210425586432,-0.031823019233477384,0.0530555698433507,-0.28700266037304595,0.039673093985292486,-0.15429830524366103,-6.529823082e-08,71.95600128,-0.16911561519565207,0.0158907132653601,0.0158907132653601,2.0,0.01759936764473928,-0.006456843100956885,0.19468671954475497,-0.06647313399788589,0.077724164660125,0.09168064792222823,0.01716983111848603,0.03693106114180112,0.07907413322136925,0.004043254605605341,0.016883020001233724,-0.1589745375610865,0.11693779671168598,-0.2696640716331423,0.2503847905268825,-0.46137151400894505,0.15678756114669437,-0.16443695075205467,12.63139915,69.81752014,0.11546817281594197,0.0195930411129989,0.0195930411129989,4.0,0.02043542052574897,0.04094865930166955,0.11918740020298578,-0.058726749768873196,0.13708017118626084,-0.02863917755537012,0.11548469541802782,-0.009094978475724377,0.07456863129965541,-0.025126780622181377,-0.05047334104410264,0.006597969305618633,-0.1217936152069936,0.039393661038420805,-0.06394811687828528,-0.21031146320160188,0.07826800074800426,-0.15705399217319252,29.35029793,68.94444275,0.7145375644576198,0.0158517125537957,0.0158517125537957,6.0,0.00909073865258266,0.062318332274753724,-0.008781525688974032,0.14017956473123655,-0.041204535201532735,0.11128813956851899,0.0358656220816449,0.035572690456061165,0.06836952079456904,-0.0012333436414568699,-0.07233357192373706,0.05480256810073034,-0.13532899777187532,0.05585275326069809,-0.08625444910905218,-0.02026707674211364,-0.009914680802721378,-0.03553589280512832,40.88459015,68.58546448,1.3641387801489704,0.0040967066832651,0.0040967066832651,8.0,0.03112024347609009,0.07246954976198465,-0.01996363572079053,0.11041957755100383,-0.01752119513330458,0.09468500605463406,0.03216655867135614,0.07306807026389252,0.023473084380359503,-0.010880634439434166,-0.0726082248971064,0.061584460739255005,-0.1685699864950035,0.13701795822466326,-0.1997453305793079,0.08242707870162438,-0.06466495074978225,-0.005599425627187663,49.44328308,68.802948,1.7309981412778381,-0.0012107218330925,-0.0012107218330925,10.0,0.02200116029390073,0.06726768236611168,-0.001712534306290192,0.06500135479324959,0.01629698487482795,0.025993392936957987,0.046358066091391995,0.06592195058941624,0.03264928033298432,0.0002031053815812929,-0.09078728370559382,0.06855614903469408,-0.19167894134141353,0.149311672503097,-0.21871188686196347,0.10263006227512274,-0.050441563269800864,0.024732502739866324,55.02288818,69.77344513,2.1690109837329663,-0.0035392911723241,-0.0035392911723241,14.18,0.03878273740621489,0.045387480317293345,-0.020438480635816856,0.09746472070124473,-0.01882178451033355,0.06505359582012735,0.04781873341450425,0.09166239797963929,0.016728340879515004,-0.0384947448861105,-0.08108091150812499,0.05418622128386076,-0.16097198348233788,0.12378818756936746,-0.20475753995443,0.07338282037562152,-0.017794734793930345,0.01950938206981664,66.73245239,71.73248291,2.8686730219976337,-0.0165246909332865,-0.0165246909332865
17909,1119882.0,125,0.0,0.011759053254472022,0.05300945644942232,0.054563331108027135,0.10108805670192325,-0.06861697698072304,0.15486899030085824,0.016200044853431954,0.0024784994898905885,0.0929066394507926,0.002578940525687932,-0.09223078071189891,0.0397870038018979,-0.11057967855732963,-0.017715141802071763,0.07569307367883692,-0.25513548113845125,0.06685490026963652,-0.14554147678488213,-6.529823082e-08,71.95600128,-0.19019131767547717,0.0158907132653601,0.0158907132653601,2.0,0.021038280520612396,0.0035658653111395504,0.20995181177626648,-0.060914705329268085,0.08304476676833646,0.09174472087414756,-0.015274793876317944,0.018880187723435707,0.06793426737152258,0.008716097151027925,-0.005912081623638418,-0.17308447318611805,0.13847754169728405,-0.2693877411913949,0.23696570526527516,-0.4629535598281648,0.1387780332860877,-0.18228809559742876,12.63139915,69.81752014,0.12471180299071954,0.0195930411129989,0.0195930411129989,4.0,0.012535143393964741,0.05721225751796852,0.11289257950160604,-0.03176802181982774,0.13047810147282973,-0.03950212453823701,0.10440305752925866,-0.010459226353056801,0.0640541753600888,-0.013364931574377181,-0.07211292130462844,0.025811875937840473,-0.1276139498768696,0.03307858889825731,-0.06269719766859991,-0.23397790843275984,0.0809927175928342,-0.12505718908484167,29.35029793,68.94444275,0.7308152506302458,0.0158517125537957,0.0158517125537957,6.0,0.03572010190686656,0.09719735926007325,-0.011563218766077034,0.14783405334601943,-0.0657769243579707,0.10680656592814829,0.057022275642836656,0.06462671444241483,0.055239259636739306,-0.021054670297971582,-0.08180934498718097,0.024430902167571523,-0.13583983369272187,0.08495032795287787,-0.0963104050890928,-0.03297398316731304,-0.004550971561580838,-0.04407355357846371,40.88459015,68.58546448,1.3066026460609927,0.0040967066832651,0.0040967066832651,8.0,0.006769523948966582,0.06081024488512604,-0.029566896839481823,0.1256667445454166,-0.03228960646050521,0.0942784709166205,0.04833283217583683,0.06854396616367031,0.037566354188053534,-0.021698089417142623,-0.06320702640229955,0.057630574969828235,-0.15760475949983,0.1321365147333706,-0.2067079620179966,0.11503162837666579,-0.03623156384032021,0.012753536022534461,49.44328308,68.802948,1.6531735078107381,-0.0012107218330925,-0.0012107218330925,10.0,0.012794687780097824,0.056783827198967844,0.006229461944031768,0.06954560866111494,-0.0012409145239153253,0.03437241771860503,0.06294529035454459,0.04312583321758142,0.01206798230314431,-0.010276212404615653,-0.09650626883503274,0.07296434679563388,-0.1929284058698942,0.18031182435560777,-0.20877617380475405,0.08097275135146588,-0.02285776507280419,-0.007722032902706129,55.02288818,69.77344513,2.1761624868286837,-0.0035392911723241,-0.0035392911723241,14.18,0.036686503049587135,0.06787668991207868,-0.020092539325686415,0.09699550250429752,-0.0022035126906993895,0.07653082378495372,0.0545350160674289,0.0709200238127189,0.026584575676731954,-0.04078169714984196,-0.06675242835791935,0.04717791104423349,-0.15856983905879288,0.14723734430182706,-0.1856404546814021,0.06288053920339597,-0.000862328946715063,0.029741239929677945,66.73245239,71.73248291,2.886191763724425,-0.0165246909332865,-0.0165246909332865
18224,1102588.0,124,0.0,0.022531449418250943,0.06803526552051155,0.04848634848769774,0.10159483466552846,-0.0561437375410582,0.1611785540176353,0.010798418093921165,0.0037559428858080952,0.10720525102077494,-0.01579234215233365,-0.11064453599068615,0.026147270502652878,-0.11771731928765866,-0.037145114154806674,0.07377463303754113,-0.28749198375608037,0.04992202833742934,-0.15846735701204606,-6.529823082e-08,71.95600128,-0.1757975417891514,0.0158907132653601,0.0158907132653601,2.0,0.0028440715605558362,0.005749503375466673,0.21230359987851913,-0.06577898496552811,0.060290138426496255,0.07838125640307186,0.0031556896976827377,0.017432160829300346,0.0729838050180122,-0.014761296661542203,-0.006892473770878132,-0.1451779834491321,0.1258076163795802,-0.26509392234630114,0.23960373262486687,-0.44514752516522516,0.13071227169570274,-0.19034419026504676,12.63139915,69.81752014,0.05800878958990108,0.0195930411129989,0.0195930411129989,4.0,0.0133726068379251,0.054817279552010226,0.1231001804867518,-0.03239509165142913,0.12785432203315922,-0.05073053941155499,0.07919776177152477,0.009228105549680045,0.08703988424107291,-0.018512948945983196,-0.05151577898013632,0.014533823646410707,-0.12771030563320473,0.03895982174696819,-0.06411745732766412,-0.22198092201723615,0.05669735839226886,-0.14743021617425273,29.35029793,68.94444275,0.6648337365450379,0.0158517125537957,0.0158517125537957,6.0,0.020411537143561795,0.06401971939881056,-0.02073037494809107,0.14722829563290532,-0.06083504053204171,0.10980602554103017,0.04862325739639022,0.06747950233284294,0.0657859887266561,-0.029590542771406825,-0.057034431177081825,0.024214633265993032,-0.12034898788274004,0.08026148870283453,-0.11866178029472679,-0.004581132368310963,-0.016450296912861595,-0.05110814133172054,40.88459015,68.58546448,1.3680745127804987,0.0040967066832651,0.0040967066832651,8.0,0.009219095031345097,0.06985630389010689,-0.006062295114916385,0.11639642174138469,-0.0006383356040240359,0.07347337128534896,0.0367783323284553,0.06862724631817377,0.02588092980891634,-0.014504613012871221,-0.08358864934280597,0.06309802464107966,-0.17220783650822358,0.12583901732807123,-0.18995815609527159,0.09807026224391073,-0.06715505530760904,-0.009829399887851552,49.44328308,68.802948,1.7145383017448992,-0.0012107218330925,-0.0012107218330925,10.0,0.04042257632564296,0.04368515620985367,-0.00047984571671969337,0.06987821590655786,0.028132398130695173,0.03390189322109266,0.049654427778493326,0.03692688362834955,0.0371218293148328,-0.0009589126283041935,-0.09773931103298336,0.07642241335904995,-0.18501705715244063,0.17136597446605986,-0.19242327810779478,0.08099663445175476,-0.05419029177963663,0.014951396336355477,55.02288818,69.77344513,2.1568149325864017,-0.0035392911723241,-0.0035392911723241,14.18,0.011442765208592056,0.04712240760242441,0.012549978438245648,0.10785310870094335,0.004216000350721838,0.05557363180453685,0.05387753391549946,0.08984819751317681,0.03473173921386058,-0.0053218582076377564,-0.06884887099477949,0.05090180329533102,-0.18869401646018108,0.14176986588072835,-0.17777494328839424,0.09853780832303438,-0.006991540601035412,0.04146763403732483,66.73245239,71.73248291,2.821368235277884,-0.0165246909332865,-0.0165246909332865
19741,1120377.0,140,0.0,0.0285437167305137,0.06268085504307047,0.08269177109046826,0.09569302110454177,-0.067024847413484,0.16194921858156358,0.020581471468525167,0.005883717994684501,0.10955343229150055,0.002744245051896197,-0.10560465403627932,0.018903990854685578,-0.12840039501559822,-0.027176849672790812,0.07277643073910164,-0.26358279819744196,0.03329681163471547,-0.1361398368016752,-6.529823082e-08,71.95600128,-0.06487549208920948,0.0158907132653601,0.0158907132653601,2.0,0.026488600379150365,0.00788989180273382,0.1978277730844303,-0.05680179952397425,0.0808169000397215,0.092325310323358,-0.004321973792855915,0.02812131394767914,0.07162694867115033,-0.003824047946145079,0.0016201088688025103,-0.13968740682715114,0.11684762764724951,-0.26339973257475047,0.24845993190017612,-0.46201764426002817,0.16177199339169146,-0.17034591032179364,12.63139915,69.81752014,0.12956169603576528,0.0195930411129989,0.0195930411129989,4.0,0.007610332868977113,0.040770743046842806,0.12564167803613288,-0.03041922016772835,0.14357049830247715,-0.055207377275148115,0.10562815898623518,0.010256286088560515,0.06662840129992129,-0.005404245669696525,-0.06610776314035817,0.01579052196768377,-0.15755856870086343,0.06588432694064589,-0.04488968319347592,-0.22807541260993236,0.07215461533757805,-0.13061084127206887,29.35029793,68.94444275,0.6049797383798992,0.0158517125537957,0.0158517125537957,6.0,0.028485806706678836,0.08330250651093497,-0.029845194747055978,0.12292822466055955,-0.06142901950222973,0.09279236216111318,0.037150490169300214,0.07124877338987079,0.05133079262103916,-0.009940694604000913,-0.06447662113597559,0.02414882687531196,-0.11922730115779101,0.06692362554845661,-0.11339038488862363,-0.0242623582887384,0.0019919872434589776,-0.052521190879725906,40.88459015,68.58546448,1.2481242336245582,0.0040967066832651,0.0040967066832651,8.0,0.028462719900600602,0.07676615188723868,-0.028336158492678863,0.10026607057714149,0.003734253889498983,0.08742093828949747,0.0357581698665113,0.09390403200875844,0.027250644066811637,-0.030900540894299038,-0.0656366927512989,0.03673976237779396,-0.1673763387266626,0.13736083655473766,-0.18657305499523832,0.08752189708483707,-0.0563398782153469,0.021911025927804254,49.44328308,68.802948,1.7144485887439493,-0.0012107218330925,-0.0012107218330925,10.0,0.024379216304645443,0.08206090513815442,-0.004244617819683865,0.06640196863600345,0.015183687645673174,0.028001000443941885,0.07539718134811585,0.043648481663510236,0.03220717258505472,0.00935432383267196,-0.09266067760207317,0.09065648581695204,-0.1920412788521702,0.1438446695458369,-0.21917970985796933,0.10244306950438059,-0.05026737722977409,-5.5100446044979365e-05,55.02288818,69.77344513,2.1184965197599572,-0.0035392911723241,-0.0035392911723241,14.18,0.03586471256639129,0.0526875824644282,0.0013685994912689056,0.08512823781463691,0.0031840453994623034,0.055632821538251276,0.025095145437963824,0.0933193642722306,0.014563205150250929,-0.03288818605056815,-0.05095330053824518,0.02943514656252112,-0.17816842118877568,0.13383107734945268,-0.20856009935254302,0.07107778430519368,-0.030751922008916126,0.003520983658166131,66.73245239,71.73248291,2.947492971852819,-0.0165246909332865,-0.0165246909332865
20180,1102501.0,135,0.0,0.011899544593719363,0.05596825724419133,0.06493408882040368,0.09412579970486963,-0.053097649658739164,0.15739584712662638,0.005631377128616318,0.02513530464537688,0.09322087291115895,0.015037711937772397,-0.0974515583501588,0.053187765878297696,-0.11870146646253349,-0.035635469629337224,0.07916497412917115,-0.2766727513386224,0.06397182783188259,-0.156960874681231,-6.529823082e-08,71.95600128,-0.05724029778636647,0.0158907132653601,0.0158907132653601,2.0,0.02177100656338144,0.007131492372419253,0.1969069927082363,-0.0930604326936912,0.07400483619316316,0.06796699791447346,0.017095762136986135,0.025675965902297995,0.07932049473929007,0.013140454354465427,0.003907602501121926,-0.17293336979838947,0.14133724996050925,-0.280451931427628,0.2514524885455269,-0.45597539908091334,0.13067532111728453,-0.1603653814719552,12.63139915,69.81752014,0.11720821368039586,0.0195930411129989,0.0195930411129989,4.0,0.0018203489055579041,0.05011562153494778,0.09689139195032984,-0.039079521242759964,0.13007747879857703,-0.03968596943965803,0.07692080840490331,0.006236500305511162,0.08242137282861893,-0.00403989545408512,-0.06728104897493987,0.007548528078831525,-0.1213907246489867,0.06056351664211317,-0.049412970690654756,-0.20212890324116747,0.079522493292209,-0.13654396984153677,29.35029793,68.94444275,0.6661721568585832,0.0158517125537957,0.0158517125537957,6.0,0.021505015033229633,0.06153805083809591,-0.008339835476209635,0.1325715027428805,-0.03625496413219633,0.09590777209194636,0.05737458825020069,0.04084183662126587,0.04698882244346684,-0.0007049622362481477,-0.08228681044448437,0.044538618156697615,-0.11843953589051155,0.05601831227532642,-0.09026228508177722,-0.002146571727064603,-0.025370038042980745,-0.050077797955387575,40.88459015,68.58546448,1.4442438893106961,0.0040967066832651,0.0040967066832651,8.0,0.011946394926499872,0.06635280216923543,-0.00994502072538247,0.11740794335035491,-0.0041567025385358634,0.060259407978320335,0.0254239543881598,0.06767814053357701,0.03384270462870109,-0.006789308298772511,-0.07867337939736707,0.04709184089527724,-0.16023820385600365,0.1320221941936545,-0.19754630716036997,0.10589837400030093,-0.05977071915036169,0.026896772710954177,49.44328308,68.802948,1.7309127910324513,-0.0012107218330925,-0.0012107218330925,10.0,0.026495046118414033,0.05512731446255179,-0.00801287129732963,0.10144660646617341,-0.0014282533613130949,0.05515352415156648,0.045521469591500774,0.06835036228448921,0.008647762105298992,-0.022844236497164532,-0.0801568329525423,0.06279564525066123,-0.20278929661818404,0.15633176584152406,-0.18886745175451775,0.10811272871698896,-0.024210787333891162,0.009393996353041747,55.02288818,69.77344513,2.0212546208296107,-0.0035392911723241,-0.0035392911723241,14.18,0.023069322531214482,0.0788957947039247,-0.002759576945331338,0.10986185515467937,0.007504814132096763,0.050296654592260834,0.03371453969582764,0.08230567741798683,0.0170663609102904,-0.032666875591202196,-0.06288784963871678,0.054673516300191724,-0.15697801650642484,0.14825316967104,-0.19195103770045513,0.10021716005880432,-0.017967605825709464,0.015426624226990813,66.73245239,71.73248291,2.871670057465693,-0.0165246909332865,-0.0165246909332865
20184,1123345.0,120,0.0,0.02159091905100093,0.06368678729991668,0.08098352771088478,0.08099039263257857,-0.04972110092963129,0.15599159340860128,0.014816735003618518,0.026123440050884107,0.09372172347916462,0.013367339208367603,-0.11424736681270649,0.045545173017883224,-0.1144194756193336,-0.05634829215021181,0.07278644859649894,-0.2759882639256932,0.04840363316357664,-0.163990391151391,-6.529823082e-08,71.95600128,-0.1049186399666047,0.0158907132653601,0.0158907132653601,2.0,-0.010398105878579677,-0.0008675549495552738,0.21700999334598697,-0.07226605917694151,0.08220947135066729,0.08448030922381805,-0.00805855049149699,0.024441783932520722,0.08818993595177117,-0.009396132618761216,0.012929686661339078,-0.1391413884627766,0.13087258298919185,-0.27130202839652584,0.27029644598721303,-0.47181820545008196,0.13986729865873215,-0.18450993711253194,12.63139915,69.81752014,0.051407736061716475,0.0195930411129989,0.0195930411129989,4.0,0.011720823704227131,0.05341555098412862,0.10601217787761372,-0.05264990419296242,0.1474341601684307,-0.02021904967768795,0.08753139061258447,0.006123257022801018,0.09469767935587031,-0.0029284394579413694,-0.05683320817111677,0.029947292567607253,-0.1267003838817925,0.04479231194960706,-0.06141239089462977,-0.2319345361296305,0.07686180813107497,-0.12715146490918317,29.35029793,68.94444275,0.7217711542191526,0.0158517125537957,0.0158517125537957,6.0,0.03519377622236228,0.0804968200256684,-0.014930869360848507,0.1535178001106935,-0.04002320433902055,0.07891358090741878,0.05893889536013486,0.07039010481444376,0.03218833946656817,-0.007546976172619575,-0.06749935694058082,0.03200851652698255,-0.12480646126131487,0.08345243747797063,-0.11717009789649677,-0.016725375906960396,-0.000648410088079034,-0.04318450494969949,40.88459015,68.58546448,1.4020047758516845,0.0040967066832651,0.0040967066832651,8.0,0.007015931755386805,0.0644772663141675,-0.007669295392160771,0.10651102540171735,-0.01736303632947622,0.08280040517572393,0.049730825700283574,0.07544476469917752,0.036210257338344695,0.008201551218973726,-0.08076092727008417,0.0341683343335432,-0.17480028713152715,0.16196819789382627,-0.2127429399217302,0.1116393383647336,-0.04084706878126282,0.020045806346046857,49.44328308,68.802948,1.6871907284251741,-0.0012107218330925,-0.0012107218330925,10.0,0.028988434334085385,0.08185363360556831,0.0062727207066679246,0.06639441909450382,0.004821327986811494,0.019117403562377407,0.061340501038179965,0.06345434995326292,0.028177572359017928,-0.02343174531435016,-0.09605577760995672,0.08103990876448532,-0.20718284290176706,0.14883705748263304,-0.20922530436039058,0.08358276857159916,-0.0481391725048151,0.026209168487258825,55.02288818,69.77344513,2.0023348350722148,-0.0035392911723241,-0.0035392911723241,14.18,0.023312680572275864,0.0615117205133656,-0.015738429303187803,0.11413316511054374,-0.001897195333880279,0.057358780451396627,0.031210904707514628,0.08993280217034118,0.0328102543235899,-0.0159149455476728,-0.04904318733148884,0.025617960113961013,-0.1570807134994476,0.12437578893667232,-0.20477936310901945,0.08671879172693231,-0.0017102188902722911,0.03953525464286366,66.73245239,71.73248291,2.988163799701123,-0.0165246909332865,-0.0165246909332865
20334,1107041.0,140,0.0,0.035331802022096535,0.05050902419733118,0.07558002097530163,0.10038686943881503,-0.046622191817870806,0.15734327469753762,0.0019100849141046449,0.0140908680307948,0.09228179942550235,0.013194910300280981,-0.1132357902286133,0.019384425430027535,-0.11475208912324533,-0.022925395649235396,0.05932309941696974,-0.2814890825125335,0.034952297956533984,-0.13639039803336686,-6.529823082e-08,71.95600128,-0.04017414511221637,0.0158907132653601,0.0158907132653601,2.0,0.011649504552428398,0.013551917698783611,0.21488561506443227,-0.06321925780518137,0.0910210776023874,0.08180422791454398,-0.01038160374665679,0.02808659466861935,0.09670477603332053,-0.0003727412187716013,0.01829701283646709,-0.1656404213707069,0.11054421528736942,-0.26290247590156024,0.24622650148451874,-0.4534258722416396,0.1399977714801279,-0.18774907520479295,12.63139915,69.81752014,0.08712695459488183,0.0195930411129989,0.0195930411129989,4.0,0.018826912501891342,0.041918340276324025,0.11611488234631118,-0.03106937861165291,0.14913655552719995,-0.04459047985409436,0.1052396416179684,0.022302593036583274,0.08105326706996081,-0.0014205321157998631,-0.06913289229710914,0.026736806356140036,-0.1453531920725217,0.06568515226986034,-0.032571763568882,-0.21466812369721194,0.0771587182076977,-0.15431958314296806,29.35029793,68.94444275,0.6136367999934776,0.0158517125537957,0.0158517125537957,6.0,0.0026813802699028923,0.08207343255861735,-0.045574142454407246,0.13764516170944063,-0.067737148474359,0.07652601520132223,0.04150848526183029,0.044102394010772886,0.06213392362528969,-0.003615023157427808,-0.07420269609896027,0.029724691693869904,-0.13349295154122864,0.06482431915560069,-0.12261222173790073,-0.020867749716365777,-0.013995344528739018,-0.06053895143435857,40.88459015,68.58546448,1.3238798851222868,0.0040967066832651,0.0040967066832651,8.0,0.02736037751680698,0.048703524093969816,-0.0006294670348618529,0.11126486338556549,0.003688141730275268,0.08246832821519691,0.047537434994343646,0.09528451997107742,0.050557920834880685,0.007677571502097247,-0.09358515615479714,0.05496837996686699,-0.1922261774467805,0.14230873360938529,-0.21280827554196327,0.11437247328842962,-0.06418574226742503,0.017911102276411357,49.44328308,68.802948,1.7358638308664307,-0.0012107218330925,-0.0012107218330925,10.0,0.0234158069894357,0.06147670186457643,-0.008941549763347253,0.09954694269496833,0.0024165466203025267,0.042109991128025034,0.060896860749715495,0.0478902577983766,0.036262890541748326,-0.026293020108462083,-0.07286413908152437,0.06284222961619776,-0.18382242371652266,0.16795720458210375,-0.19188135052356453,0.0952223685170941,-0.02895313623981874,0.016443179401177455,55.02288818,69.77344513,2.0558178265490588,-0.0035392911723241,-0.0035392911723241,14.18,0.043894347540001065,0.052014681368031675,0.006182725074630144,0.0902878277491984,-0.0008026408229657163,0.04924068152744353,0.05252959065948229,0.07968301729292786,0.011435164821679951,-0.027512104223306775,-0.08246428891741255,0.06055821169190378,-0.1825294898379772,0.12983809856564862,-0.1975289484955112,0.09584458080013894,-0.026222942231979157,0.007667349515842543,66.73245239,71.73248291,2.9833550054691265,-0.0165246909332865,-0.0165246909332865
20376,1114741.0,135,0.0,0.020005711423634283,0.06837914901071535,0.06906148753643471,0.09823769219627855,-0.04865775377474036,0.1572813014687039,0.005021612344540061,0.021857620998670405,0.11421328541400469,0.000902679393342334,-0.08585857827457959,0.0459216498226184,-0.12465448647730737,-0.05182553057493022,0.0819504068286821,-0.263210410639806,0.05192748762087326,-0.1345447972496746,-6.529823082e-08,71.95600128,-0.06612350930710073,0.0158907132653601,0.0158907132653601,2.0,0.013683087375603586,0.010280192865029578,0.21282292332504057,-0.07467683560705944,0.08060993740293654,0.08443290034007755,0.008287646825702167,0.04155750489243863,0.08649170574745892,-0.003744703255321575,-0.005064928708729783,-0.1699566925077977,0.13785325566642337,-0.2576732384181135,0.25216057144004805,-0.45557870733818157,0.12439176221733526,-0.16336470938007785,12.63139915,69.81752014,-0.019688794013210706,0.0195930411129989,0.0195930411129989,4.0,0.017170387804137086,0.06086592986544744,0.09633118007037426,-0.02853703390902766,0.13520855521124617,-0.019674899336261802,0.10591708885595474,0.017928594044478916,0.0738557776994844,-0.007531894269906065,-0.07702171733652347,0.011619817893524075,-0.13567993035062134,0.06023884421913672,-0.045203214855388044,-0.2208761062432511,0.08555359156853179,-0.14619076363615174,29.35029793,68.94444275,0.6634621022022479,0.0158517125537957,0.0158517125537957,6.0,0.003455486241886725,0.06805340471946106,-0.037630041357619125,0.11670089978048785,-0.05015494627418565,0.07626066595042424,0.04033788808104385,0.05013707532591531,0.033190349262394364,-0.016558483482645554,-0.07093407315640961,0.0520147194342022,-0.14717199513391085,0.09125278499557407,-0.10151989034966794,-0.030133606905339838,0.0003165928999601577,-0.06734450657996918,40.88459015,68.58546448,1.3164955059078198,0.0040967066832651,0.0040967066832651,8.0,0.02882540599794741,0.06230378038617975,-0.02334613800543386,0.1058311312529341,-0.017563893157264684,0.0823831267386267,0.022322072676605267,0.0737613484984481,0.030818976717804314,-0.020090937808391413,-0.05846886338706876,0.05484582917207433,-0.18464586194200341,0.12806268586088942,-0.1972279161491098,0.0818456048535543,-0.05475989606417762,0.02744881450842207,49.44328308,68.802948,1.7588496821085422,-0.0012107218330925,-0.0012107218330925,10.0,0.02406781855192144,0.07905187507841685,-0.014148524555232488,0.09354978985276312,0.01608378139253995,0.04750507646458239,0.03633587432402616,0.045532399761946285,0.04193777710213561,-0.007449768708139521,-0.10479989147930466,0.06656561729133266,-0.20128027092544087,0.14992082314693791,-0.2012081625549154,0.06836921877204329,-0.037861209727155724,-0.004515502194321973,55.02288818,69.77344513,2.1178677010054114,-0.0035392911723241,-0.0035392911723241,14.18,0.0158181988091222,0.04913466246194307,-0.014358375262173373,0.11418990533733173,0.0020540425632742413,0.05053037083077977,0.04971753292011141,0.08829012412762957,0.034640825930266246,-0.007804421718544051,-0.05683781600781798,0.029181691409256715,-0.18878119251222172,0.12863195555219128,-0.19848812465415394,0.09717567578946557,-0.0017503558198731263,0.020675390394321307,66.73245239,71.73248291,2.911893506049273,-0.0165246909332865,-0.0165246909332865
20432,1110945.0,120,0.0,0.032853189967924516,0.04609846990595055,0.07180087157574508,0.08055121896207351,-0.06492611082917678,0.16546388180938923,0.008477784568301778,0.019495976878950938,0.08978687955692506,-0.020535253778015964,-0.09647486416730486,0.05351224587023346,-0.10873360228926839,-0.04181526993872734,0.06346771425470343,-0.26479911020543084,0.07174263936072896,-0.16555858876380938,-6.529823082e-08,71.95600128,-0.20287003044054291,0.0158907132653601,0.0158907132653601,2.0,0.014383410485842327,0.007537969727367488,0.21915565955760238,-0.07339209547267117,0.07315273950491574,0.0899121158718268,-0.015404781547578118,0.036728863093237175,0.0755100371490963,0.0006660839827356683,0.010443668068062576,-0.17165842201845286,0.13760187076573865,-0.2673272144547453,0.25759362467598435,-0.4502405400067314,0.13444862962861878,-0.19100133297411911,12.63139915,69.81752014,-0.0101577860859772,0.0195930411129989,0.0195930411129989,4.0,-0.0013818088061891345,0.06275622211843167,0.11429944725195441,-0.028009798053756953,0.13075589649613306,-0.046331530957510386,0.08071244514997987,0.01745348240084288,0.07730985679761375,-0.0039832200471347275,-0.06763955109496826,-0.003916417294195982,-0.13124098785790922,0.06258845383825735,-0.06896430203319423,-0.21363364856995415,0.06177689265244324,-0.1235321685931623,29.35029793,68.94444275,0.5995526570817704,0.0158517125537957,0.0158517125537957,6.0,0.008695382535115053,0.0779306746474581,-0.006587742684612284,0.1464000407538884,-0.050741476938705114,0.07817365311639574,0.0229380730053401,0.03852564085023111,0.045643072580719535,-0.007531658732100677,-0.0882090209661976,0.04894667551406305,-0.14783627764950527,0.06950069891298376,-0.11510192129867976,-0.022528768079609504,0.0009311365005846492,-0.05400645006848389,40.88459015,68.58546448,1.3140702232588453,0.0040967066832651,0.0040967066832651,8.0,0.03719628905906221,0.051715444317202285,-0.0021646613820725177,0.09086646772264206,-0.02972321314039439,0.0756752864160906,0.04931621645256536,0.09678920228840808,0.026225697564297778,-0.0042404970356714235,-0.08694623965494526,0.049110297574545436,-0.188839141205352,0.13838961248361875,-0.19776812884939743,0.10275779820809067,-0.05267765460401948,0.023779577349967516,49.44328308,68.802948,1.6848862240852296,-0.0012107218330925,-0.0012107218330925,10.0,0.02933024153019493,0.0777962974717458,0.01032641318266045,0.07663703611371883,0.013894306134114657,0.05497845741631948,0.06784597898760214,0.07039245009459914,0.02703840087469601,-0.009579450319249158,-0.07530901355117249,0.07877002934849357,-0.18259774805140222,0.152938946820414,-0.19335132311783357,0.08961187178697058,-0.03427039722786919,0.019401115817228583,55.02288818,69.77344513,2.0639219254466057,-0.0035392911723241,-0.0035392911723241,14.18,0.041629059696202335,0.07215716191717006,0.0064664829254772495,0.11095009964652541,0.009674065640941854,0.08145530418707847,0.04434661963811745,0.05664269302400174,0.03320808025111313,-0.03392048797798395,-0.06351270139321508,0.060258602856291935,-0.17632807023621344,0.15950719569425403,-0.20602123674336886,0.09403936314566815,-0.016522399310452004,0.02113984073548779,66.73245239,71.73248291,2.8757996593288793,-0.0165246909332865,-0.0165246909332865
20788,1103009.0,138,0.0,0.01786859988988253,0.06060138628497337,0.06737279485110105,0.09744889477052922,-0.05574293138447894,0.1500689838282907,0.00331740075674532,0.03075712140233136,0.11127957612606183,0.015698431913348382,-0.10337029457570396,0.05807016901768527,-0.09490846366393782,-0.04716629798145067,0.08081855062772142,-0.26032945767166443,0.05417663706202821,-0.14997888134654147,-6.529823082e-08,71.95600128,-0.10301658659593019,0.0158907132653601,0.0158907132653601,2.0,0.021075346965844503,0.009079832958402716,0.19874667590820078,-0.062438596092607955,0.06534401572852307,0.08866732752301755,0.016485733433968044,0.028848979934147354,0.07175583705067567,-0.013428879607620002,0.016077693729376896,-0.15589795009308113,0.12704587319709557,-0.2738018541185715,0.24613991861251144,-0.43669698020439596,0.13896817968863948,-0.16619637734422463,12.63139915,69.81752014,-0.0030112170827099327,0.0195930411129989,0.0195930411129989,4.0,0.03318070678211266,0.042274697299316925,0.10949108354434726,-0.026832344074390457,0.152935056158696,-0.027855802073660035,0.11008284572014619,0.0028331447175881227,0.0749495579570556,-0.026323279262138212,-0.054802013097568034,0.025884282454321072,-0.15297065915580987,0.042442835527717174,-0.06232780357407581,-0.20687419019761005,0.0670095832847401,-0.15194489628314675,29.35029793,68.94444275,0.6916154576673748,0.0158517125537957,0.0158517125537957,6.0,0.015152994504417878,0.0712163059208204,-0.044485064378717756,0.13715746184217567,-0.06648206801058255,0.07936369704019493,0.03658122590812599,0.034739051729826484,0.06529636912900202,-0.02916514105436506,-0.07479211080998395,0.05553225671475599,-0.13915711531309538,0.061406970502659156,-0.09080833982688466,-0.02766714540065381,-0.02064357977218735,-0.07076090210665523,40.88459015,68.58546448,1.2982534146434013,0.0040967066832651,0.0040967066832651,8.0,0.03424422284258197,0.05148323339227204,-0.01850779258202727,0.12447638297708363,-0.016889673886106047,0.059011615955326266,0.026754417645635586,0.09425652545291069,0.015970277966438344,-0.024576773226847988,-0.0950401636031174,0.04981191357997194,-0.16022100981808593,0.12622686885152265,-0.19057689974796807,0.11576386375028143,-0.049661208463933515,0.008585211460923822,49.44328308,68.802948,1.7023084786251959,-0.0012107218330925,-0.0012107218330925,10.0,0.03927292111875137,0.06596913606840588,-0.012439180306158284,0.09879475163755196,0.0037355151466614053,0.024233201615959696,0.03820871612434529,0.05493245283759084,0.03378244457268084,-0.028247048712761548,-0.08983012710738121,0.054908254737727334,-0.21165572743634647,0.15132952987387632,-0.22397279290015648,0.10255228236537225,-0.04249572345950357,-0.001090117064923523,55.02288818,69.77344513,2.1761959355447806,-0.0035392911723241,-0.0035392911723241,14.18,0.013489755733089246,0.07040583769939915,-0.02259141808487091,0.09263223225759841,0.010084346656829054,0.04248787622638092,0.01930316790080445,0.07413893141801445,0.03553393618884444,-0.00692697647832911,-0.06949030781735857,0.028053189237429128,-0.18858842165130968,0.13313425606093285,-0.19701330059665315,0.07014525233977403,-0.018957971335228814,0.01503107580131719,66.73245239,71.73248291,2.8756135064545436,-0.0165246909332865,-0.0165246909332865
20829,1112322.0,120,0.0,0.04183357797078535,0.07594247026490576,0.08263316092187512,0.08269640531110647,-0.049535615509663226,0.14666933145461822,-0.00012050453766431347,0.02587477101700334,0.11055581035536668,-0.0011290755567071994,-0.11522967508629939,0.027735375936751246,-0.13115330382041027,-0.05443688449433673,0.08399703630688406,-0.2906913996173941,0.0520445283539004,-0.16880964239674,-6.529823082e-08,71.95600128,-0.06887977617314342,0.0158907132653601,0.0158907132653601,2.0,0.004606924584706105,-0.0018931120030078264,0.18228109451759344,-0.07047786819016469,0.056880703812462366,0.09211584470403802,-0.009832373696165951,0.053222861085698,0.06656241296991426,0.00404613625559107,-0.005793567307185672,-0.16459637971699365,0.1402785149358395,-0.2609644269109999,0.2554957490485812,-0.44962914547601573,0.12401235198486013,-0.17652526211924693,12.63139915,69.81752014,0.08842469653397496,0.0195930411129989,0.0195930411129989,4.0,0.023863033276824215,0.052467949115627216,0.1168805685568163,-0.03710192709444572,0.13047874446968954,-0.02608865436261791,0.09328726828223416,-0.0006243950288564604,0.08508123133929033,-0.02755228748254311,-0.07121733784058368,0.03355643209794633,-0.12319578446310675,0.061887382982753494,-0.039164625073839,-0.2184645043607992,0.08354903419130719,-0.1311496289766178,29.35029793,68.94444275,0.679523561508543,0.0158517125537957,0.0158517125537957,6.0,0.03367032011198415,0.08312851102402669,-0.029361325543056815,0.13503141222851783,-0.05927997887236424,0.08110386578331907,0.04446212288444698,0.03958223251523532,0.0696489496860136,-0.007719280772333799,-0.07016844852023782,0.04679662679875183,-0.12482870503888915,0.09101223505205691,-0.12148683732484597,-0.03743166349273258,0.0015380817024072818,-0.049731564605570364,40.88459015,68.58546448,1.4177209911201047,0.0040967066832651,0.0040967066832651,8.0,0.04136684718897486,0.063893752556223,0.0011583918458257948,0.1252646800716409,-0.02645462336790927,0.08053980724576122,0.04943925235918353,0.08100752806063066,0.02287699977489191,-0.030274483971432703,-0.09614956788539236,0.041183966319296335,-0.1848598414820781,0.14052545891039164,-0.21605638311502606,0.1156036268065207,-0.06599840576659098,0.021206049833810692,49.44328308,68.802948,1.728219751163248,-0.0012107218330925,-0.0012107218330925,10.0,0.04491398747631979,0.06389192659743005,0.014392746588010536,0.07808369239939264,-0.00216986565105003,0.0329739164800427,0.05545268518870802,0.07359077877581814,0.02774397152105879,-0.0073921965182305515,-0.09637250789558408,0.07015047161714885,-0.19186869180414626,0.16375411464705822,-0.20819857850597093,0.06847491279249762,-0.03239160790884532,0.011130705283684612,55.02288818,69.77344513,2.0235818547863507,-0.0035392911723241,-0.0035392911723241,14.18,0.008660206542159953,0.04279525910737473,-0.018346498703224034,0.08265195202825255,0.003056801433129761,0.07624382147358859,0.02435425850044049,0.0800443565047169,0.03296054890823795,-0.013122133536907369,-0.07947418683962677,0.0579448206020755,-0.15825192275854685,0.13466547879326793,-0.20536976200901608,0.07360994920704568,-0.009186450292594678,0.013201505573059035,66.73245239,71.73248291,2.9533350089429526,-0.0165246909332865,-0.0165246909332865
20976,1123747.0,124,0.0,0.026248866798268888,0.06096531607239215,0.05603398781666094,0.08350428395209811,-0.05418115952368553,0.15057440854923193,0.007954261353142034,0.016923828264147553,0.10072314693278071,0.017049172960895146,-0.11349635970552639,0.03733755166549419,-0.10783780384668525,-0.04354597779378243,0.04974053240445168,-0.27771398856201907,0.05500431375843397,-0.1367223795584266,-6.529823082e-08,71.95600128,-0.21556089262568673,0.0158907132653601,0.0158907132653601,2.0,0.002368014249643424,0.0023424475439118722,0.19770168749166545,-0.05569852743902754,0.08320885851275574,0.09029242576818944,0.00699153735262098,0.04189875242973713,0.08047805854269374,-0.014892247359753473,0.01576377027882625,-0.16977281326165192,0.14100172644158865,-0.26843896920326193,0.2649101527544229,-0.4641790479095865,0.12651039362512248,-0.16274709272825466,12.63139915,69.81752014,0.10254603997952313,0.0195930411129989,0.0195930411129989,4.0,0.027980027296533407,0.04863148169958852,0.11418742156510524,-0.04846707956866499,0.1423234213243849,-0.05704193720341284,0.10531945127679146,-0.00850827653519505,0.05756931258153668,-0.0035500336473282277,-0.052611238534868536,0.011902169359356885,-0.12382642671939204,0.04989901154266277,-0.034651011209497644,-0.2248966583522859,0.08457616613647322,-0.13776611161926205,29.35029793,68.94444275,0.752242061897739,0.0158517125537957,0.0158517125537957,6.0,0.018294563187352633,0.06460249388254627,-0.016693770275319417,0.12637954902191986,-0.06788326444569873,0.0993160724910143,0.05164605803644949,0.06596333221104449,0.0494828587624466,-0.01646569090187465,-0.06284270279656172,0.0270066773758599,-0.15329753617275182,0.08521950474807508,-0.09787299039352682,-0.0036559396144912604,-0.01782357535772571,-0.059701191524867456,40.88459015,68.58546448,1.2926857116824473,0.0040967066832651,0.0040967066832651,8.0,0.01452483005062802,0.08161352565258825,-0.016785251047789395,0.08999589254473093,-0.009483422883067468,0.08661780773254979,0.03804557470175666,0.05899460119701319,0.04676052153139422,0.002575900593034733,-0.06394566808054106,0.06733774540751128,-0.16871864143754414,0.1522313293065172,-0.21405324857190922,0.08983826106135805,-0.05558254544309799,0.010576123434558644,49.44328308,68.802948,1.6851124280652514,-0.0012107218330925,-0.0012107218330925,10.0,0.035365586282479405,0.0453454732220015,-0.007591368580636214,0.1010269839200193,-0.006183142118506247,0.02828057436261736,0.05910168249264481,0.04936259622650112,0.034107216134293926,0.010411015907122886,-0.0829459401791511,0.06913546334416693,-0.19760818225214952,0.1821372371703742,-0.21844500775774042,0.09645681667738254,-0.026823287606766597,0.013244263471138244,55.02288818,69.77344513,2.0118103722386373,-0.0035392911723241,-0.0035392911723241,14.18,0.04032733795270413,0.07695672938191073,-0.017974519834884753,0.10032212841862002,0.017599587442497885,0.0547336294375997,0.03607467958377802,0.07605647903630199,0.017141076191037108,-0.02057725355551903,-0.058048026226928964,0.03898377798402776,-0.18265134732249724,0.1423203100023895,-0.18620516923924613,0.09865703774683995,-0.004322189803233347,0.017908578813418854,66.73245239,71.73248291,2.810658946267878,-0.0165246909332865,-0.0165246909332865
21095,1108474.0,140,0.0,0.011731669296757265,0.07291877729810797,0.0673884508867797,0.09359105136100931,-0.05055646972011879,0.15756782892967686,0.010347366746096492,0.000599400865274817,0.07899500438269413,-0.012293073213168767,-0.11303897334965764,0.04966059108063275,-0.09717373599801343,-0.04455898042981431,0.08224285747703006,-0.2646505440006157,0.03439047774594372,-0.15388375319023168,-6.529823082e-08,71.95600128,-0.14657407291685276,0.0158907132653601,0.0158907132653601,2.0,0.022337481447464367,-0.01106932425086408,0.21748639248296722,-0.0781826460753745,0.08086523120200859,0.05978505124957674,0.014598159138185433,0.043919381252857895,0.09685476733464599,0.0005578425066200836,-0.009498322566018885,-0.139592893061617,0.12451117484391253,-0.28829102529899464,0.24889171774482444,-0.46975445531554433,0.16122275101266126,-0.1919700106924148,12.63139915,69.81752014,0.1119427377574892,0.0195930411129989,0.0195930411129989,4.0,0.020564134820948744,0.03768871503949701,0.12676279527235024,-0.04124850222505161,0.15389776415672876,-0.028763359612066518,0.11297157372427305,-0.0079235817832073,0.08862632906078985,0.0030506179377274983,-0.05080346152017659,0.019239063863232167,-0.13264534239794062,0.04415794481452528,-0.05621152001781819,-0.20466301042346677,0.09231875401252454,-0.1545272934824408,29.35029793,68.94444275,0.6991969122162264,0.0158517125537957,0.0158517125537957,6.0,0.02644519840339378,0.08930796810284264,-0.008183399306201256,0.14170943571566164,-0.053067150932966996,0.1062007959133202,0.049518765342086955,0.047665473878647856,0.05904216722941808,-0.008091434936758086,-0.05238125947259355,0.02437485362453381,-0.1360163438953146,0.06926371587850927,-0.11744314022596129,-0.03404365637515967,0.01040198447080913,-0.0704839143728164,40.88459015,68.58546448,1.249856506941438,0.0040967066832651,0.0040967066832651,8.0,0.0239176293540697,0.058131381767696874,-0.027845658207513876,0.09714469809042661,-0.008306952665996105,0.09174224198663841,0.045390231511161554,0.07033207800312809,0.03337806257629192,-0.025431505454269303,-0.06574967049253137,0.05497833438939459,-0.17354460132651398,0.15402514185255553,-0.216113054321128,0.10751140325918898,-0.0586562324055729,0.01658580927314962,49.44328308,68.802948,1.7994622400459248,-0.0012107218330925,-0.0012107218330925,10.0,0.007976247144699897,0.05967411751632356,-0.005245221047371196,0.07813248736091213,0.004673838381461108,0.04932302355529714,0.03687712133104907,0.06231419394689538,0.04091787152188732,-0.010466210383314693,-0.09696816301186072,0.0726986404324853,-0.18171334554164542,0.16129258422926235,-0.2034262248965904,0.09370526077914683,-0.018330888721759718,-0.0025007254101452447,55.02288818,69.77344513,2.0970139658649694,-0.0035392911723241,-0.0035392911723241,14.18,0.032168039226983594,0.05197638365013301,0.003193334208537112,0.08983350487404118,-0.011137569593424329,0.07545137052003835,0.04136337457737047,0.07148386631495748,0.0343102115689516,-0.0034902582838971102,-0.04685864975951792,0.0372062746293094,-0.18286326672212927,0.12459148562722998,-0.2120768001653153,0.09758412348939881,-0.015168650114233134,0.013845797589218794,66.73245239,71.73248291,2.8776578698013133,-0.0165246909332865,-0.0165246909332865
21424,1108027.0,126,0.0,0.01745089988705453,0.041790488172290856,0.06616702208647765,0.10261035601540124,-0.04490042948996773,0.13645108281979265,0.0016589698899923686,0.002682971665306462,0.08534586586279268,-0.0018060102924714982,-0.10140828199875854,0.043320050818045484,-0.10902109178952805,-0.041114193359747676,0.08553507485469586,-0.27848386870045905,0.04360023931183355,-0.1489805332390648,-6.529823082e-08,71.95600128,-0.08488689024786078,0.0158907132653601,0.0158907132653601,2.0,0.025365177671570968,-0.005631271108655427,0.21471709906675504,-0.05500785398298212,0.08693030362523561,0.08384266189456825,0.015455621341254337,0.029456990752812863,0.09117547583020709,0.01620145501712947,0.011389456963133631,-0.1570761908518705,0.12037742909505833,-0.2838061380855445,0.27250001740393187,-0.4545146719606292,0.1308636406800245,-0.16531040665673696,12.63139915,69.81752014,0.017076034260822978,0.0195930411129989,0.0195930411129989,4.0,0.030666462948570207,0.04894641325346018,0.09748768267090464,-0.042168271413074186,0.12045654703410176,-0.03304366303752508,0.11371551457535822,0.02772854634642246,0.05756768502682397,-0.025700174489755784,-0.08022237063762555,0.02034268242035749,-0.15204019656081838,0.034345602877825725,-0.04985817005780668,-0.20732287524307724,0.0730286605118874,-0.15403203416551386,29.35029793,68.94444275,0.6529396309791113,0.0158517125537957,0.0158517125537957,6.0,0.03869034113991659,0.0684813663023018,-0.022233950428672728,0.1367240621488632,-0.06766473217884558,0.10110830457676312,0.03943615305040103,0.05726519296696535,0.03940195666396977,-0.027772290877215347,-0.07701705249031893,0.020298407632874337,-0.1472978776433846,0.07521254016931452,-0.1225893502280277,-0.0033255114928379924,-0.017193828048686403,-0.040964904221132845,40.88459015,68.58546448,1.2666968147746247,0.0040967066832651,0.0040967066832651,8.0,0.010398181205181201,0.07018928823952118,-0.00995327455259648,0.11231517974116426,-0.028652693714916515,0.08203989341870933,0.01651738744377471,0.06283340148713362,0.015433245883063681,0.002171444741478498,-0.09500545205289317,0.0416942435356813,-0.16394423326695376,0.158169517362984,-0.2033771034460149,0.09269895045476062,-0.05013341197855292,0.013151287659008783,49.44328308,68.802948,1.7184212745393155,-0.0012107218330925,-0.0012107218330925,10.0,0.028205094659887006,0.0758264899323044,0.011711771133036595,0.09341983636621005,0.027484185744945364,0.04866557355382877,0.05115308252207889,0.045844823139369995,0.030292078098167516,0.007249275177322961,-0.07228007679988038,0.09020088223814136,-0.21493709916166495,0.17411759365775892,-0.19175589562393455,0.10026767643616015,-0.042734181188693196,0.01146064204312956,55.02288818,69.77344513,2.0602191795317175,-0.0035392911723241,-0.0035392911723241,14.18,0.015396651573006763,0.05870590063371382,-0.004271599970356067,0.09562838636633486,0.0169882828926198,0.04250578220783502,0.03464733195440084,0.09233137714709198,0.017299743440618322,-0.04013718866038775,-0.05132794206497299,0.03980246246925493,-0.1605990515297402,0.16155707925168905,-0.19818160351256597,0.06494312520159817,-0.018372215329807755,0.023015497905008883,66.73245239,71.73248291,2.894001252517014,-0.0165246909332865,-0.0165246909332865
22805,1140011.0,130,0.0,0.023494360110826375,0.057761004953940646,0.047788420867106676,0.1021493150380377,-0.04683376620014369,0.1578824344677692,0.015472166868129356,0.004719960973668162,0.10564962156791151,0.0019646529138363272,-0.08325103934287312,0.030784412743779653,-0.09943191157721433,-0.045334270496027965,0.0801416157915817,-0.27749683095616917,0.03326339160926521,-0.13979821049274282,-6.529823082e-08,71.95600128,-0.20940169142375337,0.0158907132653601,0.0158907132653601,2.0,0.02716669638996235,0.0010165817017555544,0.22009929870288522,-0.0855521425181622,0.07997494883219378,0.07870070526490465,0.009018870363704957,0.04634488726768139,0.0614520581612117,-0.0051489832310852865,0.02123073226590599,-0.15511940012855588,0.10855896785461562,-0.2678086375296947,0.27184271511013447,-0.4545301391075188,0.1436893042546996,-0.1698463749336173,12.63139915,69.81752014,0.036011642415560166,0.0195930411129989,0.0195930411129989,4.0,0.00027544012754109233,0.06764208585840273,0.11882894774159342,-0.04562855378117406,0.1450682444130654,-0.02529748090536029,0.1120801856699605,-0.010329399514711665,0.07377441901650687,-0.01611126429571428,-0.056438665504820795,0.008177343744195441,-0.12312069270272606,0.061248747130019605,-0.05856767732902674,-0.20659608830083578,0.06362051588464145,-0.14954743249144722,29.35029793,68.94444275,0.7259192347068623,0.0158517125537957,0.0158517125537957,6.0,0.0007415878374202427,0.08834759907956985,-0.031041130087977563,0.13724099125295902,-0.05114769078772592,0.09449528398094952,0.05837334942108602,0.06553390470124909,0.0542254022804727,-0.019215883580217724,-0.07615448099402768,0.04445069586588382,-0.15304031404234003,0.07123817440064237,-0.09323144521943838,-0.009909434974374218,-0.005400112772612344,-0.05186128394239624,40.88459015,68.58546448,1.3662230914352755,0.0040967066832651,0.0040967066832651,8.0,0.036059272064338475,0.056871523546604345,-0.002765132206077013,0.1195321602479888,-0.007115833415328112,0.0856182338115288,0.04988503653986327,0.06370563526227162,0.049093985405635185,-0.0010403052194044166,-0.07047439118878022,0.0682778217834593,-0.18104857585135095,0.1426757539840674,-0.18936700359789116,0.08064886939843505,-0.03564685437004911,0.019206613847246277,49.44328308,68.802948,1.670183243143374,-0.0012107218330925,-0.0012107218330925,10.0,0.036124073052318566,0.08268996293823686,-0.009460885301839217,0.07609974657423968,0.0068446127061448985,0.02639324344966398,0.04948950126660366,0.057106890098509715,0.03118867134196721,-0.01824671675997249,-0.10416361311268339,0.07633574478594764,-0.21550919610185232,0.17968984740185287,-0.19321374341655856,0.10503216532338942,-0.04348236206010636,0.02520317054471071,55.02288818,69.77344513,2.085454984262351,-0.0035392911723241,-0.0035392911723241,14.18,0.04132883538313585,0.07491122993026629,0.007217160479182912,0.10008730671809614,0.005819416449304231,0.07158538539746917,0.032014472679446515,0.09423925423508046,0.027558897563492377,-0.0050803119735417755,-0.08511823145767512,0.061308149320579146,-0.1633751413120859,0.13070907980635302,-0.2123301838010791,0.06439958940527299,-0.01531180304451686,0.0105071749558987,66.73245239,71.73248291,2.8853877817778604,-0.0165246909332865,-0.0165246909332865
23296,1117108.0,135,0.0,0.05028864092738028,0.056201091845806475,0.07044533620638038,0.08713451437324522,-0.05834928599146206,0.16250220036009833,0.020856051001907242,0.0017799619851544962,0.10287402783089253,0.010745527065387228,-0.11365699173835869,0.024509511373654837,-0.12024073874115118,-0.02434002890793111,0.08578494079086778,-0.25179359912367405,0.03917895194155453,-0.15143013592536306,-6.529823082e-08,71.95600128,-0.22826465130437085,0.0158907132653601,0.0158907132653601,2.0,0.018129701764061992,-0.011966960213520502,0.2202199708207175,-0.06949218339812291,0.061241898669492534,0.0684182852372414,0.013878717341402926,0.043576881034371774,0.08824410439520962,-0.000511946637950384,0.017370335456201424,-0.16818918070719086,0.12719319621367342,-0.2852273998508322,0.24795702027775324,-0.45435425080664293,0.15809308093559532,-0.1711725623434026,12.63139915,69.81752014,0.1489227649062949,0.0195930411129989,0.0195930411129989,4.0,0.035675487768950145,0.06792031415710553,0.12104206049476197,-0.06083594405908697,0.14090004631928316,-0.03901413748883976,0.0942470803314821,0.004046990452996346,0.08320155786505296,-0.007590562589768985,-0.047255962087583,0.024577932454065636,-0.15987165726301358,0.06595061981766245,-0.05819531163095805,-0.21673605428915074,0.08120854450536094,-0.1557072712014802,29.35029793,68.94444275,0.7763844245418009,0.0158517125537957,0.0158517125537957,6.0,0.016854191312404187,0.09660371522135466,-0.019878200392650022,0.12222951376464544,-0.06283775533934591,0.1037661807002051,0.04482971863205275,0.050053763394455816,0.0669941107000473,0.0033836253368710097,-0.06074495722120608,0.04459687460865226,-0.11645964576071859,0.0866416796101569,-0.12265876608261342,-0.010337501807657887,-0.013942216897406799,-0.03441857480424618,40.88459015,68.58546448,1.4189399556763,0.0040967066832651,0.0040967066832651,8.0,0.02213749676785411,0.0663612640468115,-0.013041761988856962,0.12677194654562277,-0.02211308467522744,0.05558713730996101,0.04199843194168152,0.08131536702556072,0.025988606389904693,-0.012601462045486187,-0.07383897135685935,0.034408273664006825,-0.1740904911389979,0.15386653033596856,-0.18481404734084528,0.10002598569251435,-0.04427624478627497,0.01910952338425869,49.44328308,68.802948,1.7157936143429149,-0.0012107218330925,-0.0012107218330925,10.0,0.04451989951247849,0.06654547682650513,0.00310065259166878,0.08744977319321214,0.0024675912387014456,0.03689195327004262,0.037869653037397574,0.07115365933499805,0.029764894848950067,0.004351125597263311,-0.08564248912944779,0.058306792113785,-0.21637124953026401,0.1762811677085119,-0.19076678213942394,0.10315178492769744,-0.05438617243126162,-0.004179246097574561,55.02288818,69.77344513,2.08796077569763,-0.0035392911723241,-0.0035392911723241,14.18,0.02754869173491722,0.04405807847435766,-0.02507360921627233,0.10122603944284472,0.009589074802684927,0.04393645935206526,0.021132801722444423,0.07131061817648328,0.031830943766179,-0.031117943876057104,-0.05531589691995922,0.06359558374002357,-0.16712479107079176,0.14144590691104428,-0.20154419323143197,0.08296646187398872,-0.020748372272236932,0.019734530859877364,66.73245239,71.73248291,2.865396241972781,-0.0165246909332865,-0.0165246909332865
23323,1117461.0,135,0.0,0.01445003526107861,0.045075166316440464,0.05225826485950229,0.09437385483965867,-0.045286471688331546,0.14413451111323036,0.016383115304963367,0.028321504808139143,0.10583345579496378,-0.004387364992303664,-0.10309647191471966,0.03801528386064034,-0.10722978753470931,-0.04535886338214295,0.057639238395130424,-0.28148897813469914,0.05234588676789461,-0.15457513553305705,-6.529823082e-08,71.95600128,-0.1347749627456412,0.0158907132653601,0.0158907132653601,2.0,0.016932323767942677,-0.020216026319335056,0.20556227176487873,-0.06391942850746217,0.07892305473333218,0.07678357156542878,0.00518888550291847,0.04445003289785256,0.0682790932730689,-0.020304014608859135,-0.004247437752312826,-0.14244905650718798,0.11969124965778463,-0.2750099944885558,0.2666685962289216,-0.46655841965723693,0.12981439376882822,-0.1623503795174781,12.63139915,69.81752014,0.08202271206387263,0.0195930411129989,0.0195930411129989,4.0,0.0141482414485224,0.054382191848603816,0.12313220808413301,-0.042282227595181056,0.1465896868002451,-0.03774875259619038,0.09579672539003863,-0.008161970401610926,0.05733874934630266,-0.013267499841401194,-0.04586971762601762,0.010150727248258187,-0.1578535059389778,0.05985428890295712,-0.0408128463520467,-0.20054872385915712,0.056899469329409105,-0.1471813937966404,29.35029793,68.94444275,0.695441126500312,0.0158517125537957,0.0158517125537957,6.0,0.004487170709350778,0.08256206620737092,-0.01680322144936767,0.14486772068926834,-0.048955140425162545,0.11171121213957452,0.053603430356077196,0.042137256659615256,0.035394305515681866,-0.02950120284613081,-0.08684046129516093,0.05181750338903532,-0.1482384439559474,0.07285094116930561,-0.12022150631539559,-0.008594477846001472,0.0108553894995423,-0.03825627463697275,40.88459015,68.58546448,1.3413567119584147,0.0040967066832651,0.0040967066832651,8.0,0.044217580146408184,0.07674654092546174,-0.005099266459054775,0.0913871721291833,-0.018997053245344217,0.05982511386708286,0.04130347302451549,0.09108462981692532,0.040424768937422334,-0.011713501659507863,-0.07649782605393725,0.06321521853236932,-0.16175360697170915,0.16314750977225212,-0.211035679470997,0.08901299152723319,-0.06060364135495869,0.013235842645218154,49.44328308,68.802948,1.6452353484323528,-0.0012107218330925,-0.0012107218330925,10.0,0.038732395737044525,0.05522278263355378,0.013012542588530542,0.07135185801384014,0.013857799359109177,0.05474798541026081,0.037142002290590885,0.04279030778416996,0.017678563085150208,-0.024867805304679053,-0.10284256844603429,0.0915742195904461,-0.20269807155666872,0.17950021112725417,-0.21009168822396818,0.09209548413643857,-0.04129252846578977,-0.0011560065424184914,55.02288818,69.77344513,2.0225592764617675,-0.0035392911723241,-0.0035392911723241,14.18,0.03728170503248397,0.050975078188904274,-0.012950413466588248,0.11119130667310201,-0.0047129692707187825,0.06849398858473338,0.04169118098428756,0.07493236804618687,0.019765815434625206,-0.026468853524980906,-0.05944701908055694,0.055971173243189884,-0.16065218448947094,0.142668244563896,-0.19251572076095452,0.0642601052271003,-0.03278658608079106,0.018094306531720672,66.73245239,71.73248291,2.87073765285215,-0.0165246909332865,-0.0165246909332865
23376,1141183.0,140,0.0,0.03198387095847053,0.05961288259888305,0.08419650507522863,0.08700049965460768,-0.049278715966769526,0.1621928681043341,0.017026750514838717,0.0034325610893419616,0.11245325259830301,-0.01571894208418402,-0.09340441535747496,0.030210509209060342,-0.1204930341814581,-0.03617383227791807,0.05739995958180756,-0.25935936475317983,0.058460046295394634,-0.1568539990264606,-6.529823082e-08,71.95600128,-0.2157770490313617,0.0158907132653601,0.0158907132653601,2.0,0.02412532313903616,0.0004296628065857222,0.21462841635796326,-0.06021505819079154,0.0861617532468558,0.09239183983691532,0.009199629079289829,0.026673267899571924,0.08202797079457708,3.061214128624633e-05,0.0028986519885192503,-0.14572336069337805,0.12642978941369662,-0.27853879851514457,0.2658455767737413,-0.4450778043420927,0.13295622516007774,-0.1617638992585379,12.63139915,69.81752014,0.05783098037713792,0.0195930411129989,0.0195930411129989,4.0,0.035263998470150285,0.043788055911840165,0.1276055015845376,-0.031795875739451515,0.1316955732915323,-0.05055587882701912,0.10738510778226079,0.028965562063195605,0.09392152275647195,-0.025798463961790565,-0.05866500433708673,0.020384253193986693,-0.13380293001125868,0.05390213364275963,-0.056938304610397776,-0.21125327593531276,0.07483084964447492,-0.15183979639808395,29.35029793,68.94444275,0.6262094293752677,0.0158517125537957,0.0158517125537957,6.0,0.031365523555410973,0.07665072767098452,-0.02292476962204875,0.1544274321729828,-0.07080215254955655,0.08305667099721237,0.049371454306404994,0.06657362677146264,0.05466536775014147,0.0076351959763548225,-0.06994194655259733,0.019320298266344016,-0.13906284200580435,0.07183843350687585,-0.09400682313721345,-0.026519528450942527,-0.005519480483975296,-0.058932609781689786,40.88459015,68.58546448,1.4220178279885096,0.0040967066832651,0.0040967066832651,8.0,0.022278372685838405,0.08704355093721233,-0.03109943668333541,0.10181546825631703,-0.026520210344201912,0.06346165848136648,0.04786113172346057,0.06300250748104584,0.011371353723443813,-0.006432640451234279,-0.06041396561044458,0.058548236501038825,-0.17289669499951302,0.13737348303795546,-0.2177459049329636,0.11670655702509229,-0.05322128486204176,0.00913277412592376,49.44328308,68.802948,1.7718197032918421,-0.0012107218330925,-0.0012107218330925,10.0,0.03214265919885873,0.048119051592658585,-0.0040567418058270865,0.08935269479289185,0.02548920924163504,0.02788339530627692,0.04988726323458397,0.05855959743811193,0.013843752545485593,-0.0007427778375472174,-0.07744191955706664,0.07720584221934809,-0.21825266102694277,0.18030498832646638,-0.21314183599898714,0.07917780965031085,-0.04124308019025543,0.00890162600434401,55.02288818,69.77344513,2.1559037535771974,-0.0035392911723241,-0.0035392911723241,14.18,0.026361525209092684,0.0759236403265566,-0.010103635607709919,0.11034044722006255,-0.018818436498496675,0.04595922279887239,0.033793621519219004,0.061365772339120966,0.02988375101805022,-0.03676468880236105,-0.08533602942848319,0.0604947334716346,-0.17856859231238187,0.12356515873320228,-0.17778659994601434,0.08333949679296021,-0.009001826473910993,0.012212412174364674,66.73245239,71.73248291,2.9444106193444615,-0.0165246909332865,-0.0165246909332865
23810,1121952.0,130,0.0,0.027017607516485055,0.040849865393046345,0.05317624432705029,0.09511988914945724,-0.06974129097668764,0.15402455678911703,0.01828623485503665,0.0009326582230266434,0.08891732357116384,-0.01644076345172464,-0.08706863239958731,0.044246249049122464,-0.129232765846559,-0.03637540283629176,0.08148812763671062,-0.27056985055815225,0.05876522111102488,-0.13260528036499167,-6.529823082e-08,71.95600128,-0.14595314155999467,0.0158907132653601,0.0158907132653601,2.0,0.024769563021983493,-0.015123811769409357,0.21721567149985427,-0.05498977542688394,0.08226797963454771,0.08723316694551855,0.014185066474389746,0.02898226993858803,0.07356201895831899,0.004853589796687772,0.0011568043348129595,-0.15895414340712508,0.1362796513388905,-0.2771877964786571,0.24097516314486173,-0.458252159958414,0.15466791139668662,-0.17097197051973428,12.63139915,69.81752014,0.07744899611916226,0.0195930411129989,0.0195930411129989,4.0,0.0013997461703563786,0.047327561935439674,0.11585818027149546,-0.04771215357472012,0.14454867476646494,-0.03756558149179555,0.08187960501337616,-0.010960566677578016,0.06151831227267009,-0.0031642880373284775,-0.07570516562462876,0.034713202900258186,-0.14801971748378612,0.058753610901838796,-0.040866977855248655,-0.22561047629522457,0.07605619309040416,-0.15603114960125186,29.35029793,68.94444275,0.6311307850211524,0.0158517125537957,0.0158517125537957,6.0,0.019235728999781043,0.0697466573808368,-0.010231465577517428,0.14284870451248885,-0.061500418276205185,0.10319262276662382,0.02380953478369511,0.0629711439247256,0.07004577650519374,0.0049627749553859315,-0.07942417714602283,0.030597838343231994,-0.12196525279221758,0.0816481810217547,-0.11820623959281772,-0.01793277294228022,-0.007298071033127102,-0.062415188262269786,40.88459015,68.58546448,1.3813290684640942,0.0040967066832651,0.0040967066832651,8.0,0.019222780959952213,0.08654703992444905,-0.019427674299449145,0.10286909391380605,-0.02449609161913793,0.08337060706493354,0.050934938323652576,0.08852566422461641,0.027095878056092364,-0.016792907924483104,-0.06280659765520195,0.03601611697773299,-0.18549251832148828,0.1626374003824279,-0.19270212302213618,0.11643113291328255,-0.044123391194537946,-0.0024943834828968347,49.44328308,68.802948,1.7601545703314654,-0.0012107218330925,-0.0012107218330925,10.0,0.026311132383363318,0.061992107105776066,0.011187396134508329,0.08621574120661422,0.019796681096675785,0.047933037519673885,0.03700477612104428,0.07019625983084647,0.04241606142727385,-0.021166901117383667,-0.07623002687071719,0.06511119335164318,-0.1874953958056456,0.15461545525113363,-0.2120968183082495,0.08432004599294755,-0.025200195855594867,0.0068041661877645656,55.02288818,69.77344513,2.0894676218291584,-0.0035392911723241,-0.0035392911723241,14.18,0.007349105491365221,0.0559096392516755,-0.014739470764901773,0.10892134142604655,-0.007506038860056836,0.07166399972917836,0.0403517534595474,0.05526981456852624,0.005422264180422187,-0.007983791167115298,-0.05753275070447733,0.02935400029678395,-0.16909882521978847,0.14929762031926247,-0.19650796082803768,0.08806528465078298,-0.028628871646811133,0.005942448703307682,66.73245239,71.73248291,2.8257473226496796,-0.0165246909332865,-0.0165246909332865
24282,1107609.0,120,0.0,0.016856054925133906,0.04740948606368779,0.06292613285328644,0.0936102494472954,-0.0648494812165889,0.16216704142829796,0.01567001447753047,0.021525784217454654,0.08344422864705514,-0.005390039159005839,-0.10256224871211675,0.03684728802780509,-0.10934076586842625,-0.04311126363986577,0.05823368808140926,-0.28377324100336515,0.061486985928802085,-0.13550680321838648,-6.529823082e-08,71.95600128,-0.21725542997013172,0.0158907132653601,0.0158907132653601,2.0,0.025141247425226415,-0.007492747037076924,0.2117118393293414,-0.08901653955509513,0.06745270201217728,0.08875210434593078,0.015001630389558767,0.028798075437822014,0.09303408980119451,-0.014438797749801899,0.02644317935879718,-0.1592301809048816,0.12074333017914556,-0.25397325639742896,0.2746790095615849,-0.45353745968588244,0.12743831302880088,-0.19724847565979436,12.63139915,69.81752014,0.0548751368230787,0.0195930411129989,0.0195930411129989,4.0,0.031207439931033087,0.06640324456597245,0.09906880081552534,-0.06009270194985564,0.11834664885551724,-0.02951882261864318,0.09091649646816147,-0.009566147206483085,0.07173313397013886,-7.539743807287967e-05,-0.05384500740274428,0.025905651270517374,-0.12448056944822089,0.05523593005840664,-0.038485249482051696,-0.22830000362846037,0.09252421544425374,-0.13598917349873488,29.35029793,68.94444275,0.7244948789866597,0.0158517125537957,0.0158517125537957,6.0,0.012049605282557583,0.07632237923933995,-0.031751148298842985,0.14465609348061653,-0.046761591949163066,0.08672426756129117,0.055457292188478356,0.04474611939510892,0.04034748670606065,0.0010581412902557364,-0.060494420953395196,0.04424630238589278,-0.13897616845161948,0.06891540215518968,-0.11618972471089788,-0.03568088857750543,-0.028007105811125615,-0.03758219492516704,40.88459015,68.58546448,1.3440602743769503,0.0040967066832651,0.0040967066832651,8.0,0.025736996123413784,0.07657464677660128,-0.029795793644588515,0.09451795917332344,-0.01820767689634812,0.06189789179855259,0.019605408757156356,0.0736401541038573,0.019086921834215658,-0.00935788249892841,-0.09550626372137955,0.06790936225016064,-0.17323597629077225,0.1359714771962647,-0.20482879641616153,0.1084878617367892,-0.0527075753158714,0.024256287102762647,49.44328308,68.802948,1.8378087164879888,-0.0012107218330925,-0.0012107218330925,10.0,0.02970072219401339,0.06408257730778373,-0.02007078823596825,0.09435091381701664,0.011342143413624781,0.018698851946526096,0.07017257964948828,0.051564083830460634,0.03996314346001949,-0.007585601003867535,-0.08591259694754311,0.08069943960522236,-0.21905039609962124,0.1737216228162937,-0.19021631414825677,0.08637503500895503,-0.04443450170247592,0.026617545861045967,55.02288818,69.77344513,2.1271107287519775,-0.0035392911723241,-0.0035392911723241,14.18,0.026453220106771598,0.05944709662537956,-0.017569267560929726,0.09661037819046372,-0.016347673007435833,0.08033293288074424,0.038760961614690045,0.05601162199635504,0.03033001529361371,-0.039238679076096496,-0.08462032477147949,0.0592083041644227,-0.18987186809347084,0.1234401130035589,-0.20865182925807257,0.09353033997947394,-0.013744344408963539,0.037084108745023395,66.73245239,71.73248291,2.8953904909034116,-0.0165246909332865,-0.0165246909332865
24389,1110540.0,120,0.0,0.03283265615350509,0.06906886107528393,0.0853751937888693,0.09506645124369925,-0.0808666216949319,0.148867117987869,-0.006572989284179056,0.012340338201847687,0.11061572281466736,-0.021739285812126974,-0.10369508387103041,0.042951133033820525,-0.11203960571633058,-0.03875474483856776,0.06417477782174776,-0.28947471435784233,0.06493954269157803,-0.14791877536626913,-6.529823082e-08,71.95600128,-0.16636805503933288,0.0158907132653601,0.0158907132653601,2.0,0.024997634173435715,0.0006326229055221464,0.20838174197845802,-0.08532974165202231,0.07024577026706225,0.08517609211120092,0.013392770391208878,0.02594420022742292,0.06425074754751925,-0.01747881114467105,-0.008184698468480418,-0.13850079025736034,0.1390176072654984,-0.2840077606657035,0.25729261543474297,-0.4656159800833759,0.15120239649071954,-0.16809291564502604,12.63139915,69.81752014,0.025709298655726978,0.0195930411129989,0.0195930411129989,4.0,0.03052066963304097,0.06909592616922458,0.09922367936840072,-0.04431648642781642,0.15345071449297887,-0.023054973820313678,0.10493331500376293,-0.00027195763449537266,0.06507217180075683,-0.008611541426964726,-0.04869627929352416,0.03260441772326489,-0.127350762873605,0.05705903227147583,-0.03240154596489885,-0.21350106002974692,0.08962080512140343,-0.14559512558504537,29.35029793,68.94444275,0.6448550712876623,0.0158517125537957,0.0158517125537957,6.0,0.014741876823920464,0.07787012719199787,-0.023887446290761408,0.1358223626752744,-0.04082616325718132,0.0853473330919131,0.06065212357217666,0.04607593174439829,0.037712921459361434,-0.0027155778912536666,-0.0608852239958162,0.03828586545714504,-0.12238922283593115,0.0874526667078111,-0.11744862938023301,-0.0266326687427023,-0.007915804142315441,-0.037239539742323836,40.88459015,68.58546448,1.2522426553112074,0.0040967066832651,0.0040967066832651,8.0,0.01467516411877376,0.08025903084320815,-0.0235329571164355,0.10959306979967547,-0.010692754700520314,0.05684832194555095,0.042313151732208946,0.09599313805441298,0.019554708056551268,-0.02570633071262282,-0.08779787497303639,0.03427780559597731,-0.17851190625120017,0.15946227318946518,-0.1978493085923324,0.1025936203331148,-0.036415173950716806,0.02048408387445817,49.44328308,68.802948,1.7391082073662285,-0.0012107218330925,-0.0012107218330925,10.0,0.008984768777096183,0.07293012680890758,-0.008728741805549532,0.07148413561015558,-0.0015896100785313758,0.05137591431737229,0.0538831143233991,0.07518366371766864,0.03669598731912682,0.006946818356091317,-0.09341728680256485,0.087524887580534,-0.18792142268805995,0.16728776652774155,-0.19793000154910637,0.08393814886693014,-0.053511683248258786,0.029013656720184612,55.02288818,69.77344513,2.154157018951533,-0.0035392911723241,-0.0035392911723241,14.18,0.041508740548930806,0.0663605740788838,-0.011800861776229674,0.09153414276959074,0.0015144162162300503,0.0732614110905023,0.04820631094277528,0.08063980354908148,0.036495623507929176,-0.019223664979462693,-0.07910854389229209,0.049054943167555244,-0.1849079282904012,0.15584394502793633,-0.21107056511637304,0.09572253215567889,-0.02329811070400374,0.014640426503946914,66.73245239,71.73248291,2.8786294467552938,-0.0165246909332865,-0.0165246909332865
24461,1115458.0,120,0.0,0.03160597052715419,0.06582899060686778,0.08278361509381925,0.07435956429327416,-0.048909603883578526,0.13462643560142076,0.020478769892220604,0.017942858232986084,0.0861204337508161,-0.014142601019698402,-0.10891788650756845,0.04284190243589933,-0.1273399295416051,-0.04755227598052718,0.08357891182439806,-0.2584984052773863,0.03937646161532483,-0.13698878010687668,-6.529823082e-08,71.95600128,-0.18058773779081513,0.0158907132653601,0.0158907132653601,2.0,0.01443930032489092,-0.00765201674573135,0.1900736466922179,-0.055796742852202694,0.0827536378022119,0.0682439387555347,-1.2900895672205174e-05,0.05072213767088884,0.06170810034163598,-0.015284630324394073,0.006644411232054566,-0.1468037729935568,0.11127277936217228,-0.28192808153469096,0.27233793877233364,-0.4459623627402855,0.13134046791135895,-0.19351191209926896,12.63139915,69.81752014,0.05301843448140031,0.0195930411129989,0.0195930411129989,4.0,0.004689827106495629,0.03647474138623007,0.10606391486429759,-0.046248071846892766,0.1541788225147265,-0.05189723597210577,0.07759143500139505,0.02792604808530418,0.06815787804468172,0.001833082084211719,-0.05087004948221341,0.0332493572023676,-0.13048764632388316,0.04924519039094988,-0.03713516983314366,-0.22536435294140392,0.06489695293865815,-0.15331472615915273,29.35029793,68.94444275,0.605035331394424,0.0158517125537957,0.0158517125537957,6.0,0.027001897252241502,0.0701733668425252,-0.019493343916059936,0.14936732300210628,-0.04257109098143637,0.11155479993087263,0.060888372779444644,0.06198018719970288,0.04104956800516403,-0.021654363489294445,-0.06611038743805925,0.05460110290658428,-0.14204222464735622,0.07159712101410717,-0.11291227563214792,-0.03473479642598951,-0.025339038461783942,-0.03911310546198663,40.88459015,68.58546448,1.2896621545922806,0.0040967066832651,0.0040967066832651,8.0,0.014708917114567559,0.08081370701420701,-0.005346959884900569,0.12434369190520002,-0.0077216190963579545,0.07950284273845101,0.036316886923697625,0.07119579069966113,0.04901405083362301,-0.02154974641150271,-0.07633229635346594,0.03527676090794899,-0.17158419436907626,0.15296594804915659,-0.19106877532078947,0.07724906467256362,-0.037831298238575915,0.005359651593793369,49.44328308,68.802948,1.7734691373218359,-0.0012107218330925,-0.0012107218330925,10.0,0.012471718995426628,0.08261143801883312,-0.014732160676775657,0.10178573340837879,-0.007089195245483982,0.01814099323089239,0.05361312341504082,0.0658529822860946,0.020072779393991255,-0.0153105381715067,-0.09109119650357696,0.05803974626039142,-0.18674511075003838,0.1704607313271998,-0.2138327087483131,0.07818718944606956,-0.03685678739908181,-0.002977680871592744,55.02288818,69.77344513,2.1118273870311555,-0.0035392911723241,-0.0035392911723241,14.18,0.02365525102381027,0.060603705934062016,0.0028193758071605613,0.11678110551180551,-0.004898887146352109,0.04251390605668721,0.051565920644633355,0.07795306493364618,0.0338209386840199,-0.02091185951647752,-0.06921844949576479,0.05410444608369694,-0.18164544255069115,0.1264174030432861,-0.19245156685254258,0.08866265226622287,0.00039209710191961955,0.014361192946311456,66.73245239,71.73248291,2.866355280601499,-0.0165246909332865,-0.0165246909332865
24771,1375296.0,120,0.0,0.03146826431305446,0.05340434621653273,0.07824239389193367,0.06868116773776929,-0.07261583951702574,0.16502888934172422,0.011847808467063521,-0.0015835318087468638,0.08503907326863366,-0.011515222285405372,-0.08377173489673242,0.0292663702733581,-0.1189498287930284,-0.045739451145812106,0.0619448509212073,-0.28386085207568273,0.039055581239515205,-0.1397278206507431,-6.529823082e-08,71.95600128,-0.23123307092121576,0.0158907132653601,0.0158907132653601,2.0,0.026418249910538746,-0.014850082957219733,0.20578860397048965,-0.05907864777204326,0.05545099893351599,0.0785698091106871,0.0009604771270645987,0.03931340479261031,0.07123150604805545,0.0032619147789563945,0.00033794863802640365,-0.14462509349877237,0.12717353849087676,-0.2634187756983726,0.23903349228309537,-0.4494182203340526,0.1255079529817282,-0.1946547510069515,12.63139915,69.81752014,0.03498283256838426,0.0195930411129989,0.0195930411129989,4.0,0.020775665790594776,0.05976358812078976,0.09393428480054508,-0.038732483622414195,0.14285420434788432,-0.032419349136169784,0.09113855113315547,0.0006034096498699921,0.0759762437059961,0.0006382066051024114,-0.07517497793268388,0.028136604141761154,-0.13825325429437774,0.03902956720250848,-0.0629041655931422,-0.2298168897144777,0.0908229969220806,-0.1328302186688965,29.35029793,68.94444275,0.6441861001035498,0.0158517125537957,0.0158517125537957,6.0,0.024833184334548536,0.05894072725135567,-0.042597496488082864,0.12863403223411932,-0.054881335618069,0.07946432740188568,0.05899964202760649,0.04310844522006934,0.05319299350124048,-0.02756845568469122,-0.05238160277416254,0.04481166469394707,-0.14995205195971645,0.07869445542493447,-0.11580921531660818,-0.0405444558524649,0.008228007107313615,-0.041498044989656833,40.88459015,68.58546448,1.2514856381270982,0.0040967066832651,0.0040967066832651,8.0,0.029656420209910925,0.058528127112425485,-0.0029011377598803702,0.1253922016342962,-0.023303810624133503,0.08057386220385322,0.034760897374881874,0.09423229955537299,0.03875511434506277,-0.027426949037809054,-0.07558280917929713,0.03872030127847052,-0.18229948727679832,0.13745157319471457,-0.19224804468231202,0.1068114870145317,-0.06600033578771675,-0.008529930055513453,49.44328308,68.802948,1.79076644807503,-0.0012107218330925,-0.0012107218330925,10.0,0.04076578828187316,0.04676832566063348,-0.018586238921917297,0.09925799693842072,0.010531975236786223,0.028766381773735444,0.058048666031100836,0.041181800525707773,0.02228852499428401,0.002776555676361297,-0.07155500142628364,0.053546950552303005,-0.21016806559627882,0.17097326960027992,-0.21205652879527645,0.10261266186193785,-0.0435900885103314,0.006644426706468686,55.02288818,69.77344513,2.129993498597324,-0.0035392911723241,-0.0035392911723241,14.18,0.011141944317191567,0.07937934205160706,-0.016717720645279332,0.1184192473272088,0.011718891221939679,0.05870164290441113,0.02686066431123802,0.06943453158526704,0.01587992960456281,-0.0295393967793178,-0.050386370693795396,0.056334761568932724,-0.16154760553675462,0.14393049965636542,-0.17355216759422332,0.0628394580497077,-0.014271063086840965,0.02332050025579104,66.73245239,71.73248291,2.8280790212649567,-0.0165246909332865,-0.0165246909332865
25138,1109126.0,135,0.0,0.026402353840340544,0.06323584002218903,0.08391674875571375,0.06859712062576502,-0.04794872549788787,0.1572644476440305,0.016652541095816466,0.023452882025149953,0.1175750921115031,-0.006696757441866298,-0.07982604718265704,0.04815575601297235,-0.12650402593297788,-0.02882020430560896,0.05458158775762561,-0.2724966153247139,0.043513703049145515,-0.1561565175906129,-6.529823082e-08,71.95600128,-0.11207364703347747,0.0158907132653601,0.0158907132653601,2.0,0.017271793884060156,0.00847905537988305,0.2070675997844534,-0.06964953452955405,0.08460886077255733,0.07068264140395912,0.013405312330930683,0.03939395551266283,0.06412379394400777,-0.021288048562837694,0.02164844626658944,-0.15977319807812898,0.1222950655810357,-0.2567264009964982,0.25284102906439754,-0.45203908233011547,0.14068856112090053,-0.1702440743048093,12.63139915,69.81752014,0.06496610389119238,0.0195930411129989,0.0195930411129989,4.0,0.02981342955697252,0.03777038348378936,0.12633708689616296,-0.055741261792273164,0.12372907850511382,-0.0277869080937068,0.08048505401998392,0.020470165939335067,0.07240234955606824,0.0024515072837692723,-0.046428220792333094,0.025792651792910577,-0.14634888579461933,0.028796177205897684,-0.05692154766935243,-0.1994238494114781,0.07098423810707871,-0.15829034912326773,29.35029793,68.94444275,0.6651821467284931,0.0158517125537957,0.0158517125537957,6.0,0.027312670514495426,0.08130733037840193,-0.023070366143600498,0.15379220245667105,-0.03982793959704356,0.10531359429896714,0.02544529356303192,0.053924938639705766,0.044924169333331265,0.0037166150995885,-0.05779604878148799,0.037955032872749934,-0.13409175578581395,0.08062976030978772,-0.11335871840408546,-0.04072270808334257,-0.012244897925550762,-0.050655285082547075,40.88459015,68.58546448,1.3429538670804895,0.0040967066832651,0.0040967066832651,8.0,0.02484706796085,0.08597300046789455,-0.0033877654373055174,0.11276588125338893,-0.01322581421013224,0.07640175163518578,0.04479866259958662,0.06566535867324211,0.014109074549838292,0.005894370253944254,-0.0815845180371714,0.050030265183039435,-0.1896822042763436,0.15000790018549187,-0.20560657108920327,0.11272944497186112,-0.030831659919239852,-0.005045775826076328,49.44328308,68.802948,1.6649177650606561,-0.0012107218330925,-0.0012107218330925,10.0,0.01856983520445013,0.04309550450845975,-0.011610413059532,0.07494483155071702,-0.007052301196800665,0.04121437231707521,0.061793436987835855,0.05608922187265896,0.027112928228353327,0.011252227042517885,-0.07711117390994096,0.07680980849465421,-0.21553193119571148,0.16548759406488872,-0.1998094056208786,0.0859282489064452,-0.03720422328183497,-0.007090964346182397,55.02288818,69.77344513,2.0461707140624146,-0.0035392911723241,-0.0035392911723241,14.18,0.03884351299926245,0.0413939208614954,-0.010480334946427023,0.1163829798962442,-0.00849965730165955,0.07045654464688099,0.04991527570478725,0.08022634959573861,0.01736963253359384,-0.01850288402923076,-0.05900527029337489,0.02649354962147963,-0.16484758544244407,0.14421806091096026,-0.20569374375727012,0.0729254204416056,-0.018413848289121723,0.003633802854234161,66.73245239,71.73248291,2.941872127852397,-0.0165246909332865,-0.0165246909332865
25197,1118120.0,125,0.0,0.03489489325471757,0.0607383280573928,0.0559956067902848,0.09921193593258551,-0.05910204116868278,0.1593100991405335,0.02048843181601646,0.014483819903748217,0.09970669636271616,0.006125440999206769,-0.08941182278512633,0.05228575582423647,-0.1248707642571048,-0.04806381930632542,0.047735584064462405,-0.27106903261196896,0.06986366473644375,-0.13618918545115452,-6.529823082e-08,71.95600128,-0.19105107941854949,0.0158907132653601,0.0158907132653601,2.0,0.0008784499314258131,0.01680856363122532,0.19590308461314979,-0.06486826329140072,0.08065575315908081,0.07671266556011266,-0.011045297604452659,0.03252491231933362,0.0720913617278451,-0.016312745838036616,0.008190734201239391,-0.16554493071141915,0.10519787397395228,-0.2707646863072027,0.2694385055126687,-0.44928096935427003,0.13433140912531447,-0.18365562442094624,12.63139915,69.81752014,0.049792490821636615,0.0195930411129989,0.0195930411129989,4.0,0.006671792244438316,0.06527200793792785,0.1269945555312802,-0.035383636645977545,0.13057577751694588,-0.04029880898482113,0.09813303707704706,-0.00474455744824967,0.07687171269467002,-0.005759991536026148,-0.07874537875902345,0.027864466649707587,-0.1433710414699843,0.052401367898781144,-0.05885248568114777,-0.20754648149178323,0.08269169429669504,-0.1407728768463042,29.35029793,68.94444275,0.6164118329298918,0.0158517125537957,0.0158517125537957,6.0,0.01155318265487652,0.09261103997181394,-0.012085684429894375,0.1448680706817348,-0.050425879410788896,0.09015917750043885,0.05527000328556107,0.06553390078252899,0.0411079386841174,-0.026042846129690482,-0.049099120250139294,0.045562322034943245,-0.15182997166156945,0.08498543788661447,-0.09934509426497071,-0.016893333385746633,-0.027813433816348845,-0.047704384889376505,40.88459015,68.58546448,1.3038453531549934,0.0040967066832651,0.0040967066832651,8.0,0.022026836736619933,0.08230351847099394,-0.024232911044833702,0.12390462419091788,-0.02241643381572707,0.06764404295874844,0.03551916171570591,0.09148873299907859,0.02616333142428767,-0.02047247247111501,-0.05832114545995934,0.05509193174084799,-0.16621203174573795,0.13331386660965064,-0.21542792363648786,0.11152410012321011,-0.03884599304412431,0.010988145797802424,49.44328308,68.802948,1.7975928320817947,-0.0012107218330925,-0.0012107218330925,10.0,0.03822980946838345,0.07579817274166091,-0.00920416684347155,0.09767935915777014,0.008875578408575275,0.034411203311780034,0.07110899731492927,0.07279520639201899,0.015898223118678695,-0.024270303901845234,-0.09959103847104336,0.0760474148494667,-0.2084778738887319,0.17370585027647364,-0.21026812383474042,0.08213873104167135,-0.029246672227141154,0.000665137204521684,55.02288818,69.77344513,1.9979245676459896,-0.0035392911723241,-0.0035392911723241,14.18,0.0363634975792003,0.06082499856882114,0.0017453640720762383,0.10183772732830979,-0.016998165294274656,0.05054563267575829,0.019883546500209452,0.08814508024548633,0.036888693944441595,-0.009011651172932676,-0.05983420753534424,0.05535779180945155,-0.18146110134819046,0.12410653655001228,-0.17994908445744484,0.06752895389600558,-0.020646277887752966,0.0035231080585005764,66.73245239,71.73248291,2.939143691003849,-0.0165246909332865,-0.0165246909332865
25830,1106428.0,162,0.0,0.012066702842005863,0.05829637922003864,0.0846326589113984,0.08382444516617567,-0.05017954739202249,0.14480204089465779,0.0081659236384357,0.019204903547393536,0.10583204918646688,-0.01385442428476694,-0.08147544654370774,0.04451261549293015,-0.10977821593804168,-0.04810327293172606,0.05250223309534599,-0.2876987907309411,0.04727397446474948,-0.14150700495031604,-6.529823082e-08,71.95600128,-0.04626927013030813,0.0158907132653601,0.0158907132653601,2.0,0.014659085766164408,0.017584073195526323,0.21902578147085192,-0.06387278168053828,0.09074568205357696,0.06957579633276223,0.007071132496409785,0.026942353340879337,0.08047899909551227,-0.013729617468412817,-0.007981489776583438,-0.1579972316136176,0.1251880830250303,-0.27990059376310766,0.25348443041481106,-0.4481328128754985,0.12828554073838722,-0.1816771993047887,12.63139915,69.81752014,0.09724669202318577,0.0195930411129989,0.0195930411129989,4.0,0.03164204835790248,0.05576918742824074,0.11450794115876843,-0.042420353539086034,0.14068167263548245,-0.04037139124317481,0.1114550695597784,0.02524821019623183,0.0939667293679644,-0.0176718446859222,-0.07253622005041119,0.01709385139007833,-0.14229710107513183,0.05357292476719491,-0.040389220590296204,-0.2339936163135271,0.08931586994522389,-0.15786020194020994,29.35029793,68.94444275,0.6252843664224169,0.0158517125537957,0.0158517125537957,6.0,0.03694747747975216,0.0873661134806687,-0.008467043042974277,0.1287768609419415,-0.04037302138839418,0.10305376540115757,0.06071747095490933,0.05106301282935919,0.06793764908946034,-0.017863523656214665,-0.07243482952228693,0.03635794532036673,-0.12820863188910636,0.06169840213402934,-0.0938036639493548,-0.025306211027973903,0.0012700702022436002,-0.06514698762082748,40.88459015,68.58546448,1.3664450009301432,0.0040967066832651,0.0040967066832651,8.0,0.014797619336916352,0.07301643603321989,-0.014601279705550588,0.11812952581037715,-0.010692488647215209,0.08882222671554152,0.02452353132250488,0.0862999424846605,0.04125093253305148,-0.02803144930574762,-0.06607059800110546,0.04643975052891945,-0.17775656578007318,0.14543568057233225,-0.21026548513869486,0.0874029338181434,-0.04168566525202558,0.009648244304065839,49.44328308,68.802948,1.6597393637410849,-0.0012107218330925,-0.0012107218330925,10.0,0.022381647442687107,0.05499664699002318,-0.01357198029721007,0.09439536365559083,-0.0033580236427827124,0.04694318477388523,0.06758642166820929,0.05024420720931443,0.03139793207306505,0.0003095681858904728,-0.08660022126993945,0.055694715638795536,-0.18796670477423302,0.1614900679746602,-0.2046995376471465,0.10770369261809153,-0.023066388126121964,-0.004597951099248586,55.02288818,69.77344513,2.1196554628020365,-0.0035392911723241,-0.0035392911723241,14.18,0.01924725317030215,0.07551250174792663,-0.006752418644374233,0.12017500105384027,0.014609422538348533,0.04932611759338879,0.04407243384025089,0.09008266799411581,0.03278022686888766,-0.006232706392370502,-0.0580622340314578,0.04273314476698469,-0.16599184423047073,0.14222646811829387,-0.20018840756668205,0.08566424779262038,-0.021646789695053938,0.04108194406538354,66.73245239,71.73248291,2.9937280343681265,-0.0165246909332865,-0.0165246909332865
25898,1106375.0,125,0.0,0.05079374243880638,0.06248977771023632,0.05500376719042284,0.09425648741415726,-0.05970886603722439,0.15963707954929982,0.017683561097831507,0.01484676724748885,0.1034099414704054,-0.0024361553811334644,-0.11436826738989524,0.02260779716881604,-0.10025915357669277,-0.05156801643498518,0.06408638348658065,-0.27226536888942665,0.058933952790429726,-0.13737596412062722,-6.529823082e-08,71.95600128,-0.18636382113444666,0.0158907132653601,0.0158907132653601,2.0,0.008834576731424827,0.007049941857599617,0.20145450510219548,-0.07080363606201326,0.08232110220452896,0.07575906257568422,-0.012366627127834252,0.02443398321636836,0.09504983209464189,-0.009794210449635646,0.0108094057496587,-0.16496989314522878,0.1342759638282178,-0.27717475313111595,0.2418503572510141,-0.4392043743927985,0.155522376891684,-0.16855895986030564,12.63139915,69.81752014,0.06588299703328378,0.0195930411129989,0.0195930411129989,4.0,0.002289150124883307,0.06598253140856977,0.10707158007867641,-0.03560722312740502,0.12289532582273623,-0.043071910861390415,0.09863897153517118,0.00105682893023816,0.08603551436123183,0.007877075155573525,-0.050454911265440286,0.011744025552504832,-0.12665939148583227,0.049743345953057676,-0.05832773111052449,-0.22207410934981622,0.0669975113262129,-0.1282913459214408,29.35029793,68.94444275,0.6032312186798053,0.0158517125537957,0.0158517125537957,6.0,0.00605716892955438,0.09671294552812658,-0.038624312745922595,0.15288711909464092,-0.06724299215338948,0.08314090470182639,0.04324805527288368,0.046483036961300746,0.053943189521310685,-0.020008805961585427,-0.0524283574197725,0.03176086825898979,-0.15029839877233525,0.08370754919335173,-0.10554796916808344,-0.01079825901014806,0.006363885634011581,-0.053562114185951595,40.88459015,68.58546448,1.4022423751774573,0.0040967066832651,0.0040967066832651,8.0,0.02454112708874726,0.06756634892578481,0.006718737145825184,0.10966758895707496,-0.01624587965997416,0.08942909502635757,0.050332705398960884,0.09381882528571207,0.03860067322859381,-0.022501212457044367,-0.09521218281441253,0.06924631190396954,-0.19242584554338446,0.15990044523914065,-0.21445707785937307,0.09991404001113507,-0.037700642611436366,0.02161687467571781,49.44328308,68.802948,1.7988682187774425,-0.0012107218330925,-0.0012107218330925,10.0,0.034441150620455316,0.08263131242479067,-0.005161267307458641,0.09799415361288755,0.031364524421876726,0.052021092861428156,0.03922136975629756,0.058692821666700146,0.02700526652300733,0.005562426135437082,-0.07606166479536731,0.07231099683004363,-0.1855793048501671,0.14812476083972814,-0.21274638915474484,0.10157300415163117,-0.03463496194489741,0.0001476298197805835,55.02288818,69.77344513,1.9821559683405072,-0.0035392911723241,-0.0035392911723241,14.18,0.008465919804560268,0.042835097389549645,-0.01915274290216395,0.11691216609230336,0.004310061624575343,0.0723520833491822,0.01656266565132886,0.09419153859650407,0.010448848509601157,-0.0201773467067476,-0.05356680256274696,0.02956064771120699,-0.19345007716956464,0.13871110948948598,-0.17615373507176924,0.0913527711787895,0.0028921045622712083,0.003892046146155223,66.73245239,71.73248291,2.8174808711706745,-0.0165246909332865,-0.0165246909332865
26121,1115209.0,120,0.0,0.022879463508952765,0.07635728028526406,0.06289523680828069,0.08250688648431766,-0.04886253611694025,0.15904510086754808,-0.0032395779825119177,0.012781589493869467,0.10910543513631696,0.002552170086653174,-0.10653535395268277,0.033633713519018366,-0.09519739408582473,-0.0319383898129035,0.06732450898212891,-0.2727212413470456,0.06411952064302943,-0.14856074849414838,-6.529823082e-08,71.95600128,-0.23732125888452954,0.0158907132653601,0.0158907132653601,2.0,0.0274178515453462,-0.0007332145548543469,0.21757949743584662,-0.06413943344553963,0.07247918413242455,0.09058582380625717,-0.011354078019535342,0.028765829931315993,0.061289291367421714,-0.01972187650489909,0.023047467782016134,-0.15230379222368884,0.11835812516006732,-0.2812375320411649,0.27365308192229504,-0.45674006234699294,0.13559186589309308,-0.1692178564406733,12.63139915,69.81752014,0.04218670396613755,0.0195930411129989,0.0195930411129989,4.0,-0.0023942734152433906,0.064913096941666,0.10209071032076457,-0.03047317036616536,0.14547868691645213,-0.054564618032662354,0.09349717684357034,0.008334676186622713,0.08191805773290793,-0.0044379962117414365,-0.0701063157215631,0.031000090046959385,-0.12532109367169372,0.05781557252822886,-0.0337704715352327,-0.21481793949232217,0.09340618709138876,-0.15835756689612676,29.35029793,68.94444275,0.6809777935863623,0.0158517125537957,0.0158517125537957,6.0,0.016037581600934752,0.06651408917032994,-0.009288933806048776,0.11821718162506747,-0.05895181077645372,0.08807890457920538,0.028342161451472614,0.07174488355751765,0.05851484682706545,-0.020668113345441226,-0.06032053026914988,0.047771492375337794,-0.14826969632284612,0.05501031514222309,-0.10692518806365206,-0.01133684539594524,-0.012310478374475825,-0.056952996425861484,40.88459015,68.58546448,1.2482187377497977,0.0040967066832651,0.0040967066832651,8.0,0.020375286537602684,0.08592333386880505,5.1984958650514584e-05,0.08797708456329717,-0.007125515887266849,0.0895113104524122,0.04483983626992182,0.06807870111183063,0.038841350484711025,-0.013700691399181836,-0.0927317714110702,0.06493864036898848,-0.15429671096647427,0.14706293315676072,-0.21169356276958423,0.0887334268150143,-0.04036600661998134,0.0276490078126115,49.44328308,68.802948,1.760156539179665,-0.0012107218330925,-0.0012107218330925,10.0,0.012394032141024663,0.04459331966723888,-0.008608230512799945,0.0859574122373453,0.004770215379251403,0.03660407503876192,0.05201346846665822,0.060227530184617926,0.04197445373798615,0.008409103447968764,-0.10731134127353145,0.08998704138596178,-0.19801788177769286,0.1471219591574005,-0.21670904238103975,0.07058293799744636,-0.03546920036692149,-0.006829640990205277,55.02288818,69.77344513,2.161591135036724,-0.0035392911723241,-0.0035392911723241,14.18,0.032029875822283164,0.07614738706570118,-0.0111877419583502,0.11463030271529724,0.012695211415447065,0.054183590583278214,0.047022026505376645,0.07712968903049079,0.024509147115757825,-0.021558678633009993,-0.08055039875867195,0.05576709212647876,-0.1572106483687781,0.13662995228669872,-0.21222970671792832,0.09140678129772722,-0.015351963758422071,0.032113881815214934,66.73245239,71.73248291,2.8556430539545152,-0.0165246909332865,-0.0165246909332865
26161,1110418.0,125,0.0,0.0310688311833479,0.061963930043122846,0.07900760081932448,0.10517355157783631,-0.04781270688902067,0.15029486123965008,0.0027719196984952363,0.028498936935079513,0.09295480761779518,-0.0037644042612959656,-0.11663309974150546,0.035956117880326696,-0.10793959439945165,-0.028406267821844945,0.05278115218050051,-0.27585066499593797,0.07098984294888287,-0.16714614002351705,-6.529823082e-08,71.95600128,-0.15576457464312465,0.0158907132653601,0.0158907132653601,2.0,0.026644859459740128,-0.0032071291222223984,0.19344129681233135,-0.05921283234210686,0.0798871002659754,0.08801713728808044,0.014511099501802639,0.017786398607336364,0.07581168742328237,-0.017415979753430216,0.015038619829969489,-0.16783249430409308,0.12624157775422382,-0.271502560799136,0.25921126498063074,-0.43969920535640145,0.12972164460621047,-0.16185919866141055,12.63139915,69.81752014,0.09383344068922557,0.0195930411129989,0.0195930411129989,4.0,-0.0026260979856644294,0.07369236702412228,0.08820291026356009,-0.025886564363726057,0.11959948195120199,-0.04966902192184896,0.10162451232097298,0.012403453066379648,0.08908096203669427,0.008742639557484755,-0.06497038246948911,0.027903426810206113,-0.1433098671085317,0.05003649378211316,-0.05665777411735435,-0.23256580107412198,0.06029233576571852,-0.13941303936103988,29.35029793,68.94444275,0.6783426483241559,0.0158517125537957,0.0158517125537957,6.0,0.013934819740134337,0.07664028416796141,-0.023955850701386238,0.12289900649531933,-0.05394978220836649,0.09688377540337284,0.05411360005268148,0.05425824982891138,0.051418923780837456,0.006768345462736315,-0.0691052921863361,0.030498252655972925,-0.15111870832499188,0.08473625639885574,-0.11219490987489253,-0.00975953708292263,0.0002555179596844346,-0.053778385932545775,40.88459015,68.58546448,1.3999466724452363,0.0040967066832651,0.0040967066832651,8.0,0.02791290427258824,0.07496964078892017,-0.019606792405415158,0.09761218322999314,-0.03473283373970622,0.0822167214508719,0.04459822687822646,0.06674694657481635,0.04882559907761044,-0.02548152588343573,-0.07517312248117697,0.04046169930155798,-0.17305926249570297,0.1430301765373378,-0.20852990267015112,0.11003076148642478,-0.036384977733481705,0.02651669388320406,49.44328308,68.802948,1.7732660636783975,-0.0012107218330925,-0.0012107218330925,10.0,0.03487553519771905,0.07725089825860113,0.0014866660373994201,0.0974105183080183,0.010848998849578961,0.026230885532143377,0.03754904165824177,0.04745113440962998,0.022567510072772537,-0.022929381992574795,-0.07346384336379229,0.09255244678675255,-0.21571618735389575,0.16245929510249088,-0.20466735991061588,0.09649844812779522,-0.05671152420327537,0.009512479332506776,55.02288818,69.77344513,2.078138368411881,-0.0035392911723241,-0.0035392911723241,14.18,0.007065561492713205,0.0555942466529684,0.0018538776589406454,0.11373122352255706,0.010652872273861769,0.05302119957760087,0.041057118984840886,0.0722687183909616,0.033836786633887686,-0.02574139598430062,-0.052954022219974556,0.055280100726284934,-0.1684801274498446,0.1558202348252739,-0.1842770876726167,0.08762128936359437,-0.02870449989771239,0.03675872883433883,66.73245239,71.73248291,2.8811918284010445,-0.0165246909332865,-0.0165246909332865
26680,1107700.0,130,0.0,0.019576958536638787,0.07714535842061523,0.07526927187652178,0.10388459760153812,-0.04470982820880391,0.130036680385492,0.010509895399033384,0.01655086592216414,0.10286336471855165,0.0019014669335722,-0.11661459897281197,0.019150154240777206,-0.12846866153101677,-0.02764599473932085,0.08374829509549638,-0.26161893115088636,0.05410330110222829,-0.14067555116505717,-6.529823082e-08,71.95600128,-0.22899602880437103,0.0158907132653601,0.0158907132653601,2.0,-0.0024873878605274,0.013200054496999515,0.21700602100783417,-0.06406585719988511,0.08828545076805033,0.06602796215885907,-0.010673437045408561,0.02589008333240489,0.09267382105196069,-0.005499121130742794,-0.0072111568668973905,-0.15126162420957132,0.10872765596360034,-0.27282222434892744,0.24395864070143244,-0.4394055544075856,0.15619974589038707,-0.1777557092992413,12.63139915,69.81752014,-0.0021431272664530487,0.0195930411129989,0.0195930411129989,4.0,0.006967561263678689,0.072311471485433,0.11181613053789036,-0.027595794566027534,0.12699316922342307,-0.050132872937595004,0.09193832713268016,0.025442190138190903,0.0732367589122853,-0.024382870889531255,-0.06546882488636324,0.01786438454579345,-0.13951971581609912,0.04005402405753249,-0.040065643818119195,-0.21173967504503277,0.08071517330023567,-0.12598255360510816,29.35029793,68.94444275,0.6796841440061091,0.0158517125537957,0.0158517125537957,6.0,0.024258261961373997,0.06448882997525975,-0.025686374466045478,0.14037102085810638,-0.04185599827177687,0.07458366974856344,0.058046038933448264,0.06752676948308058,0.05901361680307754,-0.017971730687545713,-0.06352606645226748,0.017593815265083242,-0.11927505471435579,0.05634702987566449,-0.09313315700550057,-0.019045631859541248,-0.005269908600587814,-0.04450825218661431,40.88459015,68.58546448,1.343337120488045,0.0040967066832651,0.0040967066832651,8.0,0.006649456851484298,0.08001018618588361,-0.02753214065906664,0.10553545919304223,-0.016971981455565673,0.0862543543680096,0.03183595327595918,0.06837205036278425,0.014367194456023157,-0.023913778305570607,-0.08140780772861464,0.046111844142935426,-0.16257185552149947,0.14218697007280168,-0.19040919403305528,0.10568734486767885,-0.046987857500411234,0.0012559692771023064,49.44328308,68.802948,1.7641189533476644,-0.0012107218330925,-0.0012107218330925,10.0,0.012037575254986305,0.08169766060791002,0.011751213303499406,0.10288094681434218,0.03228885336326223,0.04335372607550965,0.07505669448611475,0.06049312402806944,0.04176647307121122,-0.00792644420759186,-0.10056635411642774,0.07521977986494043,-0.21878869739870302,0.1724603064477727,-0.20882006391136312,0.0927153857958882,-0.057274138127537906,0.01397630860418446,55.02288818,69.77344513,2.08704768105327,-0.0035392911723241,-0.0035392911723241,14.18,0.025059787175746365,0.04504323774066683,-0.026283184515688143,0.0974783974857143,0.007174724666492891,0.04612193189598304,0.0428821412204591,0.05829656151354002,0.023944481766785725,-0.009961895332762384,-0.06081370012997363,0.0530012935541133,-0.1599306604246628,0.12962249721053315,-0.20079165003484928,0.06468673939674452,-0.028987235415230697,0.020612079303621033,66.73245239,71.73248291,2.9801633720342706,-0.0165246909332865,-0.0165246909332865
26883,1102312.0,124,0.0,0.015413539451171389,0.048390928187974885,0.061759042786912105,0.07792348845826172,-0.057885663415453766,0.16012016952831576,0.010605285169559503,0.02626812152354916,0.08398296577287902,0.009989050525979253,-0.09242376406525157,0.046237481109301364,-0.13140504219996257,-0.03114501006466277,0.05628107061794535,-0.2777567237137654,0.0440970123021861,-0.14885469021142828,-6.529823082e-08,71.95600128,-0.04582274085933441,0.0158907132653601,0.0158907132653601,2.0,0.003503887892952939,0.012341688314522004,0.2090776151978076,-0.07308703521598017,0.055464832273896314,0.08767980333322213,0.018825773969590388,0.05107777500922416,0.07223468529273494,-0.01524709852938335,0.0025404898308317983,-0.17151345058538117,0.1215817682265414,-0.2641066989124602,0.2696881156168597,-0.4401876635356669,0.1282988780886845,-0.19530735068350596,12.63139915,69.81752014,0.1466997090969733,0.0195930411129989,0.0195930411129989,4.0,0.034206247453359956,0.06486788472382035,0.10128463305816968,-0.03597588595464318,0.12241710255157333,-0.04616265362945861,0.11139234619569137,0.000367239208037988,0.09230558982373988,-0.014126032553453675,-0.08292452460990146,0.01827185747429173,-0.1545589738743434,0.0346393969213218,-0.04556663536261035,-0.20183562647282222,0.09033962134093079,-0.14268437796375144,29.35029793,68.94444275,0.782140509369136,0.0158517125537957,0.0158517125537957,6.0,0.03663213050536372,0.08569473813151887,-0.03793236253894803,0.14825086028857506,-0.06540492409022955,0.08461221129289533,0.05183265572180271,0.05409399576546003,0.059235197482062116,-0.024819228038378396,-0.07207916471305198,0.027591103071652003,-0.13225557691397985,0.0830230458571339,-0.10418769977164147,-0.008800442489076585,-0.014435164328887742,-0.05334140356093578,40.88459015,68.58546448,1.4192632300352734,0.0040967066832651,0.0040967066832651,8.0,0.03436553796469805,0.06761961605240209,-0.021751907030776577,0.11262528791778119,0.001760560053012462,0.07684024565411895,0.052123070459089225,0.08236925594417051,0.0473017139636281,-0.010778124625342687,-0.08117183598849245,0.04031434318496224,-0.1706032072532254,0.1434227852767871,-0.21988841311219576,0.11595735991939357,-0.04767220741866719,0.016041438248101413,49.44328308,68.802948,1.6844031302201121,-0.0012107218330925,-0.0012107218330925,10.0,0.02028253227737245,0.06395996473994572,-0.012456097051051796,0.09319807159294721,0.021246022211208297,0.05227665036034183,0.06680594063367298,0.07125959486842331,0.03956218345936964,-0.016796102236346734,-0.10044597510789742,0.09204663840085106,-0.18100803220631367,0.15012432144949067,-0.1946247105415688,0.07878146432134547,-0.030368607647025384,0.01864841775732899,55.02288818,69.77344513,2.0866205035048973,-0.0035392911723241,-0.0035392911723241,14.18,0.03310838269730867,0.055716007865923435,0.012972879135870648,0.10154351414420076,-0.006068077912860519,0.06892617553206921,0.029986555376505176,0.08683874099811717,0.03087375276670262,-0.033403430222063386,-0.07062560142363943,0.03247234645640194,-0.16284424777799678,0.12905968220490477,-0.17755241009729344,0.08372071192838544,-0.031493456088967836,0.022368668464533028,66.73245239,71.73248291,2.867417331626537,-0.0165246909332865,-0.0165246909332865
26934,1113314.0,130,0.0,0.026691941249237523,0.065987509888416,0.07345931271207352,0.07727441030593776,-0.07677804598690874,0.1616128544379631,-0.011245521076041513,0.023316338166906883,0.10166771248719234,0.013160782072207187,-0.11699660722255247,0.019844829564552614,-0.10859604569684593,-0.0478051488631957,0.06422044850236529,-0.281570558174938,0.04586611763201877,-0.15931363912625912,-6.529823082e-08,71.95600128,-0.16430489381449892,0.0158907132653601,0.0158907132653601,2.0,0.023544993238898346,0.008888621001368628,0.21673454805146403,-0.08153379651836,0.09237629070066866,0.0886879455358632,0.004464817019590013,0.02606920319358215,0.09736685007168364,0.0010088242481885274,0.014152790122626265,-0.1730268901271296,0.13317929474342416,-0.2617588761233576,0.23641082269658123,-0.43725125341606236,0.13680553997195213,-0.16312861266062426,12.63139915,69.81752014,0.023632129445433712,0.0195930411129989,0.0195930411129989,4.0,0.0034653938747900986,0.05364257884766029,0.12704164750372815,-0.030900481142862563,0.15336959501283226,-0.024809437533961955,0.10547121624362367,0.00953505621646852,0.07477746697698137,0.0010218643020146866,-0.06862012277534345,0.004314982445286733,-0.14076618927040488,0.04842975120120716,-0.03303637205993987,-0.2185299207814576,0.07909281856456128,-0.145207967952184,29.35029793,68.94444275,0.7333664635786143,0.0158517125537957,0.0158517125537957,6.0,0.013203150247121417,0.0806451405656233,-0.02260951594407066,0.13953859058198598,-0.05704470366808021,0.08865532930198718,0.045035627504401696,0.061766748521128005,0.0596236240244806,0.00639927273216088,-0.07443233928131074,0.03170682289596878,-0.11507960032598838,0.08313410362856592,-0.09766512460257269,-0.03545002608093852,0.00041350913117262425,-0.04116130907053282,40.88459015,68.58546448,1.348906178068007,0.0040967066832651,0.0040967066832651,8.0,0.017057326515648674,0.06023184866160818,-0.008665595705270552,0.10137699777380355,-0.028729285030064673,0.06779606837790808,0.017113356576208633,0.06105316778852274,0.03658573516092298,-0.021349694261167305,-0.08358062375897485,0.041865137159122115,-0.18170935984749562,0.15496565646650146,-0.1920850785057647,0.10003885181930636,-0.052594807315726924,0.008890170948397932,49.44328308,68.802948,1.841477882316453,-0.0012107218330925,-0.0012107218330925,10.0,0.014025012097487456,0.07079597996707461,-0.0013360873801792383,0.07031735028593271,-0.001693885239510558,0.052004964054073906,0.07092560920899396,0.05220794535077792,0.046842138883306024,-0.002967978604863639,-0.0732326105898648,0.09186412257249775,-0.18824401374287736,0.1539065223340354,-0.2106350862458528,0.09730650615139266,-0.039641680422418495,-0.0008573152552340119,55.02288818,69.77344513,1.9948803355414844,-0.0035392911723241,-0.0035392911723241,14.18,0.018823979483635553,0.06591730621696867,0.010569917078220626,0.10418511887861495,-0.010774508652447083,0.06846191392073298,0.03129502676865071,0.08310172440594507,0.0021499203444292486,-0.03623819387538481,-0.08322565622251707,0.04264388235388876,-0.19024248158562293,0.13009314030327285,-0.208228649529909,0.08399523074692104,-0.012399754601341562,0.011099624664706268,66.73245239,71.73248291,2.9647234621653387,-0.0165246909332865,-0.0165246909332865
27220,1102370.0,140,0.0,0.025763452018859042,0.04518190318275935,0.05724905572443471,0.0831182644059979,-0.04642259876739932,0.14457048122887686,0.019482964860268525,0.014802620440695087,0.11573623990729215,0.0003678798559946239,-0.10879775643492341,0.03657679109000884,-0.12428688056807591,-0.04935263377748944,0.0678186326026844,-0.26692822572340397,0.056980334945838415,-0.1638888921749928,-6.529823082e-08,71.95600128,-0.03995539880506728,0.0158907132653601,0.0158907132653601,2.0,0.023489046141782745,-0.0023441268926104007,0.2185247384007473,-0.06193368454640699,0.08664985227781848,0.06059499205826761,0.01921207031416174,0.05091983692688473,0.09352235105640201,-0.008701964756158264,0.025064758989798236,-0.14442742632307437,0.12396330427182214,-0.2780654883351514,0.24917814264919558,-0.4462998922103627,0.13668262640573173,-0.1821656798495084,12.63139915,69.81752014,0.00235985761684461,0.0195930411129989,0.0195930411129989,4.0,0.014441667364778242,0.06783963352816505,0.10856843066722904,-0.037981955129005644,0.13660956538884766,-0.05776332983480287,0.09459235559818528,-0.00932500051917946,0.0704704443956854,0.0044037139452560384,-0.04601694350123958,0.031637633298248535,-0.13029389296790553,0.03889745794242075,-0.0648230731585452,-0.20816709584515436,0.0869761443535418,-0.13161030538198604,29.35029793,68.94444275,0.6610075775786332,0.0158517125537957,0.0158517125537957,6.0,-0.0005241343851853097,0.06129697384973836,-0.008297768358776495,0.15612325864739118,-0.06469941999692111,0.11107656083157871,0.047905482941719604,0.04465928395120683,0.037722862549024454,0.0015740897493285704,-0.06388773741274265,0.04658379781073931,-0.1365515744336281,0.06101481901024346,-0.09189446660985057,-0.028369761961701923,0.00039940312415960577,-0.05204414265073742,40.88459015,68.58546448,1.337577095868418,0.0040967066832651,0.0040967066832651,8.0,0.02881228844232448,0.06740785557551904,-0.0037169738981738185,0.09143856630040723,-0.033081924448100763,0.08055834339999007,0.0383741234231875,0.06468368751125808,0.041751919448393515,-0.029406837354114614,-0.06925936345896891,0.06282405563611054,-0.18393380104684873,0.1303674743232763,-0.19481706282069944,0.09687480498274784,-0.05925610007681251,-0.007603036569772811,49.44328308,68.802948,1.7547098433118966,-0.0012107218330925,-0.0012107218330925,10.0,0.025308270419423018,0.07843856560817616,0.011866636081937094,0.08230382944180925,0.027047158016250517,0.020242521533321203,0.03793749615223181,0.07031126863017734,0.042575745243777316,-0.0015111927346776726,-0.10710964159494307,0.08229407597074347,-0.20516522639503088,0.14786682246109442,-0.21291103811893936,0.07347471007232544,-0.03899885590806007,-0.005364395193549143,55.02288818,69.77344513,2.1168963053624075,-0.0035392911723241,-0.0035392911723241,14.18,0.009707309410496268,0.042942445114072275,-0.024410953729155666,0.0900840528115702,0.00412140145693183,0.04511921088858532,0.05535254286618763,0.07035535952473247,0.008052430301113123,-0.025669555625191288,-0.07799946947598681,0.03158866091954661,-0.19290457870624977,0.14219276490943097,-0.19718939764586332,0.08557007628352543,-0.03137984666450389,0.005518260447736453,66.73245239,71.73248291,2.9818658964676037,-0.0165246909332865,-0.0165246909332865
27760,1110877.0,120,0.0,0.03239545981604709,0.045523539742100175,0.07664128804933926,0.0926661082245997,-0.04919593696723064,0.15690575175647342,0.004303959009367376,0.026453952678602195,0.08381529125666884,-0.022111046842744765,-0.11340754403888655,0.03807453263948601,-0.12452100609624299,-0.02583958870080568,0.0850269815266045,-0.28852320502302414,0.054591602696226024,-0.16826987965639367,-6.529823082e-08,71.95600128,-0.04248989875138058,0.0158907132653601,0.0158907132653601,2.0,0.014374101368352862,-0.01814317656466412,0.21297464914419978,-0.059087483523182244,0.07190680788121175,0.07248142130756347,0.001735139231492282,0.02399366070604151,0.06489731148196815,-0.01695460896410007,0.003674442352910333,-0.14640876951541365,0.11704328233717425,-0.2560303478200764,0.243656484792776,-0.44756185726660663,0.13046797089169085,-0.1804075082154971,12.63139915,69.81752014,0.07360240445470666,0.0195930411129989,0.0195930411129989,4.0,0.016645237687352737,0.04625849185117731,0.09925210662281518,-0.0444388223168332,0.1300996932162549,-0.03137066748173271,0.09392944593473178,0.00640379200862358,0.08788079758414845,-6.920770175047886e-05,-0.073564979269344,0.02499066277527951,-0.14899320468872582,0.06185469094628544,-0.04166784749139371,-0.23601484032308764,0.06317061681997935,-0.1523537377944713,29.35029793,68.94444275,0.7464733372085217,0.0158517125537957,0.0158517125537957,6.0,0.02137714170058162,0.09655297611053898,-0.03730420706173728,0.14173400719226784,-0.06734342670265701,0.0983516280624232,0.06021640757413624,0.05191324614802963,0.04252161115345564,-0.018430911759680847,-0.07079680884624158,0.03435319122237878,-0.1163247381786087,0.05659174912455758,-0.12167230148967975,-0.03444447860875936,0.009761856271706598,-0.0626201873888896,40.88459015,68.58546448,1.4215832016122352,0.0040967066832651,0.0040967066832651,8.0,0.02572732734324397,0.07657515717693762,-0.004988619791804105,0.09889419020865113,-0.008854124379707298,0.08862927335809051,0.04847649743231275,0.08272593879630023,0.04439762576259303,-0.0013522414558000215,-0.07160812994070533,0.05184725785528979,-0.1701178795821058,0.12533667402104576,-0.2047557031414838,0.07853217667979909,-0.062110332303526694,0.01708732618858126,49.44328308,68.802948,1.6538234434885979,-0.0012107218330925,-0.0012107218330925,10.0,0.0348729387427435,0.07762458621201218,-0.01040956794749914,0.08323275574058323,0.0049627442077081006,0.05656421960836694,0.04818799376836016,0.043776825483704374,0.040771429369112405,-0.016065828200611046,-0.09915319555016013,0.06598653916940789,-0.18108200706974947,0.1572481119401528,-0.2072350545020923,0.09420223926200104,-0.034800845589515315,0.017166534676616524,55.02288818,69.77344513,2.1578638717021157,-0.0035392911723241,-0.0035392911723241,14.18,0.011685719589891508,0.06961115980247644,-0.006475623757974184,0.08686321943548551,0.015370069732232143,0.060923985738614767,0.016256660957436,0.09036531301476163,0.014488838577933635,-0.03839771422635997,-0.06279800894023378,0.05631734917249988,-0.18536194462551844,0.15687403886413975,-0.1935561971156177,0.07920943656236121,-0.018976106686223262,0.005076677032164304,66.73245239,71.73248291,2.8584325207404437,-0.0165246909332865,-0.0165246909332865
