 variables=x-Bh,<greek>D</greek>p/p<sub>0</sub>
   -149.1289010000000        0.000000000000000    
   -149.0871269597234        0.000000000000000    
   -149.0453529194468        0.000000000000000    
   -149.0035788791702        0.000000000000000    
   -148.9618048388937        0.000000000000000    
   -148.9200307986171        0.000000000000000    
   -148.8782567583405        0.000000000000000    
   -148.8364827180639        0.000000000000000    
   -148.7947086777874        0.000000000000000    
   -148.7529346375108        0.000000000000000    
   -148.7111605972342        0.000000000000000    
   -148.6693865569576        0.000000000000000    
   -148.6276125166810        0.000000000000000    
   -148.5858384764045        0.000000000000000    
   -148.5440644361279        0.000000000000000    
   -148.5022903958513        0.000000000000000    
   -148.4605163555747        0.000000000000000    
   -148.4187423152981        0.000000000000000    
   -148.3769682750216        0.000000000000000    
   -148.3351942347450        0.000000000000000    
   -148.2934201944684        0.000000000000000    
   -148.2516461541918        0.000000000000000    
   -148.2098721139153        0.000000000000000    
   -148.1680980736387        0.000000000000000    
   -148.1263240333621        0.000000000000000    
   -148.0845499930855        0.000000000000000    
   -148.0427759528089        0.000000000000000    
   -148.0010019125324        0.000000000000000    
   -147.9592278722558        0.000000000000000    
   -147.9174538319792        0.000000000000000    
   -147.8756797917026        0.000000000000000    
   -147.8339057514260        0.000000000000000    
   -147.7921317111495        0.000000000000000    
   -147.7503576708729        0.000000000000000    
   -147.7085836305963        0.000000000000000    
   -147.6668095903197        0.000000000000000    
   -147.6250355500432        0.000000000000000    
   -147.5832615097666        0.000000000000000    
   -147.5414874694900        0.000000000000000    
   -147.4997134292134        0.000000000000000    
   -147.4579393889368        0.000000000000000    
   -147.4161653486603        0.000000000000000    
   -147.3743913083837        0.000000000000000    
   -147.3326172681071        0.000000000000000    
   -147.2908432278305        0.000000000000000    
   -147.2490691875539        0.000000000000000    
   -147.2072951472774        0.000000000000000    
   -147.1655211070008        0.000000000000000    
   -147.1237470667242        0.000000000000000    
   -147.0819730264476        0.000000000000000    
   -147.0401989861710        0.000000000000000    
   -146.9984249458945        0.000000000000000    
   -146.9566509056179        0.000000000000000    
   -146.9148768653413        0.000000000000000    
   -146.8731028250647        0.000000000000000    
   -146.8313287847882        0.000000000000000    
   -146.7895547445116        0.000000000000000    
   -146.7477807042350        0.000000000000000    
   -146.7060066639584        0.000000000000000    
   -146.6642326236818        0.000000000000000    
   -146.6224585834053        0.000000000000000    
   -146.5806845431287        0.000000000000000    
   -146.5389105028521        0.000000000000000    
   -146.4971364625755        0.000000000000000    
   -146.4553624222989        0.000000000000000    
   -146.4135883820224        0.000000000000000    
   -146.3718143417458        0.000000000000000    
   -146.3300403014692        0.000000000000000    
   -146.2882662611926        0.000000000000000    
   -146.2464922209161        0.000000000000000    
   -146.2047181806395        0.000000000000000    
   -146.1629441403629        0.000000000000000    
   -146.1211701000863        0.000000000000000    
   -146.0793960598097        0.000000000000000    
   -146.0376220195332        0.000000000000000    
   -145.9958479792566        0.000000000000000    
   -145.9540739389800        0.000000000000000    
   -145.9122998987034        0.000000000000000    
   -145.8705258584268        0.000000000000000    
   -145.8287518181503        0.000000000000000    
   -145.7869777778737        0.000000000000000    
   -145.7452037375971        0.000000000000000    
   -145.7034296973205        0.000000000000000    
   -145.6616556570440        0.000000000000000    
   -145.6198816167674        0.000000000000000    
   -145.5781075764908        0.000000000000000    
   -145.5363335362142        0.000000000000000    
   -145.4945594959376        0.000000000000000    
   -145.4527854556611        0.000000000000000    
   -145.4110114153845        0.000000000000000    
   -145.3692373751079        0.000000000000000    
   -145.3274633348313        0.000000000000000    
   -145.2856892945547        0.000000000000000    
   -145.2439152542782        0.000000000000000    
   -145.2021412140016        0.000000000000000    
   -145.1603671737250        0.000000000000000    
   -145.1185931334484        0.000000000000000    
   -145.0768190931718        0.000000000000000    
   -145.0350450528953        0.000000000000000    
   -144.9932710126187        0.000000000000000    
   -144.9514969723421        0.000000000000000    
   -144.9097229320655        0.000000000000000    
   -144.8679488917890        0.000000000000000    
   -144.8261748515124        0.000000000000000    
   -144.7844008112358        0.000000000000000    
   -144.7426267709592        0.000000000000000    
   -144.7008527306826        0.000000000000000    
   -144.6590786904061        0.000000000000000    
   -144.6173046501295        0.000000000000000    
   -144.5755306098529        0.000000000000000    
   -144.5337565695763        0.000000000000000    
   -144.4919825292997        0.000000000000000    
   -144.4502084890232        0.000000000000000    
   -144.4084344487466        0.000000000000000    
   -144.3666604084700        0.000000000000000    
   -144.3248863681934        0.000000000000000    
   -144.2831123279169        0.000000000000000    
   -144.2413382876403        0.000000000000000    
   -144.1995642473637        0.000000000000000    
   -144.1577902070871        0.000000000000000    
   -144.1160161668105        0.000000000000000    
   -144.0742421265340        0.000000000000000    
   -144.0324680862574        0.000000000000000    
   -143.9906940459808        0.000000000000000    
   -143.9489200057042        0.000000000000000    
   -143.9071459654276        0.000000000000000    
   -143.8653719251511        0.000000000000000    
   -143.8235978848745        0.000000000000000    
   -143.7818238445979        0.000000000000000    
   -143.7400498043213        0.000000000000000    
   -143.6982757640448        0.000000000000000    
   -143.6565017237682        0.000000000000000    
   -143.6147276834916        0.000000000000000    
   -143.5729536432150        0.000000000000000    
   -143.5311796029384        0.000000000000000    
   -143.4894055626619        0.000000000000000    
   -143.4476315223853        0.000000000000000    
   -143.4058574821087        0.000000000000000    
   -143.3640834418321        0.000000000000000    
   -143.3223094015555        0.000000000000000    
   -143.2805353612790        0.000000000000000    
   -143.2387613210024        0.000000000000000    
   -143.1969872807258        0.000000000000000    
   -143.1552132404492        0.000000000000000    
   -143.1134392001726        0.000000000000000    
   -143.0716651598961        0.000000000000000    
   -143.0298911196195        0.000000000000000    
   -142.9881170793429        0.000000000000000    
   -142.9463430390663        0.000000000000000    
   -142.9045689987898        0.000000000000000    
   -142.8627949585132        0.000000000000000    
   -142.8210209182366        0.000000000000000    
   -142.7792468779600        0.000000000000000    
   -142.7374728376834        0.000000000000000    
   -142.6956987974069        0.000000000000000    
   -142.6539247571303        0.000000000000000    
   -142.6121507168537        0.000000000000000    
   -142.5703766765771        0.000000000000000    
   -142.5286026363005        0.000000000000000    
   -142.4868285960240        0.000000000000000    
   -142.4450545557474        0.000000000000000    
   -142.4032805154708        0.000000000000000    
   -142.3615064751942        0.000000000000000    
   -142.3197324349177        0.000000000000000    
   -142.2779583946411        0.000000000000000    
   -142.2361843543645        0.000000000000000    
   -142.1944103140879        0.000000000000000    
   -142.1526362738113        0.000000000000000    
   -142.1108622335348        0.000000000000000    
   -142.0690881932582        0.000000000000000    
   -142.0273141529816        0.000000000000000    
   -141.9855401127050        0.000000000000000    
   -141.9437660724284        0.000000000000000    
   -141.9019920321519        0.000000000000000    
   -141.8602179918753        0.000000000000000    
   -141.8184439515987        0.000000000000000    
   -141.7766699113221        0.000000000000000    
   -141.7348958710456        0.000000000000000    
   -141.6931218307690        0.000000000000000    
   -141.6513477904924        0.000000000000000    
   -141.6095737502158        0.000000000000000    
   -141.5677997099392        0.000000000000000    
   -141.5260256696627        0.000000000000000    
   -141.4842516293861        0.000000000000000    
   -141.4424775891095        0.000000000000000    
   -141.4007035488329        0.000000000000000    
   -141.3589295085563        0.000000000000000    
   -141.3171554682798        0.000000000000000    
   -141.2753814280032        0.000000000000000    
   -141.2336073877266        0.000000000000000    
   -141.1918333474500        0.000000000000000    
   -141.1500593071734        0.000000000000000    
   -141.1082852668969        0.000000000000000    
   -141.0665112266203        0.000000000000000    
   -141.0247371863437        0.000000000000000    
   -140.9829631460671        0.000000000000000    
   -140.9411891057906        0.000000000000000    
   -140.8994150655140        0.000000000000000    
   -140.8576410252374        0.000000000000000    
   -140.8158669849608        0.000000000000000    
   -140.7740929446842        0.000000000000000    
   -140.7323189044077        0.000000000000000    
   -140.6905448641311        0.000000000000000    
   -140.6487708238545        0.000000000000000    
   -140.6069967835779        0.000000000000000    
   -140.5652227433013        0.000000000000000    
   -140.5234487030248        0.000000000000000    
   -140.4816746627482        0.000000000000000    
   -140.4399006224716        0.000000000000000    
   -140.3981265821950        0.000000000000000    
   -140.3563525419185        0.000000000000000    
   -140.3145785016419        0.000000000000000    
   -140.2728044613653        0.000000000000000    
   -140.2310304210887        0.000000000000000    
   -140.1892563808121        0.000000000000000    
   -140.1474823405356        0.000000000000000    
   -140.1057083002590        0.000000000000000    
   -140.0639342599824        0.000000000000000    
   -140.0221602197058        0.000000000000000    
   -139.9803861794292        0.000000000000000    
   -139.9386121391527        0.000000000000000    
   -139.8968380988761        0.000000000000000    
   -139.8550640585995        0.000000000000000    
   -139.8132900183229        0.000000000000000    
   -139.7715159780464        0.000000000000000    
   -139.7297419377698        0.000000000000000    
   -139.6879678974932        0.000000000000000    
   -139.6461938572166        0.000000000000000    
   -139.6044198169400        0.000000000000000    
   -139.5626457766635        0.000000000000000    
   -139.5208717363869        0.000000000000000    
   -139.4790976961103        0.000000000000000    
   -139.4373236558337        0.000000000000000    
   -139.3955496155571        0.000000000000000    
   -139.3537755752806        0.000000000000000    
   -139.3120015350040        0.000000000000000    
   -139.2702274947274        0.000000000000000    
   -139.2284534544508        0.000000000000000    
   -139.1866794141743        0.000000000000000    
   -139.1449053738977        0.000000000000000    
   -139.1031313336211        0.000000000000000    
   -139.0613572933445        0.000000000000000    
   -139.0195832530679        0.000000000000000    
   -138.9778092127914        0.000000000000000    
   -138.9360351725148        0.000000000000000    
   -138.8942611322382        0.000000000000000    
   -138.8524870919616        0.000000000000000    
   -138.8107130516850        0.000000000000000    
   -138.7689390114085        0.000000000000000    
   -138.7271649711319        0.000000000000000    
   -138.6853909308553        0.000000000000000    
   -138.6436168905787        0.000000000000000    
   -138.6018428503021        0.000000000000000    
   -138.5600688100256        0.000000000000000    
   -138.5182947697490        0.000000000000000    
   -138.4765207294724        0.000000000000000    
   -138.4347466891958        0.000000000000000    
   -138.3929726489193        0.000000000000000    
   -138.3511986086427        0.000000000000000    
   -138.3094245683661        0.000000000000000    
   -138.2676505280895        0.000000000000000    
   -138.2258764878129        0.000000000000000    
   -138.1841024475364        0.000000000000000    
   -138.1423284072598        0.000000000000000    
   -138.1005543669832        0.000000000000000    
   -138.0587803267066        0.000000000000000    
   -138.0170062864300        0.000000000000000    
   -137.9752322461535        0.000000000000000    
   -137.9334582058769        0.000000000000000    
   -137.8916841656003        0.000000000000000    
   -137.8499101253237        0.000000000000000    
   -137.8081360850472        0.000000000000000    
   -137.7663620447706        0.000000000000000    
   -137.7245880044940        0.000000000000000    
   -137.6828139642174        0.000000000000000    
   -137.6410399239408        0.000000000000000    
   -137.5992658836643        0.000000000000000    
   -137.5574918433877        0.000000000000000    
   -137.5157178031111        0.000000000000000    
   -137.4739437628345        0.000000000000000    
   -137.4321697225579        0.000000000000000    
   -137.3903956822814        0.000000000000000    
   -137.3486216420048        0.000000000000000    
   -137.3068476017282        0.000000000000000    
   -137.2650735614516        0.000000000000000    
   -137.2232995211751        0.000000000000000    
   -137.1815254808985        0.000000000000000    
   -137.1397514406219        0.000000000000000    
   -137.0979774003453        0.000000000000000    
   -137.0562033600687        0.000000000000000    
   -137.0144293197922        0.000000000000000    
   -136.9726552795156        0.000000000000000    
   -136.9308812392390        0.000000000000000    
   -136.8891071989624        0.000000000000000    
   -136.8473331586858        0.000000000000000    
   -136.8055591184093        0.000000000000000    
   -136.7637850781327        0.000000000000000    
   -136.7220110378561        0.000000000000000    
   -136.6802369975795        0.000000000000000    
   -136.6384629573029        0.000000000000000    
   -136.5966889170264        0.000000000000000    
   -136.5549148767498        0.000000000000000    
   -136.5131408364732        0.000000000000000    
   -136.4713667961966        0.000000000000000    
   -136.4295927559201        0.000000000000000    
   -136.3878187156435        0.000000000000000    
   -136.3460446753669        0.000000000000000    
   -136.3042706350903        0.000000000000000    
   -136.2624965948137        0.000000000000000    
   -136.2207225545372        0.000000000000000    
   -136.1789485142606        0.000000000000000    
   -136.1371744739840        0.000000000000000    
   -136.0954004337074        0.000000000000000    
   -136.0536263934308        0.000000000000000    
   -136.0118523531543        0.000000000000000    
   -135.9700783128777        0.000000000000000    
   -135.9283042726011        0.000000000000000    
   -135.8865302323245        0.000000000000000    
   -135.8447561920480        0.000000000000000    
   -135.8029821517714        0.000000000000000    
   -135.7612081114948        0.000000000000000    
   -135.7194340712182        0.000000000000000    
   -135.6776600309416        0.000000000000000    
   -135.6358859906651        0.000000000000000    
   -135.5941119503885        0.000000000000000    
   -135.5523379101119        0.000000000000000    
   -135.5105638698353        0.000000000000000    
   -135.4687898295587        0.000000000000000    
   -135.4270157892822        0.000000000000000    
   -135.3852417490056        0.000000000000000    
   -135.3434677087290        0.000000000000000    
   -135.3016936684524        0.000000000000000    
   -135.2599196281759        0.000000000000000    
   -135.2181455878993        0.000000000000000    
   -135.1763715476227        0.000000000000000    
   -135.1345975073461        0.000000000000000    
   -135.0928234670695        0.000000000000000    
   -135.0510494267930        0.000000000000000    
   -135.0092753865164        0.000000000000000    
   -134.9675013462398        0.000000000000000    
   -134.9257273059632        0.000000000000000    
   -134.8839532656866        0.000000000000000    
   -134.8421792254101        0.000000000000000    
   -134.8004051851335        0.000000000000000    
   -134.7586311448569        0.000000000000000    
   -134.7168571045803        0.000000000000000    
   -134.6750830643037        0.000000000000000    
   -134.6333090240272        0.000000000000000    
   -134.5915349837506        0.000000000000000    
   -134.5497609434740        0.000000000000000    
   -134.5079869031974        0.000000000000000    
   -134.4662128629209        0.000000000000000    
   -134.4244388226443        0.000000000000000    
   -134.3826647823677        0.000000000000000    
   -134.3408907420911        0.000000000000000    
   -134.2991167018145        0.000000000000000    
   -134.2573426615380        0.000000000000000    
   -134.2155686212614        0.000000000000000    
   -134.1737945809848        0.000000000000000    
   -134.1320205407082        0.000000000000000    
   -134.0902465004316        0.000000000000000    
   -134.0484724601551        0.000000000000000    
   -134.0066984198785        0.000000000000000    
   -133.9649243796019        0.000000000000000    
   -133.9231503393253        0.000000000000000    
   -133.8813762990488        0.000000000000000    
   -133.8396022587722        0.000000000000000    
   -133.7978282184956        0.000000000000000    
   -133.7560541782190        0.000000000000000    
   -133.7142801379424        0.000000000000000    
   -133.6725060976659        0.000000000000000    
   -133.6307320573893        0.000000000000000    
   -133.5889580171127        0.000000000000000    
   -133.5471839768361        0.000000000000000    
   -133.5054099365595        0.000000000000000    
   -133.4636358962830        0.000000000000000    
   -133.4218618560064        0.000000000000000    
   -133.3800878157298        0.000000000000000    
   -133.3383137754532        0.000000000000000    
   -133.2965397351767        0.000000000000000    
   -133.2547656949001        0.000000000000000    
   -133.2129916546235        0.000000000000000    
   -133.1712176143469        0.000000000000000    
   -133.1294435740703        0.000000000000000    
   -133.0876695337938        0.000000000000000    
   -133.0458954935172        0.000000000000000    
   -133.0041214532406        0.000000000000000    
   -132.9623474129640        0.000000000000000    
   -132.9205733726874        0.000000000000000    
   -132.8787993324109        0.000000000000000    
   -132.8370252921343        0.000000000000000    
   -132.7952512518577        0.000000000000000    
   -132.7534772115811        0.000000000000000    
   -132.7117031713045        0.000000000000000    
   -132.6699291310280        0.000000000000000    
   -132.6281550907514        0.000000000000000    
   -132.5863810504748        0.000000000000000    
   -132.5446070101982        0.000000000000000    
   -132.5028329699217        0.000000000000000    
   -132.4610589296451        0.000000000000000    
   -132.4192848893685        0.000000000000000    
   -132.3775108490919        0.000000000000000    
   -132.3357368088153        0.000000000000000    
   -132.2939627685388        0.000000000000000    
   -132.2521887282622        0.000000000000000    
   -132.2104146879856        0.000000000000000    
   -132.1686406477090        0.000000000000000    
   -132.1268666074324        0.000000000000000    
   -132.0850925671559        0.000000000000000    
   -132.0433185268793        0.000000000000000    
   -132.0015444866027        0.000000000000000    
   -131.9597704463261        0.000000000000000    
   -131.9179964060496        0.000000000000000    
   -131.8762223657730        0.000000000000000    
   -131.8344483254964        0.000000000000000    
   -131.7926742852198        0.000000000000000    
   -131.7509002449432        0.000000000000000    
   -131.7091262046667        0.000000000000000    
   -131.6673521643901        0.000000000000000    
   -131.6255781241135        0.000000000000000    
   -131.5838040838369        0.000000000000000    
   -131.5420300435603        0.000000000000000    
   -131.5002560032838        0.000000000000000    
   -131.4584819630072        0.000000000000000    
   -131.4167079227306        0.000000000000000    
   -131.3749338824540        0.000000000000000    
   -131.3331598421775        0.000000000000000    
   -131.2913858019009        0.000000000000000    
   -131.2496117616243        0.000000000000000    
   -131.2078377213477        0.000000000000000    
   -131.1660636810711        0.000000000000000    
   -131.1242896407946        0.000000000000000    
   -131.0825156005180        0.000000000000000    
   -131.0407415602414        0.000000000000000    
   -130.9989675199648        0.000000000000000    
   -130.9571934796882        0.000000000000000    
   -130.9154194394117        0.000000000000000    
   -130.8736453991351        0.000000000000000    
   -130.8318713588585        0.000000000000000    
   -130.7900973185819        0.000000000000000    
   -130.7483232783053        0.000000000000000    
   -130.7065492380288        0.000000000000000    
   -130.6647751977522        0.000000000000000    
   -130.6230011574756        0.000000000000000    
   -130.5812271171990        0.000000000000000    
   -130.5394530769225        0.000000000000000    
   -130.4976790366459        0.000000000000000    
   -130.4559049963693        0.000000000000000    
   -130.4141309560927        0.000000000000000    
   -130.3723569158161        0.000000000000000    
   -130.3305828755396        0.000000000000000    
   -130.2888088352630        0.000000000000000    
   -130.2470347949864        0.000000000000000    
   -130.2052607547098        0.000000000000000    
   -130.1634867144332        0.000000000000000    
   -130.1217126741567        0.000000000000000    
   -130.0799386338801        0.000000000000000    
   -130.0381645936035        0.000000000000000    
   -129.9963905533269        0.000000000000000    
   -129.9546165130504        0.000000000000000    
   -129.9128424727738        0.000000000000000    
   -129.8710684324972        0.000000000000000    
   -129.8292943922206        0.000000000000000    
   -129.7875203519440        0.000000000000000    
   -129.7457463116675        0.000000000000000    
   -129.7039722713909        0.000000000000000    
   -129.6621982311143        0.000000000000000    
   -129.6204241908377        0.000000000000000    
   -129.5786501505611        0.000000000000000    
   -129.5368761102846        0.000000000000000    
   -129.4951020700080        0.000000000000000    
   -129.4533280297314        0.000000000000000    
   -129.4115539894548        0.000000000000000    
   -129.3697799491783        0.000000000000000    
   -129.3280059089017        0.000000000000000    
   -129.2862318686251        0.000000000000000    
   -129.2444578283485        0.000000000000000    
   -129.2026837880719        0.000000000000000    
   -129.1609097477954        0.000000000000000    
   -129.1191357075188        0.000000000000000    
   -129.0773616672422        0.000000000000000    
   -129.0355876269656        0.000000000000000    
   -128.9938135866890        0.000000000000000    
   -128.9520395464125        0.000000000000000    
   -128.9102655061359        0.000000000000000    
   -128.8684914658593        0.000000000000000    
   -128.8267174255827        0.000000000000000    
   -128.7849433853061        0.000000000000000    
   -128.7431693450296        0.000000000000000    
   -128.7013953047530        0.000000000000000    
   -128.6596212644764        0.000000000000000    
   -128.6178472241998        0.000000000000000    
   -128.5760731839233        0.000000000000000    
   -128.5342991436467        0.000000000000000    
   -128.4925251033701        0.000000000000000    
   -128.4507510630935        0.000000000000000    
   -128.4089770228169        0.000000000000000    
   -128.3672029825404        0.000000000000000    
   -128.3254289422638        0.000000000000000    
   -128.2836549019872        0.000000000000000    
   -128.2418808617106        0.000000000000000    
   -128.2001068214340        0.000000000000000    
   -128.1583327811575        0.000000000000000    
   -128.1165587408809        0.000000000000000    
   -128.0747847006043        0.000000000000000    
   -128.0330106603277        0.000000000000000    
   -127.9912366200511        0.000000000000000    
   -127.9494625797745        0.000000000000000    
   -127.9076885394980        0.000000000000000    
   -127.8659144992214        0.000000000000000    
   -127.8241404589448        0.000000000000000    
   -127.7823664186682        0.000000000000000    
   -127.7405923783916        0.000000000000000    
   -127.6988183381150        0.000000000000000    
   -127.6570442978384        0.000000000000000    
   -127.6152702575618        0.000000000000000    
   -127.5734962172852        0.000000000000000    
   -127.5317221770086        0.000000000000000    
   -127.4899481367320        0.000000000000000    
   -127.4481740964554        0.000000000000000    
   -127.4064000561788        0.000000000000000    
   -127.3646260159022        0.000000000000000    
   -127.3228519756257        0.000000000000000    
   -127.2810779353491        0.000000000000000    
   -127.2393038950725        0.000000000000000    
   -127.1975298547959        0.000000000000000    
   -127.1557558145193        0.000000000000000    
   -127.1139817742427        0.000000000000000    
   -127.0722077339661        0.000000000000000    
   -127.0304336936895        0.000000000000000    
   -126.9886596534129        0.000000000000000    
   -126.9468856131363        0.000000000000000    
   -126.9051115728597        0.000000000000000    
   -126.8633375325831        0.000000000000000    
   -126.8215634923065        0.000000000000000    
   -126.7797894520299        0.000000000000000    
   -126.7380154117534        0.000000000000000    
   -126.6962413714768        0.000000000000000    
   -126.6544673312002        0.000000000000000    
   -126.6126932909236        0.000000000000000    
   -126.5709192506470        0.000000000000000    
   -126.5291452103704        0.000000000000000    
   -126.4873711700938        0.000000000000000    
   -126.4455971298172        0.000000000000000    
   -126.4038230895406        0.000000000000000    
   -126.3620490492640        0.000000000000000    
   -126.3202750089874        0.000000000000000    
   -126.2785009687108        0.000000000000000    
   -126.2367269284342        0.000000000000000    
   -126.1949528881576        0.000000000000000    
   -126.1531788478811        0.000000000000000    
   -126.1114048076045        0.000000000000000    
   -126.0696307673279        0.000000000000000    
   -126.0278567270513        0.000000000000000    
   -125.9860826867747        0.000000000000000    
   -125.9443086464981        0.000000000000000    
   -125.9025346062215        0.000000000000000    
   -125.8607605659449        0.000000000000000    
   -125.8189865256683        0.000000000000000    
   -125.7772124853917        0.000000000000000    
   -125.7354384451151        0.000000000000000    
   -125.6936644048385        0.000000000000000    
   -125.6518903645619        0.000000000000000    
   -125.6101163242853        0.000000000000000    
   -125.5683422840088        0.000000000000000    
   -125.5265682437322        0.000000000000000    
   -125.4847942034556        0.000000000000000    
   -125.4430201631790        0.000000000000000    
   -125.4012461229024        0.000000000000000    
   -125.3594720826258        0.000000000000000    
   -125.3176980423492        0.000000000000000    
   -125.2759240020726        0.000000000000000    
   -125.2341499617960        0.000000000000000    
   -125.1923759215194        0.000000000000000    
   -125.1506018812428        0.000000000000000    
   -125.1088278409662        0.000000000000000    
   -125.0670538006896        0.000000000000000    
   -125.0252797604130        0.000000000000000    
   -124.9835057201364        0.000000000000000    
   -124.9417316798599        0.000000000000000    
   -124.8999576395833        0.000000000000000    
   -124.8581835993067        0.000000000000000    
   -124.8164095590301        0.000000000000000    
   -124.7746355187535        0.000000000000000    
   -124.7328614784769        0.000000000000000    
   -124.6910874382003        0.000000000000000    
   -124.6493133979237        0.000000000000000    
   -124.6075393576471        0.000000000000000    
   -124.5657653173705        0.000000000000000    
   -124.5239912770939        0.000000000000000    
   -124.4822172368173        0.000000000000000    
   -124.4404431965407        0.000000000000000    
   -124.3986691562641        0.000000000000000    
   -124.3568951159876        0.000000000000000    
   -124.3151210757110        0.000000000000000    
   -124.2733470354344        0.000000000000000    
   -124.2315729951578        0.000000000000000    
   -124.1897989548812        0.000000000000000    
   -124.1480249146046        0.000000000000000    
   -124.1062508743280        0.000000000000000    
   -124.0644768340514        0.000000000000000    
   -124.0227027937748        0.000000000000000    
   -123.9809287534982        0.000000000000000    
   -123.9391547132216        0.000000000000000    
   -123.8973806729450        0.000000000000000    
   -123.8556066326684        0.000000000000000    
   -123.8138325923918        0.000000000000000    
   -123.7720585521153        0.000000000000000    
   -123.7302845118387        0.000000000000000    
   -123.6885104715621        0.000000000000000    
   -123.6467364312855        0.000000000000000    
   -123.6049623910089        0.000000000000000    
   -123.5631883507323        0.000000000000000    
   -123.5214143104557        0.000000000000000    
   -123.4796402701791        0.000000000000000    
   -123.4378662299025        0.000000000000000    
   -123.3960921896259        0.000000000000000    
   -123.3543181493493        0.000000000000000    
   -123.3125441090727        0.000000000000000    
   -123.2707700687961        0.000000000000000    
   -123.2289960285195        0.000000000000000    
   -123.1872219882430        0.000000000000000    
   -123.1454479479664        0.000000000000000    
   -123.1036739076898        0.000000000000000    
   -123.0618998674132        0.000000000000000    
   -123.0201258271366        0.000000000000000    
   -122.9783517868600        0.000000000000000    
   -122.9365777465834        0.000000000000000    
   -122.8948037063068        0.000000000000000    
   -122.8530296660302        0.000000000000000    
   -122.8112556257536        0.000000000000000    
   -122.7694815854770        0.000000000000000    
   -122.7277075452004        0.000000000000000    
   -122.6859335049238        0.000000000000000    
   -122.6441594646472        0.000000000000000    
   -122.6023854243707        0.000000000000000    
   -122.5606113840941        0.000000000000000    
   -122.5188373438175        0.000000000000000    
   -122.4770633035409        0.000000000000000    
   -122.4352892632643        0.000000000000000    
   -122.3935152229877        0.000000000000000    
   -122.3517411827111        0.000000000000000    
   -122.3099671424345        0.000000000000000    
   -122.2681931021579        0.000000000000000    
   -122.2264190618813        0.000000000000000    
   -122.1846450216047        0.000000000000000    
   -122.1428709813281        0.000000000000000    
   -122.1010969410515        0.000000000000000    
   -122.0593229007749        0.000000000000000    
   -122.0175488604984        0.000000000000000    
   -121.9757748202218        0.000000000000000    
   -121.9340007799452        0.000000000000000    
   -121.8922267396686        0.000000000000000    
   -121.8504526993920        0.000000000000000    
   -121.8086786591154        0.000000000000000    
   -121.7669046188388        0.000000000000000    
   -121.7251305785622        0.000000000000000    
   -121.6833565382856        0.000000000000000    
   -121.6415824980090        0.000000000000000    
   -121.5998084577324        0.000000000000000    
   -121.5580344174558        0.000000000000000    
   -121.5162603771792        0.000000000000000    
   -121.4744863369026        0.000000000000000    
   -121.4327122966261        0.000000000000000    
   -121.3909382563495        0.000000000000000    
   -121.3491642160729        0.000000000000000    
   -121.3073901757963        0.000000000000000    
   -121.2656161355197        0.000000000000000    
   -121.2238420952431        0.000000000000000    
   -121.1820680549665        0.000000000000000    
   -121.1402940146899        0.000000000000000    
   -121.0985199744133        0.000000000000000    
   -121.0567459341367        0.000000000000000    
   -121.0149718938601        0.000000000000000    
   -120.9731978535835        0.000000000000000    
   -120.9314238133069        0.000000000000000    
   -120.8896497730303        0.000000000000000    
   -120.8478757327537        0.000000000000000    
   -120.8061016924772        0.000000000000000    
   -120.7643276522006        0.000000000000000    
   -120.7225536119240        0.000000000000000    
   -120.6807795716474        0.000000000000000    
   -120.6390055313708        0.000000000000000    
   -120.5972314910942        0.000000000000000    
   -120.5554574508176        0.000000000000000    
   -120.5136834105410        0.000000000000000    
   -120.4719093702644        0.000000000000000    
   -120.4301353299878        0.000000000000000    
   -120.3883612897112        0.000000000000000    
   -120.3465872494346        0.000000000000000    
   -120.3048132091580        0.000000000000000    
   -120.2630391688814        0.000000000000000    
   -120.2212651286049        0.000000000000000    
   -120.1794910883283        0.000000000000000    
   -120.1377170480517        0.000000000000000    
   -120.0959430077751        0.000000000000000    
   -120.0541689674985        0.000000000000000    
   -120.0123949272219        0.000000000000000    
   -119.9706208869453        0.000000000000000    
   -119.9288468466687        0.000000000000000    
   -119.8870728063921        0.000000000000000    
   -119.8452987661155        0.000000000000000    
   -119.8035247258389        0.000000000000000    
   -119.7617506855623        0.000000000000000    
   -119.7199766452857        0.000000000000000    
   -119.6782026050091        0.000000000000000    
   -119.6364285647326        0.000000000000000    
   -119.5946545244560        0.000000000000000    
   -119.5528804841794        0.000000000000000    
   -119.5111064439028        0.000000000000000    
   -119.4693324036262        0.000000000000000    
   -119.4275583633496        0.000000000000000    
   -119.3857843230730        0.000000000000000    
   -119.3440102827964        0.000000000000000    
   -119.3022362425198        0.000000000000000    
   -119.2604622022432        0.000000000000000    
   -119.2186881619666        0.000000000000000    
   -119.1769141216900        0.000000000000000    
   -119.1351400814134        0.000000000000000    
   -119.0933660411368        0.000000000000000    
   -119.0515920008603        0.000000000000000    
   -119.0098179605837        0.000000000000000    
   -118.9680439203071        0.000000000000000    
   -118.9262698800305        0.000000000000000    
   -118.8844958397539        0.000000000000000    
   -118.8427217994773        0.000000000000000    
   -118.8009477592007        0.000000000000000    
   -118.7591737189241        0.000000000000000    
   -118.7173996786475        0.000000000000000    
   -118.6756256383709        0.000000000000000    
   -118.6338515980943        0.000000000000000    
   -118.5920775578177        0.000000000000000    
   -118.5503035175411        0.000000000000000    
   -118.5085294772645        0.000000000000000    
   -118.4667554369880        0.000000000000000    
   -118.4249813967114        0.000000000000000    
   -118.3832073564348        0.000000000000000    
   -118.3414333161582        0.000000000000000    
   -118.2996592758816        0.000000000000000    
   -118.2578852356050        0.000000000000000    
   -118.2161111953284        0.000000000000000    
   -118.1743371550518        0.000000000000000    
   -118.1325631147752        0.000000000000000    
   -118.0907890744986        0.000000000000000    
   -118.0490150342220        0.000000000000000    
   -118.0072409939454        0.000000000000000    
   -117.9654669536688        0.000000000000000    
   -117.9236929133922        0.000000000000000    
   -117.8819188731157        0.000000000000000    
   -117.8401448328391        0.000000000000000    
   -117.7983707925625        0.000000000000000    
   -117.7565967522859        0.000000000000000    
   -117.7148227120093        0.000000000000000    
   -117.6730486717327        0.000000000000000    
   -117.6312746314561        0.000000000000000    
   -117.5895005911795        0.000000000000000    
   -117.5477265509029        0.000000000000000    
   -117.5059525106263        0.000000000000000    
   -117.4641784703497        0.000000000000000    
   -117.4224044300731        0.000000000000000    
   -117.3806303897965        0.000000000000000    
   -117.3388563495199        0.000000000000000    
   -117.2970823092434        0.000000000000000    
   -117.2553082689668        0.000000000000000    
   -117.2135342286902        0.000000000000000    
   -117.1717601884136        0.000000000000000    
   -117.1299861481370        0.000000000000000    
   -117.0882121078604        0.000000000000000    
   -117.0464380675838        0.000000000000000    
   -117.0046640273072        0.000000000000000    
   -116.9628899870306        0.000000000000000    
   -116.9211159467540        0.000000000000000    
   -116.8793419064774        0.000000000000000    
   -116.8375678662008        0.000000000000000    
   -116.7957938259242        0.000000000000000    
   -116.7540197856476        0.000000000000000    
   -116.7122457453710        0.000000000000000    
   -116.6704717050945        0.000000000000000    
   -116.6286976648179        0.000000000000000    
   -116.5869236245413        0.000000000000000    
   -116.5451495842647        0.000000000000000    
   -116.5033755439881        0.000000000000000    
   -116.4616015037115        0.000000000000000    
   -116.4198274634349        0.000000000000000    
   -116.3780534231583        0.000000000000000    
   -116.3362793828817        0.000000000000000    
   -116.2945053426051        0.000000000000000    
   -116.2527313023285        0.000000000000000    
   -116.2109572620519        0.000000000000000    
   -116.1691832217753        0.000000000000000    
   -116.1274091814987        0.000000000000000    
   -116.0856351412222        0.000000000000000    
   -116.0438611009456        0.000000000000000    
   -116.0020870606690        0.000000000000000    
   -115.9603130203924        0.000000000000000    
   -115.9185389801158        0.000000000000000    
   -115.8767649398392        0.000000000000000    
   -115.8349908995626        0.000000000000000    
   -115.7932168592860        0.000000000000000    
   -115.7514428190094        0.000000000000000    
   -115.7096687787328        0.000000000000000    
   -115.6678947384562        0.000000000000000    
   -115.6261206981796        0.000000000000000    
   -115.5843466579030        0.000000000000000    
   -115.5425726176264        0.000000000000000    
   -115.5007985773499        0.000000000000000    
   -115.4590245370733        0.000000000000000    
   -115.4172504967967        0.000000000000000    
   -115.3754764565201        0.000000000000000    
   -115.3337024162435        0.000000000000000    
   -115.2919283759669        0.000000000000000    
   -115.2501543356903        0.000000000000000    
   -115.2083802954137        0.000000000000000    
   -115.1666062551371        0.000000000000000    
   -115.1248322148605        0.000000000000000    
   -115.0830581745839        0.000000000000000    
   -115.0412841343073        0.000000000000000    
   -114.9995100940307        0.000000000000000    
   -114.9577360537541        0.000000000000000    
   -114.9159620134776        0.000000000000000    
   -114.8741879732010        0.000000000000000    
   -114.8324139329244        0.000000000000000    
   -114.7906398926478        0.000000000000000    
   -114.7488658523712        0.000000000000000    
   -114.7070918120946        0.000000000000000    
   -114.6653177718180        0.000000000000000    
   -114.6235437315414        0.000000000000000    
   -114.5817696912648        0.000000000000000    
   -114.5399956509882        0.000000000000000    
   -114.4982216107116        0.000000000000000    
   -114.4564475704350        0.000000000000000    
   -114.4146735301584        0.000000000000000    
   -114.3728994898818        0.000000000000000    
   -114.3311254496053        0.000000000000000    
   -114.2893514093287        0.000000000000000    
   -114.2475773690521        0.000000000000000    
   -114.2058033287755        0.000000000000000    
   -114.1640292884989        0.000000000000000    
   -114.1222552482223        0.000000000000000    
   -114.0804812079457        0.000000000000000    
   -114.0387071676691        0.000000000000000    
   -113.9969331273925        0.000000000000000    
   -113.9551590871159        0.000000000000000    
   -113.9133850468393        0.000000000000000    
   -113.8716110065627        0.000000000000000    
   -113.8298369662861        0.000000000000000    
   -113.7880629260095        0.000000000000000    
   -113.7462888857330        0.000000000000000    
   -113.7045148454564        0.000000000000000    
   -113.6627408051798        0.000000000000000    
   -113.6209667649032        0.000000000000000    
   -113.5791927246266        0.000000000000000    
   -113.5374186843500        0.000000000000000    
   -113.4956446440734        0.000000000000000    
   -113.4538706037968        0.000000000000000    
   -113.4120965635202        0.000000000000000    
   -113.3703225232436        0.000000000000000    
   -113.3285484829670        0.000000000000000    
   -113.2867744426904        0.000000000000000    
   -113.2450004024138        0.000000000000000    
   -113.2032263621372        0.000000000000000    
   -113.1614523218607        0.000000000000000    
   -113.1196782815841        0.000000000000000    
   -113.0779042413075        0.000000000000000    
   -113.0361302010309        0.000000000000000    
   -112.9943561607543        0.000000000000000    
   -112.9525821204777        0.000000000000000    
   -112.9108080802011        0.000000000000000    
   -112.8690340399245        0.000000000000000    
   -112.8272599996479        0.000000000000000    
   -112.7854859593713        0.000000000000000    
   -112.7437119190947        0.000000000000000    
   -112.7019378788181        0.000000000000000    
   -112.6601638385415        0.000000000000000    
   -112.6183897982649        0.000000000000000    
   -112.5766157579883        0.000000000000000    
   -112.5348417177118        0.000000000000000    
   -112.4930676774352        0.000000000000000    
   -112.4512936371586        0.000000000000000    
   -112.4095195968820        0.000000000000000    
   -112.3677455566054        0.000000000000000    
   -112.3259715163288        0.000000000000000    
   -112.2841974760522        0.000000000000000    
   -112.2424234357756        0.000000000000000    
   -112.2006493954990        0.000000000000000    
   -112.1588753552224        0.000000000000000    
   -112.1171013149458        0.000000000000000    
   -112.0753272746692        0.000000000000000    
   -112.0335532343926        0.000000000000000    
   -111.9917791941160        0.000000000000000    
   -111.9500051538395        0.000000000000000    
   -111.9082311135629        0.000000000000000    
   -111.8664570732863        0.000000000000000    
   -111.8246830330097        0.000000000000000    
   -111.7829089927331        0.000000000000000    
   -111.7411349524565        0.000000000000000    
   -111.6993609121799        0.000000000000000    
   -111.6575868719033        0.000000000000000    
   -111.6158128316267        0.000000000000000    
   -111.5740387913501        0.000000000000000    
   -111.5322647510735        0.000000000000000    
   -111.4904907107969        0.000000000000000    
   -111.4487166705203        0.000000000000000    
   -111.4069426302437        0.000000000000000    
   -111.3651685899672        0.000000000000000    
   -111.3233945496906        0.000000000000000    
   -111.2816205094140        0.000000000000000    
   -111.2398464691374        0.000000000000000    
   -111.1980724288608        0.000000000000000    
   -111.1562983885842        0.000000000000000    
   -111.1145243483076        0.000000000000000    
   -111.0727503080310        0.000000000000000    
   -111.0309762677544        0.000000000000000    
   -110.9892022274778        0.000000000000000    
   -110.9474281872012        0.000000000000000    
   -110.9056541469246        0.000000000000000    
   -110.8638801066480        0.000000000000000    
   -110.8221060663714        0.000000000000000    
   -110.7803320260949        0.000000000000000    
   -110.7385579858183        0.000000000000000    
   -110.6967839455417        0.000000000000000    
   -110.6550099052651        0.000000000000000    
   -110.6132358649885        0.000000000000000    
   -110.5714618247119        0.000000000000000    
   -110.5296877844353        0.000000000000000    
   -110.4879137441587        0.000000000000000    
   -110.4461397038821        0.000000000000000    
   -110.4043656636055        0.000000000000000    
   -110.3625916233289        0.000000000000000    
   -110.3208175830523        0.000000000000000    
   -110.2790435427757        0.000000000000000    
   -110.2372695024991        0.000000000000000    
   -110.1954954622226        0.000000000000000    
   -110.1537214219460        0.000000000000000    
   -110.1119473816694        0.000000000000000    
   -110.0701733413928        0.000000000000000    
   -110.0283993011162        0.000000000000000    
   -109.9866252608396        0.000000000000000    
   -109.9448512205630        0.000000000000000    
   -109.9030771802864        0.000000000000000    
   -109.8613031400098        0.000000000000000    
   -109.8195290997332        0.000000000000000    
   -109.7777550594566        0.000000000000000    
   -109.7359810191800        0.000000000000000    
   -109.6942069789034        0.000000000000000    
   -109.6524329386268        0.000000000000000    
   -109.6106588983503        0.000000000000000    
   -109.5688848580737        0.000000000000000    
   -109.5271108177971        0.000000000000000    
   -109.4853367775205        0.000000000000000    
   -109.4435627372439        0.000000000000000    
   -109.4017886969673        0.000000000000000    
   -109.3600146566907        0.000000000000000    
   -109.3182406164141        0.000000000000000    
   -109.2764665761375        0.000000000000000    
   -109.2346925358609        0.000000000000000    
   -109.1929184955843        0.000000000000000    
   -109.1511444553077        0.000000000000000    
   -109.1093704150311        0.000000000000000    
   -109.0675963747545        0.000000000000000    
   -109.0258223344780        0.000000000000000    
   -108.9840482942014        0.000000000000000    
   -108.9422742539248        0.000000000000000    
   -108.9005002136482        0.000000000000000    
   -108.8587261733716        0.000000000000000    
   -108.8169521330950        0.000000000000000    
   -108.7751780928184        0.000000000000000    
   -108.7334040525418        0.000000000000000    
   -108.6916300122652        0.000000000000000    
   -108.6498559719886        0.000000000000000    
   -108.6080819317120        0.000000000000000    
   -108.5663078914354        0.000000000000000    
   -108.5245338511588        0.000000000000000    
   -108.4827598108822        0.000000000000000    
   -108.4409857706056        0.000000000000000    
   -108.3992117303291        0.000000000000000    
   -108.3574376900525        0.000000000000000    
   -108.3156636497759        0.000000000000000    
   -108.2738896094993        0.000000000000000    
   -108.2321155692227        0.000000000000000    
   -108.1903415289461        0.000000000000000    
   -108.1485674886695        0.000000000000000    
   -108.1067934483929        0.000000000000000    
   -108.0650194081163        0.000000000000000    
   -108.0232453678397        0.000000000000000    
   -107.9814713275631        0.000000000000000    
   -107.9396972872865        0.000000000000000    
   -107.8979232470099        0.000000000000000    
   -107.8561492067333        0.000000000000000    
   -107.8143751664568        0.000000000000000    
   -107.7726011261802        0.000000000000000    
   -107.7308270859036        0.000000000000000    
   -107.6890530456270        0.000000000000000    
   -107.6472790053504        0.000000000000000    
   -107.6055049650738        0.000000000000000    
   -107.5637309247972        0.000000000000000    
   -107.5219568845206        0.000000000000000    
   -107.4801828442440        0.000000000000000    
   -107.4384088039674        0.000000000000000    
   -107.3966347636908        0.000000000000000    
   -107.3548607234142        0.000000000000000    
   -107.3130866831376        0.000000000000000    
   -107.2713126428610        0.000000000000000    
   -107.2295386025845        0.000000000000000    
   -107.1877645623079        0.000000000000000    
   -107.1459905220313        0.000000000000000    
   -107.1042164817547        0.000000000000000    
   -107.0624424414781        0.000000000000000    
   -107.0206684012015        0.000000000000000    
   -106.9788943609249        0.000000000000000    
   -106.9371203206483        0.000000000000000    
   -106.8953462803717        0.000000000000000    
   -106.8535722400951        0.000000000000000    
   -106.8117981998185        0.000000000000000    
   -106.7700241595419        0.000000000000000    
   -106.7282501192653        0.000000000000000    
   -106.6864760789887        0.000000000000000    
   -106.6447020387122        0.000000000000000    
   -106.6029279984356        0.000000000000000    
   -106.5611539581590        0.000000000000000    
   -106.5193799178824        0.000000000000000    
   -106.4776058776058        0.000000000000000    
   -106.4358318373292        0.000000000000000    
   -106.3940577970526        0.000000000000000    
   -106.3522837567760        0.000000000000000    
   -106.3105097164994        0.000000000000000    
   -106.2687356762228        0.000000000000000    
   -106.2269616359462        0.000000000000000    
   -106.1851875956696        0.000000000000000    
   -106.1434135553930        0.000000000000000    
   -106.1016395151164        0.000000000000000    
   -106.0598654748399        0.000000000000000    
   -106.0180914345633        0.000000000000000    
   -105.9763173942867        0.000000000000000    
   -105.9345433540101        0.000000000000000    
   -105.8927693137335        0.000000000000000    
   -105.8509952734569        0.000000000000000    
   -105.8092212331803        0.000000000000000    
   -105.7674471929037        0.000000000000000    
   -105.7256731526271        0.000000000000000    
   -105.6838991123505        0.000000000000000    
   -105.6421250720739        0.000000000000000    
   -105.6003510317973        0.000000000000000    
   -105.5585769915207        0.000000000000000    
   -105.5168029512441        0.000000000000000    
   -105.4750289109676        0.000000000000000    
   -105.4332548706910        0.000000000000000    
   -105.3914808304144        0.000000000000000    
   -105.3497067901378        0.000000000000000    
   -105.3079327498612        0.000000000000000    
   -105.2661587095846        0.000000000000000    
   -105.2243846693080        0.000000000000000    
   -105.1826106290314        0.000000000000000    
   -105.1408365887548        0.000000000000000    
   -105.0990625484782        0.000000000000000    
   -105.0572885082016        0.000000000000000    
   -105.0155144679250        0.000000000000000    
   -104.9737404276484        0.000000000000000    
   -104.9319663873718        0.000000000000000    
   -104.8901923470953        0.000000000000000    
   -104.8484183068187        0.000000000000000    
   -104.8066442665421        0.000000000000000    
   -104.7648702262655        0.000000000000000    
   -104.7230961859889        0.000000000000000    
   -104.6813221457123        0.000000000000000    
   -104.6395481054357        0.000000000000000    
   -104.5977740651591        0.000000000000000    
   -104.5560000248825        0.000000000000000    
   -104.5142259846059        0.000000000000000    
   -104.4724519443293        0.000000000000000    
   -104.4306779040527        0.000000000000000    
   -104.3889038637761        0.000000000000000    
   -104.3471298234995        0.000000000000000    
   -104.3053557832230        0.000000000000000    
   -104.2635817429464        0.000000000000000    
   -104.2218077026698        0.000000000000000    
   -104.1800336623932        0.000000000000000    
   -104.1382596221166        0.000000000000000    
   -104.0964855818400        0.000000000000000    
   -104.0547115415634        0.000000000000000    
   -104.0129375012868        0.000000000000000    
   -103.9711634610102        0.000000000000000    
   -103.9293894207336        0.000000000000000    
   -103.8876153804570        0.000000000000000    
   -103.8458413401804        0.000000000000000    
   -103.8040672999038        0.000000000000000    
   -103.7622932596272        0.000000000000000    
   -103.7205192193506        0.000000000000000    
   -103.6787451790741        0.000000000000000    
   -103.6369711387975        0.000000000000000    
   -103.5951970985209        0.000000000000000    
   -103.5534230582443        0.000000000000000    
   -103.5116490179677        0.000000000000000    
   -103.4698749776911        0.000000000000000    
   -103.4281009374145        0.000000000000000    
   -103.3863268971379        0.000000000000000    
   -103.3445528568613        0.000000000000000    
   -103.3027788165847        0.000000000000000    
   -103.2610047763081        0.000000000000000    
   -103.2192307360315        0.000000000000000    
   -103.1774566957549        0.000000000000000    
   -103.1356826554783        0.000000000000000    
   -103.0939086152018        0.000000000000000    
   -103.0521345749252        0.000000000000000    
   -103.0103605346486        0.000000000000000    
   -102.9685864943720        0.000000000000000    
   -102.9268124540954        0.000000000000000    
   -102.8850384138188        0.000000000000000    
   -102.8432643735422        0.000000000000000    
   -102.8014903332656        0.000000000000000    
   -102.7597162929890        0.000000000000000    
   -102.7179422527124        0.000000000000000    
   -102.6761682124358        0.000000000000000    
   -102.6343941721592        0.000000000000000    
   -102.5926201318826        0.000000000000000    
   -102.5508460916060        0.000000000000000    
   -102.5090720513295        0.000000000000000    
   -102.4672980110529        0.000000000000000    
   -102.4255239707763        0.000000000000000    
   -102.3837499304997        0.000000000000000    
   -102.3419758902231        0.000000000000000    
   -102.3002018499465        0.000000000000000    
   -102.2584278096699        0.000000000000000    
   -102.2166537693933        0.000000000000000    
   -102.1748797291167        0.000000000000000    
   -102.1331056888401        0.000000000000000    
   -102.0913316485635        0.000000000000000    
   -102.0495576082869        0.000000000000000    
   -102.0077835680103        0.000000000000000    
   -101.9660095277337        0.000000000000000    
   -101.9242354874572        0.000000000000000    
   -101.8824614471806        0.000000000000000    
   -101.8406874069040        0.000000000000000    
   -101.7989133666274        0.000000000000000    
   -101.7571393263508        0.000000000000000    
   -101.7153652860742        0.000000000000000    
   -101.6735912457976        0.000000000000000    
   -101.6318172055210        0.000000000000000    
   -101.5900431652444        0.000000000000000    
   -101.5482691249678        0.000000000000000    
   -101.5064950846912        0.000000000000000    
   -101.4647210444146        0.000000000000000    
   -101.4229470041380        0.000000000000000    
   -101.3811729638614        0.000000000000000    
   -101.3393989235849        0.000000000000000    
   -101.2976248833083        0.000000000000000    
   -101.2558508430317        0.000000000000000    
   -101.2140768027551        0.000000000000000    
   -101.1723027624785        0.000000000000000    
   -101.1305287222019        0.000000000000000    
   -101.0887546819253        0.000000000000000    
   -101.0469806416487        0.000000000000000    
   -101.0052066013721        0.000000000000000    
   -100.9634325610955        0.000000000000000    
   -100.9216585208189        0.000000000000000    
   -100.8798844805423        0.000000000000000    
   -100.8381104402657        0.000000000000000    
   -100.7963363999891        0.000000000000000    
   -100.7545623597126        0.000000000000000    
   -100.7127883194360        0.000000000000000    
   -100.6710142791594        0.000000000000000    
   -100.6292402388828        0.000000000000000    
   -100.5874661986062        0.000000000000000    
   -100.5456921583296        0.000000000000000    
   -100.5039181180530        0.000000000000000    
   -100.4621440777764        0.000000000000000    
   -100.4203700374998        0.000000000000000    
   -100.3785959972232        0.000000000000000    
   -100.3368219569466        0.000000000000000    
   -100.2950479166700        0.000000000000000    
   -100.2532738763934        0.000000000000000    
   -100.2114998361168        0.000000000000000    
   -100.1697257958403        0.000000000000000    
   -100.1279517555637        0.000000000000000    
   -100.0861777152871        0.000000000000000    
   -100.0444036750105        0.000000000000000    
   -100.0026296347339        0.000000000000000    
   -99.96085559445729        0.000000000000000    
   -99.91908155418069        0.000000000000000    
   -99.87730751390410        0.000000000000000    
   -99.83553347362751        0.000000000000000    
   -99.79375943335091        0.000000000000000    
   -99.75198539307432        0.000000000000000    
   -99.71021135279773        0.000000000000000    
   -99.66843731252114        0.000000000000000    
   -99.62666327224454        0.000000000000000    
   -99.58488923196795        0.000000000000000    
   -99.54311519169136        0.000000000000000    
   -99.50134115141476        0.000000000000000    
   -99.45956711113817        0.000000000000000    
   -99.41779307086158        0.000000000000000    
   -99.37601903058498        0.000000000000000    
   -99.33424499030839        0.000000000000000    
   -99.29247095003180        0.000000000000000    
   -99.25069690975521        0.000000000000000    
   -99.20892286947861        0.000000000000000    
   -99.16714882920202        0.000000000000000    
   -99.12537478892543        0.000000000000000    
   -99.08360074864883        0.000000000000000    
   -99.04182670837224        0.000000000000000    
   -99.00005266809565        0.000000000000000    
   -98.95827862781906        0.000000000000000    
   -98.91650458754246        0.000000000000000    
   -98.87473054726587        0.000000000000000    
   -98.83295650698928        0.000000000000000    
   -98.79118246671268        0.000000000000000    
   -98.74940842643609        0.000000000000000    
   -98.70763438615950        0.000000000000000    
   -98.66586034588290        0.000000000000000    
   -98.62408630560631        0.000000000000000    
   -98.58231226532972        0.000000000000000    
   -98.54053822505313        0.000000000000000    
   -98.49876418477653        0.000000000000000    
   -98.45699014449994        0.000000000000000    
   -98.41521610422335        0.000000000000000    
   -98.37344206394675        0.000000000000000    
   -98.33166802367016        0.000000000000000    
   -98.28989398339357        0.000000000000000    
   -98.24811994311698        0.000000000000000    
   -98.20634590284038        0.000000000000000    
   -98.16457186256379        0.000000000000000    
   -98.12279782228720        0.000000000000000    
   -98.08102378201060        0.000000000000000    
   -98.03924974173401        0.000000000000000    
   -97.99747570145742        0.000000000000000    
   -97.95570166118083        0.000000000000000    
   -97.91392762090423        0.000000000000000    
   -97.87215358062764        0.000000000000000    
   -97.83037954035105        0.000000000000000    
   -97.78860550007445        0.000000000000000    
   -97.74683145979786        0.000000000000000    
   -97.70505741952127        0.000000000000000    
   -97.66328337924467        0.000000000000000    
   -97.62150933896808        0.000000000000000    
   -97.57973529869149        0.000000000000000    
   -97.53796125841490        0.000000000000000    
   -97.49618721813830        0.000000000000000    
   -97.45441317786171        0.000000000000000    
   -97.41263913758512        0.000000000000000    
   -97.37086509730852        0.000000000000000    
   -97.32909105703193        0.000000000000000    
   -97.28731701675534        0.000000000000000    
   -97.24554297647875        0.000000000000000    
   -97.20376893620215        0.000000000000000    
   -97.16199489592556        0.000000000000000    
   -97.12022085564897        0.000000000000000    
   -97.07844681537237        0.000000000000000    
   -97.03667277509578        0.000000000000000    
   -96.99489873481919        0.000000000000000    
   -96.95312469454259        0.000000000000000    
   -96.91135065426600        0.000000000000000    
   -96.86957661398941        0.000000000000000    
   -96.82780257371282        0.000000000000000    
   -96.78602853343622        0.000000000000000    
   -96.74425449315963        0.000000000000000    
   -96.70248045288304        0.000000000000000    
   -96.66070641260644        0.000000000000000    
   -96.61893237232985        0.000000000000000    
   -96.57715833205326        0.000000000000000    
   -96.53538429177667        0.000000000000000    
   -96.49361025150007        0.000000000000000    
   -96.45183621122348        0.000000000000000    
   -96.41006217094689        0.000000000000000    
   -96.36828813067029        0.000000000000000    
   -96.32651409039370        0.000000000000000    
   -96.28474005011711        0.000000000000000    
   -96.24296600984052        0.000000000000000    
   -96.20119196956392        0.000000000000000    
   -96.15941792928733        0.000000000000000    
   -96.11764388901074        0.000000000000000    
   -96.07586984873414        0.000000000000000    
   -96.03409580845755        0.000000000000000    
   -95.99232176818096        0.000000000000000    
   -95.95054772790436        0.000000000000000    
   -95.90877368762777        0.000000000000000    
   -95.86699964735118        0.000000000000000    
   -95.82522560707459        0.000000000000000    
   -95.78345156679799        0.000000000000000    
   -95.74167752652140        0.000000000000000    
   -95.69990348624481        0.000000000000000    
   -95.65812944596821        0.000000000000000    
   -95.61635540569162        0.000000000000000    
   -95.57458136541503        0.000000000000000    
   -95.53280732513844        0.000000000000000    
   -95.49103328486184        0.000000000000000    
   -95.44925924458525        0.000000000000000    
   -95.40748520430866        0.000000000000000    
   -95.36571116403206        0.000000000000000    
   -95.32393712375547        0.000000000000000    
   -95.28216308347888        0.000000000000000    
   -95.24038904320228        0.000000000000000    
   -95.19861500292569        0.000000000000000    
   -95.15684096264910        0.000000000000000    
   -95.11506692237251        0.000000000000000    
   -95.07329288209591        0.000000000000000    
   -95.03151884181932        0.000000000000000    
   -94.98974480154273        0.000000000000000    
   -94.94797076126613        0.000000000000000    
   -94.90619672098954        0.000000000000000    
   -94.86442268071295        0.000000000000000    
   -94.82264864043636        0.000000000000000    
   -94.78087460015976        0.000000000000000    
   -94.73910055988317        0.000000000000000    
   -94.69732651960658        0.000000000000000    
   -94.65555247932998        0.000000000000000    
   -94.61377843905339        0.000000000000000    
   -94.57200439877680        0.000000000000000    
   -94.53023035850021        0.000000000000000    
   -94.48845631822361        0.000000000000000    
   -94.44668227794702        0.000000000000000    
   -94.40490823767043        0.000000000000000    
   -94.36313419739383        0.000000000000000    
   -94.32136015711724        0.000000000000000    
   -94.27958611684065        0.000000000000000    
   -94.23781207656405        0.000000000000000    
   -94.19603803628746        0.000000000000000    
   -94.15426399601087        0.000000000000000    
   -94.11248995573428        0.000000000000000    
   -94.07071591545768        0.000000000000000    
   -94.02894187518109        0.000000000000000    
   -93.98716783490450        0.000000000000000    
   -93.94539379462790        0.000000000000000    
   -93.90361975435131        0.000000000000000    
   -93.86184571407472        0.000000000000000    
   -93.82007167379813        0.000000000000000    
   -93.77829763352153        0.000000000000000    
   -93.73652359324494        0.000000000000000    
   -93.69474955296835        0.000000000000000    
   -93.65297551269175        0.000000000000000    
   -93.61120147241516        0.000000000000000    
   -93.56942743213857        0.000000000000000    
   -93.52765339186197        0.000000000000000    
   -93.48587935158538        0.000000000000000    
   -93.44410531130879        0.000000000000000    
   -93.40233127103220        0.000000000000000    
   -93.36055723075560        0.000000000000000    
   -93.31878319047901        0.000000000000000    
   -93.27700915020242        0.000000000000000    
   -93.23523510992582        0.000000000000000    
   -93.19346106964923        0.000000000000000    
   -93.15168702937264        0.000000000000000    
   -93.10991298909605        0.000000000000000    
   -93.06813894881945        0.000000000000000    
   -93.02636490854286        0.000000000000000    
   -92.98459086826627        0.000000000000000    
   -92.94281682798967        0.000000000000000    
   -92.90104278771308        0.000000000000000    
   -92.85926874743649        0.000000000000000    
   -92.81749470715990        0.000000000000000    
   -92.77572066688330        0.000000000000000    
   -92.73394662660671        0.000000000000000    
   -92.69217258633012        0.000000000000000    
   -92.65039854605352        0.000000000000000    
   -92.60862450577693        0.000000000000000    
   -92.56685046550034        0.000000000000000    
   -92.52507642522374        0.000000000000000    
   -92.48330238494715        0.000000000000000    
   -92.44152834467056        0.000000000000000    
   -92.39975430439397        0.000000000000000    
   -92.35798026411737        0.000000000000000    
   -92.31620622384078        0.000000000000000    
   -92.27443218356419        0.000000000000000    
   -92.23265814328759        0.000000000000000    
   -92.19088410301100        0.000000000000000    
   -92.14911006273441        0.000000000000000    
   -92.10733602245782        0.000000000000000    
   -92.06556198218122        0.000000000000000    
   -92.02378794190463        0.000000000000000    
   -91.98201390162804        0.000000000000000    
   -91.94023986135144        0.000000000000000    
   -91.89846582107485        0.000000000000000    
   -91.85669178079826        0.000000000000000    
   -91.81491774052166        0.000000000000000    
   -91.77314370024507        0.000000000000000    
   -91.73136965996848        0.000000000000000    
   -91.68959561969189        0.000000000000000    
   -91.64782157941529        0.000000000000000    
   -91.60604753913870        0.000000000000000    
   -91.56427349886211        0.000000000000000    
   -91.52249945858551        0.000000000000000    
   -91.48072541830892        0.000000000000000    
   -91.43895137803233        0.000000000000000    
   -91.39717733775574        0.000000000000000    
   -91.35540329747914        0.000000000000000    
   -91.31362925720255        0.000000000000000    
   -91.27185521692596        0.000000000000000    
   -91.23008117664936        0.000000000000000    
   -91.18830713637277        0.000000000000000    
   -91.14653309609618        0.000000000000000    
   -91.10475905581959        0.000000000000000    
   -91.06298501554299        0.000000000000000    
   -91.02121097526640        0.000000000000000    
   -90.97943693498981        0.000000000000000    
   -90.93766289471321        0.000000000000000    
   -90.89588885443662        0.000000000000000    
   -90.85411481416003        0.000000000000000    
   -90.81234077388343        0.000000000000000    
   -90.77056673360684        0.000000000000000    
   -90.72879269333025        0.000000000000000    
   -90.68701865305366        0.000000000000000    
   -90.64524461277706        0.000000000000000    
   -90.60347057250047        0.000000000000000    
   -90.56169653222388        0.000000000000000    
   -90.51992249194728        0.000000000000000    
   -90.47814845167069        0.000000000000000    
   -90.43637441139410        0.000000000000000    
   -90.39460037111751        0.000000000000000    
   -90.35282633084091        0.000000000000000    
   -90.31105229056432        0.000000000000000    
   -90.26927825028773        0.000000000000000    
   -90.22750421001113        0.000000000000000    
   -90.18573016973454        0.000000000000000    
   -90.14395612945795        0.000000000000000    
   -90.10218208918135        0.000000000000000    
   -90.06040804890476        0.000000000000000    
   -90.01863400862817        0.000000000000000    
   -89.97685996835158        0.000000000000000    
   -89.93508592807498        0.000000000000000    
   -89.89331188779839        0.000000000000000    
   -89.85153784752180        0.000000000000000    
   -89.80976380724520        0.000000000000000    
   -89.76798976696861        0.000000000000000    
   -89.72621572669202        0.000000000000000    
   -89.68444168641543        0.000000000000000    
   -89.64266764613883        0.000000000000000    
   -89.60089360586224        0.000000000000000    
   -89.55911956558565        0.000000000000000    
   -89.51734552530905        0.000000000000000    
   -89.47557148503246        0.000000000000000    
   -89.43379744475587        0.000000000000000    
   -89.39202340447927        0.000000000000000    
   -89.35024936420268        0.000000000000000    
   -89.30847532392609        0.000000000000000    
   -89.26670128364950        0.000000000000000    
   -89.22492724337290        0.000000000000000    
   -89.18315320309631        0.000000000000000    
   -89.14137916281972        0.000000000000000    
   -89.09960512254312        0.000000000000000    
   -89.05783108226653        0.000000000000000    
   -89.01605704198994        0.000000000000000    
   -88.97428300171335        0.000000000000000    
   -88.93250896143675        0.000000000000000    
   -88.89073492116016        0.000000000000000    
   -88.84896088088357        0.000000000000000    
   -88.80718684060697        0.000000000000000    
   -88.76541280033038        0.000000000000000    
   -88.72363876005379        0.000000000000000    
   -88.68186471977720        0.000000000000000    
   -88.64009067950060        0.000000000000000    
   -88.59831663922401        0.000000000000000    
   -88.55654259894742        0.000000000000000    
   -88.51476855867082        0.000000000000000    
   -88.47299451839423        0.000000000000000    
   -88.43122047811764        0.000000000000000    
   -88.38944643784104        0.000000000000000    
   -88.34767239756445        0.000000000000000    
   -88.30589835728786        0.000000000000000    
   -88.26412431701127        0.000000000000000    
   -88.22235027673467        0.000000000000000    
   -88.18057623645808        0.000000000000000    
   -88.13880219618149        0.000000000000000    
   -88.09702815590489        0.000000000000000    
   -88.05525411562830        0.000000000000000    
   -88.01348007535171        0.000000000000000    
   -87.97170603507512        0.000000000000000    
   -87.92993199479852        0.000000000000000    
   -87.88815795452193        0.000000000000000    
   -87.84638391424534        0.000000000000000    
   -87.80460987396874        0.000000000000000    
   -87.76283583369215        0.000000000000000    
   -87.72106179341556        0.000000000000000    
   -87.67928775313896        0.000000000000000    
   -87.63751371286237        0.000000000000000    
   -87.59573967258578        0.000000000000000    
   -87.55396563230919        0.000000000000000    
   -87.51219159203259        0.000000000000000    
   -87.47041755175600        0.000000000000000    
   -87.42864351147941        0.000000000000000    
   -87.38686947120281        0.000000000000000    
   -87.34509543092622        0.000000000000000    
   -87.30332139064963        0.000000000000000    
   -87.26154735037304        0.000000000000000    
   -87.21977331009644        0.000000000000000    
   -87.17799926981985        0.000000000000000    
   -87.13622522954326        0.000000000000000    
   -87.09445118926666        0.000000000000000    
   -87.05267714899007        0.000000000000000    
   -87.01090310871348        0.000000000000000    
   -86.96912906843689        0.000000000000000    
   -86.92735502816029        0.000000000000000    
   -86.88558098788370        0.000000000000000    
   -86.84380694760711        0.000000000000000    
   -86.80203290733051        0.000000000000000    
   -86.76025886705392        0.000000000000000    
   -86.71848482677733        0.000000000000000    
   -86.67671078650073        0.000000000000000    
   -86.63493674622414        0.000000000000000    
   -86.59316270594755        0.000000000000000    
   -86.55138866567096        0.000000000000000    
   -86.50961462539436        0.000000000000000    
   -86.46784058511777        0.000000000000000    
   -86.42606654484118        0.000000000000000    
   -86.38429250456458        0.000000000000000    
   -86.34251846428799        0.000000000000000    
   -86.30074442401140        0.000000000000000    
   -86.25897038373481        0.000000000000000    
   -86.21719634345821        0.000000000000000    
   -86.17542230318162        0.000000000000000    
   -86.13364826290503        0.000000000000000    
   -86.09187422262843        0.000000000000000    
   -86.05010018235184        0.000000000000000    
   -86.00832614207525        0.000000000000000    
   -85.96655210179865        0.000000000000000    
   -85.92477806152206        0.000000000000000    
   -85.88300402124547        0.000000000000000    
   -85.84122998096888        0.000000000000000    
   -85.79945594069228        0.000000000000000    
   -85.75768190041569        0.000000000000000    
   -85.71590786013910        0.000000000000000    
   -85.67413381986250        0.000000000000000    
   -85.63235977958591        0.000000000000000    
   -85.59058573930932        0.000000000000000    
   -85.54881169903273        0.000000000000000    
   -85.50703765875613        0.000000000000000    
   -85.46526361847954        0.000000000000000    
   -85.42348957820295        0.000000000000000    
   -85.38171553792635        0.000000000000000    
   -85.33994149764976        0.000000000000000    
   -85.29816745737317        0.000000000000000    
   -85.25639341709658        0.000000000000000    
   -85.21461937681998        0.000000000000000    
   -85.17284533654339        0.000000000000000    
   -85.13107129626680        0.000000000000000    
   -85.08929725599020        0.000000000000000    
   -85.04752321571361        0.000000000000000    
   -85.00574917543702        0.000000000000000    
   -84.96397513516042        0.000000000000000    
   -84.92220109488383        0.000000000000000    
   -84.88042705460724        0.000000000000000    
   -84.83865301433065        0.000000000000000    
   -84.79687897405405        0.000000000000000    
   -84.75510493377746        0.000000000000000    
   -84.71333089350087        0.000000000000000    
   -84.67155685322427        0.000000000000000    
   -84.62978281294768        0.000000000000000    
   -84.58800877267109        0.000000000000000    
   -84.54623473239450        0.000000000000000    
   -84.50446069211790        0.000000000000000    
   -84.46268665184131        0.000000000000000    
   -84.42091261156472        0.000000000000000    
   -84.37913857128812        0.000000000000000    
   -84.33736453101153        0.000000000000000    
   -84.29559049073494        0.000000000000000    
   -84.25381645045834        0.000000000000000    
   -84.21204241018175        0.000000000000000    
   -84.17026836990516        0.000000000000000    
   -84.12849432962857        0.000000000000000    
   -84.08672028935197        0.000000000000000    
   -84.04494624907538        0.000000000000000    
   -84.00317220879879        0.000000000000000    
   -83.96139816852219        0.000000000000000    
   -83.91962412824560        0.000000000000000    
   -83.87785008796901        0.000000000000000    
   -83.83607604769242        0.000000000000000    
   -83.79430200741582        0.000000000000000    
   -83.75252796713923        0.000000000000000    
   -83.71075392686264        0.000000000000000    
   -83.66897988658604        0.000000000000000    
   -83.62720584630945        0.000000000000000    
   -83.58543180603286        0.000000000000000    
   -83.54365776575627        0.000000000000000    
   -83.50188372547967        0.000000000000000    
   -83.46010968520308        0.000000000000000    
   -83.41833564492649        0.000000000000000    
   -83.37656160464989        0.000000000000000    
   -83.33478756437330        0.000000000000000    
   -83.29301352409671        0.000000000000000    
   -83.25123948382011        0.000000000000000    
   -83.20946544354352        0.000000000000000    
   -83.16769140326693        0.000000000000000    
   -83.12591736299034        0.000000000000000    
   -83.08414332271374        0.000000000000000    
   -83.04236928243715        0.000000000000000    
   -83.00059524216056        0.000000000000000    
   -82.95882120188396        0.000000000000000    
   -82.91704716160737        0.000000000000000    
   -82.87527312133078        0.000000000000000    
   -82.83349908105419        0.000000000000000    
   -82.79172504077759        0.000000000000000    
   -82.74995100050100        0.000000000000000    
   -82.70817696022441        0.000000000000000    
   -82.66640291994781        0.000000000000000    
   -82.62462887967122        0.000000000000000    
   -82.58285483939463        0.000000000000000    
   -82.54108079911803        0.000000000000000    
   -82.49930675884144        0.000000000000000    
   -82.45753271856485        0.000000000000000    
   -82.41575867828826        0.000000000000000    
   -82.37398463801166        0.000000000000000    
   -82.33221059773507        0.000000000000000    
   -82.29043655745848        0.000000000000000    
   -82.24866251718188        0.000000000000000    
   -82.20688847690529        0.000000000000000    
   -82.16511443662870        0.000000000000000    
   -82.12334039635211        0.000000000000000    
   -82.08156635607551        0.000000000000000    
   -82.03979231579892        0.000000000000000    
   -81.99801827552233        0.000000000000000    
   -81.95624423524573        0.000000000000000    
   -81.91447019496914        0.000000000000000    
   -81.87269615469255        0.000000000000000    
   -81.83092211441596        0.000000000000000    
   -81.78914807413936        0.000000000000000    
   -81.74737403386277        0.000000000000000    
   -81.70559999358618        0.000000000000000    
   -81.66382595330958        0.000000000000000    
   -81.62205191303299        0.000000000000000    
   -81.58027787275640        0.000000000000000    
   -81.53850383247980        0.000000000000000    
   -81.49672979220321        0.000000000000000    
   -81.45495575192662        0.000000000000000    
   -81.41318171165003        0.000000000000000    
   -81.37140767137343        0.000000000000000    
   -81.32963363109684        0.000000000000000    
   -81.28785959082025        0.000000000000000    
   -81.24608555054365        0.000000000000000    
   -81.20431151026706        0.000000000000000    
   -81.16253746999047        0.000000000000000    
   -81.12076342971388        0.000000000000000    
   -81.07898938943728        0.000000000000000    
   -81.03721534916069        0.000000000000000    
   -80.99544130888410        0.000000000000000    
   -80.95366726860750        0.000000000000000    
   -80.91189322833091        0.000000000000000    
   -80.87011918805432        0.000000000000000    
   -80.82834514777772        0.000000000000000    
   -80.78657110750113        0.000000000000000    
   -80.74479706722454        0.000000000000000    
   -80.70302302694795        0.000000000000000    
   -80.66124898667135        0.000000000000000    
   -80.61947494639476        0.000000000000000    
   -80.57770090611817        0.000000000000000    
   -80.53592686584157        0.000000000000000    
   -80.49415282556498        0.000000000000000    
   -80.45237878528839        0.000000000000000    
   -80.41060474501180        0.000000000000000    
   -80.36883070473520        0.000000000000000    
   -80.32705666445861        0.000000000000000    
   -80.28528262418202        0.000000000000000    
   -80.24350858390542        0.000000000000000    
   -80.20173454362883        0.000000000000000    
   -80.15996050335224        0.000000000000000    
   -80.11818646307565        0.000000000000000    
   -80.07641242279905        0.000000000000000    
   -80.03463838252246        0.000000000000000    
   -79.99286434224587        0.000000000000000    
   -79.95109030196927        0.000000000000000    
   -79.90931626169268        0.000000000000000    
   -79.86754222141609        0.000000000000000    
   -79.82576818113949        0.000000000000000    
   -79.78399414086290        0.000000000000000    
   -79.74222010058631        0.000000000000000    
   -79.70044606030972        0.000000000000000    
   -79.65867202003312        0.000000000000000    
   -79.61689797975653        0.000000000000000    
   -79.57512393947994        0.000000000000000    
   -79.53334989920334        0.000000000000000    
   -79.49157585892675        0.000000000000000    
   -79.44980181865016        0.000000000000000    
   -79.40802777837357        0.000000000000000    
   -79.36625373809697        0.000000000000000    
   -79.32447969782038        0.000000000000000    
   -79.28270565754379        0.000000000000000    
   -79.24093161726719        0.000000000000000    
   -79.19915757699060        0.000000000000000    
   -79.15738353671401        0.000000000000000    
   -79.11560949643741        0.000000000000000    
   -79.07383545616082        0.000000000000000    
   -79.03206141588423        0.000000000000000    
   -78.99028737560764        0.000000000000000    
   -78.94851333533104        0.000000000000000    
   -78.90673929505445        0.000000000000000    
   -78.86496525477786        0.000000000000000    
   -78.82319121450126        0.000000000000000    
   -78.78141717422467        0.000000000000000    
   -78.73964313394808        0.000000000000000    
   -78.69786909367149        0.000000000000000    
   -78.65609505339489        0.000000000000000    
   -78.61432101311830        0.000000000000000    
   -78.57254697284171        0.000000000000000    
   -78.53077293256511        0.000000000000000    
   -78.48899889228852        0.000000000000000    
   -78.44722485201193        0.000000000000000    
   -78.40545081173534        0.000000000000000    
   -78.36367677145874        0.000000000000000    
   -78.32190273118215        0.000000000000000    
   -78.28012869090556        0.000000000000000    
   -78.23835465062896        0.000000000000000    
   -78.19658061035237        0.000000000000000    
   -78.15480657007578        0.000000000000000    
   -78.11303252979918        0.000000000000000    
   -78.07125848952259        0.000000000000000    
   -78.02948444924600        0.000000000000000    
   -77.98771040896941        0.000000000000000    
   -77.94593636869281        0.000000000000000    
   -77.90416232841622        0.000000000000000    
   -77.86238828813963        0.000000000000000    
   -77.82061424786303        0.000000000000000    
   -77.77884020758644        0.000000000000000    
   -77.73706616730985        0.000000000000000    
   -77.69529212703326        0.000000000000000    
   -77.65351808675666        0.000000000000000    
   -77.61174404648007        0.000000000000000    
   -77.56997000620348        0.000000000000000    
   -77.52819596592688        0.000000000000000    
   -77.48642192565029        0.000000000000000    
   -77.44464788537370        0.000000000000000    
   -77.40287384509710        0.000000000000000    
   -77.36109980482051        0.000000000000000    
   -77.31932576454392        0.000000000000000    
   -77.27755172426733        0.000000000000000    
   -77.23577768399073        0.000000000000000    
   -77.19400364371414        0.000000000000000    
   -77.15222960343755        0.000000000000000    
   -77.11045556316095        0.000000000000000    
   -77.06868152288436        0.000000000000000    
   -77.02690748260777        0.000000000000000    
   -76.98513344233118        0.000000000000000    
   -76.94335940205458        0.000000000000000    
   -76.90158536177799        0.000000000000000    
   -76.85981132150140        0.000000000000000    
   -76.81803728122480        0.000000000000000    
   -76.77626324094821        0.000000000000000    
   -76.73448920067162        0.000000000000000    
   -76.69271516039503        0.000000000000000    
   -76.65094112011843        0.000000000000000    
   -76.60916707984184        0.000000000000000    
   -76.56739303956525        0.000000000000000    
   -76.52561899928865        0.000000000000000    
   -76.48384495901206        0.000000000000000    
   -76.44207091873547        0.000000000000000    
   -76.40029687845887        0.000000000000000    
   -76.35852283818228        0.000000000000000    
   -76.31674879790569        0.000000000000000    
   -76.27497475762910        0.000000000000000    
   -76.23320071735250        0.000000000000000    
   -76.19142667707591        0.000000000000000    
   -76.14965263679932        0.000000000000000    
   -76.10787859652272        0.000000000000000    
   -76.06610455624613        0.000000000000000    
   -76.02433051596954        0.000000000000000    
   -75.98255647569295        0.000000000000000    
   -75.94078243541635        0.000000000000000    
   -75.89900839513976        0.000000000000000    
   -75.85723435486317        0.000000000000000    
   -75.81546031458657        0.000000000000000    
   -75.77368627430998        0.000000000000000    
   -75.73191223403339        0.000000000000000    
   -75.69013819375679        0.000000000000000    
   -75.64836415348020        0.000000000000000    
   -75.60659011320361        0.000000000000000    
   -75.56481607292702        0.000000000000000    
   -75.52304203265042        0.000000000000000    
   -75.48126799237383        0.000000000000000    
   -75.43949395209724        0.000000000000000    
   -75.39771991182064        0.000000000000000    
   -75.35594587154405        0.000000000000000    
   -75.31417183126746        0.000000000000000    
   -75.27239779099087        0.000000000000000    
   -75.23062375071427        0.000000000000000    
   -75.18884971043768        0.000000000000000    
   -75.14707567016109        0.000000000000000    
   -75.10530162988449        0.000000000000000    
   -75.06352758960790        0.000000000000000    
   -75.02175354933131        0.000000000000000    
   -74.97997950905471        0.000000000000000    
   -74.93820546877812        0.000000000000000    
   -74.89643142850153        0.000000000000000    
   -74.85465738822494        0.000000000000000    
   -74.81288334794834        0.000000000000000    
   -74.77110930767175        0.000000000000000    
   -74.72933526739516        0.000000000000000    
   -74.68756122711856        0.000000000000000    
   -74.64578718684197        0.000000000000000    
   -74.60401314656538        0.000000000000000    
   -74.56223910628879        0.000000000000000    
   -74.52046506601219        0.000000000000000    
   -74.47869102573560        0.000000000000000    
   -74.43691698545901        0.000000000000000    
   -74.39514294518241        0.000000000000000    
   -74.35336890490582        0.000000000000000    
   -74.31159486462923        0.000000000000000    
   -74.26982082435264        0.000000000000000    
   -74.22804678407604        0.000000000000000    
   -74.18627274379945        0.000000000000000    
   -74.14449870352286        0.000000000000000    
   -74.10272466324626        0.000000000000000    
   -74.06095062296967        0.000000000000000    
   -74.01917658269308        0.000000000000000    
   -73.97740254241648        0.000000000000000    
   -73.93562850213989        0.000000000000000    
   -73.89385446186330        0.000000000000000    
   -73.85208042158671        0.000000000000000    
   -73.81030638131011        0.000000000000000    
   -73.76853234103352        0.000000000000000    
   -73.72675830075693        0.000000000000000    
   -73.68498426048033        0.000000000000000    
   -73.64321022020374        0.000000000000000    
   -73.60143617992715        0.000000000000000    
   -73.55966213965056        0.000000000000000    
   -73.51788809937396        0.000000000000000    
   -73.47611405909737        0.000000000000000    
   -73.43434001882078        0.000000000000000    
   -73.39256597854418        0.000000000000000    
   -73.35079193826759        0.000000000000000    
   -73.30901789799100        0.000000000000000    
   -73.26724385771440        0.000000000000000    
   -73.22546981743781        0.000000000000000    
   -73.18369577716122        0.000000000000000    
   -73.14192173688463        0.000000000000000    
   -73.10014769660803        0.000000000000000    
   -73.05837365633144        0.000000000000000    
   -73.01659961605485        0.000000000000000    
   -72.97482557577825        0.000000000000000    
   -72.93305153550166        0.000000000000000    
   -72.89127749522507        0.000000000000000    
   -72.84950345494848        0.000000000000000    
   -72.80772941467188        0.000000000000000    
   -72.76595537439529        0.000000000000000    
   -72.72418133411870        0.000000000000000    
   -72.68240729384210        0.000000000000000    
   -72.64063325356551        0.000000000000000    
   -72.59885921328892        0.000000000000000    
   -72.55708517301233        0.000000000000000    
   -72.51531113273573        0.000000000000000    
   -72.47353709245914        0.000000000000000    
   -72.43176305218255        0.000000000000000    
   -72.38998901190595        0.000000000000000    
   -72.34821497162936        0.000000000000000    
   -72.30644093135277        0.000000000000000    
   -72.26466689107617        0.000000000000000    
   -72.22289285079958        0.000000000000000    
   -72.18111881052299        0.000000000000000    
   -72.13934477024640        0.000000000000000    
   -72.09757072996980        0.000000000000000    
   -72.05579668969321        0.000000000000000    
   -72.01402264941662        0.000000000000000    
   -71.97224860914002        0.000000000000000    
   -71.93047456886343        0.000000000000000    
   -71.88870052858684        0.000000000000000    
   -71.84692648831025        0.000000000000000    
   -71.80515244803365        0.000000000000000    
   -71.76337840775706        0.000000000000000    
   -71.72160436748047        0.000000000000000    
   -71.67983032720387        0.000000000000000    
   -71.63805628692728        0.000000000000000    
   -71.59628224665069        0.000000000000000    
   -71.55450820637409        0.000000000000000    
   -71.51273416609750        0.000000000000000    
   -71.47096012582091        0.000000000000000    
   -71.42918608554432        0.000000000000000    
   -71.38741204526772        0.000000000000000    
   -71.34563800499113        0.000000000000000    
   -71.30386396471454        0.000000000000000    
   -71.26208992443794        0.000000000000000    
   -71.22031588416135        0.000000000000000    
   -71.17854184388476        0.000000000000000    
   -71.13676780360817        0.000000000000000    
   -71.09499376333157        0.000000000000000    
   -71.05321972305498        0.000000000000000    
   -71.01144568277839        0.000000000000000    
   -70.96967164250179        0.000000000000000    
   -70.92789760222520        0.000000000000000    
   -70.88612356194861        0.000000000000000    
   -70.84434952167202        0.000000000000000    
   -70.80257548139542        0.000000000000000    
   -70.76080144111883        0.000000000000000    
   -70.71902740084224        0.000000000000000    
   -70.67725336056564        0.000000000000000    
   -70.63547932028905        0.000000000000000    
   -70.59370528001246        0.000000000000000    
   -70.55193123973586        0.000000000000000    
   -70.51015719945927        0.000000000000000    
   -70.46838315918268        0.000000000000000    
   -70.42660911890609        0.000000000000000    
   -70.38483507862949        0.000000000000000    
   -70.34306103835290        0.000000000000000    
   -70.30128699807631        0.000000000000000    
   -70.25951295779971        0.000000000000000    
   -70.21773891752312        0.000000000000000    
   -70.17596487724653        0.000000000000000    
   -70.13419083696994        0.000000000000000    
   -70.09241679669334        0.000000000000000    
   -70.05064275641675        0.000000000000000    
   -70.00886871614016        0.000000000000000    
   -69.96709467586356        0.000000000000000    
   -69.92532063558697        0.000000000000000    
   -69.88354659531038        0.000000000000000    
   -69.84177255503378        0.000000000000000    
   -69.79999851475719        0.000000000000000    
   -69.75822447448060        0.000000000000000    
   -69.71645043420401        0.000000000000000    
   -69.67467639392741        0.000000000000000    
   -69.63290235365082        0.000000000000000    
   -69.59112831337423        0.000000000000000    
   -69.54935427309763        0.000000000000000    
   -69.50758023282104        0.000000000000000    
   -69.46580619254445        0.000000000000000    
   -69.42403215226786        0.000000000000000    
   -69.38225811199126        0.000000000000000    
   -69.34048407171467        0.000000000000000    
   -69.29871003143808        0.000000000000000    
   -69.25693599116148        0.000000000000000    
   -69.21516195088489        0.000000000000000    
   -69.17338791060830        0.000000000000000    
   -69.13161387033171        0.000000000000000    
   -69.08983983005511        0.000000000000000    
   -69.04806578977852        0.000000000000000    
   -69.00629174950193        0.000000000000000    
   -68.96451770922533        0.000000000000000    
   -68.92274366894874        0.000000000000000    
   -68.88096962867215        0.000000000000000    
   -68.83919558839555        0.000000000000000    
   -68.79742154811896        0.000000000000000    
   -68.75564750784237        0.000000000000000    
   -68.71387346756578        0.000000000000000    
   -68.67209942728918        0.000000000000000    
   -68.63032538701259        0.000000000000000    
   -68.58855134673600        0.000000000000000    
   -68.54677730645940        0.000000000000000    
   -68.50500326618281        0.000000000000000    
   -68.46322922590622        0.000000000000000    
   -68.42145518562963        0.000000000000000    
   -68.37968114535303        0.000000000000000    
   -68.33790710507644        0.000000000000000    
   -68.29613306479985        0.000000000000000    
   -68.25435902452325        0.000000000000000    
   -68.21258498424666        0.000000000000000    
   -68.17081094397007        0.000000000000000    
   -68.12903690369347        0.000000000000000    
   -68.08726286341688        0.000000000000000    
   -68.04548882314029        0.000000000000000    
   -68.00371478286370        0.000000000000000    
   -67.96194074258710        0.000000000000000    
   -67.92016670231051        0.000000000000000    
   -67.87839266203392        0.000000000000000    
   -67.83661862175732        0.000000000000000    
   -67.79484458148073        0.000000000000000    
   -67.75307054120414        0.000000000000000    
   -67.71129650092755        0.000000000000000    
   -67.66952246065095        0.000000000000000    
   -67.62774842037436        0.000000000000000    
   -67.58597438009777        0.000000000000000    
   -67.54420033982117        0.000000000000000    
   -67.50242629954458        0.000000000000000    
   -67.46065225926799        0.000000000000000    
   -67.41887821899140        0.000000000000000    
   -67.37710417871480        0.000000000000000    
   -67.33533013843821        0.000000000000000    
   -67.29355609816162        0.000000000000000    
   -67.25178205788502        0.000000000000000    
   -67.21000801760843        0.000000000000000    
   -67.16823397733184        0.000000000000000    
   -67.12645993705524        0.000000000000000    
   -67.08468589677865        0.000000000000000    
   -67.04291185650206        0.000000000000000    
   -67.00113781622547        0.000000000000000    
   -66.95936377594887        0.000000000000000    
   -66.91758973567228        0.000000000000000    
   -66.87581569539569        0.000000000000000    
   -66.83404165511909        0.000000000000000    
   -66.79226761484250        0.000000000000000    
   -66.75049357456591        0.000000000000000    
   -66.70871953428932        0.000000000000000    
   -66.66694549401272        0.000000000000000    
   -66.62517145373613        0.000000000000000    
   -66.58339741345954        0.000000000000000    
   -66.54162337318294        0.000000000000000    
   -66.49984933290635        0.000000000000000    
   -66.45807529262976        0.000000000000000    
   -66.41630125235316        0.000000000000000    
   -66.37452721207657        0.000000000000000    
   -66.33275317179998        0.000000000000000    
   -66.29097913152339        0.000000000000000    
   -66.24920509124679        0.000000000000000    
   -66.20743105097020        0.000000000000000    
   -66.16565701069361        0.000000000000000    
   -66.12388297041701        0.000000000000000    
   -66.08210893014042        0.000000000000000    
   -66.04033488986383        0.000000000000000    
   -65.99856084958724        0.000000000000000    
   -65.95678680931064        0.000000000000000    
   -65.91501276903405        0.000000000000000    
   -65.87323872875746        0.000000000000000    
   -65.83146468848086        0.000000000000000    
   -65.78969064820427        0.000000000000000    
   -65.74791660792768        0.000000000000000    
   -65.70614256765109        0.000000000000000    
   -65.66436852737449        0.000000000000000    
   -65.62259448709790        0.000000000000000    
   -65.58082044682131        0.000000000000000    
   -65.53904640654471        0.000000000000000    
   -65.49727236626812        0.000000000000000    
   -65.45549832599153        0.000000000000000    
   -65.41372428571493        0.000000000000000    
   -65.37195024543834        0.000000000000000    
   -65.33017620516175        0.000000000000000    
   -65.28840216488516        0.000000000000000    
   -65.24662812460856        0.000000000000000    
   -65.20485408433197        0.000000000000000    
   -65.16308004405538        0.000000000000000    
   -65.12130600377878        0.000000000000000    
   -65.07953196350219        0.000000000000000    
   -65.03775792322560        0.000000000000000    
   -64.99598388294901        0.000000000000000    
   -64.95420984267241        0.000000000000000    
   -64.91243580239582        0.000000000000000    
   -64.87066176211923        0.000000000000000    
   -64.82888772184263        0.000000000000000    
   -64.78711368156604        0.000000000000000    
   -64.74533964128945        0.000000000000000    
   -64.70356560101285        0.000000000000000    
   -64.66179156073626        0.000000000000000    
   -64.62001752045967        0.000000000000000    
   -64.57824348018308        0.000000000000000    
   -64.53646943990648        0.000000000000000    
   -64.49469539962989        0.000000000000000    
   -64.45292135935330        0.000000000000000    
   -64.41114731907670        0.000000000000000    
   -64.36937327880011        0.000000000000000    
   -64.32759923852352        0.000000000000000    
   -64.28582519824693        0.000000000000000    
   -64.24405115797033        0.000000000000000    
   -64.20227711769374        0.000000000000000    
   -64.16050307741715        0.000000000000000    
   -64.11872903714055        0.000000000000000    
   -64.07695499686396        0.000000000000000    
   -64.03518095658737        0.000000000000000    
   -63.99340691631078        0.000000000000000    
   -63.95163287603420        0.000000000000000    
   -63.90985883575761        0.000000000000000    
   -63.86808479548102        0.000000000000000    
   -63.82631075520444        0.000000000000000    
   -63.78453671492785        0.000000000000000    
   -63.74276267465127        0.000000000000000    
   -63.70098863437468        0.000000000000000    
   -63.65921459409810        0.000000000000000    
   -63.61744055382151        0.000000000000000    
   -63.57566651354492        0.000000000000000    
   -63.53389247326834        0.000000000000000    
   -63.49211843299175        0.000000000000000    
   -63.45034439271517        0.000000000000000    
   -63.40857035243858        0.000000000000000    
   -63.36679631216199        0.000000000000000    
   -63.32502227188541        0.000000000000000    
   -63.28324823160882        0.000000000000000    
   -63.24147419133224        0.000000000000000    
   -63.19970015105565        0.000000000000000    
   -63.15792611077907        0.000000000000000    
   -63.11615207050248        0.000000000000000    
   -63.07437803022589        0.000000000000000    
   -63.03260398994931        0.000000000000000    
   -62.99082994967272        0.000000000000000    
   -62.94905590939614        0.000000000000000    
   -62.90728186911955        0.000000000000000    
   -62.86550782884296        0.000000000000000    
   -62.82373378856638        0.000000000000000    
   -62.78195974828979        0.000000000000000    
   -62.74018570801321        0.000000000000000    
   -62.69841166773662        0.000000000000000    
   -62.65663762746004        0.000000000000000    
   -62.61486358718345        0.000000000000000    
   -62.57308954690686        0.000000000000000    
   -62.53131550663028        0.000000000000000    
   -62.48954146635369        0.000000000000000    
   -62.44776742607711        0.000000000000000    
   -62.40599338580052        0.000000000000000    
   -62.36421934552394        0.000000000000000    
   -62.32244530524735        0.000000000000000    
   -62.28067126497076        0.000000000000000    
   -62.23889722469418        0.000000000000000    
   -62.19712318441759        0.000000000000000    
   -62.15534914414101        0.000000000000000    
   -62.11357510386442        0.000000000000000    
   -62.07180106358783        0.000000000000000    
   -62.03002702331125        0.000000000000000    
   -61.98825298303466        0.000000000000000    
   -61.94647894275808        0.000000000000000    
   -61.90470490248149        0.000000000000000    
   -61.86293086220491        0.000000000000000    
   -61.82115682192832        0.000000000000000    
   -61.77938278165173        0.000000000000000    
   -61.73760874137515        0.000000000000000    
   -61.69583470109856        0.000000000000000    
   -61.65406066082198        0.000000000000000    
   -61.61228662054539        0.000000000000000    
   -61.57051258026880        0.000000000000000    
   -61.52873853999222        0.000000000000000    
   -61.48696449971563        0.000000000000000    
   -61.44519045943905        0.000000000000000    
   -61.40341641916246        0.000000000000000    
   -61.36164237888588        0.000000000000000    
   -61.31986833860929        0.000000000000000    
   -61.27809429833270        0.000000000000000    
   -61.23632025805612        0.000000000000000    
   -61.19454621777953        0.000000000000000    
   -61.15277217750295        0.000000000000000    
   -61.11099813722636        0.000000000000000    
   -61.06922409694977        0.000000000000000    
   -61.02745005667319        0.000000000000000    
   -60.98567601639660        0.000000000000000    
   -60.94390197612002        0.000000000000000    
   -60.90212793584343        0.000000000000000    
   -60.86035389556685        0.000000000000000    
   -60.81857985529026        0.000000000000000    
   -60.77680581501367        0.000000000000000    
   -60.73503177473709        0.000000000000000    
   -60.69325773446050        0.000000000000000    
   -60.65148369418392        0.000000000000000    
   -60.60970965390733        0.000000000000000    
   -60.56793561363074        0.000000000000000    
   -60.52616157335416        0.000000000000000    
   -60.48438753307757        0.000000000000000    
   -60.44261349280099        0.000000000000000    
   -60.40083945252440        0.000000000000000    
   -60.35906541224782        0.000000000000000    
   -60.31729137197123        0.000000000000000    
   -60.27551733169464        0.000000000000000    
   -60.23374329141806        0.000000000000000    
   -60.19196925114147        0.000000000000000    
   -60.15019521086489        0.000000000000000    
   -60.10842117058830        0.000000000000000    
   -60.06664713031171        0.000000000000000    
   -60.02487309003513        0.000000000000000    
   -59.98309904975854        0.000000000000000    
   -59.94132500948196        0.000000000000000    
   -59.89955096920537        0.000000000000000    
   -59.85777692892879        0.000000000000000    
   -59.81600288865220        0.000000000000000    
   -59.77422884837561        0.000000000000000    
   -59.73245480809903        0.000000000000000    
   -59.69068076782244        0.000000000000000    
   -59.64890672754586        0.000000000000000    
   -59.60713268726927        0.000000000000000    
   -59.56535864699269        0.000000000000000    
   -59.52358460671610        0.000000000000000    
   -59.48181056643951        0.000000000000000    
   -59.44003652616293        0.000000000000000    
   -59.39826248588634        0.000000000000000    
   -59.35648844560976        0.000000000000000    
   -59.31471440533317        0.000000000000000    
   -59.27294036505658        0.000000000000000    
   -59.23116632478000        0.000000000000000    
   -59.18939228450341        0.000000000000000    
   -59.14761824422683        0.000000000000000    
   -59.10584420395024        0.000000000000000    
   -59.06407016367366        0.000000000000000    
   -59.02229612339707        0.000000000000000    
   -58.98052208312048        0.000000000000000    
   -58.93874804284390        0.000000000000000    
   -58.89697400256731        0.000000000000000    
   -58.85519996229073        0.000000000000000    
   -58.81342592201414        0.000000000000000    
   -58.77165188173755        0.000000000000000    
   -58.72987784146097        0.000000000000000    
   -58.68810380118438        0.000000000000000    
   -58.64632976090780        0.000000000000000    
   -58.60455572063121        0.000000000000000    
   -58.56278168035463        0.000000000000000    
   -58.52100764007804        0.000000000000000    
   -58.47923359980145        0.000000000000000    
   -58.43745955952487        0.000000000000000    
   -58.39568551924828        0.000000000000000    
   -58.35391147897170        0.000000000000000    
   -58.31213743869511        0.000000000000000    
   -58.27036339841852        0.000000000000000    
   -58.22858935814194        0.000000000000000    
   -58.18681531786535        0.000000000000000    
   -58.14504127758877        0.000000000000000    
   -58.10326723731218        0.000000000000000    
   -58.06149319703560        0.000000000000000    
   -58.01971915675901        0.000000000000000    
   -57.97794511648242        0.000000000000000    
   -57.93617107620584        0.000000000000000    
   -57.89439703592925        0.000000000000000    
   -57.85262299565267        0.000000000000000    
   -57.81084895537608        0.000000000000000    
   -57.76907491509949        0.000000000000000    
   -57.72730087482291        0.000000000000000    
   -57.68552683454632        0.000000000000000    
   -57.64375279426974        0.000000000000000    
   -57.60197875399315        0.000000000000000    
   -57.56020471371657        0.000000000000000    
   -57.51843067343998        0.000000000000000    
   -57.47665663316339        0.000000000000000    
   -57.43488259288681        0.000000000000000    
   -57.39310855261022        0.000000000000000    
   -57.35133451233364        0.000000000000000    
   -57.30956047205705        0.000000000000000    
   -57.26778643178046        0.000000000000000    
   -57.22601239150388        0.000000000000000    
   -57.18423835122729        0.000000000000000    
   -57.14246431095071        0.000000000000000    
   -57.10069027067412        0.000000000000000    
   -57.05891623039754        0.000000000000000    
   -57.01714219012095        0.000000000000000    
   -56.97536814984436        0.000000000000000    
   -56.93359410956778        0.000000000000000    
   -56.89182006929119        0.000000000000000    
   -56.85004602901461        0.000000000000000    
   -56.80827198873802        0.000000000000000    
   -56.76649794846143        0.000000000000000    
   -56.72472390818485        0.000000000000000    
   -56.68294986790826        0.000000000000000    
   -56.64117582763168        0.000000000000000    
   -56.59940178735509        0.000000000000000    
   -56.55762774707851        0.000000000000000    
   -56.51585370680192        0.000000000000000    
   -56.47407966652533        0.000000000000000    
   -56.43230562624875        0.000000000000000    
   -56.39053158597216        0.000000000000000    
   -56.34875754569558        0.000000000000000    
   -56.30698350541899        0.000000000000000    
   -56.26520946514241        0.000000000000000    
   -56.22343542486582        0.000000000000000    
   -56.18166138458923        0.000000000000000    
   -56.13988734431265        0.000000000000000    
   -56.09811330403606        0.000000000000000    
   -56.05633926375948        0.000000000000000    
   -56.01456522348289        0.000000000000000    
   -55.97279118320630        0.000000000000000    
   -55.93101714292972        0.000000000000000    
   -55.88924310265313        0.000000000000000    
   -55.84746906237655        0.000000000000000    
   -55.80569502209996        0.000000000000000    
   -55.76392098182338        0.000000000000000    
   -55.72214694154679        0.000000000000000    
   -55.68037290127020        0.000000000000000    
   -55.63859886099362        0.000000000000000    
   -55.59682482071703        0.000000000000000    
   -55.55505078044045        0.000000000000000    
   -55.51327674016386        0.000000000000000    
   -55.47150269988727        0.000000000000000    
   -55.42972865961069        0.000000000000000    
   -55.38795461933410        0.000000000000000    
   -55.34618057905752        0.000000000000000    
   -55.30440653878093        0.000000000000000    
   -55.26263249850435        0.000000000000000    
   -55.22085845822776        0.000000000000000    
   -55.17908441795117        0.000000000000000    
   -55.13731037767459        0.000000000000000    
   -55.09553633739800        0.000000000000000    
   -55.05376229712142        0.000000000000000    
   -55.01198825684483        0.000000000000000    
   -54.97021421656824        0.000000000000000    
   -54.92844017629166        0.000000000000000    
   -54.88666613601507        0.000000000000000    
   -54.84489209573849        0.000000000000000    
   -54.80311805546190        0.000000000000000    
   -54.76134401518532        0.000000000000000    
   -54.71956997490873        0.000000000000000    
   -54.67779593463214        0.000000000000000    
   -54.63602189435556        0.000000000000000    
   -54.59424785407897        0.000000000000000    
   -54.55247381380239        0.000000000000000    
   -54.51069977352580        0.000000000000000    
   -54.46892573324921        0.000000000000000    
   -54.42715169297263        0.000000000000000    
   -54.38537765269604        0.000000000000000    
   -54.34360361241946        0.000000000000000    
   -54.30182957214287        0.000000000000000    
   -54.26005553186629        0.000000000000000    
   -54.21828149158970        0.000000000000000    
   -54.17650745131311        0.000000000000000    
   -54.13473341103653        0.000000000000000    
   -54.09295937075994        0.000000000000000    
   -54.05118533048336        0.000000000000000    
   -54.00941129020677        0.000000000000000    
   -53.96763724993018        0.000000000000000    
   -53.92586320965360        0.000000000000000    
   -53.88408916937701        0.000000000000000    
   -53.84231512910043        0.000000000000000    
   -53.80054108882384        0.000000000000000    
   -53.75876704854726        0.000000000000000    
   -53.71699300827067        0.000000000000000    
   -53.67521896799408        0.000000000000000    
   -53.63344492771750        0.000000000000000    
   -53.59167088744091        0.000000000000000    
   -53.54989684716433        0.000000000000000    
   -53.50812280688774        0.000000000000000    
   -53.46634876661115        0.000000000000000    
   -53.42457472633457        0.000000000000000    
   -53.38280068605798        0.000000000000000    
   -53.34102664578140        0.000000000000000    
   -53.29925260550481        0.000000000000000    
   -53.25747856522823        0.000000000000000    
   -53.21570452495164        0.000000000000000    
   -53.17393048467505        0.000000000000000    
   -53.13215644439847        0.000000000000000    
   -53.09038240412188        0.000000000000000    
   -53.04860836384530        0.000000000000000    
   -53.00683432356871        0.000000000000000    
   -52.96506028329213        0.000000000000000    
   -52.92328624301554        0.000000000000000    
   -52.88151220273895        0.000000000000000    
   -52.83973816246237        0.000000000000000    
   -52.79796412218578        0.000000000000000    
   -52.75619008190920        0.000000000000000    
   -52.71441604163261        0.000000000000000    
   -52.67264200135602        0.000000000000000    
   -52.63086796107944        0.000000000000000    
   -52.58909392080285        0.000000000000000    
   -52.54731988052627        0.000000000000000    
   -52.50554584024968        0.000000000000000    
   -52.46377179997310        0.000000000000000    
   -52.42199775969651        0.000000000000000    
   -52.38022371941992        0.000000000000000    
   -52.33844967914334        0.000000000000000    
   -52.29667563886675        0.000000000000000    
   -52.25490159859017        0.000000000000000    
   -52.21312755831358        0.000000000000000    
   -52.17135351803699        0.000000000000000    
   -52.12957947776041        0.000000000000000    
   -52.08780543748382        0.000000000000000    
   -52.04603139720724        0.000000000000000    
   -52.00425735693065        0.000000000000000    
   -51.96248331665407        0.000000000000000    
   -51.92070927637748        0.000000000000000    
   -51.87893523610089        0.000000000000000    
   -51.83716119582431        0.000000000000000    
   -51.79538715554772        0.000000000000000    
   -51.75361311527114        0.000000000000000    
   -51.71183907499455        0.000000000000000    
   -51.67006503471796        0.000000000000000    
   -51.62829099444138        0.000000000000000    
   -51.58651695416479        0.000000000000000    
   -51.54474291388821        0.000000000000000    
   -51.50296887361162        0.000000000000000    
   -51.46119483333504        0.000000000000000    
   -51.41942079305845        0.000000000000000    
   -51.37764675278186        0.000000000000000    
   -51.33587271250528        0.000000000000000    
   -51.29409867222869        0.000000000000000    
   -51.25232463195211        0.000000000000000    
   -51.21055059167552        0.000000000000000    
   -51.16877655139893        0.000000000000000    
   -51.12700251112235        0.000000000000000    
   -51.08522847084576        0.000000000000000    
   -51.04345443056918        0.000000000000000    
   -51.00168039029259        0.000000000000000    
   -50.95990635001601        0.000000000000000    
   -50.91813230973942        0.000000000000000    
   -50.87635826946283        0.000000000000000    
   -50.83458422918625        0.000000000000000    
   -50.79281018890966        0.000000000000000    
   -50.75103614863308        0.000000000000000    
   -50.70926210835649        0.000000000000000    
   -50.66748806807990        0.000000000000000    
   -50.62571402780332        0.000000000000000    
   -50.58393998752673        0.000000000000000    
   -50.54216594725015        0.000000000000000    
   -50.50039190697356        0.000000000000000    
   -50.45861786669698        0.000000000000000    
   -50.41684382642039        0.000000000000000    
   -50.37506978614380        0.000000000000000    
   -50.33329574586722        0.000000000000000    
   -50.29152170559063        0.000000000000000    
   -50.24974766531405        0.000000000000000    
   -50.20797362503746        0.000000000000000    
   -50.16619958476088        0.000000000000000    
   -50.12442554448429        0.000000000000000    
   -50.08265150420770        0.000000000000000    
   -50.04087746393112        0.000000000000000    
   -49.99910342365453        0.000000000000000    
   -49.95732938337795        0.000000000000000    
   -49.91555534310136        0.000000000000000    
   -49.87378130282477        0.000000000000000    
   -49.83200726254819        0.000000000000000    
   -49.79023322227160        0.000000000000000    
   -49.74845918199502        0.000000000000000    
   -49.70668514171843        0.000000000000000    
   -49.66491110144185        0.000000000000000    
   -49.62313706116526        0.000000000000000    
   -49.58136302088867        0.000000000000000    
   -49.53958898061209        0.000000000000000    
   -49.49781494033550        0.000000000000000    
   -49.45604090005892        0.000000000000000    
   -49.41426685978233        0.000000000000000    
   -49.37249281950574        0.000000000000000    
   -49.33071877922916        0.000000000000000    
   -49.28894473895257        0.000000000000000    
   -49.24717069867599        0.000000000000000    
   -49.20539665839940        0.000000000000000    
   -49.16362261812282        0.000000000000000    
   -49.12184857784623        0.000000000000000    
   -49.08007453756964        0.000000000000000    
   -49.03830049729306        0.000000000000000    
   -48.99652645701647        0.000000000000000    
   -48.95475241673989        0.000000000000000    
   -48.91297837646330        0.000000000000000    
   -48.87120433618671        0.000000000000000    
   -48.82943029591013        0.000000000000000    
   -48.78765625563354        0.000000000000000    
   -48.74588221535696        0.000000000000000    
   -48.70410817508037        0.000000000000000    
   -48.66233413480379        0.000000000000000    
   -48.62056009452720        0.000000000000000    
   -48.57878605425061        0.000000000000000    
   -48.53701201397403        0.000000000000000    
   -48.49523797369744        0.000000000000000    
   -48.45346393342086        0.000000000000000    
   -48.41168989314427        0.000000000000000    
   -48.36991585286768        0.000000000000000    
   -48.32814181259110        0.000000000000000    
   -48.28636777231451        0.000000000000000    
   -48.24459373203793        0.000000000000000    
   -48.20281969176134        0.000000000000000    
   -48.16104565148476        0.000000000000000    
   -48.11927161120817        0.000000000000000    
   -48.07749757093158        0.000000000000000    
   -48.03572353065500        0.000000000000000    
   -47.99394949037841        0.000000000000000    
   -47.95217545010183        0.000000000000000    
   -47.91040140982524        0.000000000000000    
   -47.86862736954865        0.000000000000000    
   -47.82685332927207        0.000000000000000    
   -47.78507928899548        0.000000000000000    
   -47.74330524871890        0.000000000000000    
   -47.70153120844231        0.000000000000000    
   -47.65975716816573        0.000000000000000    
   -47.61798312788914        0.000000000000000    
   -47.57620908761255        0.000000000000000    
   -47.53443504733597        0.000000000000000    
   -47.49266100705938        0.000000000000000    
   -47.45088696678280        0.000000000000000    
   -47.40911292650621        0.000000000000000    
   -47.36733888622962        0.000000000000000    
   -47.32556484595304        0.000000000000000    
   -47.28379080567645        0.000000000000000    
   -47.24201676539987        0.000000000000000    
   -47.20024272512328        0.000000000000000    
   -47.15846868484670        0.000000000000000    
   -47.11669464457011        0.000000000000000    
   -47.07492060429352        0.000000000000000    
   -47.03314656401694        0.000000000000000    
   -46.99137252374035        0.000000000000000    
   -46.94959848346377        0.000000000000000    
   -46.90782444318718        0.000000000000000    
   -46.86605040291060        0.000000000000000    
   -46.82427636263401        0.000000000000000    
   -46.78250232235742        0.000000000000000    
   -46.74072828208084        0.000000000000000    
   -46.69895424180425        0.000000000000000    
   -46.65718020152767        0.000000000000000    
   -46.61540616125108        0.000000000000000    
   -46.57363212097449        0.000000000000000    
   -46.53185808069791        0.000000000000000    
   -46.49008404042132        0.000000000000000    
   -46.44831000014474        0.000000000000000    
   -46.40653595986815        0.000000000000000    
   -46.36476191959157        0.000000000000000    
   -46.32298787931498        0.000000000000000    
   -46.28121383903839        0.000000000000000    
   -46.23943979876181        0.000000000000000    
   -46.19766575848522        0.000000000000000    
   -46.15589171820864        0.000000000000000    
   -46.11411767793205        0.000000000000000    
   -46.07234363765546        0.000000000000000    
   -46.03056959737888        0.000000000000000    
   -45.98879555710229        0.000000000000000    
   -45.94702151682571        0.000000000000000    
   -45.90524747654912        0.000000000000000    
   -45.86347343627254        0.000000000000000    
   -45.82169939599595        0.000000000000000    
   -45.77992535571936        0.000000000000000    
   -45.73815131544278        0.000000000000000    
   -45.69637727516619        0.000000000000000    
   -45.65460323488961        0.000000000000000    
   -45.61282919461302        0.000000000000000    
   -45.57105515433643        0.000000000000000    
   -45.52928111405985        0.000000000000000    
   -45.48750707378326        0.000000000000000    
   -45.44573303350668        0.000000000000000    
   -45.40395899323009        0.000000000000000    
   -45.36218495295351        0.000000000000000    
   -45.32041091267692        0.000000000000000    
   -45.27863687240033        0.000000000000000    
   -45.23686283212375        0.000000000000000    
   -45.19508879184716        0.000000000000000    
   -45.15331475157058        0.000000000000000    
   -45.11154071129399        0.000000000000000    
   -45.06976667101740        0.000000000000000    
   -45.02799263074082        0.000000000000000    
   -44.98621859046423        0.000000000000000    
   -44.94444455018765        0.000000000000000    
   -44.90267050991106        0.000000000000000    
   -44.86089646963448        0.000000000000000    
   -44.81912242935789        0.000000000000000    
   -44.77734838908130        0.000000000000000    
   -44.73557434880472        0.000000000000000    
   -44.69380030852813        0.000000000000000    
   -44.65202626825155        0.000000000000000    
   -44.61025222797496        0.000000000000000    
   -44.56847818769837        0.000000000000000    
   -44.52670414742179        0.000000000000000    
   -44.48493010714520        0.000000000000000    
   -44.44315606686862        0.000000000000000    
   -44.40138202659203        0.000000000000000    
   -44.35960798631545        0.000000000000000    
   -44.31783394603886        0.000000000000000    
   -44.27605990576227        0.000000000000000    
   -44.23428586548569        0.000000000000000    
   -44.19251182520910        0.000000000000000    
   -44.15073778493252        0.000000000000000    
   -44.10896374465593        0.000000000000000    
   -44.06718970437935        0.000000000000000    
   -44.02541566410276        0.000000000000000    
   -43.98364162382617        0.000000000000000    
   -43.94186758354959        0.000000000000000    
   -43.90009354327300        0.000000000000000    
   -43.85831950299642        0.000000000000000    
   -43.81654546271983        0.000000000000000    
   -43.77477142244324        0.000000000000000    
   -43.73299738216666        0.000000000000000    
   -43.69122334189007        0.000000000000000    
   -43.64944930161349        0.000000000000000    
   -43.60767526133690        0.000000000000000    
   -43.56590122106032        0.000000000000000    
   -43.52412718078373        0.000000000000000    
   -43.48235314050714        0.000000000000000    
   -43.44057910023056        0.000000000000000    
   -43.39880505995397        0.000000000000000    
   -43.35703101967739        0.000000000000000    
   -43.31525697940080        0.000000000000000    
   -43.27348293912421        0.000000000000000    
   -43.23170889884763        0.000000000000000    
   -43.18993485857104        0.000000000000000    
   -43.14816081829446        0.000000000000000    
   -43.10638677801787        0.000000000000000    
   -43.06461273774129        0.000000000000000    
   -43.02283869746470        0.000000000000000    
   -42.98106465718811        0.000000000000000    
   -42.93929061691153        0.000000000000000    
   -42.89751657663494        0.000000000000000    
   -42.85574253635836        0.000000000000000    
   -42.81396849608177        0.000000000000000    
   -42.77219445580518        0.000000000000000    
   -42.73042041552860        0.000000000000000    
   -42.68864637525201        0.000000000000000    
   -42.64687233497543        0.000000000000000    
   -42.60509829469884        0.000000000000000    
   -42.56332425442226        0.000000000000000    
   -42.52155021414567        0.000000000000000    
   -42.47977617386908        0.000000000000000    
   -42.43800213359250        0.000000000000000    
   -42.39622809331591        0.000000000000000    
   -42.35445405303933        0.000000000000000    
   -42.31268001276274        0.000000000000000    
   -42.27090597248615        0.000000000000000    
   -42.22913193220957        0.000000000000000    
   -42.18735789193298        0.000000000000000    
   -42.14558385165640        0.000000000000000    
   -42.10380981137981        0.000000000000000    
   -42.06203577110323        0.000000000000000    
   -42.02026173082664        0.000000000000000    
   -41.97848769055005        0.000000000000000    
   -41.93671365027347        0.000000000000000    
   -41.89493960999688        0.000000000000000    
   -41.85316556972030        0.000000000000000    
   -41.81139152944371        0.000000000000000    
   -41.76961748916712        0.000000000000000    
   -41.72784344889054        0.000000000000000    
   -41.68606940861395        0.000000000000000    
   -41.64429536833737        0.000000000000000    
   -41.60252132806078        0.000000000000000    
   -41.56074728778420        0.000000000000000    
   -41.51897324750761        0.000000000000000    
   -41.47719920723102        0.000000000000000    
   -41.43542516695444        0.000000000000000    
   -41.39365112667785        0.000000000000000    
   -41.35187708640127        0.000000000000000    
   -41.31010304612468        0.000000000000000    
   -41.26832900584809        0.000000000000000    
   -41.22655496557151        0.000000000000000    
   -41.18478092529492        0.000000000000000    
   -41.14300688501834        0.000000000000000    
   -41.10123284474175        0.000000000000000    
   -41.05945880446517        0.000000000000000    
   -41.01768476418858        0.000000000000000    
   -40.97591072391199        0.000000000000000    
   -40.93413668363541        0.000000000000000    
   -40.89236264335882        0.000000000000000    
   -40.85058860308224        0.000000000000000    
   -40.80881456280565        0.000000000000000    
   -40.76704052252907        0.000000000000000    
   -40.72526648225248        0.000000000000000    
   -40.68349244197589        0.000000000000000    
   -40.64171840169931        0.000000000000000    
   -40.59994436142272        0.000000000000000    
   -40.55817032114614        0.000000000000000    
   -40.51639628086955        0.000000000000000    
   -40.47462224059296        0.000000000000000    
   -40.43284820031638        0.000000000000000    
   -40.39107416003979        0.000000000000000    
   -40.34930011976321        0.000000000000000    
   -40.30752607948662        0.000000000000000    
   -40.26575203921004        0.000000000000000    
   -40.22397799893345        0.000000000000000    
   -40.18220395865686        0.000000000000000    
   -40.14042991838028        0.000000000000000    
   -40.09865587810369        0.000000000000000    
   -40.05688183782711        0.000000000000000    
   -40.01510779755052        0.000000000000000    
   -39.97333375727393        0.000000000000000    
   -39.93155971699735        0.000000000000000    
   -39.88978567672076        0.000000000000000    
   -39.84801163644418        0.000000000000000    
   -39.80623759616759        0.000000000000000    
   -39.76446355589101        0.000000000000000    
   -39.72268951561442        0.000000000000000    
   -39.68091547533783        0.000000000000000    
   -39.63914143506125        0.000000000000000    
   -39.59736739478466        0.000000000000000    
   -39.55559335450808        0.000000000000000    
   -39.51381931423149        0.000000000000000    
   -39.47204527395490        0.000000000000000    
   -39.43027123367832        0.000000000000000    
   -39.38849719340173        0.000000000000000    
   -39.34672315312515        0.000000000000000    
   -39.30494911284856        0.000000000000000    
   -39.26317507257198        0.000000000000000    
   -39.22140103229539        0.000000000000000    
   -39.17962699201880        0.000000000000000    
   -39.13785295174222        0.000000000000000    
   -39.09607891146563        0.000000000000000    
   -39.05430487118905        0.000000000000000    
   -39.01253083091246        0.000000000000000    
   -38.97075679063587        0.000000000000000    
   -38.92898275035929        0.000000000000000    
   -38.88720871008270        0.000000000000000    
   -38.84543466980612        0.000000000000000    
   -38.80366062952953        0.000000000000000    
   -38.76188658925295        0.000000000000000    
   -38.72011254897636        0.000000000000000    
   -38.67833850869977        0.000000000000000    
   -38.63656446842319        0.000000000000000    
   -38.59479042814660        0.000000000000000    
   -38.55301638787002        0.000000000000000    
   -38.51124234759343        0.000000000000000    
   -38.46946830731684        0.000000000000000    
   -38.42769426704026        0.000000000000000    
   -38.38592022676367        0.000000000000000    
   -38.34414618648709        0.000000000000000    
   -38.30237214621050        0.000000000000000    
   -38.26059810593392        0.000000000000000    
   -38.21882406565733        0.000000000000000    
   -38.17705002538074        0.000000000000000    
   -38.13527598510416        0.000000000000000    
   -38.09350194482757        0.000000000000000    
   -38.05172790455099        0.000000000000000    
   -38.00995386427440        0.000000000000000    
   -37.96817982399781        0.000000000000000    
   -37.92640578372123        0.000000000000000    
   -37.88463174344464        0.000000000000000    
   -37.84285770316806        0.000000000000000    
   -37.80108366289147        0.000000000000000    
   -37.75930962261489        0.000000000000000    
   -37.71753558233830        0.000000000000000    
   -37.67576154206171        0.000000000000000    
   -37.63398750178513        0.000000000000000    
   -37.59221346150854        0.000000000000000    
   -37.55043942123196        0.000000000000000    
   -37.50866538095537        0.000000000000000    
   -37.46689134067879        0.000000000000000    
   -37.42511730040220        0.000000000000000    
   -37.38334326012561        0.000000000000000    
   -37.34156921984903        0.000000000000000    
   -37.29979517957244        0.000000000000000    
   -37.25802113929586        0.000000000000000    
   -37.21624709901927        0.000000000000000    
   -37.17447305874268        0.000000000000000    
   -37.13269901846610        0.000000000000000    
   -37.09092497818951        0.000000000000000    
   -37.04915093791293        0.000000000000000    
   -37.00737689763634        0.000000000000000    
   -36.96560285735976        0.000000000000000    
   -36.92382881708317        0.000000000000000    
   -36.88205477680658        0.000000000000000    
   -36.84028073653000        0.000000000000000    
   -36.79850669625341        0.000000000000000    
   -36.75673265597683        0.000000000000000    
   -36.71495861570024        0.000000000000000    
   -36.67318457542365        0.000000000000000    
   -36.63141053514707        0.000000000000000    
   -36.58963649487048        0.000000000000000    
   -36.54786245459390        0.000000000000000    
   -36.50608841431731        0.000000000000000    
   -36.46431437404073        0.000000000000000    
   -36.42254033376414        0.000000000000000    
   -36.38076629348755        0.000000000000000    
   -36.33899225321097        0.000000000000000    
   -36.29721821293438        0.000000000000000    
   -36.25544417265780        0.000000000000000    
   -36.21367013238121        0.000000000000000    
   -36.17189609210462        0.000000000000000    
   -36.13012205182804        0.000000000000000    
   -36.08834801155145        0.000000000000000    
   -36.04657397127487        0.000000000000000    
   -36.00479993099828        0.000000000000000    
   -35.96302589072170        0.000000000000000    
   -35.92125185044511        0.000000000000000    
   -35.87947781016852        0.000000000000000    
   -35.83770376989194        0.000000000000000    
   -35.79592972961535        0.000000000000000    
   -35.75415568933877        0.000000000000000    
   -35.71238164906218        0.000000000000000    
   -35.67060760878559        0.000000000000000    
   -35.62883356850901        0.000000000000000    
   -35.58705952823242        0.000000000000000    
   -35.54528548795584        0.000000000000000    
   -35.50351144767925        0.000000000000000    
   -35.46173740740267        0.000000000000000    
   -35.41996336712608        0.000000000000000    
   -35.37818932684949        0.000000000000000    
   -35.33641528657291        0.000000000000000    
   -35.29464124629632        0.000000000000000    
   -35.25286720601974        0.000000000000000    
   -35.21109316574315        0.000000000000000    
   -35.16931912546656        0.000000000000000    
   -35.12754508518998        0.000000000000000    
   -35.08577104491339        0.000000000000000    
   -35.04399700463681        0.000000000000000    
   -35.00222296436022        0.000000000000000    
   -34.96044892408364        0.000000000000000    
   -34.91867488380705        0.000000000000000    
   -34.87690084353046        0.000000000000000    
   -34.83512680325388        0.000000000000000    
   -34.79335276297729        0.000000000000000    
   -34.75157872270071        0.000000000000000    
   -34.70980468242412        0.000000000000000    
   -34.66803064214754        0.000000000000000    
   -34.62625660187095        0.000000000000000    
   -34.58448256159436        0.000000000000000    
   -34.54270852131778        0.000000000000000    
   -34.50093448104119        0.000000000000000    
   -34.45916044076461        0.000000000000000    
   -34.41738640048802        0.000000000000000    
   -34.37561236021143        0.000000000000000    
   -34.33383831993485        0.000000000000000    
   -34.29206427965826        0.000000000000000    
   -34.25029023938168        0.000000000000000    
   -34.20851619910509        0.000000000000000    
   -34.16674215882851        0.000000000000000    
   -34.12496811855192        0.000000000000000    
   -34.08319407827533        0.000000000000000    
   -34.04142003799875        0.000000000000000    
   -33.99964599772216        0.000000000000000    
   -33.95787195744558        0.000000000000000    
   -33.91609791716899        0.000000000000000    
   -33.87432387689240        0.000000000000000    
   -33.83254983661582        0.000000000000000    
   -33.79077579633923        0.000000000000000    
   -33.74900175606265        0.000000000000000    
   -33.70722771578606        0.000000000000000    
   -33.66545367550948        0.000000000000000    
   -33.62367963523289        0.000000000000000    
   -33.58190559495630        0.000000000000000    
   -33.54013155467972        0.000000000000000    
   -33.49835751440313        0.000000000000000    
   -33.45658347412655        0.000000000000000    
   -33.41480943384996        0.000000000000000    
   -33.37303539357337        0.000000000000000    
   -33.33126135329679        0.000000000000000    
   -33.28948731302020        0.000000000000000    
   -33.24771327274362        0.000000000000000    
   -33.20593923246703        0.000000000000000    
   -33.16416519219045        0.000000000000000    
   -33.12239115191386        0.000000000000000    
   -33.08061711163727        0.000000000000000    
   -33.03884307136069        0.000000000000000    
   -32.99706903108410        0.000000000000000    
   -32.95529499080752        0.000000000000000    
   -32.91352095053093        0.000000000000000    
   -32.87174691025434        0.000000000000000    
   -32.82997286997776        0.000000000000000    
   -32.78819882970117        0.000000000000000    
   -32.74642478942459        0.000000000000000    
   -32.70465074914800        0.000000000000000    
   -32.66287670887142        0.000000000000000    
   -32.62110266859483        0.000000000000000    
   -32.57932862831824        0.000000000000000    
   -32.53755458804166        0.000000000000000    
   -32.49578054776507        0.000000000000000    
   -32.45400650748849        0.000000000000000    
   -32.41223246721190        0.000000000000000    
   -32.37045842693531        0.000000000000000    
   -32.32868438665873        0.000000000000000    
   -32.28691034638214        0.000000000000000    
   -32.24513630610556        0.000000000000000    
   -32.20336226582897        0.000000000000000    
   -32.16158822555239        0.000000000000000    
   -32.11981418527580        0.000000000000000    
   -32.07804014499921        0.000000000000000    
   -32.03626610472263        0.000000000000000    
   -31.99449206444604        0.000000000000000    
   -31.95271802416945        0.000000000000000    
   -31.91094398389286        0.000000000000000    
   -31.86916994361627        0.000000000000000    
   -31.82739590333968        0.000000000000000    
   -31.78562186306309        0.000000000000000    
   -31.74384782278650        0.000000000000000    
   -31.70207378250991        0.000000000000000    
   -31.66029974223332        0.000000000000000    
   -31.61852570195673        0.000000000000000    
   -31.57675166168015        0.000000000000000    
   -31.53497762140356        0.000000000000000    
   -31.49320358112697        0.000000000000000    
   -31.45142954085038        0.000000000000000    
   -31.40965550057379        0.000000000000000    
   -31.36788146029720        0.000000000000000    
   -31.32610742002061        0.000000000000000    
   -31.28433337974402        0.000000000000000    
   -31.24255933946743        0.000000000000000    
   -31.20078529919084        0.000000000000000    
   -31.15901125891425        0.000000000000000    
   -31.11723721863766        0.000000000000000    
   -31.07546317836107        0.000000000000000    
   -31.03368913808448        0.000000000000000    
   -30.99191509780789        0.000000000000000    
   -30.95014105753130        0.000000000000000    
   -30.90836701725472        0.000000000000000    
   -30.86659297697813        0.000000000000000    
   -30.82481893670154        0.000000000000000    
   -30.78304489642495        0.000000000000000    
   -30.74127085614836        0.000000000000000    
   -30.69949681587177        0.000000000000000    
   -30.65772277559518        0.000000000000000    
   -30.61594873531859        0.000000000000000    
   -30.57417469504200        0.000000000000000    
   -30.53240065476541        0.000000000000000    
   -30.49062661448882        0.000000000000000    
   -30.44885257421223        0.000000000000000    
   -30.40707853393564        0.000000000000000    
   -30.36530449365905        0.000000000000000    
   -30.32353045338246        0.000000000000000    
   -30.28175641310587        0.000000000000000    
   -30.23998237282929        0.000000000000000    
   -30.19820833255270        0.000000000000000    
   -30.15643429227611        0.000000000000000    
   -30.11466025199952        0.000000000000000    
   -30.07288621172293        0.000000000000000    
   -30.03111217144634        0.000000000000000    
   -29.98933813116975        0.000000000000000    
   -29.94756409089316        0.000000000000000    
   -29.90579005061657        0.000000000000000    
   -29.86401601033998        0.000000000000000    
   -29.82224197006339        0.000000000000000    
   -29.78046792978680        0.000000000000000    
   -29.73869388951021        0.000000000000000    
   -29.69691984923362        0.000000000000000    
   -29.65514580895703        0.000000000000000    
   -29.61337176868044        0.000000000000000    
   -29.57159772840386        0.000000000000000    
   -29.52982368812727        0.000000000000000    
   -29.48804964785068        0.000000000000000    
   -29.44627560757409        0.000000000000000    
   -29.40450156729750        0.000000000000000    
   -29.36272752702091        0.000000000000000    
   -29.32095348674432        0.000000000000000    
   -29.27917944646773        0.000000000000000    
   -29.23740540619114        0.000000000000000    
   -29.19563136591455        0.000000000000000    
   -29.15385732563796        0.000000000000000    
   -29.11208328536137        0.000000000000000    
   -29.07030924508478        0.000000000000000    
   -29.02853520480819        0.000000000000000    
   -28.98676116453160        0.000000000000000    
   -28.94498712425501        0.000000000000000    
   -28.90321308397843        0.000000000000000    
   -28.86143904370184        0.000000000000000    
   -28.81966500342525        0.000000000000000    
   -28.77789096314866        0.000000000000000    
   -28.73611692287207        0.000000000000000    
   -28.69434288259548        0.000000000000000    
   -28.65256884231889        0.000000000000000    
   -28.61079480204230        0.000000000000000    
   -28.56902076176571        0.000000000000000    
   -28.52724672148912        0.000000000000000    
   -28.48547268121253        0.000000000000000    
   -28.44369864093594        0.000000000000000    
   -28.40192460065935        0.000000000000000    
   -28.36015056038276        0.000000000000000    
   -28.31837652010617        0.000000000000000    
   -28.27660247982958        0.000000000000000    
   -28.23482843955300        0.000000000000000    
   -28.19305439927641        0.000000000000000    
   -28.15128035899982        0.000000000000000    
   -28.10950631872323        0.000000000000000    
   -28.06773227844664        0.000000000000000    
   -28.02595823817005        0.000000000000000    
   -27.98418419789346        0.000000000000000    
   -27.94241015761687        0.000000000000000    
   -27.90063611734028        0.000000000000000    
   -27.85886207706369        0.000000000000000    
   -27.81708803678710        0.000000000000000    
   -27.77531399651051        0.000000000000000    
   -27.73353995623392        0.000000000000000    
   -27.69176591595733        0.000000000000000    
   -27.64999187568074        0.000000000000000    
   -27.60821783540415        0.000000000000000    
   -27.56644379512757        0.000000000000000    
   -27.52466975485098        0.000000000000000    
   -27.48289571457439        0.000000000000000    
   -27.44112167429780        0.000000000000000    
   -27.39934763402121        0.000000000000000    
   -27.35757359374462        0.000000000000000    
   -27.31579955346803        0.000000000000000    
   -27.27402551319144        0.000000000000000    
   -27.23225147291485        0.000000000000000    
   -27.19047743263826        0.000000000000000    
   -27.14870339236167        0.000000000000000    
   -27.10692935208508        0.000000000000000    
   -27.06515531180849        0.000000000000000    
   -27.02338127153190        0.000000000000000    
   -26.98160723125531        0.000000000000000    
   -26.93983319097872        0.000000000000000    
   -26.89805915070214        0.000000000000000    
   -26.85628511042555        0.000000000000000    
   -26.81451107014896        0.000000000000000    
   -26.77273702987237        0.000000000000000    
   -26.73096298959578        0.000000000000000    
   -26.68918894931919        0.000000000000000    
   -26.64741490904260        0.000000000000000    
   -26.60564086876601        0.000000000000000    
   -26.56386682848942        0.000000000000000    
   -26.52209278821283        0.000000000000000    
   -26.48031874793624        0.000000000000000    
   -26.43854470765965        0.000000000000000    
   -26.39677066738306        0.000000000000000    
   -26.35499662710647        0.000000000000000    
   -26.31322258682988        0.000000000000000    
   -26.27144854655329        0.000000000000000    
   -26.22967450627671        0.000000000000000    
   -26.18790046600012        0.000000000000000    
   -26.14612642572353        0.000000000000000    
   -26.10435238544694        0.000000000000000    
   -26.06257834517035        0.000000000000000    
   -26.02080430489376        0.000000000000000    
   -25.97903026461717        0.000000000000000    
   -25.93725622434058        0.000000000000000    
   -25.89548218406399        0.000000000000000    
   -25.85370814378740        0.000000000000000    
   -25.81193410351081        0.000000000000000    
   -25.77016006323422        0.000000000000000    
   -25.72838602295763        0.000000000000000    
   -25.68661198268104        0.000000000000000    
   -25.64483794240445        0.000000000000000    
   -25.60306390212786        0.000000000000000    
   -25.56128986185128        0.000000000000000    
   -25.51951582157469        0.000000000000000    
   -25.47774178129810        0.000000000000000    
   -25.43596774102151        0.000000000000000    
   -25.39419370074492        0.000000000000000    
   -25.35241966046833        0.000000000000000    
   -25.31064562019174        0.000000000000000    
   -25.26887157991515        0.000000000000000    
   -25.22709753963856        0.000000000000000    
   -25.18532349936197        0.000000000000000    
   -25.14354945908538        0.000000000000000    
   -25.10177541880879        0.000000000000000    
   -25.06000137853220        0.000000000000000    
   -25.01822733825561        0.000000000000000    
   -24.97645329797902        0.000000000000000    
   -24.93467925770243        0.000000000000000    
   -24.89290521742585        0.000000000000000    
   -24.85113117714926        0.000000000000000    
   -24.80935713687267        0.000000000000000    
   -24.76758309659608        0.000000000000000    
   -24.72580905631949        0.000000000000000    
   -24.68403501604290        0.000000000000000    
   -24.64226097576631        0.000000000000000    
   -24.60048693548972        0.000000000000000    
   -24.55871289521313        0.000000000000000    
   -24.51693885493654        0.000000000000000    
   -24.47516481465995        0.000000000000000    
   -24.43339077438336        0.000000000000000    
   -24.39161673410677        0.000000000000000    
   -24.34984269383018        0.000000000000000    
   -24.30806865355359        0.000000000000000    
   -24.26629461327700        0.000000000000000    
   -24.22452057300042        0.000000000000000    
   -24.18274653272383        0.000000000000000    
   -24.14097249244724        0.000000000000000    
   -24.09919845217065        0.000000000000000    
   -24.05742441189406        0.000000000000000    
   -24.01565037161747        0.000000000000000    
   -23.97387633134088        0.000000000000000    
   -23.93210229106429        0.000000000000000    
   -23.89032825078770        0.000000000000000    
   -23.84855421051111        0.000000000000000    
   -23.80678017023452        0.000000000000000    
   -23.76500612995793        0.000000000000000    
   -23.72323208968134        0.000000000000000    
   -23.68145804940475        0.000000000000000    
   -23.63968400912816        0.000000000000000    
   -23.59790996885157        0.000000000000000    
   -23.55613592857499        0.000000000000000    
   -23.51436188829840        0.000000000000000    
   -23.47258784802181        0.000000000000000    
   -23.43081380774522        0.000000000000000    
   -23.38903976746863        0.000000000000000    
   -23.34726572719204        0.000000000000000    
   -23.30549168691545        0.000000000000000    
   -23.26371764663886        0.000000000000000    
   -23.22194360636227        0.000000000000000    
   -23.18016956608568        0.000000000000000    
   -23.13839552580909        0.000000000000000    
   -23.09662148553250        0.000000000000000    
   -23.05484744525591        0.000000000000000    
   -23.01307340497932        0.000000000000000    
   -22.97129936470273        0.000000000000000    
   -22.92952532442614        0.000000000000000    
   -22.88775128414956        0.000000000000000    
   -22.84597724387297        0.000000000000000    
   -22.80420320359638        0.000000000000000    
   -22.76242916331979        0.000000000000000    
   -22.72065512304320        0.000000000000000    
   -22.67888108276661        0.000000000000000    
   -22.63710704249002        0.000000000000000    
   -22.59533300221343        0.000000000000000    
   -22.55355896193684        0.000000000000000    
   -22.51178492166025        0.000000000000000    
   -22.47001088138366        0.000000000000000    
   -22.42823684110707        0.000000000000000    
   -22.38646280083048        0.000000000000000    
   -22.34468876055389        0.000000000000000    
   -22.30291472027730        0.000000000000000    
   -22.26114068000071        0.000000000000000    
   -22.21936663972413        0.000000000000000    
   -22.17759259944754        0.000000000000000    
   -22.13581855917095        0.000000000000000    
   -22.09404451889436        0.000000000000000    
   -22.05227047861777        0.000000000000000    
   -22.01049643834118        0.000000000000000    
   -21.96872239806459        0.000000000000000    
   -21.92694835778800        0.000000000000000    
   -21.88517431751141        0.000000000000000    
   -21.84340027723482        0.000000000000000    
   -21.80162623695823        0.000000000000000    
   -21.75985219668164        0.000000000000000    
   -21.71807815640505        0.000000000000000    
   -21.67630411612846        0.000000000000000    
   -21.63453007585187        0.000000000000000    
   -21.59275603557528        0.000000000000000    
   -21.55098199529870        0.000000000000000    
   -21.50920795502211        0.000000000000000    
   -21.46743391474552        0.000000000000000    
   -21.42565987446893        0.000000000000000    
   -21.38388583419234        0.000000000000000    
   -21.34211179391575        0.000000000000000    
   -21.30033775363916        0.000000000000000    
   -21.25856371336257        0.000000000000000    
   -21.21678967308598        0.000000000000000    
   -21.17501563280939        0.000000000000000    
   -21.13324159253280        0.000000000000000    
   -21.09146755225621        0.000000000000000    
   -21.04969351197962        0.000000000000000    
   -21.00791947170303        0.000000000000000    
   -20.96614543142644        0.000000000000000    
   -20.92437139114985        0.000000000000000    
   -20.88259735087327        0.000000000000000    
   -20.84082331059668        0.000000000000000    
   -20.79904927032009        0.000000000000000    
   -20.75727523004350        0.000000000000000    
   -20.71550118976691        0.000000000000000    
   -20.67372714949032        0.000000000000000    
   -20.63195310921373        0.000000000000000    
   -20.59017906893714        0.000000000000000    
   -20.54840502866055        0.000000000000000    
   -20.50663098838396        0.000000000000000    
   -20.46485694810737        0.000000000000000    
   -20.42308290783078        0.000000000000000    
   -20.38130886755419        0.000000000000000    
   -20.33953482727760        0.000000000000000    
   -20.29776078700101        0.000000000000000    
   -20.25598674672442        0.000000000000000    
   -20.21421270644784        0.000000000000000    
   -20.17243866617125        0.000000000000000    
   -20.13066462589466        0.000000000000000    
   -20.08889058561807        0.000000000000000    
   -20.04711654534148        0.000000000000000    
   -20.00534250506489        0.000000000000000    
   -19.96356846478830        0.000000000000000    
   -19.92179442451171        0.000000000000000    
   -19.88002038423512        0.000000000000000    
   -19.83824634395853        0.000000000000000    
   -19.79647230368194        0.000000000000000    
   -19.75469826340535        0.000000000000000    
   -19.71292422312876        0.000000000000000    
   -19.67115018285217        0.000000000000000    
   -19.62937614257558        0.000000000000000    
   -19.58760210229899        0.000000000000000    
   -19.54582806202241        0.000000000000000    
   -19.50405402174582        0.000000000000000    
   -19.46227998146923        0.000000000000000    
   -19.42050594119264        0.000000000000000    
   -19.37873190091605        0.000000000000000    
   -19.33695786063946        0.000000000000000    
   -19.29518382036287        0.000000000000000    
   -19.25340978008628        0.000000000000000    
   -19.21163573980969        0.000000000000000    
   -19.16986169953310        0.000000000000000    
   -19.12808765925651        0.000000000000000    
   -19.08631361897992        0.000000000000000    
   -19.04453957870333        0.000000000000000    
   -19.00276553842674        0.000000000000000    
   -18.96099149815015        0.000000000000000    
   -18.91921745787356        0.000000000000000    
   -18.87744341759698        0.000000000000000    
   -18.83566937732039        0.000000000000000    
   -18.79389533704380        0.000000000000000    
   -18.75212129676721        0.000000000000000    
   -18.71034725649062        0.000000000000000    
   -18.66857321621403        0.000000000000000    
   -18.62679917593744        0.000000000000000    
   -18.58502513566085        0.000000000000000    
   -18.54325109538426        0.000000000000000    
   -18.50147705510767        0.000000000000000    
   -18.45970301483108        0.000000000000000    
   -18.41792897455449        0.000000000000000    
   -18.37615493427790        0.000000000000000    
   -18.33438089400131        0.000000000000000    
   -18.29260685372472        0.000000000000000    
   -18.25083281344813        0.000000000000000    
   -18.20905877317155        0.000000000000000    
   -18.16728473289496        0.000000000000000    
   -18.12551069261837        0.000000000000000    
   -18.08373665234178        0.000000000000000    
   -18.04196261206519        0.000000000000000    
   -18.00018857178860        0.000000000000000    
   -17.95841453151201        0.000000000000000    
   -17.91664049123542        0.000000000000000    
   -17.87486645095883        0.000000000000000    
   -17.83309241068224        0.000000000000000    
   -17.79131837040565        0.000000000000000    
   -17.74954433012906        0.000000000000000    
   -17.70777028985247        0.000000000000000    
   -17.66599624957588        0.000000000000000    
   -17.62422220929929        0.000000000000000    
   -17.58244816902270        0.000000000000000    
   -17.54067412874612        0.000000000000000    
   -17.49890008846953        0.000000000000000    
   -17.45712604819294        0.000000000000000    
   -17.41535200791635        0.000000000000000    
   -17.37357796763976        0.000000000000000    
   -17.33180392736317        0.000000000000000    
   -17.29002988708658        0.000000000000000    
   -17.24825584680999        0.000000000000000    
   -17.20648180653340        0.000000000000000    
   -17.16470776625681        0.000000000000000    
   -17.12293372598022        0.000000000000000    
   -17.08115968570363        0.000000000000000    
   -17.03938564542704        0.000000000000000    
   -16.99761160515045        0.000000000000000    
   -16.95583756487386        0.000000000000000    
   -16.91406352459727        0.000000000000000    
   -16.87228948432069        0.000000000000000    
   -16.83051544404410        0.000000000000000    
   -16.78874140376751        0.000000000000000    
   -16.74696736349092        0.000000000000000    
   -16.70519332321433        0.000000000000000    
   -16.66341928293774        0.000000000000000    
   -16.62164524266115        0.000000000000000    
   -16.57987120238456        0.000000000000000    
   -16.53809716210797        0.000000000000000    
   -16.49632312183138        0.000000000000000    
   -16.45454908155479        0.000000000000000    
   -16.41277504127820        0.000000000000000    
   -16.37100100100161        0.000000000000000    
   -16.32922696072502        0.000000000000000    
   -16.28745292044843        0.000000000000000    
   -16.24567888017184        0.000000000000000    
   -16.20390483989526        0.000000000000000    
   -16.16213079961867        0.000000000000000    
   -16.12035675934208        0.000000000000000    
   -16.07858271906549        0.000000000000000    
   -16.03680867878890        0.000000000000000    
   -15.99503463851231        0.000000000000000    
   -15.95326059823572        0.000000000000000    
   -15.91148655795913        0.000000000000000    
   -15.86971251768254        0.000000000000000    
   -15.82793847740595        0.000000000000000    
   -15.78616443712936        0.000000000000000    
   -15.74439039685277        0.000000000000000    
   -15.70261635657618        0.000000000000000    
   -15.66084231629959        0.000000000000000    
   -15.61906827602300        0.000000000000000    
   -15.57729423574641        0.000000000000000    
   -15.53552019546983        0.000000000000000    
   -15.49374615519324        0.000000000000000    
   -15.45197211491665        0.000000000000000    
   -15.41019807464006        0.000000000000000    
   -15.36842403436347        0.000000000000000    
   -15.32664999408688        0.000000000000000    
   -15.28487595381029        0.000000000000000    
   -15.24310191353370        0.000000000000000    
   -15.20132787325711        0.000000000000000    
   -15.15955383298052        0.000000000000000    
   -15.11777979270393        0.000000000000000    
   -15.07600575242734        0.000000000000000    
   -15.03423171215075        0.000000000000000    
   -14.99245767187416        0.000000000000000    
   -14.95068363159757        0.000000000000000    
   -14.90890959132098        0.000000000000000    
   -14.86713555104440        0.000000000000000    
   -14.82536151076781        0.000000000000000    
   -14.78358747049122        0.000000000000000    
   -14.74181343021463        0.000000000000000    
   -14.70003938993804        0.000000000000000    
   -14.65826534966145        0.000000000000000    
   -14.61649130938486        0.000000000000000    
   -14.57471726910827        0.000000000000000    
   -14.53294322883168        0.000000000000000    
   -14.49116918855509        0.000000000000000    
   -14.44939514827850        0.000000000000000    
   -14.40762110800191        0.000000000000000    
   -14.36584706772532        0.000000000000000    
   -14.32407302744873        0.000000000000000    
   -14.28229898717214        0.000000000000000    
   -14.24052494689555        0.000000000000000    
   -14.19875090661897        0.000000000000000    
   -14.15697686634238        0.000000000000000    
   -14.11520282606579        0.000000000000000    
   -14.07342878578920        0.000000000000000    
   -14.03165474551261        0.000000000000000    
   -13.98988070523602        0.000000000000000    
   -13.94810666495943        0.000000000000000    
   -13.90633262468284        0.000000000000000    
   -13.86455858440625        0.000000000000000    
   -13.82278454412966        0.000000000000000    
   -13.78101050385307        0.000000000000000    
   -13.73923646357648        0.000000000000000    
   -13.69746242329989        0.000000000000000    
   -13.65568838302330        0.000000000000000    
   -13.61391434274671        0.000000000000000    
   -13.57214030247012        0.000000000000000    
   -13.53036626219354        0.000000000000000    
   -13.48859222191695        0.000000000000000    
   -13.44681818164036        0.000000000000000    
   -13.40504414136377        0.000000000000000    
   -13.36327010108718        0.000000000000000    
   -13.32149606081059        0.000000000000000    
   -13.27972202053400        0.000000000000000    
   -13.23794798025741        0.000000000000000    
   -13.19617393998082        0.000000000000000    
   -13.15439989970423        0.000000000000000    
   -13.11262585942764        0.000000000000000    
   -13.07085181915105        0.000000000000000    
   -13.02907777887446        0.000000000000000    
   -12.98730373859787        0.000000000000000    
   -12.94552969832128        0.000000000000000    
   -12.90375565804469        0.000000000000000    
   -12.86198161776811        0.000000000000000    
   -12.82020757749152        0.000000000000000    
   -12.77843353721493        0.000000000000000    
   -12.73665949693834        0.000000000000000    
   -12.69488545666175        0.000000000000000    
   -12.65311141638516        0.000000000000000    
   -12.61133737610857        0.000000000000000    
   -12.56956333583198        0.000000000000000    
   -12.52778929555539        0.000000000000000    
   -12.48601525527880        0.000000000000000    
   -12.44424121500221        0.000000000000000    
   -12.40246717472562        0.000000000000000    
   -12.36069313444903        0.000000000000000    
   -12.31891909417244        0.000000000000000    
   -12.27714505389585        0.000000000000000    
   -12.23537101361926        0.000000000000000    
   -12.19359697334268        0.000000000000000    
   -12.15182293306609        0.000000000000000    
   -12.11004889278950        0.000000000000000    
   -12.06827485251291        0.000000000000000    
   -12.02650081223632        0.000000000000000    
   -11.98472677195973        0.000000000000000    
   -11.94295273168314        0.000000000000000    
   -11.90117869140655        0.000000000000000    
   -11.85940465112996        0.000000000000000    
   -11.81763061085337        0.000000000000000    
   -11.77585657057678        0.000000000000000    
   -11.73408253030019        0.000000000000000    
   -11.69230849002360        0.000000000000000    
   -11.65053444974701        0.000000000000000    
   -11.60876040947042        0.000000000000000    
   -11.56698636919383        0.000000000000000    
   -11.52521232891725        0.000000000000000    
   -11.48343828864066        0.000000000000000    
   -11.44166424836407        0.000000000000000    
   -11.39989020808748        0.000000000000000    
   -11.35811616781089        0.000000000000000    
   -11.31634212753430        0.000000000000000    
   -11.27456808725771        0.000000000000000    
   -11.23279404698112        0.000000000000000    
   -11.19102000670453        0.000000000000000    
   -11.14924596642794        0.000000000000000    
   -11.10747192615135        0.000000000000000    
   -11.06569788587476        0.000000000000000    
   -11.02392384559817        0.000000000000000    
   -10.98214980532158        0.000000000000000    
   -10.94037576504499        0.000000000000000    
   -10.89860172476840        0.000000000000000    
   -10.85682768449182        0.000000000000000    
   -10.81505364421523        0.000000000000000    
   -10.77327960393864        0.000000000000000    
   -10.73150556366205        0.000000000000000    
   -10.68973152338546        0.000000000000000    
   -10.64795748310887        0.000000000000000    
   -10.60618344283228        0.000000000000000    
   -10.56440940255569        0.000000000000000    
   -10.52263536227910        0.000000000000000    
   -10.48086132200251        0.000000000000000    
   -10.43908728172592        0.000000000000000    
   -10.39731324144933        0.000000000000000    
   -10.35553920117274        0.000000000000000    
   -10.31376516089615        0.000000000000000    
   -10.27199112061956        0.000000000000000    
   -10.23021708034297        0.000000000000000    
   -10.18844304006639        0.000000000000000    
   -10.14666899978980        0.000000000000000    
   -10.10489495951321        0.000000000000000    
   -10.06312091923662        0.000000000000000    
   -10.02134687896003        0.000000000000000    
   -9.979572838683438        0.000000000000000    
   -9.937798798406849        0.000000000000000    
   -9.896024758130260        0.000000000000000    
   -9.854250717853670        0.000000000000000    
   -9.812476677577081        0.000000000000000    
   -9.770702637300491        0.000000000000000    
   -9.728928597023902        0.000000000000000    
   -9.687154556747313        0.000000000000000    
   -9.645380516470723        0.000000000000000    
   -9.603606476194134        0.000000000000000    
   -9.561832435917545        0.000000000000000    
   -9.520058395640955        0.000000000000000    
   -9.478284355364366        0.000000000000000    
   -9.436510315087776        0.000000000000000    
   -9.394736274811187        0.000000000000000    
   -9.352962234534598        0.000000000000000    
   -9.311188194258008        0.000000000000000    
   -9.269414153981419        0.000000000000000    
   -9.227640113704830        0.000000000000000    
   -9.185866073428240        0.000000000000000    
   -9.144092033151651        0.000000000000000    
   -9.102317992875061        0.000000000000000    
   -9.060543952598472        0.000000000000000    
   -9.018769912321883        0.000000000000000    
   -8.976995872045293        0.000000000000000    
   -8.935221831768704        0.000000000000000    
   -8.893447791492115        0.000000000000000    
   -8.851673751215525        0.000000000000000    
   -8.809899710938936        0.000000000000000    
   -8.768125670662346        0.000000000000000    
   -8.726351630385757        0.000000000000000    
   -8.684577590109168        0.000000000000000    
   -8.642803549832578        0.000000000000000    
   -8.601029509555989        0.000000000000000    
   -8.559255469279400        0.000000000000000    
   -8.517481429002810        0.000000000000000    
   -8.475707388726221        0.000000000000000    
   -8.433933348449631        0.000000000000000    
   -8.392159308173042        0.000000000000000    
   -8.350385267896453        0.000000000000000    
   -8.308611227619863        0.000000000000000    
   -8.266837187343274        0.000000000000000    
   -8.225063147066685        0.000000000000000    
   -8.183289106790095        0.000000000000000    
   -8.141515066513506        0.000000000000000    
   -8.099741026236916        0.000000000000000    
   -8.057966985960327        0.000000000000000    
   -8.016192945683738        0.000000000000000    
   -7.974418905407148        0.000000000000000    
   -7.932644865130559        0.000000000000000    
   -7.890870824853970        0.000000000000000    
   -7.849096784577380        0.000000000000000    
   -7.807322744300791        0.000000000000000    
   -7.765548704024201        0.000000000000000    
   -7.723774663747612        0.000000000000000    
   -7.682000623471023        0.000000000000000    
   -7.640226583194433        0.000000000000000    
   -7.598452542917844        0.000000000000000    
   -7.556678502641255        0.000000000000000    
   -7.514904462364665        0.000000000000000    
   -7.473130422088076        0.000000000000000    
   -7.431356381811487        0.000000000000000    
   -7.389582341534897        0.000000000000000    
   -7.347808301258308        0.000000000000000    
   -7.306034260981718        0.000000000000000    
   -7.264260220705129        0.000000000000000    
   -7.222486180428540        0.000000000000000    
   -7.180712140151950        0.000000000000000    
   -7.138938099875361        0.000000000000000    
   -7.097164059598772        0.000000000000000    
   -7.055390019322182        0.000000000000000    
   -7.013615979045593        0.000000000000000    
   -6.971841938769003        0.000000000000000    
   -6.930067898492414        0.000000000000000    
   -6.888293858215825        0.000000000000000    
   -6.846519817939235        0.000000000000000    
   -6.804745777662646        0.000000000000000    
   -6.762971737386057        0.000000000000000    
   -6.721197697109467        0.000000000000000    
   -6.679423656832878        0.000000000000000    
   -6.637649616556288        0.000000000000000    
   -6.595875576279699        0.000000000000000    
   -6.554101536003110        0.000000000000000    
   -6.512327495726520        0.000000000000000    
   -6.470553455449931        0.000000000000000    
   -6.428779415173342        0.000000000000000    
   -6.387005374896752        0.000000000000000    
   -6.345231334620163        0.000000000000000    
   -6.303457294343573        0.000000000000000    
   -6.261683254066984        0.000000000000000    
   -6.219909213790395        0.000000000000000    
   -6.178135173513805        0.000000000000000    
   -6.136361133237216        0.000000000000000    
   -6.094587092960627        0.000000000000000    
   -6.052813052684037        0.000000000000000    
   -6.011039012407448        0.000000000000000    
   -5.969264972130858        0.000000000000000    
   -5.927490931854269        0.000000000000000    
   -5.885716891577680        0.000000000000000    
   -5.843942851301090        0.000000000000000    
   -5.802168811024501        0.000000000000000    
   -5.760394770747912        0.000000000000000    
   -5.718620730471322        0.000000000000000    
   -5.676846690194733        0.000000000000000    
   -5.635072649918143        0.000000000000000    
   -5.593298609641554        0.000000000000000    
   -5.551524569364965        0.000000000000000    
   -5.509750529088375        0.000000000000000    
   -5.467976488811786        0.000000000000000    
   -5.426202448535197        0.000000000000000    
   -5.384428408258607        0.000000000000000    
   -5.342654367982018        0.000000000000000    
   -5.300880327705428        0.000000000000000    
   -5.259106287428839        0.000000000000000    
   -5.217332247152250        0.000000000000000    
   -5.175558206875660        0.000000000000000    
   -5.133784166599071        0.000000000000000    
   -5.092010126322482        0.000000000000000    
   -5.050236086045892        0.000000000000000    
   -5.008462045769303        0.000000000000000    
   -4.966688005492713        0.000000000000000    
   -4.924913965216124        0.000000000000000    
   -4.883139924939535       0.8109871637421646E-02
   -4.841365884662945       0.8076649258840080E-02
   -4.799591844386356       0.8043426880258513E-02
   -4.757817804109767       0.8010204501676948E-02
   -4.716043763833177       0.7976982123095382E-02
   -4.674269723556588       0.7943759744513815E-02
   -4.632495683279998       0.7910537365932249E-02
   -4.590721643003409       0.9431927308585036E-02
   -4.548947602726820       0.9417958237602289E-02
   -4.507173562450230       0.9403989166619541E-02
   -4.465399522173641       0.9390020095636793E-02
   -4.423625481897052       0.9376051024654044E-02
   -4.381851441620462       0.9362081953671296E-02
   -4.340077401343873       0.9346390483743671E-02
   -4.298303361067283       0.9307632741842316E-02
   -4.256529320790694       0.9268874999940960E-02
   -4.214755280514105       0.9230117258039605E-02
   -4.172981240237515       0.9191359516138248E-02
   -4.131207199960926       0.9152601774236893E-02
   -4.089433159684337       0.9113844032335536E-02
   -4.047659119407747       0.9075086290434181E-02
   -4.005885079131158       0.9036328548532825E-02
   -3.964111038854568       0.8997570806631470E-02
   -3.922336998577979       0.8958813064730113E-02
   -3.880562958301390       0.8920055322828758E-02
   -3.838788918024800       0.8881297580927401E-02
   -3.797014877748211       0.8842539839026047E-02
   -3.755240837471622       0.8803782097124690E-02
   -3.713466797195032       0.8765024355223333E-02
   -3.671692756918443       0.8726266613321978E-02
   -3.629918716641853       0.8687508871420621E-02
   -3.588144676365264       0.8648751129519267E-02
   -3.546370636088675       0.8609993387617910E-02
   -3.504596595812085       0.8571235645716555E-02
   -3.462822555535496       0.8532477903815198E-02
   -3.421048515258907       0.8493720161913843E-02
   -3.379274474982317       0.8454962420012486E-02
   -3.337500434705728       0.8416204678111132E-02
   -3.295726394429138       0.8377446936209775E-02
   -3.253952354152549       0.8338689194308420E-02
   -3.212178313875960       0.8299931452407063E-02
   -3.170404273599370       0.8261173710505708E-02
   -3.128630233322781       0.8222415968604352E-02
   -3.086856193046192       0.8183658226702997E-02
   -3.045082152769602       0.8144900484801640E-02
   -3.003308112493013       0.8106142742900278E-02
   -2.961534072216423       0.8070447577165520E-02
   -2.919760031939834       0.8040105068300548E-02
   -2.877985991663245       0.8009762559435574E-02
   -2.836211951386655       0.7979420050570602E-02
   -2.794437911110066       0.7949077541705629E-02
   -2.752663870833477       0.7918735032840657E-02
   -2.710889830556887       0.7888392523975683E-02
   -2.669115790280298       0.7858050015110711E-02
   -2.627341750003708       0.7827707506245738E-02
   -2.585567709727119       0.7797364997380765E-02
   -2.543793669450530       0.7767022488515792E-02
   -2.502019629173940       0.7736679979650819E-02
   -2.460245588897351       0.7706337470785847E-02
   -2.418471548620762       0.7675994961920874E-02
   -2.376697508344172       0.8841363511302401E-02
   -2.334923468067583       0.8817799420544699E-02
   -2.293149427790993       0.8794235329786996E-02
   -2.251375387514404       0.8770671239029292E-02
   -2.209601347237815       0.8747107148271588E-02
   -2.167827306961225       0.8723543057513886E-02
   -2.126053266684636       0.8699978966756183E-02
   -2.084279226408047       0.8676414875998479E-02
   -2.042505186131457       0.8652850785240775E-02
   -2.000731145854868       0.8621589325494323E-02
   -1.958957105578279       0.8585929994326261E-02
   -1.917183065301689       0.8550270663158197E-02
   -1.875409025025100       0.8514611331990135E-02
   -1.833634984748511       0.8478952000822073E-02
   -1.791860944471922       0.8443292669654011E-02
   -1.750086904195333       0.8407633338485949E-02
   -1.708312863918744       0.8371974007317885E-02
   -1.666538823642155       0.8336314676149823E-02
   -1.624764783365565       0.8300655344981761E-02
   -1.582990743088976       0.8264996013813699E-02
   -1.541216702812387       0.8229336682645636E-02
   -1.499442662535798       0.8193677351477574E-02
   -1.457668622259209       0.8158018020309511E-02
   -1.415894581982620       0.8122358689141448E-02
   -1.374120541706030       0.8086699357973386E-02
   -1.332346501429441       0.8051040026805324E-02
   -1.290572461152852       0.8015380695637262E-02
   -1.248798420876263       0.7979721364469198E-02
   -1.207024380599674       0.7944062033301136E-02
   -1.165250340323085       0.7908402702133074E-02
   -1.123476300046496       0.7872743370965012E-02
   -1.081702259769906       0.7837084039796950E-02
   -1.039928219493317       0.7801424708628887E-02
  -0.9981541792167280       0.7765765377460824E-02
  -0.9563801389401387       0.7730106046292762E-02
  -0.9146060986635495       0.7695295612156548E-02
  -0.8728320583869602       0.7669118565101707E-02
  -0.8310580181103709       0.7642941518046865E-02
  -0.7892839778337817       0.7616764470992023E-02
  -0.7475099375571924       0.7590587423937182E-02
  -0.7057358972806032       0.7564410376882340E-02
  -0.6639618570040139       0.7538233329827498E-02
  -0.6221878167274246       0.7512056282772656E-02
  -0.5804137764508354       0.7485879235717815E-02
  -0.5386397361742461       0.7459702188662973E-02
  -0.4968656958976568       0.7433525141608131E-02
  -0.4550916556210676       0.7407348094553290E-02
  -0.4133176153444783       0.7381171047498448E-02
  -0.3715435750678890       0.7354994000443606E-02
  -0.3297695347912998       0.7328816953388765E-02
  -0.2879954945147105       0.7302639906333923E-02
  -0.2462214542381213       0.7276462859279080E-02
  -0.2044474139615320       0.7285535226170974E-02
  -0.1626733736849428       0.7401366474895026E-02
  -0.1208993334083536       0.7517197723619078E-02
  -0.7912529313176433E-01   0.7583297687808361E-02
  -0.3735125285517509E-01   0.7622307720116491E-02
   0.4422787421414151E-02   0.7661317752424622E-02
   0.4619682769800339E-01   0.7700327784732753E-02
   0.8797086797459264E-01   0.7739337817040884E-02
   0.1297449082511819       0.9158214443317745E-02
   0.1715189485277711       0.9131918196916684E-02
   0.2132929888043603       0.9105621950515622E-02
   0.2550670290809496       0.9079325704114561E-02
   0.2968410693575388       0.9053029457713500E-02
   0.3386151096341281       0.9026733211312438E-02
   0.3803891499107174       0.9000436964911377E-02
   0.4221631901873066       0.8974140718510316E-02
   0.4639372304638959       0.8947844472109254E-02
   0.5057112707404852       0.8921548225708193E-02
   0.5474853110170744       0.8895251979307132E-02
   0.5892593512936637       0.8868955732906060E-02
   0.6310333915702530       0.8838146100854540E-02
   0.6728074318468422       0.8806103397486220E-02
   0.7145814721234315       0.8774060694117901E-02
   0.7563555124000207       0.8742017990749581E-02
   0.7981295526766100       0.8709975287381261E-02
   0.8399035929531993       0.8677932584012941E-02
   0.8816776332297885       0.8645889880644622E-02
   0.9234516735063778       0.8613847177276302E-02
   0.9652257137829671       0.8581804473907982E-02
    1.006999754059556       0.8549761770539663E-02
    1.048773794336145       0.8517719067171343E-02
    1.090547834612735       0.8485676363803023E-02
    1.132321874889324       0.8453633660434704E-02
    1.174095915165913       0.8421590957066384E-02
    1.215869955442502       0.8389548253698064E-02
    1.257643995719091       0.8357505550329745E-02
    1.299418035995680       0.8325462846961425E-02
    1.341192076272270       0.8293420143593105E-02
    1.382966116548859       0.8261377440224786E-02
    1.424740156825448       0.8229334736856466E-02
    1.466514197102037       0.8197292033488146E-02
    1.508288237378626       0.8165701437508372E-02
    1.550062277655215       0.8153983306410423E-02
    1.591836317931804       0.8142265175312472E-02
    1.633610358208394       0.8130547044214523E-02
    1.675384398484983       0.8118828913116573E-02
    1.717158438761572       0.8107110782018624E-02
    1.758932479038161       0.8095392650920675E-02
    1.800706519314750       0.8083674519822724E-02
    1.842480559591339       0.8071956388724775E-02
    1.884254599867929       0.8060238257626825E-02
    1.926028640144518       0.8048520126528876E-02
    1.967802680421107       0.8045973418243616E-02
    2.009576720697696       0.8078123091724917E-02
    2.051350760974286       0.8110272765206220E-02
    2.093124801250875       0.8142422438687520E-02
    2.134898841527464       0.8174572112168821E-02
    2.176672881804054       0.8206639850512629E-02
    2.218446922080643       0.8235550976674267E-02
    2.260220962357232       0.8264462102835903E-02
    2.301995002633822       0.8293373228997539E-02
    2.343769042910411       0.8322284355159177E-02
    2.385543083187001       0.8874533643269147E-02
    2.427317123463590       0.8863620980654430E-02
    2.469091163740179       0.8852708318039712E-02
    2.510865204016769       0.8841795655424993E-02
    2.552639244293358       0.8830882992810277E-02
    2.594413284569947       0.8819970330195558E-02
    2.636187324846537       0.8809057667580842E-02
    2.677961365123126       0.8798145004966123E-02
    2.719735405399716       0.8787232342351407E-02
    2.761509445676305       0.8776319679736687E-02
    2.803283485952894       0.8743651295328709E-02
    2.845057526229484       0.8704829323503284E-02
    2.886831566506073       0.8666007351677859E-02
    2.928605606782662       0.8627185379852433E-02
    2.970379647059252       0.8588363408027006E-02
    3.012153687335841       0.8549541436201581E-02
    3.053927727612431       0.8510719464376156E-02
    3.095701767889020       0.8471897492550730E-02
    3.137475808165609       0.8433075520725303E-02
    3.179249848442199       0.8394253548899878E-02
    3.221023888718788       0.8355431577074452E-02
    3.262797928995377       0.8316609605249027E-02
    3.304571969271967       0.8277787633423600E-02
    3.346346009548556       0.8238965661598175E-02
    3.388120049825146       0.8200143689772749E-02
    3.429894090101735       0.8161321717947324E-02
    3.471668130378324       0.8122499746121897E-02
    3.513442170654914       0.8083677774296472E-02
    3.555216210931503       0.8044855802471046E-02
    3.596990251208092       0.8006033830645621E-02
    3.638764291484682       0.7967211858820194E-02
    3.680538331761271       0.7928389886994769E-02
    3.722312372037861       0.7889567915169343E-02
    3.764086412314450       0.7850745943343918E-02
    3.805860452591039       0.7811923971518492E-02
    3.847634492867629       0.7773101999693065E-02
    3.889408533144218       0.7734280027867640E-02
    3.931182573420807       0.7695458056042214E-02
    3.972956613697397       0.7656636084216789E-02
    4.014730653973986       0.7617814112391362E-02
    4.056504694250576       0.7578992140565937E-02
    4.098278734527165       0.7540170168740511E-02
    4.140052774803754       0.7501348196915074E-02
    4.181826815080344       0.7491419403227169E-02
    4.223600855356933       0.7484128011805598E-02
    4.265374895633522       0.7476836620384027E-02
    4.307148935910112       0.7469545228962456E-02
    4.348922976186701       0.7462253837540885E-02
    4.390697016463291       0.7454962446119314E-02
    4.432471056739880       0.7447671054697743E-02
    4.474245097016469       0.7440379663276172E-02
    4.516019137293059       0.7433088271854601E-02
    4.557793177569648       0.7705846959399363E-02
    4.599567217846237       0.7834505480268506E-02
    4.641341258122827       0.7817164025848160E-02
    4.683115298399416       0.7799822571427815E-02
    4.724889338676006       0.7782481117007471E-02
    4.766663378952595       0.7765139662587127E-02
    4.808437419229184       0.7747798208166783E-02
    4.850211459505774       0.7730456753746438E-02
    4.891985499782363       0.7713115299326094E-02
    4.933759540058952       0.7695773844905749E-02
    4.975533580335542       0.7678432390485405E-02
    5.017307620612131       0.7661090936065060E-02
    5.059081660888721       0.7643749481644717E-02
    5.100855701165310       0.7791736511268159E-02
    5.142629741441899       0.8183665605413755E-02
    5.184403781718489       0.8392898315519075E-02
    5.226177821995078       0.8368680840827048E-02
    5.267951862271667       0.8344463366135023E-02
    5.309725902548257       0.8320245891442998E-02
    5.351499942824846       0.8296028416750971E-02
    5.393273983101436       0.8271810942058946E-02
    5.435048023378025       0.8247593467366920E-02
    5.476822063654614       0.8223375992674893E-02
    5.518596103931204       0.8199158517982868E-02
    5.560370144207793       0.8174941043290843E-02
    5.602144184484382       0.8150723568598816E-02
    5.643918224760972       0.8126506093906791E-02
    5.685692265037561       0.8102288619214765E-02
    5.727466305314151       0.8078071144522738E-02
    5.769240345590740       0.8053853669830713E-02
    5.811014385867329       0.8029636195138681E-02
    5.852788426143919       0.8009407783062842E-02
    5.894562466420508       0.7991110539284384E-02
    5.936336506697097       0.7972813295505924E-02
    5.978110546973687       0.7954516051727464E-02
    6.019884587250276       0.7936218807949005E-02
    6.061658627526866       0.7917921564170545E-02
    6.103432667803455       0.7899624320392085E-02
    6.145206708080044       0.7881327076613626E-02
    6.186980748356634       0.8632978977222882E-02
    6.228754788633223       0.8616299473205904E-02
    6.270528828909812       0.8599619969188928E-02
    6.312302869186402       0.8582940465171950E-02
    6.354076909462991       0.8566260961154972E-02
    6.395850949739581       0.8549581457137996E-02
    6.437624990016170       0.8532901953121019E-02
    6.479399030292759       0.8515751926090484E-02
    6.521173070569349       0.8480459653619333E-02
    6.562947110845938       0.8445167381148182E-02
    6.604721151122527       0.8409875108677032E-02
    6.646495191399117       0.8374582836205881E-02
    6.688269231675706       0.8339290563734730E-02
    6.730043271952296       0.8303998291263579E-02
    6.771817312228885       0.8268706018792430E-02
    6.813591352505474       0.8233413746321279E-02
    6.855365392782064       0.8198121473850128E-02
    6.897139433058653       0.8162829201378978E-02
    6.938913473335242       0.8127536928907827E-02
    6.980687513611832       0.8092244656436676E-02
    7.022461553888421       0.8056952383965525E-02
    7.064235594165011       0.8021660111494374E-02
    7.106009634441600       0.7986367839023224E-02
    7.147783674718189       0.7951075566552075E-02
    7.189557714994779       0.7915783294080924E-02
    7.231331755271368       0.7880491021609773E-02
    7.273105795547957       0.7845198749138622E-02
    7.314879835824547       0.7809906476667471E-02
    7.356653876101136       0.8864578140975373E-02
    7.398427916377726       0.8838185052405816E-02
    7.440201956654315       0.8811791963836258E-02
    7.481975996930904       0.8785398875266703E-02
    7.523750037207494       0.8759005786697145E-02
    7.565524077484083       0.8732612698127588E-02
    7.607298117760672       0.8706219609558032E-02
    7.649072158037262       0.8679826520988474E-02
    7.690846198313851       0.8653433432418919E-02
    7.732620238590441       0.8627040343849361E-02
    7.774394278867030       0.8600647255279804E-02
    7.816168319143619       0.8574254166710248E-02
    7.857942359420209       0.8545156857634828E-02
    7.899716399696798       0.8505076467861347E-02
    7.941490439973387       0.8464996078087865E-02
    7.983264480249977       0.8424915688314384E-02
    8.025038520526566       0.8384835298540902E-02
    8.066812560803156       0.8344754908767422E-02
    8.108586601079745       0.8304674518993941E-02
    8.150360641356334       0.8264594129220461E-02
    8.192134681632924       0.8224513739446980E-02
    8.233908721909513       0.8184433349673500E-02
    8.275682762186102       0.8144352959900019E-02
    8.317456802462692       0.8104272570126539E-02
    8.359230842739281       0.8064192180353058E-02
    8.401004883015871       0.8024111790579578E-02
    8.442778923292460       0.7984031400806097E-02
    8.484552963569049       0.7943951011032617E-02
    8.526327003845639       0.7903870621259136E-02
    8.568101044122228       0.7863790231485656E-02
    8.609875084398817       0.7823709841712176E-02
    8.651649124675407       0.7783629451938695E-02
    8.693423164951996       0.7743549062165215E-02
    8.735197205228586       0.7703468672391734E-02
    8.776971245505175       0.7663388282618253E-02
    8.818745285781764       0.7623307892844772E-02
    8.860519326058354       0.7583227503071292E-02
    8.902293366334943       0.7543147113297811E-02
    8.944067406611532       0.7503066723524331E-02
    8.985841446888122       0.7462986333750850E-02
    9.027615487164711       0.7422905943977370E-02
    9.069389527441301       0.7382825554203889E-02
    9.111163567717890       0.7342745164430409E-02
    9.152937607994479       0.7302664774656928E-02
    9.194711648271069       0.7262584384883448E-02
    9.236485688547658       0.7222503995109967E-02
    9.278259728824247       0.7182423605336487E-02
    9.320033769100837       0.7142343215563006E-02
    9.361807809377426       0.7102262825789520E-02
    9.403581849654016       0.7073845108952397E-02
    9.445355889930605       0.7046766745379940E-02
    9.487129930207194       0.7019688381807482E-02
    9.528903970483784       0.6992610018235025E-02
    9.570678010760373       0.6965531654662568E-02
    9.612452051036962       0.6938453291090110E-02
    9.654226091313552       0.6911374927517653E-02
    9.696000131590141       0.6884296563945196E-02
    9.737774171866731       0.6857218200372738E-02
    9.779548212143320       0.6830139836800282E-02
    9.821322252419909       0.6803061473227824E-02
    9.863096292696499       0.7555561578070511E-02
    9.904870332973088       0.7533996663788831E-02
    9.946644373249677       0.7512431749507152E-02
    9.988418413526267       0.7490866835225471E-02
    10.03019245380286       0.7469301920943791E-02
    10.07196649407945       0.7447737006662111E-02
    10.11374053435603       0.7426172092380431E-02
    10.15551457463262       0.7404607178098753E-02
    10.19728861490921       0.7377366739293847E-02
    10.23906265518580       0.7340602424847217E-02
    10.28083669546239       0.7303838110400587E-02
    10.32261073573898       0.7267073795953957E-02
    10.36438477601557       0.7230309481507327E-02
    10.40615881629216       0.7193545167060697E-02
    10.44793285656875       0.7156780852614067E-02
    10.48970689684534       0.7120016538167437E-02
    10.53148093712193       0.7083252223720807E-02
    10.57325497739852       0.7046487909274177E-02
    10.61502901767511       0.7009723594827546E-02
    10.65680305795170       0.6972959280380916E-02
    10.69857709822829       0.6936194965934286E-02
    10.74035113850488       0.6899430651487656E-02
    10.78212517878146       0.6862666337041026E-02
    10.82389921905805       0.6825902022594396E-02
    10.86567325933464       0.6789137708147766E-02
    10.90744729961123       0.6752373393701136E-02
    10.94922133988782       0.6715609079254506E-02
    10.99099538016441       0.6678844764807876E-02
    11.03276942044100       0.6642080450361246E-02
    11.07454346071759       0.6605316135914615E-02
    11.11631750099418       0.6568551821467985E-02
    11.15809154127077       0.6531787507021355E-02
    11.19986558154736       0.6495023192574725E-02
    11.24163962182395       0.6458258878128095E-02
    11.28341366210054       0.6421494563681465E-02
    11.32518770237713       0.6384730249234835E-02
    11.36696174265372       0.6347965934788221E-02
    11.40873578293031       0.6323682926005940E-02
    11.45050982320689       0.6300558477784613E-02
    11.49228386348348       0.6277434029563286E-02
    11.53405790376007       0.6254309581341959E-02
    11.57583194403666       0.6231185133120632E-02
    11.61760598431325       0.6208060684899304E-02
    11.65938002458984       0.6184936236677978E-02
    11.70115406486643       0.6161811788456651E-02
    11.74292810514302       0.6138687340235324E-02
    11.78470214541961       0.6115562892013997E-02
    11.82647618569620       0.6092438443792670E-02
    11.86825022597279       0.6069313995571343E-02
    11.91002426624938       0.6046189547350016E-02
    11.95179830652597       0.6023065099128689E-02
    11.99357234680256       0.5999940650907360E-02
    12.03534638707915       0.5986647857151613E-02
    12.07712042735574       0.5975129791031744E-02
    12.11889446763232       0.5963611724911877E-02
    12.16066850790891       0.5952093658792008E-02
    12.20244254818550       0.5940575592672140E-02
    12.24421658846209       0.5929057526552271E-02
    12.28599062873868       0.5917539460432403E-02
    12.32776466901527       0.5906021394312534E-02
    12.36953870929186       0.5894503328192666E-02
    12.41131274956845       0.5882985262072798E-02
    12.45308678984504       0.5872397617224976E-02
    12.49486083012163       0.7613213152250155E-02
    12.53663487039822       0.7572126730882828E-02
    12.57840891067481       0.7531040309515501E-02
    12.62018295095140       0.7489953888148174E-02
    12.66195699122799       0.7448867466780846E-02
    12.70373103150458       0.7407781045413520E-02
    12.74550507178117       0.7366694624046192E-02
    12.78727911205775       0.7325608202678866E-02
    12.82905315233434       0.7284521781311538E-02
    12.87082719261093       0.7243435359944211E-02
    12.91260123288752       0.7202348938576885E-02
    12.95437527316411       0.7161262517209557E-02
    12.99614931344070       0.7120176095842231E-02
    13.03792335371729       0.7079089674474903E-02
    13.07969739399388       0.7038003253107576E-02
    13.12147143427047       0.6996916831740249E-02
    13.16324547454706       0.6955830410372922E-02
    13.20501951482365       0.6914743989005595E-02
    13.24679355510024       0.6873657567638268E-02
    13.28856759537683       0.6832571146270941E-02
    13.33034163565342       0.6791484724903614E-02
    13.37211567593001       0.6750398303536287E-02
    13.41388971620660       0.6709311882168960E-02
    13.45566375648318       0.6668225460801633E-02
    13.49743779675977       0.6627139039434305E-02
    13.53921183703636       0.6586052618066979E-02
    13.58098587731295       0.6544966196699652E-02
    13.62275991758954       0.6503879775332324E-02
    13.66453395786613       0.6462793353964998E-02
    13.70630799814272       0.6421706932597670E-02
    13.74808203841931       0.6380620511230344E-02
    13.78985607869590       0.6339534089863016E-02
    13.83163011897249       0.8165827537593243E-02
    13.87340415924908       0.8123928633290150E-02
    13.91517819952567       0.8082029728987059E-02
    13.95695223980226       0.8040130824683966E-02
    13.99872628007885       0.7998231920380874E-02
    14.04050032035544       0.7956333016077783E-02
    14.08227436063203       0.7914434111774690E-02
    14.12404840090861       0.7872535207471599E-02
    14.16582244118520       0.7830636303168506E-02
    14.20759648146179       0.7788737398865415E-02
    14.24937052173838       0.7746838494562323E-02
    14.29114456201497       0.7704939590259232E-02
    14.33291860229156       0.7663040685956141E-02
    14.37469264256815       0.7621141781653050E-02
    14.41646668284474       0.7579242877349959E-02
    14.45824072312133       0.7537343973046867E-02
    14.50001476339792       0.7495445068743776E-02
    14.54178880367451       0.7453546164440685E-02
    14.58356284395110       0.7411647260137594E-02
    14.62533688422769       0.7369748355834502E-02
    14.66711092450428       0.7327849451531411E-02
    14.70888496478087       0.7285950547228320E-02
    14.75065900505746       0.7244051642925229E-02
    14.79243304533404       0.7202152738622137E-02
    14.83420708561063       0.7160253834319046E-02
    14.87598112588722       0.7118354930015955E-02
    14.91775516616381       0.7076456025712864E-02
    14.95952920644040       0.7034557121409772E-02
    15.00130324671699       0.6992658217106681E-02
    15.04307728699358       0.6950759312803590E-02
    15.08485132727017       0.6908860408500499E-02
    15.12662536754676       0.6866961504197407E-02
    15.16839940782335       0.6825062599894316E-02
    15.21017344809994       0.6783163695591225E-02
    15.25194748837653       0.6741264791288123E-02
    15.29372152865312       0.6713887305005380E-02
    15.33549556892971       0.6692761912543446E-02
    15.37726960920630       0.6671636520081511E-02
    15.41904364948289       0.6650511127619576E-02
    15.46081768975947       0.6629385735157641E-02
    15.50259173003606       0.6608260342695706E-02
    15.54436577031265       0.6587134950233772E-02
    15.58613981058924       0.6566009557771837E-02
    15.62791385086583       0.6544884165309902E-02
    15.66968789114242       0.6523758772847967E-02
    15.71146193141901       0.6502633380386032E-02
    15.75323597169560       0.6481507987924098E-02
    15.79501001197219       0.6460382595462163E-02
    15.83678405224878       0.6439257203000224E-02
    15.87855809252537       0.6422713649927020E-02
    15.92033213280196       0.6409181134354648E-02
    15.96210617307855       0.6395648618782277E-02
    16.00388021335513       0.6382116103209904E-02
    16.04565425363172       0.6368583587637532E-02
    16.08742829390831       0.6355051072065160E-02
    16.12920233418490       0.6341518556492788E-02
    16.17097637446149       0.6327986040920415E-02
    16.21275041473808       0.6314453525348043E-02
    16.25452445501467       0.6300921009775670E-02
    16.29629849529126       0.6287388494203298E-02
    16.33807253556785       0.6268170319998101E-02
    16.37984657584444       0.6234445480129965E-02
    16.42162061612103       0.6200720640261829E-02
    16.46339465639762       0.6166995800393692E-02
    16.50516869667421       0.6133270960525555E-02
    16.54694273695080       0.6099546120657420E-02
    16.58871677722739       0.6065821280789283E-02
    16.63049081750398       0.6032096440921147E-02
    16.67226485778056       0.5998371601053010E-02
    16.71403889805715       0.5964646761184874E-02
    16.75581293833374       0.5930921921316738E-02
    16.79758697861033       0.5897197081448601E-02
    16.83936101888692       0.5863472241580465E-02
    16.88113505916351       0.5829747401712329E-02
    16.92290909944010       0.5796022561844192E-02
    16.96468313971669       0.5762297721976056E-02
    17.00645717999328       0.5728572882107920E-02
    17.04823122026987       0.5694848042239783E-02
    17.09000526054646       0.5661123202371647E-02
    17.13177930082305       0.5627398362503510E-02
    17.17355334109964       0.5593673522635375E-02
    17.21532738137623       0.5559948682767238E-02
    17.25710142165282       0.5526223842899101E-02
    17.29887546192941       0.5492499003030967E-02
    17.34064950220599       0.5469278716759476E-02
    17.38242354248258       0.5455464383078471E-02
    17.42419758275917       0.5441650049397466E-02
    17.46597162303576       0.5427835715716462E-02
    17.50774566331235       0.5414021382035457E-02
    17.54951970358894       0.5400207048354452E-02
    17.59129374386553       0.5386392714673447E-02
    17.63306778414212       0.5372578380992443E-02
    17.67484182441871       0.5358764047311438E-02
    17.71661586469530       0.5344949713630433E-02
    17.75838990497189       0.5331135379949429E-02
    17.80016394524848       0.5317623827802847E-02
    17.84193798552507       0.5306273176027604E-02
    17.88371202580166       0.5294922524252362E-02
    17.92548606607825       0.5283571872477119E-02
    17.96726010635484       0.5272221220701877E-02
    18.00903414663142       0.5260870568926634E-02
    18.05080818690801       0.5249519917151392E-02
    18.09258222718460       0.5238169265376149E-02
    18.13435626746119       0.5226818613600906E-02
    18.17613030773778       0.5215467961825664E-02
    18.21790434801437       0.5204117310050420E-02
    18.25967838829096       0.5186727718960715E-02
    18.30145242856755       0.5160544921432769E-02
    18.34322646884414       0.5134362123904824E-02
    18.38500050912073       0.5108179326376879E-02
    18.42677454939732       0.5081996528848933E-02
    18.46854858967391       0.5055813731320988E-02
    18.51032262995050       0.5029630933793042E-02
    18.55209667022709       0.5003448136265097E-02
    18.59387071050368       0.4977265338737152E-02
    18.63564475078027       0.4951082541209207E-02
    18.67741879105685       0.4924899743681261E-02
    18.71919283133344       0.4898716946153315E-02
    18.76096687161003       0.4872534148625370E-02
    18.80274091188662       0.4846351351097425E-02
    18.84451495216321       0.4820168553569480E-02
    18.88628899243980       0.4793985756041534E-02
    18.92806303271639       0.4767802958513584E-02
    18.96983707299298       0.4745524358758228E-02
    19.01161111326957       0.4726285556126914E-02
    19.05338515354616       0.4707046753495600E-02
    19.09515919382275       0.4687807950864285E-02
    19.13693323409934       0.4668569148232970E-02
    19.17870727437593       0.4649330345601656E-02
    19.22048131465252       0.4630091542970342E-02
    19.26225535492911       0.4610852740339027E-02
    19.30402939520570       0.4591613937707713E-02
    19.34580343548228       0.4572375135076399E-02
    19.38757747575887       0.4553136332445085E-02
    19.42935151603546       0.4533897529813770E-02
    19.47112555631205       0.4514658727182454E-02
    19.51289959658864       0.4692063730509388E-02
    19.55467363686523       0.4902557800825242E-02
    19.59644767714182       0.4896049691214842E-02
    19.63822171741841       0.4889541581604442E-02
    19.67999575769500       0.4883033471994042E-02
    19.72176979797159       0.4876525362383642E-02
    19.76354383824818       0.4870017252773241E-02
    19.80531787852477       0.4863509143162841E-02
    19.84709191880136       0.4857001033552442E-02
    19.88886595907795       0.4850492923942042E-02
    19.93063999935454       0.4841235599821356E-02
    19.97241403963113       0.7407551969699311E-02
    20.01418807990771       0.7373343633104302E-02
    20.05596212018430       0.7339135296509292E-02
    20.09773616046089       0.7304926959914282E-02
    20.13951020073748       0.7270718623319272E-02
    20.18128424101407       0.7236510286724262E-02
    20.22305828129066       0.7202301950129252E-02
    20.26483232156725       0.7168093613534242E-02
    20.30660636184384       0.7133885276939232E-02
    20.34838040212043       0.7099676940344223E-02
    20.39015444239702       0.7065468603749212E-02
    20.43192848267361       0.7031260267154203E-02
    20.47370252295020       0.6997051930559193E-02
    20.51547656322679       0.6962843593964182E-02
    20.55725060350338       0.6928635257369173E-02
    20.59902464377997       0.6894426920774163E-02
    20.64079868405656       0.6860218584179152E-02
    20.68257272433314       0.6826010247584143E-02
    20.72434676460973       0.6791801910989133E-02
    20.76612080488632       0.6757593574394123E-02
    20.80789484516291       0.6723385237799113E-02
    20.84966888543950       0.6689176901204103E-02
    20.89144292571609       0.6654968564609093E-02
    20.93321696599268       0.6620760228014083E-02
    20.97499100626927       0.6586551891419069E-02
    21.01676504654586       0.6555404982745806E-02
    21.05853908682245       0.6526250508157147E-02
    21.10031312709904       0.6497096033568486E-02
    21.14208716737563       0.6467941558979827E-02
    21.18386120765222       0.6438787084391167E-02
    21.22563524792881       0.7347706224223416E-02
    21.26740928820540       0.7307161750926616E-02
    21.30918332848199       0.7266617277629817E-02
    21.35095736875857       0.7226072804333018E-02
    21.39273140903516       0.7185528331036218E-02
    21.43450544931175       0.7144983857739419E-02
    21.47627948958834       0.7104439384442620E-02
    21.51805352986493       0.7063894911145821E-02
    21.55982757014152       0.7023350437849021E-02
    21.60160161041811       0.6982805964552222E-02
    21.64337565069470       0.6942261491255423E-02
    21.68514969097129       0.6901717017958623E-02
    21.72692373124788       0.6861172544661825E-02
    21.76869777152447       0.6820628071365025E-02
    21.81047181180106       0.6780083598068226E-02
    21.85224585207765       0.6739539124771427E-02
    21.89401989235424       0.6698994651474627E-02
    21.93579393263083       0.6658450178177828E-02
    21.97756797290742       0.6617905704881029E-02
    22.01934201318400       0.6577361231584230E-02
    22.06111605346059       0.6536816758287430E-02
    22.10289009373718       0.6496272284990634E-02
    22.14466413401377       0.6457161777881184E-02
    22.18643817429036       0.6418139832980731E-02
    22.22821221456695       0.6379117888080278E-02
    22.26998625484354       0.6340095943179825E-02
    22.31176029512013       0.6301073998279371E-02
    22.35353433539672       0.6262052053378918E-02
    22.39530837567331       0.6223030108478465E-02
    22.43708241594990       0.6184008163578012E-02
    22.47885645622649       0.6144986218677559E-02
    22.52063049650308       0.6105964273777104E-02
    22.56240453677967       0.6066942328876651E-02
    22.60417857705626       0.6027920383976198E-02
    22.64595261733285       0.5988898439075745E-02
    22.68772665760943       0.5949876494175292E-02
    22.72950069788602       0.5910854549274838E-02
    22.77127473816261       0.5871832604374385E-02
    22.81304877843920       0.5832810659473932E-02
    22.85482281871579       0.5793788714573479E-02
    22.89659685899238       0.5754766769673026E-02
    22.93837089926897       0.5715744824772572E-02
    22.98014493954556       0.5676722879872119E-02
    23.02191897982215       0.5637700934971665E-02
    23.06369302009874       0.5598678990071212E-02
    23.10546706037533       0.5559657045170759E-02
    23.14724110065192       0.5520635100270305E-02
    23.18901514092851       0.5481613155369852E-02
    23.23078918120510       0.5442591210469399E-02
    23.27256322148169       0.5403569265568946E-02
    23.31433726175828       0.5364547320668493E-02
    23.35611130203486       0.5325525375768039E-02
    23.39788534231145       0.5286503430867586E-02
    23.43965938258804       0.5247481485967133E-02
    23.48143342286463       0.5208459541066691E-02
    23.52320746314122       0.5199648832650195E-02
    23.56498150341781       0.5213108324243663E-02
    23.60675554369440       0.5226567815837132E-02
    23.64852958397099       0.5240027307430600E-02
    23.69030362424758       0.5253486799024069E-02
    23.73207766452417       0.5266946290617537E-02
    23.77385170480076       0.5280405782211004E-02
    23.81562574507735       0.5276833632403179E-02
    23.85739978535394       0.5271665905901195E-02
    23.89917382563053       0.5266498179399212E-02
    23.94094786590712       0.5261330452897228E-02
    23.98272190618371       0.5256162726395244E-02
    24.02449594646029       0.5250994999893261E-02
    24.06626998673688       0.5245827273391277E-02
    24.10804402701347       0.5240659546889294E-02
    24.14981806729006       0.5235491820387309E-02
    24.19159210756665       0.5315428170317574E-02
    24.23336614784324       0.5449775635299802E-02
    24.27514018811983       0.5549727116344925E-02
    24.31691422839642       0.5555441186533130E-02
    24.35868826867301       0.5561155256721333E-02
    24.40046230894960       0.5566869326909538E-02
    24.44223634922619       0.5572583397097742E-02
    24.48401038950278       0.5578297467285945E-02
    24.52578442977937       0.5584011537474150E-02
    24.56755847005596       0.5589725607662354E-02
    24.60933251033255       0.5578907684457833E-02
    24.65110655060914       0.5561464476799904E-02
    24.69288059088572       0.5544021269141974E-02
    24.73465463116231       0.5526578061484044E-02
    24.77642867143890       0.5509134853826115E-02
    24.81820271171549       0.5491691646168185E-02
    24.85997675199208       0.5474248438510255E-02
    24.90175079226867       0.5456805230852325E-02
    24.94352483254526       0.5439362023194395E-02
    24.98529887282185       0.5421918815536465E-02
    25.02707291309844       0.5404475607878535E-02
    25.06884695337503       0.5387032400220606E-02
    25.11062099365162       0.5366820126839214E-02
    25.15239503392821       0.5325282935424101E-02
    25.19416907420480       0.5283745744008988E-02
    25.23594311448139       0.5242208552593875E-02
    25.27771715475798       0.5200671361178762E-02
    25.31949119503457       0.5159134169763649E-02
    25.36126523531115       0.5117596978348535E-02
    25.40303927558774       0.5076059786933423E-02
    25.44481331586433       0.5034522595518310E-02
    25.48658735614092       0.4992985404103196E-02
    25.52836139641751       0.4951448212688083E-02
    25.57013543669410       0.4909911021272971E-02
    25.61190947697069       0.4868373829857857E-02
    25.65368351724728       0.4826836638442744E-02
    25.69545755752387       0.4785299447027631E-02
    25.73723159780046       0.4743762255612518E-02
    25.77900563807705       0.4702225064197405E-02
    25.82077967835364       0.4660687872782292E-02
    25.86255371863023       0.4619150681367179E-02
    25.90432775890682       0.4577613489952066E-02
    25.94610179918341       0.4536076298536953E-02
    25.98787583946000       0.4494539107121840E-02
    26.02964987973658       0.4453001915706726E-02
    26.07142392001317       0.4411464724291614E-02
    26.11319796028976       0.4369927532876501E-02
    26.15497200056635       0.4328390341461387E-02
    26.19674604084294       0.4286853150046274E-02
    26.23852008111953       0.6440185695523724E-02
    26.28029412139612       0.6426169674693441E-02
    26.32206816167271       0.6412153653863158E-02
    26.36384220194930       0.6398137633032876E-02
    26.40561624222589       0.6373726518425587E-02
    26.44739028250248       0.6329796070751060E-02
    26.48916432277907       0.6285865623076534E-02
    26.53093836305566       0.6241935175402008E-02
    26.57271240333225       0.6198004727727481E-02
    26.61448644360884       0.6154074280052955E-02
    26.65626048388543       0.6110143832378429E-02
    26.69803452416201       0.6066213384703902E-02
    26.73980856443860       0.6022282937029375E-02
    26.78158260471519       0.5978352489354849E-02
    26.82335664499178       0.5934422041680323E-02
    26.86513068526837       0.5890491594005797E-02
    26.90690472554496       0.5846561146331270E-02
    26.94867876582155       0.5802630698656744E-02
    26.99045280609814       0.5758700250982218E-02
    27.03222684637473       0.5714769803307691E-02
    27.07400088665132       0.5670839355633165E-02
    27.11577492692791       0.5626908907958639E-02
    27.15754896720450       0.5582978460284113E-02
    27.19932300748109       0.5539048012609586E-02
    27.24109704775768       0.5495117564935060E-02
    27.28287108803427       0.6987152923276028E-02
    27.32464512831086       0.6949076033379753E-02
    27.36641916858744       0.6910999143483466E-02
    27.40819320886403       0.6896959630776761E-02
    27.44996724914062       0.6919654130452832E-02
    27.49174128941721       0.6942348630128903E-02
    27.53351532969380       0.6965043129804974E-02
    27.57528936997039       0.6987737629481044E-02
    27.61706341024698       0.7010432129157115E-02
    27.65883745052357       0.7079424823901974E-02
    27.70061149080016       0.7185278166099365E-02
    27.74238553107675       0.7291131508296757E-02
    27.78415957135334       0.7282037662143262E-02
    27.82593361162993       0.7242687777345513E-02
    27.86770765190652       0.7203337892547763E-02
    27.90948169218311       0.7163988007750013E-02
    27.95125573245970       0.7124638122952264E-02
    27.99302977273629       0.7085288238154514E-02
    28.03480381301287       0.7045938353356764E-02
    28.07657785328946       0.7006588468559014E-02
    28.11835189356605       0.6967238583761265E-02
    28.16012593384264       0.6927888698963515E-02
    28.20189997411923       0.6888538814165765E-02
    28.24367401439582       0.6849188929368016E-02
    28.28544805467241       0.6809839044570266E-02
    28.32722209494900       0.6770489159772516E-02
    28.36899613522559       0.6731139274974767E-02
    28.41077017550218       0.6691789390177017E-02
    28.45254421577877       0.6652439505379267E-02
    28.49431825605536       0.6613089620581518E-02
    28.53609229633195       0.6573739735783768E-02
    28.57786633660854       0.6534389850986018E-02
    28.61964037688513       0.6495039966188268E-02
    28.66141441716172       0.6455690081390518E-02
    28.70318845743830       0.6416340196592769E-02
    28.74496249771489       0.6376990311795019E-02
    28.78673653799148       0.6337640426997269E-02
    28.82851057826807       0.6298290542199519E-02
    28.87028461854466       0.6258940657401769E-02
    28.91205865882125       0.6219590772604020E-02
    28.95383269909784       0.6180240887806270E-02
    28.99560673937443       0.6140891003008520E-02
    29.03738077965102       0.6101541118210771E-02
    29.07915481992761       0.6062191233413021E-02
    29.12092886020420       0.6022841348615271E-02
    29.16270290048079       0.5983491463817532E-02
    29.20447694075738       0.6003314019003271E-02
    29.24625098103397       0.6068012543315878E-02
    29.28802502131056       0.6132711067628484E-02
    29.32979906158715       0.6197409591941095E-02
    29.37157310186373       0.6184566318513027E-02
    29.41334714214032       0.6155761836233464E-02
    29.45512118241691       0.6126957353953901E-02
    29.49689522269350       0.6098152871674339E-02
    29.53866926297009       0.6069348389394776E-02
    29.58044330324668       0.6040543907115214E-02
    29.62221734352327       0.6011739424835651E-02
    29.66399138379986       0.5982934942556089E-02
    29.70576542407645       0.5954130460276527E-02
    29.74753946435304       0.5925325977996965E-02
    29.78931350462963       0.5896521495717402E-02
    29.83108754490622       0.5867717013437840E-02
    29.87286158518281       0.5838912531158278E-02
    29.91463562545940       0.5810108048878715E-02
    29.95640966573599       0.5781303566599153E-02
    29.99818370601258       0.5752499084319591E-02
    30.03995774628916       0.5723694602040029E-02
    30.08173178656575       0.5694890119760463E-02
    30.12350582684234       0.5665424641698245E-02
    30.16527986711893       0.5629248632220920E-02
    30.20705390739552       0.5593072622743596E-02
    30.24882794767211       0.5556896613266271E-02
    30.29060198794870       0.5520720603788947E-02
    30.33237602822529       0.5484544594311622E-02
    30.37415006850188       0.5448368584834297E-02
    30.41592410877847       0.5412192575356973E-02
    30.45769814905506       0.5376016565879648E-02
    30.49947218933165       0.6771709493917424E-02
    30.54124622960824       0.6732979462262853E-02
    30.58302026988483       0.6694249430608283E-02
    30.62479431016142       0.6655519398953712E-02
    30.66656835043801       0.6616789367299142E-02
    30.70834239071459       0.6578059335644571E-02
    30.75011643099118       0.6539329303990001E-02
    30.79189047126777       0.6500599272335430E-02
    30.83366451154436       0.6461869240680859E-02
    30.87543855182095       0.6423139209026289E-02
    30.91721259209754       0.6384409177371719E-02
    30.95898663237413       0.6345679145717148E-02
    31.00076067265072       0.6306949114062580E-02
    31.04253471292731       0.6267756240113208E-02
    31.08430875320390       0.6227258005416315E-02
    31.12608279348049       0.6186759770719423E-02
    31.16785683375708       0.6146261536022530E-02
    31.20963087403367       0.6105763301325638E-02
    31.25140491431026       0.6065265066628745E-02
    31.29317895458685       0.6024766831931853E-02
    31.33495299486344       0.5984268597234960E-02
    31.37672703514002       0.5943770362538068E-02
    31.41850107541661       0.5903272127841175E-02
    31.46027511569320       0.5862773893144283E-02
    31.50204915596979       0.5822275658447390E-02
    31.54382319624638       0.5781777423750498E-02
    31.58559723652297       0.5741279189053605E-02
    31.62737127679956       0.5700780954356713E-02
    31.66914531707615       0.5660282719659820E-02
    31.71091935735274       0.5619784484962928E-02
    31.75269339762933       0.5579286250266035E-02
    31.79446743790592       0.5538788015569143E-02
    31.83624147818251       0.5498289780872250E-02
    31.87801551845910       0.5457791546175358E-02
    31.91978955873569       0.5417293311478466E-02
    31.96156359901228       0.5376795076781573E-02
    32.00333763928887       0.5336296842084684E-02
    32.04511167956545       0.5295798607387795E-02
    32.08688571984204       0.5255300372690906E-02
    32.12865976011862       0.5214802137994017E-02
    32.17043380039521       0.5174303903297128E-02
    32.21220784067179       0.5133805668600239E-02
    32.25398188094838       0.5093307433903350E-02
    32.29575592122497       0.5052809199206461E-02
    32.33752996150155       0.5012310964509572E-02
    32.37930400177814       0.4971812729812683E-02
    32.42107804205472       0.4931314495115794E-02
    32.46285208233131       0.4890816260418905E-02
    32.50462612260790       0.4850318025722016E-02
    32.54640016288448       0.4809819791025127E-02
    32.58817420316107       0.4769321556328250E-02
    32.62994824343765       0.4732916978129212E-02
    32.67172228371424       0.4698658055039742E-02
    32.71349632399082       0.4664399131950272E-02
    32.75527036426741       0.4630140208860801E-02
    32.79704440454400       0.4595881285771331E-02
    32.83881844482058       0.4561622362681860E-02
    32.88059248509717       0.6432737940678452E-02
    32.92236652537375       0.6386664973829422E-02
    32.96414056565034       0.6340592006980391E-02
    33.00591460592693       0.6294519040131361E-02
    33.04768864620351       0.6248446073282330E-02
    33.08946268648010       0.6202373106433300E-02
    33.13123672675668       0.6156300139584269E-02
    33.17301076703327       0.6110227172735239E-02
    33.21478480730985       0.6064154205886209E-02
    33.25655884758644       0.6018081239037178E-02
    33.29833288786303       0.5972008272188148E-02
    33.34010692813961       0.5925935305339117E-02
    33.38188096841620       0.5879862338490087E-02
    33.42365500869278       0.5833789371641056E-02
    33.46542904896937       0.5787716404792026E-02
    33.50720308924596       0.5741643437942996E-02
    33.54897712952254       0.5695570471093965E-02
    33.59075116979913       0.5649497504244935E-02
    33.63252521007571       0.5603424537395904E-02
    33.67429925035230       0.5557351570546874E-02
    33.71607329062888       0.5511278603697843E-02
    33.75784733090547       0.5465205636848813E-02
    33.79962137118206       0.5419132669999782E-02
    33.84139541145864       0.5373059703150752E-02
    33.88316945173523       0.5326986736301722E-02
    33.92494349201181       0.5280913769452691E-02
    33.96671753228840       0.5234840802603683E-02
    34.00849157256499       0.5190660663872839E-02
    34.05026561284157       0.5148044874173317E-02
    34.09203965311816       0.5105429084473794E-02
    34.13381369339474       0.5062813294774272E-02
    34.17558773367133       0.5020197505074750E-02
    34.21736177394791       0.4977581715375228E-02
    34.25913581422450       0.4934965925675706E-02
    34.30090985450109       0.4892350135976184E-02
    34.34268389477767       0.4849734346276662E-02
    34.38445793505426       0.4807118556577139E-02
    34.42623197533084       0.4764502766877616E-02
    34.46800601560743       0.4721886977178094E-02
    34.50978005588401       0.4679271187478572E-02
    34.55155409616060       0.4636655397779050E-02
    34.59332813643719       0.4594039608079528E-02
    34.63510217671377       0.4551423818380006E-02
    34.67687621699036       0.4508808028680484E-02
    34.71865025726694       0.4466192238980961E-02
    34.76042429754353       0.4423576449281439E-02
    34.80219833782012       0.4380960659581917E-02
    34.84397237809670       0.4338344869882394E-02
    34.88574641837329       0.4295729080182872E-02
    34.92752045864987       0.4253113290483350E-02
    34.96929449892646       0.4210497500783828E-02
    35.01106853920304       0.4167881711084306E-02
    35.05284257947963       0.4125265921384783E-02
    35.09461661975622       0.4082650131685261E-02
    35.13639066003280       0.4040034341985739E-02
    35.17816470030939       0.3997418552286217E-02
    35.21993874058597       0.3954802762586695E-02
    35.26171278086256       0.3912186972887173E-02
    35.30348682113915       0.3869571183187650E-02
    35.34526086141573       0.3826955393488127E-02
    35.38703490169232       0.3784339603788604E-02
    35.42880894196890       0.3741723814089082E-02
    35.47058298224549       0.3699108024389559E-02
    35.51235702252207       0.3656492234690036E-02
    35.55413106279866       0.3613876444990514E-02
    35.59590510307525       0.3571260655290991E-02
    35.63767914335183       0.3528644865591469E-02
    35.67945318362842       0.3486029075891946E-02
    35.72122722390500       0.3443413286192423E-02
    35.76300126418159       0.3400797496492901E-02
    35.80477530445818       0.3358181706793378E-02
    35.84654934473476       0.3315565917093855E-02
    35.88832338501135       0.4887470272645286E-02
    35.93009742528793       0.4844268461826810E-02
    35.97187146556452       0.4801066651008335E-02
    36.01364550584110       0.4757864840189859E-02
    36.05541954611769       0.4714663029371383E-02
    36.09719358639428       0.4671461218552908E-02
    36.13896762667086       0.4628259407734431E-02
    36.18074166694745       0.4585057596915956E-02
    36.22251570722403       0.4541855786097481E-02
    36.26428974750062       0.4498653975279004E-02
    36.30606378777721       0.4455452164460529E-02
    36.34783782805379       0.4412250353642054E-02
    36.38961186833038       0.4369048542823577E-02
    36.43138590860696       0.4325846732005102E-02
    36.47315994888355       0.4282644921186626E-02
    36.51493398916013       0.4239443110368047E-02
    36.55670802943672       0.4195106945015602E-02
    36.59848206971331       0.4150128228554362E-02
    36.64025610998989       0.4105149512093121E-02
    36.68203015026648       0.4060170795631880E-02
    36.72380419054306       0.4015192079170640E-02
    36.76557823081965       0.3970213362709399E-02
    36.80735227109624       0.3925234646248158E-02
    36.84912631137282       0.3880255929786918E-02
    36.89090035164941       0.3835277213325677E-02
    36.93267439192599       0.3790298496864436E-02
    36.97444843220258       0.3745319780403196E-02
    37.01622247247916       0.3700341063941955E-02
    37.05799651275575       0.3655362347480714E-02
    37.09977055303234       0.3610383631019474E-02
    37.14154459330892       0.3565404914558233E-02
    37.18331863358551       0.3520426198096992E-02
    37.22509267386209       0.3475447481635752E-02
    37.26686671413868       0.3430468765174511E-02
    37.30864075441526       0.3385490048713271E-02
    37.35041479469185       0.3340511332252030E-02
    37.39218883496844       0.3295532615790789E-02
    37.43396287524502       0.3250553899329548E-02
    37.47573691552161       0.3205575182868308E-02
    37.51751095579819       0.3160596466407067E-02
    37.55928499607478       0.3115617749945826E-02
    37.60105903635137       0.3070639033484586E-02
    37.64283307662795       0.3025660317023345E-02
    37.68460711690454       0.2980681600562104E-02
    37.72638115718112       0.2935702884100864E-02
    37.76815519745771       0.2890724167639623E-02
    37.80992923773429       0.2845745451178382E-02
    37.85170327801088       0.2800766734717142E-02
    37.89347731828747       0.2755788018255901E-02
    37.93525135856405       0.2710809301794660E-02
    37.97702539884064       0.2665830585333420E-02
    38.01879943911722       0.2620851868872179E-02
    38.06057347939381       0.2575873152410938E-02
    38.10234751967040       0.2530894435949698E-02
    38.14412155994698       0.2485915719488457E-02
    38.18589560022357       0.2440937003027216E-02
    38.22766964050015       0.2395958286565975E-02
    38.26944368077674       0.2350979570104735E-02
    38.31121772105332       0.2306000853643494E-02
    38.35299176132991       0.2261022137182254E-02
    38.39476580160650       0.2216043420721013E-02
    38.43653984188308       0.2171064704259772E-02
    38.47831388215967       0.2126085987798532E-02
    38.52008792243625       0.4034660290040348E-02
    38.56186196271284       0.3987724815357979E-02
    38.60363600298943       0.3940789340675609E-02
    38.64541004326601       0.3893853865993239E-02
    38.68718408354260       0.3846918391310870E-02
    38.72895812381918       0.3799982916628500E-02
    38.77073216409577       0.3753047441946129E-02
    38.81250620437235       0.3706111967263759E-02
    38.85428024464894       0.3659176492581389E-02
    38.89605428492553       0.3612241017899019E-02
    38.93782832520211       0.3565305543216649E-02
    38.97960236547870       0.3518370068534279E-02
    39.02137640575528       0.3471434593851909E-02
    39.06315044603187       0.3424499119169539E-02
    39.10492448630846       0.3377563644487169E-02
    39.14669852658504       0.3330628169804799E-02
    39.18847256686163       0.3283692695122429E-02
    39.23024660713821       0.3236757220440059E-02
    39.27202064741480       0.3189821745757689E-02
    39.31379468769138       0.3142886271075319E-02
    39.35556872796797       0.3095950796392949E-02
    39.39734276824456       0.3049015321710579E-02
    39.43911680852114       0.3002079847028209E-02
    39.48089084879773       0.2955144372345839E-02
    39.52266488907431       0.2908208897663469E-02
    39.56443892935090       0.2861273422981099E-02
    39.60621296962749       0.2814337948298729E-02
    39.64798700990407       0.2767402473616359E-02
    39.68976105018066       0.2720466998933989E-02
    39.73153509045724       0.2673531524251619E-02
    39.77330913073383       0.2626596049569249E-02
    39.81508317101041       0.2579660574886879E-02
    39.85685721128700       0.2532725100204509E-02
    39.89863125156359       0.2485789625522139E-02
    39.94040529184017       0.2438854150839769E-02
    39.98217933211676       0.2391918676157399E-02
    40.02395337239334       0.2344983201475029E-02
    40.06572741266993       0.2298047726792659E-02
    40.10750145294652       0.2251112252110289E-02
    40.14927549322310       0.2204176777427918E-02
    40.19104953349969       0.2157241302745549E-02
    40.23282357377627       0.2110305828063179E-02
    40.27459761405286       0.2063370353380809E-02
    40.31637165432944       0.2016434878698439E-02
    40.35814569460603       0.1969499404016068E-02
    40.39991973488262       0.1922563929333699E-02
    40.44169377515920       0.1875628454651329E-02
    40.48346781543579       0.1828692979968959E-02
    40.52524185571237       0.1781757505286589E-02
    40.56701589598896       0.1734822030604219E-02
    40.60878993626554       0.1687886555921850E-02
    40.65056397654213       0.1640951081239480E-02
    40.69233801681872       0.1594015606557110E-02
    40.73411205709530       0.1547080131874740E-02
    40.77588609737189       0.1500144657192371E-02
    40.81766013764847       0.1453209182510001E-02
    40.85943417792506       0.1406273707827631E-02
    40.90120821820165       0.1359338233145261E-02
    40.94298225847823       0.1312402758462891E-02
    40.98475629875482       0.1265467283780521E-02
    41.02653033903140       0.1218531809098152E-02
    41.06830437930799       0.1171596334415782E-02
    41.11007841958457       0.1124660859733412E-02
    41.15185245986116       0.1077725385051089E-02
    41.19362650013775       0.1040240632353469E-02
    41.23540054041433       0.1005480225567916E-02
    41.27717458069092       0.9707198187823631E-03
    41.31894862096750       0.9359594119968105E-03
    41.36072266124409       0.9011990052112577E-03
    41.40249670152068       0.8664385984257050E-03
    41.44427074179726       0.8316781916401524E-03
    41.48604478207385       0.7969177848545997E-03
    41.52781882235043       0.7621573780690469E-03
    41.56959286262702       0.7273969712834943E-03
    41.61136690290360       0.6926365644979416E-03
    41.65314094318019       0.6578761577123889E-03
    41.69491498345678       0.6231157509268363E-03
    41.73668902373336       0.5883553441412835E-03
    41.77846306400995       0.5535949373557309E-03
    41.82023710428653       0.5188345305701782E-03
    41.86201114456312       0.4840741237846255E-03
    41.90378518483971       0.4493137169990728E-03
    41.94555922511629       0.4145533102135201E-03
    41.98733326539288       0.3797929034279675E-03
    42.02910730566946       0.3450324966424147E-03
    42.07088134594605       0.3102720898568621E-03
    42.11265538622263       0.1421719019028679E-02
    42.15442942649922       0.1379769572737532E-02
    42.19620346677581       0.1337820126446386E-02
    42.23797750705239       0.1295870680155239E-02
    42.27975154732898       0.1253921233864093E-02
    42.32152558760556       0.1211971787572946E-02
    42.36329962788215       0.1170022341281800E-02
    42.40507366815874       0.1128072894990653E-02
    42.44684770843532       0.1086123448699507E-02
    42.48862174871191       0.1044174002408361E-02
    42.53039578898849       0.1002224556117214E-02
    42.57216982926508       0.9602751098260675E-03
    42.61394386954166       0.9183256635349209E-03
    42.65571790981825       0.8763762172437744E-03
    42.69749195009484       0.8344267709526278E-03
    42.73926599037142       0.7924773246614813E-03
    42.78104003064801       0.7505278783703347E-03
    42.82281407092459       0.7085784320791880E-03
    42.86458811120118       0.6666289857880415E-03
    42.90636215147777       0.6246795394968949E-03
    42.94813619175435       0.5827300932057702E-03
    42.98991023203094       0.5389093923841678E-03
    43.03168427230752       0.4944799560330946E-03
    43.07345831258411       0.4500505196820216E-03
    43.11523235286069       0.4056210833309486E-03
    43.15700639313728       0.3611916469798755E-03
    43.19878043341387       0.3167622106288025E-03
    43.24055447369045       0.2723327742777294E-03
    43.28232851396704       0.2279033379266564E-03
    43.32410255424362       0.1834739015755833E-03
    43.36587659452021       0.1390444652245102E-03
    43.40765063479679       0.9461502887343716E-04
    43.44942467507338       0.5018559252236409E-04
    43.49119871534997       0.5756156171291028E-05
    43.53297275562655      -0.3867328017978204E-04
    43.57474679590314      -0.8310271653085511E-04
    43.61652083617972      -0.1275321528819282E-03
    43.65829487645631      -0.1719615892330012E-03
    43.70006891673290      -0.2163910255840743E-03
    43.74184295700948      -0.2608204619351473E-03
    43.78361699728607      -0.3052498982862204E-03
    43.82539103756265       0.4092340976792669E-02
    43.86716507783924       0.4045977323257915E-02
    43.90893911811582       0.3999613669723162E-02
    43.95071315839241       0.3953250016188408E-02
    43.99248719866900       0.3906886362653655E-02
    44.03426123894558       0.3860522709118902E-02
    44.07603527922217       0.3814159055584148E-02
    44.11780931949875       0.3767795402049395E-02
    44.15958335977534       0.3721431748514642E-02
    44.20135740005193       0.3675068094979888E-02
    44.24313144032851       0.4428487651257787E-02
    44.28490548060510       0.4385063315683045E-02
    44.32667952088168       0.4341638980108304E-02
    44.36845356115827       0.4298214644533562E-02
    44.41022760143485       0.4254790308958820E-02
    44.45200164171144       0.4211365973384078E-02
    44.49377568198803       0.4167941637809336E-02
    44.53554972226461       0.4124517302234594E-02
    44.57732376254120       0.4081092966659853E-02
    44.61909780281778       0.4037668631085111E-02
    44.66087184309437       0.3994244295510369E-02
    44.70264588337096       0.3950819959935627E-02
    44.74441992364754       0.3907395624360885E-02
    44.78619396392413       0.3863971288786142E-02
    44.82796800420071       0.3820546953211400E-02
    44.86974204447730       0.3777122617636658E-02
    44.91151608475388       0.3733698282061916E-02
    44.95329012503047       0.3690273946487173E-02
    44.99506416530706       0.3646849610912431E-02
    45.03683820558364       0.3603425275337689E-02
    45.07861224586023       0.3560000939762947E-02
    45.12038628613681       0.3516576604188204E-02
    45.16216032641340       0.3473152268613462E-02
    45.20393436668999       0.3429727933038720E-02
    45.24570840696657       0.7405056019145866E-02
    45.28748244724316       0.7360034048374230E-02
    45.32925648751974       0.7315012077602593E-02
    45.37103052779633       0.7269990106830957E-02
    45.41280456807291       0.7224968136059321E-02
    45.45457860834950       0.7179946165287685E-02
    45.49635264862609       0.7134924194516049E-02
    45.53812668890267       0.7089902223744413E-02
    45.57990072917926       0.7044880252972777E-02
    45.62167476945584       0.6999858282201141E-02
    45.66344880973243       0.6954836311429504E-02
    45.70522285000902       0.6909814340657868E-02
    45.74699689028560       0.6864792369886233E-02
    45.78877093056219       0.6819770399114597E-02
    45.83054497083877       0.6774748428342961E-02
    45.87231901111536       0.6729726457571325E-02
    45.91409305139194       0.6684704486799689E-02
    45.95586709166853       0.6639682516028053E-02
    45.99764113194512       0.6594660545256416E-02
    46.03941517222170       0.6549638574484780E-02
    46.08118921249829       0.6504616603713144E-02
    46.12296325277487       0.6459594632941508E-02
    46.16473729305146       0.6414572662169872E-02
    46.20651133332805       0.6369550691398236E-02
    46.24828537360463       0.6324528720626600E-02
    46.29005941388122       0.6279506749854964E-02
    46.33183345415780       0.6234484779083328E-02
    46.37360749443439       0.6189462808311692E-02
    46.41538153471097       0.6144440837540056E-02
    46.45715557498756       0.6099418866768420E-02
    46.49892961526415       0.6054396895996784E-02
    46.54070365554073       0.6009374925225148E-02
    46.58247769581732       0.5964352954453512E-02
    46.62425173609390       0.5919330983681876E-02
    46.66602577637049       0.5874309012910239E-02
    46.70779981664707       0.5829287042138603E-02
    46.74957385692366       0.5784265071366967E-02
    46.79134789720025       0.5739243100595331E-02
    46.83312193747683       0.5694221129823695E-02
    46.87489597775342       0.5649199159052059E-02
    46.91667001803000       0.5604177188280423E-02
    46.95844405830659       0.5559155217508788E-02
    47.00021809858318       0.5514133246737151E-02
    47.04199213885976       0.5469111275965515E-02
    47.08376617913635       0.5424089305193879E-02
    47.12554021941293       0.5379067334422243E-02
    47.16731425968952       0.5334045363650607E-02
    47.20908829996610       0.5289023392878971E-02
    47.25086234024269       0.6250626390258371E-02
    47.29263638051928       0.6204383286169057E-02
    47.33441042079586       0.6158140182079743E-02
    47.37618446107245       0.6111897077990429E-02
    47.41795850134903       0.6065653973901115E-02
    47.45973254162562       0.6019410869811801E-02
    47.50150658190221       0.5973167765722487E-02
    47.54328062217879       0.5926924661633173E-02
    47.58505466245538       0.5880681557543859E-02
    47.62682870273196       0.5834438453454546E-02
    47.66860274300855       0.5788195349365232E-02
    47.71037678328513       0.5741952245275917E-02
    47.75215082356172       0.5695709141186603E-02
    47.79392486383831       0.5649466037097289E-02
    47.83569890411489       0.5603222933007975E-02
    47.87747294439148       0.5556979828918661E-02
    47.91924698466806       0.5510736724829347E-02
    47.96102102494465       0.5464493620740033E-02
    48.00279506522124       0.5418250516650719E-02
    48.04456910549782       0.5372007412561406E-02
    48.08634314577441       0.5325764308472092E-02
    48.12811718605099       0.2440047962274551E-01
    48.16989122632758       0.2434844080287201E-01
    48.21166526660416       0.2429640198299852E-01
    48.25343930688075       0.2424436316312503E-01
    48.29521334715734       0.2419232434325154E-01
    48.33698738743392       0.2414028552337805E-01
    48.37876142771051       0.2408824670350455E-01
    48.42053546798709       0.2403620788363106E-01
    48.46230950826368       0.2398416906375757E-01
    48.50408354854027       0.2393213024388408E-01
    48.54585758881685       0.2388009142401059E-01
    48.58763162909344       0.2382805260413710E-01
    48.62940566937002       0.2377601378426360E-01
    48.67117970964661       0.2372397496439011E-01
    48.71295374992319       0.2367193614451662E-01
    48.75472779019978       0.2361989732464313E-01
    48.79650183047637       0.2356785850476964E-01
    48.83827587075295       0.2351581968489614E-01
    48.88004991102954       0.2346378086502265E-01
    48.92182395130612       0.2341174204514916E-01
    48.96359799158271       0.2335970322527567E-01
    49.00537203185930       0.2330766440540218E-01
    49.04714607213588       0.2325562558552869E-01
    49.08892011241247       0.2320358676565519E-01
    49.13069415268905       0.2315154794578170E-01
    49.17246819296564       0.2309950912590821E-01
    49.21424223324222       0.2304747030603472E-01
    49.25601627351881       0.2299543148616123E-01
    49.29779031379540       0.2294339266628773E-01
    49.33956435407198       0.2289135384641424E-01
    49.38133839434857       0.2283931502654075E-01
    49.42311243462515       0.2278727620666726E-01
    49.46488647490174       0.2273523738679377E-01
    49.50666051517832       0.2268319856692028E-01
    49.54843455545491       0.2263115974704678E-01
    49.59020859573150       0.2257912092717329E-01
    49.63198263600808       0.2252708210729980E-01
    49.67375667628467       0.2247504328742631E-01
    49.71553071656125       0.2242300446755282E-01
    49.75730475683784       0.2237096564767932E-01
    49.79907879711443       0.2231892682780583E-01
    49.84085283739101       0.2226688800793234E-01
    49.88262687766760       0.2221484918805885E-01
    49.92440091794418       0.2216281036818536E-01
    49.96617495822077       0.2211077154831186E-01
    50.00794899849735       0.2205873272843837E-01
    50.04972303877394       0.2200669390856488E-01
    50.09149707905053       0.2195465508869139E-01
    50.13327111932711       0.2190261626881790E-01
    50.17504515960370       0.2185057744894441E-01
    50.21681919988028       0.2179853862907091E-01
    50.25859324015687       0.2174649980919742E-01
    50.30036728043346       0.2169446098932393E-01
    50.34214132071004       0.2164242216945044E-01
    50.38391536098663       0.2159038334957694E-01
    50.42568940126321       0.2153834452970345E-01
    50.46746344153980       0.2148630570982996E-01
    50.50923748181638       0.2143426688995647E-01
    50.55101152209297       0.2138222807008298E-01
    50.59278556236956       0.2133018925020948E-01
    50.63455960264614       0.2127815043033600E-01
    50.67633364292273       0.2122611161046250E-01
    50.71810768319931       0.2117407279058901E-01
    50.75988172347590       0.2112203397071552E-01
    50.80165576375249       0.2106999515084203E-01
    50.84342980402907       0.2101795633096853E-01
    50.88520384430566       0.2096591751109504E-01
    50.92697788458224       0.2091387869122155E-01
    50.96875192485883       0.2086183987134806E-01
    51.01052596513541       0.2080980105147457E-01
    51.05230000541200       0.2075776223160107E-01
    51.09407404568859       0.2070572341172758E-01
    51.13584808596517       0.2065368459185409E-01
    51.17762212624176       0.2060164577198060E-01
    51.21939616651834       0.2054960695210711E-01
    51.26117020679493       0.2049756813223362E-01
    51.30294424707152       0.2044552931236012E-01
    51.34471828734810       0.2039349049248663E-01
    51.38649232762469       0.2034145167261314E-01
    51.42826636790127       0.2028941285273965E-01
    51.47004040817786       0.2023737403286616E-01
    51.51181444845444       0.2018533521299266E-01
    51.55358848873103       0.2013329639311917E-01
    51.59536252900762       0.2008125757324568E-01
    51.63713656928420       0.2002921875337219E-01
    51.67891060956079       0.1997717993349870E-01
    51.72068464983737       0.1992514111362521E-01
    51.76245869011396       0.1987310229375171E-01
    51.80423273039055       0.1982106347387822E-01
    51.84600677066713       0.1976902465400473E-01
    51.88778081094372       0.1971698583413124E-01
    51.92955485122030       0.1966494701425775E-01
    51.97132889149689       0.1961290819438425E-01
    52.01310293177347       0.1956086937451076E-01
    52.05487697205006       0.1950883055463727E-01
    52.09665101232665       0.1945679173476378E-01
    52.13842505260323       0.1940475291489029E-01
    52.18019909287982       0.1935271409501680E-01
    52.22197313315640       0.1930067527514330E-01
    52.26374717343299       0.1924863645526981E-01
    52.30552121370958       0.1919659763539632E-01
    52.34729525398616       0.1914455881552283E-01
    52.38906929426275       0.1909251999564934E-01
    52.43084333453933       0.1904048117577584E-01
    52.47261737481592       0.1898844235590235E-01
    52.51439141509250       0.1893640353602886E-01
    52.55616545536909       0.1888436471615537E-01
    52.59793949564568       0.1883232589628188E-01
    52.63971353592226       0.1878028707640839E-01
    52.68148757619885       0.1872824825653489E-01
    52.72326161647543       0.1867620943666140E-01
    52.76503565675202       0.1862417061678791E-01
    52.80680969702860       0.1857213179691442E-01
    52.84858373730519       0.1852009297704093E-01
    52.89035777758178       0.1846805415716743E-01
    52.93213181785836       0.1841601533729394E-01
    52.97390585813495       0.1836397651742045E-01
    53.01567989841153       0.1831193769754696E-01
    53.05745393868812       0.1825989887767347E-01
    53.09922797896471       0.1820786005779998E-01
    53.14100201924129       0.1815582123792648E-01
    53.18277605951788       0.1810378241805299E-01
    53.22455009979446       0.1805174359817950E-01
    53.26632414007105       0.1799970477830601E-01
    53.30809818034763       0.1794766595843252E-01
    53.34987222062422       0.1789562713855902E-01
    53.39164626090081       0.1784358831868553E-01
    53.43342030117739       0.1779154949881204E-01
    53.47519434145398       0.1773951067893855E-01
    53.51696838173056       0.1768747185906505E-01
    53.55874242200715       0.1763543303919156E-01
    53.60051646228374       0.1758339421931807E-01
    53.64229050256032       0.1753135539944458E-01
    53.68406454283691       0.1747931657957109E-01
    53.72583858311349       0.1742727775969760E-01
    53.76761262339008       0.1737523893982411E-01
    53.80938666366666       0.1732320011995061E-01
    53.85116070394325       0.1727116130007712E-01
    53.89293474421984       0.1721912248020363E-01
    53.93470878449642       0.1716708366033014E-01
    53.97648282477301       0.1711504484045664E-01
    54.01825686504959       0.1706300602058315E-01
    54.06003090532618       0.1701096720070966E-01
    54.10180494560277       0.1695892838083617E-01
    54.14357898587935       0.1690688956096268E-01
    54.18535302615594       0.1685485074108918E-01
    54.22712706643252       0.1680281192121569E-01
    54.26890110670911       0.1675077310134220E-01
    54.31067514698569       0.1669873428146871E-01
    54.35244918726228       0.1664669546159522E-01
    54.39422322753887       0.1659465664172173E-01
    54.43599726781545       0.1654261782184823E-01
    54.47777130809204       0.1649057900197474E-01
    54.51954534836862       0.1643854018210125E-01
    54.56131938864521       0.1638650136222776E-01
    54.60309342892180       0.1633446254235427E-01
    54.64486746919838       0.1628242372248077E-01
    54.68664150947497       0.1623038490260728E-01
    54.72841554975155       0.1617834608273379E-01
    54.77018959002814       0.1612630726286030E-01
    54.81196363030472       0.1607426844298681E-01
    54.85373767058131       0.1602222962311332E-01
    54.89551171085790       0.1597019080323982E-01
    54.93728575113448       0.1591815198336633E-01
    54.97905979141107       0.1586611316349284E-01
    55.02083383168765       0.1581407434361935E-01
    55.06260787196424       0.1576203552374586E-01
    55.10438191224083       0.1570999670387236E-01
    55.14615595251741       0.1565795788399887E-01
    55.18792999279400       0.1560591906412538E-01
    55.22970403307058       0.1555388024425189E-01
    55.27147807334717       0.1550184142437840E-01
    55.31325211362375       0.1544980260450490E-01
    55.35502615390034       0.1539776378463141E-01
    55.39680019417693       0.1534572496475792E-01
    55.43857423445351       0.1529368614488443E-01
    55.48034827473010       0.1524164732501094E-01
    55.52212231500668       0.1518960850513745E-01
    55.56389635528327       0.1513756968526395E-01
    55.60567039555986       0.1508553086539046E-01
    55.64744443583644       0.1503349204551697E-01
    55.68921847611303       0.1498145322564348E-01
    55.73099251638961       0.1492941440576999E-01
    55.77276655666620       0.1487737558589649E-01
    55.81454059694278       0.1482533676602300E-01
    55.85631463721937       0.1477329794614951E-01
    55.89808867749596       0.1472125912627602E-01
    55.93986271777254       0.1466922030640253E-01
    55.98163675804913       0.1461718148652904E-01
    56.02341079832571       0.1456514266665554E-01
    56.06518483860230       0.1451310384678205E-01
    56.10695887887888       0.1446106502690856E-01
    56.14873291915547       0.1440902620703507E-01
    56.19050695943206       0.1435698738716158E-01
    56.23228099970864       0.1430494856728808E-01
    56.27405503998523       0.1425290974741459E-01
    56.31582908026181       0.1420087092754110E-01
    56.35760312053840       0.1414883210766761E-01
    56.39937716081499       0.1409679328779412E-01
    56.44115120109157       0.1404475446792063E-01
    56.48292524136816       0.1399271564804713E-01
    56.52469928164474       0.1394067682817364E-01
    56.56647332192133       0.1388863800830015E-01
    56.60824736219791       0.1383659918842666E-01
    56.65002140247450       0.1378456036855316E-01
    56.69179544275109       0.1373252154867967E-01
    56.73356948302767       0.1368048272880618E-01
    56.77534352330426       0.1362844390893269E-01
    56.81711756358084       0.1357640508905920E-01
    56.85889160385743       0.1352436626918571E-01
    56.90066564413402       0.1347232744931222E-01
    56.94243968441060       0.1342028862943872E-01
    56.98421372468719       0.1336824980956523E-01
    57.02598776496377       0.1331621098969174E-01
    57.06776180524036       0.1326417216981825E-01
    57.10953584551694       0.1321213334994475E-01
    57.15130988579353       0.1316009453007126E-01
    57.19308392607012       0.1310805571019777E-01
    57.23485796634670       0.1305601689032428E-01
    57.27663200662329       0.1300397807045079E-01
    57.31840604689987       0.1295193925057730E-01
    57.36018008717646       0.1289990043070380E-01
    57.40195412745305       0.1284786161083031E-01
    57.44372816772963       0.1279582279095682E-01
    57.48550220800622       0.1274378397108333E-01
    57.52727624828280       0.1269174515120984E-01
    57.56905028855939       0.1263970633133634E-01
    57.61082432883597       0.1258766751146285E-01
    57.65259836911256       0.1253562869158936E-01
    57.69437240938915       0.1248358987171587E-01
    57.73614644966573       0.1243155105184238E-01
    57.77792048994232       0.1237951223196889E-01
    57.81969453021890       0.1232747341209539E-01
    57.86146857049549       0.1227543459222190E-01
    57.90324261077208       0.1222339577234841E-01
    57.94501665104866       0.1217135695247492E-01
    57.98679069132525       0.1211931813260143E-01
    58.02856473160183       0.1206727931272793E-01
    58.07033877187842       0.1201524049285444E-01
    58.11211281215500       0.1196320167298095E-01
    58.15388685243159       0.1191116285310746E-01
    58.19566089270818       0.1185912403323397E-01
    58.23743493298476       0.1180708521336048E-01
    58.27920897326135       0.1175504639348698E-01
    58.32098301353793       0.1170300757361349E-01
    58.36275705381452       0.1165096875374000E-01
    58.40453109409111       0.1159892993386651E-01
    58.44630513436769       0.1154689111399301E-01
    58.48807917464428       0.1149485229411952E-01
    58.52985321492086       0.1144281347424603E-01
    58.57162725519745       0.1139077465437254E-01
    58.61340129547403       0.1133873583449905E-01
    58.65517533575062       0.1128669701462556E-01
    58.69694937602721       0.1123465819475206E-01
    58.73872341630379       0.1118261937487857E-01
    58.78049745658038       0.1113058055500508E-01
    58.82227149685696       0.1107854173513159E-01
    58.86404553713355       0.1102650291525810E-01
    58.90581957741013       0.1097446409538460E-01
    58.94759361768672       0.1092242527551111E-01
    58.98936765796331       0.1087038645563762E-01
    59.03114169823989       0.1081834763576413E-01
    59.07291573851648       0.1076630881589064E-01
    59.11468977879306       0.1071426999601715E-01
    59.15646381906965       0.1066223117614365E-01
    59.19823785934624       0.1061019235627016E-01
    59.24001189962282       0.1055815353639667E-01
    59.28178593989941       0.1050611471652318E-01
    59.32355998017599       0.1045407589664969E-01
    59.36533402045258       0.1040203707677619E-01
    59.40710806072916       0.1034999825690270E-01
    59.44888210100575       0.1029795943702921E-01
    59.49065614128234       0.1024592061715572E-01
    59.53243018155892       0.1019388179728223E-01
    59.57420422183551       0.1014184297740874E-01
    59.61597826211209       0.1008980415753524E-01
    59.65775230238868       0.1003776533766175E-01
    59.69952634266527       0.9985726517788259E-02
    59.74130038294185       0.9933687697914768E-02
    59.78307442321844       0.9881648878041277E-02
    59.82484846349502       0.9829610058167784E-02
    59.86662250377161       0.9777571238294293E-02
    59.90839654404819       0.9725532418420800E-02
    59.95017058432478       0.9673493598547309E-02
    59.99194462460137       0.9621454778673816E-02
    60.03371866487795       0.9569415958800325E-02
    60.07549270515454       0.9517377138926832E-02
    60.11726674543112       0.9465338319053341E-02
    60.15904078570771       0.9413299499179848E-02
    60.20081482598430       0.9361260679306357E-02
    60.24258886626088       0.9309221859432865E-02
    60.28436290653747       0.9257183039559374E-02
    60.32613694681405       0.9205144219685883E-02
    60.36791098709064       0.9153105399812390E-02
    60.40968502736722       0.9101066579938899E-02
    60.45145906764381       0.9049027760065406E-02
    60.49323310792040       0.8996988940191915E-02
    60.53500714819698       0.8944950120318422E-02
    60.57678118847357       0.8892911300444931E-02
    60.61855522875015       0.8840872480571438E-02
    60.66032926902674       0.8788833660697947E-02
    60.70210330930333       0.8736794840824454E-02
    60.74387734957991       0.8684756020950963E-02
    60.78565138985650       0.8632717201077470E-02
    60.82742543013308       0.8580678381203979E-02
    60.86919947040967       0.8528639561330487E-02
    60.91097351068625       0.8476600741456996E-02
    60.95274755096284       0.8424561921583505E-02
    60.99452159123943       0.8372523101710012E-02
    61.03629563151601       0.8320484281836521E-02
    61.07806967179260       0.8268445461963028E-02
    61.11984371206918       0.8216406642089537E-02
    61.16161775234577       0.8164367822216044E-02
    61.20339179262236       0.8112329002342553E-02
    61.24516583289894       0.8060290182469060E-02
    61.28693987317553       0.8008251362595569E-02
    61.32871391345211       0.7956212542722076E-02
    61.37048795372870       0.7904173722848585E-02
    61.41226199400528       0.7852134902975092E-02
    61.45403603428187       0.7800096083101601E-02
    61.49581007455846       0.7748057263228109E-02
    61.53758411483504       0.7696018443354618E-02
    61.57935815511163       0.7643979623481126E-02
    61.62113219538821       0.7591940803607634E-02
    61.66290623566480       0.7539901983734142E-02
    61.70468027594139       0.7487863163860650E-02
    61.74645431621797       0.7435824343987158E-02
    61.78822835649456       0.7383785524113666E-02
    61.83000239677114       0.7331746704240174E-02
    61.87177643704773       0.7279707884366683E-02
    61.91355047732431       0.7227669064493191E-02
    61.95532451760090       0.7175630244619699E-02
    61.99709855787749       0.7123591424746207E-02
    62.03887259815407       0.7071552604872715E-02
    62.08064663843066       0.7019513784999223E-02
    62.12242067870724       0.6967474965125731E-02
    62.16419471898383       0.6915436145252240E-02
    62.20596875926041       0.6863397325378748E-02
    62.24774279953700       0.6811358505505256E-02
    62.28951683981359       0.6759319685631764E-02
    62.33129088009017       0.6707280865758272E-02
    62.37306492036676       0.6655242045884780E-02
    62.41483896064334       0.6603203226011288E-02
    62.45661300091993       0.6551164406137797E-02
    62.49838704119652       0.6499125586264305E-02
    62.54016108147310       0.6447086766390813E-02
    62.58193512174969       0.6395047946517321E-02
    62.62370916202627       0.6343009126643829E-02
    62.66548320230286       0.6290970306770337E-02
    62.70725724257944       0.6238931486896845E-02
    62.74903128285603       0.6186892667023353E-02
    62.79080532313262       0.6134853847149862E-02
    62.83257936340920       0.6082815027276370E-02
    62.87435340368579       0.6030776207402878E-02
    62.91612744396237       0.5978737387529386E-02
    62.95790148423896       0.5926698567655894E-02
    62.99967552451555       0.5874659747782402E-02
    63.04144956479213       0.5822620927908910E-02
    63.08322360506872       0.5770582108035419E-02
    63.12499764534530       0.5718543288161927E-02
    63.16677168562189       0.5666504468288435E-02
    63.20854572589847       0.5614465648414943E-02
    63.25031976617506       0.5562426828541451E-02
    63.29209380645165       0.5510388008667959E-02
    63.33386784672823       0.5458349188794467E-02
    63.37564188700482       0.5406310368920975E-02
    63.41741592728140       0.5354271549047484E-02
    63.45918996755799       0.5302232729173992E-02
    63.50096400783458       0.5250193909300500E-02
    63.54273804811116       0.5198155089427008E-02
    63.58451208838775       0.5146116269553516E-02
    63.62628612866433       0.5094077449680024E-02
    63.66806016894092       0.5042038629806533E-02
    63.70983420921750       0.4989999809933041E-02
    63.75160824949409       0.4937960990059549E-02
    63.79338228977068       0.4885922170186057E-02
    63.83515633004726       0.4833883350312565E-02
    63.87693037032385       0.4781844530439073E-02
    63.91870441060043       0.4729805710565581E-02
    63.96047845087702       0.4677766890692089E-02
    64.00225249115361       0.4625728070818597E-02
    64.04402653143021       0.4573689250945106E-02
    64.08580057170680       0.4521650431071614E-02
    64.12757461198339       0.4469611611198122E-02
    64.16934865225998       0.4417572791324630E-02
    64.21112269253658       0.4365533971451138E-02
    64.25289673281317       0.4313495151577646E-02
    64.29467077308976       0.4261456331704154E-02
    64.33644481336636       0.4209417511830663E-02
    64.37821885364295       0.4157378691957171E-02
    64.41999289391954       0.4105339872083679E-02
    64.46176693419613       0.4053301052210187E-02
    64.50354097447273       0.4001262232336695E-02
    64.54531501474932       0.3949223412463203E-02
    64.58708905502591       0.3897184592589712E-02
    64.62886309530251       0.3845145772716220E-02
    64.67063713557910       0.3793106952842729E-02
    64.71241117585569       0.3741068132969237E-02
    64.75418521613229       0.3689029313095746E-02
    64.79595925640888       0.3636990493222255E-02
    64.83773329668547       0.3584951673348763E-02
    64.87950733696206       0.3532912853475272E-02
    64.92128137723866       0.3480874033601780E-02
    64.96305541751525       0.3428835213728289E-02
    65.00482945779184       0.3376796393854797E-02
    65.04660349806844       0.3324757573981306E-02
    65.08837753834503       0.3272718754107814E-02
    65.13015157862162       0.3220679934234323E-02
    65.17192561889821       0.3168641114360832E-02
    65.21369965917481       0.3116602294487340E-02
    65.25547369945140       0.3064563474613849E-02
    65.29724773972799       0.3012524654740357E-02
    65.33902178000459       0.2960485834866866E-02
    65.38079582028118       0.2908447014993374E-02
    65.42256986055777       0.2856408195119883E-02
    65.46434390083436       0.2804369375246392E-02
    65.50611794111096       0.2752330555372900E-02
    65.54789198138755       0.2700291735499409E-02
    65.58966602166414       0.2648252915625917E-02
    65.63144006194074       0.2596214095752426E-02
    65.67321410221733       0.2544175275878934E-02
    65.71498814249392       0.2492136456005443E-02
    65.75676218277052       0.2440097636131952E-02
    65.79853622304711       0.2388058816258460E-02
    65.84031026332370       0.2336019996384969E-02
    65.88208430360029       0.2283981176511477E-02
    65.92385834387689       0.2231942356637986E-02
    65.96563238415348       0.2179903536764494E-02
    66.00740642443007       0.2127864716891003E-02
    66.04918046470667       0.2075825897017512E-02
    66.09095450498326       0.2023787077144020E-02
    66.13272854525985       0.1971748257270529E-02
    66.17450258553644       0.1919709437397037E-02
    66.21627662581304       0.1867670617523546E-02
    66.25805066608963       0.1815631797650055E-02
    66.29982470636622       0.1763592977776563E-02
    66.34159874664282       0.1711554157903072E-02
    66.38337278691941       0.1659515338029580E-02
    66.42514682719600       0.1607476518156089E-02
    66.46692086747260       0.1555437698282597E-02
    66.50869490774919       0.1503398878409106E-02
    66.55046894802578       0.1451360058535615E-02
    66.59224298830237       0.1399321238662123E-02
    66.63401702857897       0.1347282418788632E-02
    66.67579106885556       0.1295243598915140E-02
    66.71756510913215       0.1243204779041649E-02
    66.75933914940875       0.1191165959168157E-02
    66.80111318968534       0.1139127139294666E-02
    66.84288722996193       0.1087088319421174E-02
    66.88466127023852       0.1035049499547683E-02
    66.92643531051512       0.9830106796741916E-03
    66.96820935079171       0.9309718598007002E-03
    67.00998339106830       0.8789330399272087E-03
    67.05175743134490       0.8268942200537173E-03
    67.09353147162149       0.7748554001802258E-03
    67.13530551189808       0.7228165803067345E-03
    67.17707955217467       0.6707777604332430E-03
    67.21885359245127       0.6187389405597516E-03
    67.26062763272786       0.5667001206862601E-03
    67.30240167300445       0.5146613008127687E-03
    67.34417571328105       0.4626224809392772E-03
    67.38594975355764       0.4105836610657857E-03
    67.42772379383423       0.3585448411922942E-03
    67.46949783411083       0.3065060213188027E-03
    67.51127187438742       0.2544672014453113E-03
    67.55304591466401       0.2024283815718198E-03
    67.59481995494060       0.1503895616983284E-03
    67.63659399521720       0.9835074182483690E-04
    67.67836803549379       0.4631192195134544E-04
    67.72014207577038      -0.5726897922146026E-05
    67.76191611604698      -0.5776571779563750E-04
    67.80369015632357      -0.1098045376691290E-03
    67.84546419660016      -0.1618433575426204E-03
    67.88723823687675      -0.2138821774161119E-03
    67.92901227715335      -0.2659209972896033E-03
    67.97078631742994      -0.3179598171630948E-03
    68.01256035770653      -0.3699986370365863E-03
    68.05433439798313      -0.4220374569100778E-03
    68.09610843825972      -0.4740762767835693E-03
    68.13788247853631      -0.5261150966570608E-03
    68.17965651881291      -0.5781539165305523E-03
    68.22143055908950      -0.6301927364040437E-03
    68.26320459936609      -0.6822315562775350E-03
    68.30497863964268      -0.7342703761510265E-03
    68.34675267991928      -0.7863091960245179E-03
    68.38852672019587      -0.8383480158980094E-03
    68.43030076047246      -0.8903868357715008E-03
    68.47207480074906      -0.9424256556449923E-03
    68.51384884102565      -0.9944644755184838E-03
    68.55562288130224      -0.1046503295391975E-02
    68.59739692157883      -0.1098542115265467E-02
    68.63917096185543      -0.1150580935138958E-02
    68.68094500213202      -0.1202619755012449E-02
    68.72271904240861      -0.1254658574885941E-02
    68.76449308268521      -0.1306697394759432E-02
    68.80626712296180      -0.1358736214632924E-02
    68.84804116323839      -0.1410775034506415E-02
    68.88981520351498      -0.1462813854379907E-02
    68.93158924379158      -0.1514852674253398E-02
    68.97336328406817      -0.1566891494126890E-02
    69.01513732434476      -0.1618930314000381E-02
    69.05691136462136      -0.1670969133873872E-02
    69.09868540489795      -0.1723007953747364E-02
    69.14045944517454      -0.1775046773620855E-02
    69.18223348545114      -0.1827085593494347E-02
    69.22400752572773      -0.1879124413367838E-02
    69.26578156600432      -0.1931163233241330E-02
    69.30755560628091      -0.1983202053114821E-02
    69.34932964655751      -0.2035240872988313E-02
    69.39110368683410      -0.2087279692861804E-02
    69.43287772711069      -0.2139318512735295E-02
    69.47465176738729      -0.2191357332608787E-02
    69.51642580766388      -0.2243396152482278E-02
    69.55819984794047      -0.2295434972355770E-02
    69.59997388821706      -0.2347473792229261E-02
    69.64174792849366      -0.2399512612102753E-02
    69.68352196877025      -0.2451551431976244E-02
    69.72529600904684      -0.2503590251849735E-02
    69.76707004932344      -0.2555629071723227E-02
    69.80884408960003      -0.2607667891596718E-02
    69.85061812987662      -0.2659706711470210E-02
    69.89239217015322      -0.2711745531343701E-02
    69.93416621042981      -0.2763784351217193E-02
    69.97594025070640      -0.2815823171090684E-02
    70.01771429098299      -0.2867861990964175E-02
    70.05948833125959      -0.2919900810837667E-02
    70.10126237153618      -0.2971939630711158E-02
    70.14303641181277      -0.3023978450584650E-02
    70.18481045208937      -0.3076017270458141E-02
    70.22658449236596      -0.3128056090331633E-02
    70.26835853264255      -0.3180094910205124E-02
    70.31013257291914      -0.3232133730078615E-02
    70.35190661319574      -0.3284172549952107E-02
    70.39368065347233      -0.3336211369825598E-02
    70.43545469374892      -0.3388250189699090E-02
    70.47722873402552      -0.3440289009572581E-02
    70.51900277430211      -0.3492327829446073E-02
    70.56077681457870      -0.3544366649319564E-02
    70.60255085485529      -0.3596405469193055E-02
    70.64432489513189      -0.3648444289066547E-02
    70.68609893540848      -0.3700483108940038E-02
    70.72787297568507      -0.3752521928813530E-02
    70.76964701596167      -0.3804560748687021E-02
    70.81142105623826      -0.3856599568560513E-02
    70.85319509651485      -0.3908638388434004E-02
    70.89496913679145      -0.3960677208307496E-02
    70.93674317706804      -0.4012716028180988E-02
    70.97851721734463      -0.4064754848054480E-02
    71.02029125762122      -0.4116793667927972E-02
    71.06206529789782      -0.4168832487801463E-02
    71.10383933817441      -0.4220871307674955E-02
    71.14561337845100      -0.4272910127548447E-02
    71.18738741872760      -0.4324948947421939E-02
    71.22916145900419      -0.4376987767295431E-02
    71.27093549928078      -0.4429026587168923E-02
    71.31270953955737      -0.4481065407042415E-02
    71.35448357983397      -0.4533104226915907E-02
    71.39625762011056      -0.4585143046789399E-02
    71.43803166038715      -0.4637181866662891E-02
    71.47980570066375      -0.4689220686536382E-02
    71.52157974094034      -0.4741259506409874E-02
    71.56335378121693      -0.4793298326283366E-02
    71.60512782149353      -0.4845337146156858E-02
    71.64690186177012      -0.4897375966030349E-02
    71.68867590204671      -0.4949414785903841E-02
    71.73044994232330      -0.5001453605777333E-02
    71.77222398259990      -0.5053492425650825E-02
    71.81399802287649      -0.5105531245524317E-02
    71.85577206315308      -0.5157570065397809E-02
    71.89754610342968      -0.5209608885271301E-02
    71.93932014370627      -0.5261647705144793E-02
    71.98109418398286      -0.5313686525018285E-02
    72.02286822425945      -0.5365725344891777E-02
    72.06464226453605      -0.5417764164765269E-02
    72.10641630481264      -0.5469802984638760E-02
    72.14819034508923      -0.5521841804512252E-02
    72.18996438536583      -0.5573880624385744E-02
    72.23173842564242      -0.5625919444259236E-02
    72.27351246591901      -0.5677958264132727E-02
    72.31528650619560      -0.5729997084006219E-02
    72.35706054647220      -0.5782035903879711E-02
    72.39883458674879      -0.5834074723753203E-02
    72.44060862702538      -0.5886113543626695E-02
    72.48238266730198      -0.5938152363500187E-02
    72.52415670757857      -0.5990191183373679E-02
    72.56593074785516      -0.6042230003247171E-02
    72.60770478813176      -0.6094268823120663E-02
    72.64947882840835      -0.6146307642994155E-02
    72.69125286868494      -0.6198346462867647E-02
    72.73302690896153      -0.6250385282741138E-02
    72.77480094923813      -0.6302424102614630E-02
    72.81657498951472      -0.6354462922488122E-02
    72.85834902979131      -0.6406501742361613E-02
    72.90012307006791      -0.6458540562235105E-02
    72.94189711034450      -0.6510579382108597E-02
    72.98367115062109      -0.6562618201982089E-02
    73.02544519089768      -0.6614657021855581E-02
    73.06721923117428      -0.6666695841729073E-02
    73.10899327145087      -0.6718734661602565E-02
    73.15076731172746      -0.6770773481476057E-02
    73.19254135200406      -0.6822812301349549E-02
    73.23431539228065      -0.6874851121223041E-02
    73.27608943255724      -0.6926889941096533E-02
    73.31786347283384      -0.6978928760970025E-02
    73.35963751311043      -0.7030967580843516E-02
    73.40141155338702      -0.7083006400717008E-02
    73.44318559366361      -0.7135045220590500E-02
    73.48495963394021      -0.7187084040463991E-02
    73.52673367421680      -0.7239122860337483E-02
    73.56850771449339      -0.7291161680210975E-02
    73.61028175476999      -0.7343200500084467E-02
    73.65205579504658      -0.7395239319957959E-02
    73.69382983532317      -0.7447278139831451E-02
    73.73560387559976      -0.7499316959704943E-02
    73.77737791587636      -0.7551355779578435E-02
    73.81915195615295      -0.7603394599451927E-02
    73.86092599642954      -0.7655433419325419E-02
    73.90270003670614      -0.7707472239198911E-02
    73.94447407698273      -0.7759511059072403E-02
    73.98624811725932      -0.7811549878945894E-02
    74.02802215753591      -0.7863588698819386E-02
    74.06979619781251      -0.7915627518692878E-02
    74.11157023808910      -0.7967666338566369E-02
    74.15334427836569      -0.8019705158439862E-02
    74.19511831864229      -0.8071743978313353E-02
    74.23689235891888      -0.8123782798186846E-02
    74.27866639919547      -0.8175821618060337E-02
    74.32044043947207      -0.8227860437933830E-02
    74.36221447974866      -0.8279899257807321E-02
    74.40398852002525      -0.8331938077680812E-02
    74.44576256030184      -0.8383976897554305E-02
    74.48753660057844      -0.8436015717427796E-02
    74.52931064085503      -0.8488054537301289E-02
    74.57108468113162      -0.8540093357174780E-02
    74.61285872140822      -0.8592132177048272E-02
    74.65463276168481      -0.8644170996921764E-02
    74.69640680196140      -0.8696209816795256E-02
    74.73818084223799      -0.8748248636668747E-02
    74.77995488251459      -0.8800287456542240E-02
    74.82172892279118      -0.8852326276415731E-02
    74.86350296306777      -0.8904365096289224E-02
    74.90527700334437      -0.8956403916162715E-02
    74.94705104362096      -0.9008442736036208E-02
    74.98882508389755      -0.9060481555909699E-02
    75.03059912417415      -0.9112520375783190E-02
    75.07237316445074      -0.9164559195656683E-02
    75.11414720472733      -0.9216598015530174E-02
    75.15592124500392      -0.9268636835403667E-02
    75.19769528528052      -0.9320675655277158E-02
    75.23946932555711      -0.9372714475150650E-02
    75.28124336583370      -0.9424753295024142E-02
    75.32301740611030      -0.9476792114897634E-02
    75.36479144638689      -0.9528830934771125E-02
    75.40656548666348      -0.9580869754644618E-02
    75.44833952694007      -0.9632908574518109E-02
    75.49011356721667      -0.9684947394391602E-02
    75.53188760749326      -0.9736986214265093E-02
    75.57366164776985      -0.9789025034138586E-02
    75.61543568804645      -0.9841063854012077E-02
    75.65720972832304      -0.9893102673885568E-02
    75.69898376859963      -0.9945141493759061E-02
    75.74075780887622      -0.9997180313632552E-02
    75.78253184915282      -0.1004921913350604E-01
    75.82430588942941      -0.1010125795337954E-01
    75.86607992970600      -0.1015329677325303E-01
    75.90785396998260      -0.1020533559312652E-01
    75.94962801025919      -0.1025737441300001E-01
    75.99140205053578      -0.1030941323287350E-01
    76.03317609081238      -0.1036145205274700E-01
    76.07495013108897      -0.1041349087262049E-01
    76.11672417136556      -0.1046552969249398E-01
    76.15849821164215      -0.1051756851236747E-01
    76.20027225191875      -0.1056960733224096E-01
    76.24204629219534      -0.1062164615211445E-01
    76.28382033247193      -0.1067368497198795E-01
    76.32559437274853      -0.1072572379186144E-01
    76.36736841302512      -0.1077776261173493E-01
    76.40914245330171      -0.1082980143160842E-01
    76.45091649357830      -0.1088184025148191E-01
    76.49269053385490      -0.1093387907135541E-01
    76.53446457413149      -0.1098591789122890E-01
    76.57623861440808      -0.1103795671110239E-01
    76.61801265468468      -0.1108999553097588E-01
    76.65978669496127      -0.1114203435084937E-01
    76.70156073523786      -0.1119407317072287E-01
    76.74333477551446      -0.1124611199059636E-01
    76.78510881579105      -0.1129815081046985E-01
    76.82688285606764      -0.1135018963034334E-01
    76.86865689634423      -0.1140222845021683E-01
    76.91043093662083      -0.1145426727009032E-01
    76.95220497689742      -0.1150630608996382E-01
    76.99397901717401      -0.1155834490983731E-01
    77.03575305745061      -0.1161038372971080E-01
    77.07752709772720      -0.1166242254958429E-01
    77.11930113800379      -0.1171446136945778E-01
    77.16107517828038      -0.1176650018933128E-01
    77.20284921855698      -0.1181853900920477E-01
    77.24462325883357      -0.1187057782907826E-01
    77.28639729911016      -0.1192261664895175E-01
    77.32817133938676      -0.1197465546882524E-01
    77.36994537966335      -0.1202669428869874E-01
    77.41171941993994      -0.1207873310857223E-01
    77.45349346021654      -0.1213077192844572E-01
    77.49526750049313      -0.1218281074831921E-01
    77.53704154076972      -0.1223484956819270E-01
    77.57881558104631      -0.1228688838806619E-01
    77.62058962132291      -0.1233892720793969E-01
    77.66236366159950      -0.1239096602781318E-01
    77.70413770187609      -0.1244300484768667E-01
    77.74591174215269      -0.1249504366756016E-01
    77.78768578242928      -0.1254708248743365E-01
    77.82945982270587      -0.1259912130730715E-01
    77.87123386298246      -0.1265116012718064E-01
    77.91300790325906      -0.1270319894705413E-01
    77.95478194353565      -0.1275523776692762E-01
    77.99655598381224      -0.1280727658680111E-01
    78.03833002408884      -0.1285931540667461E-01
    78.08010406436543      -0.1291135422654810E-01
    78.12187810464202      -0.1296339304642159E-01
    78.16365214491861      -0.1301543186629508E-01
    78.20542618519521      -0.1306747068616857E-01
    78.24720022547180      -0.1311950950604206E-01
    78.28897426574839      -0.1317154832591556E-01
    78.33074830602499      -0.1322358714578905E-01
    78.37252234630158      -0.1327562596566254E-01
    78.41429638657817      -0.1332766478553603E-01
    78.45607042685477      -0.1337970360540952E-01
    78.49784446713136      -0.1343174242528302E-01
    78.53961850740795      -0.1348378124515651E-01
    78.58139254768454      -0.1353582006503000E-01
    78.62316658796114      -0.1358785888490349E-01
    78.66494062823773      -0.1363989770477698E-01
    78.70671466851432      -0.1369193652465047E-01
    78.74848870879092      -0.1374397534452397E-01
    78.79026274906751      -0.1379601416439746E-01
    78.83203678934410      -0.1384805298427095E-01
    78.87381082962069      -0.1390009180414444E-01
    78.91558486989729      -0.1395213062401793E-01
    78.95735891017388      -0.1400416944389143E-01
    78.99913295045047      -0.1405620826376492E-01
    79.04090699072707      -0.1410824708363841E-01
    79.08268103100366      -0.1416028590351190E-01
    79.12445507128025      -0.1421232472338539E-01
    79.16622911155685      -0.1426436354325889E-01
    79.20800315183344      -0.1431640236313238E-01
    79.24977719211003      -0.1436844118300587E-01
    79.29155123238662      -0.1442048000287936E-01
    79.33332527266322      -0.1447251882275285E-01
    79.37509931293981      -0.1452455764262634E-01
    79.41687335321640      -0.1457659646249984E-01
    79.45864739349300      -0.1462863528237333E-01
    79.50042143376959      -0.1468067410224682E-01
    79.54219547404618      -0.1473271292212031E-01
    79.58396951432277      -0.1478475174199380E-01
    79.62574355459937      -0.1483679056186730E-01
    79.66751759487596      -0.1488882938174079E-01
    79.70929163515255      -0.1494086820161428E-01
    79.75106567542915      -0.1499290702148777E-01
    79.79283971570574      -0.1504494584136126E-01
    79.83461375598233      -0.1509698466123476E-01
    79.87638779625892      -0.1514902348110825E-01
    79.91816183653552      -0.1520106230098174E-01
    79.95993587681211      -0.1525310112085523E-01
    80.00170991708870      -0.1530513994072872E-01
    80.04348395736530      -0.1535717876060221E-01
    80.08525799764189      -0.1540921758047571E-01
    80.12703203791848      -0.1546125640034920E-01
    80.16880607819508      -0.1551329522022269E-01
    80.21058011847167      -0.1556533404009618E-01
    80.25235415874826      -0.1561737285996967E-01
    80.29412819902485      -0.1566941167984317E-01
    80.33590223930145      -0.1572145049971665E-01
    80.37767627957804      -0.1577348931959015E-01
    80.41945031985463      -0.1582552813946364E-01
    80.46122436013123      -0.1587756695933713E-01
    80.50299840040782      -0.1592960577921062E-01
    80.54477244068441      -0.1598164459908412E-01
    80.58654648096100      -0.1603368341895761E-01
    80.62832052123760      -0.1608572223883110E-01
    80.67009456151419      -0.1613776105870459E-01
    80.71186860179078      -0.1618979987857808E-01
    80.75364264206738      -0.1624183869845158E-01
    80.79541668234397      -0.1629387751832507E-01
    80.83719072262056      -0.1634591633819856E-01
    80.87896476289716      -0.1639795515807205E-01
    80.92073880317375      -0.1644999397794554E-01
    80.96251284345034      -0.1650203279781903E-01
    81.00428688372693      -0.1655407161769253E-01
    81.04606092400353      -0.1660611043756602E-01
    81.08783496428012      -0.1665814925743951E-01
    81.12960900455671      -0.1671018807731300E-01
    81.17138304483331      -0.1676222689718649E-01
    81.21315708510990      -0.1681426571705999E-01
    81.25493112538649      -0.1686630453693348E-01
    81.29670516566308      -0.1691834335680697E-01
    81.33847920593968      -0.1697038217668046E-01
    81.38025324621627      -0.1702242099655395E-01
    81.42202728649286      -0.1707445981642744E-01
    81.46380132676946      -0.1712649863630094E-01
    81.50557536704605      -0.1717853745617443E-01
    81.54734940732264      -0.1723057627604792E-01
    81.58912344759923      -0.1728261509592141E-01
    81.63089748787583      -0.1733465391579490E-01
    81.67267152815242      -0.1738669273566840E-01
    81.71444556842901      -0.1743873155554189E-01
    81.75621960870561      -0.1749077037541538E-01
    81.79799364898220      -0.1754280919528887E-01
    81.83976768925879      -0.1759484801516236E-01
    81.88154172953539      -0.1764688683503585E-01
    81.92331576981198      -0.1769892565490935E-01
    81.96508981008857      -0.1775096447478284E-01
    82.00686385036516      -0.1780300329465633E-01
    82.04863789064176      -0.1785504211452982E-01
    82.09041193091835      -0.1790708093440331E-01
    82.13218597119494      -0.1795911975427681E-01
    82.17396001147154      -0.1801115857415030E-01
    82.21573405174813      -0.1806319739402379E-01
    82.25750809202472      -0.1811523621389728E-01
    82.29928213230131      -0.1816727503377077E-01
    82.34105617257791      -0.1821931385364426E-01
    82.38283021285450      -0.1827135267351776E-01
    82.42460425313109      -0.1832339149339125E-01
    82.46637829340769      -0.1837543031326474E-01
    82.50815233368428      -0.1842746913313823E-01
    82.54992637396087      -0.1847950795301172E-01
    82.59170041423747      -0.1853154677288522E-01
    82.63347445451406      -0.1858358559275871E-01
    82.67524849479065      -0.1863562441263220E-01
    82.71702253506724      -0.1868766323250569E-01
    82.75879657534384      -0.1873970205237918E-01
    82.80057061562043      -0.1879174087225268E-01
    82.84234465589702      -0.1884377969212617E-01
    82.88411869617362      -0.1889581851199966E-01
    82.92589273645021      -0.1894785733187315E-01
    82.96766677672680      -0.1899989615174664E-01
    83.00944081700339      -0.1905193497162013E-01
    83.05121485727999      -0.1910397379149363E-01
    83.09298889755658      -0.1915601261136712E-01
    83.13476293783317      -0.1920805143124061E-01
    83.17653697810977      -0.1926009025111410E-01
    83.21831101838636      -0.1931212907098760E-01
    83.26008505866295      -0.1936416789086109E-01
    83.30185909893954      -0.1941620671073458E-01
    83.34363313921614      -0.1946824553060807E-01
    83.38540717949273      -0.1952028435048156E-01
    83.42718121976932      -0.1957232317035506E-01
    83.46895526004592      -0.1962436199022854E-01
    83.51072930032251      -0.1967640081010204E-01
    83.55250334059910      -0.1972843962997553E-01
    83.59427738087570      -0.1978047844984902E-01
    83.63605142115229      -0.1983251726972251E-01
    83.67782546142888      -0.1988455608959601E-01
    83.71959950170547      -0.1993659490946950E-01
    83.76137354198207      -0.1998863372934299E-01
    83.80314758225866      -0.2004067254921648E-01
    83.84492162253525      -0.2009271136908997E-01
    83.88669566281185      -0.2014475018896347E-01
    83.92846970308844      -0.2019678900883696E-01
    83.97024374336503      -0.2024882782871045E-01
    84.01201778364162      -0.2030086664858394E-01
    84.05379182391822      -0.2035290546845743E-01
    84.09556586419481      -0.2040494428833092E-01
    84.13733990447140      -0.2045698310820442E-01
    84.17911394474800      -0.2050902192807791E-01
    84.22088798502459      -0.2056106074795140E-01
    84.26266202530118      -0.2061309956782489E-01
    84.30443606557778      -0.2066513838769838E-01
    84.34621010585437      -0.2071717720757188E-01
    84.38798414613096      -0.2076921602744537E-01
    84.42975818640755      -0.2082125484731886E-01
    84.47153222668415      -0.2087329366719235E-01
    84.51330626696074      -0.2092533248706584E-01
    84.55508030723733      -0.2097737130693933E-01
    84.59685434751393      -0.2102941012681283E-01
    84.63862838779052      -0.2108144894668632E-01
    84.68040242806711      -0.2113348776655981E-01
    84.72217646834370      -0.2118552658643330E-01
    84.76395050862030      -0.2123756540630679E-01
    84.80572454889689      -0.2128960422618029E-01
    84.84749858917348      -0.2134164304605378E-01
    84.88927262945008      -0.2139368186592727E-01
    84.93104666972667      -0.2144572068580076E-01
    84.97282071000326      -0.2149775950567425E-01
    85.01459475027985      -0.2154979832554774E-01
    85.05636879055645      -0.2160183714542124E-01
    85.09814283083304      -0.2165387596529473E-01
    85.13991687110963      -0.2170591478516822E-01
    85.18169091138623      -0.2175795360504171E-01
    85.22346495166282      -0.2180999242491520E-01
    85.26523899193941      -0.2186203124478870E-01
    85.30701303221601      -0.2191407006466219E-01
    85.34878707249260      -0.2196610888453568E-01
    85.39056111276919      -0.2201814770440917E-01
    85.43233515304578      -0.2207018652428266E-01
    85.47410919332238      -0.2212222534415615E-01
    85.51588323359897      -0.2217426416402965E-01
    85.55765727387556      -0.2222630298390314E-01
    85.59943131415216      -0.2227834180377663E-01
    85.64120535442875      -0.2233038062365012E-01
    85.68297939470534      -0.2238241944352361E-01
    85.72475343498193      -0.2243445826339711E-01
    85.76652747525853      -0.2248649708327060E-01
    85.80830151553512      -0.2253853590314409E-01
    85.85007555581171      -0.2259057472301758E-01
    85.89184959608831      -0.2264261354289107E-01
    85.93362363636490      -0.2269465236276457E-01
    85.97539767664149      -0.2274669118263806E-01
    86.01717171691809      -0.2279873000251155E-01
    86.05894575719468      -0.2285076882238504E-01
    86.10071979747127      -0.2290280764225853E-01
    86.14249383774786      -0.2295484646213202E-01
    86.18426787802446      -0.2300688528200552E-01
    86.22604191830105      -0.2305892410187901E-01
    86.26781595857764      -0.2311096292175250E-01
    86.30958999885424      -0.2316300174162599E-01
    86.35136403913083      -0.2321504056149949E-01
    86.39313807940742      -0.2326707938137298E-01
    86.43491211968401      -0.2331911820124647E-01
    86.47668615996061      -0.2337115702111996E-01
    86.51846020023720      -0.2342319584099345E-01
    86.56023424051379      -0.2347523466086694E-01
    86.60200828079039      -0.2352727348074043E-01
    86.64378232106698      -0.2357931230061393E-01
    86.68555636134357      -0.2363135112048742E-01
    86.72733040162016      -0.2368338994036091E-01
    86.76910444189676      -0.2373542876023440E-01
    86.81087848217335      -0.2378746758010790E-01
    86.85265252244994      -0.2383950639998139E-01
    86.89442656272654      -0.2389154521985488E-01
    86.93620060300313      -0.2394358403972837E-01
    86.97797464327972      -0.2399562285960186E-01
    87.01974868355632      -0.2404766167947536E-01
    87.06152272383291      -0.2409970049934885E-01
    87.10329676410950      -0.2415173931922234E-01
    87.14507080438609      -0.2420377813909583E-01
    87.18684484466269      -0.2425581695896932E-01
    87.22861888493928      -0.2430785577884281E-01
    87.27039292521587      -0.2435989459871631E-01
    87.31216696549247      -0.2441193341858980E-01
    87.35394100576906      -0.2446397223846329E-01
    87.39571504604565      -0.2451601105833678E-01
    87.43748908632224      -0.2456804987821027E-01
    87.47926312659884      -0.2462008869808377E-01
    87.52103716687543      -0.2467212751795726E-01
    87.56281120715202      -0.2472416633783075E-01
    87.60458524742862      -0.2477620515770424E-01
    87.64635928770521      -0.2482824397757773E-01
    87.68813332798180      -0.2488028279745122E-01
    87.72990736825840      -0.2493232161732472E-01
    87.77168140853499      -0.2498436043719821E-01
    87.81345544881158      -0.2503639925707170E-01
    87.85522948908817      -0.2508843807694519E-01
    87.89700352936477      -0.2514047689681868E-01
    87.93877756964136      -0.2519251571669218E-01
    87.98055160991795      -0.2524455453656567E-01
    88.02232565019455      -0.2529659335643916E-01
    88.06409969047114      -0.2534863217631265E-01
    88.10587373074773      -0.2540067099618614E-01
    88.14764777102432      -0.2545270981605963E-01
    88.18942181130092      -0.2550474863593313E-01
    88.23119585157751      -0.2555678745580662E-01
    88.27296989185410      -0.2560882627568011E-01
    88.31474393213070      -0.2566086509555360E-01
    88.35651797240729      -0.2571290391542709E-01
    88.39829201268388      -0.2576494273530059E-01
    88.44006605296047      -0.2581698155517408E-01
    88.48184009323707      -0.2586902037504757E-01
    88.52361413351366      -0.2592105919492106E-01
    88.56538817379025      -0.2597309801479455E-01
    88.60716221406685      -0.2602513683466804E-01
    88.64893625434344      -0.2607717565454154E-01
    88.69071029462003      -0.2612921447441503E-01
    88.73248433489663      -0.2618125329428852E-01
    88.77425837517322      -0.2623329211416201E-01
    88.81603241544981      -0.2628533093403550E-01
    88.85780645572640      -0.2633736975390900E-01
    88.89958049600300      -0.2638940857378249E-01
    88.94135453627959      -0.2644144739365598E-01
    88.98312857655618      -0.2649348621352947E-01
    89.02490261683278      -0.2654552503340296E-01
    89.06667665710937      -0.2659756385327645E-01
    89.10845069738596      -0.2664960267314995E-01
    89.15022473766255      -0.2670164149302344E-01
    89.19199877793915      -0.2675368031289693E-01
    89.23377281821574      -0.2680571913277042E-01
    89.27554685849233      -0.2685775795264391E-01
    89.31732089876893      -0.2690979677251741E-01
    89.35909493904552      -0.2696183559239090E-01
    89.40086897932211      -0.2701387441226439E-01
    89.44264301959871      -0.2706591323213788E-01
    89.48441705987530      -0.2711795205201138E-01
    89.52619110015189      -0.2716999087188487E-01
    89.56796514042848      -0.2722202969175836E-01
    89.60973918070508      -0.2727406851163185E-01
    89.65151322098167      -0.2732610733150534E-01
    89.69328726125826      -0.2737814615137883E-01
    89.73506130153486      -0.2743018497125232E-01
    89.77683534181145      -0.2748222379112582E-01
    89.81860938208804      -0.2753426261099931E-01
    89.86038342236463      -0.2758630143087280E-01
    89.90215746264123      -0.2763834025074629E-01
    89.94393150291782      -0.2769037907061979E-01
    89.98570554319441      -0.2774241789049328E-01
    90.02747958347101      -0.2779445671036677E-01
    90.06925362374760      -0.2784649553024026E-01
    90.11102766402419      -0.2789853435011375E-01
    90.15280170430078      -0.2795057316998725E-01
    90.19457574457738      -0.2800261198986074E-01
    90.23634978485397      -0.2805465080973423E-01
    90.27812382513056      -0.2810668962960772E-01
    90.31989786540716      -0.2815872844948121E-01
    90.36167190568375      -0.2821076726935470E-01
    90.40344594596034      -0.2826280608922820E-01
    90.44521998623694      -0.2831484490910169E-01
    90.48699402651353      -0.2836688372897518E-01
    90.52876806679012      -0.2841892254884867E-01
    90.57054210706671      -0.2847096136872216E-01
    90.61231614734331      -0.2852300018859566E-01
    90.65409018761990      -0.2857503900846915E-01
    90.69586422789649      -0.2862707782834264E-01
    90.73763826817309      -0.2867911664821613E-01
    90.77941230844968      -0.2873115546808962E-01
    90.82118634872627      -0.2878319428796311E-01
    90.86296038900286      -0.2890029918085400E-02
    90.90473442927946      -0.2883423030785512E-02
    90.94650846955605      -0.2876816143485623E-02
    90.98828250983264      -0.2870209256185734E-02
    91.03005655010924      -0.2863602368885846E-02
    91.07183059038583      -0.2856995481585957E-02
    91.11360463066242      -0.2850388594286068E-02
    91.15537867093902      -0.2843781706986179E-02
    91.19715271121561      -0.2837174819686291E-02
    91.23892675149220      -0.2830567932386402E-02
    91.28070079176879      -0.2823961045086513E-02
    91.32247483204539      -0.2817354157786610E-02
    91.36424887232198      -0.2811296672407951E-02
    91.40602291259857      -0.2805412668672332E-02
    91.44779695287517      -0.2799528664936713E-02
    91.48957099315176      -0.2793644661201094E-02
    91.53134503342835      -0.2787760657465475E-02
    91.57311907370494      -0.2781876653729856E-02
    91.61489311398154      -0.2775992649994237E-02
    91.65666715425813      -0.2770108646258618E-02
    91.69844119453472      -0.2764224642522998E-02
    91.74021523481132      -0.2758340638787380E-02
    91.78198927508791      -0.2752456635051760E-02
    91.82376331536450      -0.2746572631316141E-02
    91.86553735564110      -0.2740688627580522E-02
    91.90731139591769      -0.2734804623844903E-02
    91.94908543619428      -0.2728920620109284E-02
    91.99085947647087      -0.2723036616373665E-02
    92.03263351674747      -0.2717152612638046E-02
    92.07440755702406      -0.2711268608902426E-02
    92.11618159730065      -0.2705384605166807E-02
    92.15795563757725      -0.2699500601431188E-02
    92.19972967785384      -0.2693616597695569E-02
    92.24150371813043      -0.2687732593959950E-02
    92.28327775840702      -0.2681848590224331E-02
    92.32505179868362      -0.2675964586488704E-02
    92.36682583896021      -0.2670478979529343E-02
    92.40859987923680      -0.2665199155720924E-02
    92.45037391951340      -0.2659919331912504E-02
    92.49214795978999      -0.2654639508104084E-02
    92.53392200006658      -0.2649359684295665E-02
    92.57569604034317      -0.2644079860487245E-02
    92.61747008061977      -0.2638800036678826E-02
    92.65924412089636      -0.2633520212870406E-02
    92.70101816117295      -0.2628240389061986E-02
    92.74279220144955      -0.2622960565253567E-02
    92.78456624172614      -0.2617680741445147E-02
    92.82634028200273      -0.2612400917636727E-02
    92.86811432227933      -0.2607121093828308E-02
    92.90988836255592      -0.2601841270019888E-02
    92.95166240283251      -0.2596561446211468E-02
    92.99343644310910      -0.2591281622403049E-02
    93.03521048338570      -0.2586001798594629E-02
    93.07698452366229      -0.2580721974786209E-02
    93.11875856393888      -0.2575442150977790E-02
    93.16053260421548      -0.2570162327169370E-02
    93.20230664449207      -0.2564882503360951E-02
    93.24408068476866      -0.2559602679552531E-02
    93.28585472504525      -0.2554322855744111E-02
    93.32762876532185      -0.2549043031935694E-02
    93.36940280559844      -0.2543919623932809E-02
    93.41117684587503      -0.2539151765938624E-02
    93.45295088615163      -0.2534383907944440E-02
    93.49472492642822      -0.2529616049950254E-02
    93.53649896670481      -0.2524848191956069E-02
    93.57827300698141      -0.2520080333961884E-02
    93.62004704725800      -0.2515312475967699E-02
    93.66182108753459      -0.2510544617973514E-02
    93.70359512781118      -0.2505776759979329E-02
    93.74536916808778      -0.2501008901985144E-02
    93.78714320836437      -0.2496241043990959E-02
    93.82891724864096      -0.2491473185996774E-02
    93.87069128891756      -0.2486705328002589E-02
    93.91246532919415      -0.2481937470008404E-02
    93.95423936947074      -0.2477169612014218E-02
    93.99601340974733      -0.2472401754020033E-02
    94.03778745002393      -0.2467633896025848E-02
    94.07956149030052      -0.2462866038031664E-02
    94.12133553057711      -0.2458098180037478E-02
    94.16310957085371      -0.2453330322043293E-02
    94.20488361113030      -0.2448562464049108E-02
    94.24665765140689      -0.2443794606054923E-02
    94.28843169168348      -0.2439026748060738E-02
    94.33020573196008      -0.2434258890066553E-02
    94.37197977223667      -0.2429491032072370E-02
    94.41375381251326      -0.2425043193884091E-02
    94.45552785278986      -0.2420712589839031E-02
    94.49730189306645      -0.2416381985793970E-02
    94.53907593334304      -0.2412051381748910E-02
    94.58084997361964      -0.2407720777703849E-02
    94.62262401389623      -0.2403390173658789E-02
    94.66439805417282      -0.2399059569613728E-02
    94.70617209444941      -0.2394728965568668E-02
    94.74794613472601      -0.2390398361523607E-02
    94.78972017500260      -0.2386067757478546E-02
    94.83149421527919      -0.2381737153433486E-02
    94.87326825555579      -0.2377406549388425E-02
    94.91504229583238      -0.2373075945343365E-02
    94.95681633610897      -0.2368745341298304E-02
    94.99859037638556      -0.2364414737253244E-02
    95.04036441666216      -0.2360084133208183E-02
    95.08213845693875      -0.2355753529163123E-02
    95.12391249721534      -0.2351422925118062E-02
    95.16568653749194      -0.2347092321073001E-02
    95.20746057776853      -0.2342761717027941E-02
    95.24923461804512      -0.2338431112982880E-02
    95.29100865832172      -0.2334100508937820E-02
    95.33278269859831      -0.2329769904892759E-02
    95.37455673887490      -0.2325439300847699E-02
    95.41633077915149      -0.2321108696802637E-02
    95.45810481942809      -0.2317143345266018E-02
    95.49987885970468      -0.2313189997769869E-02
    95.54165289998127      -0.2309236650273720E-02
    95.58342694025787      -0.2305283302777572E-02
    95.62520098053446      -0.2301329955281423E-02
    95.66697502081105      -0.2297376607785274E-02
    95.70874906108764      -0.2293423260289125E-02
    95.75052310136424      -0.2289469912792976E-02
    95.79229714164083      -0.2285516565296827E-02
    95.83407118191742      -0.2281563217800678E-02
    95.87584522219402      -0.2277609870304529E-02
    95.91761926247061      -0.2273656522808381E-02
    95.95939330274720      -0.2269703175312232E-02
    96.00116734302379      -0.2265749827816083E-02
    96.04294138330039      -0.2261796480319934E-02
    96.08471542357698      -0.2257843132823785E-02
    96.12648946385357      -0.2253889785327636E-02
    96.16826350413017      -0.2249936437831487E-02
    96.21003754440676      -0.2245983090335339E-02
    96.25181158468335      -0.2242029742839189E-02
    96.29358562495995      -0.2238076395343041E-02
    96.33535966523654      -0.2234123047846892E-02
    96.37713370551313      -0.2230169700350743E-02
    96.41890774578972      -0.2226216352854595E-02
    96.46068178606632      -0.2222275447542125E-02
    96.50245582634291      -0.2218650690803254E-02
    96.54422986661950      -0.2215025934064383E-02
    96.58600390689610      -0.2211401177325511E-02
    96.62777794717269      -0.2207776420586640E-02
    96.66955198744928      -0.2204151663847769E-02
    96.71132602772587      -0.2200526907108897E-02
    96.75310006800247      -0.2196902150370026E-02
    96.79487410827906      -0.2193277393631155E-02
    96.83664814855565      -0.2189652636892283E-02
    96.87842218883225      -0.2186027880153412E-02
    96.92019622910884      -0.2182403123414541E-02
    96.96197026938543      -0.2178778366675669E-02
    97.00374430966203      -0.2175153609936798E-02
    97.04551834993862      -0.2171528853197927E-02
    97.08729239021521      -0.2167904096459055E-02
    97.12906643049180      -0.2164279339720184E-02
    97.17084047076840      -0.2160654582981313E-02
    97.21261451104499      -0.2157029826242441E-02
    97.25438855132158      -0.2153405069503570E-02
    97.29616259159818      -0.2149780312764699E-02
    97.33793663187477      -0.2146155556025827E-02
    97.37971067215136      -0.2142530799286956E-02
    97.42148471242795      -0.2138906042548085E-02
    97.46325875270455      -0.2135281285809213E-02
    97.50503279298114      -0.2131656529070360E-02
    97.54680683325773      -0.2128307854673881E-02
    97.58858087353433      -0.2124970513461091E-02
    97.63035491381092      -0.2121633172248301E-02
    97.67212895408751      -0.2118295831035510E-02
    97.71390299436410      -0.2114958489822720E-02
    97.75567703464070      -0.2111621148609930E-02
    97.79745107491729      -0.2108283807397140E-02
    97.83922511519388      -0.2104946466184350E-02
    97.88099915547048      -0.2101609124971560E-02
    97.92277319574707      -0.2098271783758769E-02
    97.96454723602366      -0.2094934442545979E-02
    98.00632127630026      -0.2091597101333189E-02
    98.04809531657685      -0.2088259760120399E-02
    98.08986935685344      -0.2084922418907608E-02
    98.13164339713003      -0.2081585077694818E-02
    98.17341743740663      -0.2078247736482028E-02
    98.21519147768322      -0.2074910395269238E-02
    98.25696551795981      -0.2071573054056447E-02
    98.29873955823641      -0.2068235712843657E-02
    98.34051359851300      -0.2064898371630867E-02
    98.38228763878959      -0.2061561030418077E-02
    98.42406167906618      -0.2058223689205287E-02
    98.46583571934278      -0.2054886347992496E-02
    98.50760975961937      -0.2051549006779706E-02
    98.54938379989596      -0.2048211665566912E-02
    98.59115784017256      -0.2045065226501093E-02
    98.63293188044915      -0.2041981310815216E-02
    98.67470592072574      -0.2038897395129339E-02
    98.71647996100234      -0.2035813479443463E-02
    98.75825400127893      -0.2032729563757586E-02
    98.80002804155552      -0.2029645648071709E-02
    98.84180208183211      -0.2026561732385832E-02
    98.88357612210871      -0.2023477816699955E-02
    98.92535016238530      -0.2020393901014078E-02
    98.96712420266189      -0.2017309985328201E-02
    99.00889824293849      -0.2014226069642324E-02
    99.05067228321508      -0.2011142153956447E-02
    99.09244632349167      -0.2008058238270570E-02
    99.13422036376826      -0.2004974322584693E-02
    99.17599440404486      -0.2001890406898816E-02
    99.21776844432145      -0.1998806491212939E-02
    99.25954248459804      -0.1995722575527063E-02
    99.30131652487464      -0.1992638659841186E-02
    99.34309056515123      -0.1989554744155309E-02
    99.38486460542782      -0.1986470828469432E-02
    99.42663864570441      -0.1983386912783555E-02
    99.46841268598101      -0.1980302997097678E-02
    99.51018672625760      -0.1977219081411801E-02
    99.55196076653419      -0.1974135165725924E-02
    99.59373480681079      -0.1971051250040046E-02
    99.63550884708738      -0.1968064109336675E-02
    99.67728288736397      -0.1965205051340359E-02
    99.71905692764057      -0.1962345993344044E-02
    99.76083096791716      -0.1959486935347728E-02
    99.80260500819375      -0.1956627877351412E-02
    99.84437904847034      -0.1953768819355096E-02
    99.88615308874694      -0.1950909761358780E-02
    99.92792712902353      -0.1948050703362464E-02
    99.96970116930012      -0.1945191645366149E-02
    100.0114752095767      -0.1942332587369833E-02
    100.0532492498533      -0.1939473529373517E-02
    100.0950232901299      -0.1936614471377201E-02
    100.1367973304065      -0.1933755413380885E-02
    100.1785713706831      -0.1930896355384569E-02
    100.2203454109597      -0.1928037297388253E-02
    100.2621194512363      -0.1925178239391938E-02
    100.3038934915129      -0.1922319181395622E-02
    100.3456675317895      -0.1919460123399306E-02
    100.3874415720661      -0.1916601065402990E-02
    100.4292156123426      -0.1913742007406674E-02
    100.4709896526192      -0.1910882949410359E-02
    100.5127636928958      -0.1908023891414043E-02
    100.5545377331724      -0.1905164833417727E-02
    100.5963117734490      -0.1902305775421411E-02
    100.6380858137256      -0.1899446717425095E-02
    100.6798598540022      -0.1896588426906894E-02
    100.7216338942788      -0.1893929931058825E-02
    100.7634079345554      -0.1891271435210756E-02
    100.8051819748320      -0.1888612939362687E-02
    100.8469560151086      -0.1885954443514619E-02
    100.8887300553852      -0.1883295947666550E-02
    100.9305040956618      -0.1880637451818481E-02
    100.9722781359384      -0.1877978955970413E-02
    101.0140521762149      -0.1875320460122344E-02
    101.0558262164915      -0.1872661964274275E-02
    101.0976002567681      -0.1870003468426206E-02
    101.1393742970447      -0.1867344972578138E-02
    101.1811483373213      -0.1864686476730069E-02
    101.2229223775979      -0.1862027980882000E-02
    101.2646964178745      -0.1859369485033931E-02
    101.3064704581511      -0.1856710989185863E-02
    101.3482444984277      -0.1854052493337794E-02
    101.3900185387043      -0.1851393997489725E-02
    101.4317925789809      -0.1848735501641657E-02
    101.4735666192575      -0.1846077005793588E-02
    101.5153406595341      -0.1843418509945519E-02
    101.5571146998107      -0.1840760014097450E-02
    101.5988887400872      -0.1838101518249382E-02
    101.6406627803638      -0.1835443022401313E-02
    101.6824368206404      -0.1832784526553244E-02
    101.7242108609170      -0.1830126030705178E-02
    101.7659849011936      -0.1827554111487419E-02
    101.8077589414702      -0.1825074791925959E-02
    101.8495329817468      -0.1822595472364499E-02
    101.8913070220234      -0.1820116152803039E-02
    101.9330810623000      -0.1817636833241579E-02
    101.9748551025766      -0.1815157513680119E-02
    102.0166291428532      -0.1812678194118659E-02
    102.0584031831298      -0.1810198874557199E-02
    102.1001772234064      -0.1807719554995739E-02
    102.1419512636830      -0.1805240235434279E-02
    102.1837253039595      -0.1802760915872819E-02
    102.2254993442361      -0.1800281596311359E-02
    102.2672733845127      -0.1797802276749899E-02
    102.3090474247893      -0.1795322957188439E-02
    102.3508214650659      -0.1792843637626979E-02
    102.3925955053425      -0.1790364318065519E-02
    102.4343695456191      -0.1787884998504060E-02
    102.4761435858957      -0.1785405678942600E-02
    102.5179176261723      -0.1782926359381140E-02
    102.5596916664489      -0.1780447039819680E-02
    102.6014657067255      -0.1777967720258220E-02
    102.6432397470021      -0.1775488400696760E-02
    102.6850137872787      -0.1773009081135300E-02
    102.7267878275553      -0.1770529761573840E-02
    102.7685618678318      -0.1768050442012380E-02
    102.8103359081084      -0.1765571122450930E-02
    102.8521099483850      -0.1763234388509425E-02
    102.8938839886616      -0.1760916883285993E-02
    102.9356580289382      -0.1758599378062561E-02
    102.9774320692148      -0.1756281872839129E-02
    103.0192061094914      -0.1753964367615697E-02
    103.0609801497680      -0.1751646862392266E-02
    103.1027541900446      -0.1749329357168834E-02
    103.1445282303212      -0.1747011851945402E-02
    103.1863022705978      -0.1744694346721970E-02
    103.2280763108744      -0.1742376841498539E-02
    103.2698503511510      -0.1740059336275107E-02
    103.3116243914276      -0.1737741831051675E-02
    103.3533984317042      -0.1735424325828243E-02
    103.3951724719807      -0.1733106820604811E-02
    103.4369465122573      -0.1730789315381380E-02
    103.4787205525339      -0.1728471810157948E-02
    103.5204945928105      -0.1726154304934516E-02
    103.5622686330871      -0.1723836799711084E-02
    103.6040426733637      -0.1721519294487652E-02
    103.6458167136403      -0.1719201789264220E-02
    103.6875907539169      -0.1716884284040789E-02
    103.7293647941935      -0.1714566778817357E-02
    103.7711388344701      -0.1712249273593925E-02
    103.8129128747467      -0.1709931768370493E-02
    103.8546869150233      -0.1707614263147061E-02
    103.8964609552999      -0.1705325916607973E-02
    103.9382349955765      -0.1703154097614230E-02
    103.9800090358530      -0.1700982278620486E-02
    104.0217830761296      -0.1698810459626742E-02
    104.0635571164062      -0.1696638640632998E-02
    104.1053311566828      -0.1694466821639254E-02
    104.1471051969594      -0.1692295002645510E-02
    104.1888792372360      -0.1690123183651767E-02
    104.2306532775126      -0.1687951364658023E-02
    104.2724273177892      -0.1685779545664279E-02
    104.3142013580658      -0.1683607726670535E-02
    104.3559753983424      -0.1681435907676791E-02
    104.3977494386190      -0.1679264088683047E-02
    104.4395234788956      -0.1677092269689303E-02
    104.4812975191722      -0.1674920450695560E-02
    104.5230715594488      -0.1672748631701816E-02
    104.5648455997253      -0.1670576812708072E-02
    104.6066196400019      -0.1668404993714328E-02
    104.6483936802785      -0.1666233174720584E-02
    104.6901677205551      -0.1664061355726841E-02
    104.7319417608317      -0.1661889536733097E-02
    104.7737158011083      -0.1659717717739353E-02
    104.8154898413849      -0.1657545898745609E-02
    104.8572638816615      -0.1655374079751865E-02
    104.8990379219381      -0.1653202260758122E-02
    104.9408119622147      -0.1651030441764375E-02
    104.9825860024913      -0.1648918426223573E-02
    105.0243600427679      -0.1646878886776713E-02
    105.0661340830445      -0.1644839347329853E-02
    105.1079081233211      -0.1642799807882993E-02
    105.1496821635976      -0.1640760268436133E-02
    105.1914562038742      -0.1638720728989273E-02
    105.2332302441508      -0.1636681189542413E-02
    105.2750042844274      -0.1634641650095553E-02
    105.3167783247040      -0.1632602110648693E-02
    105.3585523649806      -0.1630562571201833E-02
    105.4003264052572      -0.1628523031754973E-02
    105.4421004455338      -0.1626483492308113E-02
    105.4838744858104      -0.1624443952861253E-02
    105.5256485260870      -0.1622404413414393E-02
    105.5674225663636      -0.1620364873967533E-02
    105.6091966066402      -0.1618325334520673E-02
    105.6509706469168      -0.1616285795073813E-02
    105.6927446871934      -0.1614246255626953E-02
    105.7345187274699      -0.1612206716180093E-02
    105.7762927677465      -0.1610167176733233E-02
    105.8180668080231      -0.1608127637286373E-02
    105.8598408482997      -0.1606088097839513E-02
    105.9016148885763      -0.1604048558392653E-02
    105.9433889288529      -0.1602009018945793E-02
    105.9851629691295      -0.1599969479498933E-02
    106.0269370094061      -0.1597929940052078E-02
    106.0687110496827      -0.1595967602580633E-02
    106.1104850899593      -0.1594048350793841E-02
    106.1522591302359      -0.1592129099007050E-02
    106.1940331705125      -0.1590209847220259E-02
    106.2358072107891      -0.1588290595433468E-02
    106.2775812510657      -0.1586371343646676E-02
    106.3193552913422      -0.1584452091859885E-02
    106.3611293316188      -0.1582532840073094E-02
    106.4029033718954      -0.1580613588286303E-02
    106.4446774121720      -0.1578694336499511E-02
    106.4864514524486      -0.1576775084712720E-02
    106.5282254927252      -0.1574855832925929E-02
    106.5699995330018      -0.1572936581139138E-02
    106.6117735732784      -0.1571017329352346E-02
    106.6535476135550      -0.1569098077565555E-02
    106.6953216538316      -0.1567178825778764E-02
    106.7370956941082      -0.1565259573991973E-02
    106.7788697343848      -0.1563340322205181E-02
    106.8206437746614      -0.1561421070418390E-02
    106.8624178149380      -0.1559501818631599E-02
    106.9041918552145      -0.1557582566844808E-02
    106.9459658954911      -0.1555663315058017E-02
    106.9877399357677      -0.1553744063271225E-02
    107.0295139760443      -0.1551824811484434E-02
    107.0712880163209      -0.1549905559697643E-02
    107.1130620565975      -0.1547986307910854E-02
    107.1548360968741      -0.1546151858424337E-02
    107.1966101371507      -0.1544342500050543E-02
    107.2383841774273      -0.1542533141676750E-02
    107.2801582177039      -0.1540723783302956E-02
    107.3219322579805      -0.1538914424929162E-02
    107.3637062982571      -0.1537105066555368E-02
    107.4054803385337      -0.1535295708181574E-02
    107.4472543788103      -0.1533486349807781E-02
    107.4890284190868      -0.1531676991433987E-02
    107.5308024593634      -0.1529867633060193E-02
    107.5725764996400      -0.1528058274686399E-02
    107.6143505399166      -0.1526248916312605E-02
    107.6561245801932      -0.1524439557938812E-02
    107.6978986204698      -0.1522630199565018E-02
    107.7396726607464      -0.1520820841191224E-02
    107.7814467010230      -0.1519011482817430E-02
    107.8232207412996      -0.1517202124443636E-02
    107.8649947815762      -0.1515392766069842E-02
    107.9067688218528      -0.1513583407696049E-02
    107.9485428621294      -0.1511774049322255E-02
    107.9903169024060      -0.1509964690948461E-02
    108.0320909426826      -0.1508155332574667E-02
    108.0738649829592      -0.1506345974200873E-02
    108.1156390232357      -0.1504536615827080E-02
    108.1574130635123      -0.1502727257453286E-02
    108.1991871037889      -0.1500917899079490E-02
    108.2409611440655      -0.1499194188921985E-02
    108.2827351843421      -0.1497485442385376E-02
    108.3245092246187      -0.1495776695848768E-02
    108.3662832648953      -0.1494067949312160E-02
    108.4080573051719      -0.1492359202775552E-02
    108.4498313454485      -0.1490650456238943E-02
    108.4916053857251      -0.1488941709702335E-02
    108.5333794260017      -0.1487232963165727E-02
    108.5751534662783      -0.1485524216629119E-02
    108.6169275065549      -0.1483815470092510E-02
    108.6587015468315      -0.1482106723555902E-02
    108.7004755871080      -0.1480397977019294E-02
    108.7422496273846      -0.1478689230482685E-02
    108.7840236676612      -0.1476980483946077E-02
    108.8257977079378      -0.1475271737409469E-02
    108.8675717482144      -0.1473562990872860E-02
    108.9093457884910      -0.1471854244336252E-02
    108.9511198287676      -0.1470145497799644E-02
    108.9928938690442      -0.1468436751263036E-02
    109.0346679093208      -0.1466728004726427E-02
    109.0764419495974      -0.1465019258189819E-02
    109.1182159898740      -0.1463310511653211E-02
    109.1599900301506      -0.1461601765116603E-02
    109.2017640704272      -0.1459893018579994E-02
    109.2435381107038      -0.1458184272043386E-02
    109.2853121509803      -0.1456475525506775E-02
    109.3270861912569      -0.1454847951917799E-02
    109.3688602315335      -0.1453231384589418E-02
    109.4106342718101      -0.1451614817261037E-02
    109.4524083120867      -0.1449998249932655E-02
    109.4941823523633      -0.1448381682604274E-02
    109.5359563926399      -0.1446765115275893E-02
    109.5777304329165      -0.1445148547947512E-02
    109.6195044731931      -0.1443531980619131E-02
    109.6612785134697      -0.1441915413290750E-02
    109.7030525537463      -0.1440298845962369E-02
    109.7448265940229      -0.1438682278633988E-02
    109.7866006342995      -0.1437065711305607E-02
    109.8283746745761      -0.1435449143977226E-02
    109.8701487148526      -0.1433832576648844E-02
    109.9119227551292      -0.1432216009320463E-02
    109.9536967954058      -0.1430599441992082E-02
    109.9954708356824      -0.1428982874663701E-02
    110.0372448759590      -0.1427366307335320E-02
    110.0790189162356      -0.1425749740006939E-02
    110.1207929565122      -0.1424133172678558E-02
    110.1625669967888      -0.1422516605350177E-02
    110.2043410370654      -0.1420900038021796E-02
    110.2461150773420      -0.1419283470693414E-02
    110.2878891176186      -0.1417666903365033E-02
    110.3296631578952      -0.1416050336036652E-02
    110.3714371981718      -0.1414433768708275E-02
    110.4132112384484      -0.1412890929796954E-02
    110.4549852787249      -0.1411359417108949E-02
    110.4967593190015      -0.1409827904420944E-02
    110.5385333592781      -0.1408296391732939E-02
    110.5803073995547      -0.1406764879044934E-02
    110.6220814398313      -0.1405233366356929E-02
    110.6638554801079      -0.1403701853668924E-02
    110.7056295203845      -0.1402170340980919E-02
    110.7474035606611      -0.1400638828292913E-02
    110.7891776009377      -0.1399107315604908E-02
    110.8309516412143      -0.1397575802916903E-02
    110.8727256814909      -0.1396044290228898E-02
    110.9144997217675      -0.1394512777540893E-02
    110.9562737620441      -0.1392981264852888E-02
    110.9980478023207      -0.1391449752164883E-02
    111.0398218425972      -0.1389918239476878E-02
    111.0815958828738      -0.1388386726788873E-02
    111.1233699231504      -0.1386855214100868E-02
    111.1651439634270      -0.1385323701412863E-02
    111.2069180037036      -0.1383792188724857E-02
    111.2486920439802      -0.1382260676036852E-02
    111.2904660842568      -0.1380729163348847E-02
    111.3322401245334      -0.1379197650660842E-02
    111.3740141648100      -0.1377666137972837E-02
    111.4157882050866      -0.1376134625284832E-02
    111.4575622453632      -0.1374603112596822E-02
    111.4993362856398      -0.1373134932518346E-02
    111.5411103259164      -0.1371681609824643E-02
    111.5828843661930      -0.1370228287130939E-02
    111.6246584064695      -0.1368774964437235E-02
    111.6664324467461      -0.1367321641743532E-02
    111.7082064870227      -0.1365868319049828E-02
    111.7499805272993      -0.1364414996356125E-02
    111.7917545675759      -0.1362961673662421E-02
    111.8335286078525      -0.1361508350968717E-02
    111.8753026481291      -0.1360055028275014E-02
    111.9170766884057      -0.1358601705581310E-02
    111.9588507286823      -0.1357148382887606E-02
    112.0006247689589      -0.1355695060193903E-02
    112.0423988092355      -0.1354241737500199E-02
    112.0841728495121      -0.1352788414806495E-02
    112.1259468897887      -0.1351335092112792E-02
    112.1677209300653      -0.1349881769419088E-02
    112.2094949703419      -0.1348428446725384E-02
    112.2512690106184      -0.1346975124031681E-02
    112.2930430508950      -0.1345521801337977E-02
    112.3348170911716      -0.1344068478644273E-02
    112.3765911314482      -0.1342615155950570E-02
    112.4183651717248      -0.1341161833256866E-02
    112.4601392120014      -0.1339708510563162E-02
    112.5019132522780      -0.1338255187869459E-02
    112.5436872925546      -0.1336801865175759E-02
    112.5854613328312      -0.1335400669166834E-02
    112.6272353731078      -0.1334020024889730E-02
    112.6690094133844      -0.1332639380612626E-02
    112.7107834536610      -0.1331258736335522E-02
    112.7525574939376      -0.1329878092058418E-02
    112.7943315342142      -0.1328497447781315E-02
    112.8361055744907      -0.1327116803504210E-02
    112.8778796147673      -0.1325736159227106E-02
    112.9196536550439      -0.1324355514950002E-02
    112.9614276953205      -0.1322974870672899E-02
    113.0032017355971      -0.1321594226395795E-02
    113.0449757758737      -0.1320213582118691E-02
    113.0867498161503      -0.1318832937841587E-02
    113.1285238564269      -0.1317452293564483E-02
    113.1702978967035      -0.1316071649287379E-02
    113.2120719369801      -0.1314691005010275E-02
    113.2538459772567      -0.1313310360733171E-02
    113.2956200175333      -0.1311929716456067E-02
    113.3373940578099      -0.1310549072178963E-02
    113.3791680980865      -0.1309168427901859E-02
    113.4209421383630      -0.1307787783624755E-02
    113.4627161786396      -0.1306407139347651E-02
    113.5044902189162      -0.1305026495070547E-02
    113.5462642591928      -0.1303645850793443E-02
    113.5880382994694      -0.1302265206516339E-02
    113.6298123397460      -0.1300884562239233E-02
    113.6715863800226      -0.1299543260295029E-02
    113.7133604202992      -0.1298229734481237E-02
    113.7551344605758      -0.1296916208667445E-02
    113.7969085008524      -0.1295602682853653E-02
    113.8386825411290      -0.1294289157039861E-02
    113.8804565814056      -0.1292975631226069E-02
    113.9222306216822      -0.1291662105412277E-02
    113.9640046619588      -0.1290348579598485E-02
    114.0057787022353      -0.1289035053784693E-02
    114.0475527425119      -0.1287721527970901E-02
    114.0893267827885      -0.1286408002157109E-02
    114.1311008230651      -0.1285094476343317E-02
    114.1728748633417      -0.1283780950529525E-02
    114.2146489036183      -0.1282467424715733E-02
    114.2564229438949      -0.1281153898901941E-02
    114.2981969841715      -0.1279840373088149E-02
    114.3399710244481      -0.1278526847274357E-02
    114.3817450647247      -0.1277213321460565E-02
    114.4235191050013      -0.1275899795646773E-02
    114.4652931452779      -0.1274586269832981E-02
    114.5070671855545      -0.1273272744019189E-02
    114.5488412258311      -0.1271959218205397E-02
    114.5906152661076      -0.1270645692391605E-02
    114.6323893063842      -0.1269332166577813E-02
    114.6741633466608      -0.1268018640764021E-02
    114.7159373869374      -0.1266705114950232E-02
    114.7577114272140      -0.1265418021629437E-02
    114.7994854674906      -0.1264166839296700E-02
    114.8412595077672      -0.1262915656963962E-02
    114.8830335480438      -0.1261664474631225E-02
    114.9248075883204      -0.1260413292298487E-02
    114.9665816285970      -0.1259162109965750E-02
    115.0083556688736      -0.1257910927633012E-02
    115.0501297091502      -0.1256659745300275E-02
    115.0919037494268      -0.1255408562967537E-02
    115.1336777897034      -0.1254157380634800E-02
    115.1754518299799      -0.1252906198302062E-02
    115.2172258702565      -0.1251655015969325E-02
    115.2589999105331      -0.1250403833636587E-02
    115.3007739508097      -0.1249152651303850E-02
    115.3425479910863      -0.1247901468971112E-02
    115.3843220313629      -0.1246650286638375E-02
    115.4260960716395      -0.1245399104305637E-02
    115.4678701119161      -0.1244147921972900E-02
    115.5096441521927      -0.1242896739640162E-02
    115.5514181924693      -0.1241645557307425E-02
    115.5931922327459      -0.1240394374974687E-02
    115.6349662730225      -0.1239143192641950E-02
    115.6767403132991      -0.1237892010309212E-02
    115.7185143535757      -0.1236640827976475E-02
    115.7602883938522      -0.1235389645643737E-02
    115.8020624341288      -0.1234138463311001E-02
    115.8438364744054      -0.1232900811393837E-02
    115.8856105146820      -0.1231707680887807E-02
    115.9273845549586      -0.1230514550381777E-02
    115.9691585952352      -0.1229321419875746E-02
    116.0109326355118      -0.1228128289369716E-02
    116.0527066757884      -0.1226935158863686E-02
    116.0944807160650      -0.1225742028357656E-02
    116.1362547563416      -0.1224548897851625E-02
    116.1780287966182      -0.1223355767345595E-02
    116.2198028368948      -0.1222162636839565E-02
    116.2615768771714      -0.1220969506333534E-02
    116.3033509174480      -0.1219776375827504E-02
    116.3451249577246      -0.1218583245321474E-02
    116.3868989980011      -0.1217390114815443E-02
    116.4286730382777      -0.1216196984309413E-02
    116.4704470785543      -0.1215003853803383E-02
    116.5122211188309      -0.1213810723297352E-02
    116.5539951591075      -0.1212617592791322E-02
    116.5957691993841      -0.1211424462285292E-02
    116.6375432396607      -0.1210231331779262E-02
    116.6793172799373      -0.1209038201273231E-02
    116.7210913202139      -0.1207845070767201E-02
    116.7628653604905      -0.1206651940261171E-02
    116.8046394007671      -0.1205458809755140E-02
    116.8464134410437      -0.1204265679249110E-02
    116.8881874813203      -0.1203072548743080E-02
    116.9299615215969      -0.1201880016728358E-02
    116.9717355618734      -0.1200741057901819E-02
    117.0135096021500      -0.1199602099075279E-02
    117.0552836424266      -0.1198463140248739E-02
    117.0970576827032      -0.1197324181422199E-02
    117.1388317229798      -0.1196185222595659E-02
    117.1806057632564      -0.1195046263769119E-02
    117.2223798035330      -0.1193907304942579E-02
    117.2641538438096      -0.1192768346116040E-02
    117.3059278840862      -0.1191629387289500E-02
    117.3477019243628      -0.1190490428462960E-02
    117.3894759646394      -0.1189351469636420E-02
    117.4312500049160      -0.1188212510809880E-02
    117.4730240451926      -0.1187073551983340E-02
    117.5147980854692      -0.1185934593156800E-02
    117.5565721257457      -0.1184795634330261E-02
    117.5983461660223      -0.1183656675503721E-02
    117.6401202062989      -0.1182517716677181E-02
    117.6818942465755      -0.1181378757850641E-02
    117.7236682868521      -0.1180239799024101E-02
    117.7654423271287      -0.1179100840197561E-02
    117.8072163674053      -0.1177961881371021E-02
    117.8489904076819      -0.1176822922544482E-02
    117.8907644479585      -0.1175683963717942E-02
    117.9325384882351      -0.1174545004891402E-02
    117.9743125285117      -0.1173406046064862E-02
    118.0160865687883      -0.1172267087238322E-02
    118.0578606090649      -0.1171166580748664E-02
    118.0996346493415      -0.1170078038706887E-02
    118.1414086896180      -0.1168989496665111E-02
    118.1831827298946      -0.1167900954623334E-02
    118.2249567701712      -0.1166812412581557E-02
    118.2667308104478      -0.1165723870539781E-02
    118.3085048507244      -0.1164635328498004E-02
    118.3502788910010      -0.1163546786456227E-02
    118.3920529312776      -0.1162458244414451E-02
    118.4338269715542      -0.1161369702372674E-02
    118.4756010118308      -0.1160281160330897E-02
    118.5173750521074      -0.1159192618289121E-02
    118.5591490923840      -0.1158104076247344E-02
    118.6009231326606      -0.1157015534205567E-02
    118.6426971729372      -0.1155926992163790E-02
    118.6844712132138      -0.1154838450122014E-02
    118.7262452534903      -0.1153749908080237E-02
    118.7680192937669      -0.1152661366038461E-02
    118.8097933340435      -0.1151572823996684E-02
    118.8515673743201      -0.1150484281954907E-02
    118.8933414145967      -0.1149395739913130E-02
    118.9351154548733      -0.1148307197871354E-02
    118.9768894951499      -0.1147218655829577E-02
    119.0186635354265      -0.1146130113787800E-02
    119.0604375757031      -0.1145041571746024E-02
    119.1022116159797      -0.1143953029704244E-02
    119.1439856562563      -0.1142887704575299E-02
    119.1857596965329      -0.1141846506110886E-02
    119.2275337368095      -0.1140805307646474E-02
    119.2693077770861      -0.1139764109182061E-02
    119.3110818173626      -0.1138722910717649E-02
    119.3528558576392      -0.1137681712253236E-02
    119.3946298979158      -0.1136640513788824E-02
    119.4364039381924      -0.1135599315324411E-02
    119.4781779784690      -0.1134558116859998E-02
    119.5199520187456      -0.1133516918395586E-02
    119.5617260590222      -0.1132475719931173E-02
    119.6035000992988      -0.1131434521466761E-02
    119.6452741395754      -0.1130393323002348E-02
    119.6870481798520      -0.1129352124537936E-02
    119.7288222201286      -0.1128310926073523E-02
    119.7705962604052      -0.1127269727609111E-02
    119.8123703006818      -0.1126228529144698E-02
    119.8541443409584      -0.1125187330680285E-02
    119.8959183812349      -0.1124146132215873E-02
    119.9376924215115      -0.1123104933751460E-02
    119.9794664617881      -0.1122063735287048E-02
    120.0212405020647      -0.1121022536822635E-02
    120.0630145423413      -0.1119981338358223E-02
    120.1047885826179      -0.1118940139893810E-02
    120.1465626228945      -0.1117898941429398E-02
    120.1883366631711      -0.1116857742964986E-02
    120.2301107034477      -0.1115825132757877E-02
    120.2718847437243      -0.1114828167966742E-02
    120.3136587840009      -0.1113831203175608E-02
    120.3554328242775      -0.1112834238384473E-02
    120.3972068645541      -0.1111837273593339E-02
    120.4389809048307      -0.1110840308802204E-02
    120.4807549451073      -0.1109843344011070E-02
    120.5225289853838      -0.1108846379219936E-02
    120.5643030256604      -0.1107849414428801E-02
    120.6060770659370      -0.1106852449637667E-02
    120.6478511062136      -0.1105855484846532E-02
    120.6896251464902      -0.1104858520055398E-02
    120.7313991867668      -0.1103861555264263E-02
    120.7731732270434      -0.1102864590473129E-02
    120.8149472673200      -0.1101867625681995E-02
    120.8567213075966      -0.1100870660890860E-02
    120.8984953478732      -0.1099873696099726E-02
    120.9402693881498      -0.1098876731308591E-02
    120.9820434284264      -0.1097879766517457E-02
    121.0238174687030      -0.1096882801726322E-02
    121.0655915089796      -0.1095885836935188E-02
    121.1073655492561      -0.1094888872144054E-02
    121.1491395895327      -0.1093891907352919E-02
    121.1909136298093      -0.1092894942561785E-02
    121.2326876700859      -0.1091897977770650E-02
    121.2744617103625      -0.1090901012979516E-02
    121.3162357506391      -0.1089904048188381E-02
    121.3580097909157      -0.1088943436293722E-02
    121.3997838311923      -0.1087987952410388E-02
    121.4415578714689      -0.1087032468527054E-02
    121.4833319117455      -0.1086076984643719E-02
    121.5251059520221      -0.1085121500760385E-02
    121.5668799922987      -0.1084166016877050E-02
    121.6086540325753      -0.1083210532993716E-02
    121.6504280728519      -0.1082255049110382E-02
    121.6922021131284      -0.1081299565227047E-02
    121.7339761534050      -0.1080344081343713E-02
    121.7757501936816      -0.1079388597460378E-02
    121.8175242339582      -0.1078433113577044E-02
    121.8592982742348      -0.1077477629693709E-02
    121.9010723145114      -0.1076522145810375E-02
    121.9428463547880      -0.1075566661927041E-02
    121.9846203950646      -0.1074611178043706E-02
    122.0263944353412      -0.1073655694160372E-02
    122.0681684756178      -0.1072700210277037E-02
    122.1099425158944      -0.1071744726393703E-02
    122.1517165561710      -0.1070789242510368E-02
    122.1934905964476      -0.1069833758627034E-02
    122.2352646367242      -0.1068878274743700E-02
    122.2770386770007      -0.1067922790860365E-02
    122.3188127172773      -0.1066967306977031E-02
    122.3605867575539      -0.1066011823093696E-02
    122.4023607978305      -0.1065056339210361E-02
    122.4441348381071      -0.1064121841469475E-02
    122.4859088783837      -0.1063205434131100E-02
    122.5276829186603      -0.1062289026792724E-02
    122.5694569589369      -0.1061372619454349E-02
    122.6112309992135      -0.1060456212115973E-02
    122.6530050394901      -0.1059539804777598E-02
    122.6947790797667      -0.1058623397439223E-02
    122.7365531200433      -0.1057706990100847E-02
    122.7783271603199      -0.1056790582762472E-02
    122.8201012005965      -0.1055874175424097E-02
    122.8618752408730      -0.1054957768085721E-02
    122.9036492811496      -0.1054041360747346E-02
    122.9454233214262      -0.1053124953408970E-02
    122.9871973617028      -0.1052208546070595E-02
    123.0289714019794      -0.1051292138732220E-02
    123.0707454422560      -0.1050375731393844E-02
    123.1125194825326      -0.1049459324055469E-02
    123.1542935228092      -0.1048542916717093E-02
    123.1960675630858      -0.1047626509378718E-02
    123.2378416033624      -0.1046710102040343E-02
    123.2796156436390      -0.1045793694701967E-02
    123.3213896839156      -0.1044877287363592E-02
    123.3631637241922      -0.1043960880025217E-02
    123.4049377644688      -0.1043044472686841E-02
    123.4467118047453      -0.1042128065348466E-02
    123.4884858450219      -0.1041211658010090E-02
    123.5302598852985      -0.1040301782005572E-02
    123.5720339255751      -0.1039421948983381E-02
    123.6138079658517      -0.1038542115961189E-02
    123.6555820061283      -0.1037662282938998E-02
    123.6973560464049      -0.1036782449916807E-02
    123.7391300866815      -0.1035902616894615E-02
    123.7809041269581      -0.1035022783872424E-02
    123.8226781672347      -0.1034142950850233E-02
    123.8644522075113      -0.1033263117828041E-02
    123.9062262477879      -0.1032383284805850E-02
    123.9480002880645      -0.1031503451783658E-02
    123.9897743283411      -0.1030623618761467E-02
    124.0315483686176      -0.1029743785739276E-02
    124.0733224088942      -0.1028863952717084E-02
    124.1150964491708      -0.1027984119694893E-02
    124.1568704894474      -0.1027104286672701E-02
    124.1986445297240      -0.1026224453650510E-02
    124.2404185700006      -0.1025344620628319E-02
    124.2821926102772      -0.1024464787606127E-02
    124.3239666505538      -0.1023584954583936E-02
    124.3657406908304      -0.1022705121561744E-02
    124.4075147311070      -0.1021825288539553E-02
    124.4492887713836      -0.1020945455517362E-02
    124.4910628116602      -0.1020065622495170E-02
    124.5328368519368      -0.1019185789472979E-02
    124.5746108922134      -0.1018305956450788E-02
    124.6163849324900      -0.1017426123428594E-02
    124.6581589727665      -0.1016574074696674E-02
    124.6999330130431      -0.1015728827419074E-02
    124.7417070533197      -0.1014883580141474E-02
    124.7834810935963      -0.1014038332863873E-02
    124.8252551338729      -0.1013193085586273E-02
    124.8670291741495      -0.1012347838308673E-02
    124.9088032144261      -0.1011502591031073E-02
    124.9505772547027      -0.1010657343753473E-02
    124.9923512949793      -0.1009812096475873E-02
    125.0341253352559      -0.1008966849198273E-02
    125.0758993755325      -0.1008121601920673E-02
    125.1176734158091      -0.1007276354643073E-02
    125.1594474560857      -0.1006431107365473E-02
    125.2012214963623      -0.1005585860087872E-02
    125.2429955366388      -0.1004740612810272E-02
    125.2847695769154      -0.1003895365532672E-02
    125.3265436171920      -0.1003050118255072E-02
    125.3683176574686      -0.1002204870977472E-02
    125.4100916977452      -0.1001359623699872E-02
    125.4518657380218      -0.1000514376422272E-02
    125.4936397782984      -0.9996691291446719E-03
    125.5354138185750      -0.9988238818670718E-03
    125.5771878588516      -0.9979786345894717E-03
    125.6189618991282      -0.9971333873118717E-03
    125.6607359394048      -0.9962881400342716E-03
    125.7025099796814      -0.9954428927566709E-03
    125.7442840199580      -0.9946109569887015E-03
    125.7860580602346      -0.9937982591661403E-03
    125.8278321005111      -0.9929855613435791E-03
    125.8696061407877      -0.9921728635210179E-03
    125.9113801810643      -0.9913601656984568E-03
    125.9531542213409      -0.9905474678758956E-03
    125.9949282616175      -0.9897347700533344E-03
    126.0367023018941      -0.9889220722307734E-03
    126.0784763421707      -0.9881093744082122E-03
    126.1202503824473      -0.9872966765856509E-03
    126.1620244227239      -0.9864839787630897E-03
    126.2037984630005      -0.9856712809405287E-03
    126.2455725032771      -0.9848585831179675E-03
    126.2873465435537      -0.9840458852954062E-03
    126.3291205838303      -0.9832331874728452E-03
    126.3708946241069      -0.9824204896502840E-03
    126.4126686643834      -0.9816077918277228E-03
    126.4544427046600      -0.9807950940051615E-03
    126.4962167449366      -0.9799823961826005E-03
    126.5379907852132      -0.9791696983600393E-03
    126.5797648254898      -0.9783570005374781E-03
    126.6215388657664      -0.9775443027149168E-03
    126.6633129060430      -0.9767316048923558E-03
    126.7050869463196      -0.9759189070697947E-03
    126.7468609865962      -0.9751062092472337E-03
    126.7886350268728      -0.9742935114246726E-03
    126.8304090671494      -0.9734809277441885E-03
    126.8721831074260      -0.9731941036641224E-03
    126.9139571477026      -0.9729072795840563E-03
    126.9557311879792      -0.9726204555039902E-03
    126.9975052282557      -0.9723336314239241E-03
    127.0392792685323      -0.9720468073438580E-03
    127.0810533088089      -0.9717599832637919E-03
    127.1228273490855      -0.9714731591837258E-03
    127.1646013893621      -0.9711863351036597E-03
    127.2063754296387      -0.9708995110235936E-03
    127.2481494699153      -0.9706126869435275E-03
    127.2899235101919      -0.9703258628634614E-03
    127.3316975504685      -0.9700390387833953E-03
    127.3734715907451      -0.9697522147033293E-03
    127.4152456310217      -0.9694653906232631E-03
    127.4570196712983      -0.9691785665431970E-03
    127.4987937115749      -0.9688917424631310E-03
    127.5405677518515      -0.9686049183830649E-03
    127.5823417921280      -0.9683180943029987E-03
    127.6241158324046      -0.9680312702229326E-03
    127.6658898726812      -0.9677444461428666E-03
    127.7076639129578      -0.9674576220628005E-03
    127.7494379532344      -0.9671707979827343E-03
    127.7912119935110      -0.9668839739026682E-03
    127.8329860337876      -0.9665971498226022E-03
    127.8747600740642      -0.9663103257425361E-03
    127.9165341143408      -0.9660235016624699E-03
    127.9583081546174      -0.9657366775824038E-03
    128.0000821948940      -0.9654498535023379E-03
    128.0418562351705      -0.9651630294222719E-03
    128.0836302754471      -0.9648762053422058E-03
    128.1254043157237      -0.9645893812621399E-03
    128.1671783560003      -0.9643025571820739E-03
    128.2089523962769      -0.9640157331020078E-03
    128.2507264365534      -0.9637289090219419E-03
    128.2925004768300      -0.9634420849418759E-03
    128.3342745171066      -0.9631552608618098E-03
    128.3760485573832      -0.9628684367817439E-03
    128.4178225976598      -0.9625816127016778E-03
    128.4595966379363      -0.9622947886216118E-03
    128.5013706782129      -0.9620079645415459E-03
    128.5431447184895      -0.9617211404614798E-03
    128.5849187587661      -0.9614343163814138E-03
    128.6266927990426      -0.9611474923013479E-03
    128.6684668393192      -0.9608606682212818E-03
    128.7102408795958      -0.9605738441412159E-03
    128.7520149198724      -0.9602870200611499E-03
    128.7937889601490      -0.9600001959810838E-03
    128.8355630004255      -0.9597133719010179E-03
    128.8773370407021      -0.9594265478209519E-03
    128.9191110809787      -0.9591397237408858E-03
    128.9608851212553      -0.9588528996608199E-03
    129.0026591615319      -0.9585660755807539E-03
    129.0444332018084      -0.9582792515006878E-03
    129.0862072420850      -0.9579924274206219E-03
    129.1279812823616      -0.9577056033405559E-03
    129.1697553226382      -0.9574187792604898E-03
    129.2115293629147      -0.9571319551804239E-03
    129.2533034031913      -0.9568451311003579E-03
    129.2950774434679      -0.9565583070202918E-03
    129.3368514837445      -0.9562714829402259E-03
    129.3786255240211      -0.9559846588601599E-03
    129.4203995642976      -0.9556978347800938E-03
    129.4621736045742      -0.9554110107000279E-03
    129.5039476448508      -0.9551241866199619E-03
    129.5457216851274      -0.9548373625398958E-03
    129.5874957254040      -0.9545505384598299E-03
    129.6292697656805      -0.9542637143797639E-03
    129.6710438059571      -0.9539768902996978E-03
    129.7128178462337      -0.9536900662196319E-03
    129.7545918865103      -0.9534032421395659E-03
    129.7963659267868      -0.9531164180594998E-03
    129.8381399670634      -0.9528295939794339E-03
    129.8799140073400      -0.9525427698993679E-03
    129.9216880476166      -0.9522559458193018E-03
    129.9634620878932      -0.9519691217392359E-03
    130.0052361281697      -0.9516822976591699E-03
    130.0470101684463      -0.9513954735791038E-03
    130.0887842087229      -0.9511086494990379E-03
    130.1305582489995      -0.9508218254189719E-03
    130.1723322892761      -0.9505350013389058E-03
    130.2141063295526      -0.9502481772588399E-03
    130.2558803698292      -0.9499613531787739E-03
    130.2976544101058      -0.9496745290987078E-03
    130.3394284503824      -0.9493877050186419E-03
    130.3812024906589      -0.9491008809385759E-03
    130.4229765309355      -0.9488140568585098E-03
    130.4647505712121      -0.9485272327784439E-03
    130.5065246114887      -0.9482404086983779E-03
    130.5482986517653      -0.9479535846183118E-03
    130.5900726920418      -0.9476667605382459E-03
    130.6318467323184      -0.9473799364581799E-03
    130.6736207725950      -0.9470931123781138E-03
    130.7153948128716      -0.9468062882980479E-03
    130.7571688531482      -0.9465194642179819E-03
    130.7989428934247      -0.9462326401379158E-03
    130.8407169337013      -0.9459458160578499E-03
    130.8824909739779      -0.9456589919777839E-03
    130.9242650142545      -0.9453721678977179E-03
    130.9660390545311      -0.9450853438176519E-03
    131.0078130948076      -0.9447985197375859E-03
    131.0495871350842      -0.9445116956575199E-03
    131.0913611753608      -0.9442248715774539E-03
    131.1331352156374      -0.9439380474973879E-03
    131.1749092559139      -0.9436512234173219E-03
    131.2166832961905      -0.9433643993372559E-03
    131.2584573364671      -0.9430775752571899E-03
    131.3002313767437      -0.9427907511771239E-03
    131.3420054170203      -0.9425039270970579E-03
    131.3837794572968      -0.9422171030169919E-03
    131.4255534975734      -0.9419302789369259E-03
    131.4673275378500      -0.9416434548568599E-03
    131.5091015781266      -0.9413566307767939E-03
    131.5508756184032      -0.9410698066967279E-03
    131.5926496586797      -0.9407829826166619E-03
    131.6344236989563      -0.9404961585365959E-03
    131.6761977392329      -0.9402093344565299E-03
    131.7179717795095      -0.9399225103764639E-03
    131.7597458197860      -0.9396356862963979E-03
    131.8015198600626      -0.9393488622163319E-03
    131.8432939003392      -0.9390620381362659E-03
    131.8850679406158      -0.9387752140561998E-03
    131.9268419808924      -0.9384883899761339E-03
    131.9686160211689      -0.9382015658960679E-03
    132.0103900614455      -0.9379147418160018E-03
    132.0521641017221      -0.9376279177359359E-03
    132.0939381419987      -0.9373410936558699E-03
    132.1357121822753      -0.9370542695758038E-03
    132.1774862225518      -0.9367674454957379E-03
    132.2192602628284      -0.9364806214156719E-03
    132.2610343031050      -0.9361937973356058E-03
    132.3028083433816      -0.9359069732555399E-03
    132.3445823836581      -0.9356201491754739E-03
    132.3863564239347      -0.9353333250954078E-03
    132.4281304642113      -0.9350465010153419E-03
    132.4699045044879      -0.9347596769352759E-03
    132.5116785447645      -0.9344728528552098E-03
    132.5534525850410      -0.9341860287751439E-03
    132.5952266253176      -0.9338992046950779E-03
    132.6370006655942      -0.9336123806150118E-03
    132.6787747058708      -0.9333255565349459E-03
    132.7205487461474      -0.9330387324548799E-03
    132.7623227864239      -0.9327519083748138E-03
    132.8040968267005      -0.9324650842947479E-03
    132.8458708669771      -0.9321782602146819E-03
    132.8876449072537      -0.9318914361346158E-03
    132.9294189475303      -0.9316046120545499E-03
    132.9711929878068      -0.9313177879744839E-03
    133.0129670280834      -0.9310309638944179E-03
    133.0547410683600      -0.9307441398143519E-03
    133.0965151086366      -0.9304573157342859E-03
    133.1382891489131      -0.9301704916542199E-03
    133.1800631891897      -0.9298836675741539E-03
    133.2218372294663      -0.9295968434940879E-03
    133.2636112697429      -0.9293100194140219E-03
    133.3053853100195      -0.9290231953339559E-03
    133.3471593502960      -0.9287363712538899E-03
    133.3889333905726      -0.9284495471738239E-03
    133.4307074308492      -0.9281627230937579E-03
    133.4724814711258      -0.9278758990136919E-03
    133.5142555114024      -0.9275890749336259E-03
    133.5560295516789      -0.9273022508535599E-03
    133.5978035919555      -0.9270154267734939E-03
    133.6395776322321      -0.9267286026934279E-03
    133.6813516725087      -0.9264417786133619E-03
    133.7231257127852      -0.9261549545332959E-03
    133.7648997530618      -0.9258681304532299E-03
    133.8066737933384      -0.9255813063731639E-03
    133.8484478336150      -0.9252944822930979E-03
    133.8902218738916      -0.9250076582130319E-03
    133.9319959141681      -0.9247208341329659E-03
    133.9737699544447      -0.9244340100528999E-03
    134.0155439947213      -0.9241471859728339E-03
    134.0573180349979      -0.9238603618927679E-03
    134.0990920752745      -0.9235735378127019E-03
    134.1408661155510      -0.9232867137326359E-03
    134.1826401558276      -0.9229998896525699E-03
    134.2244141961042      -0.9227130655725039E-03
    134.2661882363808      -0.9224262414924379E-03
    134.3079622766573      -0.9221394174123719E-03
    134.3497363169339      -0.9218525933323059E-03
    134.3915103572105      -0.9215657692522399E-03
    134.4332843974871      -0.9212789451721739E-03
    134.4750584377637      -0.9209921210921079E-03
    134.5168324780402      -0.9207052970120419E-03
    134.5586065183168      -0.9204184729319759E-03
    134.6003805585934      -0.9201316488519099E-03
    134.6421545988700      -0.9198448247718439E-03
    134.6839286391466      -0.9195580006917779E-03
    134.7257026794231      -0.9192711766117120E-03
    134.7674767196997      -0.9189843525316459E-03
    134.8092507599763      -0.9186975284515799E-03
    134.8510248002529      -0.9184107043715140E-03
    134.8927988405295      -0.9181238802914479E-03
    134.9345728808060      -0.9178370562113819E-03
    134.9763469210826      -0.9175502321313160E-03
    135.0181209613592      -0.9172634080512499E-03
    135.0598950016358      -0.9169765839711839E-03
    135.1016690419123      -0.9166897598911180E-03
    135.1434430821889      -0.9164029358110519E-03
    135.1852171224655      -0.9161161117309859E-03
    135.2269911627421      -0.9158292876509200E-03
    135.2687652030187      -0.9155424635708539E-03
    135.3105392432952      -0.9152556394907879E-03
    135.3523132835718      -0.9149688154107219E-03
    135.3940873238484      -0.9146819913306559E-03
    135.4358613641250      -0.9143951672505899E-03
    135.4776354044016      -0.9141083431705239E-03
    135.5194094446781      -0.9138215190904579E-03
    135.5611834849547      -0.9135346950103919E-03
    135.6029575252313      -0.9132478709303259E-03
    135.6447315655079      -0.9129610468502599E-03
    135.6865056057844      -0.9126742227701939E-03
    135.7282796460610      -0.9123873986901279E-03
    135.7700536863376      -0.9121005746100619E-03
    135.8118277266142      -0.9118137505299959E-03
    135.8536017668908      -0.9115269264499299E-03
    135.8953758071673      -0.9112401023698639E-03
    135.9371498474439      -0.9109532782897979E-03
    135.9789238877205      -0.9106664542097319E-03
    136.0206979279971      -0.9103796301296659E-03
    136.0624719682737      -0.9100928060495999E-03
    136.1042460085502      -0.9098059819695339E-03
    136.1460200488268      -0.9095191578894679E-03
    136.1877940891034      -0.9092323338094019E-03
    136.2295681293800      -0.9089455097293359E-03
    136.2713421696565      -0.9086586856492699E-03
    136.3131162099331      -0.9083718615692039E-03
    136.3548902502097      -0.9080850374891379E-03
    136.3966642904863      -0.9077982134090719E-03
    136.4384383307629      -0.9075113893290059E-03
    136.4802123710394      -0.9072245652489399E-03
    136.5219864113160      -0.9069377411688739E-03
    136.5637604515926      -0.9066509170888079E-03
    136.6055344918692      -0.9063640930087419E-03
    136.6473085321458      -0.9060772689286759E-03
    136.6890825724223      -0.9057904448486099E-03
    136.7308566126989      -0.9055036207685439E-03
    136.7726306529755      -0.9052167966884779E-03
    136.8144046932521      -0.9049299726084119E-03
    136.8561787335287      -0.9046431485283459E-03
    136.8979527738052      -0.9043563244482799E-03
    136.9397268140818      -0.9040695003682140E-03
    136.9815008543584      -0.9037826762881479E-03
    137.0232748946350      -0.9034958522080819E-03
    137.0650489349115      -0.9032090281280160E-03
    137.1068229751881      -0.9029222040479499E-03
    137.1485970154647      -0.9026353799678839E-03
    137.1903710557413      -0.9023485558878180E-03
    137.2321450960179      -0.9020617318077519E-03
    137.2739191362944      -0.9017749077276859E-03
    137.3156931765710      -0.9014880836476200E-03
    137.3574672168476      -0.9012012595675539E-03
    137.3992412571242      -0.9009144354874879E-03
    137.4410152974008      -0.9006276114074220E-03
    137.4827893376773      -0.9003407873273559E-03
    137.5245633779539      -0.9000539632472899E-03
    137.5663374182305      -0.8997671391672240E-03
    137.6081114585071      -0.8994803150871579E-03
    137.6498854987836      -0.8991934910070919E-03
    137.6916595390602      -0.8989066669270260E-03
    137.7334335793368      -0.8986198428469599E-03
    137.7752076196134      -0.8983330187668939E-03
    137.8169816598900      -0.8980461946868280E-03
    137.8587557001665      -0.8977593706067619E-03
    137.9005297404431      -0.8974725465266959E-03
    137.9423037807197      -0.8971857224466300E-03
    137.9840778209963      -0.8968988983665639E-03
    138.0258518612729      -0.8966120742864979E-03
    138.0676259015494      -0.8963252502064320E-03
    138.1093999418260      -0.8960384261263659E-03
    138.1511739821026      -0.8957516020462999E-03
    138.1929480223792      -0.8954647779662340E-03
    138.2347220626557      -0.8951779538861679E-03
    138.2764961029323      -0.8948911298061019E-03
    138.3182701432089      -0.8946043057260360E-03
    138.3600441834855      -0.8943174816459699E-03
    138.4018182237621      -0.8940306575659039E-03
    138.4435922640386      -0.8937438334858380E-03
    138.4853663043152      -0.8934570094057719E-03
    138.5271403445918      -0.8931701853257059E-03
    138.5689143848684      -0.8928833612456400E-03
    138.6106884251450      -0.8925965371655739E-03
    138.6524624654215      -0.8923097130855079E-03
    138.6942365056981      -0.8920228890054420E-03
    138.7360105459747      -0.8917360649253759E-03
    138.7777845862513      -0.8914492408453099E-03
    138.8195586265279      -0.8911624167652439E-03
    138.8613326668044      -0.8908755926851779E-03
    138.9031067070810      -0.8905887686051119E-03
    138.9448807473576      -0.8903019445250459E-03
    138.9866547876342      -0.8900151204449799E-03
    139.0284288279107      -0.8897282963649139E-03
    139.0702028681873      -0.8894414722848479E-03
    139.1119769084639      -0.8891546482047819E-03
    139.1537509487405      -0.8888678241247160E-03
    139.1955249890171      -0.8885810000446499E-03
    139.2372990292936      -0.8882941759645839E-03
    139.2790730695702      -0.8880073518845180E-03
    139.3208471098468      -0.8877205278044519E-03
    139.3626211501234      -0.8874337037243859E-03
    139.4043951904000      -0.8871468796443200E-03
    139.4461692306765      -0.8868600555642539E-03
    139.4879432709531      -0.8865732314841879E-03
    139.5297173112297      -0.8862864074041220E-03
    139.5714913515063      -0.8859995833240559E-03
    139.6132653917828      -0.8857127592439899E-03
    139.6550394320594      -0.8854259351639240E-03
    139.6968134723360      -0.8851391110838579E-03
    139.7385875126126      -0.8848522870037919E-03
    139.7803615528892      -0.8845654629237260E-03
    139.8221355931657      -0.8842786388436599E-03
    139.8639096334423      -0.8839918147635939E-03
    139.9056836737189      -0.8837049906835280E-03
    139.9474577139955      -0.8834181666034619E-03
    139.9892317542721      -0.8831313425233959E-03
    140.0310057945486      -0.8828445184433300E-03
    140.0727798348252      -0.8825576943632639E-03
    140.1145538751018      -0.8822708702831979E-03
    140.1563279153784      -0.8819840462031320E-03
    140.1981019556549      -0.8816972221230659E-03
    140.2398759959315      -0.8814103980429999E-03
    140.2816500362081      -0.8811235739629340E-03
    140.3234240764847      -0.8808367498828679E-03
    140.3651981167613      -0.8805499258028019E-03
    140.4069721570378      -0.8802631017227360E-03
    140.4487461973144      -0.8799762776426699E-03
    140.4905202375910      -0.8796894535626039E-03
    140.5322942778676      -0.8794026294825380E-03
    140.5740683181442      -0.8791158054024719E-03
    140.6158423584207      -0.8788289813224059E-03
    140.6576163986973      -0.8785421572423400E-03
    140.6993904389739      -0.8782553331622739E-03
    140.7411644792505      -0.8779685090822079E-03
    140.7829385195271      -0.8776816850021420E-03
    140.8247125598036      -0.8773948609220759E-03
    140.8664866000802      -0.8771080368420099E-03
    140.9082606403568      -0.8768212127619440E-03
    140.9500346806334      -0.8765343886818779E-03
    140.9918087209099      -0.8762475646018119E-03
    141.0335827611865      -0.8759607405217460E-03
    141.0753568014631      -0.8756739164416799E-03
    141.1171308417397      -0.8753870923616139E-03
    141.1589048820163      -0.8751002682815480E-03
    141.2006789222928      -0.8748134442014819E-03
    141.2424529625694      -0.8745266201214160E-03
    141.2842270028460      -0.8742397960413500E-03
    141.3260010431226      -0.8739529719612839E-03
    141.3677750833992      -0.8736661478812180E-03
    141.4095491236757      -0.8733793238011520E-03
    141.4513231639523      -0.8730924997210859E-03
    141.4930972042289      -0.8728056756410200E-03
    141.5348712445055      -0.8725188515609540E-03
    141.5766452847820      -0.8722320274808879E-03
    141.6184193250586      -0.8719452034008220E-03
    141.6601933653352      -0.8716583793207560E-03
    141.7019674056118      -0.8713715552406899E-03
    141.7437414458884      -0.8710847311606240E-03
    141.7855154861649      -0.8707979070805580E-03
    141.8272895264415      -0.8705110830004919E-03
    141.8690635667181      -0.8702242589204260E-03
    141.9108376069947      -0.8699374348403600E-03
    141.9526116472713      -0.8696506107602939E-03
    141.9943856875478      -0.8693637866802280E-03
    142.0361597278244      -0.8690769626001620E-03
    142.0779337681010      -0.8687901385200959E-03
    142.1197078083776      -0.8685033144400300E-03
    142.1614818486541      -0.8682164903599640E-03
    142.2032558889307      -0.8679296662798979E-03
    142.2450299292073      -0.8676428421998320E-03
    142.2868039694839      -0.8673560181197659E-03
    142.3285780097605      -0.8670691940396999E-03
    142.3703520500370      -0.8667823699596340E-03
    142.4121260903136      -0.8664955458795679E-03
    142.4539001305902      -0.8662087217995019E-03
    142.4956741708668      -0.8659218977194360E-03
    142.5374482111434      -0.8656350736393699E-03
    142.5792222514199      -0.8653482495593039E-03
    142.6209962916965      -0.8650614254792380E-03
    142.6627703319731      -0.8647746013991719E-03
    142.7045443722497      -0.8644877773191059E-03
    142.7463184125263      -0.8642009532390400E-03
    142.7880924528028      -0.8639141291589739E-03
    142.8298664930794      -0.8636273050789079E-03
    142.8716405333560      -0.8633404809988420E-03
    142.9134145736326      -0.8630536569187759E-03
    142.9551886139091      -0.8627668328387099E-03
    142.9969626541857      -0.8624800087586440E-03
    143.0387366944623      -0.8621931846785779E-03
    143.0805107347389      -0.8619063605985119E-03
    143.1222847750155      -0.8616195365184460E-03
    143.1640588152920      -0.8613327124383799E-03
    143.2058328555686      -0.8610458883583139E-03
    143.2476068958452      -0.8607590642782480E-03
    143.2893809361218      -0.8604722401981819E-03
    143.3311549763984      -0.8601854161181159E-03
    143.3729290166749      -0.8598985920380500E-03
    143.4147030569515      -0.8596117679579839E-03
    143.4564770972281      -0.8593249438779180E-03
    143.4982511375047      -0.8590381197978520E-03
    143.5400251777812      -0.8587512957177859E-03
    143.5817992180578      -0.8584644716377200E-03
    143.6235732583344      -0.8581776475576540E-03
    143.6653472986110      -0.8578908234775879E-03
    143.7071213388876      -0.8576039993975220E-03
    143.7488953791641      -0.8573171753174560E-03
    143.7906694194407      -0.8570303512373899E-03
    143.8324434597173      -0.8567435271573240E-03
    143.8742174999939      -0.8564567030772580E-03
    143.9159915402705      -0.8561698789971919E-03
    143.9577655805470      -0.8558830549171260E-03
    143.9995396208236      -0.8555962308370600E-03
    144.0413136611002      -0.8553094067569939E-03
    144.0830877013768      -0.8550225826769280E-03
    144.1248617416533      -0.8547357585968620E-03
    144.1666357819299      -0.8544489345167959E-03
    144.2084098222065      -0.8541621104367300E-03
    144.2501838624831      -0.8538752863566640E-03
    144.2919579027597      -0.8535884622765979E-03
    144.3337319430362      -0.8533016381965320E-03
    144.3755059833128      -0.8530148141164660E-03
    144.4172800235894      -0.8527279900363999E-03
    144.4590540638660      -0.8524411659563340E-03
    144.5008281041426      -0.8521543418762680E-03
    144.5426021444191      -0.8518675177962019E-03
    144.5843761846957      -0.8515806937161360E-03
    144.6261502249723      -0.8512938696360700E-03
    144.6679242652489      -0.8510070455560039E-03
    144.7096983055254      -0.8507202214759380E-03
    144.7514723458020      -0.8504333973958720E-03
    144.7932463860786      -0.8501465733158059E-03
    144.8350204263552      -0.8498597492357400E-03
    144.8767944666318      -0.8495729251556740E-03
    144.9185685069083      -0.8492861010756079E-03
    144.9603425471849      -0.8489992769955420E-03
    145.0021165874615      -0.8487124529154760E-03
    145.0438906277381      -0.8484256288354099E-03
    145.0856646680147      -0.8481388047553440E-03
    145.1274387082912      -0.8478519806752780E-03
    145.1692127485678      -0.8475651565952119E-03
    145.2109867888444      -0.8472783325151460E-03
    145.2527608291210      -0.8469915084350800E-03
    145.2945348693976      -0.8467046843550139E-03
    145.3363089096741      -0.8464178602749480E-03
    145.3780829499507      -0.8461310361948820E-03
    145.4198569902273      -0.8458442121148159E-03
    145.4616310305039      -0.8455573880347500E-03
    145.5034050707804      -0.8452705639546840E-03
    145.5451791110570      -0.8449837398746179E-03
    145.5869531513336      -0.8446969157945520E-03
    145.6287271916102      -0.8444100917144860E-03
    145.6705012318868      -0.8441232676344200E-03
    145.7122752721633      -0.8438364435543540E-03
    145.7540493124399      -0.8435496194742879E-03
    145.7958233527165      -0.8432627953942220E-03
    145.8375973929931      -0.8429759713141560E-03
    145.8793714332697      -0.8426891472340899E-03
    145.9211454735462      -0.8424023231540240E-03
    145.9629195138228      -0.8421154990739580E-03
    146.0046935540994      -0.8418286749938919E-03
    146.0464675943760      -0.8415418509138260E-03
    146.0882416346525      -0.8412550268337600E-03
    146.1300156749291      -0.8409682027536939E-03
    146.1717897152057      -0.8406813786736280E-03
    146.2135637554823      -0.8403945545935620E-03
    146.2553377957589      -0.8401077305134959E-03
    146.2971118360354      -0.8398209064334300E-03
    146.3388858763120      -0.8395340823533640E-03
    146.3806599165886      -0.8392472582732979E-03
    146.4224339568652      -0.8389604341932320E-03
    146.4642079971418      -0.8386736101131660E-03
    146.5059820374183      -0.8383867860330999E-03
    146.5477560776949      -0.8380999619530340E-03
    146.5895301179715      -0.8378131378729680E-03
    146.6313041582481      -0.8375263137929019E-03
    146.6730781985246      -0.8372394897128360E-03
    146.7148522388012      -0.8369526656327700E-03
    146.7566262790778      -0.8366658415527039E-03
    146.7984003193544      -0.8363790174726380E-03
    146.8401743596310      -0.8360921933925720E-03
    146.8819483999075      -0.8358053693125059E-03
    146.9237224401841      -0.8355185452324400E-03
    146.9654964804607      -0.8352317211523740E-03
    147.0072705207373      -0.8349448970723079E-03
    147.0490445610139      -0.8346580729922420E-03
    147.0908186012904      -0.8343712489121760E-03
    147.1325926415670      -0.8340844248321099E-03
    147.1743666818436      -0.8337976007520440E-03
    147.2161407221202      -0.8335107766719780E-03
    147.2579147623968      -0.8332239525919119E-03
    147.2996888026733      -0.8329371285118460E-03
    147.3414628429499      -0.8326503044317800E-03
    147.3832368832265      -0.8323634803517139E-03
    147.4250109235031      -0.8320766562716480E-03
    147.4667849637796      -0.8317898321915820E-03
    147.5085590040562      -0.8315030081115159E-03
    147.5503330443328      -0.8312161840314500E-03
    147.5921070846094      -0.8309293599513840E-03
    147.6338811248860      -0.8306425358713179E-03
    147.6756551651625      -0.8303557117912520E-03
    147.7174292054391      -0.8300688877111860E-03
    147.7592032457157      -0.8297820636311199E-03
    147.8009772859923      -0.8294952395510540E-03
    147.8427513262689      -0.8292084154709880E-03
    147.8845253665454      -0.8289215913909220E-03
    147.9262994068220      -0.8286347673108560E-03
    147.9680734470986      -0.8283479432307900E-03
    148.0098474873752      -0.8280611191507240E-03
    148.0516215276517      -0.8277742950706580E-03
    148.0933955679283      -0.8274874709905920E-03
    148.1351696082049      -0.8272006469105260E-03
    148.1769436484815      -0.8269138228304600E-03
    148.2187176887581      -0.8266269987503940E-03
    148.2604917290346      -0.8263401746703280E-03
    148.3022657693112      -0.8260533505902620E-03
    148.3440398095878      -0.8257665265101960E-03
    148.3858138498644      -0.8254797024301300E-03
    148.4275878901410      -0.8251928783500640E-03
    148.4693619304175      -0.8249060542699980E-03
    148.5111359706941      -0.8246192301899320E-03
    148.5529100109707      -0.8243324061098660E-03
    148.5946840512473      -0.8240455820298000E-03
    148.6364580915238      -0.8237587579497340E-03
    148.6782321318004      -0.8234719338696680E-03
    148.7200061720770      -0.8231851097896020E-03
    148.7617802123536      -0.8228982857095360E-03
    148.8035542526302      -0.8226114616294700E-03
    148.8453282929067      -0.8223246375494040E-03
    148.8871023331833      -0.8220378134693380E-03
    148.9288763734599      -0.8217509893892720E-03
    148.9706504137365      -0.8214641653092060E-03
    149.0124244540131      -0.8211773412291400E-03
    149.0541984942896      -0.8208905171490740E-03
    149.0959725345662      -0.8206036930690080E-03
    149.1377465748428      -0.8203168689889420E-03
    149.1795206151194      -0.8200300449088760E-03
    149.2212946553960      -0.8197432208288099E-03
    149.2630686956725      -0.8194563967487440E-03
    149.3048427359491      -0.8191695726686780E-03
    149.3466167762257      -0.8188827485886119E-03
    149.3883908165023      -0.8185959245085460E-03
    149.4301648567788      -0.8183091004284800E-03
    149.4719388970554      -0.8180222763484139E-03
    149.5137129373320      -0.8177354522683480E-03
    149.5554869776086      -0.8174486281882820E-03
    149.5972610178852      -0.8171618041082159E-03
    149.6390350581617      -0.8168749800281500E-03
    149.6808090984383      -0.8165881559480840E-03
    149.7225831387149      -0.8163013318680179E-03
    149.7643571789915      -0.8160145077879520E-03
    149.8061312192681      -0.8157276837078860E-03
    149.8479052595446      -0.8154408596278199E-03
    149.8896792998212      -0.8151540355477540E-03
    149.9314533400978      -0.8148672114676880E-03
    149.9732273803744      -0.8145803873876220E-03
    150.0150014206509      -0.8142935633075560E-03
    150.0567754609275      -0.8140067392274900E-03
    150.0985495012041      -0.8137199151474240E-03
    150.1403235414807      -0.8134330910673580E-03
    150.1820975817573      -0.8131462669872920E-03
    150.2238716220338      -0.8128594429072260E-03
    150.2656456623104      -0.8125726188271600E-03
    150.3074197025870      -0.8122857947470940E-03
    150.3491937428636      -0.8119989706670280E-03
    150.3909677831402      -0.8117121465869620E-03
    150.4327418234167      -0.8114253225068960E-03
    150.4745158636933      -0.8111384984268300E-03
    150.5162899039699      -0.8108516743467640E-03
    150.5580639442465      -0.8105648502666980E-03
    150.5998379845230      -0.8102780261866320E-03
    150.6416120247996      -0.8099912021065660E-03
    150.6833860650762      -0.8097043780265000E-03
    150.7251601053528      -0.8094175539464340E-03
    150.7669341456294      -0.8091307298663680E-03
    150.8087081859059      -0.8088439057863020E-03
    150.8504822261825      -0.8085570817062360E-03
    150.8922562664591      -0.8082702576261700E-03
    150.9340303067357      -0.8079834335461040E-03
    150.9758043470123      -0.8076966094660380E-03
    151.0175783872888      -0.8074097853859720E-03
    151.0593524275654      -0.8071229613059060E-03
    151.1011264678420      -0.8068361372258400E-03
    151.1429005081186      -0.8065493131457740E-03
    151.1846745483952      -0.8062624890657080E-03
    151.2264485886717      -0.8059756649856420E-03
    151.2682226289483      -0.8056888409055760E-03
    151.3099966692249      -0.8054020168255100E-03
    151.3517707095015      -0.8051151927454440E-03
    151.3935447497780      -0.8048283686653780E-03
    151.4353187900546      -0.8045415445853120E-03
    151.4770928303312      -0.8042547205052460E-03
    151.5188668706078      -0.8039678964251800E-03
    151.5606409108844      -0.8036810723451140E-03
    151.6024149511609      -0.8033942482650480E-03
    151.6441889914375      -0.8031074241849820E-03
    151.6859630317141      -0.8028206001049161E-03
    151.7277370719907      -0.8025337760248500E-03
    151.7695111122673      -0.8022469519447840E-03
    151.8112851525438      -0.8019601278647181E-03
    151.8530591928204      -0.8016733037846520E-03
    151.8948332330970      -0.8013864797045860E-03
    151.9366072733736      -0.8010996556245201E-03
    151.9783813136501      -0.8008128315444540E-03
    152.0201553539267      -0.8005260074643880E-03
    152.0619293942033      -0.8002391833843221E-03
    152.1037034344799      -0.7999523593042560E-03
    152.1454774747565      -0.7996655352241900E-03
    152.1872515150330      -0.7993787111441241E-03
    152.2290255553096      -0.7990918870640580E-03
    152.2707995955862      -0.7988050629839920E-03
    152.3125736358628      -0.7985182389039261E-03
    152.3543476761394      -0.7982314148238600E-03
    152.3961217164159      -0.7979445907437940E-03
    152.4378957566925      -0.7976577666637281E-03
    152.4796697969691      -0.7973709425836620E-03
    152.5214438372457      -0.7970841185035960E-03
    152.5632178775222      -0.7967972944235301E-03
    152.6049919177988      -0.7965104703434640E-03
    152.6467659580754      -0.7962236462633980E-03
    152.6885399983520      -0.7959368221833320E-03
    152.7303140386286      -0.7956499981032660E-03
    152.7720880789051      -0.7953631740232000E-03
    152.8138621191817      -0.7950763499431340E-03
    152.8556361594583      -0.7947895258630680E-03
    152.8974101997349      -0.7945027017830020E-03
    152.9391842400115      -0.7942158777029360E-03
    152.9809582802880      -0.7939290536228700E-03
    153.0227323205646      -0.7936422295428040E-03
    153.0645063608412      -0.7933554054627380E-03
    153.1062804011178      -0.7930685813826720E-03
    153.1480544413944      -0.7927817573026060E-03
    153.1898284816709      -0.7924949332225400E-03
    153.2316025219475      -0.7922081091424740E-03
    153.2733765622241      -0.7919212850624080E-03
    153.3151506025007      -0.7916344609823420E-03
    153.3569246427772      -0.7913476369022760E-03
    153.3986986830538      -0.7910608128222100E-03
    153.4404727233304      -0.7907739887421440E-03
    153.4822467636070      -0.7904871646620780E-03
    153.5240208038836      -0.7902003405820120E-03
    153.5657948441601      -0.7899135165019460E-03
    153.6075688844367      -0.7896266924218800E-03
    153.6493429247133      -0.7893398683418140E-03
    153.6911169649899      -0.7890530442617480E-03
    153.7328910052665      -0.7887662201816820E-03
    153.7746650455430      -0.7884793961016160E-03
    153.8164390858196      -0.7881925720215500E-03
    153.8582131260962      -0.7879057479414840E-03
    153.8999871663728      -0.7876189238614181E-03
    153.9417612066493      -0.7873320997813520E-03
    153.9835352469259      -0.7870452757012860E-03
    154.0253092872025      -0.7867584516212201E-03
    154.0670833274791      -0.7864716275411540E-03
    154.1088573677557      -0.7861848034610880E-03
    154.1506314080322      -0.7858979793810221E-03
    154.1924054483088      -0.7856111553009560E-03
    154.2341794885854      -0.7853243312208900E-03
    154.2759535288620      -0.7850375071408241E-03
    154.3177275691386      -0.7847506830607580E-03
    154.3595016094151      -0.7844638589806920E-03
    154.4012756496917      -0.7841770349006261E-03
    154.4430496899683      -0.7838902108205600E-03
    154.4848237302449      -0.7836033867404940E-03
    154.5265977705214      -0.7833165626604281E-03
    154.5683718107980      -0.7830297385803620E-03
    154.6101458510746      -0.7827429145002960E-03
    154.6519198913512      -0.7824560904202301E-03
    154.6936939316278      -0.7821692663401640E-03
    154.7354679719043      -0.7818824422600980E-03
    154.7772420121809      -0.7815956181800321E-03
    154.8190160524575      -0.7813087940999660E-03
    154.8607900927341      -0.7810219700199000E-03
    154.9025641330107      -0.7807351459398341E-03
    154.9443381732872      -0.7804483218597680E-03
    154.9861122135638      -0.7801614977797020E-03
    155.0278862538404      -0.7798746736996361E-03
    155.0696602941170      -0.7795878496195700E-03
    155.1114343343936      -0.7793010255395040E-03
    155.1532083746701      -0.7790142014594381E-03
    155.1949824149467      -0.7787273773793720E-03
    155.2367564552233      -0.7784405532993060E-03
    155.2785304954999      -0.7781537292192401E-03
    155.3203045357764      -0.7778669051391740E-03
    155.3620785760530      -0.7775800810591080E-03
    155.4038526163296      -0.7772932569790421E-03
    155.4456266566062      -0.7770064328989760E-03
    155.4874006968828      -0.7767196088189100E-03
    155.5291747371593      -0.7764327847388441E-03
    155.5709487774359      -0.7761459606587780E-03
    155.6127228177125      -0.7758591365787120E-03
    155.6544968579891      -0.7755723124986461E-03
    155.6962708982657      -0.7752854884185800E-03
    155.7380449385422      -0.7749986643385140E-03
    155.7798189788188      -0.7747118402584481E-03
    155.8215930190954      -0.7744250161783820E-03
    155.8633670593720      -0.7741381920983160E-03
    155.9051410996485      -0.7738513680182501E-03
    155.9469151399251      -0.7735645439381840E-03
    155.9886891802017      -0.7732777198581181E-03
    156.0304632204783      -0.7729908957780521E-03
    156.0722372607549      -0.7727040716979860E-03
    156.1140113010314      -0.7724172476179201E-03
    156.1557853413080      -0.7721304235378540E-03
    156.1975593815846      -0.7718435994577880E-03
    156.2393334218612      -0.7715567753777221E-03
    156.2811074621378      -0.7712699512976560E-03
    156.3228815024143      -0.7709831272175900E-03
    156.3646555426909      -0.7706963031375241E-03
    156.4064295829675      -0.7704094790574580E-03
    156.4482036232441      -0.7701226549773920E-03
    156.4899776635206      -0.7698358308973261E-03
    156.5317517037972      -0.7695490068172600E-03
    156.5735257440738      -0.7692621827371940E-03
    156.6152997843504      -0.7689753586571281E-03
    156.6570738246270      -0.7686885345770620E-03
    156.6988478649035      -0.7684017104969960E-03
    156.7406219051801      -0.7681148864169301E-03
    156.7823959454567      -0.7678280623368640E-03
    156.8241699857333      -0.7675412382567980E-03
    156.8659440260099      -0.7672544141767321E-03
    156.9077180662864      -0.7669675900966660E-03
    156.9494921065630      -0.7666807660166000E-03
    156.9912661468396      -0.7663939419365341E-03
    157.0330401871162      -0.7661071178564680E-03
    157.0748142273927      -0.7658202937764020E-03
    157.1165882676693      -0.7655334696963361E-03
    157.1583623079459      -0.7652466456162700E-03
    157.2001363482225      -0.7649598215362040E-03
    157.2419103884991      -0.7646729974561381E-03
    157.2836844287756      -0.7643861733760720E-03
    157.3254584690522      -0.7640993492960060E-03
    157.3672325093288      -0.7638125252159401E-03
    157.4090065496054      -0.7635257011358740E-03
    157.4507805898820      -0.7632388770558080E-03
    157.4925546301585      -0.7629520529757421E-03
    157.5343286704351      -0.7626652288956760E-03
    157.5761027107117      -0.7623784048156100E-03
    157.6178767509883      -0.7620915807355441E-03
    157.6596507912649      -0.7618047566554780E-03
    157.7014248315414      -0.7615179325754120E-03
    157.7431988718180      -0.7612311084953461E-03
    157.7849729120946      -0.7609442844152800E-03
    157.8267469523712      -0.7606574603352140E-03
    157.8685209926477      -0.7603706362551481E-03
    157.9102950329243      -0.7600838121750820E-03
    157.9520690732009      -0.7597969880950160E-03
    157.9938431134775      -0.7595101640149501E-03
    158.0356171537541      -0.7592233399348840E-03
    158.0773911940306      -0.7589365158548180E-03
    158.1191652343072      -0.7586496917747521E-03
    158.1609392745838      -0.7583628676946860E-03
    158.2027133148604      -0.7580760436146201E-03
    158.2444873551370      -0.7577892195345541E-03
    158.2862613954135      -0.7575023954544880E-03
    158.3280354356901      -0.7572155713744221E-03
    158.3698094759667      -0.7569287472943561E-03
    158.4115835162433      -0.7566419232142900E-03
    158.4533575565198      -0.7563550991342241E-03
    158.4951315967964      -0.7560682750541581E-03
    158.5369056370730      -0.7557814509740920E-03
    158.5786796773496      -0.7554946268940261E-03
    158.6204537176262      -0.7552078028139601E-03
    158.6622277579027      -0.7549209787338940E-03
    158.7040017981793      -0.7546341546538281E-03
    158.7457758384559      -0.7543473305737621E-03
    158.7875498787325      -0.7540605064936960E-03
    158.8293239190091      -0.7537736824136301E-03
    158.8710979592856      -0.7534868583335641E-03
    158.9128719995622      -0.7532000342534980E-03
    158.9546460398388      -0.7529132101734321E-03
    158.9964200801154      -0.7526263860933661E-03
    159.0381941203919      -0.7523395620133000E-03
    159.0799681606685      -0.7520527379332341E-03
    159.1217422009451      -0.7517659138531681E-03
    159.1635162412217      -0.7514790897731020E-03
    159.2052902814983      -0.7511922656930361E-03
    159.2470643217748      -0.7509054416129701E-03
    159.2888383620514      -0.7506186175329040E-03
    159.3306124023280      -0.7503317934528381E-03
    159.3723864426046      -0.7500449693727721E-03
    159.4141604828812      -0.7497581452927060E-03
    159.4559345231577      -0.7494713212126401E-03
    159.4977085634343      -0.7491844971325741E-03
    159.5394826037109      -0.7488976730525080E-03
    159.5812566439875      -0.7486108489724421E-03
    159.6230306842641      -0.7483240248923760E-03
    159.6648047245406      -0.7480372008123100E-03
    159.7065787648172      -0.7477503767322441E-03
    159.7483528050938      -0.7474635526521780E-03
    159.7901268453704      -0.7471767285721120E-03
    159.8319008856469      -0.7468899044920461E-03
    159.8736749259235      -0.7466030804119800E-03
    159.9154489662001      -0.7463162563319140E-03
    159.9572230064767      -0.7460294322518481E-03
    159.9989970467533      -0.7457426081717820E-03
    160.0407710870298      -0.7454557840917160E-03
    160.0825451273064      -0.7451689600116501E-03
    160.1243191675830      -0.7448821359315840E-03
    160.1660932078596      -0.7445953118515180E-03
    160.2078672481362      -0.7443084877714521E-03
    160.2496412884127      -0.7440216636913860E-03
    160.2914153286893      -0.7437348396113200E-03
    160.3331893689659      -0.7434480155312541E-03
    160.3749634092425      -0.7431611914511880E-03
    160.4167374495190      -0.7428743673711221E-03
    160.4585114897956      -0.7425875432910561E-03
    160.5002855300722      -0.7423007192109900E-03
    160.5420595703488      -0.7420138951309241E-03
    160.5838336106254      -0.7417270710508581E-03
    160.6256076509019      -0.7414402469707920E-03
    160.6673816911785      -0.7411534228907261E-03
    160.7091557314551      -0.7408665988106601E-03
    160.7509297717317      -0.7405797747305940E-03
    160.7927038120083      -0.7402929506505281E-03
    160.8344778522848      -0.7400061265704621E-03
    160.8762518925614      -0.7397193024903960E-03
    160.9180259328380      -0.7394324784103301E-03
    160.9597999731146      -0.7391456543302641E-03
    161.0015740133911      -0.7388588302501980E-03
    161.0433480536677      -0.7385720061701321E-03
    161.0851220939443      -0.7382851820900661E-03
    161.1268961342209      -0.7379983580100000E-03
    161.1686701744975      -0.7377115339299341E-03
    161.2104442147740      -0.7374247098498681E-03
    161.2522182550506      -0.7371378857698020E-03
    161.2939922953272      -0.7368510616897361E-03
    161.3357663356038      -0.7365642376096701E-03
    161.3775403758804      -0.7362774135296040E-03
    161.4193144161569      -0.7359905894495381E-03
    161.4610884564335      -0.7357037653694721E-03
    161.5028624967101      -0.7354169412894060E-03
    161.5446365369867      -0.7351301172093401E-03
    161.5864105772633      -0.7348432931292741E-03
    161.6281846175398      -0.7345564690492080E-03
    161.6699586578164      -0.7342696449691421E-03
    161.7117326980930      -0.7339828208890761E-03
    161.7535067383696      -0.7336959968090100E-03
    161.7952807786461      -0.7334091727289441E-03
    161.8370548189227      -0.7331223486488781E-03
    161.8788288591993      -0.7328355245688120E-03
    161.9206028994759      -0.7325487004887461E-03
    161.9623769397525      -0.7322618764086801E-03
    162.0041509800290      -0.7319750523286140E-03
    162.0459250203056      -0.7316882282485481E-03
    162.0876990605822      -0.7314014041684821E-03
    162.1294731008588      -0.7311145800884160E-03
    162.1712471411354      -0.7308277560083501E-03
    162.2130211814119      -0.7305409319282841E-03
    162.2547952216885      -0.7302541078482180E-03
    162.2965692619651      -0.7299672837681521E-03
    162.3383433022417      -0.7296804596880861E-03
    162.3801173425182      -0.7293936356080200E-03
    162.4218913827948      -0.7291068115279541E-03
    162.4636654230714      -0.7288199874478881E-03
    162.5054394633480      -0.7285331633678220E-03
    162.5472135036246      -0.7282463392877561E-03
    162.5889875439011      -0.7279595152076901E-03
    162.6307615841777      -0.7276726911276241E-03
    162.6725356244543      -0.7273858670475581E-03
    162.7143096647309      -0.7270990429674921E-03
    162.7560837050075      -0.7268122188874261E-03
    162.7978577452840      -0.7265253948073601E-03
    162.8396317855606      -0.7262385707272941E-03
    162.8814058258372      -0.7259517466472281E-03
    162.9231798661138      -0.7256649225671621E-03
    162.9649539063903      -0.7253780984870961E-03
    163.0067279466669      -0.7250912744070301E-03
    163.0485019869435      -0.7248044503269641E-03
    163.0902760272201      -0.7245176262468980E-03
    163.1320500674967      -0.7242308021668321E-03
    163.1738241077732      -0.7239439780867661E-03
    163.2155981480498      -0.7236571540067000E-03
    163.2573721883264      -0.7233703299266341E-03
    163.2991462286030      -0.7230835058465681E-03
    163.3409202688796      -0.7227966817665020E-03
    163.3826943091561      -0.7225098576864361E-03
    163.4244683494327      -0.7222230336063701E-03
    163.4662423897093      -0.7219362095263040E-03
    163.5080164299859      -0.7216493854462381E-03
    163.5497904702625      -0.7213625613661721E-03
    163.5915645105390      -0.7210757372861060E-03
    163.6333385508156      -0.7207889132060401E-03
    163.6751125910922      -0.7205020891259741E-03
    163.7168866313688      -0.7202152650459080E-03
    163.7586606716453      -0.7199284409658421E-03
    163.8004347119219      -0.7196416168857761E-03
    163.8422087521985      -0.7193547928057100E-03
    163.8839827924751      -0.7190679687256441E-03
    163.9257568327517      -0.7187811446455781E-03
    163.9675308730282      -0.7184943205655120E-03
    164.0093049133048      -0.7182074964854461E-03
    164.0510789535814      -0.7179206724053801E-03
    164.0928529938580      -0.7176338483253140E-03
    164.1346270341346      -0.7173470242452481E-03
    164.1764010744111      -0.7170602001651821E-03
    164.2181751146877      -0.7167733760851160E-03
    164.2599491549643      -0.7164865520050501E-03
    164.3017231952409      -0.7161997279249841E-03
    164.3434972355174      -0.7159129038449180E-03
    164.3852712757940      -0.7156260797648521E-03
    164.4270453160706      -0.7153392556847861E-03
    164.4688193563472      -0.7150524316047200E-03
    164.5105933966238      -0.7147656075246541E-03
    164.5523674369003      -0.7144787834445881E-03
    164.5941414771769      -0.7141919593645220E-03
    164.6359155174535      -0.7139051352844561E-03
    164.6776895577301      -0.7136183112043901E-03
    164.7194635980067      -0.7133314871243241E-03
    164.7612376382832      -0.7130446630442581E-03
    164.8030116785598      -0.7127578389641921E-03
    164.8447857188364      -0.7124710148841261E-03
    164.8865597591130      -0.7121841908040601E-03
    164.9283337993895      -0.7118973667239941E-03
    164.9701078396661      -0.7116105426439281E-03
    165.0118818799427      -0.7113237185638621E-03
    165.0536559202193      -0.7110368944837961E-03
    165.0954299604959      -0.7107500704037301E-03
    165.1372040007724      -0.7104632463236641E-03
    165.1789780410490      -0.7101764222435981E-03
    165.2207520813256      -0.7098895981635321E-03
    165.2625261216022      -0.7096027740834661E-03
    165.3043001618788      -0.7093159500034001E-03
    165.3460742021553      -0.7090291259233341E-03
    165.3878482424319      -0.7087423018432681E-03
    165.4296222827085      -0.7084554777632021E-03
    165.4713963229851      -0.7081686536831361E-03
    165.5131703632617      -0.7078818296030701E-03
    165.5549444035382      -0.7075950055230041E-03
    165.5967184438148      -0.7073081814429381E-03
    165.6384924840914      -0.7070213573628721E-03
    165.6802665243680      -0.7067345332828061E-03
    165.7220405646445      -0.7064477092027401E-03
    165.7638146049211      -0.7061608851226741E-03
    165.8055886451977      -0.7058740610426081E-03
    165.8473626854743      -0.7055872369625421E-03
    165.8891367257509      -0.7053004128824761E-03
    165.9309107660274      -0.7050135888024101E-03
    165.9726848063040      -0.7047267647223441E-03
    166.0144588465806      -0.7044399406422781E-03
    166.0562328868572      -0.7041531165622121E-03
    166.0980069271338      -0.7038662924821461E-03
    166.1397809674103      -0.7035794684020801E-03
    166.1815550076869      -0.7032926443220141E-03
    166.2233290479635      -0.7030058202419481E-03
    166.2651030882401      -0.7027189961618821E-03
    166.3068771285166      -0.7024321720818161E-03
    166.3486511687932      -0.7021453480017501E-03
    166.3904252090698      -0.7018585239216841E-03
    166.4321992493464      -0.7015716998416182E-03
    166.4739732896230      -0.7012848757615521E-03
    166.5157473298995      -0.7009980516814861E-03
    166.5575213701761      -0.7007112276014200E-03
    166.5992954104527      -0.7004244035213541E-03
    166.6410694507293      -0.7001375794412881E-03
    166.6828434910059      -0.6998507553612220E-03
    166.7246175312824      -0.6995639312811561E-03
    166.7663915715590      -0.6992771072010901E-03
    166.8081656118356      -0.6989902831210240E-03
    166.8499396521122      -0.6987034590409581E-03
    166.8917136923887      -0.6984166349608921E-03
    166.9334877326653      -0.6981298108808261E-03
    166.9752617729419      -0.6978429868007601E-03
    167.0170358132185      -0.6975561627206941E-03
    167.0588098534951      -0.6972693386406281E-03
    167.1005838937716      -0.6969825145605621E-03
    167.1423579340482      -0.6966956904804961E-03
    167.1841319743248      -0.6964088664004301E-03
    167.2259060146014      -0.6961220423203641E-03
    167.2676800548780      -0.6958352182402981E-03
    167.3094540951545      -0.6955483941602321E-03
    167.3512281354311      -0.6952615700801661E-03
    167.3930021757077      -0.6949747460001001E-03
    167.4347762159843      -0.6946879219200341E-03
    167.4765502562609      -0.6944010978399681E-03
    167.5183242965374      -0.6941142737599021E-03
    167.5600983368140      -0.6938274496798361E-03
    167.6018723770906      -0.6935406255997701E-03
    167.6436464173672      -0.6932538015197041E-03
    167.6854204576437      -0.6929669774396381E-03
    167.7271944979203      -0.6926801533595721E-03
    167.7689685381969      -0.6923933292795061E-03
    167.8107425784735      -0.6921065051994401E-03
    167.8525166187501      -0.6918196811193741E-03
    167.8942906590266      -0.6915328570393081E-03
    167.9360646993032      -0.6912460329592421E-03
    167.9778387395798      -0.6909592088791761E-03
    168.0196127798564      -0.6906723847991101E-03
    168.0613868201330      -0.6903855607190441E-03
    168.1031608604095      -0.6900987366389781E-03
    168.1449349006861      -0.6898119125589121E-03
    168.1867089409627      -0.6895250884788461E-03
    168.2284829812393      -0.6892382643987801E-03
    168.2702570215158      -0.6889514403187141E-03
    168.3120310617924      -0.6886646162386481E-03
    168.3538051020690      -0.6883777921585821E-03
    168.3955791423456      -0.6880909680785161E-03
    168.4373531826222      -0.6878041439984501E-03
    168.4791272228987      -0.6875173199183841E-03
    168.5209012631753      -0.6872304958383181E-03
    168.5626753034519      -0.6869436717582521E-03
    168.6044493437285      -0.6866568476781861E-03
    168.6462233840051      -0.6863700235981202E-03
    168.6879974242816      -0.6860831995180541E-03
    168.7297714645582      -0.6857963754379881E-03
    168.7715455048348      -0.6855095513579222E-03
    168.8133195451114      -0.6852227272778561E-03
    168.8550935853879      -0.6849359031977901E-03
    168.8968676256645      -0.6846490791177242E-03
    168.9386416659411      -0.6843622550376581E-03
    168.9804157062177      -0.6840754309575921E-03
    169.0221897464943      -0.6837886068775262E-03
    169.0639637867708      -0.6835017827974601E-03
    169.1057378270474      -0.6832149587173941E-03
    169.1475118673240      -0.6829281346373282E-03
    169.1892859076006      -0.6826413105572621E-03
    169.2310599478772      -0.6823544864771961E-03
    169.2728339881537      -0.6820676623971302E-03
    169.3146080284303      -0.6817808383170641E-03
    169.3563820687069      -0.6814940142369981E-03
    169.3981561089835      -0.6812071901569322E-03
    169.4399301492601      -0.6809203660768661E-03
    169.4817041895366      -0.6806335419968001E-03
    169.5234782298132      -0.6803467179167342E-03
    169.5652522700898      -0.6800598938366681E-03
    169.6070263103664      -0.6797730697566021E-03
    169.6488003506429      -0.6794862456765362E-03
    169.6905743909195      -0.6791994215964701E-03
    169.7323484311961      -0.6789125975164041E-03
    169.7741224714727      -0.6786257734363382E-03
    169.8158965117493      -0.6783389493562721E-03
    169.8576705520258      -0.6780521252762061E-03
    169.8994445923024      -0.6777653011961402E-03
    169.9412186325790      -0.6774784771160741E-03
    169.9829926728556      -0.6771916530360081E-03
    170.0247667131322      -0.6769048289559421E-03
    170.0665407534087      -0.6766180048758761E-03
    170.1083147936853      -0.6763311807958101E-03
    170.1500888339619      -0.6760443567157441E-03
    170.1918628742385      -0.6757575326356781E-03
    170.2336369145150      -0.6754707085556121E-03
    170.2754109547916      -0.6751838844755461E-03
    170.3171849950682      -0.6748970603954801E-03
    170.3589590353448      -0.6746102363154141E-03
    170.4007330756214      -0.6743234122353481E-03
    170.4425071158979      -0.6740365881552821E-03
    170.4842811561745      -0.6737497640752161E-03
    170.5260551964511      -0.6734629399951501E-03
    170.5678292367277      -0.6731761159150841E-03
    170.6096032770043      -0.6728892918350181E-03
    170.6513773172808      -0.6726024677549521E-03
    170.6931513575574      -0.6723156436748861E-03
    170.7349253978340      -0.6720288195948202E-03
    170.7766994381106      -0.6717419955147541E-03
    170.8184734783871      -0.6714551714346881E-03
    170.8602475186637      -0.6711683473546222E-03
    170.9020215589403      -0.6708815232745561E-03
    170.9437955992169      -0.6705946991944901E-03
    170.9855696394935      -0.6703078751144242E-03
    171.0273436797700      -0.6700210510343581E-03
    171.0691177200466      -0.6697342269542921E-03
    171.1108917603232      -0.6694474028742262E-03
    171.1526658005998      -0.6691605787941601E-03
    171.1944398408764      -0.6688737547140941E-03
    171.2362138811529      -0.6685869306340282E-03
    171.2779879214295      -0.6683001065539621E-03
    171.3197619617061      -0.6680132824738961E-03
    171.3615360019827      -0.6677264583938302E-03
    171.4033100422592      -0.6674396343137641E-03
    171.4450840825358      -0.6671528102336981E-03
    171.4868581228124      -0.6668659861536322E-03
    171.5286321630890      -0.6665791620735661E-03
    171.5704062033656      -0.6662923379935001E-03
    171.6121802436421      -0.6660055139134342E-03
    171.6539542839187      -0.6657186898333681E-03
    171.6957283241953      -0.6654318657533021E-03
    171.7375023644719      -0.6651450416732362E-03
    171.7792764047485      -0.6648582175931701E-03
    171.8210504450250      -0.6645713935131041E-03
    171.8628244853016      -0.6642845694330382E-03
    171.9045985255782      -0.6639977453529721E-03
    171.9463725658548      -0.6637109212729061E-03
    171.9881466061314      -0.6634240971928402E-03
    172.0299206464079      -0.6631372731127741E-03
    172.0716946866845      -0.6628504490327081E-03
    172.1134687269611      -0.6625636249526422E-03
    172.1552427672377      -0.6622768008725761E-03
    172.1970168075142      -0.6619899767925101E-03
    172.2387908477908      -0.6617031527124442E-03
    172.2805648880674      -0.6614163286323781E-03
    172.3223389283440      -0.6611295045523121E-03
    172.3641129686206      -0.6608426804722462E-03
    172.4058870088971      -0.6605558563921801E-03
    172.4476610491737      -0.6602690323121141E-03
    172.4894350894503      -0.6599822082320482E-03
    172.5312091297269      -0.6596953841519821E-03
    172.5729831700035      -0.6594085600719161E-03
    172.6147572102800      -0.6591217359918502E-03
    172.6565312505566      -0.6588349119117841E-03
    172.6983052908332      -0.6585480878317181E-03
    172.7400793311098      -0.6582612637516522E-03
    172.7818533713863      -0.6579744396715861E-03
    172.8236274116629      -0.6576876155915201E-03
    172.8654014519395      -0.6574007915114542E-03
    172.9071754922161      -0.6571139674313881E-03
    172.9489495324927      -0.6568271433513222E-03
    172.9907235727692      -0.6565403192712562E-03
    173.0324976130458      -0.6562534951911901E-03
    173.0742716533224      -0.6559666711111242E-03
    173.1160456935990      -0.6556798470310582E-03
    173.1578197338756      -0.6553930229509921E-03
    173.1995937741521      -0.6551061988709262E-03
    173.2413678144287      -0.6548193747908602E-03
    173.2831418547053      -0.6545325507107941E-03
    173.3249158949819      -0.6542457266307282E-03
    173.3666899352584      -0.6539589025506622E-03
    173.4084639755350      -0.6536720784705961E-03
    173.4502380158116      -0.6533852543905302E-03
    173.4920120560882      -0.6530984303104641E-03
    173.5337860963648      -0.6528116062303981E-03
    173.5755601366413      -0.6525247821503322E-03
    173.6173341769179      -0.6522379580702661E-03
    173.6591082171945      -0.6519511339902001E-03
    173.7008822574711      -0.6516643099101342E-03
    173.7426562977477      -0.6513774858300681E-03
    173.7844303380242      -0.6510906617500021E-03
    173.8262043783008      -0.6508038376699362E-03
    173.8679784185774      -0.6505170135898701E-03
    173.9097524588540      -0.6502301895098041E-03
    173.9515264991306      -0.6499433654297382E-03
    173.9933005394071      -0.6496565413496721E-03
    174.0350745796837      -0.6493697172696061E-03
    174.0768486199603      -0.6490828931895402E-03
    174.1186226602369      -0.6487960691094741E-03
    174.1603967005134      -0.6485092450294081E-03
    174.2021707407900      -0.6482224209493422E-03
    174.2439447810666      -0.6479355968692761E-03
    174.2857188213432      -0.6476487727892101E-03
    174.3274928616198      -0.6473619487091442E-03
    174.3692669018963      -0.6470751246290781E-03
    174.4110409421729      -0.6467883005490121E-03
    174.4528149824495      -0.6465014764689462E-03
    174.4945890227261      -0.6462146523888801E-03
    174.5363630630027      -0.6459278283088141E-03
    174.5781371032792      -0.6456410042287482E-03
    174.6199111435558      -0.6453541801486821E-03
    174.6616851838324      -0.6450673560686161E-03
    174.7034592241090      -0.6447805319885502E-03
    174.7452332643855      -0.6444937079084841E-03
    174.7870073046621      -0.6442068838284181E-03
    174.8287813449387      -0.6439200597483522E-03
    174.8705553852153      -0.6436332356682861E-03
    174.9123294254919      -0.6433464115882201E-03
    174.9541034657684      -0.6430595875081542E-03
    174.9958775060450      -0.6427727634280881E-03
    175.0376515463216      -0.6424859393480221E-03
    175.0794255865982      -0.6421991152679562E-03
    175.1211996268748      -0.6419122911878901E-03
    175.1629736671513      -0.6416254671078242E-03
    175.2047477074279      -0.6413386430277582E-03
    175.2465217477045      -0.6410518189476921E-03
    175.2882957879811      -0.6407649948676262E-03
    175.3300698282576      -0.6404781707875602E-03
    175.3718438685342      -0.6401913467074941E-03
    175.4136179088108      -0.6399045226274282E-03
    175.4553919490874      -0.6396176985473622E-03
    175.4971659893640      -0.6393308744672961E-03
    175.5389400296405      -0.6390440503872302E-03
    175.5807140699171      -0.6387572263071642E-03
    175.6224881101937      -0.6384704022270981E-03
    175.6642621504703      -0.6381835781470322E-03
    175.7060361907469      -0.6378967540669662E-03
    175.7478102310234      -0.6376099299869001E-03
    175.7895842713000      -0.6373231059068342E-03
    175.8313583115766      -0.6370362818267682E-03
    175.8731323518532      -0.6367494577467021E-03
    175.9149063921298      -0.6364626336666362E-03
    175.9566804324063      -0.6361758095865702E-03
    175.9984544726829      -0.6358889855065041E-03
    176.0402285129595      -0.6356021614264382E-03
    176.0820025532361      -0.6353153373463722E-03
    176.1237765935126      -0.6350285132663061E-03
    176.1655506337892      -0.6347416891862402E-03
    176.2073246740658      -0.6344548651061742E-03
    176.2490987143424      -0.6341680410261081E-03
    176.2908727546190      -0.6338812169460422E-03
    176.3326467948955      -0.6335943928659762E-03
    176.3744208351721      -0.6333075687859101E-03
    176.4161948754487      -0.6330207447058442E-03
    176.4579689157253      -0.6327339206257782E-03
    176.4997429560019      -0.6324470965457121E-03
    176.5415169962784      -0.6321602724656462E-03
    176.5832910365550      -0.6318734483855802E-03
    176.6250650768316      -0.6315866243055141E-03
    176.6668391171082      -0.6312998002254482E-03
    176.7086131573847      -0.6310129761453822E-03
    176.7503871976613      -0.6307261520653161E-03
    176.7921612379379      -0.6304393279852502E-03
    176.8339352782145      -0.6301525039051842E-03
    176.8757093184911      -0.6298656798251181E-03
    176.9174833587676      -0.6295788557450522E-03
    176.9592573990442      -0.6292920316649861E-03
    177.0010314393208      -0.6290052075849201E-03
    177.0428054795974      -0.6287183835048542E-03
    177.0845795198740      -0.6284315594247881E-03
    177.1263535601505      -0.6281447353447221E-03
    177.1681276004271      -0.6278579112646562E-03
    177.2099016407037      -0.6275710871845901E-03
    177.2516756809803      -0.6272842631045241E-03
    177.2934497212568      -0.6269974390244582E-03
    177.3352237615334      -0.6267106149443921E-03
    177.3769978018100      -0.6264237908643262E-03
    177.4187718420866      -0.6261369667842602E-03
    177.4605458823632      -0.6258501427041941E-03
    177.5023199226397      -0.6255633186241282E-03
    177.5440939629163      -0.6252764945440622E-03
    177.5858680031929      -0.6249896704639961E-03
    177.6276420434695      -0.6247028463839302E-03
    177.6694160837461      -0.6244160223038642E-03
    177.7111901240226      -0.6241291982237981E-03
    177.7529641642992      -0.6238423741437322E-03
    177.7947382045758      -0.6235555500636662E-03
    177.8365122448524      -0.6232687259836001E-03
    177.8782862851290      -0.6229819019035342E-03
    177.9200603254055      -0.6226950778234682E-03
    177.9618343656821      -0.6224082537434021E-03
    178.0036084059587      -0.6221214296633362E-03
    178.0453824462353      -0.6218346055832702E-03
    178.0871564865118      -0.6215477815032041E-03
    178.1289305267884      -0.6212609574231382E-03
    178.1707045670650      -0.6209741333430722E-03
    178.2124786073416      -0.6206873092630061E-03
    178.2542526476182      -0.6204004851829402E-03
    178.2960266878947      -0.6201136611028742E-03
    178.3378007281713      -0.6198268370228081E-03
    178.3795747684479      -0.6195400129427422E-03
    178.4213488087245      -0.6192531888626762E-03
    178.4631228490011      -0.6189663647826101E-03
    178.5048968892776      -0.6186795407025442E-03
    178.5466709295542      -0.6183927166224782E-03
    178.5884449698308      -0.6181058925424121E-03
    178.6302190101074      -0.6178190684623462E-03
    178.6719930503839      -0.6175322443822802E-03
    178.7137670906605      -0.6172454203022141E-03
    178.7555411309371      -0.6169585962221482E-03
    178.7973151712137      -0.6166717721420822E-03
    178.8390892114903      -0.6163849480620161E-03
    178.8808632517668      -0.6160981239819502E-03
    178.9226372920434      -0.6158112999018842E-03
    178.9644113323200      -0.6155244758218181E-03
    179.0061853725966      -0.6152376517417522E-03
    179.0479594128732      -0.6149508276616862E-03
    179.0897334531497      -0.6146640035816201E-03
    179.1315074934263      -0.6143771795015542E-03
    179.1732815337029      -0.6140903554214882E-03
    179.2150555739795      -0.6138035313414221E-03
    179.2568296142560      -0.6135167072613562E-03
    179.2986036545326      -0.6132298831812902E-03
    179.3403776948092      -0.6129430591012241E-03
    179.3821517350858      -0.6126562350211582E-03
    179.4239257753624      -0.6123694109410922E-03
    179.4656998156389      -0.6120825868610262E-03
    179.5074738559155      -0.6117957627809602E-03
    179.5492478961921      -0.6115089387008942E-03
    179.5910219364687      -0.6112221146208282E-03
    179.6327959767453      -0.6109352905407622E-03
    179.6745700170218      -0.6106484664606962E-03
    179.7163440572984      -0.6103616423806302E-03
    179.7581180975750      -0.6100748183005642E-03
    179.7998921378516      -0.6097879942204982E-03
    179.8416661781282      -0.6095011701404322E-03
    179.8834402184047      -0.6092143460603662E-03
    179.9252142586813      -0.6089275219803002E-03
    179.9669882989579      -0.6086406979002342E-03
    180.0087623392345      -0.6083538738201682E-03
    180.0505363795110      -0.6080670497401022E-03
    180.0923104197876      -0.6077802256600362E-03
    180.1340844600642      -0.6074934015799702E-03
    180.1758585003408      -0.6072065774999042E-03
    180.2176325406174      -0.6069197534198382E-03
    180.2594065808939      -0.6066329293397722E-03
    180.3011806211705      -0.6063461052597062E-03
    180.3429546614471      -0.6060592811796402E-03
    180.3847287017237      -0.6057724570995742E-03
    180.4265027420003      -0.6054856330195081E-03
    180.4682767822768      -0.6051988089394422E-03
    180.5100508225534      -0.6049119848593762E-03
    180.5518248628300      -0.6046251607793101E-03
    180.5935989031066      -0.6043383366992442E-03
    180.6353729433831      -0.6040515126191782E-03
    180.6771469836597      -0.6037646885391121E-03
    180.7189210239363      -0.6034778644590462E-03
    180.7606950642129      -0.6031910403789802E-03
    180.8024691044895      -0.6029042162989141E-03
    180.8442431447660      -0.6026173922188482E-03
    180.8860171850426      -0.6023305681387822E-03
    180.9277912253192      -0.6020437440587161E-03
    180.9695652655958      -0.6017569199786502E-03
    181.0113393058724      -0.6014700958985842E-03
    181.0531133461489      -0.6011832718185181E-03
    181.0948873864255      -0.6008964477384522E-03
    181.1366614267021      -0.6006096236583862E-03
    181.1784354669787      -0.6003227995783201E-03
    181.2202095072552      -0.6000359754982542E-03
    181.2619835475318      -0.5997491514181882E-03
    181.3037575878084      -0.5994623273381221E-03
    181.3455316280850      -0.5991755032580562E-03
    181.3873056683616      -0.5988886791779902E-03
    181.4290797086381      -0.5986018550979241E-03
    181.4708537489147      -0.5983150310178582E-03
    181.5126277891913      -0.5980282069377922E-03
    181.5544018294679      -0.5977413828577261E-03
    181.5961758697445      -0.5974545587776602E-03
    181.6379499100210      -0.5971677346975942E-03
    181.6797239502976      -0.5968809106175282E-03
    181.7214979905742      -0.5965940865374622E-03
    181.7632720308508      -0.5963072624573962E-03
    181.8050460711274      -0.5960204383773302E-03
    181.8468201114039      -0.5957336142972642E-03
    181.8885941516805      -0.5954467902171982E-03
    181.9303681919571      -0.5951599661371322E-03
    181.9721422322337      -0.5948731420570662E-03
    182.0139162725102      -0.5945863179770002E-03
    182.0556903127868      -0.5942994938969342E-03
    182.0974643530634      -0.5940126698168682E-03
    182.1392383933400      -0.5937258457368022E-03
    182.1810124336166      -0.5934390216567362E-03
    182.2227864738931      -0.5931521975766702E-03
    182.2645605141697      -0.5928653734966042E-03
    182.3063345544463      -0.5925785494165382E-03
    182.3481085947229      -0.5922917253364722E-03
    182.3898826349995      -0.5920049012564062E-03
    182.4316566752760      -0.5917180771763402E-03
    182.4734307155526      -0.5914312530962742E-03
    182.5152047558292      -0.5911444290162082E-03
    182.5569787961058      -0.5908576049361422E-03
    182.5987528363823      -0.5905707808560762E-03
    182.6405268766589      -0.5902839567760102E-03
    182.6823009169355      -0.5899971326959442E-03
    182.7240749572121      -0.5897103086158782E-03
    182.7658489974887      -0.5894234845358122E-03
    182.8076230377652      -0.5891366604557462E-03
    182.8493970780418      -0.5888498363756802E-03
    182.8911711183184      -0.5885630122956142E-03
    182.9329451585950      -0.5882761882155482E-03
    182.9747191988716      -0.5879893641354822E-03
    183.0164932391481      -0.5877025400554162E-03
    183.0582672794247      -0.5874157159753502E-03
    183.1000413197013      -0.5871288918952842E-03
    183.1418153599779      -0.5868420678152182E-03
    183.1835894002544      -0.5865552437351522E-03
    183.2253634405310      -0.5862684196550862E-03
    183.2671374808076      -0.5859815955750202E-03
    183.3089115210842      -0.5856947714949542E-03
    183.3506855613608      -0.5854079474148882E-03
    183.3924596016373      -0.5851211233348223E-03
    183.4342336419139      -0.5848342992547562E-03
    183.4760076821905      -0.5845474751746902E-03
    183.5177817224671      -0.5842606510946243E-03
    183.5595557627437      -0.5839738270145582E-03
    183.6013298030202      -0.5836870029344922E-03
    183.6431038432968      -0.5834001788544263E-03
    183.6848778835734      -0.5831133547743602E-03
    183.7266519238500      -0.5828265306942942E-03
    183.7684259641265      -0.5825397066142283E-03
    183.8102000044031      -0.5822528825341622E-03
    183.8519740446797      -0.5819660584540962E-03
    183.8937480849563      -0.5816792343740302E-03
    183.9355221252329      -0.5813924102939642E-03
    183.9772961655094      -0.5811055862138982E-03
    184.0190702057860      -0.5808187621338322E-03
    184.0608442460626      -0.5805319380537662E-03
    184.1026182863392      -0.5802451139737002E-03
    184.1443923266158      -0.5799582898936342E-03
    184.1861663668923      -0.5796714658135682E-03
    184.2279404071689      -0.5793846417335022E-03
    184.2697144474455      -0.5790978176534362E-03
    184.3114884877221      -0.5788109935733702E-03
    184.3532625279987      -0.5785241694933042E-03
    184.3950365682752      -0.5782373454132382E-03
    184.4368106085518      -0.5779505213331722E-03
    184.4785846488284      -0.5776636972531062E-03
    184.5203586891050      -0.5773768731730402E-03
    184.5621327293815      -0.5770900490929742E-03
    184.6039067696581      -0.5768032250129082E-03
    184.6456808099347      -0.5765164009328422E-03
    184.6874548502113      -0.5762295768527762E-03
    184.7292288904879      -0.5759427527727102E-03
    184.7710029307644      -0.5756559286926442E-03
    184.8127769710410      -0.5753691046125782E-03
    184.8545510113176      -0.5750822805325122E-03
    184.8963250515942      -0.5747954564524462E-03
    184.9380990918708      -0.5745086323723802E-03
    184.9798731321473      -0.5742218082923142E-03
    185.0216471724239      -0.5739349842122482E-03
    185.0634212127005      -0.5736481601321822E-03
    185.1051952529771      -0.5733613360521162E-03
    185.1469692932536      -0.5730745119720502E-03
    185.1887433335302      -0.5727876878919842E-03
    185.2305173738068      -0.5725008638119182E-03
    185.2722914140834      -0.5722140397318522E-03
    185.3140654543600      -0.5719272156517862E-03
    185.3558394946365      -0.5716403915717202E-03
    185.3976135349131      -0.5713535674916542E-03
    185.4393875751897      -0.5710667434115882E-03
    185.4811616154663      -0.5707799193315222E-03
    185.5229356557429      -0.5704930952514562E-03
    185.5647096960194      -0.5702062711713902E-03
    185.6064837362960      -0.5699194470913243E-03
    185.6482577765726      -0.5696326230112582E-03
    185.6900318168492      -0.5693457989311922E-03
    185.7318058571257      -0.5690589748511263E-03
    185.7735798974023      -0.5687721507710602E-03
    185.8153539376789      -0.5684853266909942E-03
    185.8571279779555      -0.5681985026109283E-03
    185.8989020182321      -0.5679116785308622E-03
    185.9406760585086      -0.5676248544507962E-03
    185.9824500987852      -0.5673380303707303E-03
    186.0242241390618      -0.5670512062906642E-03
    186.0659981793384      -0.5667643822105982E-03
    186.1077722196150      -0.5664775581305323E-03
    186.1495462598915      -0.5661907340504662E-03
    186.1913203001681      -0.5659039099704002E-03
    186.2330943404447      -0.5656170858903343E-03
    186.2748683807213      -0.5653302618102682E-03
    186.3166424209979      -0.5650434377302022E-03
    186.3584164612744      -0.5647566136501363E-03
    186.4001905015510      -0.5644697895700702E-03
    186.4419645418276      -0.5641829654900042E-03
    186.4837385821042      -0.5638961414099383E-03
    186.5255126223807      -0.5636093173298722E-03
    186.5672866626573      -0.5633224932498062E-03
    186.6090607029339      -0.5630356691697403E-03
    186.6508347432105      -0.5627488450896742E-03
    186.6926087834871      -0.5624620210096082E-03
    186.7343828237636      -0.5621751969295423E-03
    186.7761568640402      -0.5618883728494762E-03
    186.8179309043168      -0.5616015487694102E-03
    186.8597049445934      -0.5613147246893443E-03
    186.9014789848700      -0.5610279006092782E-03
    186.9432530251465      -0.5607410765292122E-03
    186.9850270654231      -0.5604542524491463E-03
    187.0268011056997      -0.5601674283690802E-03
    187.0685751459763      -0.5598806042890142E-03
    187.1103491862528      -0.5595937802089483E-03
    187.1521232265294      -0.5593069561288822E-03
    187.1938972668060      -0.5590201320488162E-03
    187.2356713070826      -0.5587333079687503E-03
    187.2774453473592      -0.5584464838886842E-03
    187.3192193876357      -0.5581596598086182E-03
    187.3609934279123      -0.5578728357285522E-03
    187.4027674681889      -0.5575860116484862E-03
    187.4445415084655      -0.5572991875684202E-03
    187.4863155487421      -0.5570123634883542E-03
    187.5280895890186      -0.5567255394082882E-03
    187.5698636292952      -0.5564387153282222E-03
    187.6116376695718      -0.5561518912481562E-03
    187.6534117098484      -0.5558650671680902E-03
    187.6951857501249      -0.5555782430880243E-03
    187.7369597904015      -0.5552914190079582E-03
    187.7787338306781      -0.5550045949278922E-03
    187.8205078709547      -0.5547177708478263E-03
    187.8622819112313      -0.5544309467677602E-03
    187.9040559515078      -0.5541441226876942E-03
    187.9458299917844      -0.5538572986076283E-03
    187.9876040320610      -0.5535704745275622E-03
    188.0293780723376      -0.5532836504474962E-03
    188.0711521126142      -0.5529968263674303E-03
    188.1129261528907      -0.5527100022873642E-03
    188.1547001931673      -0.5524231782072982E-03
    188.1964742334439      -0.5521363541272323E-03
    188.2382482737205      -0.5518495300471662E-03
    188.2800223139971      -0.5515627059671002E-03
    188.3217963542736      -0.5512758818870343E-03
    188.3635703945502      -0.5509890578069682E-03
    188.4053444348268      -0.5507022337269022E-03
    188.4471184751034      -0.5504154096468363E-03
    188.4888925153799      -0.5501285855667702E-03
    188.5306665556565      -0.5498417614867042E-03
    188.5724405959331      -0.5495549374066383E-03
    188.6142146362097      -0.5492681133265722E-03
    188.6559886764863      -0.5489812892465062E-03
    188.6977627167628      -0.5486944651664403E-03
    188.7395367570394      -0.5484076410863742E-03
    188.7813107973160      -0.5481208170063082E-03
    188.8230848375926      -0.5478339929262423E-03
    188.8648588778692      -0.5475471688461762E-03
    188.9066329181457      -0.5472603447661102E-03
    188.9484069584223      -0.5469735206860443E-03
    188.9901809986989      -0.5466866966059782E-03
    189.0319550389755      -0.5463998725259122E-03
    189.0737290792520      -0.5461130484458463E-03
    189.1155031195286      -0.5458262243657802E-03
    189.1572771598052      -0.5455394002857142E-03
    189.1990512000818      -0.5452525762056483E-03
    189.2408252403584      -0.5449657521255822E-03
    189.2825992806349      -0.5446789280455162E-03
    189.3243733209115      -0.5443921039654503E-03
    189.3661473611881      -0.5441052798853842E-03
    189.4079214014647      -0.5438184558053182E-03
    189.4496954417413      -0.5435316317252523E-03
    189.4914694820178      -0.5432448076451862E-03
    189.5332435222944      -0.5429579835651202E-03
    189.5750175625710      -0.5426711594850543E-03
    189.6167916028476      -0.5423843354049882E-03
    189.6585656431241      -0.5420975113249222E-03
    189.7003396834007      -0.5418106872448563E-03
    189.7421137236773      -0.5415238631647902E-03
    189.7838877639539      -0.5412370390847242E-03
    189.8256618042305      -0.5409502150046583E-03
    189.8674358445070      -0.5406633909245922E-03
    189.9092098847836      -0.5403765668445263E-03
    189.9509839250602      -0.5400897427644603E-03
    189.9927579653368      -0.5398029186843942E-03
    190.0345320056134      -0.5395160946043283E-03
    190.0763060458899      -0.5392292705242623E-03
    190.1180800861665      -0.5389424464441962E-03
    190.1598541264431      -0.5386556223641303E-03
    190.2016281667197      -0.5383687982840643E-03
    190.2434022069963      -0.5380819742039982E-03
    190.2851762472728      -0.5377951501239323E-03
    190.3269502875494      -0.5375083260438663E-03
    190.3687243278260      -0.5372215019638002E-03
    190.4104983681026      -0.5369346778837343E-03
    190.4522724083791      -0.5366478538036683E-03
    190.4940464486557      -0.5363610297236022E-03
    190.5358204889323      -0.5360742056435363E-03
    190.5775945292089      -0.5357873815634703E-03
    190.6193685694855      -0.5355005574834042E-03
    190.6611426097620      -0.5352137334033383E-03
    190.7029166500386      -0.5349269093232723E-03
    190.7446906903152      -0.5346400852432062E-03
    190.7864647305918      -0.5343532611631403E-03
    190.8282387708684      -0.5340664370830742E-03
    190.8700128111449      -0.5337796130030082E-03
    190.9117868514215      -0.5334927889229423E-03
    190.9535608916981      -0.5332059648428762E-03
    190.9953349319747      -0.5329191407628102E-03
    191.0371089722512      -0.5326323166827443E-03
    191.0788830125278      -0.5323454926026782E-03
    191.1206570528044      -0.5320586685226122E-03
    191.1624310930810      -0.5317718444425463E-03
    191.2042051333576      -0.5314850203624802E-03
    191.2459791736341      -0.5311981962824142E-03
    191.2877532139107      -0.5309113722023483E-03
    191.3295272541873      -0.5306245481222822E-03
    191.3713012944639      -0.5303377240422162E-03
    191.4130753347405      -0.5300508999621503E-03
    191.4548493750170      -0.5297640758820842E-03
    191.4966234152936      -0.5294772518020182E-03
    191.5383974555702      -0.5291904277219523E-03
    191.5801714958468      -0.5289036036418862E-03
    191.6219455361233      -0.5286167795618202E-03
    191.6637195763999      -0.5283299554817543E-03
    191.7054936166765      -0.5280431314016882E-03
    191.7472676569531      -0.5277563073216222E-03
    191.7890416972297      -0.5274694832415563E-03
    191.8308157375062      -0.5271826591614902E-03
    191.8725897777828      -0.5268958350814242E-03
    191.9143638180594      -0.5266090110013583E-03
    191.9561378583360      -0.5263221869212922E-03
    191.9979118986126      -0.5260353628412262E-03
    192.0396859388891      -0.5257485387611603E-03
    192.0814599791657      -0.5254617146810942E-03
    192.1232340194423      -0.5251748906010283E-03
    192.1650080597189      -0.5248880665209623E-03
    192.2067820999955      -0.5246012424408962E-03
    192.2485561402720      -0.5243144183608303E-03
    192.2903301805486      -0.5240275942807643E-03
    192.3321042208252      -0.5237407702006982E-03
    192.3738782611018      -0.5234539461206323E-03
    192.4156523013783      -0.5231671220405663E-03
    192.4574263416549      -0.5228802979605002E-03
    192.4992003819315      -0.5225934738804343E-03
    192.5409744222081      -0.5223066498003683E-03
    192.5827484624847      -0.5220198257203022E-03
    192.6245225027612      -0.5217330016402363E-03
    192.6662965430378      -0.5214461775601703E-03
    192.7080705833144      -0.5211593534801042E-03
    192.7498446235910      -0.5208725294000383E-03
    192.7916186638676      -0.5205857053199723E-03
    192.8333927041441      -0.5202988812399062E-03
    192.8751667444207      -0.5200120571598403E-03
    192.9169407846973      -0.5197252330797743E-03
    192.9587148249739      -0.5194384089997082E-03
    193.0004888652504      -0.5191515849196423E-03
    193.0422629055270      -0.5188647608395763E-03
    193.0840369458036      -0.5185779367595102E-03
    193.1258109860802      -0.5182911126794443E-03
    193.1675850263568      -0.5180042885993783E-03
    193.2093590666333      -0.5177174645193122E-03
    193.2511331069099      -0.5174306404392463E-03
    193.2929071471865      -0.5171438163591803E-03
    193.3346811874631      -0.5168569922791142E-03
    193.3764552277397      -0.5165701681990483E-03
    193.4182292680162      -0.5162833441189823E-03
    193.4600033082928      -0.5159965200389162E-03
    193.5017773485694      -0.5157096959588503E-03
    193.5435513888460      -0.5154228718787843E-03
    193.5853254291225      -0.5151360477987182E-03
    193.6270994693991      -0.5148492237186523E-03
    193.6688735096757      -0.5145623996385863E-03
    193.7106475499523      -0.5142755755585202E-03
    193.7524215902289      -0.5139887514784543E-03
    193.7941956305054      -0.5137019273983883E-03
    193.8359696707820      -0.5134151033183222E-03
    193.8777437110586      -0.5131282792382563E-03
    193.9195177513352      -0.5128414551581903E-03
    193.9612917916118      -0.5125546310781242E-03
    194.0030658318883      -0.5122678069980583E-03
    194.0448398721649      -0.5119809829179923E-03
    194.0866139124415      -0.5116941588379262E-03
    194.1283879527181      -0.5114073347578603E-03
    194.1701619929947      -0.5111205106777943E-03
    194.2119360332712      -0.5108336865977283E-03
    194.2537100735478      -0.5105468625176623E-03
    194.2954841138244      -0.5102600384375962E-03
    194.3372581541010      -0.5099732143575303E-03
    194.3790321943775      -0.5096863902774643E-03
    194.4208062346541      -0.5093995661973982E-03
    194.4625802749307      -0.5091127421173323E-03
    194.5043543152073      -0.5088259180372663E-03
    194.5461283554839      -0.5085390939572002E-03
    194.5879023957604      -0.5082522698771343E-03
    194.6296764360370      -0.5079654457970683E-03
    194.6714504763136      -0.5076786217170022E-03
    194.7132245165902      -0.5073917976369363E-03
    194.7549985568668      -0.5071049735568703E-03
    194.7967725971433      -0.5068181494768042E-03
    194.8385466374199      -0.5065313253967383E-03
    194.8803206776965      -0.5062445013166723E-03
    194.9220947179731      -0.5059576772366062E-03
    194.9638687582496      -0.5056708531565403E-03
    195.0056427985262      -0.5053840290764743E-03
    195.0474168388028      -0.5050972049964082E-03
    195.0891908790794      -0.5048103809163423E-03
    195.1309649193560      -0.5045235568362763E-03
    195.1727389596325      -0.5042367327562102E-03
    195.2145129999091      -0.5039499086761443E-03
    195.2562870401857      -0.5036630845960783E-03
    195.2980610804623      -0.5033762605160122E-03
    195.3398351207389      -0.5030894364359463E-03
    195.3816091610154      -0.5028026123558803E-03
    195.4233832012920      -0.5025157882758142E-03
    195.4651572415686      -0.5022289641957483E-03
    195.5069312818452      -0.5019421401156823E-03
    195.5487053221217      -0.5016553160356162E-03
    195.5904793623983      -0.5013684919555503E-03
    195.6322534026749      -0.5010816678754843E-03
    195.6740274429515      -0.5007948437954182E-03
    195.7158014832281      -0.5005080197153523E-03
    195.7575755235046      -0.5002211956352863E-03
    195.7993495637812      -0.4999343715552202E-03
    195.8411236040578      -0.4996475474751543E-03
    195.8828976443344      -0.4993607233950883E-03
    195.9246716846110      -0.4990738993150222E-03
    195.9664457248875      -0.4987870752349563E-03
    196.0082197651641      -0.4985002511548903E-03
    196.0499938054407      -0.4982134270748242E-03
    196.0917678457173      -0.4979266029947583E-03
    196.1335418859938      -0.4976397789146923E-03
    196.1753159262704      -0.4973529548346262E-03
    196.2170899665470      -0.4970661307545603E-03
    196.2588640068236      -0.4967793066744943E-03
    196.3006380471002      -0.4964924825944282E-03
    196.3424120873767      -0.4962056585143623E-03
    196.3841861276533      -0.4959188344342963E-03
    196.4259601679299      -0.4956320103542303E-03
    196.4677342082065      -0.4953451862741643E-03
    196.5095082484831      -0.4950583621940983E-03
    196.5512822887596      -0.4947715381140323E-03
    196.5930563290362      -0.4944847140339663E-03
    196.6348303693128      -0.4941978899539003E-03
    196.6766044095894      -0.4939110658738343E-03
    196.7183784498660      -0.4936242417937683E-03
    196.7601524901425      -0.4933374177137023E-03
    196.8019265304191      -0.4930505936336363E-03
    196.8437005706957      -0.4927637695535703E-03
    196.8854746109723      -0.4924769454735043E-03
    196.9272486512488      -0.4921901213934383E-03
    196.9690226915254      -0.4919032973133723E-03
    197.0107967318020      -0.4916164732333063E-03
    197.0525707720786      -0.4913296491532403E-03
    197.0943448123552      -0.4910428250731743E-03
    197.1361188526317      -0.4907560009931083E-03
    197.1778928929083      -0.4904691769130423E-03
    197.2196669331849      -0.4901823528329763E-03
    197.2614409734615      -0.4898955287529103E-03
    197.3032150137381      -0.4896087046728443E-03
    197.3449890540146      -0.4893218805927783E-03
    197.3867630942912      -0.4890350565127123E-03
    197.4285371345678      -0.4887482324326463E-03
    197.4703111748444      -0.4884614083525803E-03
    197.5120852151209      -0.4881745842725142E-03
    197.5538592553975      -0.4878877601924482E-03
    197.5956332956741      -0.4876009361123821E-03
    197.6374073359507      -0.4873141120323161E-03
    197.6791813762273      -0.4870272879522500E-03
    197.7209554165038      -0.4867404638721840E-03
    197.7627294567804      -0.4864536397921179E-03
    197.8045034970570      -0.4861668157120518E-03
    197.8462775373336      -0.4858799916319858E-03
    197.8880515776102      -0.4855931675519198E-03
    197.9298256178867      -0.4853063434718537E-03
    197.9715996581633      -0.4850195193917877E-03
    198.0133736984399      -0.4847326953117216E-03
    198.0551477387165      -0.4844458712316555E-03
    198.0969217789930      -0.4841590471515895E-03
    198.1386958192696      -0.4838722230715234E-03
    198.1804698595462      -0.4835853989914574E-03
    198.2222438998228      -0.4832985749113913E-03
    198.2640179400994      -0.4830117508313253E-03
    198.3057919803759      -0.4827249267512592E-03
    198.3475660206525      -0.4824381026711932E-03
    198.3893400609291      -0.4821512785911271E-03
    198.4311141012057      -0.4818644545110610E-03
    198.4728881414823      -0.4815776304309950E-03
    198.5146621817588      -0.4812908063509289E-03
    198.5564362220354      -0.4810039822708629E-03
    198.5982102623120      -0.4807171581907969E-03
    198.6399843025886      -0.4804303341107308E-03
    198.6817583428652      -0.4801435100306647E-03
    198.7235323831417      -0.4798566859505986E-03
    198.7653064234183      -0.4795698618705326E-03
    198.8070804636949      -0.4792830377904666E-03
    198.8488545039715      -0.4789962137104005E-03
    198.8906285442480      -0.4787093896303345E-03
    198.9324025845246      -0.4784225655502684E-03
    198.9741766248012      -0.4781357414702023E-03
    199.0159506650778      -0.4778489173901363E-03
    199.0577247053544      -0.4775620933100702E-03
    199.0994987456309      -0.4772752692300042E-03
    199.1412727859075      -0.4769884451499381E-03
    199.1830468261841      -0.4767016210698721E-03
    199.2248208664607      -0.4764147969898060E-03
    199.2665949067373      -0.4761279729097400E-03
    199.3083689470138      -0.4758411488296739E-03
    199.3501429872904      -0.4755543247496078E-03
    199.3919170275670      -0.4752675006695418E-03
    199.4336910678436      -0.4749806765894758E-03
    199.4754651081201      -0.4746938525094097E-03
    199.5172391483967      -0.4744070284293437E-03
    199.5590131886733      -0.4741202043492776E-03
    199.6007872289499      -0.4738333802692115E-03
    199.6425612692265      -0.4735465561891455E-03
    199.6843353095030      -0.4732597321090794E-03
    199.7261093497796      -0.4729729080290134E-03
    199.7678833900562      -0.4726860839489473E-03
    199.8096574303328      -0.4723992598688813E-03
    199.8514314706094      -0.4721124357888152E-03
    199.8932055108859      -0.4718256117087492E-03
    199.9349795511625      -0.4715387876286831E-03
    199.9767535914391      -0.4712519635486170E-03
    200.0185276317157      -0.4709651394685510E-03
    200.0603016719922      -0.4706783153884849E-03
    200.1020757122688      -0.4703914913084189E-03
    200.1438497525454      -0.4701046672283529E-03
    200.1856237928220      -0.4698178431482868E-03
    200.2273978330986      -0.4695310190682207E-03
    200.2691718733751      -0.4692441949881547E-03
    200.3109459136517      -0.4689573709080886E-03
    200.3527199539283      -0.4686705468280226E-03
    200.3944939942049      -0.4683837227479565E-03
    200.4362680344815      -0.4680968986678905E-03
    200.4780420747580      -0.4678100745878244E-03
    200.5198161150346      -0.4675232505077583E-03
    200.5615901553112      -0.4672364264276923E-03
    200.6033641955878      -0.4669496023476262E-03
    200.6451382358644      -0.4666627782675602E-03
    200.6869122761409      -0.4663759541874941E-03
    200.7286863164175      -0.4660891301074281E-03
    200.7704603566941      -0.4658023060273620E-03
    200.8122343969707      -0.4655154819472960E-03
    200.8540084372472      -0.4652286578672299E-03
    200.8957824775238      -0.4649418337871638E-03
    200.9375565178004      -0.4646550097070978E-03
    200.9793305580770      -0.4643681856270318E-03
    201.0211045983536      -0.4640813615469657E-03
    201.0628786386301      -0.4637945374668997E-03
    201.1046526789067      -0.4635077133868336E-03
    201.1464267191833      -0.4632208893067675E-03
    201.1882007594599      -0.4629340652267015E-03
    201.2299747997365      -0.4626472411466354E-03
    201.2717488400130      -0.4623604170665694E-03
    201.3135228802896      -0.4620735929865033E-03
    201.3552969205662      -0.4617867689064373E-03
    201.3970709608428      -0.4614999448263712E-03
    201.4388450011193      -0.4612131207463052E-03
    201.4806190413959      -0.4609262966662391E-03
    201.5223930816725      -0.4606394725861730E-03
    201.5641671219491      -0.4603526485061070E-03
    201.6059411622257      -0.4600658244260410E-03
    201.6477152025022      -0.4597790003459749E-03
    201.6894892427788      -0.4594921762659089E-03
    201.7312632830554      -0.4592053521858428E-03
    201.7730373233320      -0.4589185281057767E-03
    201.8148113636086      -0.4586317040257107E-03
    201.8565854038851      -0.4583448799456446E-03
    201.8983594441617      -0.4580580558655786E-03
    201.9401334844383      -0.4577712317855125E-03
    201.9819075247149      -0.4574844077054465E-03
    202.0236815649914      -0.4571975836253804E-03
    202.0654556052680      -0.4569107595453144E-03
    202.1072296455446      -0.4566239354652483E-03
    202.1490036858212      -0.4563371113851822E-03
    202.1907777260978      -0.4560502873051162E-03
    202.2325517663743      -0.4557634632250501E-03
    202.2743258066509      -0.4554766391449841E-03
    202.3160998469275      -0.4551898150649180E-03
    202.3578738872041      -0.4549029909848520E-03
    202.3996479274807      -0.4546161669047859E-03
    202.4414219677572      -0.4543293428247198E-03
    202.4831960080338      -0.4540425187446538E-03
    202.5249700483104      -0.4537556946645878E-03
    202.5667440885870      -0.4534688705845217E-03
    202.6085181288636      -0.4531820465044557E-03
    202.6502921691401      -0.4528952224243896E-03
    202.6920662094167      -0.4526083983443235E-03
    202.7338402496933      -0.4523215742642575E-03
    202.7756142899699      -0.4520347501841914E-03
    202.8173883302464      -0.4517479261041254E-03
    202.8591623705230      -0.4514611020240593E-03
    202.9009364107996      -0.4511742779439933E-03
    202.9427104510762      -0.4508874538639272E-03
    202.9844844913528      -0.4506006297838612E-03
    203.0262585316293      -0.4503138057037951E-03
    203.0680325719059      -0.4500269816237290E-03
    203.1098066121825      -0.4497401575436630E-03
    203.1515806524591      -0.4494533334635970E-03
    203.1933546927357      -0.4491665093835309E-03
    203.2351287330122      -0.4488796853034649E-03
    203.2769027732888      -0.4485928612233988E-03
    203.3186768135654      -0.4483060371433327E-03
    203.3604508538420      -0.4480192130632667E-03
    203.4022248941185      -0.4477323889832006E-03
    203.4439989343951      -0.4474455649031346E-03
    203.4857729746717      -0.4471587408230685E-03
    203.5275470149483      -0.4468719167430025E-03
    203.5693210552249      -0.4465850926629364E-03
    203.6110950955014      -0.4462982685828704E-03
    203.6528691357780      -0.4460114445028043E-03
    203.6946431760546      -0.4457246204227382E-03
    203.7364172163312      -0.4454377963426722E-03
    203.7781912566078      -0.4451509722626062E-03
    203.8199652968843      -0.4448641481825401E-03
    203.8617393371609      -0.4445773241024740E-03
    203.9035133774375      -0.4442905000224080E-03
    203.9452874177141      -0.4440036759423419E-03
    203.9870614579906      -0.4437168518622758E-03
    204.0288354982672      -0.4434300277822098E-03
    204.0706095385438      -0.4431432037021438E-03
    204.1123835788204      -0.4428563796220777E-03
    204.1541576190970      -0.4425695555420117E-03
    204.1959316593735      -0.4422827314619456E-03
    204.2377056996501      -0.4419959073818795E-03
    204.2794797399267      -0.4417090833018135E-03
    204.3212537802033      -0.4414222592217474E-03
    204.3630278204799      -0.4411354351416814E-03
    204.4048018607564      -0.4408486110616153E-03
    204.4465759010330      -0.4405617869815493E-03
    204.4883499413096      -0.4402749629014832E-03
    204.5301239815862      -0.4399881388214172E-03
    204.5718980218628      -0.4397013147413511E-03
    204.6136720621393      -0.4394144906612850E-03
    204.6554461024159      -0.4391276665812190E-03
    204.6972201426925      -0.4388408425011530E-03
    204.7389941829691      -0.4385540184210869E-03
    204.7807682232456      -0.4382671943410209E-03
    204.8225422635222      -0.4379803702609548E-03
    204.8643163037988      -0.4376935461808887E-03
    204.9060903440754      -0.4374067221008227E-03
    204.9478643843520      -0.4371198980207566E-03
    204.9896384246285      -0.4368330739406906E-03
    205.0314124649051      -0.4365462498606245E-03
    205.0731865051817      -0.4362594257805585E-03
    205.1149605454583      -0.4359726017004924E-03
    205.1567345857349      -0.4356857776204264E-03
    205.1985086260114      -0.4353989535403603E-03
    205.2402826662880      -0.4351121294602942E-03
    205.2820567065646      -0.4348253053802282E-03
    205.3238307468412      -0.4345384813001622E-03
    205.3656047871177      -0.4342516572200961E-03
    205.4073788273943      -0.4339648331400301E-03
    205.4491528676709      -0.4336780090599640E-03
    205.4909269079475      -0.4333911849798979E-03
    205.5327009482241      -0.4331043608998319E-03
    205.5744749885006      -0.4328175368197658E-03
    205.6162490287772      -0.4325307127396998E-03
    205.6580230690538      -0.4322438886596337E-03
    205.6997971093304      -0.4319570645795677E-03
    205.7415711496070      -0.4316702404995016E-03
    205.7833451898835      -0.4313834164194355E-03
    205.8251192301601      -0.4310965923393695E-03
    205.8668932704367      -0.4308097682593034E-03
    205.9086673107133      -0.4305229441792374E-03
    205.9504413509898      -0.4302361200991713E-03
    205.9922153912664      -0.4299492960191053E-03
    206.0339894315430      -0.4296624719390392E-03
    206.0757634718196      -0.4293756478589732E-03
    206.1175375120962      -0.4290888237789071E-03
    206.1593115523727      -0.4288019996988410E-03
    206.2010855926493      -0.4285151756187750E-03
    206.2428596329259      -0.4282283515387090E-03
    206.2846336732025      -0.4279415274586429E-03
    206.3264077134791      -0.4276547033785769E-03
    206.3681817537556      -0.4273678792985108E-03
    206.4099557940322      -0.4270810552184447E-03
    206.4517298343088      -0.4267942311383787E-03
    206.4935038745854      -0.4265074070583126E-03
    206.5352779148620      -0.4262205829782466E-03
    206.5770519551385      -0.4259337588981805E-03
    206.6188259954151      -0.4256469348181145E-03
    206.6606000356917      -0.4253601107380484E-03
    206.7023740759683      -0.4250732866579824E-03
    206.7441481162448      -0.4247864625779163E-03
    206.7859221565214      -0.4244996384978502E-03
    206.8276961967980      -0.4242128144177842E-03
    206.8694702370746      -0.4239259903377182E-03
    206.9112442773512      -0.4236391662576521E-03
    206.9530183176277      -0.4233523421775861E-03
    206.9947923579043      -0.4230655180975200E-03
    207.0365663981809      -0.4227786940174539E-03
    207.0783404384575      -0.4224918699373879E-03
    207.1201144787341      -0.4222050458573218E-03
    207.1618885190106      -0.4219182217772558E-03
    207.2036625592872      -0.4216313976971897E-03
    207.2454365995638      -0.4213445736171237E-03
    207.2872106398404      -0.4210577495370576E-03
    207.3289846801169      -0.4207709254569915E-03
    207.3707587203935      -0.4204841013769255E-03
    207.4125327606701      -0.4201972772968594E-03
    207.4543068009467      -0.4199104532167934E-03
    207.4960808412233      -0.4196236291367274E-03
    207.5378548814998      -0.4193368050566613E-03
    207.5796289217764      -0.4190499809765952E-03
    207.6214029620530      -0.4187631568965292E-03
    207.6631770023296      -0.4184763328164631E-03
    207.7049510426062      -0.4181895087363970E-03
    207.7467250828827      -0.4179026846563310E-03
    207.7884991231593      -0.4176158605762650E-03
    207.8302731634359      -0.4173290364961989E-03
    207.8720472037125      -0.4170422124161329E-03
    207.9138212439890      -0.4167553883360668E-03
    207.9555952842656      -0.4164685642560007E-03
    207.9973693245422      -0.4161817401759347E-03
    208.0391433648188      -0.4158949160958686E-03
    208.0809174050954      -0.4156080920158026E-03
    208.1226914453719      -0.4153212679357365E-03
    208.1644654856485      -0.4150344438556705E-03
    208.2062395259251      -0.4147476197756044E-03
    208.2480135662017      -0.4144607956955384E-03
    208.2897876064783      -0.4141739716154723E-03
    208.3315616467548      -0.4138871475354062E-03
    208.3733356870314      -0.4136003234553402E-03
    208.4151097273080      -0.4133134993752742E-03
    208.4568837675846      -0.4130266752952081E-03
    208.4986578078612      -0.4127398512151421E-03
    208.5404318481377      -0.4124530271350760E-03
    208.5822058884143      -0.4121662030550099E-03
    208.6239799286909      -0.4118793789749439E-03
    208.6657539689675      -0.4115925548948778E-03
    208.7075280092440      -0.4113057308148118E-03
    208.7493020495206      -0.4110189067347457E-03
    208.7910760897972      -0.4107320826546797E-03
    208.8328501300738      -0.4104452585746136E-03
    208.8746241703504      -0.4101584344945476E-03
    208.9163982106269      -0.4098716104144815E-03
    208.9581722509035      -0.4095847863344154E-03
    208.9999462911801      -0.4092979622543494E-03
    209.0417203314567      -0.4090111381742834E-03
    209.0834943717333      -0.4087243140942173E-03
    209.1252684120098      -0.4084374900141512E-03
    209.1670424522864      -0.4081506659340852E-03
    209.2088164925630      -0.4078638418540191E-03
    209.2505905328396      -0.4075770177739530E-03
    209.2923645731161      -0.4072901936938870E-03
    209.3341386133927      -0.4070033696138210E-03
    209.3759126536693      -0.4067165455337549E-03
    209.4176866939459      -0.4064297214536889E-03
    209.4594607342225      -0.4061428973736228E-03
    209.5012347744990      -0.4058560732935567E-03
    209.5430088147756      -0.4055692492134907E-03
    209.5847828550522      -0.4052824251334246E-03
    209.6265568953288      -0.4049956010533586E-03
    209.6683309356054      -0.4047087769732926E-03
    209.7101049758819      -0.4044219528932265E-03
    209.7518790161585      -0.4041351288131604E-03
    209.7936530564351      -0.4038483047330944E-03
    209.8354270967117      -0.4035614806530283E-03
    209.8772011369882      -0.4032746565729622E-03
    209.9189751772648      -0.4029878324928962E-03
    209.9607492175414      -0.4027010084128302E-03
    210.0025232578180      -0.4024141843327641E-03
    210.0442972980946      -0.4021273602526981E-03
    210.0860713383711      -0.4018405361726320E-03
    210.1278453786477      -0.4015537120925659E-03
    210.1696194189243      -0.4012668880124999E-03
    210.2113934592009      -0.4009800639324338E-03
    210.2531674994775      -0.4006932398523678E-03
    210.2949415397540      -0.4004064157723017E-03
    210.3367155800306      -0.4001195916922357E-03
    210.3784896203072      -0.3998327676121696E-03
    210.4202636605838      -0.3995459435321036E-03
    210.4620377008603      -0.3992591194520375E-03
    210.5038117411369      -0.3989722953719714E-03
    210.5455857814135      -0.3986854712919054E-03
    210.5873598216901      -0.3983986472118394E-03
    210.6291338619667      -0.3981118231317733E-03
    210.6709079022432      -0.3978249990517073E-03
    210.7126819425198      -0.3975381749716412E-03
    210.7544559827964      -0.3972513508915751E-03
    210.7962300230730      -0.3969645268115091E-03
    210.8380040633496      -0.3966777027314430E-03
    210.8797781036261      -0.3963908786513770E-03
    210.9215521439027      -0.3961040545713109E-03
    210.9633261841793      -0.3958172304912449E-03
    211.0051002244559      -0.3955304064111788E-03
    211.0468742647325      -0.3952435823311127E-03
    211.0886483050090      -0.3949567582510467E-03
    211.1304223452856      -0.3946699341709806E-03
    211.1721963855622      -0.3943831100909146E-03
    211.2139704258388      -0.3940962860108486E-03
    211.2557444661153      -0.3938094619307825E-03
    211.2975185063919      -0.3935226378507164E-03
    211.3392925466685      -0.3932358137706504E-03
    211.3810665869451      -0.3929489896905843E-03
    211.4228406272217      -0.3926621656105182E-03
    211.4646146674982      -0.3923753415304522E-03
    211.5063887077748      -0.3920885174503862E-03
    211.5481627480514      -0.3918016933703201E-03
    211.5899367883280      -0.3915148692902541E-03
    211.6317108286046      -0.3912280452101880E-03
    211.6734848688811      -0.3909412211301219E-03
    211.7152589091577      -0.3906543970500559E-03
    211.7570329494343      -0.3903675729699898E-03
    211.7988069897109      -0.3900807488899238E-03
    211.8405810299874      -0.3897939248098577E-03
    211.8823550702640      -0.3895071007297917E-03
    211.9241291105406      -0.3892202766497256E-03
    211.9659031508172      -0.3889334525696596E-03
    212.0076771910938      -0.3886466284895935E-03
    212.0494512313703      -0.3883598044095274E-03
    212.0912252716469      -0.3880729803294614E-03
    212.1329993119235      -0.3877861562493954E-03
    212.1747733522001      -0.3874993321693293E-03
    212.2165473924767      -0.3872125080892633E-03
    212.2583214327532      -0.3869256840091972E-03
    212.3000954730298      -0.3866388599291311E-03
    212.3418695133064      -0.3863520358490651E-03
    212.3836435535830      -0.3860652117689990E-03
    212.4254175938595      -0.3857783876889330E-03
    212.4671916341361      -0.3854915636088669E-03
    212.5089656744127      -0.3852047395288009E-03
    212.5507397146893      -0.3849179154487348E-03
    212.5925137549659      -0.3846310913686687E-03
    212.6342877952424      -0.3843442672886027E-03
    212.6760618355190      -0.3840574432085366E-03
    212.7178358757956      -0.3837706191284706E-03
    212.7596099160722      -0.3834837950484046E-03
    212.8013839563488      -0.3831969709683385E-03
    212.8431579966253      -0.3829101468882724E-03
    212.8849320369019      -0.3826233228082064E-03
    212.9267060771785      -0.3823364987281403E-03
    212.9684801174551      -0.3820496746480743E-03
    213.0102541577317      -0.3817628505680082E-03
    213.0520281980082      -0.3814760264879422E-03
    213.0938022382848      -0.3811892024078761E-03
    213.1355762785614      -0.3809023783278101E-03
    213.1773503188380      -0.3806155542477440E-03
    213.2191243591145      -0.3803287301676779E-03
    213.2608983993911      -0.3800419060876119E-03
    213.3026724396677      -0.3797550820075458E-03
    213.3444464799443      -0.3794682579274798E-03
    213.3862205202209      -0.3791814338474138E-03
    213.4279945604974      -0.3788946097673477E-03
    213.4697686007740      -0.3786077856872816E-03
    213.5115426410506      -0.3783209616072156E-03
    213.5533166813272      -0.3780341375271495E-03
    213.5950907216038      -0.3777473134470834E-03
    213.6368647618803      -0.3774604893670174E-03
    213.6786388021569      -0.3771736652869514E-03
    213.7204128424335      -0.3768868412068853E-03
    213.7621868827101      -0.3766000171268193E-03
    213.8039609229866      -0.3763131930467532E-03
    213.8457349632632      -0.3760263689666871E-03
    213.8875090035398      -0.3757395448866211E-03
    213.9292830438164      -0.3754527208065550E-03
    213.9710570840930      -0.3751658967264890E-03
    214.0128311243695      -0.3748790726464229E-03
    214.0546051646461      -0.3745922485663569E-03
    214.0963792049227      -0.3743054244862908E-03
    214.1381532451993      -0.3740186004062248E-03
    214.1799272854759      -0.3737317763261587E-03
    214.2217013257524      -0.3734449522460926E-03
    214.2634753660290      -0.3731581281660266E-03
    214.3052494063056      -0.3728713040859606E-03
    214.3470234465822      -0.3725844800058945E-03
    214.3887974868587      -0.3722976559258284E-03
    214.4305715271353      -0.3720108318457624E-03
    214.4723455674119      -0.3717240077656963E-03
    214.5141196076885      -0.3714371836856303E-03
    214.5558936479651      -0.3711503596055642E-03
    214.5976676882416      -0.3708635355254982E-03
    214.6394417285182      -0.3705767114454321E-03
    214.6812157687948      -0.3702898873653661E-03
    214.7229898090714      -0.3700030632853000E-03
    214.7647638493480      -0.3697162392052339E-03
    214.8065378896245      -0.3694294151251679E-03
    214.8483119299011      -0.3691425910451018E-03
    214.8900859701777      -0.3688557669650358E-03
    214.9318600104543      -0.3685689428849698E-03
    214.9736340507309      -0.3682821188049037E-03
    215.0154080910074      -0.3679952947248376E-03
    215.0571821312840      -0.3677084706447716E-03
    215.0989561715606      -0.3674216465647055E-03
    215.1407302118372      -0.3671348224846394E-03
    215.1825042521137      -0.3668479984045734E-03
    215.2242782923903      -0.3665611743245074E-03
    215.2660523326669      -0.3662743502444413E-03
    215.3078263729435      -0.3659875261643753E-03
    215.3496004132201      -0.3657007020843092E-03
    215.3913744534966      -0.3654138780042431E-03
    215.4331484937732      -0.3651270539241771E-03
    215.4749225340498      -0.3648402298441110E-03
    215.5166965743264      -0.3645534057640450E-03
    215.5584706146030      -0.3642665816839790E-03
    215.6002446548795      -0.3639797576039129E-03
    215.6420186951561      -0.3636929335238468E-03
    215.6837927354327      -0.3634061094437808E-03
    215.7255667757093      -0.3631192853637147E-03
    215.7673408159858      -0.3628324612836486E-03
    215.8091148562624      -0.3625456372035826E-03
    215.8508888965390      -0.3622588131235166E-03
    215.8926629368156      -0.3619719890434505E-03
    215.9344369770922      -0.3616851649633845E-03
    215.9762110173687      -0.3613983408833184E-03
    216.0179850576453      -0.3611115168032523E-03
    216.0597590979219      -0.3608246927231863E-03
    216.1015331381985      -0.3605378686431202E-03
    216.1433071784751      -0.3602510445630542E-03
    216.1850812187516      -0.3599642204829881E-03
    216.2268552590282      -0.3596773964029221E-03
    216.2686292993048      -0.3593905723228560E-03
    216.3104033395814      -0.3591037482427899E-03
    216.3521773798579      -0.3588169241627239E-03
    216.3939514201345      -0.3585301000826578E-03
    216.4357254604111      -0.3582432760025918E-03
    216.4774995006877      -0.3579564519225258E-03
    216.5192735409643      -0.3576696278424597E-03
    216.5610475812408      -0.3573828037623936E-03
    216.6028216215174      -0.3570959796823276E-03
    216.6445956617940      -0.3568091556022615E-03
    216.6863697020706      -0.3565223315221955E-03
    216.7281437423472      -0.3562355074421294E-03
    216.7699177826237      -0.3559486833620634E-03
    216.8116918229003      -0.3556618592819973E-03
    216.8534658631769      -0.3553750352019313E-03
    216.8952399034535      -0.3550882111218652E-03
    216.9370139437301      -0.3548013870417991E-03
    216.9787879840066      -0.3545145629617331E-03
    217.0205620242832      -0.3542277388816670E-03
    217.0623360645598      -0.3539409148016010E-03
    217.1041101048364      -0.3536540907215350E-03
    217.1458841451129      -0.3533672666414689E-03
    217.1876581853895      -0.3530804425614028E-03
    217.2294322256661      -0.3527936184813368E-03
    217.2712062659427      -0.3525067944012707E-03
    217.3129803062193      -0.3522199703212046E-03
    217.3547543464958      -0.3519331462411386E-03
    217.3965283867724      -0.3516463221610726E-03
    217.4383024270490      -0.3513594980810065E-03
    217.4800764673256      -0.3510726740009405E-03
    217.5218505076022      -0.3507858499208744E-03
    217.5636245478787      -0.3504990258408083E-03
    217.6053985881553      -0.3502122017607423E-03
    217.6471726284319      -0.3499253776806762E-03
    217.6889466687085      -0.3496385536006102E-03
    217.7307207089850      -0.3493517295205441E-03
    217.7724947492616      -0.3490649054404781E-03
    217.8142687895382      -0.3487780813604120E-03
    217.8560428298148      -0.3484912572803459E-03
    217.8978168700914      -0.3482044332002799E-03
    217.9395909103679      -0.3479176091202138E-03
    217.9813649506445      -0.3476307850401478E-03
    218.0231389909211      -0.3473439609600818E-03
    218.0649130311977      -0.3470571368800157E-03
    218.1066870714743      -0.3467703127999496E-03
    218.1484611117508      -0.3464834887198836E-03
    218.1902351520274      -0.3461966646398175E-03
    218.2320091923040      -0.3459098405597515E-03
    218.2737832325806      -0.3456230164796854E-03
    218.3155572728571      -0.3453361923996194E-03
    218.3573313131337      -0.3450493683195533E-03
    218.3991053534103      -0.3447625442394873E-03
    218.4408793936869      -0.3444757201594212E-03
    218.4826534339635      -0.3441888960793551E-03
    218.5244274742400      -0.3439020719992891E-03
    218.5662015145166      -0.3436152479192230E-03
    218.6079755547932      -0.3433284238391570E-03
    218.6497495950698      -0.3430415997590910E-03
    218.6915236353464      -0.3427547756790249E-03
    218.7332976756229      -0.3424679515989588E-03
    218.7750717158995      -0.3421811275188928E-03
    218.8168457561761      -0.3418943034388267E-03
    218.8586197964527      -0.3416074793587606E-03
    218.9003938367293      -0.3413206552786946E-03
    218.9421678770058      -0.3410338311986286E-03
    218.9839419172824      -0.3407470071185625E-03
    219.0257159575590      -0.3404601830384965E-03
    219.0674899978356      -0.3401733589584304E-03
    219.1092640381121      -0.3398865348783643E-03
    219.1510380783887      -0.3395997107982983E-03
    219.1928121186653      -0.3393128867182322E-03
    219.2345861589419      -0.3390260626381662E-03
    219.2763601992185      -0.3387392385581002E-03
    219.3181342394950      -0.3384524144780341E-03
    219.3599082797716      -0.3381655903979680E-03
    219.4016823200482      -0.3378787663179020E-03
    219.4434563603248      -0.3375919422378359E-03
    219.4852304006014      -0.3373051181577698E-03
    219.5270044408779      -0.3370182940777038E-03
    219.5687784811545      -0.3367314699976378E-03
    219.6105525214311      -0.3364446459175717E-03
    219.6523265617077      -0.3361578218375056E-03
    219.6941006019842      -0.3358709977574396E-03
    219.7358746422608      -0.3355841736773735E-03
    219.7776486825374      -0.3352973495973075E-03
    219.8194227228140      -0.3350105255172414E-03
    219.8611967630906      -0.3347237014371754E-03
    219.9029708033671      -0.3344368773571093E-03
    219.9447448436437      -0.3341500532770433E-03
    219.9865188839203      -0.3338632291969772E-03
    220.0282929241969      -0.3335764051169111E-03
    220.0700669644735      -0.3332895810368451E-03
    220.1118410047500      -0.3330027569567790E-03
    220.1536150450266      -0.3327159328767130E-03
    220.1953890853032      -0.3324291087966470E-03
    220.2371631255798      -0.3321422847165809E-03
    220.2789371658563      -0.3318554606365148E-03
    220.3207112061329      -0.3315686365564488E-03
    220.3624852464095      -0.3312818124763827E-03
    220.4042592866861      -0.3309949883963167E-03
    220.4460333269627      -0.3307081643162506E-03
    220.4878073672392      -0.3304213402361846E-03
    220.5295814075158      -0.3301345161561185E-03
    220.5713554477924      -0.3298476920760525E-03
    220.6131294880690      -0.3295608679959864E-03
    220.6549035283456      -0.3292740439159203E-03
    220.6966775686221      -0.3289872198358543E-03
    220.7384516088987      -0.3287003957557882E-03
    220.7802256491753      -0.3284135716757222E-03
    220.8219996894519      -0.3281267475956562E-03
    220.8637737297285      -0.3278399235155901E-03
    220.9055477700050      -0.3275530994355240E-03
    220.9473218102816      -0.3272662753554580E-03
    220.9890958505582      -0.3269794512753919E-03
    221.0308698908348      -0.3266926271953258E-03
    221.0726439311113      -0.3264058031152598E-03
    221.1144179713879      -0.3261189790351938E-03
    221.1561920116645      -0.3258321549551277E-03
    221.1979660519411      -0.3255453308750616E-03
    221.2397400922177      -0.3252585067949956E-03
    221.2815141324942      -0.3249716827149295E-03
    221.3232881727708      -0.3246848586348635E-03
    221.3650622130474      -0.3243980345547974E-03
    221.4068362533240      -0.3241112104747314E-03
    221.4486102936006      -0.3238243863946653E-03
    221.4903843338771      -0.3235375623145993E-03
    221.5321583741537      -0.3232507382345332E-03
    221.5739324144303      -0.3229639141544671E-03
    221.6157064547069      -0.3226770900744011E-03
    221.6574804949834      -0.3223902659943350E-03
    221.6992545352600      -0.3221034419142690E-03
    221.7410285755366      -0.3218166178342030E-03
    221.7828026158132      -0.3215297937541369E-03
    221.8245766560898      -0.3212429696740708E-03
    221.8663506963663      -0.3209561455940048E-03
    221.9081247366429      -0.3206693215139387E-03
    221.9498987769195      -0.3203824974338727E-03
    221.9916728171961      -0.3200956733538066E-03
    222.0334468574727      -0.3198088492737406E-03
    222.0752208977492      -0.3195220251936745E-03
    222.1169949380258      -0.3192352011136085E-03
    222.1587689783024      -0.3189483770335424E-03
    222.2005430185790      -0.3186615529534763E-03
    222.2423170588555      -0.3183747288734103E-03
    222.2840910991321      -0.3180879047933442E-03
    222.3258651394087      -0.3178010807132782E-03
    222.3676391796853      -0.3175142566332122E-03
    222.4094132199619      -0.3172274325531461E-03
    222.4511872602384      -0.3169406084730800E-03
    222.4929613005150      -0.3166537843930140E-03
    222.5347353407916      -0.3163669603129479E-03
    222.5765093810682      -0.3160801362328819E-03
    222.6182834213448      -0.3157933121528158E-03
    222.6600574616213      -0.3155064880727498E-03
    222.7018315018979      -0.3152196639926837E-03
    222.7436055421745      -0.3149328399126177E-03
    222.7853795824511      -0.3146460158325516E-03
    222.8271536227276      -0.3143591917524855E-03
    222.8689276630042      -0.3140723676724195E-03
    222.9107017032808      -0.3137855435923534E-03
    222.9524757435574      -0.3134987195122874E-03
    222.9942497838340      -0.3132118954322213E-03
    223.0360238241105      -0.3129250713521553E-03
    223.0777978643871      -0.3126382472720892E-03
    223.1195719046637      -0.3123514231920231E-03
    223.1613459449403      -0.3120645991119571E-03
    223.2031199852169      -0.3117777750318910E-03
    223.2448940254934      -0.3114909509518250E-03
    223.2866680657700      -0.3112041268717590E-03
    223.3284421060466      -0.3109173027916929E-03
    223.3702161463232      -0.3106304787116268E-03
    223.4119901865998      -0.3103436546315608E-03
    223.4537642268763      -0.3100568305514947E-03
    223.4955382671529      -0.3097700064714287E-03
    223.5373123074295      -0.3094831823913626E-03
    223.5790863477061      -0.3091963583112966E-03
    223.6208603879826      -0.3089095342312305E-03
    223.6626344282592      -0.3086227101511645E-03
    223.7044084685358      -0.3083358860710984E-03
    223.7461825088124      -0.3080490619910323E-03
    223.7879565490890      -0.3077622379109663E-03
    223.8297305893655      -0.3074754138309002E-03
    223.8715046296421      -0.3071885897508342E-03
    223.9132786699187      -0.3069017656707682E-03
    223.9550527101953      -0.3066149415907021E-03
    223.9968267504719      -0.3063281175106360E-03
    224.0386007907484      -0.3060412934305700E-03
    224.0803748310250      -0.3057544693505039E-03
    224.1221488713016      -0.3054676452704379E-03
    224.1639229115782      -0.3051808211903718E-03
    224.2056969518547      -0.3048939971103058E-03
    224.2474709921313      -0.3046071730302397E-03
    224.2892450324079      -0.3043203489501737E-03
    224.3310190726845      -0.3040335248701076E-03
    224.3727931129611      -0.3037467007900415E-03
    224.4145671532376      -0.3034598767099755E-03
    224.4563411935142      -0.3031730526299094E-03
    224.4981152337908      -0.3028862285498434E-03
    224.5398892740674      -0.3025994044697774E-03
    224.5816633143440      -0.3023125803897113E-03
    224.6234373546205      -0.3020257563096452E-03
    224.6652113948971      -0.3017389322295791E-03
    224.7069854351737      -0.3014521081495131E-03
    224.7487594754503      -0.3011652840694470E-03
    224.7905335157268      -0.3008784599893810E-03
    224.8323075560034      -0.3005916359093150E-03
    224.8740815962800      -0.3003048118292489E-03
    224.9158556365566      -0.3000179877491828E-03
    224.9576296768332      -0.2997311636691168E-03
    224.9994037171097      -0.2994443395890507E-03
    225.0411777573863      -0.2991575155089847E-03
    225.0829517976629      -0.2988706914289186E-03
    225.1247258379395      -0.2985838673488526E-03
    225.1664998782161      -0.2982970432687865E-03
    225.2082739184926      -0.2980102191887205E-03
    225.2500479587692      -0.2977233951086544E-03
    225.2918219990458      -0.2974365710285883E-03
    225.3335960393224      -0.2971497469485223E-03
    225.3753700795990      -0.2968629228684562E-03
    225.4171441198755      -0.2965760987883902E-03
    225.4589181601521      -0.2962892747083242E-03
    225.5006922004287      -0.2960024506282581E-03
    225.5424662407053      -0.2957156265481920E-03
    225.5842402809818      -0.2954288024681260E-03
    225.6260143212584      -0.2951419783880599E-03
    225.6677883615350      -0.2948551543079939E-03
    225.7095624018116      -0.2945683302279278E-03
    225.7513364420882      -0.2942815061478618E-03
    225.7931104823647      -0.2939946820677957E-03
    225.8348845226413      -0.2937078579877297E-03
    225.8766585629179      -0.2934210339076636E-03
    225.9184326031945      -0.2931342098275975E-03
    225.9602066434711      -0.2928473857475315E-03
    226.0019806837476      -0.2925605616674654E-03
    226.0437547240242      -0.2922737375873994E-03
    226.0855287643008      -0.2919869135073334E-03
    226.1273028045774      -0.2917000894272673E-03
    226.1690768448539      -0.2914132653472012E-03
    226.2108508851305      -0.2911264412671352E-03
    226.2526249254071      -0.2908396171870691E-03
    226.2943989656837      -0.2905527931070031E-03
    226.3361730059603      -0.2902659690269370E-03
    226.3779470462368      -0.2899791449468710E-03
    226.4197210865134      -0.2896923208668049E-03
    226.4614951267900      -0.2894054967867388E-03
    226.5032691670666      -0.2891186727066728E-03
    226.5450432073432      -0.2888318486266067E-03
    226.5868172476197      -0.2885450245465407E-03
    226.6285912878963      -0.2882582004664746E-03
    226.6703653281729      -0.2879713763864086E-03
    226.7121393684495      -0.2876845523063425E-03
    226.7539134087260      -0.2873977282262765E-03
    226.7956874490026      -0.2871109041462104E-03
    226.8374614892792      -0.2868240800661443E-03
    226.8792355295558      -0.2865372559860783E-03
    226.9210095698324      -0.2862504319060122E-03
    226.9627836101089      -0.2859636078259462E-03
    227.0045576503855      -0.2856767837458802E-03
    227.0463316906621      -0.2853899596658141E-03
    227.0881057309387      -0.2851031355857480E-03
    227.1298797712153      -0.2848163115056820E-03
    227.1716538114918      -0.2845294874256159E-03
    227.2134278517684      -0.2842426633455499E-03
    227.2552018920450      -0.2839558392654838E-03
    227.2969759323216      -0.2836690151854178E-03
    227.3387499725982      -0.2833821911053517E-03
    227.3805240128747      -0.2830953670252857E-03
    227.4222980531513      -0.2828085429452196E-03
    227.4640720934279      -0.2825217188651535E-03
    227.5058461337045      -0.2822348947850875E-03
    227.5476201739810      -0.2819480707050214E-03
    227.5893942142576      -0.2816612466249554E-03
    227.6311682545342      -0.2813744225448894E-03
    227.6729422948108      -0.2810875984648233E-03
    227.7147163350874      -0.2808007743847572E-03
    227.7564903753639      -0.2805139503046912E-03
    227.7982644156405      -0.2802271262246251E-03
    227.8400384559171      -0.2799403021445591E-03
    227.8818124961937      -0.2796534780644930E-03
    227.9235865364703      -0.2793666539844270E-03
    227.9653605767468      -0.2790798299043609E-03
    228.0071346170234      -0.2787930058242949E-03
    228.0489086573000      -0.2785061817442288E-03
    228.0906826975766      -0.2782193576641627E-03
    228.1324567378531      -0.2779325335840967E-03
    228.1742307781297      -0.2776457095040306E-03
    228.2160048184063      -0.2773588854239646E-03
    228.2577788586829      -0.2770720613438985E-03
    228.2995528989595      -0.2767852372638325E-03
    228.3413269392360      -0.2764984131837664E-03
    228.3831009795126      -0.2762115891037003E-03
    228.4248750197892      -0.2759247650236343E-03
    228.4666490600658      -0.2756379409435683E-03
    228.5084231003424      -0.2753511168635022E-03
    228.5501971406189      -0.2750642927834362E-03
    228.5919711808955      -0.2747774687033701E-03
    228.6337452211721      -0.2744906446233040E-03
    228.6755192614487      -0.2742038205432380E-03
    228.7172933017252      -0.2739169964631719E-03
    228.7590673420018      -0.2736301723831059E-03
    228.8008413822784      -0.2733433483030398E-03
    228.8426154225550      -0.2730565242229738E-03
    228.8843894628316      -0.2727697001429077E-03
    228.9261635031081      -0.2724828760628417E-03
    228.9679375433847      -0.2721960519827756E-03
    229.0097115836613      -0.2719092279027095E-03
    229.0514856239379      -0.2716224038226435E-03
    229.0932596642145      -0.2713355797425774E-03
    229.1350337044910      -0.2710487556625114E-03
    229.1768077447676      -0.2707619315824454E-03
    229.2185817850442      -0.2704751075023793E-03
    229.2603558253208      -0.2701882834223132E-03
    229.3021298655974      -0.2699014593422472E-03
    229.3439039058739      -0.2696146352621811E-03
    229.3856779461505      -0.2693278111821151E-03
    229.4274519864271      -0.2690409871020490E-03
    229.4692260267037      -0.2687541630219830E-03
    229.5110000669802      -0.2684673389419169E-03
    229.5527741072568      -0.2681805148618509E-03
    229.5945481475334      -0.2678936907817848E-03
    229.6363221878100      -0.2676068667017187E-03
    229.6780962280866      -0.2673200426216527E-03
    229.7198702683631      -0.2670332185415866E-03
    229.7616443086397      -0.2667463944615206E-03
    229.8034183489163      -0.2664595703814546E-03
    229.8451923891929      -0.2661727463013885E-03
    229.8869664294695      -0.2658859222213224E-03
    229.9287404697460      -0.2655990981412563E-03
    229.9705145100226      -0.2653122740611903E-03
    230.0122885502992      -0.2650254499811243E-03
    230.0540625905758      -0.2647386259010582E-03
    230.0958366308523      -0.2644518018209922E-03
    230.1376106711289      -0.2641649777409261E-03
    230.1793847114055      -0.2638781536608600E-03
    230.2211587516821      -0.2635913295807940E-03
    230.2629327919587      -0.2633045055007279E-03
    230.3047068322352      -0.2630176814206619E-03
    230.3464808725118      -0.2627308573405958E-03
    230.3882549127884      -0.2624440332605298E-03
    230.4300289530650      -0.2621572091804637E-03
    230.4718029933416      -0.2618703851003977E-03
    230.5135770336181      -0.2615835610203316E-03
    230.5553510738947      -0.2612967369402655E-03
    230.5971251141713      -0.2610099128601995E-03
    230.6388991544479      -0.2607230887801334E-03
    230.6806731947244      -0.2604362647000674E-03
    230.7224472350010      -0.2601494406200014E-03
    230.7642212752776      -0.2598626165399353E-03
    230.8059953155542      -0.2595757924598692E-03
    230.8477693558308      -0.2592889683798032E-03
    230.8895433961073      -0.2590021442997371E-03
    230.9313174363839      -0.2587153202196711E-03
    230.9730914766605      -0.2584284961396050E-03
    231.0148655169371      -0.2581416720595390E-03
    231.0566395572137      -0.2578548479794729E-03
    231.0984135974902      -0.2575680238994069E-03
    231.1401876377668      -0.2572811998193408E-03
    231.1819616780434      -0.2569943757392747E-03
    231.2237357183200      -0.2567075516592087E-03
    231.2655097585966      -0.2564207275791426E-03
    231.3072837988731      -0.2561339034990766E-03
    231.3490578391497      -0.2558470794190106E-03
    231.3908318794263      -0.2555602553389445E-03
    231.4326059197029      -0.2552734312588784E-03
    231.4743799599794      -0.2549866071788124E-03
    231.5161540002560      -0.2546997830987463E-03
    231.5579280405326      -0.2544129590186803E-03
    231.5997020808092      -0.2541261349386142E-03
    231.6414761210858      -0.2538393108585482E-03
    231.6832501613623      -0.2535524867784821E-03
    231.7250242016389      -0.2532656626984160E-03
    231.7667982419155      -0.2529788386183500E-03
    231.8085722821921      -0.2526920145382839E-03
    231.8503463224687      -0.2524051904582179E-03
    231.8921203627452      -0.2521183663781518E-03
    231.9338944030218      -0.2518315422980858E-03
    231.9756684432984      -0.2515447182180197E-03
    232.0174424835750      -0.2512578941379537E-03
    232.0592165238515      -0.2509710700578876E-03
    232.1009905641281      -0.2506842459778215E-03
    232.1427646044047      -0.2503974218977555E-03
    232.1845386446813      -0.2501105978176895E-03
    232.2263126849579      -0.2498237737376234E-03
    232.2680867252344      -0.2495369496575574E-03
    232.3098607655110      -0.2492501255774913E-03
    232.3516348057876      -0.2489633014974252E-03
    232.3934088460642      -0.2486764774173592E-03
    232.4351828863408      -0.2483896533372931E-03
    232.4769569266173      -0.2481028292572271E-03
    232.5187309668939      -0.2478160051771610E-03
    232.5605050071705      -0.2475291810970950E-03
    232.6022790474471      -0.2472423570170289E-03
    232.6440530877236      -0.2469555329369629E-03
    232.6858271280002      -0.2466687088568968E-03
    232.7276011682768      -0.2463818847768307E-03
    232.7693752085534      -0.2460950606967647E-03
    232.8111492488300      -0.2458082366166986E-03
    232.8529232891065      -0.2455214125366326E-03
    232.8946973293831      -0.2452345884565666E-03
    232.9364713696597      -0.2449477643765005E-03
    232.9782454099363      -0.2446609402964344E-03
    233.0200194502129      -0.2443741162163684E-03
    233.0617934904894      -0.2440872921363024E-03
    233.1035675307660      -0.2438004680562363E-03
    233.1453415710426      -0.2435136439761703E-03
    233.1871156113192      -0.2432268198961043E-03
    233.2288896515958      -0.2429399958160382E-03
    233.2706636918723      -0.2426531717359722E-03
    233.3124377321489      -0.2423663476559062E-03
    233.3542117724255      -0.2420795235758402E-03
    233.3959858127021      -0.2417926994957741E-03
    233.4377598529786      -0.2415058754157081E-03
    233.4795338932552      -0.2412190513356421E-03
    233.5213079335318      -0.2409322272555761E-03
    233.5630819738084      -0.2406454031755100E-03
    233.6048560140850      -0.2403585790954440E-03
    233.6466300543615      -0.2400717550153780E-03
    233.6884040946381      -0.2397849309353120E-03
    233.7301781349147      -0.2394981068552459E-03
    233.7719521751913      -0.2392112827751799E-03
    233.8137262154679      -0.2389244586951139E-03
    233.8555002557444      -0.2386376346150478E-03
    233.8972742960210      -0.2383508105349818E-03
    233.9390483362976      -0.2380639864549158E-03
    233.9808223765742      -0.2377771623748498E-03
    234.0225964168507      -0.2374903382947837E-03
    234.0643704571273      -0.2372035142147177E-03
    234.1061444974039      -0.2369166901346517E-03
    234.1479185376805      -0.2366298660545857E-03
    234.1896925779571      -0.2363430419745196E-03
    234.2314666182336      -0.2360562178944536E-03
    234.2732406585102      -0.2357693938143876E-03
    234.3150146987868      -0.2354825697343215E-03
    234.3567887390634      -0.2351957456542555E-03
    234.3985627793400      -0.2349089215741895E-03
    234.4403368196165      -0.2346220974941235E-03
    234.4821108598931      -0.2343352734140574E-03
    234.5238849001697      -0.2340484493339914E-03
    234.5656589404463      -0.2337616252539254E-03
    234.6074329807228      -0.2334748011738594E-03
    234.6492070209994      -0.2331879770937933E-03
    234.6909810612760      -0.2329011530137273E-03
    234.7327551015526      -0.2326143289336613E-03
    234.7745291418292      -0.2323275048535952E-03
    234.8163031821057      -0.2320406807735292E-03
    234.8580772223823      -0.2317538566934632E-03
    234.8998512626589      -0.2314670326133972E-03
    234.9416253029355      -0.2311802085333311E-03
    234.9833993432121      -0.2308933844532651E-03
    235.0251733834886      -0.2306065603731991E-03
    235.0669474237652      -0.2303197362931331E-03
    235.1087214640418      -0.2300329122130670E-03
    235.1504955043184      -0.2297460881330010E-03
    235.1922695445950      -0.2294592640529350E-03
    235.2340435848715      -0.2291724399728690E-03
    235.2758176251481      -0.2288856158928029E-03
    235.3175916654247      -0.2285987918127369E-03
    235.3593657057013      -0.2283119677326709E-03
    235.4011397459778      -0.2280251436526048E-03
    235.4429137862544      -0.2277383195725388E-03
    235.4846878265310      -0.2274514954924728E-03
    235.5264618668076      -0.2271646714124068E-03
    235.5682359070842      -0.2268778473323407E-03
    235.6100099473607      -0.2265910232522747E-03
    235.6517839876373      -0.2263041991722087E-03
    235.6935580279139      -0.2260173750921427E-03
    235.7353320681905      -0.2257305510120766E-03
    235.7771061084671      -0.2254437269320106E-03
    235.8188801487436      -0.2251569028519446E-03
    235.8606541890202      -0.2248700787718785E-03
    235.9024282292968      -0.2245832546918125E-03
    235.9442022695734      -0.2242964306117465E-03
    235.9859763098499      -0.2240096065316805E-03
    236.0277503501265      -0.2237227824516144E-03
    236.0695243904031      -0.2234359583715484E-03
    236.1112984306797      -0.2231491342914824E-03
    236.1530724709563      -0.2228623102114164E-03
    236.1948465112328      -0.2225754861313503E-03
    236.2366205515094      -0.2222886620512843E-03
    236.2783945917860      -0.2220018379712183E-03
    236.3201686320626      -0.2217150138911523E-03
    236.3619426723392      -0.2214281898110862E-03
    236.4037167126157      -0.2211413657310202E-03
    236.4454907528923      -0.2208545416509542E-03
    236.4872647931689      -0.2205677175708881E-03
    236.5290388334455      -0.2202808934908221E-03
    236.5708128737220      -0.2199940694107561E-03
    236.6125869139986      -0.2197072453306901E-03
    236.6543609542752      -0.2194204212506240E-03
    236.6961349945518      -0.2191335971705580E-03
    236.7379090348284      -0.2188467730904920E-03
    236.7796830751049      -0.2185599490104260E-03
    236.8214571153815      -0.2182731249303599E-03
    236.8632311556581      -0.2179863008502939E-03
    236.9050051959347      -0.2176994767702279E-03
    236.9467792362113      -0.2174126526901618E-03
    236.9885532764878      -0.2171258286100958E-03
    237.0303273167644      -0.2168390045300298E-03
    237.0721013570410      -0.2165521804499638E-03
    237.1138753973176      -0.2162653563698977E-03
    237.1556494375941      -0.2159785322898317E-03
    237.1974234778707      -0.2156917082097657E-03
    237.2391975181473      -0.2154048841296997E-03
    237.2809715584239      -0.2151180600496336E-03
    237.3227455987005      -0.2148312359695676E-03
    237.3645196389770      -0.2145444118895016E-03
    237.4062936792536      -0.2142575878094355E-03
    237.4480677195302      -0.2139707637293695E-03
    237.4898417598068      -0.2136839396493035E-03
    237.5316158000834      -0.2133971155692375E-03
    237.5733898403599      -0.2131102914891714E-03
    237.6151638806365      -0.2128234674091054E-03
    237.6569379209131      -0.2125366433290394E-03
    237.6987119611897      -0.2122498192489734E-03
    237.7404860014663      -0.2119629951689074E-03
    237.7822600417428      -0.2116761710888413E-03
    237.8240340820194      -0.2113893470087753E-03
    237.8658081222960      -0.2111025229287093E-03
    237.9075821625726      -0.2108156988486432E-03
    237.9493562028491      -0.2105288747685772E-03
    237.9911302431257      -0.2102420506885112E-03
    238.0329042834023      -0.2099552266084451E-03
    238.0746783236789      -0.2096684025283791E-03
    238.1164523639555      -0.2093815784483131E-03
    238.1582264042320      -0.2090947543682471E-03
    238.2000004445086      -0.2088079302881811E-03
    238.2417744847852      -0.2085211062081150E-03
    238.2835485250618      -0.2082342821280490E-03
    238.3253225653384      -0.2079474580479830E-03
    238.3670966056149      -0.2076606339679169E-03
    238.4088706458915      -0.2073738098878509E-03
    238.4506446861681      -0.2070869858077849E-03
    238.4924187264447      -0.2068001617277188E-03
    238.5341927667212      -0.2065133376476528E-03
    238.5759668069978      -0.2062265135675868E-03
    238.6177408472744      -0.2059396894875208E-03
    238.6595148875510      -0.2056528654074548E-03
    238.7012889278276      -0.2053660413273887E-03
    238.7430629681041      -0.2050792172473227E-03
    238.7848370083807      -0.2047923931672567E-03
    238.8266110486573      -0.2045055690871907E-03
    238.8683850889339      -0.2042187450071246E-03
    238.9101591292105      -0.2039319209270586E-03
    238.9519331694870      -0.2036450968469925E-03
    238.9937072097636      -0.2033582727669265E-03
    239.0354812500402      -0.2030714486868605E-03
    239.0772552903168      -0.2027846246067945E-03
    239.1190293305933      -0.2024978005267285E-03
    239.1608033708699      -0.2022109764466624E-03
    239.2025774111465      -0.2019241523665964E-03
    239.2443514514231      -0.2016373282865304E-03
    239.2861254916997      -0.2013505042064644E-03
    239.3278995319762      -0.2010636801263983E-03
    239.3696735722528      -0.2007768560463323E-03
    239.4114476125294      -0.2004900319662663E-03
    239.4532216528060      -0.2002032078862002E-03
    239.4949956930826      -0.1999163838061342E-03
    239.5367697333591      -0.1996295597260682E-03
    239.5785437736357      -0.1993427356460022E-03
    239.6203178139123      -0.1990559115659361E-03
    239.6620918541889      -0.1987690874858701E-03
    239.7038658944655      -0.1984822634058041E-03
    239.7456399347420      -0.1981954393257381E-03
    239.7874139750186      -0.1979086152456720E-03
    239.8291880152952      -0.1976217911656060E-03
    239.8709620555718      -0.1973349670855400E-03
    239.9127360958483      -0.1970481430054739E-03
    239.9545101361249      -0.1967613189254079E-03
    239.9962841764015      -0.1964744948453419E-03
    240.0380582166781      -0.1961876707652759E-03
    240.0798322569547      -0.1959008466852098E-03
    240.1216062972312      -0.1956140226051438E-03
    240.1633803375078      -0.1953271985250778E-03
    240.2051543777844      -0.1950403744450118E-03
    240.2469284180610      -0.1947535503649457E-03
    240.2887024583376      -0.1944667262848797E-03
    240.3304764986141      -0.1941799022048137E-03
    240.3722505388907      -0.1938930781247477E-03
    240.4140245791673      -0.1936062540446816E-03
    240.4557986194439      -0.1933194299646156E-03
    240.4975726597204      -0.1930326058845496E-03
    240.5393466999970      -0.1927457818044835E-03
    240.5811207402736      -0.1924589577244175E-03
    240.6228947805502      -0.1921721336443515E-03
    240.6646688208268      -0.1918853095642855E-03
    240.7064428611033      -0.1915984854842194E-03
    240.7482169013799      -0.1913116614041534E-03
    240.7899909416565      -0.1910248373240874E-03
    240.8317649819331      -0.1907380132440214E-03
    240.8735390222097      -0.1904511891639553E-03
    240.9153130624862      -0.1901643650838893E-03
    240.9570871027628      -0.1898775410038233E-03
    240.9988611430394      -0.1895907169237572E-03
    241.0406351833160      -0.1893038928436912E-03
    241.0824092235925      -0.1890170687636252E-03
    241.1241832638691      -0.1887302446835592E-03
    241.1659573041457      -0.1884434206034931E-03
    241.2077313444223      -0.1881565965234271E-03
    241.2495053846989      -0.1878697724433611E-03
    241.2912794249754      -0.1875829483632951E-03
    241.3330534652520      -0.1872961242832290E-03
    241.3748275055286      -0.1870093002031630E-03
    241.4166015458052      -0.1867224761230970E-03
    241.4583755860818      -0.1864356520430310E-03
    241.5001496263583      -0.1861488279629649E-03
    241.5419236666349      -0.1858620038828989E-03
    241.5836977069115      -0.1855751798028329E-03
    241.6254717471881      -0.1852883557227668E-03
    241.6672457874647      -0.1850015316427008E-03
    241.7090198277412      -0.1847147075626348E-03
    241.7507938680178      -0.1844278834825688E-03
    241.7925679082944      -0.1841410594025027E-03
    241.8343419485710      -0.1838542353224367E-03
    241.8761159888475      -0.1835674112423707E-03
    241.9178900291241      -0.1832805871623047E-03
    241.9596640694007      -0.1829937630822386E-03
    242.0014381096773      -0.1827069390021726E-03
    242.0432121499539      -0.1824201149221066E-03
    242.0849861902304      -0.1821332908420405E-03
    242.1267602305070      -0.1818464667619745E-03
    242.1685342707836      -0.1815596426819085E-03
    242.2103083110602      -0.1812728186018425E-03
    242.2520823513368      -0.1809859945217764E-03
    242.2938563916133      -0.1806991704417104E-03
    242.3356304318899      -0.1804123463616444E-03
    242.3774044721665      -0.1801255222815784E-03
    242.4191785124431      -0.1798386982015123E-03
    242.4609525527196      -0.1795518741214463E-03
    242.5027265929962      -0.1792650500413803E-03
    242.5445006332728      -0.1789782259613142E-03
    242.5862746735494      -0.1786914018812482E-03
    242.6280487138260      -0.1784045778011822E-03
    242.6698227541025      -0.1781177537211162E-03
    242.7115967943791      -0.1778309296410501E-03
    242.7533708346557      -0.1775441055609841E-03
    242.7951448749323      -0.1772572814809181E-03
    242.8369189152089      -0.1769704574008521E-03
    242.8786929554854      -0.1766836333207860E-03
    242.9204669957620      -0.1763968092407200E-03
    242.9622410360386      -0.1761099851606540E-03
    243.0040150763152      -0.1758231610805880E-03
    243.0457891165917      -0.1755363370005219E-03
    243.0875631568683      -0.1752495129204559E-03
    243.1293371971449      -0.1749626888403899E-03
    243.1711112374215      -0.1746758647603238E-03
    243.2128852776981      -0.1743890406802578E-03
    243.2546593179746      -0.1741022166001918E-03
    243.2964333582512      -0.1738153925201258E-03
    243.3382073985278      -0.1735285684400597E-03
    243.3799814388044      -0.1732417443599937E-03
    243.4217554790810      -0.1729549202799277E-03
    243.4635295193575      -0.1726680961998617E-03
    243.5053035596341      -0.1723812721197956E-03
    243.5470775999107      -0.1720944480397296E-03
    243.5888516401873      -0.1718076239596636E-03
    243.6306256804639      -0.1715207998795975E-03
    243.6723997207404      -0.1712339757995315E-03
    243.7141737610170      -0.1709471517194655E-03
    243.7559478012936      -0.1706603276393995E-03
    243.7977218415702      -0.1703735035593334E-03
    243.8394958818467      -0.1700866794792674E-03
    243.8812699221233      -0.1697998553992014E-03
    243.9230439623999      -0.1695130313191354E-03
    243.9648180026765      -0.1692262072390694E-03
    244.0065920429531      -0.1689393831590033E-03
    244.0483660832296      -0.1686525590789373E-03
    244.0901401235062      -0.1683657349988713E-03
    244.1319141637828      -0.1680789109188052E-03
    244.1736882040594      -0.1677920868387392E-03
    244.2154622443360      -0.1675052627586732E-03
    244.2572362846125      -0.1672184386786071E-03
    244.2990103248891      -0.1669316145985411E-03
    244.3407843651657      -0.1666447905184751E-03
    244.3825584054423      -0.1663579664384091E-03
    244.4243324457188      -0.1660711423583431E-03
    244.4661064859954      -0.1657843182782770E-03
    244.5078805262720      -0.1654974941982110E-03
    244.5496545665486      -0.1652106701181450E-03
    244.5914286068252      -0.1649238460380789E-03
    244.6332026471017      -0.1646370219580129E-03
    244.6749766873783      -0.1643501978779469E-03
    244.7167507276549      -0.1640633737978808E-03
    244.7585247679315      -0.1637765497178148E-03
    244.8002988082081      -0.1634897256377488E-03
    244.8420728484846      -0.1632029015576828E-03
    244.8838468887612      -0.1629160774776168E-03
    244.9256209290378      -0.1626292533975507E-03
    244.9673949693144      -0.1623424293174847E-03
    245.0091690095909      -0.1620556052374187E-03
    245.0509430498675      -0.1617687811573526E-03
    245.0927170901441      -0.1614819570772866E-03
    245.1344911304207      -0.1611951329972206E-03
    245.1762651706973      -0.1609083089171546E-03
    245.2180392109738      -0.1606214848370885E-03
    245.2598132512504      -0.1603346607570225E-03
    245.3015872915270      -0.1600478366769565E-03
    245.3433613318036      -0.1597610125968905E-03
    245.3851353720802      -0.1594741885168244E-03
    245.4269094123567      -0.1591873644367584E-03
    245.4686834526333      -0.1589005403566924E-03
    245.5104574929099      -0.1586137162766264E-03
    245.5522315331865      -0.1583268921965603E-03
    245.5940055734631      -0.1580400681164943E-03
    245.6357796137396      -0.1577532440364283E-03
    245.6775536540162      -0.1574664199563622E-03
    245.7193276942928      -0.1571795958762962E-03
    245.7611017345694      -0.1568927717962302E-03
    245.8028757748459      -0.1566059477161642E-03
    245.8446498151225      -0.1563191236360981E-03
    245.8864238553991      -0.1560322995560321E-03
    245.9281978956757      -0.1557454754759661E-03
    245.9699719359523      -0.1554586513959001E-03
    246.0117459762288      -0.1551718273158340E-03
    246.0535200165054      -0.1548850032357680E-03
    246.0952940567820      -0.1545981791557020E-03
    246.1370680970586      -0.1543113550756359E-03
    246.1788421373352      -0.1540245309955699E-03
    246.2206161776117      -0.1537377069155039E-03
    246.2623902178883      -0.1534508828354379E-03
    246.3041642581649      -0.1531640587553718E-03
    246.3459382984415      -0.1528772346753058E-03
    246.3877123387180      -0.1525904105952398E-03
    246.4294863789946      -0.1523035865151738E-03
    246.4712604192712      -0.1520167624351077E-03
    246.5130344595478      -0.1517299383550417E-03
    246.5548084998244      -0.1514431142749757E-03
    246.5965825401009      -0.1511562901949097E-03
    246.6383565803775      -0.1508694661148436E-03
    246.6801306206541      -0.1505826420347776E-03
    246.7219046609307      -0.1502958179547116E-03
    246.7636787012073      -0.1500089938746455E-03
    246.8054527414838      -0.1497221697945795E-03
    246.8472267817604      -0.1494353457145135E-03
    246.8890008220370      -0.1491485216344475E-03
    246.9307748623136      -0.1488616975543814E-03
    246.9725489025901      -0.1485748734743154E-03
    247.0143229428667      -0.1482880493942494E-03
    247.0560969831433      -0.1480012253141834E-03
    247.0978710234199      -0.1477144012341173E-03
    247.1396450636965      -0.1474275771540513E-03
    247.1814191039730      -0.1471407530739853E-03
    247.2231931442496      -0.1468539289939192E-03
    247.2649671845262      -0.1465671049138532E-03
    247.3067412248028      -0.1462802808337872E-03
    247.3485152650794      -0.1459934567537212E-03
    247.3902893053559      -0.1457066326736551E-03
    247.4320633456325      -0.1454198085935891E-03
    247.4738373859091      -0.1451329845135231E-03
    247.5156114261857      -0.1448461604334571E-03
    247.5573854664623      -0.1445593363533910E-03
    247.5991595067388      -0.1442725122733250E-03
    247.6409335470154      -0.1439856881932590E-03
    247.6827075872920      -0.1436988641131929E-03
    247.7244816275686      -0.1434120400331269E-03
    247.7662556678451      -0.1431252159530609E-03
    247.8080297081217      -0.1428383918729949E-03
    247.8498037483983      -0.1425515677929288E-03
    247.8915777886749      -0.1422647437128628E-03
    247.9333518289515      -0.1419779196327968E-03
    247.9751258692280      -0.1416910955527308E-03
    248.0168999095046      -0.1414042714726647E-03
    248.0586739497812      -0.1411174473925987E-03
    248.1004479900578      -0.1408306233125327E-03
    248.1422220303344      -0.1405437992324667E-03
    248.1839960706109      -0.1402569751524006E-03
    248.2257701108875      -0.1399701510723346E-03
    248.2675441511641      -0.1396833269922686E-03
    248.3093181914407      -0.1393965029122025E-03
    248.3510922317172      -0.1391096788321365E-03
    248.3928662719938      -0.1388228547520705E-03
    248.4346403122704      -0.1385360306720045E-03
    248.4764143525470      -0.1382492065919384E-03
    248.5181883928236      -0.1379623825118724E-03
    248.5599624331001      -0.1376755584318064E-03
    248.6017364733767      -0.1373887343517404E-03
    248.6435105136533      -0.1371019102716743E-03
    248.6852845539299      -0.1368150861916083E-03
    248.7270585942065      -0.1365282621115423E-03
    248.7688326344830      -0.1362414380314762E-03
    248.8106066747596      -0.1359546139514102E-03
    248.8523807150362      -0.1356677898713442E-03
    248.8941547553128      -0.1353809657912782E-03
    248.9359287955893      -0.1350941417112121E-03
    248.9777028358659      -0.1348073176311461E-03
    249.0194768761425      -0.1345204935510801E-03
    249.0612509164191      -0.1342336694710141E-03
    249.1030249566957      -0.1339468453909480E-03
    249.1447989969722      -0.1336600213108820E-03
    249.1865730372488      -0.1333731972308160E-03
    249.2283470775254      -0.1330863731507500E-03
    249.2701211178020      -0.1327995490706839E-03
    249.3118951580786      -0.1325127249906179E-03
    249.3536691983551      -0.1322259009105519E-03
    249.3954432386317      -0.1319390768304858E-03
    249.4372172789083      -0.1316522527504198E-03
    249.4789913191849      -0.1313654286703538E-03
    249.5207653594614      -0.1310786045902878E-03
    249.5625393997380      -0.1307917805102217E-03
    249.6043134400146      -0.1305049564301557E-03
    249.6460874802912      -0.1302181323500897E-03
    249.6878615205678      -0.1299313082700237E-03
    249.7296355608443      -0.1296444841899576E-03
    249.7714096011209      -0.1293576601098916E-03
    249.8131836413975      -0.1290708360298256E-03
    249.8549576816741      -0.1287840119497595E-03
    249.8967317219507      -0.1284971878696935E-03
    249.9385057622272      -0.1282103637896275E-03
    249.9802798025038      -0.1279235397095615E-03
    250.0220538427804      -0.1276367156294955E-03
    250.0638278830570      -0.1273498915494294E-03
    250.1056019233336      -0.1270630674693634E-03
    250.1473759636101      -0.1267762433892974E-03
    250.1891500038867      -0.1264894193092314E-03
    250.2309240441633      -0.1262025952291653E-03
    250.2726980844399      -0.1259157711490993E-03
    250.3144721247164      -0.1256289470690332E-03
    250.3562461649930      -0.1253421229889672E-03
    250.3980202052696      -0.1250552989089012E-03
    250.4397942455462      -0.1247684748288352E-03
    250.4815682858228      -0.1244816507487692E-03
    250.5233423260993      -0.1241948266687031E-03
    250.5651163663759      -0.1239080025886371E-03
    250.6068904066525      -0.1236211785085711E-03
    250.6486644469291      -0.1233343544285051E-03
    250.6904384872057      -0.1230475303484390E-03
    250.7322125274822      -0.1227607062683730E-03
    250.7739865677588      -0.1224738821883070E-03
    250.8157606080354      -0.1221870581082409E-03
    250.8575346483120      -0.1219002340281749E-03
    250.8993086885885      -0.1216134099481089E-03
    250.9410827288651      -0.1213265858680429E-03
    250.9828567691417      -0.1210397617879768E-03
    251.0246308094183      -0.1207529377079108E-03
    251.0664048496949      -0.1204661136278448E-03
    251.1081788899714      -0.1201792895477788E-03
    251.1499529302480      -0.1198924654677127E-03
    251.1917269705246      -0.1196056413876467E-03
    251.2335010108012      -0.1193188173075807E-03
    251.2752750510778      -0.1190319932275146E-03
    251.3170490913543      -0.1187451691474486E-03
    251.3588231316309      -0.1184583450673826E-03
    251.4005971719075      -0.1181715209873166E-03
    251.4423712121841      -0.1178846969072505E-03
    251.4841452524606      -0.1175978728271845E-03
    251.5259192927372      -0.1173110487471185E-03
    251.5676933330138      -0.1170242246670525E-03
    251.6094673732904      -0.1167374005869864E-03
    251.6512414135670      -0.1164505765069204E-03
    251.6930154538435      -0.1161637524268544E-03
    251.7347894941201      -0.1158769283467883E-03
    251.7765635343967      -0.1155901042667223E-03
    251.8183375746733      -0.1153032801866563E-03
    251.8601116149499      -0.1150164561065903E-03
    251.9018856552264      -0.1147296320265242E-03
    251.9436596955030      -0.1144428079464582E-03
    251.9854337357796      -0.1141559838663922E-03
    252.0272077760562      -0.1138691597863262E-03
    252.0689818163328      -0.1135823357062601E-03
    252.1107558566093      -0.1132955116261941E-03
    252.1525298968859      -0.1130086875461281E-03
    252.1943039371625      -0.1127218634660620E-03
    252.2360779774391      -0.1124350393859960E-03
    252.2778520177156      -0.1121482153059300E-03
    252.3196260579922      -0.1118613912258640E-03
    252.3614000982688      -0.1115745671457979E-03
    252.4031741385454      -0.1112877430657319E-03
    252.4449481788220      -0.1110009189856659E-03
    252.4867222190985      -0.1107140949055999E-03
    252.5284962593751      -0.1104272708255338E-03
    252.5702702996517      -0.1101404467454678E-03
    252.6120443399283      -0.1098536226654018E-03
    252.6538183802049      -0.1095667985853358E-03
    252.6955924204814      -0.1092799745052697E-03
    252.7373664607580      -0.1089931504252037E-03
    252.7791405010346      -0.1087063263451377E-03
    252.8209145413112      -0.1084195022650716E-03
    252.8626885815877      -0.1081326781850056E-03
    252.9044626218643      -0.1078458541049396E-03
    252.9462366621409      -0.1075590300248736E-03
    252.9880107024175      -0.1072722059448075E-03
    253.0297847426941      -0.1069853818647415E-03
    253.0715587829706      -0.1066985577846755E-03
    253.1133328232472      -0.1064117337046095E-03
    253.1551068635238      -0.1061249096245434E-03
    253.1968809038004      -0.1058380855444774E-03
    253.2386549440770      -0.1055512614644114E-03
    253.2804289843535      -0.1052644373843453E-03
    253.3222030246301      -0.1049776133042793E-03
    253.3639770649067      -0.1046907892242133E-03
    253.4057511051833      -0.1044039651441473E-03
    253.4475251454598      -0.1041171410640813E-03
    253.4892991857364      -0.1038303169840152E-03
    253.5310732260130      -0.1035434929039492E-03
    253.5728472662896      -0.1032566688238832E-03
    253.6146213065662      -0.1029698447438171E-03
    253.6563953468427      -0.1026830206637511E-03
    253.6981693871193      -0.1023961965836851E-03
    253.7399434273959      -0.1021093725036191E-03
    253.7817174676725      -0.1018225484235530E-03
    253.8234915079491      -0.1015357243434870E-03
    253.8652655482256      -0.1012489002634210E-03
    253.9070395885022      -0.1009620761833550E-03
    253.9488136287788      -0.1006752521032889E-03
    253.9905876690554      -0.1003884280232229E-03
    254.0323617093320      -0.1001016039431569E-03
    254.0741357496085      -0.9981477986309084E-04
    254.1159097898851      -0.9952795578302481E-04
    254.1576838301617      -0.9924113170295879E-04
    254.1994578704383      -0.9895430762289276E-04
    254.2412319107148      -0.9866748354282673E-04
    254.2830059509914      -0.9838065946276072E-04
    254.3247799912680      -0.9809383538269468E-04
    254.3665540315446      -0.9780701130262865E-04
    254.4083280718212      -0.9752018722256262E-04
    254.4501021120977      -0.9723336314249661E-04
    254.4918761523743      -0.9694653906243057E-04
    254.5336501926509      -0.9665971498236454E-04
    254.5754242329275      -0.9637289090229853E-04
    254.6171982732041      -0.9608606682223250E-04
    254.6589723134806      -0.9579924274216646E-04
    254.7007463537572      -0.9551241866210045E-04
    254.7425203940338      -0.9522559458203442E-04
    254.7842944343104      -0.9493877050196839E-04
    254.8260684745869      -0.9465194642190235E-04
    254.8678425148635      -0.9436512234183634E-04
    254.9096165551401      -0.9407829826177031E-04
    254.9513905954167      -0.9379147418170427E-04
    254.9931646356933      -0.9350465010163826E-04
    255.0349386759698      -0.9321782602157223E-04
    255.0767127162464      -0.9293100194150620E-04
    255.1184867565230      -0.9264417786144018E-04
    255.1602607967996      -0.9235735378137415E-04
    255.2020348370762      -0.9207052970130812E-04
    255.2438088773527      -0.9178370562124209E-04
    255.2855829176293      -0.9149688154117607E-04
    255.3273569579059      -0.9121005746111004E-04
    255.3691309981825      -0.9092323338104401E-04
    255.4109050384590      -0.9063640930097799E-04
    255.4526790787356      -0.9034958522091196E-04
    255.4944531190122      -0.9006276114084593E-04
    255.5362271592888      -0.8977593706077991E-04
    255.5780011995654      -0.8948911298071388E-04
    255.6197752398419      -0.8920228890064785E-04
    255.6615492801185      -0.8891546482058182E-04
    255.7033233203951      -0.8862864074051580E-04
    255.7450973606717      -0.8834181666044977E-04
    255.7868714009483      -0.8805499258038374E-04
    255.8286454412248      -0.8776816850031772E-04
    255.8704194815014      -0.8748134442025169E-04
    255.9121935217780      -0.8719452034018566E-04
    255.9539675620546      -0.8690769626011964E-04
    255.9957416023312      -0.8662087218005361E-04
    256.0375156426077      -0.8633404809998778E-04
    256.0792896828843      -0.8604722401992175E-04
    256.1210637231609      -0.8576039993985572E-04
    256.1628377634376      -0.8547357585978969E-04
    256.2046118037142      -0.8518675177972367E-04
    256.2463858439908      -0.8489992769965764E-04
    256.2881598842674      -0.8461310361959161E-04
    256.3299339245440      -0.8432627953952559E-04
    256.3717079648206      -0.8403945545945956E-04
    256.4134820050972      -0.8375263137939353E-04
    256.4552560453738      -0.8346580729932751E-04
    256.4970300856504      -0.8317898321926148E-04
    256.5388041259270      -0.8289215913919545E-04
    256.5805781662036      -0.8260533505912942E-04
    256.6223522064802      -0.8231851097906340E-04
    256.6641262467568      -0.8203168689899737E-04
    256.7059002870334      -0.8174486281893134E-04
    256.7476743273101      -0.8145803873886532E-04
    256.7894483675867      -0.8117121465879929E-04
    256.8312224078633      -0.8088439057873326E-04
    256.8729964481399      -0.8059756649866725E-04
    256.9147704884165      -0.8031074241860121E-04
    256.9565445286931      -0.8002391833853518E-04
    256.9983185689697      -0.7973709425846917E-04
    257.0400926092463      -0.7945027017840313E-04
    257.0818666495229      -0.7916344609833710E-04
    257.1236406897995      -0.7887662201827107E-04
    257.1654147300761      -0.7858979793820506E-04
    257.2071887703527      -0.7830297385813902E-04
    257.2489628106293      -0.7801614977807299E-04
    257.2907368509059      -0.7772932569800698E-04
    257.3325108911826      -0.7744250161794095E-04
    257.3742849314592      -0.7715567753787491E-04
    257.4160589717358      -0.7686885345780890E-04
    257.4578330120124      -0.7658202937774287E-04
    257.4996070522890      -0.7629520529767684E-04
    257.5413810925656      -0.7600838121761080E-04
    257.5831551328422      -0.7572155713754479E-04
    257.6249291731188      -0.7543473305747876E-04
    257.6667032133954      -0.7514790897741273E-04
    257.7084772536720      -0.7486108489734671E-04
    257.7502512939486      -0.7457426081728068E-04
    257.7920253342252      -0.7428743673721465E-04
    257.8337993745018      -0.7400061265714863E-04
    257.8755734147784      -0.7371378857708260E-04
    257.9173474550551      -0.7342696449701657E-04
    257.9591214953317      -0.7314014041695054E-04
    258.0008955356083      -0.7285331633688452E-04
    258.0426695758849      -0.7256649225681849E-04
    258.0844436161615      -0.7227966817675246E-04
    258.1262176564381      -0.7199284409668644E-04
    258.1679916967147      -0.7170602001662041E-04
    258.2097657369913      -0.7141919593655438E-04
    258.2515397772679      -0.7113237185648836E-04
    258.2933138175445      -0.7084554777642233E-04
    258.3350878578211      -0.7055872369635630E-04
    258.3768618980977      -0.7027189961629027E-04
    258.4186359383743      -0.6998507553622425E-04
    258.4604099786509      -0.6969825145615822E-04
    258.5021840189276      -0.6941142737609219E-04
    258.5439580592042      -0.6912460329602617E-04
    258.5857320994808      -0.6883777921596014E-04
    258.6275061397574      -0.6855095513589411E-04
    258.6692801800340      -0.6826413105582809E-04
    258.7110542203106      -0.6797730697576206E-04
    258.7528282605872      -0.6769048289569603E-04
    258.7946023008638      -0.6740365881563000E-04
    258.8363763411404      -0.6711683473556398E-04
    258.8781503814170      -0.6683001065549795E-04
    258.9199244216936      -0.6654318657543192E-04
    258.9616984619702      -0.6625636249536590E-04
    259.0034725022468      -0.6596953841529987E-04
    259.0452465425234      -0.6568271433523384E-04
    259.0870205828001      -0.6539589025516782E-04
    259.1287946230767      -0.6510906617510179E-04
    259.1705686633533      -0.6482224209503576E-04
    259.2123427036299      -0.6453541801496973E-04
    259.2541167439065      -0.6424859393490371E-04
    259.2958907841831      -0.6396176985483768E-04
    259.3376648244597      -0.6367494577477165E-04
    259.3794388647363      -0.6338812169470563E-04
    259.4212129050129      -0.6310129761463960E-04
    259.4629869452895      -0.6281447353457357E-04
    259.5047609855661      -0.6252764945450755E-04
    259.5465350258427      -0.6224082537444152E-04
    259.5883090661193      -0.6195400129437549E-04
    259.6300831063959      -0.6166717721430946E-04
    259.6718571466726      -0.6138035313424344E-04
    259.7136311869492      -0.6109352905417741E-04
    259.7554052272258      -0.6080670497411139E-04
    259.7971792675024      -0.6051988089404536E-04
    259.8389533077790      -0.6023305681397933E-04
    259.8807273480556      -0.5994623273391331E-04
    259.9225013883322      -0.5965940865384728E-04
    259.9642754286088      -0.5937258457378125E-04
    260.0060494688854      -0.5908576049371522E-04
    260.0478235091620      -0.5879893641364920E-04
    260.0895975494386      -0.5851211233358318E-04
    260.1313715897152      -0.5822528825351714E-04
    260.1731456299918      -0.5793846417345112E-04
    260.2149196702684      -0.5765164009338509E-04
    260.2566937105451      -0.5736481601331907E-04
    260.2984677508217      -0.5707799193325304E-04
    260.3402417910983      -0.5679116785318701E-04
    260.3820158313749      -0.5650434377312099E-04
    260.4237898716515      -0.5621751969305495E-04
    260.4655639119281      -0.5593069561298893E-04
    260.5073379522047      -0.5564387153292291E-04
    260.5491119924813      -0.5535704745285688E-04
    260.5908860327579      -0.5507022337279085E-04
    260.6326600730345      -0.5478339929272482E-04
    260.6744341133111      -0.5449657521265880E-04
    260.7162081535877      -0.5420975113259277E-04
    260.7579821938643      -0.5392292705252674E-04
    260.7997562341409      -0.5363610297246072E-04
    260.8415302744176      -0.5334927889239469E-04
    260.8833043146942      -0.5306245481232866E-04
    260.9250783549708      -0.5277563073226264E-04
    260.9668523952474      -0.5248880665219661E-04
    261.0086264355240      -0.5220198257213058E-04
    261.0504004758006      -0.5191515849206455E-04
    261.0921745160772      -0.5162833441199853E-04
    261.1339485563538      -0.5134151033193250E-04
    261.1757225966304      -0.5105468625186647E-04
    261.2174966369070      -0.5076786217180045E-04
    261.2592706771836      -0.5048103809173442E-04
    261.3010447174602      -0.5019421401166839E-04
    261.3428187577368      -0.4990738993160237E-04
    261.3845927980134      -0.4962056585153634E-04
    261.4263668382901      -0.4933374177147031E-04
    261.4681408785667      -0.4904691769140428E-04
    261.5099149188433      -0.4876009361133826E-04
    261.5516889591199      -0.4847326953127223E-04
    261.5934629993965      -0.4818644545120620E-04
    261.6352370396731      -0.4789962137114018E-04
    261.6770110799497      -0.4761279729107415E-04
    261.7187851202263      -0.4732597321100812E-04
    261.7605591605029      -0.4703914913094210E-04
    261.8023332007795      -0.4675232505087607E-04
    261.8441072410561      -0.4646550097081005E-04
    261.8858812813327      -0.4617867689074402E-04
    261.9276553216093      -0.4589185281067799E-04
    261.9694293618859      -0.4560502873061197E-04
    262.0112034021626      -0.4531820465054594E-04
    262.0529774424392      -0.4503138057047991E-04
    262.0947514827158      -0.4474455649041389E-04
    262.1365255229924      -0.4445773241034786E-04
    262.1782995632690      -0.4417090833028183E-04
    262.2200736035456      -0.4388408425021580E-04
    262.2618476438222      -0.4359726017014978E-04
    262.3036216840988      -0.4331043609008375E-04
    262.3453957243754      -0.4302361201001772E-04
    262.3871697646520      -0.4273678792995170E-04
    262.4289438049286      -0.4244996384988567E-04
    262.4707178452052      -0.4216313976981964E-04
    262.5124918854818      -0.4187631568975362E-04
    262.5542659257584      -0.4158949160968759E-04
    262.5960399660351      -0.4130266752962156E-04
    262.6378140063117      -0.4101584344955553E-04
    262.6795880465883      -0.4072901936948951E-04
    262.7213620868649      -0.4044219528942348E-04
    262.7631361271415      -0.4015537120935745E-04
    262.8049101674181      -0.3986854712929143E-04
    262.8466842076947      -0.3958172304922540E-04
    262.8884582479713      -0.3929489896915937E-04
    262.9302322882479      -0.3900807488909335E-04
    262.9720063285245      -0.3872125080902732E-04
    263.0137803688011      -0.3843442672896129E-04
    263.0555544090777      -0.3814760264889526E-04
    263.0973284493543      -0.3786077856882924E-04
    263.1391024896309      -0.3757395448876322E-04
    263.1808765299076      -0.3728713040869718E-04
    263.2226505701842      -0.3700030632863116E-04
    263.2644246104608      -0.3671348224856513E-04
    263.3061986507374      -0.3642665816849911E-04
    263.3479726910140      -0.3613983408843308E-04
    263.3897467312906      -0.3585301000836705E-04
    263.4315207715672      -0.3556618592830103E-04
    263.4732948118438      -0.3527936184823500E-04
    263.5150688521204      -0.3499253776816897E-04
    263.5568428923970      -0.3470571368810295E-04
    263.5986169326736      -0.3441888960803692E-04
    263.6403909729502      -0.3413206552797089E-04
    263.6821650132268      -0.3384524144790486E-04
    263.7239390535034      -0.3355841736783884E-04
    263.7657130937801      -0.3327159328777281E-04
    263.8074871340567      -0.3298476920770678E-04
    263.8492611743333      -0.3269794512764076E-04
    263.8910352146099      -0.3241112104757473E-04
    263.9328092548865      -0.3212429696750870E-04
    263.9745832951631      -0.3183747288744268E-04
    264.0163573354397      -0.3155064880737665E-04
    264.0581313757163      -0.3126382472731062E-04
    264.0999054159929      -0.3097700064724459E-04
    264.1416794562695      -0.3069017656717857E-04
    264.1834534965461      -0.3040335248711254E-04
    264.2252275368227      -0.3011652840704651E-04
    264.2670015770993      -0.2982970432698049E-04
    264.3087756173759      -0.2954288024691446E-04
    264.3505496576526      -0.2925605616684843E-04
    264.3923236979292      -0.2896923208678241E-04
    264.4340977382058      -0.2868240800671638E-04
    264.4758717784824      -0.2839558392665035E-04
    264.5176458187590      -0.2810875984658433E-04
    264.5594198590356      -0.2782193576651830E-04
    264.6011938993122      -0.2753511168645227E-04
    264.6429679395888      -0.2724828760638625E-04
    264.6847419798654      -0.2696146352632022E-04
    264.7265160201420      -0.2667463944625419E-04
    264.7682900604186      -0.2638781536618817E-04
    264.8100641006952      -0.2610099128612214E-04
    264.8518381409718      -0.2581416720605611E-04
    264.8936121812484      -0.2552734312599009E-04
    264.9353862215251      -0.2524051904592406E-04
    264.9771602618017      -0.2495369496585803E-04
    265.0189343020783      -0.2466687088579200E-04
    265.0607083423549      -0.2438004680572598E-04
    265.1024823826315      -0.2409322272565995E-04
    265.1442564229081      -0.2380639864559392E-04
    265.1860304631847      -0.2351957456552790E-04
    265.2278045034613      -0.2323275048546187E-04
    265.2695785437379      -0.2294592640539584E-04
    265.3113525840145      -0.2265910232532982E-04
    265.3531266242911      -0.2237227824526379E-04
    265.3949006645677      -0.2208545416519776E-04
    265.4366747048443      -0.2179863008513173E-04
    265.4784487451209      -0.2151180600506571E-04
    265.5202227853976      -0.2122498192499968E-04
    265.5619968256742      -0.2093815784493366E-04
    265.6037708659508      -0.2065133376486763E-04
    265.6455449062274      -0.2036450968480160E-04
    265.6873189465040      -0.2007768560473558E-04
    265.7290929867806      -0.1979086152466955E-04
    265.7708670270572      -0.1950403744460352E-04
    265.8126410673338      -0.1921721336453749E-04
    265.8544151076104      -0.1893038928447147E-04
    265.8961891478870      -0.1864356520440544E-04
    265.9379631881636      -0.1835674112433941E-04
    265.9797372284402      -0.1806991704427339E-04
    266.0215112687168      -0.1778309296420736E-04
    266.0632853089934      -0.1749626888414133E-04
    266.1050593492701      -0.1720944480407531E-04
    266.1468333895467      -0.1692262072400928E-04
    266.1886074298233      -0.1663579664394325E-04
    266.2303814700999      -0.1634897256387722E-04
    266.2721555103765      -0.1606214848381120E-04
    266.3139295506531      -0.1577532440374517E-04
    266.3557035909297      -0.1548850032367915E-04
    266.3974776312063      -0.1520167624361312E-04
    266.4392516714829      -0.1491485216354709E-04
    266.4810257117595      -0.1462802808348106E-04
    266.5227997520361      -0.1434120400341504E-04
    266.5645737923127      -0.1405437992334901E-04
    266.6063478325893      -0.1376755584328298E-04
    266.6481218728659      -0.1348073176321696E-04
    266.6898959131425      -0.1319390768315093E-04
    266.7316699534192      -0.1290708360308490E-04
    266.7734439936958      -0.1262025952301888E-04
    266.8152180339724      -0.1233343544295285E-04
    266.8569920742490      -0.1204661136288682E-04
    266.8987661145256      -0.1175978728282080E-04
    266.9405401548022      -0.1147296320275477E-04
    266.9823141950788      -0.1118613912268874E-04
    267.0240882353554      -0.1089931504262272E-04
    267.0658622756320      -0.1061249096255669E-04
    267.1076363159086      -0.1032566688249066E-04
    267.1494103561852      -0.1003884280242464E-04
    267.1911843964618      -0.9752018722358608E-05
    267.2329584367384      -0.9465194642292581E-05
    267.2747324770150      -0.9178370562226555E-05
    267.3165065172917      -0.8891546482160527E-05
    267.3582805575683      -0.8604722402094501E-05
    267.4000545978449      -0.8317898322028474E-05
    267.4418286381215      -0.8031074241962448E-05
    267.4836026783981      -0.7744250161896421E-05
    267.5253767186747      -0.7457426081830393E-05
    267.5671507589513      -0.7170602001764365E-05
    267.6089247992279      -0.6883777921698337E-05
    267.6506988395045      -0.6596953841632310E-05
    267.6924728797811      -0.6310129761566282E-05
    267.7342469200577      -0.6023305681500254E-05
    267.7760209603343      -0.5736481601434227E-05
    267.8177950006109      -0.5449657521368199E-05
    267.8595690408875      -0.5162833441302171E-05
    267.9013430811642      -0.4876009361236143E-05
    267.9431171214408      -0.4589185281170116E-05
    267.9848911617174      -0.4302361201104088E-05
    268.0266652019940      -0.4015537121038060E-05
    268.0684392422706      -0.3728713040972033E-05
    268.1102132825472      -0.3441888960906005E-05
    268.1519873228238      -0.3155064880839977E-05
    268.1937613631004      -0.2868240800773950E-05
    268.2355354033770      -0.2581416720707922E-05
    268.2773094436536      -0.2294592640641894E-05
    268.3190834839302      -0.2007768560575866E-05
    268.3608575242068      -0.1720944480509839E-05
    268.4026315644834      -0.1434120400443811E-05
    268.4444056047600      -0.1147296320377784E-05
    268.4861796450367      -0.8604722403117566E-06
    268.5279536853133      -0.5736481602457290E-06
    268.5697277255899      -0.2868240801797015E-06
    268.6115017658665      -0.1783633275933639E-15
