 zone  i=          13  j=          33 k=           1                                                
        -0.768309665045037            -0.741813749316478E-09         -1.16175686832936    
        -0.768309665045037            -0.741813749316478E-09         -1.16175686832936    
        -0.768309665045037            -0.741813749316478E-09         -1.16175686832936    
        -0.768309665045037            -0.741813749316478E-09         -1.16175686832936    
        -0.768309665045037            -0.741813749316478E-09         -1.16175686832936    
        -0.768309665045037            -0.741813749316478E-09         -1.16175686832936    
        -0.768309665045037            -0.741813749316478E-09         -1.16175686832936    
        -0.768309665045037            -0.741813749316478E-09         -1.16175686832936    
        -0.768309665045037            -0.741813749316478E-09         -1.16175686832936    
        -0.768309665045037            -0.741813749316478E-09         -1.16175686832936    
        -0.768309665045037            -0.741813749316478E-09         -1.16175686832936    
        -0.768309665045037            -0.741813749316478E-09         -1.16175686832936    
        -0.768309665045037            -0.741813749316478E-09         -1.16175686832936    
         0.451917648236241E-01        -0.741813593191365E-09        -0.974348053485744    
         0.312058202469788E-01         0.418879581878809E-01        -0.986292221845908    
         0.172397149317227E-01         0.837694798148410E-01        -0.998281212727060    
         0.337647071761711E-02         0.125639561073992             -1.01046600464003    
        -0.106017021741243E-01         0.167503346591389             -1.02273346799144    
        -0.248063463601735E-01         0.209360098759465             -1.03516031391459    
        -0.390364731227040E-01         0.251204915096046             -1.04770136211942    
        -0.532918440348722E-01         0.293037959513862             -1.06035542051002    
        -0.675536929155834E-01         0.334841916863019             -1.07326804356696    
        -0.818183838928262E-01         0.376629274316991             -1.08630857795881    
        -0.961074527023721E-01         0.418220830505591             -1.10033795280650    
        -0.110400924461493             0.459772064149599             -1.11455687015125    
        -0.124452788690010             0.493840232429156             -1.12910695087266    
         0.883424869026073            -0.741813638294175E-09        -0.868305684461888    
         0.868699897666062             0.615721692308041E-01        -0.884115632815256    
         0.854016172960533             0.123136694905492            -0.900008789011012    
         0.839541779998461             0.184683506822191            -0.916291342028428    
         0.824836598128710             0.246222830902964            -0.932736019382565    
         0.809672639603512             0.307753333493785            -0.949499462012108    
         0.794456408127252             0.369264911606945            -0.966491488115183    
         0.779187963330327             0.430757893067907            -0.983710965188930    
         0.763905452204891             0.492196604495562             -1.00145645279809    
         0.748616146558105             0.553606586480879             -1.01946372361056    
         0.733276058195832             0.614618558435528             -1.03949898189693    
         0.717925658745321             0.675551554230530             -1.05993227950108    
         0.703107290536530             0.720772586355424             -1.08091978101897    
          1.72470385522499            -0.741813624416388E-09        -0.790002318911149    
          1.70918590102834             0.806325170633021E-01        -0.807598143776143    
          1.69373053183778             0.161256198476134            -0.825315681104615    
          1.67859106732554             0.241855956070242            -0.843616151556120    
          1.66310482314406             0.322447011382091            -0.862158199347868    
          1.64692764206293             0.403027546469754            -0.881178335639451    
          1.63067130621887             0.483582153531814            -0.900541555914537    
          1.61433581565043             0.564111428614539            -0.920246727656864    
          1.59797862920968             0.644561191093918            -0.940745355935503    
          1.58161071426648             0.724970124385314            -0.961639698992470    
          1.56516579017016             0.804777467973040            -0.985601117201552    
          1.54870465409610             0.884467390401392             -1.01016948887999    
          1.53310575908192             0.939929573692197             -1.03549001137762    
          2.56660446706525            -0.741813830848481E-09        -0.718259017135114    
          2.55090960469394             0.970708155109199E-01        -0.737859705597864    
          2.53529890407434             0.194131603276749            -0.757620730397253    
          2.52011068103787             0.291162290690598            -0.778158165075219    
          2.50445944910992             0.388182979419200            -0.799016630156285    
          2.48788529879964             0.485191538596057            -0.820512685850224    
          2.47120481382409             0.582167166199108            -0.842466147297223    
          2.45441847105864             0.679110666890621            -0.864876179996299    
          2.43760280277935             0.775949442210569            -0.888347055727621    
          2.42077259111605             0.872735348201054            -0.912347577903169    
          2.40383890527285             0.968715458965396            -0.940453726663487    
          2.38688304679933              1.06453994198861            -0.969375623945582    
          2.37111236745260              1.12752286076524            -0.999169000356945    
          3.40834319453051            -0.741885587251384E-09        -0.644639525822450    
          3.39328562421773             0.109513181193256            -0.666740749684217    
          3.37833343478199             0.219015202151743            -0.689040814565031    
          3.36391029585136             0.328480938774525            -0.712310766105649    
          3.34890851485366             0.437935544222035            -0.735981201143531    
          3.33275111873489             0.547376351185746            -0.760448669344032    
          3.31646092328594             0.656777342236835            -0.785487984323324    
          3.30003769011454             0.766139471048969            -0.811098371185497    
          3.28357750175245             0.875371721326078            -0.838037047251221    
          3.26709871664431             0.984539002527610            -0.865639241898332    
          3.25048999228429              1.09269741546899            -0.898385137861268    
          3.23385337294028              1.20066169606415            -0.932155815927881    
          3.21866371644188              1.26734808994349            -0.966801012703959    
          4.24993004641522            -0.741813585385109E-09        -0.569307167012424    
          4.23587335716084             0.119715127416865            -0.594354410978944    
          4.22194350634626             0.239418006812796            -0.619638881439512    
          4.20864880215823             0.359078447691826            -0.646086894157068    
          4.19465982274824             0.478726639806784            -0.673014664660168    
          4.17928276992476             0.598359364505992            -0.700898970491949    
          4.16374597628190             0.717945359151525            -0.729469504542239    
          4.14804944182563             0.837485815835412            -0.758725730340651    
          4.13230808409589             0.956871300425515            -0.789577512732287    
          4.11654431466040              1.07617989500791            -0.821226864698625    
          4.10062366412027              1.19427732315653            -0.859057337119634    
          4.08466963460389              1.31214205474925            -0.898121625299156    
          4.07036832329886              1.38049892844519            -0.937925308142232    
          5.09139601393355            -0.741813614279097E-09        -0.492633758520078    
          5.07845655462595             0.129161301621930            -0.520943820898653    
          5.06566443766799             0.258309282337917            -0.549529554846761    
          5.05361475559203             0.387408595849930            -0.579472367431853    
          5.04075444991021             0.516494647317156            -0.609974271693030    
          5.02627432781588             0.645563562436626            -0.641592213446214    
          5.01160728501723             0.774578833361228            -0.674010824467299    
          4.99675332149548             0.903541771392068            -0.707229627902389    
          4.98184690506730              1.03232482258413            -0.742311314936563    
          4.96691426197791              1.16101876481290            -0.778324562957120    
          4.95179755761386              1.28830031531769            -0.821555635327485    
          4.93664175183984              1.41531042624258            -0.866229795576071    
          4.92330078902701              1.48472063324392            -0.911362135415776    
          5.93280046086288            -0.741813657687842E-09        -0.415282971597724    
          5.92097489426399             0.138694871140080            -0.446955809006464    
          5.90931908129844             0.277375318686830            -0.478942763052683    
          5.89851156100296             0.416000915045786            -0.512480421510508    
          5.88677802242476             0.554612236079068            -0.546656416120132    
          5.87319149396731             0.693204602820717            -0.582108069584254    
          5.85939181862518             0.831736470830700            -0.618474714155414    
          5.84537851951309             0.970209270619081            -0.655756171019383    
          5.83130466106396              1.10847714961396            -0.695167719281985    
          5.81720076101224              1.24664393910807            -0.735644879563130    
          5.80288561963132              1.38319711158741            -0.784375852824179    
          5.78852517756181              1.51943998225292            -0.834759305328457    
          5.77610975504235              1.59004538161765            -0.885189009352059    
          6.77423112307505            -0.741813526653962E-09        -0.338223414577983    
          6.76347701129740             0.148541916396142            -0.373124945977993    
          6.75291363395863             0.297068306511335            -0.408379098675971    
          6.74330536080293             0.445533616751266            -0.445377521938277    
          6.73265424421935             0.593983608582045            -0.483093525813774    
          6.71991887169354             0.742412947386291            -0.522244780085838    
          6.70694317246890             0.890774813712364            -0.562425347297445    
          6.69372666962736              1.03907087648851            -0.603635406283531    
          6.68044245474262              1.18713704412057            -0.647242704860292    
          6.66712390650199              1.33508996289971            -0.692049726104117    
          6.65356646016418              1.48122815858188            -0.746146131706124    
          6.63995846753729              1.62701742863394            -0.802104348344875    
          6.62839944485183              1.69914238884701            -0.857600507754178    
          7.61578956471489            -0.731491035712434E-09        -0.262572498831339    
          7.60607257604192             0.158546019896097            -0.300448510011197    
          7.59656777951328             0.317075381021150            -0.338715557704343    
          7.58812489875378             0.475537463385595            -0.378920531483488    
          7.57852377999493             0.633983154454825            -0.419922330307283    
          7.56660523195240             0.792406404355313            -0.462518971040399    
          7.55441965428811             0.950755327240049            -0.506259276333188    
          7.54196657004816              1.10903171124607            -0.551143663465543    
          7.52943766744840              1.26705316615216            -0.598692557579352    
          7.51687061661675              1.42494921285247            -0.647575225409635    
          7.50403748788874              1.58082954958210            -0.706782431716210    
          7.49114761361560              1.73632209844571            -0.768060959697186    
          7.48038634071952              1.81014626791022            -0.828303020258878    
          8.45756447685973            -0.719435404479551E-09        -0.189377628681247    
          8.44888794929870             0.168419693527945            -0.230076232001227    
          8.44044316431401             0.336821625596947            -0.271204316801834    
          8.43316853729649             0.505150035316383            -0.314463938438801    
          8.42461789365060             0.673461040458983            -0.358599569853561    
          8.41351903172451             0.841747726883421            -0.404489753782938    
          8.40212548373110              1.00995329135884            -0.451637923982626    
          8.39043724950981              1.17807940281240            -0.500044765991633    
          8.37866604442349              1.34592561081427            -0.551383322689035    
          8.36685287631222              1.51363437046621            -0.604189704122245    
          8.35474597380296              1.67912667169156            -0.668355539694729    
          8.34257612652093              1.84419244202334            -0.734802207607499    
          8.33258542458779              1.91965812343994            -0.799565578494587    
          9.29961308159402            -0.732020650475937E-09        -0.119395522205969    
          9.29200944001611             0.177939136744644            -0.163010840822168    
          9.28466138301168             0.355859409342403            -0.207094048625523    
          9.27858743467445             0.533699886199192            -0.253502448710894    
          9.27112302898208             0.711521885592763            -0.300866058195807    
          9.26087770872336             0.889317837730193            -0.350143871173263    
          9.25031099970933              1.06702569417114            -0.400794021891585    
          9.23942290177324              1.24464730265605            -0.452817523721671    
          9.22844325013466              1.42196421215108            -0.508039828616829    
          9.21741877459929              1.59913127552353            -0.564864098491082    
          9.20607195484278              1.77388208568723            -0.634082022661360    
          9.19465646817102              1.94816726430106            -0.705790408876470    
          9.18543252337025              2.02504998656966            -0.775050234333895    
          10.1419439643106            -0.744459948331597E-09        -0.529025285498762E-01
          10.1354513555119             0.187084024361705            -0.996780101494063E-01
          10.1292343586152             0.374148081888528            -0.146959803538299    
          10.1243992358144             0.561126010678257            -0.196760466999842    
          10.1180573076229             0.748084567932217            -0.247595479867853    
          10.1087017686254             0.935015170577959            -0.300504406797725    
          10.0989990919145              1.12185076338417            -0.354899963320986    
          10.0889473699765              1.30859331329989            -0.410783550242996    
          10.0787964652433              1.49500613026853            -0.470133028590590    
          10.0685959684702              1.68125706096932            -0.531218582339810    
          10.0580464251229              1.86489242051571            -0.605731245440573    
          10.0474224929517              2.04802304785508            -0.682944238556509    
          10.0389624446630              2.12610275061963            -0.756783964807830    
          10.9845247029959            -0.745615694511780E-09         0.103593440129585E-01
          10.9791374046020             0.196156313519076            -0.396242636479482E-01
          10.9740476528153             0.392291527712849            -0.901525982479386E-01
          10.9704465869089             0.588334339777919            -0.143393484432253    
          10.9652233212900             0.784356796827514            -0.197747822770708    
          10.9567537486722             0.980349332311869            -0.254335845335512    
          10.9479093820970              1.17624000341800            -0.312524789335486    
          10.9386892677379              1.37203077709404            -0.372316443007840    
          10.9293632952488              1.56746702228379            -0.435841016846829    
          10.9199829626731              1.76272898343174            -0.501235895702196    
          10.9102249739173              1.95517677073453            -0.581090623700770    
          10.9003878282128              2.14708072517192            -0.663855549671845    
          10.8926563905357              2.22638017740584            -0.742201326577339    
          11.8272866365696            -0.751655182106709E-09         0.711451528406878E-01
          11.8229274004212             0.205712353988684             0.184533177122579E-01
          11.8188876456127             0.411402476161382            -0.348216706819864E-01
          11.8164414811483             0.616993863208823            -0.910028977578272E-01
          11.8122567690164             0.822563911760648            -0.148376679733054    
          11.8045949610891              1.02810219099900            -0.208143893742081    
          11.7965307030354              1.23353163211042            -0.269626380625070    
          11.7880649484077              1.43885426164669            -0.332826226641287    
          11.7794847530725              1.64379756715636            -0.400026051355091    
          11.7708463834080              1.84855431005821            -0.469230321278662    
          11.7618017480801              2.05029803800390            -0.553927418551818    
          11.7526722341618              2.25145847479579            -0.641744611550236    
          11.7455816690763              2.33240563785801            -0.724125622069290    
          12.6701401236085            -0.741813737654528E-09         0.130660588899270    
          12.6666506390038             0.216221204537362             0.763094265035360E-01
          12.6635016168134             0.432419044767700             0.213366677491420E-01
          12.6620529967939             0.648511846678005            -0.367359944296787E-01
          12.6587504348570             0.864582267007278            -0.960803906213857E-01
          12.6517371273441              1.08061901066935            -0.157977925673251    
          12.6442956209628              1.29653994245476            -0.221705077581144    
          12.6364259156490              1.51234726772782            -0.287264238073824    
          12.6284331871766              1.72775023501374            -0.357090510288966    
          12.6203784702996              1.94295448033292            -0.429055367893933    
          12.6118898321053              2.15494543907079            -0.517547133739933    
          12.6033105938985              2.36631424440956            -0.609368684447740    
          12.5967216649069              2.44963939442394            -0.694956126069040    
          13.5129716812179            -0.741813667051156E-09         0.190477613799325    
          13.5101688417686             0.227671257160161             0.135643684440076    
          13.5077264921192             0.455317957917202             0.801497007258782E-01
          13.5070932637969             0.682853302257693             0.213621861020908E-01
          13.5044887919561             0.910365192128606            -0.387763422317214E-01
          13.4979418321103              1.13784149797768            -0.101627621255255    
          13.4909390173619              1.36519507780368            -0.166422902088760    
          13.4834803477411              1.59242837538788            -0.233164811146160    
          13.4758919799836              1.81923204260362            -0.304441084145307    
          13.4682387636081              2.04582482849098            -0.377990052895475    
          13.4601220630896              2.26900274486637            -0.469101649899329    
          13.4519099950955              2.49151976480228            -0.563752422878304    
          13.4456739288352              2.57789333482586            -0.651687869575769    
          14.3556725949827            -0.741813654123527E-09         0.252109538221144    
          14.3534743838342             0.239421210562569             0.197508216862312    
          14.3516576434330             0.478816672625538             0.142208373834729    
          14.3517558823873             0.718094489977411             0.834213835911401E-01
          14.3497674835037             0.957347660761326             0.232040496432097E-01
          14.3436039004491              1.19656351898190            -0.398855909467652E-01
          14.3369587138023              1.43564967742732            -0.105033644374743    
          14.3298300163821              1.67460852027217            -0.172242919580582    
          14.3225639922510              1.91311281799329            -0.244253907787658    
          14.3152293057809              2.15139395581262            -0.318671642481225    
          14.3074034798552              2.38605816434903            -0.411688887708594    
          14.2994756119751              2.62002261419208            -0.508454580802936    
          14.2935218361899              2.70963629276151            -0.598250883844531    
          15.1981923220850            -0.741813635692090E-09         0.316172585684613    
          15.1966826624035             0.250604755908868             0.261869839753958    
          15.1955764079491             0.501182571221656             0.206830082515100    
          15.1964909906635             0.751636468429844             0.148109589721891    
          15.1952035409297              1.00206449716922             0.878794083291317E-01
          15.1895091642081              1.25245348480344             0.246173624652237E-01
          15.1833055275978              1.50270562009604            -0.408174961123114E-01
          15.1765916778477              1.75282376405650            -0.108428177488697    
          15.1697328727915              2.00246220971837            -0.181107928366738    
          15.1627996844174              2.25186521690354            -0.256328446646971    
          15.1553496087290              2.49745018870723            -0.351185566316411    
          15.1477908169468              2.74229653956084            -0.450000405716531    
          15.1421612927020              2.83476408856305            -0.541630176761969    
          16.0406166927888            -0.741813739016557E-09         0.381496092326082    
          16.0399586628759             0.260723687760008             0.327310887456192    
          16.0397259726358             0.521419242827655             0.272350166765831    
          16.0416199773327             0.781984531891507             0.213515129677102    
          16.0411965549076              1.04252293920211             0.153091062866999    
          16.0361344625362              1.30302027884264             0.894755849879145E-01
          16.0305364073883              1.56337397120305             0.235728927004937E-01
          16.0244004826022              1.82358675808110            -0.446202234101210E-01
          16.0181119733356              2.08329469348550            -0.118149756262425    
          16.0117452667697              2.34275515025642            -0.194354084943003    
          16.0048330639462              2.59819825368599            -0.291231889766814    
          15.9978073785272              2.85286363548895            -0.392276626548118    
          15.9925888893088              2.94751605237101            -0.485871681255193    
          16.8831917544597            -0.741813580451989E-09         0.444808897319005    
          16.8834568799096             0.270076670099255             0.391130719696911    
          16.8841702331215             0.540124015409936             0.336638581364097    
          16.8871190000218             0.810034717015438             0.278078545814197    
          16.8876301767049              1.07991758318797             0.217850087303617    
          16.8832718940945              1.34975735512553             0.154270715883277    
          16.8783490383984              1.61944644642583             0.882897098155486E-01
          16.8728635175024              1.88898771809340             0.199036976353545E-01
          16.8672177827540              2.15799934273979            -0.540861231050954E-01
          16.8614900361980              2.42675121017673            -0.130884749437077    
          16.8551862761596              2.69128807524159            -0.229394542582942    
          16.8487661741110              2.95500787958316            -0.332280420404370    
          16.8439806533510              3.05141577247087            -0.427613367035677    
          17.7261997938553            -0.741813629728978E-09         0.502057737883572    
          17.7272774485174             0.279448666320704             0.450376136787152    
          17.7288243116570             0.558866875361160             0.397842010884456    
          17.7327133998550             0.838141943785507             0.341046511259059    
          17.7340485493964              1.11738828270145             0.282503076247374    
          17.7302834502436              1.39658944121236             0.220449360634850    
          17.7259270749816              1.67563300493743             0.155879539922572    
          17.7209794241873              1.95452183487832             0.887901793521555E-01
          17.7158639300861              2.23285610303968             0.158294043644220E-01
          17.7106645169376              2.51091821620412            -0.600740665510230E-01
          17.7048585728569              2.78456815480004            -0.158729598410505    
          17.6989305654132              3.05736169357215            -0.261969838732007    
          17.6944883666364              3.15560350217500            -0.358180224541068    
          18.5694367236285            -0.741837712928876E-09         0.555651775715741    
          18.5710923037594             0.289327361643348             0.507926044519669    
          18.5732380730631             0.578623073909713             0.459309313804321    
          18.5778309714204             0.867769267857875             0.406237792433071    
          18.5797554899942              1.15688577861686             0.351338525217509    
          18.5763470630777              1.44595496319513             0.292769877935242    
          18.5723206569706              1.73485963883757             0.231570580648492    
          18.5676762722795              2.02360254733321             0.167737310442305    
          18.5628564147510              2.31176621770687             0.977646960264954E-01
          18.5579469161681              2.59964497766458             0.247156837260798E-01
          18.5524041838428              2.88291415243386            -0.721309398759800E-01
          18.5467317594247              3.16528687301639            -0.173770114840492    
          18.5424783870443              3.26572117887848            -0.269806096236644    
          19.4109513254984            -0.741813667903483E-09         0.631606977691105    
          19.4131314254822             0.299204119814900             0.587656245527865    
          19.4158226953184             0.598375398155947             0.542775800660862    
          19.4210679055290             0.897390750674090             0.493247237535303    
          19.4235302947955              1.19637540671719             0.441811118054087    
          19.4204251343791              1.49531059080330             0.386546563692757    
          19.4166771989768              1.79407447101200             0.328536799523316    
          19.4122826745102              2.09266955070984             0.267778636876210    
          19.4077050475794              2.39066035831342             0.200613200345427    
          19.4030358721811              2.68835433454411             0.130237653032138    
          19.3977048527834              2.98124036128857             0.350186054384529E-01
          19.3922384198748              3.27319107157008            -0.652007725468842E-01
          19.3881300047373              3.37586412789011            -0.161310736516375    
          20.2521474073338            -0.741837752034694E-09         0.711125295091244    
          20.2548558420726             0.307775059387501             0.671967429802127    
          20.2580983346737             0.615516085204655             0.631841347125424    
          20.2640015789507             0.923094658485362             0.586873878039368    
          20.2670056537402              1.23064176042434             0.539918833336849    
          20.2642094819514              1.53813712542141             0.488976417996949    
          20.2607438319523              1.84545427239092             0.435174203141398    
          20.2566067969911              2.15259558548644             0.378509268501650    
          20.2522752150823              2.45910795014425             0.315168854637041    
          20.2478501770822              2.76531084721747             0.248484786753651    
          20.2427346845696              3.06651172204234             0.155908226782579    
          20.2374780568539              3.36673698761802             0.581240665762463E-01
          20.2335088764790              3.47098980542840            -0.376490733622646E-01
          21.0949571111675            -0.741813646425692E-09         0.770808450198264    
          21.0982720823575             0.314679751062833             0.737838498459445    
          21.1021401847179             0.629324395668748             0.703861645654058    
          21.1087758500336             0.943799882211488             0.664850227418024    
          21.1123979046194              1.25824336096538             0.623771005388625    
          21.1099851083139              1.57263259937507             0.578545864039335    
          21.1068761304836              1.88683670560870             0.530346154348134    
          21.1030690643463              2.20085794460720             0.479169462931556    
          21.0990636360277              2.51422579724568             0.421048863211941    
          21.0949552143747              2.82727154609160             0.359451230068091    
          21.0901296347409              3.13512525304619             0.270907832708054    
          21.0851591051512              3.44196281955244             0.176950266143075    
          21.0813596766600              3.54701672375925             0.820688467705166E-01
          21.9389398368548            -0.741813546408041E-09         0.811138463198128    
          21.9430520797091             0.321298251027245             0.783967147533308    
          21.9477403417992             0.642560263106355             0.755750366298488    
          21.9553010708552             0.963646441397950             0.722305780923461    
          21.9597318406621              1.28470007545356             0.686713282657003    
          21.9578969700146              1.60569684655340             0.646816137318477    
          21.9553392144768              1.92650169053778             0.603829803397428    
          21.9520566671176              2.24711639550713             0.557752195421821    
          21.9485643127595              2.56705387224015             0.504462189894812    
          21.9449689644408              2.88665613213447             0.447561815945041    
          21.9406278472046              3.20087799942403             0.362662166972439    
          21.9361322430228              3.51404247980772             0.272141806071874    
          21.9325864896996              3.61990438454291             0.177731398254802    
          22.7829969497750            -0.741861540053774E-09         0.849952379385291    
          22.7878854837351             0.327637443617427             0.829065597324004    
          22.7933710177104             0.655237575400193             0.807094606355766    
          22.8018358300994             0.982655078461822             0.779702751297110    
          22.8070543348192              1.31003956044504             0.750082635761982    
          22.8057764096491              1.63736467607014             0.715999383700866    
          22.8037469889899              1.96449083122180             0.678712203428112    
          22.8009660730778              2.29141981399684             0.638219545872596    
          22.7979696272977              2.61764724982167             0.590245911461740    
          22.7948644644319              2.94352659417969             0.538528572706447    
          22.7909849213406              3.26383886414861             0.457756122914204    
          22.7869451687654              3.58305250074877             0.371156850865944    
          22.7836244802789              3.68974672470049             0.277245631866883    
          23.6265848535363            -0.741813679168597E-09         0.897907687460938    
          23.6321848289477             0.333678702381265             0.883576759844692    
          23.6384027852247             0.667319020041445             0.868122999190990    
          23.6477087388156              1.00076988424461             0.847055374070989    
          23.6536520364360              1.33418742934090             0.823679021636593    
          23.6528643001897              1.66754262783965             0.795681102736986    
          23.6513002726997              2.00069242855339             0.764364515850267    
          23.6489580466794              2.33363754669169             0.729728307827924    
          23.6463907533877              2.66585691837530             0.687342364458389    
          23.6437128346107              2.99771532396283             0.641079559043559    
          23.6402281090294              3.32382164230667             0.564703897813494    
          23.6365831726537              3.64878784239215             0.482295541871301    
          23.6334360505027              3.75634442629512             0.388786265565605    
          24.4700659418308            -0.741837640046774E-09         0.947721473468124    
          24.4764689115330             0.339815298777404             0.939072239039875    
          24.4835089356762             0.679591020737890             0.929261487870690    
          24.4937456761441              1.01917055391226             0.913643752675586    
          24.5005015051211              1.35871629113712             0.895636942556573    
          24.5002974184746              1.69819705915243             0.872850136030155    
          24.4992884303043              2.03746539602406             0.846629921688959    
          24.4974726331684              2.37652189774835             0.816975882633621    
          24.4954260462766              2.71482857272113             0.779303528309293    
          24.4932631109944              3.05276164538545             0.737620975031749    
          24.4902666645647              3.38475761794842             0.664769191278336    
          24.4871023757507              3.71557198734805             0.585678719644073    
          24.4841574302255              3.82421385256648             0.491941631752672    
          25.3140829889869            -0.741813434716583E-09         0.987221214412516    
          25.3214167454111             0.347533385263159             0.981917886551629    
          25.3294123519628             0.695026061217333             0.975414417905837    
          25.3407095792519              1.04231575345047             0.962910786141912    
          25.3484095469927              1.38957123249435             0.947938089546072    
          25.3489169028115              1.73675888129574             0.928026489846925    
          25.3485926543254              2.08372742321926             0.904566980978027    
          25.3474348939582              2.43047673900010             0.877559265028895    
          25.3460387142073              2.77645190930720             0.842265011502459    
          25.3445242780637              3.12204060266517             0.802827102819226    
          25.3421439046982              3.46150456044680             0.731169370474787    
          25.3395899648925              3.79974519169510             0.653065883851747    
          25.3368834361598              3.91033755923173             0.557880668142970    
          26.1587370831689            -0.741813740024698E-09          1.00890178820092    
          26.1669482206576             0.356860856813139              1.00540084513527    
          26.1758402819793             0.713679812219622              1.00066119689910    
          26.1881388685495              1.07028904857345             0.989728146927837    
          26.1967257549754              1.42686335647314             0.976246161501001    
          26.1978892406774              1.78336744993174             0.957666306759387    
          26.1981944194334              2.13964540314640             0.935423981944568    
          26.1976374761911              2.49569709684534             0.909519127319240    
          26.1968363914437              2.85095008792098             0.875059691633893    
          26.1959094203772              3.20580372739502             0.836323025350944    
          26.1940898082116              3.55434022742732             0.764319816591639    
          26.1920909056035              3.90161310799368             0.685663250929333    
          26.1895751105688              4.01494991167618             0.588263481404956    
 zone  i=          13  j=          33 k=           1                                                
        -0.768309665045042            -0.741837563600356E-09         -1.16175686832936    
        -0.768309665045042            -0.741837563600356E-09         -1.16175686832936    
        -0.768309665045042            -0.741837563600356E-09         -1.16175686832936    
        -0.768309665045042            -0.741837563600356E-09         -1.16175686832936    
        -0.768309665045042            -0.741837563600356E-09         -1.16175686832936    
        -0.768309665045042            -0.741837563600356E-09         -1.16175686832936    
        -0.768309665045042            -0.741837563600356E-09         -1.16175686832936    
        -0.768309665045042            -0.741837563600356E-09         -1.16175686832936    
        -0.768309665045042            -0.741837563600356E-09         -1.16175686832936    
        -0.768309665045042            -0.741837563600356E-09         -1.16175686832936    
        -0.768309665045042            -0.741837563600356E-09         -1.16175686832936    
        -0.768309665045042            -0.741837563600356E-09         -1.16175686832936    
        -0.768309665045042            -0.741837563600356E-09         -1.16175686832936    
        -0.124452788690011             0.493840232429156             -1.12910695087266    
        -0.109243547041897             0.459777041137574             -1.13619537348754    
        -0.940151566494422E-01         0.419122499797782             -1.14830739282716    
        -0.788239222725669E-01         0.378858249683156             -1.16077394042594    
        -0.638041924664143E-01         0.340519050840437             -1.17494231903244    
        -0.487596263158053E-01         0.301621624678539             -1.18867200767581    
        -0.336576164539804E-01         0.261568136591499             -1.20148199709605    
        -0.183889301050209E-01         0.220045066137835             -1.21235018729032    
        -0.293458596216711E-02         0.177001704664330             -1.22125762397747    
         0.127168163500606E-01         0.133216116327220             -1.22823458626470    
         0.284733489756005E-01         0.890365859781358E-01         -1.23422664180854    
         0.442099175020398E-01         0.445593080661450E-01         -1.23845142033982    
         0.599456794756288E-01        -0.741837709317128E-09         -1.24228769591999    
         0.703107290536529             0.720772586355424             -1.08091978101897    
         0.719182780913848             0.675566514996814             -1.09027353732701    
         0.735348214618521             0.616469819155407             -1.10986379236825    
         0.751438546444760             0.558168964553489             -1.13015785879687    
         0.767181025685106             0.503785923373176             -1.15390029109264    
         0.782976493355276             0.448245359952822             -1.17671098392000    
         0.798891408592095             0.390335780046891             -1.19761683219677    
         0.815145295246564             0.329444149864371             -1.21455742325522    
         0.831777432803112             0.265466757319881             -1.22751261071883    
         0.848806954423853             0.200005969030383             -1.23656989411568    
         0.866046940029842             0.133767369901814             -1.24365879433574    
         0.883243593080618             0.669537125904152E-01         -1.24721588199746    
         0.900435835457452            -0.741861353598106E-09         -1.25003232250501    
          1.53310575908193             0.939929573692197             -1.03549001137763    
          1.54981186601864             0.884497788771218             -1.04651520100832    
          1.56671788508039             0.807583237504106             -1.07286760271202    
          1.58351077437764             0.731871388791602             -1.10027321820339    
          1.59978009598308             0.662065526091317             -1.13287170820461    
          1.61613036080596             0.590504902590062             -1.16404624357312    
          1.63266194318763             0.515362159030874             -1.19233078885060    
          1.64970374183722             0.435733033319066             -1.21462936034369    
          1.66731750717868             0.351443986525391             -1.23091430150244    
          1.68552886925826             0.264932193046409             -1.24133462383921    
          1.70405649391516             0.177255352238191             -1.24880165588798    
          1.72251700438286             0.887270739491737E-01         -1.25097269717151    
          1.74096988567253            -0.741813617477494E-09         -1.25205082783765    
          2.37111236745264              1.12752286076526            -0.999169000356908    
          2.38778807566244              1.06458762570589             -1.01155973224079    
          2.40476514110523             0.972477287027744             -1.04422307391059    
          2.42159104884758             0.881976929451484             -1.07828986629974    
          2.43771767359801             0.799368763523836             -1.11929153870840    
          2.45395301756605             0.714409611513043             -1.15837847176822    
          2.47043154916654             0.624655444488077             -1.19359003064804    
          2.48759195929717             0.528913573468958             -1.22079966729401    
          2.50551769446581             0.426934702020201             -1.23996315508294    
          2.52424117960340             0.321994403497837             -1.25129626274385    
          2.54338666637097             0.215500629062757             -1.25868938476612    
          2.56244155545740             0.107879246464941             -1.25902281447051    
          2.58148523922761            -0.741813572374683E-09         -1.25791023561217    
          3.21866371644193              1.26734808994355            -0.966801012703901    
          3.23456480248795              1.20072320805944            -0.980720126611364    
          3.25080920564541              1.09741238143488             -1.01973523751547    
          3.26686478077088             0.996117920389737             -1.06050421494104    
          3.28204368862792             0.904705254094226             -1.10994828993562    
          3.29735992613266             0.810343886317509             -1.15698755609665    
          3.31298157895258             0.709974429756780             -1.19916618312846    
          3.32945772624246             0.602110582942426             -1.23133003877045    
          3.34689136483850             0.486438199583007             -1.25341153139859    
          3.36532326426378             0.367064546471163             -1.26569759772288    
          3.38428183147202             0.245751238938626             -1.27305555249972    
          3.40312667510993             0.123033772581877             -1.27159047094219    
          3.42195649883807            -0.741813652171963E-09         -1.26832640209333    
          4.07036832329894              1.38049892844530            -0.937925308142226    
          4.08519366458391              1.31221358032517            -0.953557936109005    
          4.10034944704076              1.19994191035170            -0.998993242382060    
          4.11527825429716              1.09009245399328             -1.04653360587407    
          4.12915324849486             0.992118031368873             -1.10448707920395    
          4.14319370585820             0.890595344121360             -1.15954674710392    
          4.15760180613391             0.781851434715572             -1.20876027248673    
          4.17303940088893             0.664100488332216             -1.24594951512346    
          4.18962474577195             0.536975519160214             -1.27101672345551    
          4.20740886224670             0.405408275266377             -1.28432429372023    
          4.22582383576164             0.271517731641429             -1.29171407679258    
          4.24410195971308             0.135945904836122             -1.28851783711018    
          4.26236101070057            -0.741813594926088E-09         -1.28316939300185    
          4.92330078902722              1.48472063324409            -0.911362135415886    
          4.93698029053712              1.41538922358539            -0.928954027429796    
          4.95093444247960              1.29491225876534            -0.980953116568754    
          4.96462442574760              1.17726269994454             -1.03540875166523    
          4.97708178137640              1.07348385763214             -1.10201395917290    
          4.98973416411349             0.965555995461838             -1.16523696072269    
          5.00281617882350             0.849193896968332             -1.22162855479943    
          5.01710316467526             0.722307942448145             -1.26398909659063    
          5.03272672879981             0.584486681023215             -1.29218495255063    
          5.04975029037605             0.441481186232583             -1.30665731630961    
          5.06750913658388             0.295770445132755             -1.31422138277478    
          5.08510729182771             0.148100946318998             -1.30943679770516    
          5.10268303626636            -0.741813675157049E-09         -1.30214619504478    
          5.77610975504234              1.59004538161763            -0.885189009352061    
          5.78867536491013              1.51952509768825            -0.905077944959056    
          5.80142836375728              1.39075557682222            -0.963903256050758    
          5.81388000049492              1.26521817750178             -1.02553701907565    
          5.82491971836501              1.15554813113757             -1.10105550576054    
          5.83618402720359              1.04112807126193             -1.17270398203506    
          5.84793948010967             0.917060462874868             -1.23653578591453    
          5.86107728794921             0.780950808504947             -1.28433191378324    
          5.87573954832534             0.632346053230197             -1.31591843935912    
          5.89200303181789             0.477814867527013             -1.33181833389892    
          5.90910527375873             0.320197055180320             -1.33981822897800    
          5.92602393683004             0.160342876475463             -1.33370720141571    
          5.94291589753825            -0.741813700744220E-09         -1.32473622390807    
          6.62839944485190              1.69914238884697            -0.857600507754188    
          6.63991172143271              1.62710850453392            -0.880183394301037    
          6.65149742314137              1.48973302639424            -0.946187429030249    
          6.66274504620391              1.35599450455486             -1.01535188126312    
          6.67240098256671              1.24011997211844             -1.10013543348047    
          6.68231155052536              1.11889425370282             -1.18056188611932    
          6.69277572819159             0.986807853401302             -1.25218604385840    
          6.70479916750723             0.841160680718753             -1.30577133245063    
          6.71853445655332             0.681459089968161             -1.34110079106128    
          6.73407219416237             0.515088692912073             -1.35878071829298    
          6.75055121025335             0.345250467691719             -1.36756870551951    
          6.76682471304928             0.172898192962788             -1.36048326064939    
          6.78306674504891            -0.741813520332979E-09         -1.35018393349975    
          7.48038634071952              1.81014626791022            -0.828303020258878    
          7.49088962990109              1.73641877718244            -0.853917935324048    
          7.50132663154445              1.59028034313446            -0.927405630907294    
          7.51138836125748              1.44818346172188             -1.00440606716202    
          7.51967815988539              1.32594792141352             -1.09875938356797    
          7.52825263068519              1.19775954582075             -1.18826839204059    
          7.53744222303548              1.05749741457210             -1.26798995999654    
          7.54836989085113             0.902155188497589             -1.32767018102613    
          7.56119585166708             0.731199823237957             -1.36704762923144    
          7.57602596309823             0.552833156586038             -1.38681264581189    
          7.59190034977157             0.370617639062710             -1.39669318584563    
          7.60754538117371             0.185610344176559             -1.38893814204275    
          7.62315560382803            -0.741813641384152E-09         -1.37761540285311    
          8.33258542458779              1.91965812343994            -0.799565578494587    
          8.34208973997016              1.84429341229461            -0.828326128602459    
          8.35135372314059              1.68952219889067            -0.909341175192851    
          8.36020667173351              1.53919713445624            -0.994221404771220    
          8.36710649152685              1.41073183570985             -1.09818728121648    
          8.37432102404250              1.27571157553646             -1.19682235664099    
          8.38221266667982              1.12740424751849             -1.28468448835646    
          8.39202215202231             0.962495594880938             -1.35050506046294    
          8.40391446602818             0.780417168103626             -1.39397353284154    
          8.41801358613757             0.590184468009713             -1.41586726951166    
          8.43325902446812             0.395722788406581             -1.42688339710056    
          8.44825174218202             0.198191409871083             -1.41850190842379    
          8.46320631317620            -0.741813588569953E-09         -1.40619843442775    
          9.18543252337025              2.02504998656966            -0.775050234333895    
          9.19392308296290              1.94826990350240            -0.806786248354835    
          9.20195587358885              1.78522020076544            -0.895008032667807    
          9.20953948297501              1.62702028965698            -0.987448157439542    
          9.21498971994485              1.49268083379588             -1.10070401333220    
          9.22078518703037              1.35118333669075             -1.20814376720699    
          9.22731975271783              1.19518569797086             -1.30382543186131    
          9.23595240493908              1.02106133251236             -1.37546913906158    
          9.24685289805920             0.828214491865919             -1.42270736666308    
          9.26016142201788             0.626469690722531             -1.44640938907191    
          9.27471830707518             0.420117390757339             -1.45823888178156    
          9.28900053646930             0.210416993452843             -1.44890908354180    
          9.30323889697720            -0.741813629620558E-09         -1.43530277163460    
          10.0389624446630              2.12610275061963            -0.756783964807830    
          10.0464249432761              2.04812461417277            -0.791192591671654    
          10.0531645523382              1.87717050086825            -0.886101123016202    
          10.0594187409896              1.71146958343176            -0.985581927070475    
          10.0633574065954              1.57163231419616             -1.10760502963431    
          10.0676727734543              1.42403273180645             -1.22332839806419    
          10.0727882736980              1.26071945719463             -1.32630841256068    
          10.0801840114718              1.07775011981840             -1.40326062837193    
          10.0900306948187             0.874510076554412             -1.45374730911530    
          10.1024866335633             0.661627372333881             -1.47873762657869    
          10.1162939299185             0.443760378513470             -1.49085787113173    
          10.1298027281243             0.222266561121061             -1.48005798454408    
          10.1432647963702            -0.743545681622382E-09         -1.46462622141414    
          10.8926563905357              2.22638017740584            -0.742201326577339    
          10.8991118089265              2.14717919204797            -0.779168185041857    
          10.9045410699653              1.96839338584947            -0.880460731656816    
          10.9094486715121              1.79526346450158            -0.986680436874191    
          10.9118585995348              1.65000217244614             -1.11716549127615    
          10.9146747926384              1.49637322244265             -1.24086908675840    
          10.9183540612709              1.32581750644675             -1.35084382515926    
          10.9244966720742              1.13407317300950             -1.43280628804852    
          10.9332704720600             0.920513002426048             -1.48623767676417    
          10.9448585666747             0.696564755170269             -1.51221385539567    
          10.9578962470496             0.467256619629166             -1.52432015290750    
          10.9706154014735             0.234042621358732             -1.51174583669028    
          10.9832811501874            -0.743257295120203E-09         -1.49418392341280    
          11.7455816690763              2.33240563785801            -0.724125622069290    
          11.7511091620712              2.25155479590454            -0.764004227340998    
          11.7552900634598              2.06445390313637            -0.872008972617223    
          11.7589121126959              1.88341158419931            -0.985295821962807    
          11.7598524307181              1.73224204117899             -1.12457089232684    
          11.7612314387162              1.57210009146253             -1.25658265976108    
          11.7635355107332              1.39381794435499             -1.37388042457785    
          11.7684860295592              1.19281653247744             -1.46118179465885    
          11.7762498885168             0.968452185241259             -1.51788607459609    
          11.7870292666440             0.732954822453516             -1.54517629761289    
          11.7993602734024             0.491721287240868             -1.55759671206782    
          11.8113498654014             0.246302984251550             -1.54357603017407    
          11.8232812833221            -0.746674018621551E-09         -1.52421203068655    
          12.5967216649069              2.44963939442394            -0.694956126069040    
          12.6014557003877              2.36641294970414            -0.738556207304248    
          12.6045341537055              2.17004448812658            -0.854282377301608    
          12.6070175159935              1.98013860065958            -0.975644762337348    
          12.6066369968488              1.82210546340486             -1.12472169727926    
          12.6067266389622              1.65449707805356             -1.26605193554288    
          12.6078033336280              1.46753530233031             -1.39168278721123    
          12.6117095797774              1.25632981339077             -1.48532787966999    
          12.6186094096906              1.02020767476346             -1.54631534959781    
          12.6287288443849             0.772209012215711             -1.57592896204785    
          12.6405000432821             0.518095210893513             -1.58967498423072    
          12.6519069386674             0.259518302990677             -1.57521906977591    
          12.6632518453278            -0.741813618778536E-09         -1.55506459401553    
          13.4456739288352              2.57789333482586            -0.651687869575769    
          13.4497642334441              2.49162586107299            -0.699961849463043    
          13.4519223898076              2.28504926937895            -0.824712521145037    
          13.4534482627017              2.08534056337291            -0.955452028676536    
          13.4519281040246              1.91949981349870             -1.11563831585683    
          13.4509095779690              1.74348311989337             -1.26759177077822    
          13.4509391394023              1.54689972372490             -1.40286033588769    
          13.4539804034110              1.32455615291539             -1.50414376367651    
          13.4601993096018              1.07573417146051             -1.57071964611122    
          13.4698390452605             0.814293767040521             -1.60395948626308    
          13.4812316344426             0.546355860030547             -1.62033824594092    
          13.4922379851314             0.273677386803681             -1.60675315575792    
          13.5031775788275            -0.741813407359113E-09         -1.58711533342825    
          14.2935218361899              2.70963629276148            -0.598250883844539    
          14.2970466110330              2.62013848562476            -0.651879268685799    
          14.2983712541863              2.40305407166607            -0.786654906200529    
          14.2990283288542              2.19324309338732            -0.927770808229661    
          14.2964572217913              2.01929408506307             -1.10007114368273    
          14.2944173114489              1.83456879499981             -1.26364976947330    
          14.2934884309835              1.62806372859994             -1.40955835983685    
          14.2957524506601              1.39428500636571             -1.51947301717075    
          14.3013772174091              1.13246289387660             -1.59263962378740    
          14.3106249921313             0.857280995818412             -1.63050597668834    
          14.3217276634605             0.575218098865578             -1.65052157357051    
          14.3324212077689             0.288137414477533             -1.63881057284985    
          14.3430432268600            -0.741813615417510E-09         -1.62069362281010    
          15.1421612927020              2.83476408856305            -0.541630176761969    
          15.1450890664627              2.74241837145812            -0.600870697073671    
          15.1455048557776              2.51539261780493            -0.746099440642682    
          15.1452168379040              2.29604489614663            -0.898019102471627    
          15.1415175342780              2.11455566165805             -1.08286389137408    
          15.1383808988779              1.92168885374778             -1.25849660310818    
          15.1364172821761              1.70582895730841             -1.41547401458110    
          15.1378315780696              1.46117691705072             -1.53444404809613    
          15.1427859114167              1.18692175213703             -1.61463029383053    
          15.1515663850895             0.898564366166171             -1.65755135909551    
          15.1623018911896             0.602944630762874             -1.68163390012115    
          15.1726063355611             0.302029350263982             -1.67222673812576    
          15.1828354401866            -0.741837649631798E-09         -1.65606064806479    
          15.9925888893088              2.94751605237101            -0.485871681255193    
          15.9948366924160              2.85298403687469            -0.550752261758768    
          15.9941815032759              2.61708052884347            -0.706531564811447    
          15.9927872217889              2.38925821860953            -0.869352082189088    
          15.9877956891193              2.20129782689847             -1.06683943364912    
          15.9834002035467              2.00135523222289             -1.25462410206274    
          15.9802387719179              1.77720635603527             -1.42276796697852    
          15.9806402655518              1.52273516553473             -1.55088898241116    
          15.9847620409086              1.23711303690643             -1.63819285712696    
          15.9929121354554             0.936643748337682             -1.68626590931479    
          16.0031183519944             0.628535528170466             -1.71451362271141    
          16.0128706185789             0.314852872759044             -1.70750817000587    
          16.0225427772097            -0.777642481279098E-09         -1.69339128734912    
          16.8439806533510              3.05141577247087            -0.427613367035673    
          16.8455179683998              2.95512041315562            -0.498336454759300    
          16.8436983410103              2.71110471283076            -0.665060452601968    
          16.8411024285459              2.47557170717427            -0.839175215727065    
          16.8347261599357              2.28190977343847             -1.04970179831663    
          16.8289774099354              2.07565886142808             -1.25003348273347    
          16.8245256565707              1.84398764045778             -1.42973897966755    
          16.8238237487270              1.58045451714582             -1.56740079115867    
          16.8270185524187              1.28423253660561             -1.66221735416585    
          16.8344457617121             0.972416669102113             -1.71583649888569    
          16.8440282752729             0.652589042926758             -1.74864575525562    
          16.8531358581679             0.326907256893604             -1.74443778637927    
          16.8621557038542            -0.750211088284525E-09         -1.73276648175300    
          17.6944883666364              3.15560350217500            -0.358180224541065    
          17.6953809973112              3.05746516723821            -0.435367465923124    
          17.6924627355877              2.80531796272722            -0.614180567154029    
          17.6887338568171              2.56205494975129            -0.800731838777540    
          17.6810357942682              2.36267359260202             -1.02544891562242    
          17.6739995828239              2.15009505135569             -1.23947452813857    
          17.6683233108003              1.91088288895666             -1.43188856926726    
          17.6665818974797              1.63826732883787             -1.58022306864083    
          17.6689164867982              1.33142689973829             -1.68369982817047    
          17.6756856609941              1.00824514139597             -1.74400923580002    
          17.6847093217802             0.676679691377463             -1.78253040445118    
          17.6932351639997             0.338980088666183             -1.78226897743504    
          17.7016713617411            -0.753627956914804E-09         -1.77419373946014    
          18.5424783870443              3.26572117887848            -0.269806096236644    
          18.5428731991877              3.16538414779918            -0.354348818995909    
          18.5390661115697              2.90459951488331            -0.546978604247697    
          18.5344121674932              2.65310080878165            -0.747690507729955    
          18.5256078411794              2.44749171980213            -0.988336328172776    
          18.5174958837260              2.22807843299416             -1.21778738282117    
          18.5108029937915              1.98081833204872             -1.42464136307759    
          18.5082337905773              1.69861751032932             -1.58535634200642    
          18.5099179739185              1.38065127792200             -1.69922564699994    
          18.5162408288697              1.04559746608401             -1.76795265985954    
          18.5249192600752             0.701786122215705             -1.81392261997702    
          18.5330750774969             0.351561079853728             -1.81934258764097    
          18.5411374357558            -0.741813641763622E-09         -1.81660041497208    
          19.3881300047373              3.37586412789011            -0.161310736516375    
          19.3881662348008              3.27328119379526            -0.253802617753421    
          19.3836915738987              3.00386080142151            -0.461605956773930    
          19.3783319097286              2.74412830955466            -0.677832142966334    
          19.3686387573360              2.53229363451876            -0.935773381074331    
          19.3596703988916              2.30604798634053             -1.18201041255774    
          19.3521840507736              2.05074197341127             -1.40466486667028    
          19.3490025880431              1.75895672456003             -1.57909892558996    
          19.3502576178647              1.42986695382423             -1.70472190729725    
          19.3563534986925              1.08294263821305             -1.78322288851232    
          19.3649041380699             0.726887903891026             -1.83800730164935    
          19.3729130904973             0.364139657052971             -1.85047182234454    
          19.3808209543510            -0.741813624416388E-09         -1.85442825751750    
          20.2335088764791              3.47098980542837            -0.376490733622680E-01
          20.2332170423032              3.36680755951919            -0.138355703761772    
          20.2281167704730              3.09005627260389            -0.362210304458288    
          20.2220952557035              2.82339152202926            -0.594826007581251    
          20.2115571464121              2.60664470892496            -0.870948208905017    
          20.2017724413947              2.37487418690095             -1.13485169629588    
          20.1935326894846              2.11282998793189             -1.37418710333719    
          20.1897828363318              1.81274920282541             -1.56320355535497    
          20.1906487670250              1.47384409654390             -1.70146140849050    
          20.1965596354441              1.11635378445481             -1.79061385748975    
          20.2050263520089             0.749367557951039             -1.85509725649384    
          20.2129284937454             0.375406216770041             -1.87548931350664    
          20.2207238248054            -0.741813844292588E-09         -1.88702912793112    
          21.0813596766601              3.54701672375906             0.820688467704875E-01
          21.0806463185086              3.44199715182867            -0.262359615930300E-01
          21.0747182576418              3.15957913208470            -0.265396309160222    
          21.0678346212335              2.88764318507869            -0.513656530556229    
          21.0562493763139              2.66765983972071            -0.807212491054100    
          21.0454499606072              2.43203337394766             -1.08803642230134    
          21.0362584407412              2.16491991903764             -1.34330677015589    
          21.0317399256332              1.85818654015061             -1.54616317950563    
          21.0320183929847              1.51113574368131             -1.69630965373098    
          21.0375439773906              1.14474347763687             -1.79536815476819    
          21.0457245921359             0.768500351497493             -1.86880381262167    
          21.0533177441531             0.384998124334704             -1.89637691746658    
          21.0608021780519            -0.741813398034974E-09         -1.91475314579516    
          21.9325864896996              3.61990438454291             0.177731398254802    
          21.9313295373869              3.51403485041301             0.632514766110065E-01
          21.9242914002879              3.22623596172998            -0.188763328367983    
          21.9162614475942              2.94931349008713            -0.450221014577977    
          21.9033448722359              2.72638376789587            -0.758746350935279    
          21.8912465509765              2.48718841435268             -1.05403459778610    
          21.8808171609074              2.21529228264354             -1.32278357920751    
          21.8752534183198              1.90218514051376             -1.53705296404418    
          21.8746583200370              1.54727582904482             -1.69663079835906    
          21.8795163328029              1.17226711530279             -1.80314440856298    
          21.8871266507166             0.787056052854950             -1.88306898462156    
          21.8941266179891             0.394301038770036             -1.91536301536789    
          21.9010140523306            -0.741837735554821E-09         -1.93811243620104    
          22.7836244802789              3.68974672470049             0.277245631866879    
          22.7818563588899              3.58299694921853             0.156695864317791    
          22.7737329415685              3.29009614134967            -0.108196582581010    
          22.7645795611230              3.00846442588795            -0.382874391395750    
          22.7503526363338              2.78287085288879            -0.706393929787078    
          22.7369782978319              2.54038699183374             -1.01617015592253    
          22.7253358331903              2.26398880200252             -1.29842173239724    
          22.7187478440400              1.94477909777290             -1.52412412015471    
          22.7173039757121              1.58229177077196             -1.69315727583656    
          22.7215153976947              1.19894496303250             -1.80714912198654    
          22.7285763995947             0.805048192278192             -1.89358729269660    
          22.7350079776179             0.403321755005735             -1.93062644895432    
          22.7413193931760            -0.741837788030206E-09         -1.95777385789592    
          23.6334360505027              3.75634442629513             0.388786265565607    
          23.6312368688483              3.64867816984326             0.261911432415051    
          23.6221330759799              3.35097298919339            -0.166648504587788E-01
          23.6119707090625              3.06492790737960            -0.305366696680123    
          23.5965421539107              2.83697232150288            -0.644693714050496    
          23.5820024245345              2.59149892984356            -0.969766815230770    
          23.5692556043056              2.31089718196093             -1.26632964380638    
          23.5617539949007              1.98587447500532             -1.50425825366935    
          23.5595700754513              1.61610834779888             -1.68355580457066    
          23.5632455328795              1.22472075403965             -1.80583174174079    
          23.5698697523021             0.822439218839889             -1.89959603778928    
          23.5758416598886             0.412041437973460             -1.94219106203411    
          23.5816895901507            -0.741837696049204E-09         -1.97454887041724    
          24.4841574302256              3.82421385256648             0.491941631752673    
          24.4815100223028              3.71540557117614             0.359280588641929    
          24.4713514676992              3.41280065033383             0.679090628600206E-01
          24.4600980986514              3.12224635790431            -0.233929688833603    
          24.4433935268448              2.89183458381273            -0.588171056309595    
          24.4276082981936              2.64327677095545            -0.927650779354163    
          24.4136789212748              2.35837705126444             -1.23763478531763    
          24.4051873978123              2.02744251708147             -1.48690937696438    
          24.4021852260379              1.65030293749265             -1.67558118811867    
          24.4052484250039              1.25077895186167             -1.80525298846792    
          24.4113557533043             0.840018774898611             -1.90545100953853    
          24.4167916964757             0.420855206875901             -1.95271069340378    
          24.4220941254003            -0.741837726578601E-09         -1.98938650068703    
          25.3368834361598              3.91033755923173             0.557880668142970    
          25.3337363035216              3.79953609859679             0.420958578358455    
          25.3223494183341              3.49045096083755             0.120109757324634    
          25.3098295712094              3.19381055730165            -0.191555410561518    
          25.2916696925969              2.95935329672232            -0.557370185441804    
          25.2744634891989              2.70612748643547            -0.907930176077018    
          25.2591760800116              2.41534598028204             -1.22800912424592    
          25.2495210741239              2.07693726188669             -1.48535466248787    
          25.2455232668622              1.69083993841688             -1.68007288865379    
          25.2477968241234              1.28160003778366             -1.81382379310424    
          25.2532117853670             0.860772874436538             -1.91711767991355    
          25.2579324734365             0.431257350204506             -1.96570893223936    
          25.2625158323720            -0.741837744011598E-09         -2.00336475960850    
          26.1895751105687              4.01494991167617             0.588263481404959    
          26.1859606780300              3.90137659675851             0.448332936261589    
          26.1733416473606              3.58420382409428             0.141089325887408    
          26.1595572296717              3.27987299083749            -0.177327396533397    
          26.1399401375849              3.03975209685406            -0.551609641369007    
          26.1213148675405              2.78024657951636            -0.910158804150986    
          26.1046675194579              2.48197181569352             -1.23724177817195    
          26.0938490317148              2.13450080689569             -1.49961914297474    
          26.0888574967343              1.73783355307305             -1.69729113887450    
          26.0903414125757              1.31727031933340             -1.83203946905881    
          26.0950620996488             0.884759035937481             -1.93532620464415    
          26.0990675327398             0.443276627201268             -1.98215113407101    
          26.1029299144593            -0.741837556661462E-09         -2.01768372572542    
 zone  i=          12  j=          51 k=           1                                                
          26.1587370831689            -0.741813747397207E-09          1.00890178820092    
          26.1669482206576             0.356860856813139              1.00540084513527    
          26.1758402819793             0.713679812219622              1.00066119689910    
          26.1881388685495              1.07028904857345             0.989728146927837    
          26.1967257549754              1.42686335647314             0.976246161501000    
          26.1978892406774              1.78336744993174             0.957666306759387    
          26.1981944194334              2.13964540314640             0.935423981944568    
          26.1976374761911              2.49569709684534             0.909519127319240    
          26.1968363914437              2.85095008792098             0.875059691633893    
          26.1959094203772              3.20580372739502             0.836323025350944    
          26.1940898082116              3.55434022742732             0.764319816591639    
          26.1920909056035              3.90161310799368             0.685663250929333    
          26.9902876843877            -0.741813714947269E-09          1.01067482386253    
          26.9980315217966             0.358901272879662              1.01318596378064    
          27.0064391171926             0.717760584746952              1.01445553743919    
          27.0181635929135              1.07641068419962              1.00951919220362    
          27.0262469408980              1.43502525914961              1.00206633622600    
          27.0270518472924              1.79356997728350             0.989583023391577    
          27.0270194281041              2.15189463484334             0.973555018655147    
          27.0261534976352              2.50999958939281             0.953982977194662    
          27.0250567775057              2.86732396112338             0.926116527411308    
          27.0238437077268              3.22425851798423             0.894104213543521    
          27.0217189227233              3.57498107798210             0.829195200553349    
          27.0194110300267              3.92446362190257             0.757713353731120    
          27.8217047653031            -0.741837752468374E-09         0.995235404593957    
          27.8291300753629             0.360170702841732              1.00376214439994    
          27.8372000701591             0.720299504275071              1.01104463575019    
          27.8484992076600              1.08021930190914              1.01210869118170    
          27.8562296972003              1.44010345582996              1.01068854153164    
          27.8568228897775              1.79991763372353              1.00430546691093    
          27.8566054605761              2.15951806913304             0.994495419186821    
          27.8555755018766              2.51890547724894             0.981259768465452    
          27.8543319204319              2.87753018393472             0.959990001635741    
          27.8529815264257              3.23577461248684             0.934705796994473    
          27.8507003436700              3.58791504778361             0.876895213364645    
          27.8482322365096              3.93883787831599             0.812592139387471    
          28.6528166668323            -0.741981811928916E-09         0.967672276949133    
          28.6600588709915             0.360860388208136             0.981418536982758    
          28.6679305012470             0.721678815402889             0.993917806820375    
          28.6789397217637              1.08228865603037              1.00018624303243    
          28.6864527739313              1.44286243571137              1.00400283955954    
          28.6869715808891              1.80336635857345              1.00292374518252    
          28.6867045624001              2.16366297625185             0.998535694784041    
          28.6856498111601              2.52375276551792             0.990840356231997    
          28.6843966977003              2.88309821158209             0.975371313346838    
          28.6830444022566              3.24207267783335             0.956019080397104    
          28.6807422451365              3.59505282337185             0.904513709489860    
          28.6782512548610              3.94683801389185             0.846595654948907    
          29.4837187578626            -0.741813693317436E-09         0.934309434644706    
          29.4908579646902             0.361123810944005             0.951628755557309    
          29.4986094315477             0.722205720479143             0.967698463787459    
          29.5094088434542              1.08307913285381             0.977524642746433    
          29.5167826591199              1.44391660349099             0.984931764749786    
          29.5173071884543              1.80468397889028             0.987510251260793    
          29.5170687810627              2.16525036719791             0.986897620231035    
          29.5160693446749              2.52561624518492             0.983096016206624    
          29.5148868063697              2.88525661503721             0.971781537335436    
          29.5136108104194              3.24453482656261             0.956714878153835    
          29.5113696962095              3.59792982043309             0.909873388800710    
          29.5089321186854              3.95015203220489             0.856698247711406    
          30.3146246623979            -0.741813764712149E-09         0.901060850997001    
          30.3214091019846             0.361811797577998             0.919934184703016    
          30.3287886354736             0.723581753351402             0.937555402478799    
          30.3391264687021              1.08514348018473             0.948920514606255    
          30.3461092776728              1.44666914607057             0.957899948616381    
          30.3463877590065              1.80812459750824             0.962117504623313    
          30.3459261921161              2.16938549915465             0.963261841304972    
          30.3447283923405              2.53045232778027             0.961335341535760    
          30.3433608431756              2.89081176808079             0.952156498723990    
          30.3419131896285              3.25081858679374             0.939355889831960    
          30.3394756257845              3.60505138355698             0.895163289054155    
          30.3368435071878              3.95813380954836             0.844714339980903    
          31.1456850619050            -0.741837738549929E-09         0.871971475993998    
          31.1523474307808             0.362379978872200             0.891725111073391    
          31.1595858200258             0.724718115939515             0.910223948193101    
          31.1696928636112              1.08684829228726             0.922453924535894    
          31.1765192695111              1.44894234808226             0.932331363245727    
          31.1767805842684              1.81096607021896             0.937513443122752    
          31.1763285538270              2.17280156065578             0.939740440430998    
          31.1751631790386              2.53444917695337             0.939014738009625    
          31.1738471291286              2.89540800157316             0.931297939889718    
          31.1724547909866              3.25602350292675             0.920090207562665    
          31.1700572868947              3.61097489329260             0.877876541008596    
          31.1674576025420              3.96479856263496             0.829484425379615    
          31.9769323825249            -0.741813617806142E-09         0.848780691747577    
          31.9834536072202             0.362830440989262             0.868813098015811    
          31.9905336860427             0.725619099778063             0.887588203140714    
          32.0003927737153              1.08820000646322             0.900081454003268    
          32.0070417954721              1.45074467338588             0.910255426987350    
          32.0072706844766              1.81321888744029             0.915800560402955    
          32.0068129311413              2.17551118788641             0.918508748117322    
          32.0056609070847              2.53762228991235             0.918382253775575    
          32.0043791892271              2.89906272007110             0.911526149758271    
          32.0030249989275              3.26016888686713             0.901309824581021    
          32.0006484791725              3.61572180731275             0.860475352095637    
          31.9980678759036              3.97016941806770             0.813539853567662    
          32.8083189421441            -0.741837632125321E-09         0.831334240312606    
          32.8146894859319             0.363202821019223             0.851102002141262    
          32.8215979028490             0.726363919442438             0.869609840464550    
          32.8311956830304              1.08931747437798             0.881822890705443    
          32.8376577836577              1.45223467034136             0.891750042088855    
          32.8378408950771              1.81508129422663             0.897114813651095    
          32.8373602521556              2.17775232259539             0.899760657270784    
          32.8362158560212              2.54024870905370             0.899689896259720    
          32.8349493956772              2.90209254345628             0.893151131043366    
          32.8336257224201              3.26361165123696             0.883382679257535    
          32.8312568336423              3.61968813888665             0.843385417499130    
          32.8286781429646              3.97468148976195             0.797364374801391    
          33.6397856149034            -0.741813558892533E-09         0.818102486283084    
          33.6459959410300             0.363522301925292             0.837210722861036    
          33.6527250665756             0.727002881254387             0.855056473205321    
          33.6620558170483              1.09027627472344             0.866594501705629    
          33.6683233668740              1.45351295159213             0.875880070026539    
          33.6684530708874              1.81667905638226             0.880669479935886    
          33.6679457230956              2.17967612216632             0.882858218170318    
          33.6667936953019              2.54250462571293             0.882448369727619    
          33.6655424913953              2.90469917385207             0.875832063162925    
          33.6642378896656              3.26657805527355             0.866116724159811    
          33.6618728152219              3.62312541962114             0.826562866857827    
          33.6592903127044              3.97861205853057             0.781062295769598    
          34.4712789968487            -0.741813506455191E-09         0.806702136829083    
          34.4773252906136             0.363798629067160             0.824947775087905    
          34.4838751247457             0.727555595142642             0.841928364387118    
          34.4929350306853              1.09110549456716             0.852588178905163    
          34.4990004000749              1.45461885620498             0.861028971973006    
          34.4990805109564              1.81806128813593             0.865040006957925    
          34.4985388282756              2.18134099915278             0.866568447844344    
          34.4973829826845              2.54445870444248             0.865616379737993    
          34.4961394047035              2.90696081255455             0.858719459394452    
          34.4948500583401              3.26915655227207             0.848854101446140    
          34.4924811668366              3.62613163955456             0.809540934735878    
          34.4898986647294              3.98206817431769             0.764358122232497    
          35.3027609408292            -0.741813716356732E-09         0.794416651691418    
          35.3086432022784             0.364028911619492             0.811791227682912    
          35.3150099303709             0.728016160247185             0.827898132320674    
          35.3237989918715              1.09179667004932             0.837671387972575    
          35.3296659956343              1.45554034404127             0.845259001208308    
          35.3296888840662              1.81921308832601             0.848483137413735    
          35.3291166810763              2.18272954899798             0.849342876389829    
          35.3279532024358              2.54609020282537             0.847840184389423    
          35.3267172492834              2.90885385612377             0.840654186883632    
          35.3254469714806              3.27132020093237             0.830630406554872    
          35.3230780755549              3.62867723478243             0.791549467993072    
          35.3204841272401              3.98501788903320             0.746675833236375    
          36.1341818547637            -0.741861429763308E-09         0.778719391973287    
          36.1398657517421             0.363928418185238             0.794252720832064    
          36.1460112269763             0.727815232983384             0.808515875082902    
          36.1544951119612              1.09149542816533             0.816432327224940    
          36.1601256033846              1.45513884714182             0.822196635059791    
          36.1600531227370              1.81871121720200             0.823663687119664    
          36.1594160675904              2.18213350253284             0.822884538592449    
          36.1582068093853              2.54540641832121             0.819860917663867    
          36.1569403341778              2.90810069181203             0.811415836109340    
          36.1556509769717              3.27050719355698             0.800263389053350    
          36.1532439276677              3.62791596424177             0.760446700186308    
          36.1506080129191              3.98433100509404             0.714914027133483    
          36.9654883317400            -0.741813570911010E-09         0.757731084986588    
          36.9709433467254             0.363673161285971             0.770965224211423    
          36.9768446810087             0.727304778789593             0.782926745112137    
          36.9849928720378              1.09072998529348             0.788528391469762    
          36.9903601484410              1.45411841559219             0.792011451111343    
          36.9901694108131              1.81743543934708             0.791263535662929    
          36.9894331716042              2.18060881567499             0.788387556463028    
          36.9881514314270              2.54363925976302             0.783385122767305    
          36.9868353612708              2.90610965820415             0.773223013322289    
          36.9854964075395              3.26830110638852             0.760484015067929    
          36.9830206861473              3.62560759550558             0.719474646591107    
          36.9803199144090              3.98194205088700             0.672825828630954    
          37.7966078912847            -0.741813537476926E-09         0.730371637119289    
          37.8018302095956             0.363377194413015             0.741488678864773    
          37.8074835882810             0.726712845043853             0.751330598903687    
          37.8152922707546              1.08984235289609             0.754799591076559    
          37.8203925175956              1.45293502493879             0.756183554016396    
          37.8200758938246              1.81595605201952             0.753402703188352    
          37.8192404708650              2.17883998818501             0.748611984877016    
          37.8178862491224              2.54158719099473             0.741812829743447    
          37.8165053257494              2.90379270638982             0.730115723792658    
          37.8151167761315              3.26572880827321             0.715972264856216    
          37.8125723831201              3.62289200782680             0.673951710820245    
          37.8097953086486              3.97910558499853             0.626368304087593    
          38.6274756823172            -0.741861551404016E-09         0.696285091448537    
          38.6324691186802             0.363021265265531             0.705547653715313    
          38.6378745418309             0.726001105958355             0.713532471626217    
          38.6453475305592              1.08877483367519             0.715131367856505    
          38.6501807480072              1.45151178518750             0.714678732632814    
          38.6497420530356              1.81417697252907             0.710127564030610    
          38.6488112613459              2.17671138704866             0.703684724057996    
          38.6473807437575              2.53911526709677             0.695351345518181    
          38.6459464117908              2.90099629479993             0.682381859993304    
          38.6445044522363              3.26261696889964             0.667096497274636    
          38.6418913883364              3.61957727424480             0.624326479407185    
          38.6390418259874              3.97560965330778             0.576070384398013    
          39.4580573713895            -0.741837583805480E-09         0.655738478576978    
          39.4628257405476             0.362628411039449             0.663411384715096    
          39.4679908376381             0.725215457111049             0.669804102608397    
          39.4751281327512              1.08759656902087             0.669797785703460    
          39.4797057650847              1.44994096433126             0.667773435032502    
          39.4791526285680              1.81221323784356             0.661716831241895    
          39.4781264684867              2.17436105662726             0.653886692449627    
          39.4766310995765              2.53638513587032             0.644284091970070    
          39.4751433595639              2.89790448258250             0.630307049243634    
          39.4736594348348              3.25917253559971             0.614144664331115    
          39.4709815155195              3.61589299185652             0.570889288692066    
          39.4680670954233              3.97170793318757             0.522224729853904    
          40.2883415133198            -0.742054979766959E-09         0.609522515275829    
          40.2928962594257             0.362231622906694             0.615836613973219    
          40.2978248452478             0.724421940450378             0.620867901673470    
          40.3046417056818              1.08640650264652             0.619487160574825    
          40.3089637531015              1.44835428863899             0.616121823711090    
          40.3083038047090              1.81022983362470             0.608790513866656    
          40.3071937206789              2.17198736118441             0.599803864869273    
          40.3056373155880              2.53362710966929             0.589162830896159    
          40.3041076121823              2.89478119911174             0.574408899953111    
          40.3025855376638              3.25569281634911             0.557600280691858    
          40.2998580225387              3.61216960882023             0.514089678848526    
          40.2968825601995              3.96776258246632             0.465246906199964    
          41.1183700687740            -0.741813609574541E-09         0.558851289907706    
          41.1227111919019             0.361830722053306             0.563987183127434    
          41.1274185253527             0.723620138743827             0.567837761760232    
          41.1339187659659              1.08520403850570             0.565263377106838    
          41.1379966727790              1.44675116206428             0.560737715403933    
          41.1372337274955              1.80822580619810             0.552312420353611    
          41.1360473492740              2.16958863179002             0.542349981888190    
          41.1344413525498              2.53084047323795             0.530851115799258    
          41.1328735010209              2.89162477545754             0.515501076606637    
          41.1313247215070              3.25217590379916             0.498226823838095    
          41.1285476114190              3.60840474095011             0.454641178817480    
          41.1255263664840              3.96377169379533             0.405800464107133    
          41.9482117014770            -0.741813468074434E-09         0.505262245535815    
          41.9523544604795             0.361451994128484             0.509349394522654    
          41.9568405416524             0.722862802103667             0.512148665697327    
          41.9630317919860              1.08406821235977             0.508509979409717    
          41.9668731877934              1.44523684641298             0.502953394302374    
          41.9660186900010              1.80633264341410             0.493563604745007    
          41.9647636473570              2.16732341680380             0.482754777968448    
          41.9631080594665              2.52820904730596             0.470527599993185    
          41.9615135044909              2.88864597364956             0.454710763965024    
          41.9599456500928              3.24885902444212             0.437100397444655    
          41.9571265753136              3.60486160236359             0.393568751626334    
          41.9540595486974              3.96002494575373             0.344859196226677    
          42.7779770374251            -0.741813574651508E-09         0.450507727811063    
          42.7819214323395             0.361124615606731             0.453574415033936    
          42.7861862612843             0.722208104665012             0.455350661251103    
          42.7920723361094              1.08308640462069             0.450675985656463    
          42.7956810357117              1.44392780916456             0.444116789497726    
          42.7947311708724              1.80469637665677             0.433790698553204    
          42.7934074640649              2.16536600021217             0.422163765835514    
          42.7917099148173              2.52593715660141             0.409236528205103    
          42.7900848422900              2.88607772864589             0.392981206776490    
          42.7884979137482              3.24600396188453             0.375062948237425    
          42.7856445045903              3.60183201740832             0.331613433448512    
          42.7825316972727              3.95684277291796             0.283063138844503    
          43.6077881468596            -0.741813569013657E-09         0.396396736163252    
          43.6115189189464             0.360837529826145             0.398279138306827    
          43.6155548663292             0.721633933103975             0.398868566087819    
          43.6211205069364              1.08222535589568             0.392994048143090    
          43.6244812516421              1.44277982367121             0.385268358149931    
          43.6234283904850              1.80326121597693             0.373842202328512    
          43.6220245755798              2.16365010164824             0.361233310869958    
          43.6202736211068              2.52394683824676             0.347442220450732    
          43.6186104020223              2.88383182556987             0.330584560652654    
          43.6169891412381              3.24351129557639             0.312194586126515    
          43.6140861398879              3.59920464460532             0.268663615952984    
          43.6109199235368              3.95410310497329             0.220108995241704    
          44.4377442117928            -0.741837762822505E-09         0.344602610057760    
          44.4412384729361             0.360636334341377             0.344923250930173    
          44.4450188359540             0.721231601739170             0.343948324511936    
          44.4502411542555              1.08162203766262             0.336496488102205    
          44.4533272412965              1.44197563777940             0.327226858021747    
          44.4521446810770              1.80225580479877             0.314323101744685    
          44.4506340553603              2.16244990248597             0.300354775663455    
          44.4487991782963              2.52255828840276             0.285322267286470    
          44.4470711100583              2.88227328327576             0.267484853122797    
          44.4453964439730              3.24179182073999             0.248245672166473    
          44.4424133336963              3.59743653238142             0.204256380923664    
          44.4391708212709              3.95230828987553             0.155320477668724    
          45.2679215260138            -0.741837655079914E-09         0.296467346868186    
          45.2711373146340             0.360499303258714             0.294669280661225    
          45.2746277611118             0.720957599178594             0.291573143676415    
          45.2794647955545              1.08121136164744             0.281987043075209    
          45.2822380780903              1.44142799028651             0.270616616646026    
          45.2808876719903              1.80157118582839             0.255678314323902    
          45.2792359033699              2.16163474934019             0.239793652820897    
          45.2772827716649              2.52161868075592             0.222962840700231    
          45.2754517075913              2.88122781777810             0.203588771635452    
          45.2736816749308              3.24065003413550             0.182943483909332    
          45.2705841240651              3.59631000456884             0.137939895282716    
          45.2672233549407              3.95121895536679             0.880665977204033E-01
          46.0983429775315            -0.741837733914965E-09         0.252801568559192    
          46.1012459614658             0.360425453101518             0.248233599604246    
          46.1043969004609             0.720809898864223             0.242365056418109    
          46.1088066895122              1.08098998998989             0.229993421538537    
          46.1112290207218              1.44113306649518             0.215870973432909    
          46.1096688072425              1.80120247148477             0.198246899813823    
          46.1078301195484              2.16119844332769             0.179794677716237    
          46.1057167717681              2.52112133958584             0.160514292077575    
          46.1037369357870              2.88068803810040             0.138952402784810    
          46.1018295752719              3.24007663743811             0.116249776085444    
          46.0985756227228              3.59581480916847             0.695816788305865E-01
          46.0950546360901              3.95082437261083             0.181206398907400E-01
          46.9289933074024            -0.741813633953979E-09         0.213659230862533    
          46.9315377104111             0.360454182541201             0.205711514237522    
          46.9343148097839             0.720867417348217             0.196460749764741    
          46.9382630213180              1.08107653593678             0.180693765580519    
          46.9402924396938              1.44124846109097             0.163209465921879    
          46.9384842720431              1.80134659552015             0.142289776298323    
          46.9364243332040              2.16137773410442             0.120660148965584    
          46.9341088079176              2.52134235361492             0.983203527048635E-01
          46.9319496827429              2.88096865677563             0.739608658048871E-01
          46.9298630330813              3.24042639750260             0.485910670267004E-01
          46.9264183471153              3.59634529051937            -0.350498948305564E-03
          46.9226989967921              3.95155774817417            -0.540083716668725E-01
          47.7598038510041            -0.741813698500430E-09         0.178070609190170    
          47.7619705997260             0.360557328382227             0.166333050129507    
          47.7643509714262             0.721073768634873             0.153289999439961    
          47.7678147174050              1.08138636088990             0.133717556382387    
          47.7694321496194              1.44166152129186             0.112461347801110    
          47.7673531397898              1.80186289096865             0.878359252612467E-01
          47.7650452471249              2.16200358289285             0.626188205360869E-01
          47.7625084710808              2.52208407383550             0.368095303863886E-01
          47.7601395394215              2.88184484507762             0.924236456869575E-02
          47.7578583421945              3.24144611379147            -0.192046912049888E-01
          47.7541962204534              3.59761987627303            -0.708293936846542E-01
          47.7502556190067              3.95310961473520            -0.127093813775470    
          48.5906677969059            -0.741813568793401E-09         0.143766269405353    
          48.5924492620514             0.360643486898961             0.128093209303283    
          48.5944252767967             0.721246085668308             0.111112184020523    
          48.5973969279497              1.08164504505621             0.875886235871971E-01
          48.5985909300475              1.44200663219561             0.624147991907620E-01
          48.5962334487989              1.80229407098185             0.339379667002694E-01
          48.5936737877902              2.16252738852644             0.498771177558955E-02
          48.5909081318105              2.52270658476317            -0.244367571298979E-01
          48.5883293939376              2.88258489636724            -0.553572824710117E-01
          48.5858422054119              3.24231276534864            -0.870272757592088E-01
          48.5819550190120              3.59872446957579            -0.141480902055829    
          48.5777893524798              3.95447408428945            -0.200497614170789    
          49.4214211135145            -0.741837761141992E-09         0.106902841974606    
          49.4228058510518             0.360759179518121             0.873337618154438E-01
          49.4243736942152             0.721477590115835             0.664542355183716E-01
          49.4268456212307              1.08199242093669             0.390190313856038E-01
          49.4276123786144              1.44246987950893             0.996704907262762E-02
          49.4249687966692              1.80287307051854            -0.223217093354649E-01
          49.4221497380625              2.16322857758807            -0.549656434429735E-01
          49.4191475729270              2.52353628144193            -0.879657977038149E-01
          49.4163437702765              2.88356145889373            -0.122200232888854    
          49.4136467760614              3.24344549204687            -0.157053702770610    
          49.4095268960556              3.60012446350497            -0.214297192274119    
          49.4051247210108              3.95616399521034            -0.276027079846809    
          50.2517662556486            -0.741813702370524E-09         0.619288542749913E-01
          50.2527504508223             0.360890637566303             0.386879161040721E-01
          50.2538948635526             0.721740506212162             0.141340731976765E-01
          50.2558556222700              1.08238712290658            -0.169885901802163E-01
          50.2561798760943              1.44299618853833            -0.496945812771744E-01
          50.2532425640341              1.80353086739796            -0.855710753457745E-01
          50.2501450343770              2.16402418040979            -0.121684518231773    
          50.2468949160933              2.52447612750736            -0.158036173318232    
          50.2438622341258              2.88466390643341            -0.195360377967939    
          50.2409363609689              3.24471983938472            -0.233173135580318    
          50.2365761583259              3.60168205211857            -0.292983051771313    
          50.2319298459477              3.95802699802289            -0.357202551561457    
          51.0811958702799            -0.741813665724490E-09         0.247509582054292E-02
          51.0818520021201             0.360881756473968            -0.231833898999122E-01
          51.0826530928298             0.721722803632112            -0.501572925190282E-01
          51.0841751622447              1.08236077765279            -0.837130651250010E-01
          51.0841370208844              1.44296114100614            -0.118818827700460    
          51.0809822723692              1.80348699837809            -0.157028704661833    
          51.0776901947271              2.16397768878551            -0.195357360343455    
          51.0742684170234              2.52443368899908            -0.233806181015798    
          51.0710831496088              2.88464364085363            -0.272965953653967    
          51.0680085062695              3.24473128347681            -0.312483730097559    
          51.0634842752349              3.60183654736144            -0.373608106080517    
          51.0586663053149              3.95834695576213            -0.439064878683642    
          51.9089699076301            -0.741813569393127E-09        -0.766869240708990E-01
          51.9094581931074             0.360795627759553            -0.102843575103779    
          51.9100799934493             0.721550605807969            -0.130318219471144    
          51.9113312198863              1.08210268953293            -0.164387671599171    
          51.9110947149488              1.44261710298601            -0.199973913799557    
          51.9078789321667              1.80305677203922            -0.238597729085918    
          51.9045563381091              2.16346771142990            -0.277222216342620    
          51.9011269325503              2.52385027871950            -0.315848746895323    
          51.8979492965749              2.88400563271866            -0.354924877693450    
          51.8948937294646              3.24404726055589            -0.394228284111044    
          51.8903656873887              3.60121856638999            -0.454750919133650    
          51.8855400923397              3.95781718966929            -0.519528346232941    
          52.7343597614499            -0.741813641438362E-09        -0.177685562507217    
          52.7348594910643             0.360561709323768            -0.202781235566145    
          52.7354698474290             0.721082768936521            -0.229197539411055    
          52.7366257066438              1.08140114284226            -0.262221480784209    
          52.7363624991604              1.44168190608099            -0.296729057056109    
          52.7332649725025              1.80188768650161            -0.334207627889249    
          52.7300835229954              2.16207105535271            -0.371568778863616    
          52.7268219652151              2.52223260861450            -0.408813851462160    
          52.7238236215942              2.88218506839930            -0.446247276919886    
          52.7209587916366              3.24203333876680            -0.483777175322873    
          52.7165985995328              3.59912310544936            -0.542141315436286    
          52.7119408555429              3.95566188567317            -0.604682225039446    
          53.5570221092658            -0.741813687774452E-09        -0.298961074421494    
          53.5577240176583             0.360194008258565            -0.321676018533018    
          53.5585174793654             0.720347426410973            -0.345714215997661    
          53.5597648912556              1.08029833767056            -0.376372821186537    
          53.5596695304894              1.44021157865886            -0.408482055135964    
          53.5568809944837              1.80004971762032            -0.443495526341126    
          53.5540314240171              2.15987188231480            -0.478273590192645    
          53.5511284484617              2.51967819188568            -0.512817409324569    
          53.5485039462940              2.87929424304928            -0.547288393572872    
          53.5460167731622              3.23881540312244            -0.581724988523478    
          53.5420227947909              3.59568987783010            -0.636612656230106    
          53.5377236364085              3.95203577743441            -0.695598862099292    
          54.3771934621033            -0.741837685722178E-09        -0.436124157655383    
          54.3782692104946             0.359790156975164            -0.455492271086240    
          54.3794174387486             0.719539843053695            -0.476186349862513    
          54.3809318791904              1.07908717125131            -0.503513532088290    
          54.3811722115966              1.43859665036411            -0.532258351863543    
          54.3788643273592              1.79803090824135            -0.563840592020432    
          54.3765259264031              2.15745574836355            -0.595069496965306    
          54.3741493794011              2.51687105145583            -0.625945961083806    
          54.3720703796534              2.87611445437353            -0.656488581440149    
          54.3701401536465              3.23527202610924            -0.686865801298815    
          54.3666764204576              3.59189520763636            -0.737311968086444    
          54.3629075085883              3.94801174857928            -0.791778471488192    
          55.1956863500020            -0.741934056570491E-09        -0.583022196665994    
          55.1972465645283             0.359370689274353            -0.598519346079170    
          55.1988601854510             0.718700907652291            -0.615345202649715    
          55.2007484658475              1.07782903637051            -0.638816798823277    
          55.2014351175016              1.43691925639972            -0.663673011558127    
          55.1997223257720              1.79593401677537            -0.691299887439695    
          55.1979942762378              2.15494567748937            -0.718455470481179    
          55.1962585984378              2.51395423847645            -0.745140416630828    
          55.1948319122991              2.87280949594032            -0.771230450588665    
          55.1935654445269              3.23158822054928            -0.797024132516049    
          55.1907463969266              3.58794413485095            -0.842505112457991    
          55.1876183572602              3.94381581992506            -0.891927989064150    
          56.0136680697673            -0.741837662513475E-09        -0.732752049580731    
          56.0157318238970             0.359047304263957            -0.744318272765014    
          56.0178337256421             0.718054197236287            -0.757215885329060    
          56.0201225488253              1.07685914956076            -0.776771933283386    
          56.0212784078410              1.43562619319655            -0.797679576833084    
          56.0201759673096              1.79431765796996            -0.821291126325145    
          56.0190887866400              2.15301234117489            -0.844313425379613    
          56.0180130513441              2.51171024274635            -0.866746831911020    
          56.0172691961426              2.87027343744554            -0.888324317477329    
          56.0166855597533              3.22876892077901            -0.909474499543724    
          56.0145340854637              3.58495388896173            -0.949929973173288    
          56.0120698056321              3.94067680085211            -0.994249082372947    
          56.8323478799511            -0.741813531386759E-09        -0.878605511791412    
          56.8348503238663             0.358833472594076            -0.886621205618146    
          56.8373718419081             0.717626593501301            -0.895971030663583    
          56.8399925433357              1.07621792277245            -0.911991986911911    
          56.8415527598492              1.43477134335514            -0.929331398598354    
          56.8409996353230              1.79324882744785            -0.949308078257032    
          56.8404808442004              2.15173608648365            -0.968577490300368    
          56.8400002014385              2.51023300118837            -0.987139873430606    
          56.8398666977457              2.86861332883418             -1.00458514805129    
          56.8399048573115              3.22693572027739             -1.02147222736209    
          56.8383561060747              3.58305869963197             -1.05728187661953    
          56.8364831062929              3.93874203404534             -1.09687690040157    
          57.6526489370052            -0.741837607299845E-09         -1.01500388682756    
          57.6554565563738             0.358764062983050             -1.02022060627382    
          57.6582679910678             0.717487774279294             -1.02677425839228    
          57.6610832416854              1.07601002176505             -1.04001161834134    
          57.6629143013225              1.43449418174848             -1.05453441279466    
          57.6627731637064              1.79290228603275             -1.07162783727019    
          57.6626930623989              2.15132648335277             -1.08789609617951    
          57.6626739976984              2.50976665443442             -1.10333895139064    
          57.6630173309796              2.86810907352567             -1.11740362978898    
          57.6635437718760              3.22640213948373             -1.13077916150561    
          57.6624565995348              3.58260785008831             -1.16269328993950    
          57.6610489942746              3.93839585026179             -1.19831471070844    
          58.4749946723119            -0.741837741490457E-09         -1.13845619049354    
          58.4779472499347             0.358767609459528             -1.14186653171758    
          58.4808807546777             0.717494986441534             -1.14661630905340    
          58.4837303372621              1.07602098902003             -1.15806266889771    
          58.4856682080858              1.43450884449154             -1.17076132311429    
          58.4857750254198              1.79292064426389             -1.18596385021011    
          58.4859695819371              2.15135485516450             -1.20022319458925    
          58.4862480632641              2.50981147712857             -1.21353911812681    
          58.4869080161217              2.86818846691468             -1.22521567735758    
          58.4877510767680              3.22652564031089             -1.23607207895752    
          58.4869690803909              3.58288656141381             -1.26508155439913    
          58.4858628371524              3.93885218343102             -1.29772071685037    
          59.2992897185913            -0.741813656942453E-09         -1.24816735662935    
          59.3022308519748             0.358826558455082             -1.25078221441479    
          59.3051414683581             0.717612884432588             -1.25473913096983    
          59.3078804244912              1.07619801482048             -1.26540562395161    
          59.3097725186675              1.43474511731065             -1.27729103276948    
          59.3099823324821              1.79321568726437             -1.29161391497256    
          59.3102989589209              2.15171534406665             -1.30487547810887    
          59.3107300277204              2.51024349160614             -1.31707548405887    
          59.3115501974473              2.86871060361711             -1.32737481900568    
          59.3125725485317              3.22714719756256             -1.33672322380558    
          59.3119431398782              3.58371888069299             -1.36383798754604    
          59.3109856702357              3.93991743766302             -1.39450459456052    
          60.1251144584833            -0.741813568254715E-09         -1.34569831234075    
          60.1279411509246             0.358939747679075             -1.34838445742727    
          60.1307144381694             0.717839322485161             -1.35241540314653    
          60.1332245124102              1.07653799972480             -1.36316868079861    
          60.1349640186005              1.43519835104332             -1.37510773416627    
          60.1351623881668              1.79378228903456             -1.38941774222052    
          60.1354942731582              2.15240127433879             -1.40254829486774    
          60.1359596738954              2.51105554530959             -1.41449927322070    
          60.1368370636292              2.86966713898244             -1.42428791628148    
          60.1379166346500              3.22825727449531             -1.43299521434824    
          60.1373330018303              3.58509384067094             -1.45908084523631    
          60.1364136790018              3.94157969202859             -1.48864107170117    
          60.9519577214414            -0.741837618677826E-09         -1.43424780129919    
          60.9545936790998             0.359049211612649             -1.43760676377663    
          60.9571609727771             0.718058250352248             -1.44231291111698    
          60.9593811301332              1.07686654053694             -1.45375450352501    
          60.9608993839727              1.43563656440507             -1.46634849309860    
          60.9610176449573              1.79432993652715             -1.48124703785640    
          60.9612923094873              2.15306503168242             -1.49484811005569    
          60.9617310072569              2.51184137296857             -1.50715135241132    
          60.9625931379921              2.87059363360601             -1.51703095279568    
          60.9636688939590              3.22933373440754             -1.52569843572491    
          60.9630585576670              3.58643136893090             -1.55135586785813    
          60.9621087166090              3.94320046156055             -1.58041029034083    
          61.7793083370371            -0.741813621597462E-09         -1.51790064972050    
          61.7817344865126             0.359151493186304             -1.52219027930025    
          61.7840728985413             0.718262873104157             -1.52782959717739    
          61.7859688068796              1.07717374288562             -1.54021723483754    
          61.7872391056490              1.43604628674574             -1.55372401031307    
          61.7872543700568              1.79484194044110             -1.56946894145907    
          61.7874489261441              2.15368563526198             -1.58379814445890    
          61.7878304035865              2.51257713272454             -1.59671150046353    
          61.7886543873694              2.87146290776903             -1.60693978858017    
          61.7896958109433              3.23034558288316             -1.61582518675459    
          61.7890320685681              3.58769737161566             -1.64131203132611    
          61.7880326358545              3.94474279137844             -1.67011849950552    
          62.6067314290042            -0.741813568688396E-09         -1.60087710557742    
          62.6089553997515             0.359252672073989             -1.60599965064086    
          62.6110725596011             0.718465290484128             -1.61247462584912    
          62.6126594778229              1.07747760737406             -1.62571091475987    
          62.6136932657444              1.43645147913328             -1.64003296291805    
          62.6136131631254              1.79534834151827             -1.65652676722261    
          62.6137390550308              2.15429956312111             -1.67148658777871    
          62.6140747564248              2.51330502466716             -1.68491266337965    
          62.6148682228503              2.87232312202578             -1.69539200673198    
          62.6158905730369              3.23134765619679             -1.70439804525815    
          62.6151886836289              3.58895216862692             -1.72961690816781    
          62.6141396594512              3.94627272342974             -1.75807790875277    
          63.4338493418059            -0.741813612598584E-09         -1.68680804614495    
          63.4359169102078             0.359328101754332             -1.69234639334759    
          63.4378585942753             0.718616209449416             -1.69923967411710    
          63.4391784841145              1.07770422424051             -1.71290714328937    
          63.4400177229402              1.43675367469149             -1.72762735076070    
          63.4398880297681              1.79572599655889             -1.74445255721578    
          63.4399872192853              2.15475899573648             -1.75962588193560    
          63.4403191064464              2.51385267215888             -1.77314720609677    
          63.4411278320472              2.87297758104318             -1.78346049125326    
          63.4421692560137              3.23211774822700             -1.79216957983799    
          63.4414711814990              3.58994947356669             -1.81670370524535    
          63.4404259718472              3.94751941420388             -1.84440236319112    
          64.2603683435048            -0.741813707845745E-09         -1.77831953357208    
          64.2623519887537             0.359406243446089             -1.78354686378259    
          64.2641983056399             0.718772492832900             -1.79013175018369    
          64.2653274610316              1.07793894733889             -1.80350369967368    
          64.2660522594136              1.43706671829539             -1.81789512808777    
          64.2659454549731              1.79611724145889             -1.83432503673121    
          64.2660980508040              2.15523487923429             -1.84898504643338    
          64.2665024177680              2.51441939313748             -1.86187491916984    
          64.2674026966129              2.87365349773330             -1.87129532691663    
          64.2685471178716              3.23291239737149             -1.87898088474254    
          64.2679291524580              3.59097395822510             -1.90210404943472    
          64.2669526074732              3.94879590730091             -1.92831426073335    
          65.0860519228419            -0.741813576819912E-09         -1.87711006243300    
          65.0880584563173             0.359443019513071             -1.88107770798145    
          65.0899047733236             0.718846104571484             -1.88640565154441    
          65.0909576350828              1.07804945435370             -1.89853341365401    
          65.0916595456743              1.43721418019105             -1.91164739530330    
          65.0916900708303              1.79630153902607             -1.92673345762397    
          65.0919952550814              2.15546233056539             -1.93993136536853    
          65.0925827280871              2.51469643553423             -1.95124111893578    
          65.0936813717648              2.87399848942662             -1.95882010071778    
          65.0950241578849              3.23333439826730             -1.96453345999583    
          65.0945892986592              3.59158454822048             -1.98529771140032    
          65.0938034890008              3.94961749774026             -2.00907128504686    
          65.9106979009864            -0.741813649190407E-09         -1.98414999681279    
          65.9128570221509             0.359454463605228             -1.98573429075220    
          65.9148406681458             0.718869052360453             -1.98868150530985    
          65.9159393063768              1.07808414425804             -1.99844141305793    
          65.9167632874876              1.43726055260610             -2.00915440015849    
          65.9170532123973              1.79635923632393             -2.02177271072897    
          65.9176406846572              2.15553790925718             -2.03238496870445    
          65.9185409633450              2.51479633292171             -2.04099093606615    
          65.9199600421661              2.87414106374079             -2.04560458640790    
          65.9216385223459              3.23352894783283             -2.04822219926292    
          65.9215164692746              3.59194217609752             -2.06550446628487    
          65.9210358362777              3.95016061527387             -2.08571856957610    
          66.7341765784275            -0.741813584490643E-09         -2.09988410685695    
          66.7364043638844             0.359425942781805             -2.09924395511583    
          66.7384414154726             0.718812070318254             -2.09996898895096    
          66.7395019067848              1.07799890961338             -2.10751970979353    
          66.7403640350271              1.43714694614972             -2.11599001214695    
          66.7408370657023              1.79621725805582             -2.12629899994217    
          66.7416305319924              2.15537363885138             -2.13448415629712    
          66.7427596930073              2.51461632688938             -2.14054476634525    
          66.7444229130354              2.87396391873171             -2.14235222933428    
          66.7463531639934              3.23336372375328             -2.14203252451316    
          66.7464676232846              3.59190021442662             -2.15599218941867    
          66.7462158732807              3.95026408893919             -2.17280620449031    
          67.5566176546885            -0.741813664450553E-09         -2.22273167729223    
          67.5573271924440             0.359401057841824             -2.22940453927935    
          67.5578154787824             0.718762300438330             -2.23744520937672    
          67.5572432816279              1.07792452301440             -2.25232444100021    
          67.5565413859304              1.43704788322708             -2.26809011382251    
          67.5555877217274              1.79609328039097             -2.28562842996888    
          67.5549926399712              2.15523130295549             -2.30092418198646    
          67.5547408821586              2.51446183164575             -2.31397760861165    
          67.5550537006494              2.87381562237148             -2.32251610415847    
          67.5556335497499              3.23323092460132             -2.32879701639916    
          67.5543823480780              3.59189425396201             -2.34896462229602    
          67.5527649364341              3.95040737850798             -2.37190932994225    
 zone  i=           2  j=          51 k=           1                                                
          26.1920909056035              3.90161310799369             0.685663250929332    
          26.1895751105688              4.01494991167618             0.588263481404956    
          27.0194110300267              3.92446362190257             0.757713353731120    
          27.0108470316395              4.04248487386699             0.664493473452333    
          27.8482322365096              3.93883787831599             0.812592139387475    
          27.8336467387742              4.06155740685232             0.723389069611243    
          28.6782512548610              3.94683801389185             0.846595654948908    
          28.6576385369509              4.07427465407881             0.761366420791087    
          29.5089321186854              3.95015203220489             0.856698247711406    
          29.4822826450650              4.08232652646815             0.775467347164475    
          30.3368435071878              3.95813380954836             0.844714339980903    
          30.3041763523532              4.09499322894989             0.767532795442749    
          31.1674576025420              3.96479856263496             0.829484425379615    
          31.1287479723252              4.10635864280248             0.756323209770138    
          31.9980678759036              3.97016941806770             0.813539853567662    
          31.9533100493329              4.11643373528152             0.744340972207278    
          32.8286781429646              3.97468148976195             0.797364374801391    
          32.7778702120117              4.12565195137149             0.732066019179184    
          33.6592903127044              3.97861205853057             0.781062295769598    
          33.6024284615057              4.13428890295509             0.719601405898065    
          34.4898986647294              3.98206817431769             0.764358122232498    
          34.4269714478680              4.14245330890571             0.706674141562797    
          35.3204841272401              3.98501788903320             0.746675833236375    
          35.2514953579266              4.15011322113377             0.692715238591664    
          36.1506080129191              3.98433100509404             0.714914027133483    
          36.0755576893308              4.15417873480708             0.664788221355958    
          36.9803199144090              3.98194205088700             0.672825828630954    
          36.8992042200701              4.15656768900623             0.626627081267023    
          37.8097953086486              3.97910558499853             0.626368304087593    
          37.7226218712323              4.15851986036169             0.584127312969506    
          38.6390418259874              3.97560965330797             0.576070384398112    
          38.5458106439751              4.15982830154370             0.537818621711770    
          39.4680670954233              3.97170793318757             0.522224729853900    
          39.3687781685480              4.16074335206420             0.487996466978492    
          40.2968825601995              3.96776258246632             0.465246906199964    
          40.1915358886311              4.16162311663443             0.435076384073739    
          41.1255263664841              3.96377169379533             0.405800464107130    
          41.0141219504719              4.16246473423141             0.379716529475130    
          41.9540595486974              3.96002494575371             0.344859196226673    
          41.8365973885739              4.16355383031723             0.322877910678761    
          42.7825316972728              3.95684277291778             0.283063138844491    
          42.6590156081531              4.16520368690953             0.265191235889510    
          43.6109199235368              3.95410310497329             0.220108995241701    
          43.4813460912291              4.16729366420541             0.206360241778595    
          44.4391708212709              3.95230828987553             0.155320477668724    
          44.3035392463818              4.17031538132228             0.145723795146111    
          45.2672233549407              3.95121895536679             0.880665977204033E-01
          45.1255416675524              4.17403185018880             0.826672915263738E-01
          46.0950546360901              3.95082437261082             0.181206398907349E-01
          45.9473228368956              4.17843114987567             0.169738848342804E-01
          46.9226989967921              3.95155774817417            -0.540083716668770E-01
          46.7689209011313              4.18393623494820            -0.508529985451609E-01
          47.7502556190067              3.95310961473520            -0.127093813775465    
          47.5904350422084              4.19024145278315            -0.119610163729956    
          48.5777893524799              3.95447408428921            -0.200497614170810    
          48.4119224804915              4.19636261147148            -0.188672707381546    
          49.4051247210109              3.95616399521027            -0.276027079846820    
          49.2332191838638              4.20280086687367            -0.259803426689347    
          50.2319298459478              3.95802699802288            -0.357202551561461    
          50.0539932736427              4.20940696895696            -0.336431005326655    
          51.0586663053149              3.95834695576212            -0.439064878683642    
          50.8747063279164              4.21450817294695            -0.413710569807734    
          51.8855400923397              3.95781718966929            -0.519528346232942    
          51.6955528958417              4.21878301812971            -0.489610198419506    
          52.7119408555429              3.95566188567318            -0.604682225039451    
          52.5159378846801              4.22147857862232            -0.570057603612969    
          53.5377236364086              3.95203577743456            -0.695598862099212    
          53.3357239650788              4.22274839599212            -0.656085108535023    
          54.3629075085883              3.94801174857928            -0.791778471488197    
          54.1549302103427              4.22363865097873            -0.747194447882308    
          55.1876183572602              3.94381581992506            -0.891927989064150    
          54.9736786907933              4.22436868867797            -0.842118366359612    
          56.0120698056321              3.94067680085211            -0.994249082372947    
          55.7921792147959              4.22613203251318            -0.939103413750386    
          56.8364831062930              3.93874203404531             -1.09687690040157    
          56.6106530348383              4.22906839577349             -1.03633647576342    
          57.6610489942746              3.93839585026179             -1.19831471070846    
          57.4292718123780              4.23354828093557             -1.13236671540495    
          58.4858628371523              3.93885218343102             -1.29772071685036    
          58.2481347296198              4.23880636434979             -1.22638052910016    
          59.3109856702356              3.93991743766301             -1.39450459456052    
          59.0672990071091              4.24465381849868             -1.31781059985729    
          60.1364136790019              3.94157969202857             -1.48864107170118    
          59.8867646449612              4.25107872245288             -1.40663654301470    
          60.9621087166089              3.94320046156055             -1.58041029034083    
          60.7064934962848              4.25746214157276             -1.49313313612749    
          61.7880326358544              3.94474279137844             -1.67011849950552    
          61.5264397847859              4.26376926674535             -1.57759887945864    
          62.6141396594510              3.94627272342994             -1.75807790875277    
          62.3465729924616              4.27006351731350             -1.66033716094265    
          63.4404259718471              3.94751941420400             -1.84440236319113    
          63.1668740450287              4.27608406334844             -1.74145896466577    
          64.2669526074731              3.94879590730099             -1.92831426073336    
          63.9874154210887              4.28213274277515             -1.82021589483623    
          65.0938034890008              3.94961749774031             -2.00907128504686    
          64.8082657846367              4.28774368568436             -1.89589460300147    
          65.9210358362777              3.95016061527392             -2.08571856957613    
          65.6294937997691              4.29308712294378             -1.96757765435640    
          66.7462158732807              3.95026408893922             -2.17280620449031    
          66.4487152812774              4.29800283726649             -2.04924603366464    
          67.5527649364341              3.95040737850800             -2.37190932994225    
          67.2500839841608              4.30296337428195             -2.23835655575151    
 zone  i=          25  j=          51 k=           1                                                
          26.1895751105688              4.01494991167618             0.588263481404956    
          28.2181167292947              4.32405149784567             0.560551857730144    
          29.4630260450724              4.54025375864549             0.514226414734755    
          30.6704387898989              4.76190292868615             0.463394293322601    
          31.8771210166063              4.98733770684629             0.411701451095519    
          33.0832291274626              5.21571266045360             0.359533858845390    
          34.2887345120739              5.44714556799970             0.306929366012573    
          35.4935837647039              5.68187007954818             0.253924629284525    
          36.6977082209699              5.92020138446710             0.200568136232402    
          37.9010201430541              6.16254622498081             0.146921904321090    
          39.1034012755135              6.40941434020973             0.930632619810754E-01
          40.4737015624083              6.69846775645763             0.314841948984812E-01
          42.1564865829051              7.06509112509313            -0.441457226685147E-01
          44.0048370871825              7.48413987239399            -0.126863984684823    
          45.8482361113998              7.92453661873320            -0.208483309286380    
          47.6853866600429              8.39047324099253            -0.288355428775468    
          49.5147704841127              8.88626654683005            -0.365800533704064    
          51.3346709695925              9.41612319423322            -0.440138472756757    
          53.1432227289083              9.98389793524065            -0.510722951069709    
          54.9384802663487              10.5928475680490            -0.576978276878372    
          56.7185286066955              11.2453991941841            -0.638435840989118    
          58.4815862989217              11.9430405459520            -0.694755846612469    
          60.2260740893128              12.6863867436243            -0.745722187108819    
          61.9506110893676              13.4753567251711            -0.791220792271021    
          63.6540185295777              14.3093639811166            -0.831213217696270    
          27.0108470316395              4.04248487386699             0.664493473452331    
          28.9922809519505              4.35130417224363             0.634960452256694    
          30.2059593394259              4.56950867209527             0.589087884085993    
          31.3829193541468              4.79306471367351             0.538880805069101    
          32.5591774609297              5.02032482413152             0.487825820389186    
          33.7348900620105              5.25046121377990             0.436301212150544    
          34.9100266396070              5.48358832326928             0.384344025351263    
          36.0880433094218              5.72157058568878             0.331434865157957    
          37.2693444295484              5.96374281324416             0.277333464299665    
          38.4505463637951              6.20981699648065             0.222774701959336    
          39.6308327671997              6.46031384179876             0.168007038695782    
          40.9756470589748              6.75205232744907             0.105252693179205    
          42.6266365748539              7.11963461521559             0.279471255988433E-01
          44.4398422707514              7.53850359498001            -0.567245219921821E-01
          46.2481918545176              7.97829809634465            -0.140318502169028    
          48.0518379153828              8.44268023001612            -0.222806459707948    
          49.8486060763784              8.93603022289087            -0.303243687201402    
          51.6365775446150              9.46251467857208            -0.380870639996805    
          53.4134520573259              10.0261590567472            -0.454835566215049    
          55.1772803046970              10.6301867769863            -0.524550078637146    
          56.9261740155465              11.2769848864755            -0.589554062362319    
          58.6583937022584              11.9680153683009            -0.649514009739111    
          60.3723791821929              12.7038885743520            -0.704217328846054    
          62.0667838927918              13.4845282109630            -0.753551672387410    
          63.7404481285479              14.3093639811165            -0.797478646992981    
          27.8336467387742              4.06155740685232             0.723389069611247    
          29.7683544290296              4.37055647270217             0.691860663765313    
          30.9510136037246              4.59104883711172             0.646277295263342    
          32.0977020865743              4.81679451471860             0.596536441238620    
          33.2437058276961              5.04616892085477             0.545964937196398    
          34.3891755071594              5.27836047829910             0.494933465983757    
          35.5340806070830              5.51348219720591             0.443478238408888    
          36.6854134674300              5.75504359879447             0.390524910844403    
          37.8440781716483              6.00139291922468             0.335528546855938    
          39.0033646676254              6.25154167531769             0.279904874392618    
          40.1617508914978              6.50602297126492             0.224076652628835    
          41.4813004405044              6.80084659270756             0.159995807941340    
          43.1007614806753              7.16986177577046             0.808627289352192E-01
          44.8791237294932              7.58905977323172            -0.591511087540244E-02
          46.6527290488563              8.02875604645004            -0.916373001716448E-01
          48.4232101303145              8.49207006537429            -0.176908249409902    
          50.1877288395312              8.98344118461716            -0.260516979515807    
          51.9441680194505              9.50698927768385            -0.341624306630044    
          53.6897887174340              10.0669066972164            -0.419169117767622    
          55.4226263655234              10.6663844378328            -0.492550360093680    
          57.1408384701753              11.3077599556369            -0.561317307125231    
          58.8427160626089              11.9924656697958            -0.625143157251987    
          60.5267332896024              12.7210985807471            -0.683819965330836    
          62.1915664706216              13.4935843021646            -0.737237464609788    
          63.8360825934144              14.3093639811166            -0.785358207186269    
          28.6576385369508              4.07427465407882             0.761366420791087    
          30.5455780344831              4.38378870397098             0.728785276830511    
          31.6971893862293              4.60677301928045             0.684025641906182    
          32.8135834493523              4.83490717405525             0.635267009693054    
          33.9293061223653              5.06659471701326             0.585695072409951    
          35.0445023630844              5.30104028339920             0.535672705043747    
          36.1591492828635              5.53835497603104             0.485235492885681    
          37.2837754458791              5.78369435792541             0.432758643694519    
          38.4197732168196              6.03441961235983             0.377384505407086    
          39.5571175717694              6.28884130559443             0.321211964474335    
          40.6935807279941              6.54750589328606             0.264839151567351    
          41.9878388313911              6.84564305553783             0.200037524953794    
          43.5757370636610              7.21637199101759             0.119849595248173    
          45.3192177185834              7.63620895032283             0.318279346065533E-01
          47.0580368120553              8.07611741635163            -0.551600905456630E-01
          48.7953185820411              8.53867231096129            -0.142351179556176    
          50.5275496927512              9.02837545435001            -0.228268918028032    
          52.2524184376865              9.54929712890764            -0.311994408407177    
          53.9667471743739              10.1057984875825            -0.392256833900757    
          55.6685560767727              10.7010361926934            -0.468442565500732    
          57.3560484290345              11.3372981092618            -0.540110205554842    
          59.0275457801338              12.0159880462107            -0.606939836637382    
          60.6815527916384              12.7376896525249            -0.668727832486331    
          62.3167801091339              13.5023304492178            -0.725366304896594    
          63.9321137856553              14.3093639811166            -0.776818514761984    
          29.4822826450649              4.08232652646816             0.775467347164479    
          31.3234310610294              4.39260065473746             0.742993251771223    
          32.4439774239317              4.61822855519249             0.699747095160135    
          33.5300599016624              4.84889900668772             0.652639090955571    
          34.6154862483351              5.08304702918575             0.604735126469145    
          35.7003976067802              5.31989490090659             0.556390328433042    
          36.7847672734358              5.55955038681831             0.507639507662435    
          37.8826676660552              5.80881509172985             0.456309986316593    
          38.9959832452266              6.06406362287335             0.401227135159152    
          40.1113663858609              6.32290654962366             0.345174072108203    
          41.2258912157797              6.58590177175471             0.288925029503657    
          42.4948349855307              6.88752079834754             0.224174322119965    
          44.0511513365677              7.26016900308636             0.143895423335878    
          45.7597236948729              7.68087142188271             0.556971864704590E-01
          47.4637413038582              8.12121857834876            -0.314894392045929E-01
          49.1677932450220              8.58324132309774            -0.119533193321045    
          50.8677176840055              9.07150155773472            -0.206692621996867    
          52.5609931061042              9.59002188088681            -0.291969084210180    
          54.2440069937465              10.1433331994853            -0.373881932729809    
          55.9147680775703              10.7345568898765            -0.451804932609419    
          57.5715177898100              11.3659321796746            -0.525306074487792    
          59.2126120110946              12.0388314065351            -0.594072264999234    
          60.8365897326415              12.7538286826875            -0.657904166979040    
          62.4421844819827              13.5108505754611            -0.716696270709031    
          64.0283128233333              14.3093639811166            -0.770412607659538    
          30.3041763523532              4.09499322894990             0.767532795442750    
          32.0987091625855              4.40578710963019             0.736252281570208    
          33.1883049779368              4.63389647056084             0.695178473154856    
          34.2441826822996              4.86694538563450             0.650360774128929    
          35.2994156999788              5.10339653136346             0.604764638316827    
          36.3541451734640              5.34248982894668             0.558737742195310    
          37.4083443989500              5.58433018234369             0.512313943292480    
          38.4796105742852              5.83736285396870             0.462774674880684    
          39.5703278853208              6.09697539817698             0.408627794231715    
          40.6638375499067              6.36008077164706             0.353339220280326    
          41.7565041623507              6.62724974878049             0.297859018845683    
          43.0002327808113              6.93217754783240             0.233897702056690    
          44.5250855065765              7.30654427343262             0.154440127592100    
          46.1988830829263              7.72789519086343             0.670710719052057E-01
          47.8682250926913              8.16846550741503            -0.193083539045026E-01
          49.5391807197149              8.62974152561742            -0.107197996623770    
          51.2069243722840              9.11634618215783            -0.194592124756905    
          52.8687323569082              9.63225343822757            -0.280412538269427    
          54.5205572809525              10.1821630010683            -0.362969176771641    
          56.1604002464752              10.7691590537062            -0.441623169613575    
          57.7865370185273              11.3954340936970            -0.515951895377641    
          59.3973578092822              12.0623299411040            -0.585649174061294    
          60.9914397542376              12.7704054493558            -0.650520046905078    
          62.5675392628260              13.5195919541439            -0.710461323026378    
          64.1245957830999              14.3093639811166            -0.765437866585347    
          31.1287479723252              4.10635864280254             0.756323209770145    
          32.8764992373225              4.41774523198777             0.726368600087864    
          33.9350396015354              4.64838516762700             0.687531572636933    
          34.9606095364820              4.88385927632638             0.645065333125442    
          35.9855462291632              5.12266027533361             0.601838001297320    
          37.0099946363357              5.36404477515244             0.558189445771099    
          38.0339242391938              5.60811481873407             0.514152809271691    
          39.0784684597688              5.86496314079135             0.466464411043538    
          40.1465073944137              6.12898833545629             0.413310243920866    
          41.2180634745455              6.39640479303869             0.358841799546508    
          42.2887917609989              6.66779330154471             0.304186050111431    
          43.5072174902377              6.97607994097396             0.241085246970337    
          45.0004959646573              7.35222145425050             0.162549028187267    
          46.6394005035291              7.77428142864875             0.761246637139925E-01
          48.2739486584968              8.21513260258249            -0.933206702406553E-02
          49.9116897158781              8.67572006836358            -0.969527998106274E-01
          51.5471343266188              9.16072541358004            -0.184467268509137    
          53.1773642478699              9.67407586933870            -0.270717386268846    
          54.7978857678776              10.2206380358449            -0.353803165470272    
          56.4066923599555              10.8034636711767            -0.433073174154131    
          58.0020941215641              11.4246947281352            -0.508114059372357    
          59.5825232257635              12.0856434628658            -0.578626554406151    
          61.1465873227277              12.7868582383677            -0.644419929702807    
          62.6930657037804              13.5282684829746            -0.705393372805353    
          64.2209245180099              14.3093639811167            -0.761512464429825    
          31.9533100493328              4.11643373528165             0.744340972207299    
          33.6542893060459              4.42848074385741             0.715724843746495    
          34.6817665904667              4.66169273904415             0.679107967823049    
          35.6770287568868              4.89963257253416             0.638975187320253    
          36.6716767549652              5.14082347914763             0.598098658662020    
          37.6658402820811              5.38453875869310             0.556810442675942    
          38.6594964484357              5.63087902362496             0.515143026980508    
          39.6773225296477              5.89158352727700             0.469289911569467    
          40.7226830883949              6.16006190355993             0.417111022929533    
          41.7722817696842              6.43182854590504             0.363444766602315    
          42.8210793597137              6.70747711694576             0.309595438396187    
          44.0141983851703              7.01916884997621             0.247343585357502    
          45.4759064230915              7.39714237141482             0.169729064807214    
          47.0799217393169              7.81997386845922             0.842562012590608E-01
          48.6796760395622              8.26117027278977            -0.271047554694389E-03
          50.2842063421098              8.72113117497105            -0.876158141754823E-01
          51.8873595406276              9.20460015135565            -0.175243724314140    
          53.4860075841523              9.71545674929414            -0.261916751589210    
          55.0752295152478              10.2587354156315            -0.345524906606015    
          56.6529997341222              10.8374526224763            -0.425404106512788    
          58.2176702999464              11.4537026388975            -0.501150385965959    
          59.7677153464720              12.1087691107974            -0.572471242351383    
          61.3017577795843              12.8031851423745            -0.639180324173443    
          62.8186226608169              13.5368830229760            -0.701179078329263    
          64.3172913987150              14.3093639811166            -0.758433984055344    
          32.7778702120115              4.12565195137176             0.732066019179228    
          34.4320755544373              4.43840563254820             0.704782649769603    
          35.4284935743465              4.67421686700384             0.670357017516724    
          36.3934479727276              4.91464865133139             0.632527715410796    
          37.3577996474764              5.15825569159783             0.593972009093784    
          38.3216821102123              5.40432893059110             0.555014151226274    
          39.2850686557180              5.65296611975761             0.515685974565273    
          40.2761727836968              5.91755303104907             0.471640693217426    
          41.2988549671375              6.19051129183116             0.420407756816161    
          42.3265000646599              6.46665482182144             0.367513676990954    
          43.3533593290908              6.74659015828016             0.314440818244695    
          44.5211792803337              7.06171750251096             0.253013030057132    
          45.9513168819246              7.44156070227251             0.176304859313741    
          47.5204429756523              7.86520616048185             0.917732221742486E-01
          49.0854072360100              8.30678928004282             0.816519873969499E-02
          50.6567305985823              8.76616558028796            -0.789135811752018E-01
          52.2275885704112              9.24814110317512            -0.166665102934188    
          53.7946585512198              9.75654389760377            -0.253771291905212    
          55.3525808936896              10.2965819791059            -0.337912074890801    
          56.8993185542176              10.8712327191237            -0.418410718079528    
          58.4332655535320              11.4825436566694            -0.494872643612355    
          59.9529189123903              12.1317688737278            -0.567012112812127    
          61.4569511245163              12.8194271693711            -0.634647152101269    
          62.9441986898524              13.5454556013085            -0.697681468265250    
          64.4136735370836              14.3093639811166            -0.756082381944656    
          33.6024284615057              4.13428890295509             0.719601405898065    
          35.2098617983324              4.44777977431405             0.693645192428022    
          36.1752205540672              4.68620932152646             0.661381300038842    
          37.1098671846332              4.92915117650464             0.625825078656111    
          38.0439225363227              5.17519247023680             0.589559677830430    
          38.9775201204384              5.42364131165349             0.552901720632443    
          39.9106370459716              5.67459306803089             0.515882265115807    
          40.8750154069762              5.94308050677279             0.473616921980955    
          41.8750230304997              6.22053629502791             0.423300134662223    
          42.8807145447053              6.50107530931290             0.371147713078093    
          43.8856354838066              6.78531505416621             0.318820835509785    
          45.0281525463520              7.10389899045511             0.258191839424953    
          46.4267197118016              7.48563761777026             0.182374416692384    
          47.9609565831937              7.91012517054884             0.987736494487714E-01
          49.4911346185103              8.35212313873464             0.160744757236098E-01
          51.0292510412942              8.81094440094293            -0.707484014059988E-01
          52.5678176013650              9.29145317320579            -0.158633816735908    
          54.1033133344210              9.79743268169335            -0.246183538767122    
          55.6299360884993              10.3342568812319            -0.330867306151875    
          57.1456450054741              10.9048707183182            -0.411995763846099    
          58.6488646233799              11.5112711872108            -0.489183676646960    
          60.1381339232842              12.1546828059771            -0.562152129261681    
          61.6121482837407              12.8356129295863            -0.630723436508700    
          63.0697861615309              13.5539995694125            -0.694803744849522    
          64.5100709331695              14.3093639811166            -0.754360979596369    
          34.4269714478680              4.14245330890571             0.706674141562797    
          35.9876404095074              4.45670664281950             0.682055395387117    
          36.9219360864611              4.69776880790434             0.651934229572426    
          37.8262749492112              4.94323503864825             0.618630645343219    
          38.7300339779147              5.19172584463507             0.584635106498152    
          39.6333504983192              5.44256507042703             0.550256725612492    
          40.5361901748982              5.69584569913064             0.515525607022532    
          41.4738503992326              5.96824844727329             0.475022379745681    
          42.4511796489374              6.25021702178895             0.425602011460052    
          43.4349137656528              6.53516534864649             0.374170892367792    
          44.4179001944431              6.82372476068490             0.322569580806130    
          45.5351105538469              7.14578150151984             0.262725428890908    
          46.9021149127598              7.52943653724612             0.187796861394238    
          48.4014663766904              7.95478954962595             0.105131486308161    
          49.8968581871234              8.39722620829658             0.233457069677185E-01
          51.4017638556108              8.85551436697348            -0.632164693575470E-01
          52.9080466335434              9.33458118413705            -0.151231136698363    
          54.4119681190892              9.83815934118452            -0.239219847079622    
          55.9072950996638              10.3717935006087            -0.324442069004852    
          57.3919714584188              10.9383923692651            -0.406195811218010    
          58.8644636946344              11.5399062113557            -0.484105181050485    
          60.3233489348219              12.1775271200084            -0.557898026844292    
          61.7673568863573              12.8517529134375            -0.627401130534747    
          63.1953812611971              13.5625196956594            -0.692522781665169    
          64.6064759576347              14.3093639811166            -0.753231809084724    
          35.2514953579266              4.15011322113377             0.692715238591664    
          36.7653961303782              4.46515524364939             0.669475503947552    
          37.6686363577846              4.70886671590843             0.641499330381072    
          38.5426598230919              4.95687401171951             0.610448801491525    
          39.4161263433756              5.20782958875056             0.578723662108272    
          40.2891579854146              5.46107493454446             0.546625216160833    
          41.1617280426692              5.71670112487575             0.514182852572885    
          42.0726663161726              5.99303539488137             0.475444513184063    
          43.0273171929065              6.27953201444556             0.426921546572917    
          43.9890939127331              6.56890586633933             0.376212146355403    
          44.9501420168929              6.86180115802900             0.325336847172446    
          46.0420494881436              7.18734882324675             0.266286628622682    
          47.3774872260537              7.57294267875120             0.192272098951516    
          48.8419570974105              7.99918546943707             0.110576008441613    
          50.3025626831246              8.44208418361467             0.297374992137778E-01
          51.7742690415968              8.89986498796227            -0.565298248720013E-01
          53.2482604082116              9.37751273820292            -0.144639780901588    
          54.7206114611594              9.87871529300779            -0.233033594520065    
          56.1846426683739              10.4091832541675            -0.318760370905173    
          57.6382940982675              10.9717919499184            -0.401105512311016    
          59.0800627671277              11.5684430070584            -0.479702423781716    
          60.5085677614532              12.2002980011243            -0.554285806568707    
          61.9225616732754              12.8678433062275            -0.624686790447774    
          63.3209763594960              13.5710159800493            -0.690815869535884    
          64.7028886105337              14.3093639811166            -0.752642835786337    
          36.0755576893308              4.15417873480708             0.664788221355958    
          37.5427169756903              4.47019016723804             0.643617720126676    
          38.4149093823438              4.71667444752303             0.618237091249873    
          39.2586403377179              4.96734297139559             0.589879262769991    
          40.1018257931303              5.22088491297801             0.560864168021984    
          40.9445878152842              5.47665749544311             0.531485361742118    
          41.7868996972733              5.73474941039400             0.501771457688017    
          42.6711312790105              6.01513488841202             0.465235177254391    
          43.6031152274805              6.30628019284231             0.418048749434159    
          44.5429536245810              6.60020116325881             0.368500800328721    
          45.4820786633567              6.89755202073647             0.318791245954876    
          46.5487023202890              7.22672460159601             0.261027383933579    
          47.8525925109669              7.61441463314299             0.188517245903798    
          49.2821998634813              8.04171647931181             0.108433469549427    
          50.7080459275754              8.48524747983900             0.291852601135146E-01
          52.1465720497552              8.94268973018488            -0.561444576749874E-01
          53.5882987081806              9.41908816750400            -0.143706739698808    
          55.0290984022424              9.91808392039508            -0.231862626778287    
          56.4618605391032              10.4455554372956            -0.317450942675934    
          57.8845061135358              11.0043446678241            -0.399744468176006    
          59.2955741027819              11.5963017403516            -0.478385876119900    
          60.6937179237877              12.2225615275209            -0.553116780154925    
          62.0777283121128              12.8835951446432            -0.623772508986210    
          63.4465523830038              13.5793434640875            -0.690266061267404    
          64.7993012625270              14.3093639811166            -0.752567774285280    
          36.8992042200701              4.15656768900623             0.626627081267023    
          38.3196449084803              4.47363150103237             0.608023452662194    
          39.1608047524074              4.72294771716333             0.585568161856030    
          39.9742584558023              4.97633564324436             0.560225257688570    
          40.7871742897194              5.23252116985096             0.534242431646557    
          41.5996781355925              5.49087868629614             0.507905369920327    
          42.4117471008957              5.75149497684849             0.481242119563304    
          43.2692834350644              6.03598840650881             0.447227707882560    
          44.1786195291372              6.33184056994377             0.401699267340875    
          45.0965272335121              6.63036587934575             0.353634872286892    
          46.0137406514836              6.93223095358925             0.305413105721120    
          47.0550957532495              7.26509139261260             0.249294553620839    
          48.3274612851711              7.65494960262233             0.178716484983315    
          49.7222251925735              8.08338918240339             0.100709581062797    
          51.1133308087411              8.52762971689127             0.235162428478593E-01
          52.5186919536326              8.98481161451681            -0.604115653627941E-01
          53.9281767922648              9.46003989386853            -0.146961730357989    
          55.3374480157972              9.95690609245137            -0.234415162142400    
          56.7389563411468              10.4814593663737            -0.319400458897802    
          58.1306151334312              11.0365063792879            -0.401177779860397    
          59.5110053307114              11.6238486221614            -0.479399154970147    
          60.8788108655612              12.2445894963718            -0.553812961153548    
          62.2328491734046              12.8991905804759            -0.624258875533972    
          63.5721093317347              13.5875917931590            -0.690652164251989    
          64.8957139136675              14.3093639811166            -0.752964067096085    
          37.7226218712323              4.15851986036168             0.584127312969504    
          39.0963554055562              4.47665655598443             0.568290888121098    
          39.9064903152880              4.72882092042729             0.548890993546860    
          40.6896667657868              4.98494493801937             0.526689972750717    
          41.4723244215111              5.24379073895201             0.503866255476113    
          42.2545777199418              5.50474940184159             0.480697957253140    
          43.0364075829841              5.76790580362232             0.457212230447924    
          43.8672562990241              6.05652339738701             0.425845931413684    
          44.7539483537281              6.35709863228837             0.382102228278467    
          45.6499368099703              6.66024449313857             0.335648256024003    
          46.5452500517550              6.96663999661820             0.289041204503272    
          47.5613404134299              7.30320545996115             0.234710297470341    
          48.8021889162763              7.69525139877148             0.166235348108325    
          50.1621246375789              8.12484730882049             0.904918191600460E-01
          51.5184974353896              8.56981835810442             0.155398538913291E-01
          52.8907088619559              9.02675802281793            -0.667996155748252E-01
          54.2679595103503              9.50083521768255            -0.152151190543586    
          55.6457137075521              9.99559188911058            -0.238715634359717    
          57.0159834801531              10.5172469472081            -0.322911438785251    
          58.3766669341157              11.0685708159880            -0.403986052022928    
          59.7263907828954              11.6513163490137            -0.481600861009670    
          61.0638656598923              12.2665592910955            -0.555511035662055    
          62.3879471452853              12.9147469156645            -0.625560632215164    
          63.6976510204036              13.5958210487446            -0.691667155195439    
          64.9921189346141              14.3093639811166            -0.753802686988476    
          38.5458106439751              4.15982830154370             0.537818621711770    
          39.8728484678416              4.47906744467235             0.524921002310127    
          40.6519660717442              4.73410475296388             0.508690170842708    
          41.4048728976631              4.99298822709210             0.489741929055625    
          42.1572761889531              5.25451766737525             0.470188335646763    
          42.9092903833486              5.51810179540732             0.450299696927464    
          43.6608887731498              5.78382215027695             0.430102449221098    
          44.4650575004211              6.07658679633003             0.401494413641871    
          45.3291131454387              6.38190846771818             0.359646194347028    
          46.2031861687200              6.68969872187454             0.314913599473568    
          47.0766068642572              7.00064897329384             0.270032186935999    
          48.0674401156444              7.34094425650522             0.217612633580323    
          49.2767830338040              7.73520462700924             0.151388234977132    
          50.6019020133171              8.16598690807124             0.780682829516099E-01
          51.9235534370242              8.61171612870502             0.551788339960099E-02
          53.2626265895072              9.06844407807924            -0.750731326843918E-01
          54.6076544918798              9.54139879867893            -0.159065952625457    
          55.9538992921987              10.0340755068478            -0.244581235935312    
          57.2929381413470              10.5528600056679            -0.327827330653258    
          58.6226615154262              11.1004902942099            -0.408039048376416    
          59.9417266443827              11.6786696349598            -0.484887103140980    
          61.2488823065051              12.2884423014633            -0.558133457830704    
          62.5430222277404              12.9302450767228            -0.627626519159548    
          63.8231774490411              13.6040207404276            -0.693286059974441    
          65.0885239548132              14.3093639811166            -0.755084945492413    
          39.3687781685480              4.16074335206420             0.487996466978492    
          40.6491279105063              4.48110306251402             0.478192476537245    
          41.3972358371155              4.73902761977162             0.465235552882682    
          42.1198844814555              5.00068628606419             0.449642700306995    
          42.8420410366279              5.26491510132537             0.433461811831284    
          43.5638161261698              5.53113947645256             0.416955443659104    
          44.2851906716320              5.79943952003778             0.400149286076045    
          45.0626870393879              6.09636647716692             0.374401201079714    
          45.9041139043285              6.40644984382921             0.334550837786082    
          46.7562829391813              6.71890022691721             0.291642200576736    
          47.6078110890246              7.03442000823762             0.248589021736661    
          48.5733986746699              7.37846132379718             0.198194383135865    
          49.7512436378446              7.77495376898221             0.134354510966330    
          51.0415535051811              8.20693767985173             0.636030640800325E-01
          52.3284988137245              8.65344319164744            -0.640083533600667E-02
          53.6344451363430              9.10997659181665            -0.850985799184842E-01
          54.9472579221737              9.58182505060896            -0.167587746064192    
          56.2620085843948              10.0724389616497            -0.251908940193330    
          57.5698279540098              10.5883710209977            -0.334060366572687    
          58.8685988771632              11.1323239417590            -0.413264259722564    
          60.1570129148868              11.7059533026911            -0.489200601086137    
          61.4338608052877              12.3102747670981            -0.561638206365915    
          62.6980667913578              12.9457089055085            -0.630429774026657    
          63.9486848029813              13.6122042196480            -0.695497375127332    
          65.1849213449226              14.3093639811166            -0.756814657534874    
          40.1915358886311              4.16162311663443             0.435076384073739    
          41.4252128066544              4.48310244073157             0.428498315715198    
          42.1423186848121              4.74391806165171             0.418907030969310    
          42.8347091468817              5.00835478113009             0.406759480692630    
          43.5266265943638              5.27528583238983             0.394041181476305    
          44.2181740222153              5.54415426930652             0.381006969317614    
          44.9093323521340              5.81503686262772             0.367681817200998    
          45.6601601748267              6.11612899185188             0.344882525276761    
          46.4789620745268              6.43097739164488             0.307119634923358    
          47.3092309360484              6.74809124152280             0.266124840028732    
          48.1388779848336              7.06818341377793             0.224989808879182    
          49.0792237199720              7.41597362272545             0.176718879584952    
          50.2255821725762              7.81469814260551             0.115378920294984    
          51.4810943720420              8.24788559063851             0.473203207701207E-01
          52.7333373802551              8.69516739359872            -0.200127370549707E-01
          54.0061645025028              9.15150529088699            -0.966929709939120E-01
          55.2867774306225              9.62224939521735            -0.177554177972407    
          56.5700415840751              10.1107995554511            -0.260556947623772    
          57.8466491033011              10.6238801289962            -0.341489399997550    
          59.1144752043993              11.1641556819720            -0.419561103057753    
          60.3722534088031              11.7332360167563            -0.494461424795972    
          61.6188049708611              12.3321053253891            -0.565965915078062    
          62.8530808361208              12.9611727342963            -0.633931594353083    
          64.0741807116499              13.6203867451945            -0.698282921477493    
          65.2813111049931              14.3093639811165            -0.758994267116491    
          41.0141219504719              4.16246473423141             0.379716529475130    
          42.2011336733899              4.48506367197593             0.376462522639752    
          42.8872375027058              4.74877369441840             0.370306315612119    
          43.5493812260807              5.01599180494122             0.361672224743632    
          44.2110633798804              5.28562890689439             0.352484642139863    
          44.8723869598630              5.55714426662074             0.342990744440598    
          45.5333328882528              5.83061274753548             0.333214697911785    
          46.2574997949577              6.13587290987374             0.313431464823225    
          47.0536843589028              6.45548968065423             0.277823968416503    
          47.8620568621748              6.77726985834345             0.238811144931294    
          48.6698266251466              7.10193823624245             0.199662345381075    
          49.5849419544534              7.45347924594308             0.153589586620193    
          50.6998177116069              7.85443774787996             0.948357429686655E-01
          51.9205398727986              8.28882968675760             0.295624929348005E-01
          53.1380920248866              8.73688778088473            -0.350072195907799E-01
          54.3778075762200              9.19303112896503            -0.109577542405079    
          55.6262244613159              9.66266992515547            -0.188718321160864    
          56.8780059205619              10.1491572882516            -0.270310144984683    
          58.1234130331584              10.6593863759889            -0.349931086912687    
          59.3603057556788              11.1959864685231            -0.426778122789527    
          60.5874519406334              11.7605177771554            -0.500549858216852    
          61.8037109884539              12.3539349300105            -0.571028726769641    
          63.0080719914092              12.9766356094119            -0.638076011546036    
          64.1996461015920              13.6285692707415            -0.701618559392162    
          65.3776856056878              14.3093639811166            -0.761631403671551    
          41.8365973885739              4.16355383031723             0.322877910678761    
          42.9769515454493              4.48725855342918             0.322998391109860    
          43.6320609550873              4.75385534799632             0.320313441097148    
          44.2639579393939              5.02384769700176             0.315228303277133    
          44.8954086136453              5.29618417392264             0.309607020312505    
          45.5265083450230              5.57033978073272             0.303688960666847    
          46.1572456858393              5.84638795035294             0.297497574794009    
          46.8547554908571              6.15580899324202             0.280765420338095    
          47.6283227190828              6.48018698244791             0.247348694909950    
          48.4148026791618              6.80662681222595             0.210353413045110    
          49.2007027862565              7.13586519689923             0.173226399906170    
          50.0905838956144              7.49114890113854             0.129390450625208    
          51.1739845872540              7.89432994105484             0.732671875378504E-01
          52.3599205251217              8.32991206567108             0.108268733549396E-01
          53.5427856358677              8.77873500687698            -0.509318999508936E-01
          54.7493934310052              9.23467045430948            -0.123344777158416    
          55.9656219024045              9.70319249826623            -0.200717555817134    
          57.1859282966307              10.1876046664555            -0.280850839428961    
          58.4001388168771              10.6949689169409            -0.359112706122936    
          59.6060981601369              11.2278801975893            -0.434687450172989    
          60.8026199543338              11.7878491286257            -0.507283034252672    
          61.9885941167809              12.3758026816084            -0.576688656757272    
          63.1630402572091              12.9921232800614            -0.642769982942328    
          64.3251038610231              13.6367641940551            -0.705456068964553    
          65.4740524764613              14.3093639811165            -0.764722848488287    
          42.6590156081531              4.16520368690953             0.265191235889510    
          43.7527083841677              4.48998463147985             0.268705634771743    
          44.3768233740485              4.75945007835352             0.269506097057682    
          44.9784774337468              5.03219949969594             0.267983888548849    
          45.5796966280000              5.30721675492630             0.265942792042963    
          46.1805763248203              5.58399496583621             0.263614516967336    
          46.7811050772891              5.86260422750496             0.261021738645443    
          47.4519577800935              6.17616850796195             0.247354343741247    
          48.2029114872699              6.50529007261228             0.216142279002746    
          48.9675027191799              6.83637143466445             0.181178442834197    
          49.7315293562271              7.17016122947797             0.146087134575864    
          50.5961838756024              7.52916712427638             0.104503082553043    
          51.6481095022712              7.93454638349325             0.510276406596262E-01
          52.7992592172207              8.37129294465197            -0.856133036658487E-02
          53.9474411014300              8.82085212271347            -0.674907628170743E-01
          55.1209449550458              9.27655296661946            -0.137727810324411    
          56.3049850126218              9.74393060178717            -0.213314208361435    
          57.4938201562419              10.2262408721869            -0.291970533807522    
          58.6768340836359              10.7307135825371            -0.368854907095536    
          59.8518638616659              11.2599083947419            -0.443138970784582    
          61.0177612644689              11.8152891989733            -0.514540015050742    
          62.1734543557716              12.3977505418518            -0.582853973580540    
          63.3179856335108              13.0076653101480            -0.647950923866545    
          64.4505387311884              13.6449858202497            -0.709762191065318    
          65.5703964585895              14.3093639811166            -0.768264429178657    
          43.4813460912291              4.16729366420541             0.206360241778595    
          44.5283851158425              4.49312841888344             0.213303129750634    
          45.1215095007171              4.76544773610652             0.217615005954935    
          45.6929168209872              5.04093992466432             0.219681281132427    
          46.2639083495807              5.31862412991862             0.221245970116523    
          46.8345718259540              5.59801063980584             0.222533063821674    
          47.4048958040217              5.87916716523932             0.223564462562502    
          48.0490952185249              6.19686085497918             0.212986995362150    
          48.7774354045528              6.53071121311691             0.184005044423011    
          49.5201379085965              6.86642075600172             0.151098225784264    
          50.2622948908127              7.20474813269368             0.118068208617726    
          51.1017228207753              7.56746048244285             0.787635320522122E-01
          52.1221771977014              7.97501841065165             0.279669021240164E-01
          53.2385483195512              8.41290747385268            -0.287378465005539E-01
          54.3520469774666              8.86318190793967            -0.848050626653070E-01
          55.4924507042381              9.31862812115966            -0.152833445947023    
          56.6443061625011              9.78483941302804            -0.226600576520029    
          57.8016700551428              10.2650268048009            -0.303747101467688    
          58.9534950185243              10.7665860405035            -0.379221109020101    
          60.0975990453920              11.2920434034266            -0.452181560327029    
          61.2328758709132              11.8428141463409            -0.522355132868425    
          62.3582840759653              12.4197632519521            -0.589544585291213    
          63.4729119350030              13.0232502555806            -0.653624258550997    
          64.5759507121223              13.6532293809540            -0.714527746843189    
          65.6667251815310              14.3093639811166            -0.772232601840865    
          44.3035392463818              4.17031538132227             0.145723795146110    
          45.3039321492349              4.49715721605769             0.156161288498295    
          45.8660659293046              4.77229845553048             0.164035286300365    
          46.4072379542543              5.05050098636445             0.169740052270921    
          46.9480018169482              5.33082019353950             0.174960533784134    
          47.4884528870732              5.61278305430139             0.179913003365100    
          48.0285720900371              5.89645489539898             0.184618571542707    
          48.6461220300084              6.21824652315886             0.177180026282863    
          49.3518563238754              6.55679468036125             0.150477960145614    
          50.0726739149804              6.89709997915145             0.119678168919721    
          50.7929650575285              7.23993251281210             0.887594447571216E-01
          51.6071702133133              7.60631650841967             0.517875276470366E-01
          52.5961571557003              8.01601305131665             0.372939368948051E-02
          53.6777534995558              8.45500074755418            -0.500280559804502E-01
          54.7565765608356              8.90594752233052            -0.103169969162355    
          55.8638877901810              9.36109428217588            -0.168926730928768    
          56.9835624636246              9.82609631540237            -0.240811562095883    
          58.1094665489751              10.3041160058552            -0.316385165010758    
          59.2301025478085              10.8027188515651            -0.390385714947133    
          60.3432884523258              11.3243968035350            -0.461959521558593    
          61.4479485147388              11.8705136161118            -0.530842530609908    
          62.5430832772915              12.4419066154356            -0.596844355751852    
          63.6278077175863              13.0389219853767            -0.659843691012624    
          64.7013474332558              13.6615158570025            -0.719776340002335    
          65.7630386453525              14.3093639811166            -0.776620690685552    
          45.1255416675524              4.17403185018880             0.826672915263738E-01
          46.0792922637491              4.50184690953658             0.966947946807798E-01
          46.6104468834270              4.77978527571864             0.108205575324411    
          47.1213836131761              5.06067478379779             0.117622576690215    
          47.6319312539054              5.34360515102439             0.126572572902303    
          48.1421737320412              5.62812004395513             0.135264133120055    
          48.6520996033282              5.91428335885055             0.143717615464045    
          49.2430000678500              6.24014860592680             0.139490127747774    
          49.9261360981404              6.58337072033010             0.115141245072226    
          50.6250725911531              6.92824793316970             0.865222137933397E-01
          51.3235055238799              7.27556225879571             0.577885035953127E-01
          52.1124955354114              7.64559167423708             0.232276298816121E-01
          53.0700264878444              8.05739488374869            -0.220052364872869E-01
          54.1168518687958              8.49744974178035            -0.727240505048691E-01
          55.1610107777886              8.94903643232531            -0.122849337155952    
          56.2352333244206              9.40385131387190            -0.186243297246735    
          57.3227386569318              9.86761261720387            -0.256154574214077    
          58.4171829345950              10.3434331350828            -0.330063925639587    
          59.5066414124652              10.8390471658710            -0.402499673494471    
          60.5889168234885              11.3569113746100            -0.472595490952327    
          61.6629677517216              11.8983427855946            -0.540096622050054    
          62.7278405155905              12.4641463000278            -0.604819446255402    
          63.7826691665561              13.0546585650274            -0.666647070438792    
          64.8267136358499              13.6698357116523            -0.725517567024873    
          65.8593292207287              14.3093639811166            -0.781410039388699    
          45.9473228368956              4.17843114987567             0.169738848342804E-01
          46.8544463857825              4.50718605522793             0.346971006873842E-01
          47.3546218455094              4.78789722941582             0.499294395972758E-01
          47.8353347243728              5.07144939603468             0.631424866628568E-01
          48.3156699577644              5.35696660460649             0.759058375844220E-01
          48.7957152876289              5.64401016467495             0.884203061194555E-01
          49.2754478266152              5.93264063466460             0.100705527907560    
          49.8397140735747              6.26255661286533             0.997709562293876E-01
          50.5002518393548              6.61042836576913             0.778585762797861E-01
          51.1773224927817              6.95985365080396             0.515041210326375E-01
          51.8538972161188              7.31162544971832             0.250392395674134E-01
          52.6176835280066              7.68527453580593            -0.702217763309685E-02
          53.5437623056612              8.09915627855508            -0.493328039182068E-01
          54.5558357975759              8.54024682713813            -0.969114205025224E-01
          55.5653343692319              8.99244100853068            -0.143918499411899    
          56.6064758625578              9.44689349420231            -0.204848307562259    
          57.6618194833309              9.90938164271298            -0.272684493693330    
          58.7248192117182              10.3829705630896            -0.344828056866670    
          59.7831077975467              10.8755643077014            -0.415597436007519    
          60.8344803439832              11.3895842556288            -0.484113667927410    
          61.8779335817265              11.9262978400920            -0.550131354716418    
          62.9125481614014              12.4864813520545            -0.613473612055707    
          63.9374886525146              13.0704580871842            -0.674027900179252    
          64.9520493199709              13.6781860838805            -0.731734679006522    
          65.9556045371215              14.3093639811166            -0.786573706579061    
          46.7689209011312              4.18393623494820            -0.508529985451618E-01
          47.6294212180318              4.51357805736946            -0.293525181925160E-01
          48.0986289624846              4.79702150839179            -0.103303031285071E-01
          48.5491218055249              5.08319627921352             0.674650508907870E-02
          48.9992522609973              5.37126122846710             0.233909127572119E-01
          49.4491004422952              5.66079340133685             0.397960102703769E-01
          49.8986549072021              5.95185144892487             0.559806773800123E-01
          50.4362869357302              6.28577905759200             0.584049247099651E-01
          51.0742378801542              6.63826039466803             0.389962994576026E-01
          51.7294388785402              6.99219417441900             0.149741273047443E-01
          52.3841706515379              7.34838386915726            -0.915421796058428E-02
          53.1227570789722              7.72560971056827            -0.386455601928096E-01
          54.0173913116996              8.14152230285707            -0.779579164396762E-01
          54.9947129149441              8.58359704359104            -0.122317377844433    
          55.9695625936068              9.03634912477496            -0.166127295141782    
          56.9776344777345              9.49038866983740            -0.224514220996277    
          58.0008240159764              9.95155311879025            -0.290196459193091    
          59.0323868241307              10.4228608506000            -0.360495257712947    
          60.0595131468830              10.9123837642959            -0.429519291711117    
          61.0799866430025              11.4225079529974            -0.496376991557362    
          62.0928536340163              11.9544541198733            -0.560832287758674    
          63.0972138440597              12.5089670846249            -0.622715062186125    
          64.0922776195567              13.0863577451449            -0.681917039118945    
          65.0773621150866              13.6865870008475            -0.738381065105904    
          66.0518645946007              14.3093639811166            -0.792087731116972    
          47.5904350422084              4.19024145278315            -0.119610163729956    
          48.4043159424388              4.52073252212960            -0.943078191655705E-01
          48.8425597869383              4.80687820923506            -0.714704963106903E-01
          49.2628325947312              5.09564697401767            -0.505046544896237E-01
          49.6827620871414              5.38622962319887            -0.299539261904113E-01
          50.1024169343028              5.67822132179152            -0.963293527350570E-02
          50.5217895098803              5.97167738306512             0.104764416925084E-01
          51.0327911338190              6.30958801196064             0.162837715099182E-01
          51.6481552559650              6.66665079981136            -0.596093150484486E-03
          52.2814980425727              7.02506303354539            -0.222607256459020E-01
          52.9143830502679              7.38564153706051            -0.440272710543680E-01
          53.6277695937607              7.76641313939935            -0.709234157965286E-01
          54.4909669114224              8.18432224896780            -0.107212633233156    
          55.4335404410615              8.62734589591263            -0.148328225585604    
          56.3737412269848              9.08061868359546            -0.188916267568205    
          57.3487473166277              9.53420904842699            -0.244735679394091    
          58.3397865868565              9.99401355819752            -0.308239263359373    
          59.3399086597500              10.4630038618156            -0.376668590866561    
          60.3358765337328              10.9494197049695            -0.443922573375161    
          61.3254624232531              11.4556138021673            -0.509097005127355    
          62.3077393525710              11.9827553581553            -0.571965115399662    
          63.2818528223071              12.5315615360700            -0.632363671610468    
          64.2470398824003              13.1023308360290            -0.690188721691550    
          65.2026443918805              13.6950251111130            -0.745385259340152    
          66.1480941344493              14.3093639811165            -0.797934767977118    
          48.4119224804916              4.19636261147148            -0.188672707381550    
          49.1791839646731              4.52771198764998            -0.159572751122769    
          49.5864600951507              4.81656706339553            -0.132917418157820    
          49.9765166830017              5.10793602102070            -0.108059347946843    
          50.3662413981077              5.40104352268518            -0.835990877417582E-01
          50.7557067256379              5.69550094588233            -0.593589915797328E-01
          51.1448974112945              5.99136169656154            -0.353216968048666E-01
          51.6292724444447              6.33326154456746            -0.261286277708713E-01
          52.2220497433677              6.69491198207580            -0.404766698740374E-01
          52.8335305026569              7.05780934552379            -0.597805542595594E-01
          53.4445725590904              7.42278285671555            -0.791821005642780E-01
          54.1327630336546              7.80710784939043            -0.103481414275985    
          54.9645196220640              8.22702110564069            -0.136748773715468    
          55.8723450784914              8.67100128819282            -0.174623335322605    
          56.7778969719469              9.12480527279049            -0.211992340489007    
          57.7198372671303              9.57795408678179            -0.265247143867820    
          58.6787262691792              10.0364072404339            -0.326574934443634    
          59.6474152358997              10.5030886989230            -0.393137621948063    
          60.6122246607594              10.9864060545979            -0.458624413830307    
          61.5709153139622              11.4886767360071            -0.522118468319592    
          62.5226021813759              12.0110232178455            -0.583402224196504    
          63.4664727254941              12.5541311919882            -0.642319364351668    
          64.4017868851928              13.1182867607779            -0.698770230327950    
          65.3279114092204              13.7034536846360            -0.752702200577769    
          66.2443160449176              14.3093639811165            -0.804097352924535    
          49.2332191838638              4.20280086687367            -0.259803426689347    
          49.9538688820044              4.53499329109151            -0.226826219431925    
          50.3301887431953              4.82654631137948            -0.196282415780948    
          50.6900329264374              5.12050354091098            -0.167462047726397    
          51.0495604941987              5.41612349728503            -0.139022204846337    
          51.4088401170657              5.71303472415115            -0.110792959716079    
          51.7678603563752              6.01128872013968            -0.827576972105252E-01
          52.2256087978401              6.35716586632253            -0.701109689969856E-01
          52.7958107166360              6.72339203255714            -0.818576842455355E-01
          53.3854332623525              7.09076355847607            -0.987307749588674E-01
          53.9746361814022              7.46012015643353            -0.115697269914167    
          54.6376344013530              7.84798518802029            -0.137327678849682    
          55.4379617050446              8.26988876268573            -0.167497362396669    
          56.3110505327483              8.71481212940985            -0.202053049140387    
          57.1819611634277              9.16913205213528            -0.236125173599554    
          58.0908394789078              9.62182596384499            -0.286737748212019    
          59.0175858420487              10.0789144099355            -0.345812005864173    
          59.9548455170426              10.5432717645031            -0.410430179726409    
          60.8885041218907              11.0234763275805            -0.474071937234496    
          61.8163109826256              11.5218102417566            -0.535807681503404    
          62.7374230468027              12.0393473443275            -0.595429299360822    
          63.6510468506888              12.5767428095803            -0.652787180639385    
          64.5564957398164              13.1342703420837            -0.707786079204219    
          65.4531555377980              13.7118965632741            -0.760375519392544    
          66.3405074378949              14.3093639811166            -0.810538471401335    
          50.0539932736427              4.20940696895696            -0.336431005326655    
          50.7280578892151              4.54243528865421            -0.299338575320572    
          51.0734367405443              4.83667910092286            -0.264705134743483    
          51.4030914079973              5.13321792663503            -0.231722949150230    
          51.7324409024706              5.43134413882972            -0.199103989065333    
          52.0615538946060              5.73070249363992            -0.166686082933306    
          52.3904151315357              6.03134305921429            -0.134453330434421    
          52.8215598685839              6.38119130468777            -0.118158888571450    
          53.3692016649916              6.75198700076411            -0.127106165241293    
          53.9369850695709              7.12382505977282            -0.141348958647527    
          54.5043755531852              7.49755854563049            -0.155680886969601    
          55.1422005912816              7.88895789409783            -0.174434817603220    
          55.9111138689881              8.31284511146728            -0.201284193733411    
          56.7494851418469              8.75870403297274            -0.232290305318588    
          57.5857812129547              9.21353226443211            -0.262834849035080    
          58.4616242517105              9.66576364446402            -0.310575105870411    
          59.3562470493584              10.1214797535949            -0.367165339279919    
          60.2621041353210              10.5835063285164            -0.429608329405785    
          61.1646348081372              11.0605904695973            -0.491174322965799    
          62.0615769497389              11.5549809408159            -0.550921087270262    
          62.9521294694429              12.0677000810463            -0.608649897696044    
          63.8355408656123              12.5993763616861            -0.664217791380367    
          64.7111435581549              13.1502691821806            -0.717533933970658    
          65.5783538895196              13.7203470713072            -0.768550174243332    
          66.4366912016311              14.3093639811166            -0.817250255520181    
          50.8747063279164              4.21450817294695            -0.413710569807734    
          51.5021858615679              4.54844248319980            -0.372490787265510    
          51.8166237037268              4.84543335424763            -0.333746117444779    
          52.1160888560566              5.14461004293984            -0.296580164336081    
          52.4152640925026              5.44529877775426            -0.259760122221880    
          52.7142104543050              5.74716100414333            -0.223131553128845    
          53.0129203184149              6.05024345242504            -0.186679346158492    
          53.4174651649369              6.40411811030791            -0.166716620769287    
          53.9425468378442              6.77953912617909            -0.172842830923469    
          54.4884949149244              7.15590046191355            -0.184433348373426    
          55.0340691475194              7.53406662562867            -0.196108753292717    
          55.6467248177928              7.92905846511352            -0.211966282449588    
          56.3842316984853              8.35499369819947            -0.235479287058749    
          57.1878892313922              8.80185588535364            -0.262921800886051    
          57.9895669286097              9.25725918273829            -0.289924771402776    
          58.8323746907689              9.70909574195667            -0.334778792612230    
          59.6948815522719              10.1635062713188            -0.388871024375030    
          60.5693322343494              10.6232697774593            -0.449124793825322    
          61.4407349749697              11.0973021610842            -0.508601016458023    
          62.3068200267296              11.5878149928642            -0.566344794068252    
          63.1668168167235              12.0957848352972            -0.622166671470297    
          64.0200119908170              12.6218077348456            -0.675930630897440    
          64.8657684872795              13.1661335542029            -0.727550010947221    
          65.7035369820531              13.7287298684651            -0.776978984643498    
          66.5328520774079              14.3093639811166            -0.824202128024596    
          51.6955528958417              4.21878301812971            -0.489610198419506    
          52.2764397188557              4.55366051224421            -0.444344244597784    
          52.5599365525839              4.85343086700483            -0.401543807104705    
          52.8292045611233              5.15527688993645            -0.360248296306304    
          53.0981979107837              5.45855914179256            -0.319281441628926    
          53.3669738280330              5.76295623418176            -0.278496464244575    
          53.6355285048957              6.06851346693982            -0.237879057637424    
          54.0134620165857              6.42644457797671            -0.214301745381366    
          54.5159797501572              6.80652190806048            -0.217661018693667    
          55.0400886838881              7.18743751494993            -0.226653516007987    
          55.5638390350756              7.57006830462341            -0.235726652844946    
          56.1513215220625              7.96868553689649            -0.248747697846841    
          56.8574143758111              8.39670454848646            -0.268994812843394    
          57.6263505390929              8.84460528723501            -0.292949873134124    
          58.3934060479193              9.30062179751141            -0.316487370273114    
          59.2031709042669              9.75209882185865            -0.358531300639638    
          60.0335503855494              10.2052409647420            -0.410201645827777    
          60.8765908489606              10.6627776417175            -0.468342339581191    
          61.7168618426051              11.1337935538286            -0.525804936456876    
          62.5520783604528              11.6204659394615            -0.581621872847822    
          63.3815117915702              12.1237227237150            -0.635612992772752    
          64.2044831145685              12.6441303891397            -0.687649074200733    
          65.0203934154720              13.1819244933062            -0.737647807256076    
          65.8287124448882              13.7370764260000            -0.785565748661594    
          66.6289976946869              14.3093639811166            -0.831388068771421    
          52.5159378846801              4.22147857862232            -0.570057603612969    
          53.0502510711954              4.55737125902431            -0.520553580970818    
          53.3028221560242              4.85998165583282            -0.473525803172337    
          53.5419120950068              5.16455757133974            -0.427930115662819    
          53.7807388173357              5.47049437540989            -0.382645799634815    
          54.0193671787156              5.77748736896957            -0.337533824900017    
          54.2577781126978              6.08557851402298            -0.292580570190586    
          54.6091193630764              6.44762568286719            -0.265223402192229    
          55.0890922298821              6.83241940865083            -0.265646492209235    
          55.5913772777307              7.21795032186438            -0.271870337080096    
          56.0933266345351              7.60510629582191            -0.278170602794284    
          56.6556511961113              8.00741186338906            -0.288180074878261    
          57.3303452810539              8.43758093384259            -0.304977836696209    
          58.0645791477926              8.88659079607503            -0.325257554080453    
          58.7970353562321              9.34328918378299            -0.345141643815457    
          59.5737763803122              9.79447724514683            -0.384188115874030    
          60.3720475549358              10.2464196660907            -0.433248879441736    
          61.1836968732054              10.7017991321153            -0.489088594028114    
          61.9928551934573              11.1698681909276            -0.544349602340586    
          62.7972222510894              11.6527697486295            -0.598051764762911    
          63.5961152118287              12.1513821392471            -0.650024194523744    
          64.3888855723546              12.6662432350930            -0.700144465132059    
          65.1749573076635              13.1975761959633            -0.748334677657441    
          65.9538497605463              13.7453533653109            -0.794553593588270    
          66.7251204241413              14.3093639811166            -0.838787156456952    
          53.3357239650788              4.22274839599211            -0.656085108535023    
          53.8234902186133              4.55971968203777            -0.602106147838788    
          54.0451584434830              4.86522638769338            -0.550636720579622    
          54.2540893871794              5.17258798573857            -0.500527530576285    
          54.4627800004759              5.48123465514779            -0.450712397613290    
          54.6712760653402              5.79087886300101            -0.401060070044499    
          54.8795699596574              6.10156066398138            -0.351557641744924    
          55.2043418369968              6.46777729640197            -0.320214057906659    
          55.6617889101309              6.85734273100086            -0.317489368472596    
          56.1422767736110              7.24754474049740            -0.320731251777134    
          56.6224403935394              7.63928121185544            -0.324045292052945    
          57.1596337315530              8.04533281201348            -0.330824933923844    
          57.8029557498146              8.47771249964505            -0.343945920688391    
          58.5025140224012              8.92789442785756            -0.360317866325797    
          59.2003938183661              9.38533572814371            -0.376316209227260    
          59.9441377129824              9.83629586166973            -0.412133599025089    
          60.7103272838679              10.2871015031685            -0.458352620867034    
          61.4906121599946              10.7403857470627            -0.511658958061665    
          62.2686806952195              11.2055699413979            -0.564486009623624    
          63.0422249957737              11.6847626599910            -0.615841000231145    
          63.8106003746744              12.1787935994706            -0.665562341991445    
          64.5731888466907              12.6881710682368            -0.713534463390924    
          65.3294601639651              13.2131039209632            -0.759683757073149    
          66.0789412997360              13.7535683157924            -0.803971189205614    
          66.8212355246241              14.3093639811166            -0.846383595778708    
          54.1549302103427              4.22363865097873            -0.747194447882309    
          54.5961762342656              4.56170380146077            -0.688529071759981    
          54.7869606733574              4.87012302843017            -0.632418945078513    
          54.9657631401541              5.18028699831693            -0.577597947230464    
          55.1443290892852              5.49166022236775            -0.523053632294049    
          55.3227195611624              5.80397233381638            -0.468662586906355    
          55.5009154897349              6.11726052635133            -0.414412620196038    
          55.7991446971138              6.48766283481183            -0.378891140276468    
          56.2340888645894              6.88201619069087            -0.372822065561830    
          56.6927986162205              7.27690550894545            -0.372883653586705    
          57.1512032007708              7.67323916701482            -0.373013104843490    
          57.6632843875586              8.08305253539795            -0.376361780792837    
          58.2752610411526              8.51765905267328            -0.385599700610468    
          58.9401666071843              8.96902735197963            -0.397854810789770    
          59.6034928785090              9.42722777730410            -0.409758343117186    
          60.3142625317214              9.87797619545164            -0.442138272572523    
          61.0484010164643              10.3276593626148            -0.485306757642678    
          61.7973405240531              10.7788636431622            -0.535870654454535    
          62.5443459773287              11.2411791854779            -0.586054716273393    
          63.2870942239676              11.7166783237464            -0.634853442573341    
          64.0249710949008              12.2061440245469            -0.682114663421905    
          64.7574081964834              12.7100512176701            -0.727729542921600    
          65.4839019844996              13.2286011283873            -0.771628765154375    
          66.2040023213478              13.7617670538112            -0.813775679720523    
          66.9173353668061              14.3093639811166            -0.854157895945770    
          54.9736786907933              4.22436868867798            -0.842118366359610    
          55.3684235588668              4.56353342564379            -0.778613808213874    
          55.5283432861939              4.87487328015951            -0.717709202387778    
          55.6770325357106              5.18784772811968            -0.658022378131660    
          55.8255005243904              5.50195513620602            -0.598595070728976    
          55.9737968480828              5.81694325748095            -0.539311347988249    
          56.1219176995966              6.13284642463864            -0.480159972860564    
          56.3936156813759              6.50744203853245            -0.440312657718221    
          56.8060760165622              6.90659142192475            -0.430746818436783    
          57.2430267292608              7.30617663201780            -0.427474182637910    
          57.6796913506121              7.70711510620426            -0.424265176237394    
          58.1666794584340              8.12069882588963            -0.424029255596849    
          58.7473298199061              8.55753789485904            -0.429230864837295    
          59.3776017522171              9.01009828730554            -0.437216193727897    
          60.0063935719809              9.46906451338719            -0.444871909983458    
          60.6842080571120              9.91960598452457            -0.473662118840817    
          61.3863068997968              10.3681723993941            -0.513627330290463    
          62.1039277418384              10.8173024386358            -0.561295781895284    
          62.8198853721533              11.2767550509732            -0.608683789702367    
          63.5318566386575              11.7485663309587            -0.654773306704646    
          64.2392578902064              12.2334706077734            -0.699421461600585    
          64.9415665100466              12.7319151546448            -0.742526094369302    
          65.6382903987881              13.2440868917219            -0.784022299626412    
          66.3290251960908              13.7699610234589            -0.823875750763472    
          67.0134199507438              14.3093639811165            -0.862074711329936    
          55.7921792147958              4.22613203251318            -0.939103413750381    
          56.1404305564788              4.56634676488772            -0.870687254154706    
          56.2695008311388              4.88056909996430            -0.804900073877155    
          56.3880806787755              5.19631587900973            -0.740258612564872    
          56.5064583373495              5.51312027781745            -0.675859382321578    
          56.6246795871232              5.83074626193230            -0.611594260000133    
          56.7427329915667              6.14922625673004            -0.547452575470251    
          56.9879073775293              6.52797750591280            -0.503194935014480    
          57.3778991392118              6.93188572351817            -0.490044593002652    
          57.7930984419378              7.33612867849145            -0.483348892982217    
          58.2080307285561              7.74163477551437            -0.476712588929057    
          58.6699410149144              8.15894783852332            -0.472806688508622    
          59.2192688979377              8.59797559018119            -0.473893070675155    
          59.8149186398890              9.05168134573522            -0.477533098991563    
          60.4091874517115              9.51136568886444            -0.480865509588463    
          61.0540582126443              9.96165443662777            -0.505990955451702    
          61.7241288573282              10.4090583228376            -0.542677553075746    
          62.4104348486181              10.8560673907322            -0.587375130075731    
          63.0953561002648              11.3126093893748            -0.631891684399494    
          63.7765580163320              11.7806870347089            -0.675196473460546    
          64.4534989076964              12.2609841111691            -0.717155984082322    
          65.1256790463071              12.7539192817459            -0.757674851211777    
          65.7926482951408              13.2596651614659            -0.796692579905939    
          66.4540328122467              13.7782017231483            -0.834177048124145    
          67.1094969058463              14.3093639811166            -0.870117292926148    
          56.6106530348383              4.22906839577347             -1.03633647576342    
          56.9124108500229              4.57027971778283            -0.963017357659867    
          57.0106278574396              4.88734018754947            -0.892328231805169    
          57.0991059330990              5.20581447496954            -0.822711689391994    
          57.1873970772315              5.52527199546241            -0.753320032498456    
          57.2755394393637              5.84549149654625            -0.684052886975495    
          57.3635253973864              6.16650492679158            -0.614900358586479    
          57.5821838173779              6.54936889590959            -0.566214332049457    
          57.9497031909166              6.95799207870868            -0.549459638740883    
          58.3431548980066              7.36684843272224            -0.539320340914267    
          58.7363624785655              7.77687732990786            -0.529236235861430    
          59.1731911276257              8.19787395989111            -0.521645932041151    
          59.6912003458223              8.63903984951243            -0.518614017672237    
          60.2522278966373              9.09383851609622            -0.517911874555997    
          60.8119698853100              9.55418947786653            -0.516924048890594    
          61.4238969218057              10.0041730501722            -0.538388099306508    
          62.0619431831315              10.4503619556370            -0.571799182614003    
          62.7169343237587              10.8951985537717            -0.613528925095225    
          63.3708230116355              11.3487774866315            -0.655177066111520    
          64.0212555775760              11.8130690452258            -0.695700167415341    
          64.6677246650837              12.2887064692429            -0.734974133460492    
          65.3097839523734              12.7760798114365            -0.772910394059234    
          65.9470061912598              13.2753483353854            -0.809452685825555    
          66.5790327993076              13.7864939212508            -0.844571150894664    
          67.2055662321102              14.3093639811166            -0.878255719093413    
          57.4292718123780              4.23354828093558             -1.13236671540495    
          57.6845284714047              4.57568562066410             -1.05421634344430    
          57.7518883968173              4.89552414361875            -0.978662048435197    
          57.8102608860977              5.21666776525747            -0.904105413204262    
          57.8684578871741              5.53871784909330            -0.829756437059194    
          57.9265175481670              5.86147221615644            -0.755522375480416    
          57.9844360605861              6.18495900035386            -0.681394229017986    
          58.1765708857305              6.57187894577387            -0.628315578579322    
          58.5216140565547              6.98515748912171            -0.607991819618668    
          58.8933143530327              7.39856811438594            -0.594444090838484    
          59.2647895975043              7.81306116078564            -0.580947203057045    
          59.6765327936251              8.23767936893328            -0.569715352477325    
          60.1632157165134              8.68091759300647            -0.562622332713415    
          60.6896134459751              9.13674241342950            -0.557642897809827    
          61.2148247962541              9.59769132929902            -0.552399774951373    
          61.7938004786552              10.0473020152762            -0.570267398887202    
          62.3998070977662              10.4922082291225            -0.600467996600313    
          63.0234833878175              10.9348036929482            -0.639294754619112    
          63.6463242533438              11.3853528028237            -0.678139392046271    
          64.2659836547835              11.8457896101272            -0.715945774897523    
          64.8819809388654              12.3167006244985            -0.752599105960729    
          65.4939041165639              12.7984434737573            -0.788017609828875    
          66.1013640872703              13.2911678847323            -0.822149314225776    
          66.7040327867507              13.7948547839039            -0.854966804270450    
          67.3016279295322              14.3093639811166            -0.886460604634791    
          58.2481347296199              4.23880636434978             -1.22638052910016    
          58.4568787880034              4.58183538951344             -1.14350410569897    
          58.4933740018083              4.90442144806672             -1.06315276994874    
          58.5216294607399              5.22820388633196            -0.983722441809146    
          58.5497246899649              5.55281696959407            -0.904482546274580    
          58.5776978362347              5.87807616188468            -0.825347968344188    
          58.6055374602114              6.20400578244886            -0.746310424331184    
          58.7711410616952              6.59495166342394            -0.688905310515551    
          59.0936965858576              7.01285600342033            -0.665078706287899    
          59.4436378420893              7.43079085921103            -0.648188886544764    
          59.7933693058061              7.84971801410139            -0.631345675652933    
          60.1800194187366              8.27792632917595            -0.616546784939136    
          60.6353684158939              8.72320541645867            -0.605482484955602    
          61.1271248790429              9.18002110477736            -0.596323629340842    
          61.6177941462757              9.64153459614854            -0.586923139562944    
          62.1638070302216              10.0907380635230            -0.601292148149282    
          62.7377663776582              10.5343272534752            -0.628380190726229    
          63.3301087437455              10.9746482043893            -0.664401894857999    
          63.9218979724504              11.4221331590031            -0.700540899692923    
          64.5107651362476              11.8786808827382            -0.735728494652758    
          65.0962829879582              12.3448302015119            -0.769859061575346    
          65.6780624271959              12.8209091792327            -0.802857679371232    
          66.2557448714791              13.3070541912825            -0.834676786047848    
          66.8290480334073              13.8032490251584            -0.865291111593084    
          67.3976896275019              14.3093639811166            -0.894692133543172    
          59.0672990071092              4.24465381849867             -1.31781059985730    
          59.2295190202445              4.58854877988410             -1.23033579831143    
          59.2351380779938              4.91385900900564             -1.14527796150647    
          59.2332650624227              5.24025689886606             -1.06106293047651    
          59.2312508907994              5.56741009335919            -0.977020986353276    
          59.2291184498018              5.89515026901090            -0.893074881972030    
          59.2268715573402              6.22350079142700            -0.809216989681487    
          59.3659324920979              6.61845019660602            -0.747573149983205    
          59.6659927404038              7.04095744507306            -0.720332391740758    
          59.9941635121205              7.46339316638615            -0.700189411090602    
          60.3221435651780              7.88673058792573            -0.680088807559667    
          60.6836853353446              8.31850612175697            -0.661819973396992    
          61.1076889617245              8.76579936937677            -0.646896510515088    
          61.5647888988208              9.22358113006335            -0.633678576899521    
          62.0208970088970              9.68563344773189            -0.620240942853526    
          62.5339356500235              10.1344049009714            -0.631231618159539    
          63.0758362816375              10.5766513178218            -0.655327268544922    
          63.6368332797852              11.0146710529411            -0.688664260633780    
          64.1975479837374              11.4590670567583            -0.722217974719152    
          64.7556152808683              11.9117009013901            -0.754907004361696    
          65.3106384418882              12.3730627753569            -0.786635089202812    
          65.8622588844089              12.8434521323311            -0.817334162417196    
          66.4101561733926              13.3229929499216            -0.846960952965929    
          66.9540709099182              13.8116690156197            -0.875492455044360    
          67.4937513260159              14.3093639811166            -0.902920920624606    
          59.8867646449612              4.25107872245288             -1.40663654301470    
          60.0024415387432              4.59581339400942             -1.31468817551128    
          59.9771768105503              4.92382490550605             -1.22501503290755    
          59.9451676908422              5.25281535876651             -1.13610494459021    
          59.9130250450724              5.58248577629684             -1.04735065710811    
          59.8807832028529              5.91268404711734            -0.958682552627269    
          59.8484345364436              6.24343162952231            -0.870093897826933    
          59.9609451766666              6.64236262439181            -0.804299487100824    
          60.2384987054324              7.06944989315290            -0.773733862047020    
          60.5448875484423              7.49636359182173            -0.750427365698236    
          60.8511047463115              7.92408886868048            -0.727159015154918    
          61.1875305436044              8.35940730258625            -0.705517274527898    
          61.5801697248397              8.80869086869332            -0.686845454673372    
          62.0026016908755              9.26741390621962            -0.669686699692594    
          62.4241410136034              9.72998025465529            -0.652330177856416    
          62.9041863380850              10.1782939445533            -0.660060537205072    
          63.4140129950396              10.6191737464423            -0.681281991349200    
          63.9436531812973              11.0548684239066            -0.712052526983220    
          64.4732895460815              11.4961487740438            -0.743139086671260    
          65.0005417181583              11.9448439440372            -0.773447806483393    
          65.5250473007990              12.4013945313365            -0.802891664586658    
          66.0464934883539              12.8660694720294            -0.831409448303160    
          66.5645979931048              13.3389803459523            -0.858962058390462    
          67.0791090457102              13.8201138016135            -0.885528991969809    
          67.5898130250694              14.3093639811166            -0.911103096757506    
          60.7064934962848              4.25746214157276             -1.49313313612749    
          60.7756158259192              4.60303938432308             -1.39682015993435    
          60.7194520523942              4.93375360870400             -1.30261110499603    
          60.6572953840753              5.26533757903586             -1.20908416084383    
          60.5950242641705              5.59752665011190             -1.11569549308252    
          60.5326615771900              5.93018444661107             -1.02238358997189    
          60.4702035085687              6.26333051951624            -0.929142373982706    
          60.5561485970976              6.66624405775027            -0.859274281887298    
          60.8111915927428              7.09791277732623            -0.825461573421089    
          61.0957870629435              7.52930588387673            -0.799069702762415    
          61.3802337758551              7.96142044657789            -0.772711747028621    
          61.6915283408325              8.40028368791508            -0.747781679452776    
          62.0527992614083              8.85155947986112            -0.725458241767644    
          62.4405479967391              9.31122570157539            -0.704461782405018    
          62.8275070872329              9.77430703445070            -0.683289549402031    
          63.2745514652084              10.2221667757012            -0.687862649857738    
          63.7522927032844              10.6616799626248            -0.706313024017626    
          64.2505646337024              11.0950514897781            -0.734620219198668    
          64.7491074008407              11.5332200009279            -0.763342859558446    
          65.2455291895127              11.9779774499530            -0.791374444847282    
          65.7395171942873              12.4297186579295            -0.818637191724441    
          66.2307814979817              12.8886810896864            -0.845076741715256    
          66.7190703307069              13.3549648809622            -0.870658465537430    
          67.2041700702093              13.8285566802593            -0.895363886507531    
          67.6858899834448              14.3093639811166            -0.919186865403966    
          61.5264397847859              4.26376926674535             -1.57759887945864    
          61.5489999201326              4.61019194171225             -1.47701392008484    
          61.4619332858784              4.94361173999881             -1.37833582922887    
          61.3696252537309              5.27779304209690             -1.28025747523674    
          61.2772104007337              5.61250267406506             -1.18230023088237    
          61.1847192399455              5.94762333410185             -1.08441009441359    
          61.0921403259676              6.28317075853017            -0.986581822795859    
          61.1515198643160              6.69006970115166            -0.912704720109530    
          61.3840370696170              7.12632273257556            -0.875710313831950    
          61.6468391675751              7.56219810804494            -0.846298692987310    
          61.9095039511540              7.99870434078549            -0.816916697179052    
          62.1956634685399              8.44111525058447            -0.788769590228660    
          62.5255546836082              8.89438708306928            -0.762876372610338    
          62.8786125580300              9.35499934999381            -0.738129709373411    
          63.2309837861310              9.81860043567815            -0.713229265770284    
          63.6450157730463              10.2660081356262            -0.714732428785432    
          64.0906601479856              10.7041594759519            -0.730499222920893    
          64.5575485638811              11.1352107138126            -0.756430517693480    
          65.0249939189595              11.5702702469934            -0.782876738161510    
          65.4905776952339              12.0110947434174            -0.808718628580112    
          65.9540328638049              12.4580284794159            -0.833887822960969    
          66.4151076546660              12.9112822169308            -0.858336697891021    
          66.8735808156809              13.3709417865798            -0.882034855713402    
          67.3292539834457              13.8369957442084            -0.904966382468290    
          67.7819745717424              14.3093639811166            -0.927125675232776    
          62.3465729924616              4.27006351731350             -1.66033716094265    
          62.3225633037208              4.61733305500772             -1.55555591604316    
          62.2045861786903              4.95345842719745             -1.45246183732023    
          62.0821153379888              5.29023658422135             -1.34988428719134    
          61.9595529368750              5.62746773075292             -1.24741056081518    
          61.8369256730364              5.96505125432552             -1.14499440480069    
          61.7142259144500              6.30300003027671             -1.04263129130055    
          61.7470322745703              6.71388533095959            -0.964796616643848    
          61.9570198763954              7.15472267424228            -0.924672487202239    
          62.1980133447035              7.59508031864408            -0.892293209697374    
          62.4388961990241              8.03597917511010            -0.859939387182362    
          62.6999130389303              8.48193823021566            -0.828632402013079    
          62.9984169184012              8.93720610324216            -0.799235625858467    
          63.3167763017479              9.39876536905084            -0.770810046741122    
          63.6345482226169              9.86288620754251            -0.742252740224060    
          64.0155640033123              10.3098428198594            -0.740757193989875    
          64.4291077002326              10.7466332672574            -0.753911636003693    
          64.8646087869777              11.1753661231698            -0.777538377189738    
          65.3009414714351              11.6073157247031            -0.801779405189569    
          65.7356796062486              12.0442072685218            -0.825502887610834    
          66.1685943095922              12.4863363935614            -0.848649756650823    
          66.5994719585654              12.9338814368311            -0.871179243228879    
          67.0281141893240              13.3869177385252            -0.893065240991764    
          67.4543607854474              13.8454348081580            -0.914294041153167    
          67.8780744193491              14.3093639811166            -0.934860934775257    
          63.1668740450286              4.27608406334845             -1.74145896466577    
          63.0962869027478              4.62421190786390             -1.63254926401149    
          62.9473954719217              4.96305429804955             -1.52508664253782    
          62.7947541926395              5.30244027725435             -1.41805626867454    
          62.6420442429606              5.64220390560445             -1.31111255197634    
          62.4892770613641              5.98226078313143             -1.20421674895931    
          62.3364488293346              6.32262283153595             -1.09736516608846    
          62.3426705682928              6.73750450386181             -1.01561893413484    
          62.5301247534385              7.18293712626952            -0.972411334245775    
          62.7493095936571              7.62778800687070            -0.937110890799534    
          62.9683990756580              8.07308950065165            -0.901831612970268    
          63.2042694230907              8.52260862199793            -0.867415652006375    
          63.4713783369292              8.97988397965863            -0.834574684093213    
          63.7550354137576              9.44240168844106            -0.802533966862864    
          64.0382003972552              9.90705467750285            -0.770383456111193    
          64.3861923418588              10.3535716462761            -0.765952918641762    
          64.7676239164524              10.7890126448333            -0.776558666673051    
          65.1717300446724              11.2154376092098            -0.797944571745849    
          65.5769500586709              11.6442906305308            -0.820044243794216    
          65.9808349228816              12.0772616195057            -0.841713035391111    
          66.3832015318894              12.5145966239998            -0.862901296167672    
          66.7838744098365              12.9564453707869            -0.883575051825474    
          67.1826857105067              13.4028698486151            -0.903712606589797    
          67.5794981056350              13.8538614743422            -0.923302456911678    
          67.9741971556520              14.3093639811165            -0.942340668677974    
          63.9874154210887              4.28213274277515             -1.82021589483623    
          63.8702431960742              4.63111841727354             -1.70727322474255    
          63.6904260152609              4.97267639494069             -1.59551799661441    
          63.5076104822233              5.31466924264831             -1.48410978160853    
          63.3247415392820              5.65696392230202             -1.37277093810460    
          63.1418229956754              5.99949320010693             -1.26147047083650    
          62.9588586611810              6.34226613677853             -1.15020528213930    
          62.9384919652284              6.76114275023549             -1.06462074695894    
          63.1034051056840              7.21117017494279             -1.01840424168056    
          63.3007698753059              7.66051333808263            -0.980257494962956    
          63.4980621717426              8.11021699235224            -0.942127743261079    
          63.7087783979130              8.56329427259803            -0.904682079768933    
          63.9444809014979              9.02257520754716            -0.868484241288412    
          64.1934280416832              9.48605135930298            -0.832920118254536    
          64.4419784576565              9.95123459158474            -0.797268195342353    
          64.7569274921720              10.3973109631371            -0.789994220042082    
          65.1062469441716              10.8314015591757            -0.798143065663226    
          65.4789504844264              11.2555176783378            -0.817379866339032    
          65.8530349398662              11.6812731657681            -0.837429794797938    
          66.2260665336382              12.1103216925466            -0.857135686632315    
          66.5978774191107              12.5428616228172            -0.876457189730597    
          66.9683302674134              12.9790121657700            -0.895367005414962    
          67.3372953793021              13.4188238660557            -0.913847788940668    
          67.7046659440279              13.8622900478755            -0.931890420864775    
          68.0703427806414              14.3093639811165            -0.949491741936933    
          64.8082657846367              4.28774368568436             -1.89589460300147    
          64.6444932185465              4.63760530998172             -1.77903936454582    
          64.4337388437641              4.98189651810858             -1.66309333427357    
          64.2207414273143              5.32651387729688             -1.54740860594491    
          64.0076982316567              5.67135772806908             -1.43177584445385    
          63.7946206962214              6.01637704912965             -1.31617192179854    
          63.5815088154027              6.36157947072025             -1.20059457451037    
          63.5345422412169              6.78446914512233             -1.11127008379944    
          63.6769028941504              7.23910806144228             -1.06214510673956    
          63.8524399653340              7.69296115010609             -1.02125344364712    
          64.0279160042594              8.14708413100918            -0.980374485290956    
          64.2134704809787              8.60373768996986            -0.940004379649707    
          64.4177551304236              9.06504422936709            -0.900562382300067    
          64.6319732597700              9.52949599023073            -0.861591440830512    
          64.8459014780231              9.99522949288884            -0.822554693392273    
          65.1278076018817              10.4408833870275            -0.812553629242929    
          65.4449920427683              10.8736417003538            -0.818361980805281    
          65.7862853655373              11.2954680477824            -0.835566323619630    
          66.1292342624109              11.7181441211288            -0.853683214504578    
          66.4713896976308              12.1432883055180            -0.871542793283204    
          66.8126296008795              12.5710522350471            -0.889114065735844    
          67.1528547902256              13.0015236476481            -0.906376528055285    
          67.4919660839605              13.4347406902005            -0.923317246177991    
          67.8298795594302              13.8706995479232            -0.939929305996908    
          68.1665189236978              14.3093639811166            -0.956210323154252    
          65.6294937997690              4.29308712294378             -1.96757765435645    
          65.4191056345132              4.64383614113415             -1.84696136227929    
          65.1773988073037              4.99087202381371             -1.72696102428522    
          64.9342042486076              5.33812486173803             -1.60713520429406    
          64.6909791703509              5.68552885088403             -1.48734406587494    
          64.4477235688089              6.03304965929313             -1.36757222909203    
          64.2044526975126              6.38069253305889             -1.24781814516562    
          64.1308748015980              6.80760528198764             -1.15488482923702    
          64.2506638946543              7.26686713402459             -1.10298596759788    
          64.4043656395025              7.72524159231501             -1.05948480946101    
          64.5580139784117              8.18379582078845             -1.01599212491879    
          64.7183838188689              8.64403614888599            -0.972836395024843    
          64.8912429856672              9.10737878314917            -0.930295434220758    
          65.0707244746713              9.57281855088436            -0.888066387452572    
          65.2500076061693              10.0391118606589            -0.845793410812979    
          65.4988555599222              10.4843556751455            -0.833213376144279    
          65.7838973598659              10.9157931498471            -0.836829768989785    
          66.0937499473411              11.3353402159547            -0.852150308272108    
          66.4055480267436              11.7549473656299            -0.868482756199346    
          66.7168196739769              12.1761996053914            -0.884644616453177    
          67.0274809656037              12.5991980245924            -0.900614312333778    
          67.3374632371955              13.0240017509302            -0.916378075332975    
          67.6467054539362              13.4506355798384            -0.931927262897656    
          67.9551465812450              13.8790976038798            -0.947257285501147    
          68.2627408435919              14.3093639811165            -0.962366652909069    
          66.4487152812774              4.29800283726648             -2.04924603366464    
          66.1918183289359              4.64965593865447             -1.92442451363060    
          65.9192582316625              4.99945127784227             -1.79992056763220    
          65.6459428246104              5.34935533013215             -1.67550423664955    
          65.3726121572776              5.69933519328129             -1.55110530222313    
          65.0992738562711              6.04937370150535             -1.42671589410949    
          64.8259279171101              6.39947323991252             -1.30233517809678    
          64.7258149937562              6.83042336848505             -1.20536054585946    
          64.8231202659747              7.29432341504083             -1.15024112248517    
          64.9550553505050              7.75723450175654             -1.10367926188728    
          65.0869599144252              8.22023571343287             -1.05712158369108    
          65.2222366729635              8.68408093048203             -1.01073057094578    
          65.3637542816806              9.14947873309623            -0.964643014359587    
          65.5085830543455              9.61592367383719            -0.918709362444755    
          65.6533126515220              10.0827968178845            -0.872753836874354    
          65.8691787283611              10.5276496262006            -0.857150003168462    
          66.1221618101213              10.9577862894326            -0.858128237719084    
          66.4006804734369              11.3750750550487            -0.871117939207311    
          66.6814040290360              11.7916352155567            -0.885219088621230    
          66.9618758114217              12.2090145841721            -0.899236553518830    
          67.2420347852145              12.6272675202014            -0.913157876712726    
          67.5218580622401              13.0464235874329            -0.926976382646681    
          67.8013151251484              13.4664942298547            -0.940687601095825    
          68.0803678274110              13.8874784936993            -0.954289326740841    
          68.3590009109046              14.3093639811166            -0.967780784664040    
          67.2500839841608              4.30296337428196             -2.23835655575151    
          66.9474106641641              4.65551960519209             -2.10480378606022    
          66.6447297164607              5.00807630823383             -1.97125089862765    
          66.3420563987167              5.36063252855974             -1.83769812769503    
          66.0393754509691              5.71318874254558             -1.70414523066841    
          65.7366945005769              6.06574495058228             -1.57059244314376    
          65.4340211731191              6.41830115362996             -1.43703964535233    
          65.3080980142477              6.85329009235752             -1.33165360421000    
          65.3836595175562              7.32182928711889             -1.26881406497686    
          65.4945832533175              7.78927795594602             -1.21464724388014    
          65.6055069838474              8.25672710450926             -1.16048031344423    
          65.7164307142039              8.72417530316800             -1.10631351386385    
          65.8273544478528              9.19162445943859             -1.05214660582803    
          65.9382705572981              9.65907361951081            -0.997979765405885    
          66.0491943019445              10.1265227831325            -0.943812929000870    
          66.2328338119039              10.5709798169040            -0.920676086166817    
          66.4545058555805              10.9998118539660            -0.914494495896000    
          66.7024230160084              11.4148365970413            -0.920625255707231    
          66.9528273572747              11.8283440463327            -0.927966883368289    
          67.2032469549075              12.2418476827753            -0.935311491083263    
          67.4536589203619              12.6553503672579            -0.942656158396843    
          67.7040708829064              13.0688540070086            -0.950000825865803    
          67.9544904720246              13.4823576482446            -0.957345434011822    
          68.2049024292193              13.8958612908681            -0.964690102107171    
          68.4553143843696              14.3093639811166            -0.972034710911101    
 zone  i=           2  j=          51 k=           1                                                
          63.6540185295776              14.3093639811165            -0.831213217696268    
          63.6540185295776              14.3093639811165            -0.831213217696268    
          63.7404481285479              14.3093639811165            -0.797478646992982    
          63.7383195345550              14.3093639811166            -0.869955151852253    
          63.8360825934145              14.3093639811166            -0.785358207186275    
          63.8330804363516              14.3093639811166            -0.887659981880727    
          63.9321137856553              14.3093639811166            -0.776818514761995    
          63.9284478729641              14.3093639811166            -0.901813208082898    
          64.0283128233333              14.3093639811166            -0.770412607659559    
          64.0241014100210              14.3093639811166            -0.913846355405726    
          64.1245957830998              14.3093639811167            -0.765437866585377    
          64.1199342361437              14.3093639811166            -0.924455487089762    
          64.2209245180102              14.3093639811168            -0.761512464429994    
          64.2158662428105              14.3093639811167            -0.934020106121230    
          64.3172913987151              14.3093639811165            -0.758433984055437    
          64.3118821713397              14.3093639811168            -0.942741080364123    
          64.4136735370837              14.3093639811166            -0.756082381944723    
          64.4079667630442              14.3093639811166            -0.950737559720517    
          64.5100709331696              14.3093639811166            -0.754360979596425    
          64.5040971298414              14.3093639811166            -0.958105746309813    
          64.6064759576348              14.3093639811166            -0.753231809084761    
          64.6002656424341              14.3093639811166            -0.964883370095699    
          64.7028886105338              14.3093639811166            -0.752642835786367    
          64.6964799303137              14.3093639811166            -0.971121452876559    
          64.7993012625270              14.3093639811165            -0.752567774285299    
          64.7927247347872              14.3093639811165            -0.976846816972283    
          64.8957139136676              14.3093639811165            -0.752964067096097    
          64.8889924265557              14.3093639811166            -0.982101781910081    
          64.9921189346141              14.3093639811165            -0.753802686988487    
          64.9852830057118              14.3093639811166            -0.986916090637152    
          65.0885239548132              14.3093639811166            -0.755084945492418    
          65.0815964723446              14.3093639811165            -0.991284855804181    
          65.1849213449225              14.3093639811165            -0.756814657534877    
          65.1779328265416              14.3093639811165            -0.995209329341387    
          65.2813111049931              14.3093639811166            -0.758994267116494    
          65.2742768095992              14.3093639811165            -0.998682060890912    
          65.3776856056878              14.3093639811165            -0.761631403671553    
          65.3706436803738              14.3093639811165             -1.00169828214695    
          65.4740524764612              14.3093639811166            -0.764722848488291    
          65.4670258095321              14.3093639811166             -1.00425996003283    
          65.5703964585894              14.3093639811165            -0.768264429178659    
          65.5634155677397              14.3093639811166             -1.00637079000212    
          65.6667251815309              14.3093639811166            -0.772232601840864    
          65.6598129550552              14.3093639811166             -1.00805532912939    
          65.7630386453526              14.3093639811166            -0.776620690685556    
          65.7562179715357              14.3093639811166             -1.00931941862832    
          65.8593292207286              14.3093639811165            -0.781410039388698    
          65.8526229878445              14.3093639811165             -1.01018272798640    
          65.9556045371215              14.3093639811165            -0.786573706579060    
          65.9490356334312              14.3093639811166             -1.01066969505786    
          66.0518645946007              14.3093639811166            -0.792087731116975    
          66.0454482789576              14.3093639811168             -1.01080702266978    
          66.1480941344493              14.3093639811166            -0.797934767977120    
          66.1418609244784              14.3093639811168             -1.01061044639061    
          66.2443160449177              14.3093639811166            -0.804097352924536    
          66.2382735700482              14.3093639811167             -1.01009737071447    
          66.3405074378949              14.3093639811166            -0.810538471401336    
          66.3346785863280              14.3093639811166             -1.00930534649959    
          66.4366912016313              14.3093639811168            -0.817250255520109    
          66.4310836027652              14.3093639811166             -1.00824176465152    
          66.5328520774080              14.3093639811168            -0.824202128024538    
          66.5274886194136              14.3093639811166             -1.00693750029998    
          66.6289976946869              14.3093639811167            -0.831388068771371    
          66.6238936363267              14.3093639811166             -1.00539946750448    
          66.7251204241414              14.3093639811167            -0.838787156456913    
          66.7202833947708              14.3093639811166             -1.00364733571228    
          66.8212355246242              14.3093639811166            -0.846383595778681    
          66.8166807829798              14.3093639811166             -1.00169707888096    
          66.9173353668062              14.3093639811166            -0.854157895945751    
          66.9130705422201              14.3093639811166            -0.999568545263067    
          67.0134199507438              14.3093639811166            -0.862074711329921    
          67.0094526725407              14.3093639811166            -0.997296841890740    
          67.1094969058463              14.3093639811166            -0.870117292926137    
          67.1058348033455              14.3093639811166            -0.994899134753941    
          67.2055662321102              14.3093639811166            -0.878255719093408    
          67.2022169346283              14.3093639811166            -0.992405106801956    
          67.3016279295322              14.3093639811166            -0.886460604634786    
          67.2985990663836              14.3093639811166            -0.989844917829557    
          67.3976896275019              14.3093639811166            -0.894692133543166    
          67.3949735692138              14.3093639811166            -0.987257727940570    
          67.4937513260159              14.3093639811166            -0.902920920624602    
          67.4913557019034              14.3093639811165            -0.984672445251125    
          67.5898130250694              14.3093639811165            -0.911103096757503    
          67.5877302056639              14.3093639811166            -0.982135144020758    
          67.6858899834447              14.3093639811166            -0.919186865403964    
          67.6841123392841              14.3093639811166            -0.979695892032266    
          67.7819745717424              14.3093639811166            -0.927125675232774    
          67.7805021027662              14.3093639811166            -0.977402253681067    
          67.8780744193492              14.3093639811166            -0.934860934775259    
          67.8768918667210              14.3093639811165            -0.975312879835257    
          67.9741971556520              14.3093639811165            -0.942340668677974    
          67.9732816311541              14.3093639811165            -0.973479566838436    
          68.0703427806414              14.3093639811166            -0.949491741936932    
          68.0696866548631              14.3093639811166            -0.971976522391266    
          68.1665189236979              14.3093639811166            -0.956210323154254    
          68.1660916790738              14.3093639811165            -0.970905491548910    
          68.2627408435919              14.3093639811165            -0.962366652909069    
          68.2625043332001              14.3093639811165            -0.970399154190013    
          68.3590009109046              14.3093639811165            -0.967780784664040    
          68.3589169878753              14.3093639811166            -0.970636085781747    
          68.4553143843696              14.3093639811166            -0.972034710911102    
          68.4553143843696              14.3093639811166            -0.972034710911102    
 zone  i=          26  j=          51 k=           1                                                
          63.6540185295776              14.3093639811165            -0.831213217696268    
          61.9506110893677              13.4753567251711            -0.791220792271022    
          60.2260740893128              12.6863867436243            -0.745722187108819    
          58.4815862989217              11.9430405459520            -0.694755846612469    
          56.7185286066955              11.2453991941841            -0.638435840989117    
          54.9384802663487              10.5928475680490            -0.576978276878370    
          53.1432227289084              9.98389793524065            -0.510722951069710    
          51.3346709695925              9.41612319423322            -0.440138472756755    
          49.5147704841127              8.88626654683004            -0.365800533704067    
          47.6853866600429              8.39047324099247            -0.288355428775483    
          45.8482361113998              7.92453661873320            -0.208483309286380    
          44.0048370871824              7.48413987239398            -0.126863984684822    
          42.1564865829051              7.06509112509313            -0.441457226685147E-01
          40.4737015624083              6.69846775645763             0.314841948984812E-01
          39.1034012755135              6.40941434020973             0.930632619810754E-01
          37.9010201430541              6.16254622498068             0.146921904321068    
          36.6977082209700              5.92020138446696             0.200568136232381    
          35.4935837647039              5.68187007954814             0.253924629284519    
          34.2887345120739              5.44714556799970             0.306929366012574    
          33.0832291274626              5.21571266045360             0.359533858845390    
          31.8771210166064              4.98733770684614             0.411701451095491    
          30.6704387898989              4.76190292868609             0.463394293322589    
          29.4630260450724              4.54025375864548             0.514226414734750    
          28.2181167292947              4.32405149784567             0.560551857730144    
          26.1895751105689              4.01494991167592             0.588263481404914    
          26.1859606780300              3.90137659675851             0.448332936261589    
          63.7383195345550              14.3093639811166            -0.869955151852253    
          62.0645561154745              13.4845272572887            -0.831097909087701    
          60.3700522214910              12.7038866670034            -0.786833954550155    
          58.6559675590394              11.9680125072781            -0.737201681358108    
          56.9236448757515              11.2769810717784            -0.682313555253957    
          55.1746519829925              10.6301810549405            -0.622382108060375    
          53.4107245532669              10.0261523810273            -0.557740877046024    
          51.6337508576899              9.46250800285227            -0.488850036650628    
          49.8456802061250              8.93602163982260            -0.416298063445325    
          48.0488128614161              8.44266973959942            -0.340936500606664    
          46.2450676165522              7.97828712909096            -0.263524892655161    
          44.4366150339345              7.53849119721503            -0.185008349161691    
          42.6233101539212              7.11962174061351            -0.105414999830021    
          40.9722328984154              6.75203849917269            -0.327324769915794E-01
          39.6273423116778              6.46030001352227             0.262465919796109E-01
          38.4469910577759              6.20980269136683             0.776946635975284E-01
          37.2657280879949              5.96372898496739             0.128933433759230    
          36.0843583032038              5.72155675741153             0.179715319052071    
          34.9062767836625              5.48357401815509             0.229307064408822    
          33.7310715418234              5.25044690866529             0.277943349160372    
          32.5552940912979              5.02031051901686             0.326146667670837    
          31.3789711350758              4.79305040855878             0.373880034704994    
          30.2019462708335              4.56949436698045             0.420765049152472    
          28.9881992189677              4.35128986712873             0.463220960666045    
          27.0066565797452              4.04246961507766             0.487260016367160    
          27.0092066993932              3.92423450164356             0.347411308505527    
          63.8330804363515              14.3093639811166            -0.887659981880726    
          62.1880684020003              13.4935833484903            -0.852147050943292    
          60.5227393087088              12.7210966733985            -0.811337722871017    
          58.8382261703862              11.9924618550987            -0.765269505330493    
          57.1358526675488              11.3077551872655            -0.714052664089165    
          55.4171446526464              10.6663787157871            -0.657895322289360    
          53.6838110936931              10.0668990678222            -0.597124340739180    
          51.9376944839876              9.50697974094124            -0.532190564944531    
          50.1807632061838              8.98342974052614            -0.463695077392869    
          48.4157485836027              8.49205671393490            -0.392698514034689    
          46.6447715881453              8.02874174133625            -0.320039484758366    
          44.8706703543656              7.58904403760694            -0.246931722213500    
          43.0918121910878              7.16984508647147            -0.172769140215599    
          41.4719010134647              6.80082894973427            -0.105138637724545    
          40.1519814367209              6.50600485145439            -0.504896814788853E-01
          38.9932671475713              6.25152355550694            -0.298029301767009E-02
          37.8336564015837              6.00137479941386             0.443240579288520E-01
          36.6746636332465              5.75502595582018             0.910048083880696E-01
          35.5230065240317              5.51346455423149             0.135654211612302    
          34.3777733609515              5.27834283532455             0.178789152631824    
          33.2319756185664              5.04615080104294             0.221499919514043    
          32.0856438145247              4.81677639490665             0.263750286893978    
          30.9386272685192              4.59103071729964             0.305169587263929    
          29.7556304933935              4.37053882972715             0.342201031188319    
          27.8203868372804              4.06153881020283             0.360110109358919    
          27.8290309372974              3.93862044056759             0.220045483585165    
          63.9284478729641              14.3093639811166            -0.901813208082899    
          62.3121109307258              13.5023323565664            -0.870110757370678    
          60.6758841607366              12.7376934672221            -0.833222105739196    
          59.0208738827908              12.0159937682564            -0.791184112242295    
          57.3483732662805              11.3373057386561            -0.744104664037587    
          55.6598814636536              10.7010447757618            -0.692187594950587    
          53.9570692955806              10.1058089779995            -0.635752970776725    
          52.2417372921418              9.54930857299877            -0.575242457065482    
          50.5158690939840              9.02838880578953            -0.511269682574702    
          48.7826347142276              8.53868756974919            -0.445104137589186    
          47.0443573036371              8.07613362881352            -0.377663467562118    
          45.3045349394942              7.63622659329610            -0.310430758391170    
          43.5600548284660              7.21639154133925            -0.242165253521620    
          41.9712410642537              6.84566499004514            -0.180020913347547    
          40.6762314624704              6.54752925830488            -0.130076441308762    
          39.5391007323946              6.28886753163614            -0.868479692666080E-01
          38.4010926192109              6.03444774575040            -0.438202762941443E-01
          37.2644310910169              5.78372535233886            -0.158179012653850E-02
          36.1391411716849              5.53838787779339             0.377873918855346E-01
          35.0238266815583              5.30107556934772             0.750786946689534E-01
          33.9079590561946              5.06663191031084             0.111954622829417    
          32.7915688132272              4.83494675153906             0.148379695934849    
          31.6745071797000              4.60681450411330             0.183991017322870    
          30.5222091830113              4.38383304982711             0.215249127475350    
          28.6331882165911              4.07432138412111             0.226533196438137    
          28.6479072235090              3.94669591641579             0.861049671711009E-01
          64.0241014100210              14.3093639811166            -0.913846355405735    
          62.4365082252492              13.5108582048555            -0.885588352810586    
          60.8294410009253              12.7538420341277            -0.852254406464828    
          59.2039908047660              12.0388514336952            -0.813880665070597    
          57.5614279245475              11.3659579288803            -0.770572637353177    
          55.9032095538201              10.7345893148020            -0.722529987100739    
          54.2309759963335              10.1433713464561            -0.670065926048453    
          52.5464934485790              9.59006574990284            -0.613612701506177    
          50.8517493650176              9.07155114879589            -0.553796697088504    
          49.1503562632038              8.58329758987817            -0.492096197796692    
          47.4448356580203              8.12128056717410            -0.429507646233507    
          45.7393493841455              7.68094008642733            -0.367784107413863    
          44.0293045460608              7.26024434335035            -0.305049766997394    
          42.4716454159647              6.88760233749421            -0.248066684558798    
          41.2015877509682              6.58598903294737            -0.202578033845865    
          40.0860787270764              6.32299953286247            -0.163422780400926    
          38.9697075790700              6.06416185132147            -0.124464051210301    
          37.8554078086409              5.80891951906165            -0.864593229206815E-01
          36.7565270408304              5.55966005935986            -0.521594751703461E-01
          35.6711655558218              5.32000981865812            -0.205040976499033E-01
          34.5852661943126              5.08316766898448             0.107447214769388E-01
          33.4988518445621              4.84902536853364             0.415522466579829E-01
          32.4117813630586              4.61836063908554             0.715633110656855E-01
          31.2902183844860              4.39273846067745             0.972642880509820E-01
          29.4474868655127              4.08247196180385             0.102325954059679    
          29.4682769645594              3.95011531574301            -0.385062385589639E-01
          64.1199342361438              14.3093639811166            -0.924455487089772    
          62.5611763618925              13.5192333726051            -0.898923040550987    
          60.9833754966972              12.7696921009799            -0.868424968916299    
          59.3875883802442              12.0612618258962            -0.832996588697108    
          57.7750624187389              11.3940121653370            -0.792741209120597    
          56.1472242910517              10.7673861732229            -0.747854026107538    
          54.5056761548707              10.1800382147938            -0.698641635952930    
          52.8521422444308              9.62977769984283            -0.645526927704816    
          51.1886290867373              9.11351853799510            -0.589148920609965    
          49.5191802596349              8.62656197568282            -0.531194545364800    
          47.8465156420799              8.16493309803858            -0.472739131130580    
          46.1754722702168              7.72400896837117            -0.415805900872387    
          44.4999695169062              7.30230328414167            -0.357883893068864    
          42.9735565738746              6.92760897143590            -0.305412139518784    
          41.7285271397651              6.62240508366227            -0.263857456718155    
          40.6347046720407              6.35498815118784            -0.228322501140636    
          39.5400391538270              6.09163339185245            -0.192979785089410    
          38.4481659909964              5.83177098492791            -0.158755503489463    
          37.3757592244383              5.57848940424891            -0.129070663583293    
          36.3204194088850              5.33640204913938            -0.102598256793000    
          35.2645531608281              5.09706127300180            -0.765235959562479E-01
          34.2081833685938              4.86036217188198            -0.508806457339071E-01
          33.1511688887799              4.62706434774869            -0.260168617910750E-01
          32.0604095928497              4.39869892520975            -0.540582457793013E-02
          30.2640762407689              4.08751737585932            -0.578603745809280E-02
          30.2909488758458              3.95040737850800            -0.146986147421783    
          64.2158662428105              14.3093639811166            -0.934020106121245    
          62.6859932700309              13.5275961425892            -0.910904999116662    
          61.1374969129000              12.7855145112798            -0.882934588064238    
          59.5714186537364              12.0836302564334            -0.850143354224732    
          57.9889715730846              11.4220129960430            -0.812632407404644    
          56.3915518353559              10.8001153207843            -0.770592654697460    
          54.7807272668808              10.2166230671642            -0.724323779025539    
          53.1581877695732              9.66939332870801            -0.674239371066224    
          51.5259398697003              9.15537720836029            -0.620991145405173    
          49.8884734641403              8.66970429121790            -0.566474708216692    
          48.2487144252765              8.20845020719376            -0.511844126194646    
          46.6121482878237              7.76692907715846            -0.459393048477619    
          44.9712295810832              7.34419914664510            -0.405975187493587    
          43.4760971574061              6.96744060613349            -0.357738465474000    
          42.2561264718034              6.65863564470403            -0.319900849252758    
          41.1840134484655              6.38678126626008            -0.287801133920656    
          40.1110764482014              6.11889893871527            -0.255889410541553    
          39.0416604104419              5.85440692038697            -0.225260122931123    
          37.9957505331201              5.59709415882866            -0.200003698175851    
          36.9704552749331              5.35255967573249            -0.178529228547004    
          35.9446450281989              5.11071073638942            -0.157443675757553    
          34.9183464960485              4.87144434418433            -0.136780270885430    
          33.8914147205466              4.63550436546025            -0.116878724942984    
          32.8314819953317              4.40438616204690            -0.101166001738440    
          31.0815944943193              4.09227430342877            -0.106651377688556    
          31.1145477578073              3.95040737850800            -0.248227421598531    
          64.3118821713397              14.3093639811166            -0.942741080364148    
          62.8109208024680              13.5359589125739            -0.921830344234846    
          61.2917556581619              12.8013378752563            -0.896174687399229    
          59.7554091457801              12.1060005943244            -0.865807752665470    
          58.2030676494568              11.4500147804324            -0.830828390745769    
          56.6360930046346              10.8328454220341            -0.791423160504949    
          55.0560187064890              10.2532098269028            -0.747884950888761    
          53.4644926952976              9.70901181862147            -0.700617994682174    
          51.8635405704478              9.19723778610468            -0.650286701988787    
          50.2580871038221              8.71285042148373            -0.598995235281248    
          48.6512527170996              8.25197017740443            -0.547976398768870    
          47.0491943316924              7.80985252383084            -0.499794595560002    
          45.4428825596830              7.38609930069001            -0.450668003320260    
          43.9790573582088              7.00727653234590            -0.406476263326498    
          42.7841606798997              6.69486954357232            -0.372208162273767    
          41.7337761744270              6.41857819599710            -0.343418979178452    
          40.6825867655207              6.14616782340910            -0.314813495647692    
          39.6356354820580              5.87704571684556            -0.287654106365939    
          38.6162415671870              5.61570129757673            -0.266699943058449    
          37.6210099395094              5.36871920966068            -0.250098672604494    
          36.6252709524934              5.12436210711638            -0.233877497425614    
          35.6290551241161              4.88252842382982            -0.218068903902448    
          34.6322213113615              4.64394533684346            -0.203004862162219    
          33.6031380448356              4.41007387572026            -0.192060994349437    
          31.8997211907666              4.09703266150928            -0.202418209776925    
          31.9387569896738              3.95040737850800            -0.344383672815155    
          64.4079667630441              14.3093639811166            -0.950737559720515    
          62.9359284416486              13.5443216825592            -0.931850114182482    
          61.4461173998768              12.8171612392350            -0.908327954936178    
          59.9395255238524              12.1283718858948            -0.880204181786094    
          58.4173086860501              11.4780175185051            -0.847575207063476    
          56.8808020224933              10.8655783843206            -0.810623241584153    
          55.3314970680215              10.2897984940094            -0.769634499719128    
          53.7710112455304              9.74863316958301            -0.725003856490438    
          52.2013777835469              9.23910217857664            -0.677408298379769    
          50.6279525144261              8.75599845913181            -0.629160544232363    
          49.0540694826241              8.29549300867089            -0.581572135766620    
          47.4865417373821              7.85277978522598            -0.537478408821988    
          45.9148521588285              7.42800326944151            -0.492461946678916    
          44.4823532529849              7.04711627323952            -0.452153361952235    
          43.3125496554198              6.73110773394238            -0.421328980277894    
          42.2839051118608              6.45037846356254            -0.395743934851977    
          41.2544709235814              6.17344004593443            -0.370338326274375    
          40.2300072823692              5.89968737430392            -0.346542187176342    
          39.2371369589960              5.63431129733038            -0.329782668523347    
          38.2719804054995              5.38488160459824            -0.317948247167341    
          37.3063317512058              5.13801490834548            -0.306485069824705    
          36.3402100701927              4.89361393398126            -0.295424908051190    
          35.3734894785177              4.65238773873547            -0.285091983687900    
          34.3752632997592              4.41576254306698            -0.278806606103723    
          32.7183457030888              4.10179245010083            -0.293837111627769    
          32.7634583149560              3.95040737850800            -0.436202923279720    
          64.5040971298414              14.3093639811166            -0.958105746309813    
          63.0610085582460              13.5526844525450            -0.941082981959721    
          61.6005706936067              12.8329855568904            -0.919536011078565    
          60.1237487141940              12.1507441311447            -0.893496852227453    
          58.6316756092090              11.5060221639355            -0.863059776453652    
          57.1256521859869              10.8983123002954            -0.828402706284312    
          55.6071394633159              10.3263890684840            -0.789804943280484    
          54.0777090880939              9.78825642791821            -0.747652124050315    
          52.5394057328075              9.28096847842748            -0.702633871139901    
          50.9980315491542              8.79915031151060            -0.657271400200974    
          49.4571151309047              8.33901965466773            -0.612954871254034    
          47.9241332845212              7.89571086134492            -0.572790761467745    
          46.3870926022181              7.46991152973881            -0.531725910697419    
          44.9859352507114              7.08696030565473            -0.495158860397701    
          43.8412323632160              6.76735021581524            -0.467667839835198    
          42.8343392255836              6.48218254579435            -0.445193382219849    
          41.8266755165476              6.20071560629181            -0.422894068784854    
          40.8247033319893              5.92233236959945            -0.402367301890358    
          39.8583756731756              5.65292368125254            -0.389707894173231    
          38.9233018227558              5.40104590687088            -0.382546712196728    
          37.9877511300144              5.15167009375099            -0.375747982711551    
          37.0517388546413              4.90470135147578            -0.369342643443568    
          36.1151391130215              4.66083109429909            -0.363647257291441    
          35.1477852804218              4.42145264092422            -0.361923303959107    
          33.5373802924281              4.10655366920343            -0.381453576297246    
          33.5885773462728              3.95040737850800            -0.524227916775254    
          64.6002656424341              14.3093639811165            -0.964883370095697    
          63.1861458935418              13.5610481762057            -0.949577287098329    
          61.7550964654986              12.8488108282222            -0.929857268134484    
          60.3080634577152              12.1731163763996            -0.905754666788029    
          58.8461493452452              11.5340277630492            -0.877361432611862    
          57.3706282362267              10.9310481236325            -0.844851140370922    
          55.8829191894782              10.3629825040006            -0.808496298198823    
          54.3845633348534              9.82788254730114            -0.768673185219120    
          52.8776129742231              9.32283763933130            -0.726084119734187    
          51.3683013199215              8.84230502494581            -0.683458754642636    
          49.8603667738538              8.38255011539522            -0.642265868272094    
          48.3619498997077              7.93864575218851            -0.605883317520277    
          46.8595695576443              7.51182360474659            -0.568621960368112    
          45.4897690191600              7.12680862959453            -0.535663645084147    
          44.3701782857254              6.80359603551766            -0.511401647352140    
          43.3850479979963              6.51398996585617            -0.491948697937309    
          42.3991662120732              6.22799450448175            -0.472666659469176    
          41.4196931132038              5.94498022589529            -0.455320065622094    
          40.4799157478373              5.67153892618043            -0.446671003337023    
          39.5749398587371              5.41721259331575            -0.444094010755994    
          38.6694947565203              5.16532718649572            -0.441870679775375    
          37.7635995158879              4.91578972263901            -0.440031143780654    
          36.8571358828458              4.66927588037146            -0.438884276590020    
          35.9206620254696              4.42714321561764            -0.441629509450569    
          34.3567887188147              4.11131631881706            -0.465497781291524    
          34.4140664000478              3.95040737850800            -0.608684226954778    
          64.6964799303136              14.3093639811166            -0.971121452876560    
          63.3113366329176              13.5694118998672            -0.957395674253316    
          61.9096870857826              12.8646370532307            -0.939366291260024    
          60.4924583100020              12.1954905290082            -0.917063992411330    
          59.0607184498369              11.5620352695204            -0.890578225076896    
          57.6157110995956              10.9637849006576            -0.860078454782014    
          56.1588248023732              10.3995768932107            -0.825830157974932    
          54.6915549123442              9.86751057405742            -0.788200494851140    
          53.2159689902776              9.36470966128794            -0.747904241141225    
          51.7387389386245              8.88546355311156            -0.707879725458568    
          50.2638015233700              8.42608343717927            -0.669674106028811    
          48.7999572507399              7.98158398092048            -0.636936738668772    
          47.3322563222847              7.55373997130412            -0.603342618660645    
          45.9938240407910              7.16666124506218            -0.573870401511427    
          44.8993607200734              6.83984662356226            -0.552740449413744    
          43.9359970967915              6.54580120058591            -0.536225859143391    
          42.9719048631036              6.25527626366766            -0.519877797382959    
          42.0149461082844              5.96763094319170            -0.505628048334777    
          41.1017228505090              5.69015655527704            -0.500905496667886    
          40.2268525517416              5.43338118709570            -0.502829515291824    
          39.3515244838696              5.17898618657963            -0.505098345325019    
          38.4757577218543              4.92688000114524            -0.507741375101575    
          37.5994340119032              4.67772209695256            -0.511059729682134    
          36.6938515736174              4.43283474398440            -0.518188139342536    
          35.1765252063620              4.11607992210429            -0.546245726344018    
          35.2398873298505              3.95040737850800            -0.689844277444646    
          64.7927247347872              14.3093639811165            -0.976846816972283    
          63.4365693323637              13.5777765772033            -0.964575038884774    
          62.0643387395360              12.8804632782413            -0.948110108384425    
          60.6769218266174              12.2178656352962            -0.927481751329434    
          59.2753714786340              11.5900437296748            -0.902777328164438    
          57.8608931465373              10.9965245387192            -0.874161658677319    
          56.4348372284399              10.4361741434626            -0.841893783824990    
          54.9986685617707              9.90714050818683            -0.806331208566845    
          53.5544585222208              9.40658454429719            -0.768201642992995    
          52.1093253318395              8.92862398865933            -0.730651555043427    
          50.6673964913388              8.46962057369434            -0.695307019296881    
          49.2381438935901              8.02452650121576            -0.666088592445512    
          47.8051300080084              7.59566015257566            -0.636035347433185    
          46.4980774274548              7.20651767522308            -0.609935383158453    
          45.4287491486874              6.87610054944043            -0.591846698292504    
          44.4871636337487              6.57761624998431            -0.578191937351453    
          43.5448685813656              6.28256183752430            -0.564699530888967    
          42.6104317995036              5.99028452148897            -0.553468036899256    
          41.7237740929601              5.70877704537958            -0.552593258092788    
          40.8790170136139              5.44955264188504            -0.558939818828671    
          40.0338136092498              5.19264709400268            -0.565622370633658    
          39.1881829550916              4.93797218699443            -0.572669526903438    
          38.3420067975235              4.68616926720521            -0.580374783072925    
          37.4673195929015              4.43852722602450            -0.591805337117816    
          35.9965592379769              4.12084543274008            -0.623914909503068    
          36.0660058038727              3.95040737850800            -0.767922168888134    
          64.8889924265557              14.3093639811165            -0.982101781910079    
          63.5618439919678              13.5861412545399            -0.971167058412539    
          62.2190361679884              12.8962904569286            -0.956149397098487    
          60.8614501924988              12.2402416952635            -0.937077978778625    
          59.4900969872589              11.6180531435123            -0.914037658287562    
          58.1061591180707              11.0292651304686            -0.887189205293741    
          56.7109488381795              10.4727733010819            -0.856784510140067    
          55.3058928390072              9.94677330336347            -0.823172078330617    
          53.8930701259766              9.44846133468466            -0.787092017967929    
          52.4800414261234              8.97178823893751            -0.751899353609733    
          51.0711326043285              8.51316057126632            -0.719298658970606    
          49.6764831254302              8.06747235940075            -0.693482108830719    
          48.2781677266755              7.63758462539989            -0.666852674943975    
          47.0025062909945              7.24637887375406            -0.644019105239077    
          45.9583206833826              6.91235876682950            -0.628886392737366    
          45.0385247206393              6.60943463721500            -0.618017550542713    
          44.1180306638801              6.30985027237798            -0.607306709767053    
          43.2061196691949              6.01294096078736            -0.599019381931036    
          42.3460389575633              5.72739991965103            -0.601918109031177    
          41.5314027267457              5.46572600400950            -0.612613243033598    
          40.7163278003950              5.20630990876486            -0.623635488194567    
          39.9008408833956              4.94906532651224            -0.635012802084787    
          39.0848237222808              4.69461786796656            -0.647030812012773    
          38.2410470100866              4.44422066173792            -0.662687156987292    
          36.8168602964955              4.12561237388687            -0.698721696488471    
          36.8923913049422              3.95040737850800            -0.843131108005719    
          64.9852830057118              14.3093639811166            -0.986916090637149    
          63.6871491677274              13.5945059318771            -0.977209581990489    
          62.3737793711882              12.9121185892926            -0.963530529906715    
          61.0460319631666              12.2626187089101            -0.945907272373828    
          59.7048911607019              11.6460644647072            -0.924422455818503    
          58.3515013845791              11.0620076295801            -0.899232322109048    
          56.9871481873653              10.5093734123942            -0.870582207138191    
          55.6132124852025              9.98640895958719            -0.838811080636796    
          54.2317885427473              9.49034193979865            -0.804671806442562    
          52.8508757774088              9.01495439659744            -0.771727846582821    
          51.4749984182869              8.55670438356954            -0.741762333532069    
          50.1149596875128              8.11042203231314            -0.719238821719010    
          48.7513580342299              7.67951291294110            -0.695924539295515    
          47.5070953726419              7.28624388698336            -0.676258598739927    
          46.4880600653640              6.94862127573243            -0.664001808848140    
          45.5900536545305              6.64125683911585            -0.655848789379528    
          44.6913720370626              6.33714204506628            -0.647849478124967    
          43.8019982731720              6.03560026108720            -0.642436281288039    
          42.9684983707309              5.74602565492864            -0.649038479410216    
          42.1839868028701              5.48190175030624            -0.664012092242567    
          41.3990517984731              5.21997463086613            -0.679303995944252    
          40.6137162479965              4.96016037337294            -0.694941372947285    
          39.8278618980931              4.70306789923656            -0.711202161159883    
          39.0149956784002              4.44991457428751            -0.731012235145901    
          37.6373940499959              4.13038026870751            -0.770853962140801    
          37.7190133158363              3.95040737850800            -0.915656168253223    
          65.0815964723446              14.3093639811166            -0.991284855804182    
          63.8124848597328              13.6028715628891            -0.982699093157673    
          62.5285683491900              12.9279467216585            -0.970251301542586    
          61.2306633235849              12.2849966762360            -0.953968737829924    
          59.9197425545293              11.6740767395852            -0.933931958999171    
          58.5969123164142              11.0947520360535            -0.910292856775274    
          57.2634276464369              10.5459763847480            -0.883289855030265    
          55.9206236855694              10.0260465231836            -0.853252685861182    
          54.5706099578041              9.53222445229047            -0.820946790121704    
          53.2218207563071              9.05812436898752            -0.790144126977130    
          51.8789863038464              8.60025201060409            -0.762706328078518    
          50.5535659504773              8.15337456627925            -0.743368565901142    
          49.2246856719148              7.72144549203772            -0.723261967324235    
          48.0118332283246              7.32611319175036            -0.706665605682574    
          47.0179596652304              6.98488759931495            -0.697204330919177    
          46.1417504353605              6.67308285568758            -0.691696024886219    
          45.2648850714038              6.36443715558979            -0.686337194440053    
          44.3980523525039              6.05826289922585            -0.683727139929623    
          43.5911370735224              5.76465377437539            -0.693961880265005    
          42.8367616124558              5.49807940393813            -0.713142923930752    
          42.0819741592933              5.23364126030646            -0.732633438175181    
          41.3267937900683              4.97125732757647            -0.752459830176450    
          40.5711136956107              4.71151888417807            -0.772892288744961    
          39.7891655979839              4.45560991734756            -0.796783076154194    
          38.4581643134626              4.13514959403914            -0.840316118310336    
          38.5458680221564              3.95040737850800            -0.985497112339129    
          65.1779328265416              14.3093639811166            -0.995209329341386    
          63.9378548827736              13.6112371939018            -0.987637082251884    
          62.6833916579642              12.9437758077010            -0.976313202243466    
          61.4153442736929              12.3073765509157            -0.961264163237724    
          60.1346549830712              11.7020909218207            -0.942568134584379    
          58.8423957279908              11.1274973962145            -0.920372776134266    
          57.5397834005007              10.5825812644688            -0.894909599547476    
          56.2281188105946              10.0656859941524            -0.866499099394893    
          54.9095267416950              9.57410982583421            -0.835919293638769    
          53.5928725481063              9.10129815610764            -0.807150638647450    
          52.2830886316231              8.64380249869577            -0.782133384481880    
          50.9923019143439              8.19633186864796            -0.765874023619320    
          49.6981506397522              7.76338188585383            -0.748867760434765    
          48.5167160433575              7.36598631122012            -0.735242688980988    
          47.5480080388739              7.02115773757976            -0.728495031659034    
          46.6936036189233              6.70491221009375            -0.725558482595305    
          45.8385659520464              6.39173560394896            -0.722767117529532    
          44.9942780923043              6.08092792152939            -0.722887309464976    
          44.2139588804356              5.78328475482851            -0.736681994430905    
          43.4897233406212              5.51425991857948            -0.759997513710529    
          42.7650872533164              5.24730979708582            -0.783613623650469    
          42.0400696948334              4.98235523544854            -0.807556015654708    
          41.3145676707465              4.71997082279104            -0.832087188944805    
          40.5635491395472              4.46130621408092            -0.859983826452230    
          39.2791520136527              4.13992082671896            -0.907093086254145    
          39.3729477947739              3.95040737850800             -1.05263355671472    
          65.2742768095992              14.3093639811165            -0.998682060890912    
          64.0632477928507              13.6196028249149            -0.992016158530962    
          62.8382531122771              12.9596058474200            -0.981708960378217    
          61.6000748135117              12.3297564256000            -0.967786217233228    
          60.3496208165553              11.7301060577389            -0.950323770196857    
          59.0879401749029              11.1602456174116            -0.929464927496105    
          57.8162116346322              10.6191890052308            -0.905434466893649    
          56.5357016748272              10.1053283261677            -0.878543407107501    
          55.2485388943373              9.61599806042963            -0.849582581716591    
          53.9640235233754              9.14447385060910            -0.822740705939276    
          52.6873015869126              8.68735584784462            -0.800036827085992    
          51.4311561350280              8.23929203207122            -0.786748698009477    
          50.1717453083590              7.80532257122762            -0.772735660135856    
          49.0217361883488              7.40586419906882            -0.761982934419701    
          48.0782013715265              7.05743169052942            -0.757865626165970    
          47.2456132050599              6.73674537917220            -0.757425851463755    
          46.4124032346952              6.41903739014435            -0.757127029125749    
          45.5906716776424              6.10359628167235            -0.759902664430608    
          44.8369523471367              5.80191811945102            -0.777183027682136    
          44.1428643577451              5.53044234055605            -0.804558040933872    
          43.4483872656613              5.26098024120420            -0.832224824486175    
          42.7535401474797              4.99345505066338            -0.860208294228808    
          42.0582200087783              4.72842419191263            -0.888763259694456    
          41.3381348590763              4.46700298765043            -0.920589095846469    
          40.1003533360819              4.14469301307261            -0.971159773771555    
          40.2002450045430              3.95040737850800             -1.11703540238594    
          65.3706436803739              14.3093639811166             -1.00169828214695    
          64.1886674047544              13.6279684559287            -0.995831971096967    
          62.9931450828076              12.9754358871412            -0.986434761402042    
          61.7848434989805              12.3521372539636            -0.973531621584960    
          60.5646400548033              11.7581221473400            -0.957196064273256    
          59.3335494715061              11.1929938386218            -0.937566986123220    
          58.0927123485738              10.6557976996853            -0.914862430439039    
          56.8433608339977              10.1449725655552            -0.889384118878819    
          55.5876349715295              9.65788820240231            -0.861935462304301    
          54.3352736820551              9.18765240616602            -0.836913732872331    
          53.0916213549916              8.73091301172485            -0.816416596355951    
          51.8701247978239              8.28225696389784            -0.805992887146425    
          50.6454658630382              7.84726707132300            -0.794866322086312    
          49.5268898485776              7.44574590162413            -0.786887057258732    
          48.6085320336521              7.09370993500349            -0.785315578470726    
          47.7977639347845              6.76858236292362            -0.787295986321983    
          46.9863892897115              6.44634251417643            -0.789413055661722    
          46.1872216641535              6.12626750281789            -0.794767722100386    
          45.4601060292551              5.82055434508017            -0.815457828542583    
          44.7961732194760              5.54662714670501            -0.846815685342025    
          44.1318627520237              5.27465306949871            -0.878456492010390    
          43.4671937037781              5.00455677322098            -0.910404388776093    
          42.8020630802804              4.73687899154279            -0.942906435696143    
          42.1129189419455              4.47270119173038            -0.978583209612633    
          40.9217644662519              4.14946662993726             -1.03250157918993    
          41.0277520222894              3.95040737850800             -1.17868292145982    
          65.4670258095321              14.3093639811166             -1.00425996003283    
          64.3141022744849              13.6363350406173            -0.999088692527922    
          63.1480713843303              12.9912668805390            -0.990496863970990    
          61.9696503301396              12.3745190360065            -0.978508661379558    
          60.7797050684087              11.7861401442983            -0.963195387946617    
          59.5792121733803              11.2257449208677            -0.944691528422373    
          58.3692779126416              10.6924083015064            -0.923208331647157    
          57.1510962878982              10.1846196659889            -0.899038162408661    
          55.9268149731342              9.69978215910058            -0.872997068526786    
          54.7066153946676              9.23083477645250            -0.849690879160634    
          53.4960403064205              8.77447399033647            -0.831295997782400    
          52.3092040880104              8.32522475677967            -0.823632161483681    
          51.1192970449828              7.88921538614086            -0.815287462477568    
          50.0321655798335              7.48563189572489            -0.809984144884288    
          49.1389962103766              7.12999247100430            -0.810874274164141    
          48.3500519931678              6.80042268451154            -0.815197796051607    
          47.5605241168154              6.47365049920860            -0.819653629334708    
          46.7839204221368              6.14894158496632            -0.827510438015396    
          46.0834199264836              5.83919343171608            -0.851534233536171    
          45.4496461108326              5.56281433702638            -0.886797806780995    
          44.8155060827912              5.28832732829505            -0.922335509324125    
          44.1810189196126              5.01565944944700            -0.958170764752320    
          43.5460854412880              4.74533474484437            -0.994542824106397    
          42.8878899441993              4.47839987264647             -1.03399191697634    
          41.7433701455162              4.15424167731293             -1.09114705391404    
          41.8554574040206              3.95040737850800             -1.23760007503987    
          65.5634155677397              14.3093639811166             -1.00637079000212    
          64.4395600315258              13.6447025789808             -1.00178918410632    
          63.3030205728321              13.0070988276133            -0.993897414039338    
          62.1544953070361              12.3969017717285            -0.982718886397734    
          60.9948158573745              11.8141590949395            -0.968322516016661    
          59.8249282804132              11.2584979104755            -0.950838494640188    
          58.6459045118358              10.7290217643683            -0.930471335933528    
          57.4588965921983              10.2242686737944            -0.907503987937844    
          56.2660712695927              9.74167802317569            -0.882765075824458    
          55.0780410317126              9.27402000779410            -0.861069224236117    
          53.9005508117410              8.81803783000515            -0.844671335952440    
          52.7483787467575              8.36819636439117            -0.839662050742993    
          51.5932426687955              7.93116799251914            -0.833993895892097    
          50.5375595672561              7.52552218137270            -0.831267760390561    
          49.6695824574026              7.16627834485979            -0.834533190287471    
          48.9024697505535              6.83226682077385            -0.841119956420384    
          48.1347886422087              6.50096229891559            -0.847834863082721    
          47.3807603218615              6.17161852811794            -0.858114362308297    
          46.7068787797007              5.85783490252177            -0.885393349210752    
          46.1032715874476              5.57900391152023            -0.924482948897223    
          45.4993096286548              5.30200349443034            -0.963837856274682    
          44.8950119806115              5.02676403301571             -1.00348065935322    
          44.2902832774239              4.75379192865450             -1.04364297972165    
          43.6630402366938              4.48409998407300             -1.08678326933146    
          42.5651665592902              4.15901863203675             -1.14706395144604    
          42.6833535204787              3.95040737850800             -1.29374895420412    
          65.6598129550552              14.3093639811166             -1.00805532912939    
          64.5650406759626              13.6530691636705             -1.00396557300517    
          63.4579964630884              13.0229307746897            -0.996676048898869    
          62.3393746150234              12.4192864148040            -0.986209324784866    
          61.2099609776200              11.8421799529377            -0.972632105898321    
          60.0706863484809              11.2912518537704            -0.956070171498216    
          58.9225807019071              10.7656361809224            -0.936721240182558    
          57.7667617466561              10.2639205426458            -0.914858843016019    
          56.6053962313189              9.78357674830175            -0.891324420823209    
          55.4495429636636              9.31720810019064            -0.871141036142825    
          54.3051452414694              8.86160453073086            -0.856642567931679    
          53.1876487739571              8.41117178673258            -0.854190022226400    
          52.0672798461283              7.97312489045860            -0.851100540365302    
          51.0430565518629              7.56541628173197            -0.850859497640632    
          50.2002793303998              7.20256898708342            -0.856418510384939    
          49.4550019478618              6.86411429487522            -0.865192585040583    
          48.7091790508560              6.52827695962363            -0.874090510588973    
          47.9777299188825              6.19429833227303            -0.886717123176037    
          47.3304711445011              5.87647875749736            -0.917176678233802    
          46.7570382054118              5.59519539334943            -0.960016308925099    
          46.1832581313265              5.31568156790458             -1.00311230558410    
          45.6091576284876              5.03787004708993             -1.04648671954378    
          45.0346375156563              4.76225006613600             -1.09036324500560    
          44.4383545610213              4.48980057233563             -1.13711772189175    
          43.3871308196363              4.16379654043442             -1.20042095250144    
          43.5114251131359              3.95040737850800             -1.34729621324058    
          65.7562179715359              14.3093639811166             -1.00931941862833    
          64.6905289490879              13.6614367020351             -1.00562674059411    
          63.6129952404782              13.0387646291170            -0.998844689701089    
          62.5242768100617              12.4416710578844            -0.988995056618895    
          61.4251442438594              11.8702017646187            -0.976142158167295    
          60.3164901922578              11.3240077044266            -0.960407599311246    
          59.1993102974914              10.8022534585171            -0.941982064894154    
          58.0746764923537              10.3035743188686            -0.921129907212090    
          56.9447822287567              9.82547833447850            -0.898705144198259    
          55.8211097462911              9.36039905364194            -0.879939633875110    
          54.7098159660846              8.90517504618777            -0.867245873785477    
          53.6269989106636              8.45415102380408            -0.867255295928308    
          52.5414085768011              8.01508512628571            -0.866649715441051    
          51.5486489040452              7.60531515047831            -0.868804000875732    
          50.7310791997126              7.23886296716577            -0.876576011321166    
          50.0076409553850              6.89596558365487            -0.887461876185428    
          49.2836800836079              6.55559495817036            -0.898467183567193    
          48.5748139540392              6.21698147426904            -0.913365690185769    
          47.9541893916395              5.89512547348013            -0.946931785461141    
          47.4109307065228              5.61138925935119            -0.993445808492665    
          46.8673439620228              5.32936202555489             -1.04020749408753    
          46.3234406050435              5.04897796850678             -1.08723782057375    
          45.7791328977352              4.77070963412600             -1.13475297206748    
          45.2138176588539              4.49550211427153             -1.18504486522996    
          44.2092514827977              4.16857540250591             -1.25127146243288    
          44.3396531088357              3.95040737850800             -1.39829156215300    
          65.8526229878445              14.3093639811165             -1.01018272798640    
          64.8160248509613              13.6698051940745             -1.00679784020509    
          63.7680054609824              13.0545975298722             -1.00043403307942    
          62.7092018922026              12.4640566546440            -0.991112083230875    
          61.6403580267169              11.8982245299825            -0.978894276859560    
          60.5623283676336              11.3567654624442            -0.963897686821241    
          59.4760780397445              10.8388726434779            -0.946306261981542    
          58.3826446439028              10.3432309561369            -0.926375056452880    
          57.2842216323989              9.86738278170579            -0.904970605541888    
          56.1927413794654              9.40359286814782            -0.887533622299910    
          55.1145515413474              8.94874937637575            -0.876555520903447    
          54.0664215273107              8.49713407560584            -0.878937563355943    
          53.0156174165208              8.05705060734953            -0.880726596366453    
          52.0543251794724              7.64521783393879            -0.885190915817027    
          51.2619668062643              7.27516123878296            -0.895098617220751    
          50.5603791433916              6.92782021027774            -0.908022899936414    
          49.8582802959947              6.58291629455623            -0.921062455722087    
          49.1720047978137              6.23966700043200            -0.938160021046665    
          48.5780144482606              5.91377457363310            -0.974761071180711    
          48.0649376473827              5.62758550952555             -1.02487635120686    
          47.5515442332685              5.34304391370697             -1.07523023271409    
          47.0378494668715              5.06008684359192             -1.12584327676870    
          46.5237617948908              4.77917063262450             -1.17692397865915    
          45.9894180866425              4.50120460988069             -1.23067913975995    
          45.0315132904103              4.17335617192555             -1.29973612063923    
          45.1680336932798              3.95040737850800             -1.44685289867345    
          65.9490356334311              14.3093639811166             -1.01066969505786    
          64.9415360110161              13.6781727324402             -1.00750748211109    
          63.9230347540622              13.0704323379781             -1.00147674263812    
          62.8941498614945              12.4864441587570            -0.992597478859965    
          61.8555946968162              11.9262492027031            -0.980929529592264    
          60.8081970598944              11.3895241741488            -0.966585852668052    
          59.7528839286151              10.8754937358045            -0.949743422335782    
          58.6906509424304              10.3828895007764            -0.930647994325885    
          57.6237106274382              9.90928913630913            -0.910178799997809    
          56.5644264189614              9.44679049738230            -0.893985288150530    
          55.5193481524053              8.99232656762046            -0.884637908816584    
          54.5059089943181              8.54012094213793            -0.889307456062971    
          53.4898949209754              8.09901894946502            -0.893405987135938    
          52.5600815631853              7.68512480895170            -0.900098742080973    
          51.7929345203498              7.31146380193672            -0.912066854416659    
          51.1131974380381              6.95967912842004            -0.926957911365661    
          50.4329720582818              6.61024096878172            -0.941959893603821    
          49.7692910066603              6.26235586443646            -0.961185230855608    
          49.2019386856960              5.93242653479352             -1.00075137879326    
          48.7190513993704              5.64378414387257             -1.05439603211669    
          48.2358589458464              5.35672818603511             -1.10827052383591    
          47.7523727706324              5.07119762601965             -1.16239464022661    
          47.2685127637183              4.78763258479430             -1.21696888980020    
          46.7651405861965              4.50690805916311             -1.27411495870828    
          45.8539086135663              4.17813837185619             -1.34591410883344    
          45.9965439787258              3.95040737850800             -1.49307678206550    
          66.0454482789574              14.3093639811165             -1.01080702266978    
          65.0670471705046              13.6865412244808             -1.00778987941037    
          64.0780716756864              13.0862671460862             -1.00201460151272    
          63.0791092738877              12.5088316628748            -0.993500417514606    
          62.0708542541717              11.9542748291064            -0.982304838842888    
          61.0540924543237              11.4222847932145            -0.968536410181602    
          60.0297203346547              10.9121167354973            -0.952365428989723    
          58.9986953878508              10.4225499527868            -0.934028292823983    
          57.9632377696676              9.95119930563686            -0.914416750146674    
          56.9361572352438              9.48999098767097            -0.899389164235931    
          55.9241943549973              9.03590757359603            -0.891595140192880    
          54.9454498673899              8.58311162340045            -0.898474586991537    
          53.9642372752239              8.14099205998114            -0.904805010994043    
          53.0658989814099              7.72503607551819            -0.913651278773420    
          52.3239747122390              7.34776970295446            -0.927609707787026    
          51.6660958389486              6.99154138440941            -0.944399948682919    
          51.0077439266319              6.63756850401016            -0.961296945556590    
          50.3666611372019              6.28504758944561            -0.982583058920727    
          49.8259544753500              5.95108135696157             -1.02504861985452    
          49.3732567045413              5.65998468555518             -1.08215511386360    
          48.9202690271199              5.37041388886500             -1.13948286199715    
          48.4669952583502              5.08231031578993             -1.19705033940450    
          48.0133629167745              4.79609596747257             -1.25505090236140    
          47.5409737140700              4.51261246211877             -1.31551981055555    
          46.6764183793186              4.18292200229781             -1.38998114106048    
          46.8251725215566              3.95040737850800             -1.53713809207217    
          66.1418609244782              14.3093639811166             -1.01061044639061    
          65.1925659588628              13.6949106701962             -1.00766648979793    
          64.2331162258984              13.1021029078708             -1.00207478968488    
          63.2640877588126              12.5312210743459            -0.993853741556548    
          62.2861290693972              11.9823014091923            -0.983058590072419    
          61.3000107362002              11.4550473196412            -0.969793585947224    
          60.3065834431081              10.9487416425559            -0.954222111265957    
          59.3067741653756              10.4622132658422            -0.936571205237596    
          58.3028030589660              9.99311138234025            -0.917745371711487    
          57.3079261987665              9.53319433901359            -0.903812007563666    
          56.3290863342435              9.07949144062809            -0.897499515330635    
          55.3850441463042              8.62610516571922            -0.906516978568428    
          54.4386292202118              8.18296898522413            -0.915007352925256    
          53.5717736191371              7.76495115680211            -0.925937098604927    
          52.8550721227841              7.38407989551197            -0.941819386103821    
          52.2190552724928              7.02340697824765            -0.960444320062676    
          51.5825844576207              6.66489985391626            -0.979171660723699    
          50.9641037461181              6.30774217545974             -1.00245453453529    
          50.4500427445863              5.96973856330025             -1.04775680380738    
          50.0275459343926              5.67618808824769             -1.10826076487931    
          49.6047630338888              5.38410197587094             -1.16897703820482    
          49.1817093014783              5.09342395922841             -1.22992350317632    
          48.7583122548278              4.80456030382209             -1.29128564865715    
          48.3169022121421              4.51831781874768             -1.35501242713849    
          47.4990273294427              4.18770706325042             -1.43206238658588    
          47.6539078781522              3.95040737850800             -1.57916056761750    
          66.2382735700481              14.3093639811166             -1.01009737071447    
          65.3180847467413              13.7032791622378             -1.00716020147324    
          64.3881760340982              13.1179396233319             -1.00168555990843    
          63.4490738722040              12.5536114394961            -0.993691187446661    
          62.5014229571896              12.0103298966351            -0.983230062841064    
          61.5459480907936              11.4878117534290            -0.970401904597846    
          60.5834694392107              10.9853684569802            -0.955363477313497    
          59.6148758308113              10.5018794399425            -0.938332402086790    
          58.6424026805019              10.0350263200933            -0.920225818814589    
          57.6797294946658              9.57640055141000            -0.907320157874608    
          56.7340164605471              9.12307912239070            -0.902423036458937    
          55.8246803867226              8.66910347644277            -0.913511997515386    
          54.9130669409492              8.22494972519435            -0.924095803787022    
          54.0777016613298              7.80487100647865            -0.937043760953080    
          53.3862267516350              7.42039437961073            -0.954786965577981    
          52.7720719244729              7.05527638677363            -0.975184902459847    
          52.1574860225725              6.69223406482624            -0.995680955723053    
          51.5616112048305              6.33043962247915             -1.02089931604770    
          51.0742034942943              5.98839815380973             -1.06897880756199    
          50.6819038310633              5.69239339827590             -1.13281848461510    
          50.2893333376812              5.39779149337864             -1.19686153210975    
          49.8965034567989              5.10453951000940             -1.26112523380233    
          49.5033417051164              4.81302607067984             -1.32578733046773    
          49.0929222661680              4.52402412904980             -1.39271010982211    
          48.3217278350090              4.19249307787683             -1.47228098808711    
          48.4827386044476              3.95040737850800             -1.61926639778786    
          66.3346785863278              14.3093639811168             -1.00930534649957    
          65.4436111635813              13.7116495616286             -1.00631392978605    
          64.5432358414996              13.1337763387951             -1.00089519206635    
          63.6340714287695              12.5760018046511            -0.993066459225700    
          62.7167244734432              12.0383602914346            -0.982878206274917    
          61.7919007033599              11.5205771409034            -0.970425917954986    
          60.8603745081830              11.0219971787701            -0.955859443249693    
          59.9230003840405              10.5415475214131            -0.939387104216773    
          58.9820251900301              10.0769441188959            -0.921938736281993    
          58.0515633080554              9.61960962485993            -0.909999743620434    
          57.1389771042848              9.16667061888375            -0.906457136876245    
          56.2643509589753              8.71210464822259            -0.919556560822473    
          55.3875466224146              8.26693427989212            -0.932172764304746    
          54.5836716635252              7.84479467087444            -0.947078494668703    
          53.9174271548197              7.45671267841495            -0.966623251139847    
          53.3251419808152              7.08714960998900            -0.988735480663499    
          52.7324371781471              6.71957209041476             -1.01094153589112    
          52.1591758847922              6.35313993050413             -1.03803732735144    
          51.6984214666009              6.00706060532730             -1.08883729672823    
          51.3363265808071              5.70860061563989             -1.15595391884324    
          50.9739684953429              5.41148339506237             -1.22326520809892    
          50.6113662808360              5.11565696813285             -1.29078749526920    
          50.2484436382236              4.82149326804637             -1.35869077310865    
          49.8690148022945              4.52973139302516             -1.42875066423437    
          49.1445122663350              4.19728099985138             -1.51078083072172    
          49.3116494410631              3.95040737850800             -1.65759839470714    
          66.4310836027650              14.3093639811166             -1.00824176465152    
          65.5691299506458              13.7200190073457             -1.00514078775634    
          64.6982956481118              13.1496140079348            -0.999722998173450    
          63.8190727990832              12.5983940771594            -0.992004769898595    
          62.9320412475265              12.0663906862423            -0.982034253373883    
          62.0378647591407              11.5533453894130            -0.969902700130456    
          61.1372986499267              11.0586287615996            -0.955752983913537    
          60.2311440102288              10.5812175102542            -0.939784306434993    
          59.3216667726788              10.1188638250736            -0.922938900512490    
          58.4234238240238              9.66282155936319            -0.911911561250170    
          57.5439682651995              9.21026497643279            -0.909668573514156    
          56.7040520480568              8.75510963473292            -0.924723266728712    
          55.8620606348543              8.30892360299202            -0.939316733677845    
          55.0896759961312              7.88472262682739            -0.956125044231479    
          54.4486695181332              7.49303479192595            -0.977416278459681    
          53.8782539980654              7.11902617105820             -1.00118760693005    
          53.3074379251138              6.74691297700801             -1.02504852966683    
          52.7567901574726              6.37584357637209             -1.05396703464036    
          52.3226928477348              6.02572591785308             -1.10743443288221    
          51.9908027404863              5.72481069401399             -1.17777292455221    
          51.6586646926734              5.42517720408500             -1.24829714204967    
          51.3262901438765              5.12677537992446             -1.31902282095182    
          50.9936142389170              4.82996141908391             -1.39011220546324    
          50.6451798199444              4.53543913383655             -1.46325413384846    
          49.9673653640141              4.20206987549973             -1.54768851428850    
          50.1406403873355              3.95040737850800             -1.69428291954379    
          66.5274886194135              14.3093639811166             -1.00693750029998    
          65.6946563667768              13.7283894067376             -1.00367570369230    
          64.8533630833442              13.1654526307509            -0.998207423323182    
          64.0040817977944              12.6207873033468            -0.990548319770655    
          63.1473618352909              12.0944239420810            -0.980744219146470    
          62.2838402580542              11.5861145916090            -0.968881961455616    
          61.4142342349253              11.0952612981202            -0.955097743401603    
          60.5393067092137              10.6208903601397            -0.939581288606114    
          59.6613312429407              10.1607873459746            -0.923287525200392    
          58.7953034129282              9.70603730859386            -0.913120639118440    
          57.9489823136012              9.25386219503768            -0.912126070216615    
          57.1437798389215              8.79811843597376            -0.929084653813283    
          56.3366013485687              8.35091674082004            -0.945604065284977    
          55.5957146594372              7.92465439750109            -0.964263160399551    
          54.9799462126802              7.52936119698201            -0.987247943946736    
          54.4314003474687              7.15090654681989             -1.01262514452591    
          53.8824806348527              6.77425720144356             -1.03808764794764    
          53.3544463943440              6.39854960640910             -1.06877617525179    
          52.9470100092244              6.04439361455014             -1.12485997980372    
          52.6453284959112              5.74102315656112             -1.19836705387128    
          52.3434142998712              5.43887244360940             -1.27205103238375    
          52.0412712306840              5.13789569905848             -1.34592681661417    
          51.7388382478382              4.83843052379266             -1.42014890213028    
          51.4214020597251              4.54114830515832             -1.49631970048918    
          50.7902794980033              4.20686018165905             -1.58310739273516    
          50.9696961837868              3.95040737850800             -1.72942237235618    
          66.6238936363268              14.3093639811166             -1.00539946750450    
          65.8201751532446              13.7367598061300             -1.00193083691925    
          65.0084305178266              13.1812912535692            -0.996366050971896    
          64.1890946101681              12.6431805295388            -0.988719997233815    
          63.3626900513357              12.1224571979278            -0.979036237281980    
          62.5298271999910              11.6188847474915            -0.967397259483167    
          61.6911812630310              11.1318966956803            -0.953932464681116    
          60.8474808514071              10.6605651173951            -0.938822098380468    
          60.0010109711821              10.2027127742502            -0.923033962714813    
          59.1672020744810              9.74925591887743            -0.913681455537780    
          58.3540192491509              9.29746322837247            -0.913889469697685    
          57.5835343312510              8.84113105194500            -0.932705929289767    
          56.8111687636507              8.39291369337643            -0.951105152068463    
          56.1017800243980              7.96459093657043            -0.971567885179146    
          55.5112496095547              7.56569141674717            -0.996197342626043    
          54.9845810296555              7.18279073727548             -1.02313034741063    
          54.4575576787360              6.80160476372180             -1.05014436321335    
          53.9521407815664              6.42125897428969             -1.08255344018398    
          53.5713653223053              6.06306417225573             -1.14120584720434    
          53.2999000319850              5.75723752644423             -1.21783155499929    
          53.0282058723153              5.45257006730984             -1.29462510754950    
          52.7562980966099              5.14901744869776             -1.37160104849096    
          52.4841156643993              4.84690105900974             -1.44890600552400    
          52.1976815210130              4.54685795331620             -1.52805572509105    
          51.6132508529333              4.21165239516650             -1.61715154882705    
          51.7988092003165              3.95040737850800             -1.76313107411036    
          66.7202833947707              14.3093639811166             -1.00364733571229    
          65.9457015688986              13.7451302055230            -0.999929552424326    
          65.1634979515914              13.1971308300639            -0.994225941699616    
          64.3741074214800              12.6655756630841            -0.986550677690778    
          63.5780220808670              12.1504923611312            -0.976944938385882    
          62.7758179554082              11.6516577644089            -0.965486920333955    
          61.9681359193681              11.1685340006055            -0.952299228745023    
          61.1556664365832              10.7002427356946            -0.937552810034398    
          60.3407021424270              10.2446410635746            -0.922227923078786    
          59.5391159936627              9.79247739021370            -0.913647535169015    
          58.7590714421510              9.34106712276270            -0.915016170990680    
          58.0233040809251              8.88414748264663            -0.935648187900132    
          57.2857552508925              8.43491446066134            -0.955884903415696    
          56.6078682766420              8.00453081352470            -0.978107525309445    
          56.0425797092245              7.60202592805958             -1.00433522491610    
          55.5377922305390              7.21467826558925             -1.03277617124754    
          55.0326614281150              6.82895566384327             -1.06129377674642    
          54.5498656905304              6.44397120317701             -1.09537607637090    
          54.1957587866696              6.08173711413292             -1.15655142843867    
          53.9545059041004              5.77345428050055             -1.23624772873203    
          53.7130394094660              5.46626959834920             -1.31610305247882    
          53.4713707410844              5.16014110567942             -1.39613122799964    
          53.2294388586031              4.85537302473514             -1.47647101510019    
          52.9740067590783              4.55256903198437             -1.55855221036910    
          52.4362756134166              4.21644556234774             -1.64991515738066    
          52.6279794362043              3.95040737850800             -1.79550248414610    
          66.8166807829798              14.3093639811166             -1.00169707888096    
          66.0712203550170              13.7535015585909            -0.997690923649316    
          65.3185653846802              13.2129713602350            -0.991809268490273    
          64.5591202317161              12.6879717503084            -0.984065514484146    
          63.7933579238008              12.1785284780169            -0.974498575360702    
          63.0218163388547              11.6844317350126            -0.963182296436963    
          62.2450982037451              11.2051732128957            -0.950232427870006    
          61.4638596498239              10.7399222613636            -0.935810617128150    
          60.6804047564294              10.2865722139475            -0.920909758740973    
          59.9110451702455              9.83570172260240            -0.913062389485147    
          59.1641388924898              9.38467578555673            -0.915552606270188    
          58.4630890879724              8.92716772807852            -0.937960901619347    
          57.7603608104498              8.47691999634918            -0.959995890628947    
          57.1139794164658              8.04447641254998            -0.983937274574748    
          56.5739326974324              7.63836425408309             -1.01171869182497    
          56.0910263213058              7.24656960859960             -1.04162102820474    
          55.6077956983971              6.85630942497192             -1.07159596948053    
          55.1476249359860              6.46668629307136             -1.10730583400341    
          54.8201827724254              6.10041291701898             -1.17095990453676    
          54.6091461117402              5.78967294189301             -1.25368054421074    
          54.3979110960809              5.47997103672750             -1.33655138598955    
          54.1864777194378              5.17126619316629             -1.41958530440084    
          53.9748040151404              4.86384594413170             -1.50291366815876    
          53.7503739585739              4.55828058748865             -1.58788020478659    
          53.2593423346568              4.22124016003993             -1.68147272369974    
          53.4571954466287              3.95040737850800             -1.82661027307767    
          66.9130705422201              14.3093639811166            -0.999568545263068    
          66.1967315116697              13.7618729116592            -0.995240938163167    
          65.4736328171441              13.2288128440826            -0.989148217891181    
          64.7441406702702              12.7103687912116            -0.981302952775308    
          64.0086975800675              12.2065665022592            -0.971741851981305    
          63.2678185354956              11.7172076129768            -0.960534230944163    
          62.5220643012750              11.2418143325507            -0.947789163752763    
          61.7720604909140              10.7796046480765            -0.933658939461679    
          61.0201149982801              10.3285062253687            -0.919149147952852    
          60.2829819746609              9.87892891604343            -0.912001835962501    
          59.5692177853649              9.42828635573157            -0.915580791820523    
          58.9028893523870              8.97019083456635            -0.939732345129928    
          58.2349816277457              8.51892934676581            -0.963532646762434    
          57.6201020000395              8.08442487262407            -0.989157447548953    
          57.1053047598860              7.67470639481864             -1.01845282616012    
          56.6442794878010              7.27846476630777             -1.04977494811770    
          56.1829490458769              6.88366700078339             -1.08116514355563    
          55.7454032586742              6.48940424397303             -1.11846108802920    
          55.4446334643891              6.11909110407696             -1.18455429960074    
          55.2638168396956              5.80589446429595             -1.27025719784381    
          55.0828094875244              5.49367390560760             -1.35610159598939    
          54.9016228457882              5.18239271115835             -1.44209941470351    
          54.7202035040011              4.87232029403652             -1.52837439314754    
          54.5267793041505              4.56399309666607             -1.61618490502507    
          54.0824433865502              4.22603618824307             -1.71197588153800    
          54.2864496014654              3.95040737850800             -1.85660786257240    
          67.0094526725406              14.3093639811166            -0.997296841890740    
          66.3222502977184              13.7702452184025            -0.992620842312331    
          65.6287002490445              13.2446543279323            -0.986290175615726    
          64.9291611077631              12.7327667857938            -0.978316398472553    
          64.2240372349180              12.2346054801836            -0.968734075146856    
          63.5138207305113              11.7499853983014            -0.957608229748581    
          62.7990380264755              11.2784573595706            -0.945040962429191    
          62.0802689596400              10.8192889421587            -0.931175382775639    
          61.3598328677612              10.3704430978381            -0.917029537699335    
          60.6549264067180              9.92215992421067            -0.910555401217044    
          59.9743043059493              9.47190074063553            -0.915196393469877    
          59.3426972447395              9.01321870945857            -0.941064263850368    
          58.7096138881700              8.56094251191135            -0.966602758374129    
          58.1262398422854              8.12437810109589            -0.993881293094143    
          57.6366882675550              7.71105282710416             -1.02465588342380    
          57.1975479157725              7.31036326187783             -1.05736000103472    
          56.7581214701917              6.91102743760474             -1.09012801852193    
          56.3432006581330              6.51212505588228             -1.12897308800712    
          56.0691032326954              6.13777167530701             -1.19747003551079    
          55.9185066433730              5.82211789403520             -1.28611776066693    
          55.7677307685605              5.50737915866379             -1.37489816423413    
          55.6167870460716              5.19352065965559             -1.46382245135560    
          55.4656258804785              4.88079607444960             -1.55300637396032    
          55.3032151657735              4.56970703635380             -1.64362390560163    
          54.9055787684162              4.23083364695707             -1.74158890092957    
          55.1157419002586              3.95040737850800             -1.88566119171230    
          67.1058348033454              14.3093639811166            -0.994899134753916    
          66.4477614544540              13.7786165714720            -0.989853822224324    
          65.7837600510600              13.2604967654584            -0.983264109524003    
          65.1141739148339              12.7551657340548            -0.975140899232522    
          64.4393845177172              12.2626463654646            -0.965516431927252    
          63.7598267384999              11.7827641373121            -0.954451321296860    
          63.0760117497910              11.3151022939550            -0.942040932110358    
          62.3884774264047              10.8589760972843            -0.928418956190889    
          61.6995545499593              10.4123818776810            -0.914616195597188    
          61.0268746515228              9.96539283975548            -0.908794313304509    
          60.3793946394014              9.51551894026860            -0.914476540080700    
          59.7825127649722              9.05624944540626            -0.942039687427590    
          59.1842499623850              8.60295949178584            -0.969295453881691    
          58.6323853139968              8.16433514429160            -0.998203701928169    
          58.1680794060596              7.74740307410336             -1.03042764175478    
          57.7508239757072              7.34226557214800             -1.06448085270472    
          57.3333053414997              6.93839121227434             -1.09859367100882    
          56.9410133192320              6.53484872879942             -1.13895544051983    
          56.6935882621972              6.15645558438355             -1.20982524881392    
          56.5732155222857              5.83834370794798             -1.30138489918728    
          56.4526749386600              5.52108631905895             -1.39306816796434    
          56.3319779491106              5.20465051549513             -1.48488590230173    
          56.2110749587110              4.88927280853391             -1.57694598609867    
          56.0796739137042              4.57542145287755             -1.67033811212303    
          55.7287370359905              4.23563253618218             -1.77045900566601    
          55.9450608992639              3.95040737850800             -1.91391986906349    
          67.2022169346283              14.3093639811166            -0.992405106801956    
          66.5732726113531              13.7869898318906            -0.986975521386021    
          65.9388274820619              13.2763392029867            -0.980111862059880    
          65.2991943503219              12.7775656359948            -0.971824317686371    
          64.6547241696701              12.2906882044277            -0.962142685951618    
          64.0058365593863              11.8155447836831            -0.951123408627216    
          63.3529892857798              11.3517491357041            -0.938854876799558    
          62.6966897057193              10.8986651597789            -0.925461603058013    
          62.0392800446662              10.4543235185717            -0.911986906281015    
          61.3988267088770              10.0086295700261            -0.906802436526363    
          60.7844887855657              9.55914000095585            -0.913511175589984    
          60.2223320983107              9.09928399608384            -0.942754699012148    
          59.6588936651157              8.64498124006359            -0.971712776792992    
          59.1385346006260              8.20429695588578             -1.00223226064816    
          58.6994781754675              7.78375713581695             -1.03588075397042    
          58.3041114819037              7.37417122028223             -1.07125480516793    
          57.9084968447038              6.96575832479343             -1.10668429064419    
          57.5388374268765              6.55757573956181             -1.14853498437494    
          57.3180847377756              6.17514140079538             -1.22175142750911    
          57.2279358465720              5.85457190603436             -1.31619475058949    
          57.1376305532148              5.53479538679311             -1.41075287036902    
          57.0471802955820              5.21578180183981             -1.50543567989890    
          56.9565392942841              4.89775049628903             -1.60034367204483    
          56.8561479185244              4.58113682307447             -1.69648297408698    
          56.5519143748543              4.24043285591816             -1.79874784440888    
          56.7743989696295              3.95040737850800             -1.94154816616098    
          67.2985990663836              14.3093639811165            -0.989844917829550    
          66.6987837684918              13.7953621386355            -0.984022000472503    
          66.0938872833571              13.2921825941913            -0.976875335251083    
          65.4842071555095              12.7999664916136            -0.968414397230634    
          64.8700638201908              12.3187309970729            -0.958666541218910    
          64.2518387490341              11.8483273374143            -0.947683977528335    
          63.6299630049376              11.3883988384918            -0.935548362078618    
          63.0049019827250              10.9383561296424            -0.922374670696557    
          62.3790055369939              10.4962680205099            -0.909219037188473    
          61.7707787638932              10.0518691613481            -0.904662860378758    
          61.1895867442863              9.60276487637163            -0.912389349937054    
          60.6621552446661              9.14232331516542            -0.943304130141119    
          60.1335373669714              8.68700584939613            -0.973955459405830    
          59.6446838875399              8.24426258220453             -1.00607342339260    
          59.2308807607976              7.82011548908273             -1.04112680000547    
          58.8574028046334              7.40608068311862             -1.07779832595393    
          58.4836959794593              6.99312877516320             -1.11452087493372    
          58.1366653513173              6.58030561133263             -1.15783760469641    
          57.9425850296475              6.19383055505404             -1.23337922514117    
          57.8826638010926              5.87080248829445             -1.33068261762186    
          57.8225937969796              5.54850636186628             -1.42809210413876    
          57.7623940850167              5.22691499552667             -1.52561674291179    
          57.7020150722683              4.90623009138965             -1.62334915907873    
          57.6326371802684              4.58685314694455             -1.72221298731135    
          57.3751069706416              4.24523460616506             -1.82661599293014    
          57.6037561119199              3.95040737850800             -1.96870987764678    
          67.3949735692138              14.3093639811166            -0.987257727940571    
          66.8242872965194              13.8037353990552            -0.981040644927446    
          66.2489547138399              13.3080269390723            -0.973610140171018    
          65.6692199598817              12.8223683009113            -0.964974855278624    
          65.0854034693267              12.3467747434002            -0.955160000325095    
          64.4978485662192              11.8811117985056            -0.944213256181284    
          63.9069405365828              11.4250494949696            -0.932209603282889    
          63.3131104425938              10.9780499605489            -0.919254659592578    
          62.7187272120790              10.5382153834954            -0.906417135501937    
          62.1427270017007              10.0951116137213            -0.902488536331903    
          61.5946808860188              9.64639261284142            -0.911232001611225    
          61.1019707598521              9.18536549530230            -0.943817204310461    
          60.6081772532362              8.72903522713193            -0.976160890880622    
          60.1508331745996              8.28423202324810             -1.00987238707720    
          59.7622795324189              7.85647765706421             -1.04631824850854    
          59.4106903142470              7.43799396065815             -1.08427079787673    
          59.0588913013957              7.02050256338477             -1.12227007850094    
          58.7344932775540              6.60303834411215             -1.16703687030707    
          58.5670891374648              6.21252161664831             -1.24488900553510    
          58.5373917559399              5.88703497789120             -1.34503625508664    
          58.5075646693394              5.56221924427848             -1.44528077661047    
          58.4776116875874              5.23804914288157             -1.54563079370411    
          58.4474946630870              4.91471016332415             -1.64617130224329    
          58.4091302549229              4.59256994765060             -1.74774404033413    
          58.1982995649146              4.25003778692288             -1.85428792309191    
          58.4331170678971              3.95040737850800             -1.99563472076280    
          67.4913557019034              14.3093639811165            -0.984672445251125    
          66.9497984542600              13.8121086594754            -0.978070197510721    
          66.4040145148297              13.3238722376298            -0.970364854406026    
          65.8542403929442              12.8447710638878            -0.961564283214126    
          65.3007431171556              12.3748213507581            -0.951691370346272    
          64.7438507521776              11.9138972132827            -0.940789565390683    
          64.1839142512850              11.4617030124859            -0.928926815730212    
          63.6213188999321              11.0177466524982            -0.916199619950780    
          63.0584488844882              10.5801656075281            -0.903689205490783    
          62.5146752368510              10.1383578808196            -0.900397243870401    
          61.9997712106312              9.69002416403928            -0.910166864088555    
          61.5417862731956              9.22841149016854            -0.944431489617469    
          61.0828133238911              8.77106937327098            -0.978476533079495    
          60.6569748323109              8.32420623269100             -1.01378626938880    
          60.2936744901966              7.89284411659908             -1.05162139631894    
          59.9639740105791              7.46991057606459             -1.09084745851714    
          59.6340828103083              7.04787968945926             -1.13011607968853    
          59.3323173906439              6.62577346106349             -1.17632578112330    
          59.1915894314483              6.23121601608973             -1.25648235174010    
          59.1921197104130              5.90326985166184             -1.35946594822536    
          59.1925279109076              5.57593451086671             -1.46253787535981    
          59.1928254735231              5.24918519757882             -1.56570587984302    
          59.1929742519177              4.92319214260386             -1.66904685148434    
          59.1856233279032              4.59828817886700             -1.77332194312373    
          59.0214921580188              4.25484192135448             -1.88201969707147    
          59.2624818380648              3.95040737850800             -2.02258602957130    
          67.5877302056639              14.3093639811166            -0.982135144020759    
          67.0753096123576              13.8204828735705            -0.975161381525432    
          66.5590743158190              13.3397175361893            -0.967194850304198    
          66.0392531960507              12.8671747805432            -0.958242583533988    
          65.5160827637901              12.4028679581237            -0.948325262812680    
          64.9898529363682              11.9466854890942            -0.937481927602362    
          64.4608765196602              11.4983584373663            -0.925773790389483    
          63.9295197253016              11.0574452518160            -0.913287932433287    
          63.3981629247409              10.6221177389334            -0.901118277087437    
          62.8866158398456              10.1816060552944            -0.898476662152619    
          62.4048539033722              9.73365857629073            -0.909286146338441    
          61.9815903407057              9.27146034608973            -0.945243724271176    
          61.5574379496157              8.81310638046474            -0.981003773184943    
          61.1631088606912              8.36418425685918             -1.01792104712094    
          60.8250580047108              7.92921439085077             -1.05714663102575    
          60.5172500788634              7.50183100617588             -1.09764298706412    
          60.2092666913754              7.07525967655059             -1.13817761089111    
          59.9301338756868              6.64851239269829             -1.18582748039455    
          59.8160820962185              6.24991279970422             -1.26828657928589    
          59.8468362197077              5.91950710960643             -1.37410330411379    
          59.8774835211436              5.58965120795722             -1.47999953746983    
          59.9080316278196              5.26032268278106             -1.58598219159299    
          59.9384462092920              4.93167507555483             -1.69212052709081    
          59.9621087699438              4.60400736375652             -1.79909570758387    
          59.8446771208713              4.25964796313416             -1.90996461846023    
          60.0918351640618              3.95040737850800             -2.04972092242906    
          67.6841123392841              14.3093639811166            -0.979695892032266    
          67.2008131414583              13.8288561339919            -0.972378271727293    
          66.7141341169086              13.3555637884252            -0.964178209581121    
          66.2242583693726              12.8895794508773            -0.955102023763443    
          65.7314147800325              12.4309164728456            -0.945167952508187    
          65.2358474895531              11.9794747185912            -0.934410803796232    
          64.7378464152927              11.5350148159365            -0.922884935957887    
          64.2377167334519              11.0971457585019            -0.910668132186819    
          63.7378693328716              10.6640727313855            -0.898866892576276    
          63.2585488107840              10.2248580444939            -0.896903221122377    
          62.8099289644737              9.77729680326978            -0.908780404103330    
          62.4213867773322              9.31451397041415            -0.946458709326168    
          62.0320549453087              8.85514815606169            -0.983961419392768    
          61.6692276304949              8.40416609575282             -1.02250941640749    
          61.3564300760621              7.96558895665688             -1.06313988105879    
          61.0705070750522              7.53375525099284             -1.10491666347395    
          60.7844353151719              7.10264347833402             -1.14672742283123    
          60.5279312881270              6.67125370850546             -1.19582759354666    
          60.4405556869266              6.26861196749197             -1.28060018819067    
          60.5015374684719              5.93574675172532             -1.38926005503249    
          60.5624238702022              5.60336981238668             -1.49799072749141    
          60.6232187061644              5.27146207532550             -1.60679804498898    
          60.6838990911052              4.94015896217666             -1.71574387737149    
          60.7385751371038              4.60972750231916             -1.82543011429925    
          60.6678391949701              4.26445543542473             -1.93850213068156    
          60.9211732315585              3.95040737850800             -2.07743064450471    
          67.7805021027662              14.3093639811166            -0.977402253681065    
          67.3263319297847              13.8372313017624            -0.969778565190142    
          66.8692015475948              13.3714109943375            -0.961382761967343    
          66.4092711718761              12.9119860285646            -0.952220327874103    
          65.9467467955331              12.4589659412493            -0.942307296089569    
          65.4818344120423              12.0122649017739            -0.931674064202073    
          65.0148010503312              11.5716740555448            -0.920368255522167    
          64.5459061100281              11.1368491262303            -0.908458176319498    
          64.0775681092458              10.7060315385584            -0.897063141817452    
          63.6304665206760              10.2681128947437            -0.895815202912889    
          63.2149849502462              9.82093884497626            -0.908797813862721    
          62.8611641393613              9.35757140946739            -0.948234634871557    
          62.5066490525197              8.89719374638749            -0.987517675415287    
          62.1753273273134              8.44415270304630             -1.02772947539168    
          61.8877754456927              8.00196733718074             -1.06978961585042    
          61.6237449993044              7.56568283367911             -1.11286673245145    
          61.3595772374534              7.13003014113629             -1.15597365477870    
          61.1257058125309              6.69399788532236             -1.20654427351543    
          61.0650063881515              6.28731399629024             -1.29365086815337    
          61.1562120120419              5.95198877801803             -1.40517402348512    
          61.2473375136341              5.61709032415526             -1.51675892390049    
          61.3383790790165              5.28260289837502             -1.62841105131565    
          61.4293214532890              4.94864427930661             -1.74018440799501    
          61.5150148001363              4.61544811771778             -1.85260256331993    
          61.4909707511577              4.26926386138911             -1.96791952819676    
          61.7504807820475              3.95040737850800             -2.10601274224709    
          67.8768918667211              14.3093639811165            -0.975312879835259    
          67.4518430891985              13.8456055158591            -0.967432833600461    
          67.0242613491957              13.3872582002519            -0.958891059552097    
          66.5942763449579              12.9343926062563            -0.949692147563431    
          66.1620711811671              12.4870173170093            -0.939849925666229    
          65.7278213335801              12.0450579459907            -0.929390321365557    
          65.2917480545884              11.6083352025170            -0.918354222883735    
          64.8540802261052              11.1765544013267            -0.906800638337172    
          64.4172439955755              10.7479922531035            -0.895861519234201    
          64.0023651553387              10.3113706060435            -0.895379082486412    
          63.6200256759025              9.86458279406135            -0.909516890730427    
          63.3009186126062              9.40063170957497            -0.950761877356957    
          62.9812202717341              8.93924315144204            -0.991875077082023    
          62.6814003221926              8.48414407873978             -1.03379580010262    
          62.4190979286752              8.03834905558565             -1.07732221324660    
          62.1769524077026              7.59761423107249             -1.12173185060833    
          61.9346924576481              7.15742014179547             -1.16616700380241    
          61.7234498187640              6.71674539998636             -1.21824037673825    
          61.6894227551497              6.30601840926208             -1.30771303891225    
          61.8108522205549              5.96823271164805             -1.42213155013810    
          61.9322130070880              5.63081274326303             -1.53660298434061    
          62.0535013022062              5.29374515192959             -1.65113198914227    
          62.1747056665052              4.95713102694467             -1.76576493765642    
          62.2914086856920              4.62117016362666             -1.88094827108390    
          62.3140603454536              4.27407419470153             -1.99856382912033    
          62.5797463711652              3.95040737850800             -2.13582627369493    
          67.9732816311541              14.3093639811166            -0.973479566838434    
          67.5773618785317              13.8539806836306            -0.965403065591763    
          67.1793211512124              13.4031063598426            -0.956775104418162    
          66.7792815182012              12.9568001376268            -0.947599557960216    
          66.3773879372153              12.5150696464511            -0.937887929815032    
          65.9737929957502              12.0778519438929            -0.927661796539004    
          65.5686797991250              11.6449982568528            -0.916955311205213    
          65.1622390822070              11.2162625374651            -0.905818064525538    
          64.7569122512239              10.7899548750205            -0.895394703865375    
          64.3742523447778              10.3546311783932            -0.895737552441546    
          64.0250396979871              9.90823151154763            -0.911090340874272    
          63.7406463830204              9.44369677808524            -0.954203275732016    
          63.4557609741980              8.98129637122526            -0.997206476943344    
          63.1874389863374              8.52413831548487             -1.04089161436178    
          62.9503822666932              8.07473554238334             -1.08593150686936    
          62.7301216705642              7.62954896633656             -1.13171658099925    
          62.5097657163140              7.18481348031242             -1.17752288109450    
          62.3211518620365              6.73949529882349             -1.23114144717508    
          62.3137933432721              6.32472568324477             -1.32302273482210    
          62.4654466495553              5.98447902945245             -1.44037939816590    
          62.6170389062983              5.64453754654714             -1.55778016238803    
          62.7685777463139              5.30488931282634             -1.67522896006785    
          62.9200402867249              4.96561872825368             -1.79276441593361    
          63.0677529789444              4.62689268637150             -1.91075655817985    
          63.1370927184398              4.27888548168769             -2.03073472504546    
          63.4089509242509              3.95040737850800             -2.16718237432851    
          68.0696866548631              14.3093639811165            -0.971976522391267    
          67.7028806684382              13.8623558514028            -0.963779085178392    
          67.3343809537573              13.4189554731098            -0.955140456076791    
          66.9642866918032              12.9792095763503            -0.946063794454013    
          66.5926970639724              12.5431229295747            -0.936558219804982    
          66.2197570283430              12.1106478491549            -0.926641136487938    
          65.8455962844351              11.6816641722265            -0.916339664348803    
          65.4703826789147              11.2559725809713            -0.905694274680498    
          65.0965499886635              10.8319213116577            -0.895862131857849    
          64.7461013868300              10.3978955654667            -0.897105724897140    
          64.4300232025681              9.95188309008637            -0.913748833187257    
          64.1803360073153              9.48676470764952            -0.958805294088128    
          63.9302597166295              9.02335435941129             -1.00377389590716    
          63.6934356910986              8.56413827430433             -1.04929467481145    
          63.4816170157218              8.11112584389991             -1.09591170504184    
          63.2832413433123              7.66148751630905             -1.14313134471045    
          63.0847855687163              7.21221015668805             -1.19036792016933    
          62.9187928682372              6.76224853550821             -1.24559092679532    
          62.9381067079742              6.34343534140138             -1.33993877580843    
          63.1199800399916              6.00072773143131             -1.46029295755498    
          63.3018037670745              5.65826378033335             -1.58068241809027    
          63.4835817085203              5.31603442739098             -1.70111025571387    
          63.6653024257626              4.97410786007076             -1.82160734666107    
          63.8440209766091              4.63261616278944             -1.94246849843100    
          63.9600449810866              4.28369819918476             -2.06488842930696    
          64.2380829961552              3.95040737850800             -2.20055549649400    
          68.1660916790738              14.3093639811165            -0.970905491548912    
          67.8283994589708              13.8707319728497            -0.962685287083735    
          67.4894331275545              13.4348055400533            -0.954134158887039    
          67.1492689777883              13.0016190150783            -0.945254491416180    
          66.8079985617494              12.5711781200543            -0.936053139225579    
          66.4656981729942              12.1434456617764            -0.926543155605358    
          66.1224898816615              11.7183310412895            -0.916744984757879    
          65.7784881286909              11.2956854855193            -0.906689561289536    
          65.4361495792422              10.8738896556665            -0.897546745368558    
          65.1179122823245              10.4411618599153            -0.899789132088455    
          64.8349533023681              9.99553752967733            -0.917820549598628    
          64.6199798570619              9.52983645194184            -0.964918585245758    
          64.4047012412072              9.06541616232577             -1.01195081540341    
          64.1993713633902              8.60414109417554             -1.05940147118035    
          64.0127869166932              8.14751996013567             -1.10768242469007    
          63.8362885372382              7.69342988099054             -1.15641971970101    
          63.6597291260634              7.23961017092315             -1.20516977918097    
          63.5163613927370              6.78500463320366             -1.26207960027140    
          63.5623361460222              6.36214786056918             -1.35897507308509    
          63.7744218741068              6.01697834074765             -1.48240974291582    
          63.9864732572048              5.67199192145883             -1.60587098860061    
          64.1984941156132              5.32718192613492             -1.72936095482883    
          64.4104615660318              4.98259794555876             -1.85290276963858    
          64.6201859754830              4.63834059288048             -1.97671685433419    
          64.7828904298479              4.28851234719272             -2.10167999650909    
          65.0670929949536              3.95040737850800             -2.23662584795756    
          68.2625043332001              14.3093639811166            -0.970399154190015    
          67.9539106207938              13.8791080942972            -0.962279623461460    
          67.6444776727284              13.4506556069988            -0.953939556454184    
          67.3342436351608              13.0240294074850            -0.945380383880615    
          67.0232695426918              12.5992342642157            -0.936606874129701    
          66.7116088007612              12.1762444280832            -0.927627550569055    
          66.3993453325968              11.7549998177158            -0.918456062508365    
          66.0865554322442              11.3354002974347            -0.909114105863363    
          65.7757033943968              10.9158608607209            -0.900784176962461    
          65.4896697734179              10.4844319690874            -0.904148798041993    
          65.2398299984344              10.0391957839945            -0.923691547981473    
          65.0595474157936              9.57291201096202            -0.972954777428522    
          64.8790664750822              9.10748177996857             -1.02217407740800    
          64.7052154855637              8.64414868244700             -1.07167477432985    
          64.5438690810442              8.18391884476514             -1.12173337796014    
          64.3892365489178              7.72537558354450             -1.17209871694194    
          64.2345734996143              7.26701304618142             -1.22247241027767    
          64.1138154734150              6.80776359191006             -1.28117859936035    
          64.1864473248719              6.38086324074832             -1.38072862674817    
          64.4287416343079              6.03323181107578             -1.50735417238675    
          64.6710130448997              5.68572244676077             -1.63399735229115    
          64.9132615621361              5.33833037854675             -1.76065971550870    
          65.1554871899733              4.99108946155481             -1.88735664196307    
          65.3962021989583              4.64406645348175             -2.01423452433771    
          65.6055756584438              4.29332792571158             -2.14186759746164    
          65.8959504023710              3.95040737850800             -2.27618164028726    
          68.3589169878754              14.3093639811166            -0.970636085781743    
          68.0794217833686              13.8874842157452            -0.962779651127934    
          67.7995069600201              13.4665066276206            -0.954812888882445    
          67.5191877759686              13.0464417072446            -0.946736633629510    
          67.2385023777539              12.6272923157332            -0.938553150332596    
          66.9574736533393              12.2090451017495            -0.930266790031304    
          66.6761397496879              11.7916714551798            -0.921884347508010    
          66.3945540727766              11.3751179703916            -0.913418220362073    
          66.1151732880818              10.9578349268209            -0.906063481454146    
          65.8613280848115              10.5277049393084            -0.910712341622176    
          65.6445998861862              10.0828578530378            -0.931928309330013    
          65.4990081667124              9.61599138470984            -0.983518916888140    
          65.3533172713817              9.14955121233979             -1.03508765108783    
          65.2109375398071              8.68416008544450             -1.08679789251703    
          65.0748139172500              8.22032059044011             -1.13878864257476    
          64.9420396014378              7.75732510080852             -1.19093366041167    
          64.8092576537091              7.29441973613784             -1.24308297974437    
          64.7111055188316              6.83052541162778             -1.30373585979546    
          64.8103868385983              6.39958100510186             -1.40608718832919    
          65.0828859153638              6.04948718874158             -1.53605524363715    
          65.3553697249132              5.69945440256491             -1.66603211084863    
          65.6278382719905              5.34948073830075             -1.79601862435218    
          65.9002991889852              4.99958240805889             -1.92602241593308    
          66.1720047970205              4.64979279091897             -2.05611656484748    
          66.4280396313472              4.29814493474132             -2.18658443556803    
          66.7245712945527              3.95040737850800             -2.32040185329582    
          68.4553143843696              14.3093639811166            -0.972034710911102    
          68.2049024292193              13.8958612908681            -0.964690102107171    
          67.9544904720246              13.4823576482446            -0.957345434011822    
          67.7040708829064              13.0688540070086            -0.950000825865803    
          67.4536589203619              12.6553503672579            -0.942656158396843    
          67.2032469549075              12.2418476827753            -0.935311491083265    
          66.9528273572747              11.8283440463327            -0.927966883368289    
          66.7024230160084              11.4148365970413            -0.920625255707231    
          66.4545058555805              10.9998118539660            -0.914494495896000    
          66.2328338119039              10.5709798169040            -0.920676086166813    
          66.0491943019445              10.1265227831325            -0.943812929000870    
          65.9382705572980              9.65907361951083            -0.997979765405885    
          65.8273544478529              9.19162445943877             -1.05214660582803    
          65.7164307142039              8.72417530316801             -1.10631351386385    
          65.6055069838474              8.25672710450926             -1.16048031344423    
          65.4945832533175              7.78927795594602             -1.21464724388014    
          65.3836595175562              7.32182928711889             -1.26881406497687    
          65.3080980142477              6.85329009235752             -1.33165360421000    
          65.4340211731191              6.41830115362995             -1.43703964535233    
          65.7366945005768              6.06574495058226             -1.57059244314376    
          66.0393754509691              5.71318874254558             -1.70414523066841    
          66.3420563987167              5.36063252855974             -1.83769812769503    
          66.6447297164608              5.00807630823384             -1.97125089862765    
          66.9474106641641              4.65551960519209             -2.10480378606021    
          67.2500839841608              4.30296337428194             -2.23835655575151    
          67.5527649364341              3.95040737850800             -2.37190932994225    
 zone  i=          12  j=          51 k=           1                                                
          26.1859606780300              3.90137659675851             0.448332936261588    
          26.1733416473606              3.58420382409428             0.141089325887408    
          26.1595572296717              3.27987299083749            -0.177327396533397    
          26.1399401375849              3.03975209685406            -0.551609641369007    
          26.1213148675405              2.78024657951636            -0.910158804150986    
          26.1046675194579              2.48197181569352             -1.23724177817195    
          26.0938490317148              2.13450080689569             -1.49961914297474    
          26.0888574967343              1.73783355307305             -1.69729113887450    
          26.0903414125757              1.31727031933340             -1.83203946905881    
          26.0950620996488             0.884759035937481             -1.93532620464415    
          26.0990675327398             0.443276627201268             -1.98215113407101    
          26.1029299144593            -0.741837556661462E-09         -2.01768372572542    
          27.0092066993932              3.92423450164357             0.347411308505531    
          26.9972495220931              3.60425506548422             0.494589368067914E-01
          26.9841498452952              3.29687104386468            -0.259503410907942    
          26.9653510079290              3.05242022997116            -0.623424778490572    
          26.9475191968395              2.78897556077425            -0.971911847457432    
          26.9316195311273              2.48752506139578             -1.28949158061513    
          26.9214209332115              2.13787824458615             -1.54361942796455    
          26.9169348469736              1.73996871072232             -1.73415651260552    
          26.9187868822473              1.31862382164843             -1.86282326412771    
          26.9238070239848             0.885544029133579             -1.96051920530179    
          26.9281100042526             0.443654878288885             -2.00254369721926    
          26.9322699329933            -0.741837737940065E-09         -2.03342581643155    
          27.8290309372974              3.93862044056765             0.220045483585177    
          27.8180388817456              3.61660347923873            -0.664795832513845E-01
          27.8059291216459              3.30693326183102            -0.363856094196902    
          27.7882575298067              3.05892738842246            -0.715265646497440    
          27.7715243538221              2.79231461306622             -1.05154878840685    
          27.7566775466214              2.48845894699665             -1.35748368607758    
          27.7473982925316              2.13739377801925             -1.60125213109121    
          27.7437266456877              1.73901372507506             -1.78251151778708    
          27.7462500689279              1.31765572297835             -1.90296081799650    
          27.7518767485659             0.884781745307848             -1.99291721749504    
          27.7567843591644             0.443258835214227             -2.02799562389048    
          27.7615508254539            -0.741837716472862E-09         -2.05207804638587    
          28.6479072235089              3.94669591641597             0.861049671711319E-01
          28.6379584907281              3.62321411133462            -0.188765395794332    
          28.6269149411215              3.31182894905765            -0.474328506822389    
          28.6104468889188              3.06084522752336            -0.812998553990668    
          28.5948886421859              2.79163869637593             -1.13684995985320    
          28.5811709876327              2.48595245240335             -1.43091197470484    
          28.5728911861156              2.13403302962983             -1.66409249319768    
          28.5701102726293              1.73575728481463             -1.83584649214438    
          28.5733794703844              1.31495885113824             -1.94785053191909    
          28.5796908891688             0.882867184453513             -2.02983981901202    
          28.5852813312631             0.442286146985587             -2.05774433058535    
          28.5907287215885            -0.741837790632291E-09         -2.07479960469943    
          29.4682769645594              3.95011531574301            -0.385062385589639E-01
          29.4592208735044              3.62559138304182            -0.303008575581232    
          29.4490966682416              3.31291279994554            -0.578041395716444    
          29.4336814752047              3.05937704587450            -0.905269232789416    
          29.4191493846360              2.78800042875896             -1.21797916431072    
          29.4064140169713              2.48090727670759             -1.50145873685866    
          29.3989829874767              2.12855083266140             -1.72531733135557    
          29.3969421267069              1.73080306580138             -1.88885709811592    
          29.4008121403118              1.31098643986087             -1.99370178769434    
          29.4076576175276             0.880102542128964             -2.06901964774787    
          29.4137783029738             0.440888090196105             -2.09104380398289    
          29.4197597512550            -0.741837615479430E-09         -2.10236797260797    
          30.2909488758458              3.95040737850800            -0.146986147421783    
          30.2825603586991              3.62512503629032            -0.403038967789442    
          30.2731285228950              3.31143627364797            -0.669455193277854    
          30.2585392145808              3.05563411250236            -0.987173947808464    
          30.2448101204694              2.78237231962608             -1.29066644284537    
          30.2328262505666              2.47415669286693             -1.56548713408707    
          30.2260265553089              2.12164313096666             -1.78191517898213    
          30.2244987726310              1.72470837148068             -1.93916534722921    
          30.2287426273894              1.30615750981181             -2.03876840605247    
          30.2358951883350             0.876767006498985             -2.10934626755707    
          30.2423229570527             0.439204378137563             -2.12741839743283    
          30.2486095811820            -0.741837746966048E-09         -2.13494288901704    
          31.1145477578073              3.95040737850800            -0.248227421598531    
          31.1067276317713              3.62439309123556            -0.496883380112415    
          31.0978889829112              3.30972061350954            -0.755733035703825    
          31.0840225625249              3.05167898658914             -1.06500337199068    
          31.0709934681288              2.77655824399628             -1.36033390928226    
          31.0596638212829              2.46724684541076             -1.62755143640330    
          31.0533924634260              2.11460263011937             -1.83758640984399    
          31.0522785766180              1.71850722326117             -1.98960341196765    
          31.0567951828929              1.30124870953626             -2.08501733849120    
          31.0641537379271             0.873378243919576             -2.15191473326344    
          31.0707855928534             0.437493992999667             -2.16709269964701    
          31.0772763031347            -0.741837875010325E-09         -2.17187704602278    
          31.9387569896738              3.95040737850800            -0.344383672815155    
          31.9314365895158              3.62366114618078            -0.586375607946156    
          31.9231224626533              3.30800495337109            -0.838389833409737    
          31.9099121730063              3.04772362225728             -1.13995013328924    
          31.8975144138492              2.77074416836635             -1.42785357805515    
          31.8867703255828              2.46033723637306             -1.68820274672014    
          31.8809605479228              2.10756212927198             -1.89256753346731    
          31.8801937997052              1.71230619425087             -2.04008641358664    
          31.8849164001548              1.29633990926071             -2.13204374854694    
          31.8924103772354             0.869989481340140             -2.19599858177391    
          31.8991776536064             0.435783637664061             -2.20901862093609    
          31.9058056926422            -0.741837741656092E-09         -2.21180072734448    
          32.7634583149560              3.95040737850800            -0.436202923279720    
          32.7565880489383              3.62292920112600            -0.672033673973602    
          32.7487488527437              3.30628929323263            -0.917714071659645    
          32.7361451027257              3.04376849634393             -1.21207091435048    
          32.7243271803978              2.76493033115489             -1.49305140204478    
          32.7141190596770              2.45342738891663             -1.74703646699784    
          32.7087250858365              2.10052162842447             -1.94622709644966    
          32.7082520703816              1.70610516524050             -2.08975234789166    
          32.7131272591290              1.29143122819441             -2.17875591574999    
          32.7207108817749             0.866600778365356             -2.24027411138923    
          32.7275620810196             0.434073312130804             -2.25164190895669    
          32.7342759502659            -0.741837720592831E-09         -2.25292746108312    
          33.5885773462728              3.95040737850800            -0.524227916775254    
          33.5821190673740              3.62219749448980            -0.754181141477441    
          33.5747223770232              3.30457363309416            -0.993810714155533    
          33.5626870195101              3.03981313201165             -1.28124972438524    
          33.5514184162654              2.75911625552473             -1.55559192596625    
          33.5417100233253              2.44651754146006             -1.80349731977706    
          33.5366937062365              2.09348112757686             -1.99779357554154    
          33.5364800912016              1.69990413623007             -2.13760963128364    
          33.5414773506193              1.28652254712807             -2.22394291153589    
          33.5491143791646             0.863212075390557             -2.28331033333940    
          33.5560151689918             0.432362986597530             -2.29331056118583    
          33.5627786288144            -0.741837920953392E-09         -2.29338542300889    
          34.4140664000478              3.95040737850800            -0.608684226954778    
          34.4080010350956              3.62146554943501            -0.832875410112556    
          34.4010201477783              3.30285797295566             -1.06656937351472    
          34.3895302943839              3.03585800609817             -1.34720713726985    
          34.3787843071220              2.75330217989445             -1.61502668495210    
          34.3695527535840              2.43960769400336             -1.85696815905937    
          34.3648912049293              2.08644062672913             -2.04648388542069    
          34.3649141020491              1.69370322642889             -2.18270697414979    
          34.3700105439104              1.28161386606171             -2.26648536122192    
          34.3776704607444             0.859823432020388             -2.32381788052044    
          34.3846017676732             0.430652690866578             -2.33256712543963    
          34.3913919298940            -0.741837595692740E-09         -2.33154740691728    
          35.2398873298504              3.95040737850800            -0.689844277444644    
          35.2341958055970              3.62073360438023            -0.908268412702335    
          35.2276154625449              3.30114231281714             -1.13602164077163    
          35.2166558542308              3.03190264176606             -1.40985303137444    
          35.2064134092007              2.74748810426405             -1.67114503680264    
          35.1976434360390              2.43269808496513             -1.90711758365427    
          35.1933213968655              2.07940036429989             -2.09184729640766    
          35.1935617325536              1.68750231662762             -2.22447217254502    
          35.1987382833220              1.27670530420461             -2.30569089789419    
          35.2064096443177             0.856434788650204             -2.36098350779451    
          35.2133485801763             0.428942395135617             -2.36847652467563    
          35.2201501860187            -0.741837627568284E-09         -2.36635745753782    
          36.0660058038726              3.95040737850800            -0.767922168888132    
          36.0606728617161              3.62000165932543            -0.980540990472368    
          36.0544778041302              3.29942689109721             -1.20231533616773    
          36.0440331818230              3.02794727743388             -1.46930220599125    
          36.0342828346316              2.74167402863353             -1.72402828302371    
          36.0259591827859              2.42578823750818             -1.95399363569629    
          36.0219613941151              2.07236010187054             -2.13389906809266    
          36.0224077241650              1.68130140682629             -2.26288758429691    
          36.0276491249978              1.27179674234749             -2.34150802393949    
          36.0353204860281             0.853046204884658             -2.39472281578369    
          36.0422556067480             0.427232129206978             -2.40092121932917    
          36.0490495827488            -0.741837796053302E-09         -2.39766441828552    
          36.8923913049423              3.95040737850800            -0.843131108005720    
          36.8874016862628              3.61926971427063             -1.04997751806414    
          36.8815766553393              3.29771123095866             -1.26580558505448    
          36.8716317599503              3.02399215152021             -1.52598095445412    
          36.8623582514876              2.73585995300291             -1.77417400414269    
          36.8544618471799              2.41887839005109             -1.99816506369394    
          36.8507730500212              2.06531960102250             -2.17327840169931    
          36.8514063008300              1.67510061623421             -2.29866345938257    
          36.8567011075900              1.26688818049033             -2.37471851492176    
          36.8643495804473             0.849657621119117             -2.42588815196674    
          36.8712656272861             0.425521863278341             -2.43082508246554    
          36.8780405294007            -0.741837788247046E-09         -2.42646368781516    
          37.7190133158363              3.95040737850800            -0.915656168253223    
          37.7143517620312              3.61853800763441             -1.11692459749488    
          37.7088738695960              3.29599557082011             -1.32700045843321    
          37.6994096273475              3.02003678718789             -1.58056018770149    
          37.6905900691119              2.73004587737215             -1.82241535499431    
          37.6831018385648              2.41196830417529             -2.04062702795880    
          37.6797029592368              2.05827933859296             -2.21114043644878    
          37.6805078719140              1.66889982564206             -2.33311706169149    
          37.6858293816994              1.26197973784244             -2.40680104413918    
          37.6934397075984             0.846269096958198             -2.45612150640021    
          37.7003137924583             0.423811627152031             -2.45999222880237    
          37.7070467325887            -0.741837703923222E-09         -2.45472174392719    
          38.5458680221564              3.95040737850800            -0.985497112339129    
          38.5415040158817              3.61780606257960             -1.18160383992471    
          38.5363503738078              3.29428014910012             -1.38634317752733    
          38.5273324521643              3.01608142285550             -1.63370616758424    
          38.5189439556787              2.72423180174130             -1.86964080360146    
          38.5118371957420              2.40505845671795             -2.08249067952675    
          38.5087015311943              2.05123931458188             -2.24881626456835    
          38.5096514027890              1.66269903504984             -2.36780192802921    
          38.5149729127375              1.25707141440382             -2.43953159296902    
          38.5225183888415             0.842880572797278             -2.48742130503433    
          38.5293238089777             0.422101391025734             -2.49064424410989    
          38.5359880843782            -0.741837731526332E-09         -2.48488333221386    
          39.3729477947739              3.95040737850800             -1.05263355671472    
          39.3688431893595              3.61707411752479             -1.24421456446199    
          39.3639756507909              3.29256448896154             -1.44425228729839    
          39.3553773466534              3.01212629694163             -1.68605821469340    
          39.3473817646873              2.71841748769173             -1.91670985015341    
          39.3406221428491              2.39814860926048             -2.12483545977353    
          39.3377115459741              2.04419905215213             -2.28760359968432    
          39.3387644147851              1.65649824445757             -2.40423630924089    
          39.3440592220767              1.25216297175587             -2.47464775737381    
          39.3514978868034             0.839492048636331             -2.52174591946142    
          39.3582003101247             0.420391214504043             -2.52495908350444    
          39.3647615887017            -0.741813643283199E-09         -2.51934718340976    
          40.2002450045430              3.95040737850800             -1.11703540238594    
          40.1963578386914              3.61634217246996             -1.30489565115378    
          40.1917306274133              3.29084882882293             -1.50103546800781    
          40.1835023495445              3.00817093260911             -1.73809376333475    
          40.1758539055162              2.71260341206064             -1.96426944460585    
          40.1693956452095              2.39123876180290             -2.16847747667337    
          40.1666681542356              2.03715902814085             -2.32848687330705    
          40.1677820585933              1.65029757307454             -2.44357367561523    
          40.1729967575595              1.24725464831717             -2.51347204641139    
          40.1802904640543             0.836103584080049             -2.56058785118098    
          40.1868441144056             0.418681008180061             -2.56459947932997    
          40.1932566199969            -0.741813624416388E-09         -2.55994530702895    
          41.0277520222894              3.95040737850800             -1.17868292145982    
          41.0240250758523              3.61561022741514             -1.36369621479209    
          41.0195924155965              3.28913340710291             -1.55681085634055    
          41.0116807581238              3.00421556827652             -1.79000009171675    
          41.0043260461295              2.70678933642945             -2.01257576831457    
          40.9981195561534              2.38432891434518             -2.21374264917166    
          40.9955217652549              2.03011900412949             -2.37186043059875    
          40.9966471141139              1.64409702090073             -2.48627775215012    
          41.0017282990889              1.24234644408775             -2.55653756487600    
          41.0088236417061             0.832715179128382             -2.60454863110053    
          41.0151751135139             0.416970861460713             -2.61023586540849    
          41.0213854405351            -0.741837743144236E-09         -2.60741751664390    
          41.8554574040206              3.95040737850800             -1.23760007503987    
          41.8518449008673              3.61487828236031             -1.42055903470341    
          41.8475495712574              3.28741774696427             -1.61144016941947    
          41.8399049430382              3.00026020394387             -1.84155678191745    
          41.8327943719082              2.70097502237954             -2.06132734119534    
          41.8267824317000              2.37741882846874             -2.26024736212773    
          41.8242685644596              2.02307898011801             -2.41726150155363    
          41.8253481373730              1.63789634951758             -2.53180422974011    
          41.8302500320615              1.23743812064902             -2.60321870293247    
          41.8370897904301             0.829326774176710             -2.65292134863191    
          41.8431933074693             0.415260684939023             -2.66107955351945    
          41.8491480502931            -0.741837727098044E-09         -2.66089310797599    
          42.6833535204787              3.95040737850800             -1.29374895420412    
          42.6798173138139              3.61414657572407             -1.47519753157180    
          42.6756249826121              3.28570232524420             -1.66438863434043    
          42.6682092365915              2.99630483961115             -1.89197884087574    
          42.6613084739437              2.69516094674812             -2.10948930764351    
          42.6554567511186              2.37050898101078             -2.30670773183728    
          42.6529848457960              2.01603895610645             -2.46315991614401    
          42.6539843104642              1.63169579734365             -2.57837331413064    
          42.6586687679166              1.23252991641955             -2.65148699573335    
          42.6652224244956             0.825938369225022             -2.70342719938129    
          42.6710322104788             0.413550568022010             -2.71460163811098    
          42.6767008516017            -0.741813550256959E-09         -2.71759307430837    
          43.5114251131360              3.95040737850775             -1.34729621324061    
          43.5079537589500              3.61341463066922             -1.52739832067147    
          43.5038529820323              3.28398666510554             -1.71506378100772    
          43.4966546740090              2.99234947527836             -1.94029173288096    
          43.4899484609237              2.68934663269798             -2.15570625840563    
          43.4842455112530              2.36359889513410             -2.35138783310472    
          43.4818079383421              2.00899893209477             -2.50744328630649    
          43.4827196652918              1.62549524516967             -2.62349138597693    
          43.4871752413763              1.22762183139934             -2.69846878470724    
          43.4934275373497             0.822550023877971             -2.75281057818105    
          43.4989359628912             0.411840451104964             -2.76716575948678    
          43.5043032435312            -0.741837699776149E-09         -2.77349910931895    
          44.3396531088357              3.95040737850786             -1.39829156215302    
          44.3362618658966              3.61268268561439             -1.57684835836987    
          44.3322679019494              3.28227124338545             -1.76278981212362    
          44.3253022905777              2.98839411094551             -1.98545464198469    
          44.3188020709947              2.68353255706633             -2.19857414700169    
          44.3132669678026              2.35668904767589             -2.39251883917038    
          44.3108713565496              2.00195890808300             -2.54798253491361    
          44.3117029750490              1.61929469299563             -2.66466601830083    
          44.3159449284592              1.22271374637910             -2.74130829298700    
          44.3219111225338             0.819161738135577             -2.79785140457903    
          44.3271334463713             0.410130334187938             -2.81518705674807    
          44.3322108105707            -0.741813576819912E-09         -2.82466181007465    
          45.1680336932798              3.95040737850792             -1.44685289867346    
          45.1647416349569              3.61195074055954             -1.62342688565513    
          45.1608773720027              3.28055582166534             -1.80720755032628    
          45.1541673453219              2.98443874661259             -2.02686866117427    
          45.1479036366638              2.67771824301599             -2.23725421754540    
          45.1425516385725              2.34977896179896             -2.42902357576442    
          45.1402285063917              1.99491912248973             -2.58346302294649    
          45.1410067191691              1.61309426003082             -2.70034296152667    
          45.1450579379601              1.21780566135884             -2.77821261407458    
          45.1507609182033             0.815773452393146             -2.83651644620217    
          45.1557200284299             0.408420247073225             -2.85639292529014    
          45.1605379936814            -0.741813506021510E-09         -2.86856919973098    
          45.9965439787258              3.95040737850796             -1.49307678206551    
          45.9933778077026              3.61121879550468             -1.66724476715941    
          45.9896585043295              3.27884016152664             -1.84844240401468    
          45.9832231356948              2.98048338227961             -2.06467398104623    
          45.9772111966194              2.67190416738411             -2.27190120440825    
          45.9720690063689              2.34286887592193             -2.46107108260140    
          45.9698336119022              1.98787933689635             -2.61406785701045    
          45.9705774922992              1.60689382706596             -2.73071962753095    
          45.9744570498275              1.21289769554784             -2.80939346507553    
          45.9799158896088             0.812385166650717             -2.86903267903641    
          45.9846308596105             0.406710189760831             -2.89102512310284    
          45.9892046846107            -0.741813758735484E-09         -2.90547686459807    
          46.8251725215566              3.95040737850797             -1.53713809207218    
          46.8221284228656              3.61048685044983             -1.70877490608082    
          46.8185617082377              3.27712473980649             -1.88726506140599    
          46.8124048122435              2.97652777952798             -2.09994086299231    
          46.8066522720575              2.66608985333355             -2.30388434611025    
          46.8017160748594              2.33595879004475             -2.49032909848483    
          46.7995722327001              1.98083955130286             -2.64176089197747    
          46.8002894100016              1.60069351331034             -2.75805908666110    
          46.8039934914667              1.20798972973681             -2.83741193967803    
          46.8092158200893             0.808996940512932             -2.89826065060009    
          46.8136942791754             0.405000132448429             -2.92224317465339    
          46.8180239638495            -0.741813559992332E-09         -2.93884425975636    
          47.6539078781522              3.95040737850799             -1.57916056761750    
          47.6509744072863              3.60975514381355             -1.74859701703693    
          47.6475412075949              3.27540931808634             -1.92471002063419    
          47.6416475253919              2.97257241519486             -2.13416180739731    
          47.6361314959013              2.66027553928287             -2.33515295325434    
          47.6313936623535              2.32904894258605             -2.51920398267132    
          47.6293261136747              1.97379976570930             -2.66940124418071    
          47.6299936996387              1.59449308034536             -2.78567726539293    
          47.6335146755800              1.20308176392577             -2.86604077444772    
          47.6384814195025             0.805608714375121             -2.92843014594413    
          47.6427004794248             0.403290104938350             -2.95473391342425    
          47.6467745796294            -0.741813508189915E-09         -2.97381645920424    
          48.4827386044476              3.95040737850799             -1.61926639778785    
          48.4798776137081              3.60902319875869             -1.78724539546283    
          48.4765435962554              3.27369389636617             -1.96172416023276    
          48.4708787955285              2.96861705086168             -2.16869746805336    
          48.4655687592156              2.65446122523209             -2.36748109738465    
          48.4609873277485              2.32213885670865             -2.54988370143824    
          48.4589617403434              1.96676009932492             -2.69958719841788    
          48.4595492174219              1.58829276658963             -2.81658586648099    
          48.4628527555556              1.19817391732398             -2.89870389793597    
          48.4675257678014             0.802220547841951             -2.96337970358982    
          48.4714549109287             0.401580077428289             -2.99275048778157    
          48.4752352796550            -0.741813612273323E-09         -3.01505955223157    
          49.3116494410632              3.95040737850799             -1.65759839470715    
          49.3088189680412              3.60829125370381             -1.82503177281349    
          49.3055345413517              3.27197847464598             -1.99878741573408    
          49.3000490309758              2.96466144810986             -2.20419777264499    
          49.2948953968179              2.64864691118120             -2.40168774466315    
          49.2904245911569              2.31522877083113             -2.58335530577833    
          49.2883913740399              1.95972043294045             -2.73347484426130    
          49.2888453365251              1.58209257204311             -2.85211025657133    
          49.2918780311099              1.19326607072216             -2.93689547708535    
          49.2962153500349             0.798832440913424             -3.00477276764462    
          49.2998049852794             0.399870079720522             -3.03812418852195    
          49.3032458461536            -0.741813570639960E-09         -3.06457506052261    
          50.1406403873355              3.95040737850800             -1.69428291954379    
          50.1377908402478              3.60755930864894             -1.86184015758217    
          50.1345216716384              3.27026281450720             -2.03554215821231    
          50.1291734898514              2.96070608377656             -2.24006095138020    
          50.1241381108870              2.64283259713020             -2.43692865337028    
          50.1197359694276              2.30831868495349             -2.61853232048605    
          50.1176569756898              1.95268088576518             -2.76973714200870    
          50.1179430913558              1.57589225828727             -2.89068044734510    
          50.1206667954441              1.18835834332962             -2.97880376711973    
          50.1246226447124             0.795444333984883             -3.05055369113891    
          50.1278308103958             0.398160082012769             -3.08855713547475    
          50.1308940164512            -0.741813770133160E-09         -3.11982096336506    
          50.9696961837868              3.95040737850800             -1.72942237235618    
          50.9668313766249              3.60682736359406             -1.89716080993823    
          50.9635736509817              3.26854739278699             -2.07086698478357    
          50.9583666123460              2.95675071944320             -2.27455060042603    
          50.9534456738452              2.63701828307909             -2.47085277637641    
          50.9491121966134              2.30140859907573             -2.65245000884829    
          50.9469836115918              1.94564121938052             -2.80480043380000    
          50.9470980657706              1.56969206374065             -2.92810885307115    
          50.9495165940718              1.18345049672774             -3.01962773133536    
          50.9530909737022             0.792056227056336             -3.09530679433508    
          50.9559214845073             0.396450114107347             -3.13801900591514    
          50.9585994063471            -0.741813722645104E-09         -3.17415205663583    
          51.7988092003165              3.95040737850800             -1.76313107411036    
          51.7959749087484              3.60609541853918             -1.93038886097430    
          51.7927705873034              3.26683197106676             -2.10343831349700    
          51.7877390239055              2.95279511669118             -2.30562108689573    
          51.7829783021498              2.63120396902787             -2.50069469486768    
          51.7787592654904              2.29449851319785             -2.68162173566076    
          51.7766230508514              1.93860179141436             -2.83446187490200    
          51.7766116199101              1.56349198840327             -2.95947165118514    
          51.7787593046882              1.17854288854443             -3.05372423832706    
          51.7819979910443             0.788668179732425             -3.13266749125603    
          51.7844889939108             0.394740176004226             -3.17942375933291    
          51.7868274078804            -0.741813621272201E-09         -3.21976108372293    
          52.6279794362043              3.95040737850800             -1.79550248414610    
          52.6252252505969              3.60536371190287             -1.96107918217508    
          52.6221277386462              3.26511654934652             -2.13227290480168    
          52.6173365000907              2.94883975235769             -2.33174819913525    
          52.6127894006969              2.62538965497655             -2.52438970194652    
          52.6087343955987              2.28758842731987             -2.70344325249921    
          52.6066515864533              1.93156236344811             -2.85558053645702    
          52.6065638614238              1.55729191306583             -2.98108789460485    
          52.6085017377976              1.17363528036110             -3.07687279969032    
          52.6114581366140             0.785280192013163             -3.15787408328389    
          52.6136668519470             0.393030267703447             -3.20746991745267    
          52.6157267931595            -0.741813654340368E-09         -3.25080559461731    
          53.4571954466287              3.95040737850800             -1.82661027307768    
          53.4545633279550              3.60463176684798             -1.98907870777220    
          53.4516107719777              3.26340112762625             -2.15699095651760    
          53.4470941902307              2.94488414960554             -2.35232516006650    
          53.4427988599662              2.61957534092512             -2.54110356880124    
          53.4389498479688              2.28067810302316             -2.71685287884264    
          53.4369509618061              1.92452293548175             -2.86686728629296    
          53.4368289042922              1.55109183772835             -2.99144099957052    
          53.4385913044738              1.16872779138704             -3.08732961856156    
          53.4413073773707             0.781892204293878             -3.16895579890958    
          53.4432681373731             0.391320389204965             -3.21995973417481    
          53.4450801233456            -0.741813527813974E-09         -3.26486039181001    
          54.2864496014654              3.95040737850800             -1.85660786257240    
          54.2839471784371              3.60389982179308             -2.01457471458534    
          54.2811510220198              3.26168570590598             -2.17781324295832    
          54.2769129114032              2.94092878527193             -2.36760707583546    
          54.2728769793892              2.61376102687359             -2.55112621022286    
          54.2692377750016              2.27376801714494             -2.72217462288562    
          54.2673342557787              1.91748362672461             -2.86867831870599    
          54.2671854950730              1.54489188160010             -2.99092173071660    
          54.2687800483661              1.16382018320365             -3.08551955313977    
          54.2712557952694             0.778504276179232             -3.16637230518602    
          54.2729800439423             0.389610510706504             -3.21738625496116    
          54.2745555186878            -0.741813600922235E-09         -3.26245356811832    
          55.1157419002586              3.95040737850800             -1.88566119171230    
          55.1133462842926              3.60316787673818             -2.03796071245353    
          55.1106874536028              3.25997028418569             -2.19536060619161    
          55.1067163695669              2.93697318251965             -2.37844390846143    
          55.1029207618600              2.60794671282197             -2.55553456213343    
          55.0994799205834              2.26685793126660             -2.72071382479518    
          55.0976526945055              1.91044419875807             -2.86254475555084    
          55.0974543421991              1.53869192547179             -2.98128913746032    
          55.0988696043424              1.15891269422954             -3.07342862686577    
          55.1010935810260             0.775116348064577             -3.15233803014957    
          55.1025622447610             0.387900632208012             -3.20219302782792    
          55.1038821346857            -0.741837711051851E-09         -3.24625731471892    
          55.9450608992639              3.95040737850800             -1.91391986906349    
          55.9427530168042              3.60243593168327             -2.05973475914556    
          55.9402048088409              3.25825510088397             -2.21047895709559    
          55.9364740481850              2.93301757976731             -2.38603132924657    
          55.9328920615100              2.60213239877021             -2.55587477137265    
          55.9296228800247              2.25994760696956             -2.71436543776902    
          55.9278452437896              1.90340489000074             -2.85070797192684    
          55.9275820407128              1.53249196934343             -2.96513387764052    
          55.9287874938136              1.15400520525539             -3.05399678029299    
          55.9307291824096             0.771728419949898             -3.13014267384785    
          55.9319193728184             0.386190753709536             -3.17801951251312    
          55.9329607895403            -0.741813520332979E-09         -3.22026037417693    
          56.7743989696295              3.95040737850800             -1.94154816616098    
          56.7721597473825              3.60170398662837             -2.08045427879989    
          56.7697069034591              3.25653967916364             -2.22411863403701    
          56.7661935778852              2.92906221543351             -2.39171449824449    
          56.7628137679459              2.59631784629979             -2.55388538919103    
          56.7596971724981              2.25303752109100             -2.70526235791850    
          56.7579538670413              1.89636570045261             -2.83569210929265    
          56.7575991100474              1.52629201321502             -2.94537443740634    
          56.7585794950879              1.14909783549051             -3.03053612889564    
          56.7602274512766             0.768340551439869             -3.10349317309659    
          56.7611200947202             0.384480905013381             -3.14896651343387    
          56.7618601498970            -0.741813477398573E-09         -3.18895884898724    
          57.6037561119199              3.95040737850800             -1.96870987764678    
          57.6015779209185              3.60097204157345             -2.10065094623846    
          57.5992128119464              3.25482425744331             -2.23717919206753    
          57.5959169215440              2.92510661268106             -2.39676251979653    
          57.5927278442414              2.59050353224784             -2.55120459243111    
          57.5897600200553              2.24612719679373             -2.69541135777047    
          57.5880434158765              1.88932639169510             -2.81987134372566    
          57.5875971048485              1.52009205708656             -2.92475382683623    
          57.5883447923319              1.14419046572559             -3.00615756299701    
          57.5896913866041             0.764952682929835             -3.07586972893677    
          57.5902788536285             0.382771086119552             -3.11888330383380    
          57.5907175471879            -0.741813559797938E-09         -3.15657108458046    
          58.4331170678971              3.95040737850800             -1.99563472076280    
          58.4310075381487              3.60024033493710             -2.12082210378285    
          58.4287377939892              3.25310883572296             -2.25042524100644    
          58.4256669684135              2.92115100992854             -2.40220870185823    
          58.4226800680027              2.58468897977721             -2.54913391040270    
          58.4198610151678              2.23921687249636             -2.68638242644224    
          58.4181825564061              1.88228720214677             -2.80508245519874    
          58.4176485060618              1.51389222016734             -2.90537680881006    
          58.4181673107002              1.13928309596066             -2.98323430515065    
          58.4192201724432             0.761564814419774             -3.04991402356710    
          58.4195139071653             0.381061267225717             -3.09068002545736    
          58.4196550538124            -0.741813557629534E-09         -3.12627568223675    
          59.2624818380648              3.95040737850800             -2.02258602957129    
          59.2604524144000              3.59950838988219             -2.14135565933471    
          59.2582856650222              3.25139341400260             -2.26436962026072    
          59.2554513487476              2.91719540717596             -2.40869081545069    
          59.2526742549099              2.57887466572505             -2.54843604579098    
          59.2500230471248              2.23230678661744             -2.67906343673548    
          59.2483903633359              1.87524801259837             -2.79233800978356    
          59.2477800178879              1.50769238324804             -2.88838159631556    
          59.2480851985693              1.13437584540500             -2.96302902311071    
          59.2488519572472             0.758177005514373             -3.02701365632498    
          59.2488634038394             0.379351448331894             -3.06586944755384    
          59.2487184477269            -0.741813580126729E-09         -3.09971010427207    
          60.0918351640618              3.95040737850800             -2.04972092242906    
          60.0899011060793              3.59877644482726             -2.16241636069951    
          60.0878526109043              3.24967823070080             -2.27918375344054    
          60.0852624337822              2.91323980442332             -2.41638719849379    
          60.0827065909720              2.57306011325420             -2.54929648928440    
          60.0802346726181              2.22539646231985             -2.67364655529976    
          60.0786553934272              1.86820894225918             -2.78183804218125    
          60.0779840118465              1.50149254632871             -2.87397466157747    
          60.0780870128099              1.12946859484932             -2.94575581867647    
          60.0785829273255             0.754789196608940             -3.00738988173224    
          60.0783159005916             0.377641659240378             -3.04467950045718    
          60.0779001005938            -0.741813729990574E-09         -3.07710967208209    
          60.9211732315585              3.95040737850800             -2.07743064450471    
          60.9193383547914              3.59804449977233             -2.18428816468366    
          60.9174157438643              3.24796280898041             -2.29504526268913    
          60.9150811504774              2.90928420167062             -2.42536818485933    
          60.9127580031855              2.56724579920186             -2.55167828651555    
          60.9104691892863              2.21848613802214             -2.66998801639062    
          60.9089585737456              1.86116987191989             -2.77333173685592    
          60.9082337856356              1.49529282861863             -2.86179837768087    
          60.9081422364411              1.12456134429359             -2.93094977668834    
          60.9083749363183             0.751401447308175             -2.99047025795689    
          60.9078446951560             0.375931899951187             -3.02643069244355    
          60.9071656807544            -0.741813584829456E-09         -3.05768760562857    
          61.7504807820475              3.95040737850800             -2.10601274224709    
          61.7487527167028              3.59731255471738             -2.20711293035177    
          61.7469636200443              3.24624762567836             -2.31194103496319    
          61.7448884255969              2.90532859891787             -2.43546449736324    
          61.7428056036406              2.56143124673080             -2.55525671144813    
          61.7407113386357              2.21157581372432             -2.66760716830549    
          61.7392693870215              1.85413080158053             -2.76618394695911    
          61.7384950072954              1.48909311090847             -2.85106167212199    
          61.7382165375048              1.11965421294714             -2.91766461422729    
          61.7381936522689             0.748013757612009             -2.97515257640540    
          61.7374040114760             0.374222140661990             -3.00986512762308    
          61.7364655974471            -0.741813625190205E-09         -3.04003032172258    
          62.5797463711652              3.95040737850800             -2.13582627369493    
          62.5781289324031              3.59658060966244             -2.23106899426782    
          62.5764771650968              3.24453220395799             -2.32986701644966    
          62.5746689994601              2.90137299616504             -2.44649088396972    
          62.5728265033409              2.55561669425966             -2.55966436022326    
          62.5709267877254              2.20466548942638             -2.66595493227898    
          62.5695649445626              1.84709185045035             -2.75966344203785    
          62.5687447882741              1.48289339319827             -2.84085187804339    
          62.5682832128481              1.11474708160068             -2.90480503592214    
          62.5680047427091             0.744626067915850             -2.96016034370173    
          62.5669633318085             0.372512411175103             -2.99352439930269    
          62.5657731476512            -0.741813757990095E-09         -3.02249678509645    
          63.4089509242509              3.95040737850800             -2.16718237432852    
          63.4074479268826              3.59584866460750             -2.25630465188694    
          63.4059373037422              3.24281678223758             -2.34881033146697    
          63.4043961671691              2.89741739341216             -2.45827067516772    
          63.4028016266027              2.54980214178841             -2.56456219999722    
          63.4010964607473              2.19775516512835             -2.66452943531755    
          63.3998147264119              1.84005289932010             -2.75310670110749    
          63.3989526086197              1.47669379469732             -2.83034239603626    
          63.3983117425555              1.10983995025417             -2.89138303293670    
          63.3977815024874             0.741238378219691             -2.94434199586070    
          63.3964921363334             0.370802681688224             -2.97609410361093    
          63.3950463674938            -0.741813520332979E-09         -3.00361070568011    
          64.2380829961552              3.95040737850800             -2.20055549649401    
          64.2366944400322              3.59511671955231             -2.28315392693057    
          64.2353211462445              3.24110159893573             -2.36896314454407    
          64.2340546681529              2.89346179065923             -2.47085608355106    
          64.2327042685460              2.54398758931707             -2.56986129930253    
          64.2312012820136              2.19084484083021             -2.66310084029470    
          64.2299958420081              1.83301394818975             -2.74614202772453    
          64.2290955776233              1.47049407698701             -2.81902062404216    
          64.2282792357999              1.10493293811695             -2.87674414396930    
          64.2275010406774             0.737850748128164             -2.92690288128843    
          64.2259599046573             0.369092982003670             -2.95663892188957    
          64.2242661806101            -0.741813752785925E-09         -2.98229514408600    
          65.0670929949536              3.95040737850800             -2.23662584795756    
          65.0658265090781              3.59438501291599             -2.31217209576822    
          65.0645981736964              3.23938617721528             -2.39075651585768    
          65.0635987244873              2.88950618790623             -2.48455252251171    
          65.0625000951207              2.53817303684563             -2.57574166313319    
          65.0612031025746              2.18393427811336             -2.66172422062695    
          65.0600815863186              1.82597511626862             -2.73869980215784    
          65.0591431754092              1.46429459769524             -2.80669153394772    
          65.0581437284954              1.10002592597968             -2.86056888623559    
          65.0571213930913             0.734463118036628             -2.90739763203466    
          65.0553361166029             0.367383312121456             -2.93458831632992    
          65.0533906226578            -0.741813582783024E-09         -2.95785510790921    
          65.8959504023711              3.95040737850800             -2.27618164028726    
          65.8948059861231              3.59365306786107             -2.34403984315418    
          65.8937226085851              3.23767099391339             -2.41476336487958    
          65.8930054466058              2.88555034673458             -2.49982538458207    
          65.8921585871332              2.53235848437409             -2.58256163388262    
          65.8910675883175              2.17702395381500             -2.66064967645338    
          65.8900299956393              1.81893628434740             -2.73092164387459    
          65.8890610674986              1.45809499919413             -2.79338969507188    
          65.8878937742042              1.09511903305170             -2.84278334842476    
          65.8866272984688             0.731075547549718             -2.88564528668266    
          65.8845978814101             0.365673642239209             -2.90965379861863    
          65.8824082468708            -0.741813606852312E-09         -2.92989410510848    
          66.7245712945528              3.95040737850800             -2.32040185329582    
          66.7235565765033              3.59292112280612             -2.37981264808575    
          66.7226334148242              3.23595581061148             -2.44191519290448    
          66.7221985393904              2.88159474398145             -2.51748267011799    
          66.7216110786086              2.52654393190244             -2.59100475725021    
          66.7207413318061              2.17011362951652             -2.66043725245935    
          66.7198029210891              1.81189745242610             -2.72324314285895    
          66.7188034754050              1.45189551990225             -2.77942624269615    
          66.7174759648603              1.09021214012368             -2.82357540322973    
          66.7159806073630             0.727687977062807             -2.86170997850720    
          66.7137146788809             0.363963972356984             -2.88177552423996    
          66.7112961623069            -0.741813739667078E-09         -2.89822879021898    
          67.5527649364341              3.95040737850797             -2.37190932994225    
          67.5519104331919              3.59218917775116             -2.42193978488124    
          67.5511703746126              3.23424038889098             -2.47448818239472    
          67.5510483023941              2.87763914122827             -2.53962675439955    
          67.5507583864274              2.52072937943069             -2.60299983970162    
          67.5501251496542              2.16320306679937             -2.66284194783467    
          67.5493164378048              1.80485873971400             -2.71724477573897    
          67.5483246209809              1.44569604061033             -2.76620832296105    
          67.5468597808701              1.08530536640493             -2.80417791263840    
          67.5451584293491             0.724300466180544             -2.83665052376121    
          67.5426865065807             0.362254362079392             -2.85183921743421    
          67.5400619957379            -0.741813594817668E-09         -2.86357108021494    
 zone  i=          12  j=          12 k=           1                                                
          67.5566176546885            -0.741813643877817E-09         -2.22273167729223    
          67.5573271924440             0.359401057841824             -2.22940453927935    
          67.5578154787824             0.718762300438330             -2.23744520937672    
          67.5572432816280              1.07792452301440             -2.25232444100022    
          67.5565413859304              1.43704788322708             -2.26809011382252    
          67.5555877217274              1.79609328039097             -2.28562842996888    
          67.5549926399711              2.15523130295549             -2.30092418198646    
          67.5547408821586              2.51446183164575             -2.31397760861165    
          67.5550537006494              2.87381562237148             -2.32251610415847    
          67.5556335497499              3.23323092460132             -2.32879701639916    
          67.5543823480780              3.59189425396201             -2.34896462229602    
          67.5527649364341              3.95040737850798             -2.37190932994225    
          67.9015501963756            -0.741813662390569E-09         -2.26301583928893    
          67.9021986987777             0.331395784809809             -2.26916871006792    
          67.9026488378415             0.662754853829700             -2.27658257731419    
          67.9021224165775             0.993930429858712             -2.29030261720634    
          67.9014739260141              1.32507006417839             -2.30483971830518    
          67.9005965549375              1.65613799397371             -2.32101141812768    
          67.9000472485187              1.98729115824431             -2.33511531434988    
          67.8998183775958              2.31852967615409             -2.34715140719311    
          67.9001006769035              2.64988191945545             -2.35502471269504    
          67.9006423771062              2.98129090602870             -2.36081614873446    
          67.8994827262491              3.31200633248496             -2.37941209586004    
          67.8979950130819              3.64258347556589             -2.40056913746031    
          68.2464751075530            -0.741813716885280E-09         -2.30329976335462    
          68.2470702039753             0.303390511777289             -2.30893264292956    
          68.2474898251400             0.606747407218624             -2.31572018417860    
          68.2470015503497             0.909936277091487             -2.32828055553423    
          68.2464140943014              1.21309236432367             -2.34158932338877    
          68.2456053869575              1.51618258831703             -2.35639440698824    
          68.2451018559029              1.81935101347816             -2.36930644757844    
          68.2448958719262              2.12259752056695             -2.38032544530927    
          68.2451552815335              2.42594821637938             -2.38753308430323    
          68.2456435741324              2.72935088719492             -2.39283528308476    
          68.2445907327704              3.03211864900469             -2.40985981046268    
          68.2432250879767              3.33475933331596             -2.42922894774235    
          68.5914076469913            -0.741813762062630E-09         -2.34358368791576    
          68.5919493374127             0.275385208941966             -2.34869657629256    
          68.5923231818714             0.550739960605189             -2.35485755314386    
          68.5918806829255             0.825942183922411             -2.36625873283317    
          68.5913466319849              1.10111454524547             -2.37833892908325    
          68.5906142177665              1.37622730184232             -2.39177715813470    
          68.5901564621009              1.65141098787255             -2.40349734323941    
          68.5899657357327              1.92666548410650             -2.41349924607711    
          68.5902022557349              2.20201451316813             -2.42004169572153    
          68.5906523996353              2.47741062972719             -2.42485441927548    
          68.5896911089926              2.75223072677049             -2.44030752745106    
          68.5884551617533              3.02693542895754             -2.45788852259802    
          68.9363325558879            -0.741813725328505E-09         -2.38386761298092    
          68.9368208402870             0.247379950809666             -2.38846074858616    
          68.9371565374147             0.494732484187134             -2.39399516105947    
          68.9367598142904             0.741948031142527             -2.40423667227926    
          68.9362791684443             0.989136845363409             -2.41508853540026    
          68.9356230473504              1.23627201534281             -2.42716014840944    
          68.9352110670982              1.48347084301442             -2.43768847816007    
          68.9350432277888              1.73073344757440             -2.44667328629577    
          68.9352568582861              1.97808080984242             -2.45255030844557    
          68.9356535948382              2.22547061050012             -2.45687355714897    
          68.9347914843930              2.47234280426564             -2.47075524658400    
          68.9336776053078              2.71911152419478             -2.48654833858029    
          69.2812650930193            -0.741813675563625E-09         -2.42415177697864    
          69.2816923419802             0.219374662874567             -2.42822468298509    
          69.2819898917585             0.438725037569215             -2.43313253110179    
          69.2816389444343             0.657953937961482             -2.44221485072449    
          69.2812117036709             0.877159085864518             -2.45183790393456    
          69.2806318757017              1.09631660961150             -2.46254313940156    
          69.2802656708880              1.31553081732711             -2.47187961391615    
          69.2801207186942              1.53480141097998             -2.47984708909747    
          69.2803038303949              1.75414710641951             -2.48505892240265    
          69.2806624185347              1.97353059112554             -2.48889269656849    
          69.2798994884117              2.19245488154183             -2.50120272922641    
          69.2789076775829              2.41128761911253             -2.51520815696168    
          69.6261899995890            -0.741813715294552E-09         -2.46443570308262    
          69.6265638424843             0.191369389840163             -2.46798861792125    
          69.6268308742897             0.382717590949197             -2.47227014012306    
          69.6265257027461             0.573959844774950             -2.48019279134802    
          69.6261518670558             0.765181326354332             -2.48858751153860    
          69.6256407028198             0.956361323068995             -2.49792613112131    
          69.6253202734712              1.14759067239627             -2.50607051208751    
          69.6251905790570              1.33886925512200             -2.51302113129603    
          69.6253584308511              1.53021352212311             -2.51756753753304    
          69.6256636119408              1.72159045241895             -2.52091207583705    
          69.6249998622841              1.91256707784952             -2.53165045202965    
          69.6241377492615              2.10346371377706             -2.54386773904927    
          69.9711225343804            -0.741813521605222E-09         -2.50471962972408    
          69.9714429711891             0.163364116805310             -2.50775279182809    
          69.9716642262179             0.326710144327122             -2.51140751130237    
          69.9714048304379             0.489965691978552             -2.51817097100478    
          69.9710843998144             0.653203566833614             -2.52533711981062    
          69.9706495287110             0.816406036507862             -2.53330912358140    
          69.9703825042505             0.979650587039523             -2.54026164951380    
          69.9702680676741              1.14293721842592             -2.54619493603788    
          69.9704054008746              1.30627981854670             -2.55007615378866    
          69.9706724338488              1.46965043281919             -2.55293121802235    
          69.9701002354139              1.63267927401216             -2.56209817642069    
          69.9693678203745              1.79563968903067             -2.57252756144896    
          70.3160474386050            -0.741813446811366E-09         -2.54500355691676    
          70.3163144693072             0.135358843770023             -2.54751672788452    
          70.3164975769390             0.270702697703055             -2.55054512149496    
          70.3162839569093             0.405971568979534             -2.55614891287708    
          70.3160169313498             0.541225807303154             -2.56208672876942    
          70.3156583533887             0.676450690325087             -2.56869187837825    
          70.3154371044542             0.811710442050850             -2.57445278778221    
          70.3153455551690             0.947005122083729             -2.57936898014975    
          70.3154599992675              1.08234611490972             -2.58258477113249    
          70.3156812548726              1.21771029392428             -2.58495036146606    
          70.3152082372002              1.35279135084667             -2.59254590227415    
          70.3145978909289              1.48781578333209             -2.60118738555349    
          70.6609799710538            -0.741813604675014E-09         -2.58528772309491    
          70.6611859662371             0.107353563283710             -2.58728090294565    
          70.6613385558537             0.214695236175956             -2.58968249388323    
          70.6611630821715             0.321977445975877             -2.59412709382304    
          70.6609570910717             0.429248047763631             -2.59883633843549    
          70.6606671768733             0.536495403731487             -2.60407487236618    
          70.6604917034999             0.643770356642452             -2.60864368848337    
          70.6604154121722             0.751073025705208             -2.61254278678935    
          70.6605069672634             0.858412470825369             -2.61509338953659    
          70.6606824456309             0.965770274166449             -2.61696950610730    
          70.6603086088612              1.07290354679267             -2.62299339107134    
          70.6598279609227              1.17999175829424             -2.62984721121253    
          71.0059048729473            -0.741837717182041E-09         -2.62557165143799    
          71.0060650913822             0.793482827969402E-01         -2.62704484019375    
          71.0061719041872             0.158687774646985             -2.62882010532499    
          71.0060422062416             0.237983337868901             -2.63210503702776    
          71.0058896202146             0.317270288215652             -2.63558571041176    
          71.0056759991923             0.396540057519095             -2.63945786714547    
          71.0055463014186             0.475830271212206             -2.64283482846634    
          71.0054928975033             0.555140929294751             -2.64571683279380    
          71.0055615636775             0.634478767091578             -2.64760177056301    
          71.0056912649296             0.713830194743022             -2.64898865189943    
          71.0054089798002             0.793015623448471             -2.65344111957149    
          71.0050580303528             0.872167852360411             -2.65850679989003    
          71.3508374030853            -0.741813605038180E-09         -2.66585558038336    
          71.3509365859693             0.513430060350968E-01         -2.66680877806787    
          71.3510052513506             0.102680328017489             -2.66795747900532    
          71.3509213291429             0.153989214856675             -2.67008321935185    
          71.3508221482013             0.205292543561103             -2.67233532155842    
          71.3506848203799             0.256584741096241             -2.67484086273637    
          71.3506008982482             0.307890185762492             -2.67702596932658    
          71.3505703818069             0.359208832856368             -2.67889064132934    
          71.3506085297570             0.410545093121639             -2.68011039103596    
          71.3506924540055             0.461890145070539             -2.68100779880699    
          71.3505169794261             0.513127759642069             -2.68388884929639    
          71.3502880992208             0.564343886736610             -2.68716662833292    
 zone  i=          12  j=          12 k=           1                                                
          67.5527649364341              3.95040737850800             -2.37190932994225    
          67.5519104331919              3.59218917775116             -2.42193978488124    
          67.5511703746126              3.23424038889097             -2.47448818239472    
          67.5510483023941              2.87763914122827             -2.53962675439955    
          67.5507583864274              2.52072937943069             -2.60299983970162    
          67.5501251496542              2.16320306679937             -2.66284194783467    
          67.5493164378048              1.80485873971400             -2.71724477573897    
          67.5483246209809              1.44569604061033             -2.76620832296105    
          67.5468597808701              1.08530536640493             -2.80417791263840    
          67.5451584293491             0.724300466180544             -2.83665052376121    
          67.5426865065807             0.362254362079392             -2.85183921743421    
          67.5400619957379            -0.741813594817668E-09         -2.86357108021494    
          67.8979950130819              3.64258347556590             -2.40056913746031    
          67.8972015471145              3.31227836809054             -2.44670097584502    
          67.8965225257731              2.98222169218637             -2.49515477616338    
          67.8964157139674              2.65340741508306             -2.55521765758526    
          67.8961410578637              2.32430894267824             -2.61365261904266    
          67.8955612275017              1.99464184167404             -2.66883173780992    
          67.8948135511623              1.66422038404901             -2.71899524577472    
          67.8938980284451              1.33304445063770             -2.76414338102745    
          67.8925476293018              1.00073602880533             -2.79915443493196    
          67.8909759774710             0.667861481930494             -2.82909670992867    
          67.8887024189227             0.334026733913082             -2.84310189394262    
          67.8862839016768            -0.741813599425527E-09         -2.85391942157958    
          68.2432250879767              3.33475933331596             -2.42922894774235    
          68.2425002890318              3.03236755800788             -2.47146216913035    
          68.2418823048138              2.73020299522019             -2.51582137148652    
          68.2417754944276              2.42917592719549             -2.57080856171565    
          68.2415313568031              2.12788850582944             -2.62430516047662    
          68.2409973033261              1.82608061649302             -2.67482128957191    
          68.2403106623974              1.52358202835341             -2.72074571579796    
          68.2394714337086              1.22039286064951             -2.76207867734018    
          68.2382354754780             0.916166810408002             -2.79413095694408    
          68.2368011526851             0.611422438073309             -2.82154289573265    
          68.2347106995517             0.305799135548589             -2.83436457005189    
          68.2324981758880            -0.741813704999714E-09         -2.84426800094028    
          68.5884551617533              3.02693542895754             -2.45788852259801    
          68.5877990296916              2.75245674758972             -2.49622360297364    
          68.5872344529705              2.47818429803838             -2.53648796826577    
          68.5871352731479              2.20494420075349             -2.58639922835470    
          68.5869140244140              1.93146806889727             -2.63495794087507    
          68.5864333770695              1.65751927205341             -2.68081108002255    
          68.5858077714418              1.38294367263008             -2.72249642430857    
          68.5850448366950              1.10774115143757             -2.76001373515212    
          68.5839233193183             0.831597592004050             -2.78910747876905    
          68.5826186961197             0.554983453818371             -2.81398908126964    
          68.5807266071742             0.277571507381296             -2.82562700744063    
          68.5787200770800            -0.741813600347099E-09         -2.83461634155751    
          68.9336776053078              2.71911152419478             -2.48654833858029    
          68.9330901398022              2.47254569848222             -2.52098480034764    
          68.9325865996726              2.22616560067841             -2.55715456641900    
          68.9325026795278              1.98071259340576             -2.60199013433854    
          68.9322966900785              1.73504751268356             -2.64561072187078    
          68.9318618193132              1.48895804677930             -2.68680063240868    
          68.9313048782610              1.24230531688161             -2.72424689457359    
          68.9306258667570             0.995089501816911             -2.75794903141765    
          68.9296111607772             0.747028313989200             -2.78408400053160    
          68.9284438665158             0.498544469561090             -2.80643526666986    
          68.9267425123507             0.249343909015827             -2.81688968307790    
          68.9249343464224            -0.741813595115824E-09         -2.82496492040168    
          69.2789076775829              2.41128761911253             -2.51520815696168    
          69.2783888782277              2.19263488757430             -2.54574623792051    
          69.2779387449634              1.97414678396146             -2.57782116588209    
          69.2778624548085              1.75648098596037             -2.61758104126235    
          69.2776869832092              1.53862707561631             -2.65626326511148    
          69.2772978888551              1.32039670225703             -2.69279042366905    
          69.2768019828577              1.10166696111031             -2.72599736513697    
          69.2761992651039             0.882437852183860             -2.75588408944177    
          69.2753066292436             0.662459095573073             -2.77906028396661    
          69.2742614050801             0.442105455499256             -2.79888145209521    
          69.2727584150787             0.221116295748726             -2.80815235871022    
          69.2711562427039            -0.741813628780301E-09         -2.81531326080318    
          69.6241377492615              2.10346371377706             -2.54386773904927    
          69.6236799862370              1.91272407648851             -2.57050743871224    
          69.6232908888947              1.72212808633098             -2.59848776660867    
          69.6232298578292              1.53224937843185             -2.63317194915316    
          69.6230696450667              1.34220663849438             -2.66691604751303    
          69.6227339563458              1.15183547690940             -2.69877997708227    
          69.6222990852734             0.961028664922880             -2.72774783614163    
          69.6217726611695             0.769786202539331             -2.75381938622541    
          69.6209944659694             0.577889817546704             -2.77403680608926    
          69.6200865706419             0.385666471237609             -2.79132739931676    
          69.6187743154025             0.192888682481163             -2.79941503453159    
          69.6173781365791            -0.741813526004712E-09         -2.80566183979643    
          69.9693678203745              1.79563968903067             -2.57252756144896    
          69.9689787226651              1.63281326525766             -2.59526864102573    
          69.9686430315264              1.47010926938863             -2.61915436856853    
          69.9685896298733              1.30801777083231             -2.64876285804835    
          69.9684523051221              1.14578608211543             -2.67756883074471    
          69.9681700218649             0.983274191926291             -2.70476976961160    
          69.9678038149827             0.820390309111945             -2.72949830774323    
          69.9673460550369             0.657134612488788             -2.75175444511059    
          69.9666823004341             0.493320599119705             -2.76901332867723    
          69.9659117338972             0.329227486973857             -2.78377358538175    
          69.9647902134151             0.164661069213121             -2.79067747233893    
          69.9635923987522            -0.741813499672151E-09         -2.79601018076366    
          70.3145978909289              1.48781578333210             -2.60118738555349    
          70.3142774581618              1.35290245390794             -2.62003008318865    
          70.3139951729275              1.21809057156962             -2.63982097174524    
          70.3139494004241              1.08378616317197             -2.66435376799312    
          70.3138425928716             0.949365644903999             -2.68822137648116    
          70.3136060855239             0.814712906915622             -2.71075932455111    
          70.3133009133167             0.679752012888445             -2.73124878010351    
          70.3129270762247             0.544482962823688             -2.74968950470312    
          70.3123701327680             0.408751350885360             -2.76398985193624    
          70.3117292655886             0.272788472905799             -2.77621977209244    
          70.3107984798634             0.136433455944655             -2.78194014919649    
          70.3098142881563            -0.741813716617618E-09         -2.78635876077367    
          70.6598279609227              1.17999175829424             -2.62984721121253    
          70.6595685633773              1.07299152325108             -2.64479128829445    
          70.6593473131755             0.966071814073702             -2.66048757613346    
          70.6593167989811             0.859554555459439             -2.67994444061873    
          70.6592252496533             0.752945148051357             -2.69887416165365    
          70.6590345180693             0.646151621880365             -2.71674911886870    
          70.6587980098207             0.539113657044657             -2.73299925338348    
          70.6585004661073             0.431831313149414             -2.74762480360769    
          70.6580579631408             0.324182102646289             -2.75896637607130    
          70.6575544246819             0.216349488638127             -2.76866595966947    
          70.6568143737171             0.108205842675726             -2.77320282691271    
          70.6560285461907            -0.741813662078861E-09         -2.77670710322044    
          71.0050580303529             0.872167852360496             -2.65850679988997    
          71.0048672971472             0.793080711722594             -2.66955249471088    
          71.0047070817497             0.714053116121417             -2.68115418173624    
          71.0046765668753             0.635322947701932             -2.69553535281322    
          71.0046155343983             0.556524710771229             -2.70952694793494    
          71.0044705784520             0.477590307020726             -2.72273867585208    
          71.0042951046735             0.398475301186532             -2.73474972773581    
          71.0040738542702             0.319179663466541             -2.74555986516344    
          71.0037534211482             0.239612854402673             -2.75394290127650    
          71.0033719526007             0.159910489467383             -2.76111214832097    
          71.0028302657970             0.799782294063483E-01         -2.76446550570199    
          71.0022504318623            -0.741861424289358E-09         -2.76705568516003    
          71.3502880992208             0.564343886736610             -2.68716662833292    
          71.3501584007363             0.513169900127239             -2.69431394081974    
          71.3500592199548             0.462034358513103             -2.70182078856171    
          71.3500363336288             0.411091310103548             -2.71112626620755    
          71.3499981884760             0.360104213858382             -2.72017949699023    
          71.3499066374577             0.309029021943786             -2.72872847245159    
          71.3497921980729             0.257836975117818             -2.73650020329812    
          71.3496472409267             0.206528013775848             -2.74349516636561    
          71.3494412482260             0.155043621056091             -2.74891942772486    
          71.3491971083649             0.103471490294931             -2.75355833823277    
          71.3488461563392             0.517506198618885E-01         -2.75572818575537    
          71.3484723160172            -0.741837736638917E-09         -2.75740402994983    
 zone  i=           2  j=          12 k=           1                                                
          71.3502880992208             0.564343886736609             -2.68716662833292    
          71.3502880992208             0.564343886736609             -2.68716662833292    
          71.3505169794261             0.513127759642069             -2.68388884929639    
          71.3501584007363             0.513169900127239             -2.69431394081974    
          71.3506924540055             0.461890145070539             -2.68100779880699    
          71.3500592199547             0.462034358513125             -2.70182078856171    
          71.3506085297570             0.410545093121639             -2.68011039103596    
          71.3500363336288             0.411091310103548             -2.71112626620755    
          71.3505703818069             0.359208832856368             -2.67889064132934    
          71.3499981884761             0.360104213858382             -2.72017949699023    
          71.3506008982482             0.307890185762492             -2.67702596932658    
          71.3499066374577             0.309029021943786             -2.72872847245159    
          71.3506848203799             0.256584741096217             -2.67484086273637    
          71.3497921980730             0.257836975117818             -2.73650020329810    
          71.3508221482014             0.205292543561103             -2.67233532155841    
          71.3496472409267             0.206528013775848             -2.74349516636556    
          71.3509213291428             0.153989214856675             -2.67008321935179    
          71.3494412482260             0.155043621056091             -2.74891942772475    
          71.3510052513507             0.102680328017489             -2.66795747900519    
          71.3491971083650             0.103471490294931             -2.75355833823255    
          71.3509365859693             0.513430060350969E-01         -2.66680877806765    
          71.3488461563392             0.517506198618886E-01         -2.75572818575506    
          71.3508374030853            -0.741837789150513E-09         -2.66585558038306    
          71.3484723160171            -0.741813791193681E-09         -2.75740402994983    
