$TITLE Tu144  
2Ma_AOA0            
Created by PANIN
$DATACHECK
0.
$symmetry - xz plane
        1.        0.
$mach number
     1.800
$cases - no. of solutions
1.
$angles-of-attack
   4.50000
   4.50000
$printout options
0.        0.        0.        1.        0.        0.
.0        0.        0.        0.        0.
$references for accumulated forces and moments
0.        0.        0.
300.600000        1.        1.        0.
$points - wing-body  with composite panels
1.
1.
         8        37                                                           1
   0.00011  -0.00000   0.00316   0.00011  -0.00000   0.00316
   0.00011  -0.00000   0.00316   0.00011  -0.00000   0.00316
   0.00011  -0.00000   0.00316   0.00011  -0.00000   0.00316
   0.00011  -0.00000   0.00316   0.00011  -0.00000   0.00316
   0.58911  -0.00000   0.12323   0.54240   0.07650   0.11414
   0.49588   0.15314   0.10344   0.44971   0.22985   0.09009
   0.40379   0.30621   0.07426   0.35797   0.38219   0.05700
   0.31256   0.45817   0.03820   0.26811   0.53338   0.01592
   1.18585  -0.00000   0.19553   1.13429   0.10987   0.18858
   1.08296   0.22028   0.17956   1.03169   0.33093   0.16755
   0.98018   0.44170   0.15275   0.92856   0.55451   0.13125
   0.87911   0.66613   0.09329   0.83407   0.76455   0.04130
   1.78343  -0.00000   0.26142   1.73159   0.12958   0.25330
   1.68024   0.26003   0.24139   1.62919   0.39054   0.22564
   1.57830   0.52171   0.20632   1.52787   0.65321   0.18089
   1.47687   0.78941   0.13905   1.43295   0.89988   0.06769
   2.38124  -0.00000   0.32519   2.33008   0.14530   0.31691
   2.27953   0.29180   0.30353   2.22928   0.43859   0.28517
   2.17921   0.58709   0.25962   2.13000   0.73431   0.22291
   2.08120   0.88177   0.17749   2.03761   1.00714   0.09421
   2.97925  -0.00000   0.38705   2.92910   0.15878   0.37832
   2.87973   0.31905   0.36305   2.83075   0.47995   0.34154
   2.78222   0.64257   0.30989   2.73425   0.80395   0.26519
   2.68778   0.95867   0.21174   2.64490   1.09848   0.12077
   3.57742  -0.00000   0.44735   3.52853   0.17071   0.43828
   3.48056   0.34319   0.42132   3.43304   0.51685   0.39656
   3.38612   0.69192   0.35841   3.34001   0.86418   0.30584
   3.29526   1.02850   0.24337   3.25373   1.17890   0.14735
   4.17575  -0.00000   0.50606   4.12826   0.18156   0.49665
   4.08183   0.36512   0.47807   4.03594   0.55054   0.44991
   3.99074   0.73662   0.40580   3.94640   0.91873   0.34529
   3.90329   1.09361   0.27439   3.86352   1.25166   0.17395
   4.77423  -0.00000   0.56317   4.72826   0.19161   0.55344
   4.68345   0.38549   0.53336   4.63927   0.58178   0.50175
   4.59584   0.77817   0.45187   4.55328   0.96947   0.38417
   4.51194   1.15352   0.30565   4.47395   1.31889   0.20056
   5.37287  -0.00000   0.61863   5.32850   0.20098   0.60860
   5.28538   0.40449   0.58712   5.24296   0.61086   0.55218
   5.20135   0.81694   0.49682   5.16059   1.01666   0.42254
   5.12112   1.20861   0.33705   5.08488   1.38141   0.22715
   5.97166  -0.00000   0.67238   5.92896   0.20976   0.66210
   5.88759   0.42232   0.63932   5.84697   0.63807   0.60127
   5.80717   0.85314   0.54080   5.76822   1.06094   0.46037
   5.73071   1.25951   0.36852   5.69621   1.43996   0.25370
   6.57061  -0.00000   0.72440   6.52962   0.21813   0.71388
   6.49004   0.43930   0.68993   6.45123   0.66388   0.64900
   6.41323   0.88728   0.58397   6.37610   1.10318   0.49759
   6.34054   1.30802   0.39938   6.30780   1.49571   0.28030
   7.16970  -0.00000   0.77466   7.13046   0.22628   0.76393
   7.09268   0.45581   0.73889   7.05568   0.68886   0.69533
   7.01946   0.92038   0.62616   6.98414   1.14421   0.53397
   6.95053   1.35529   0.42935   6.91950   1.55008   0.30707
   7.76894  -0.00000   0.82316   7.73146   0.23440   0.81221
   7.69548   0.47224   0.78615   7.66027   0.71358   0.74017
   7.62580   0.95326   0.66715   7.59229   1.18481   0.56925
   7.56059   1.40221   0.45816   7.53119   1.60446   0.33414
   8.36833  -0.00000   0.86990   8.33259   0.24258   0.85874
   8.29841   0.48877   0.83170   8.26497   0.73838   0.78350
   8.23222   0.98620   0.70687   8.20050   1.22528   0.60342
   8.17071   1.44879   0.48591   8.14281   1.65948   0.36157
   8.96784  -0.00000   0.91490   8.93386   0.25081   0.90353
   8.90147   0.50536   0.87556   8.86977   0.76323   0.82534
   8.83872   1.01916   0.74539   8.80876   1.26565   0.63656
   8.78085   1.49492   0.51301   8.75436   1.71505   0.38936
   9.56748  -0.00000   0.95817   9.53525   0.25908   0.94660
   9.50465   0.52198   0.91776   9.47466   0.78807   0.86575
   9.44529   1.05204   0.78280   9.41708   1.30597   0.66871
   9.39098   1.54074   0.53983   9.36585   1.77107   0.41752
  10.16724  -0.00000   0.99975  10.13676   0.26737   0.98798
  10.10793   0.53861   0.95835  10.07964   0.81285   0.90479
  10.05191   1.08486   0.81915  10.02545   1.34618   0.69989
  10.00108   1.58655   0.56675   9.97729   1.82751   0.44606
  10.76712  -0.00000   1.03967  10.73838   0.27570   1.02771
  10.71130   0.55523   0.99737  10.68469   0.83758   0.94251
  10.65859   1.11769   0.85446  10.63386   1.38628   0.73013
  10.61113   1.63284   0.59384  10.58867   1.88440   0.47497
  11.36710  -0.00000   1.07798  11.34008   0.28407   1.06583
  11.31476   0.57187   1.03487  11.28980   0.86223   0.97900
  11.26530   1.15053   0.88879  11.24231   1.42620   0.75949
  11.22112   1.67975   0.62109  11.19998   1.94177   0.50429
  11.96718  -0.00000   1.11472  11.94188   0.29249   1.10239
  11.91828   0.58854   1.07089  11.89495   0.88682   1.01433
  11.87205   1.18338   0.92219  11.85077   1.46581   0.78823
  11.83106   1.72729   0.64849  11.81122   1.99967   0.53401
  12.56735  -0.00000   1.14993  12.54375   0.30095   1.13742
  12.52187   0.60526   1.10550  12.50014   0.91150   1.04852
  12.47882   1.21623   0.95473  12.45921   1.50519   0.81657
  12.44095   1.77543   0.67607  12.42239   2.05810   0.56415
  13.16760  -0.00000   1.18366  13.14569   0.30947   1.17098
  13.12551   0.62204   1.13873  13.10537   0.93630   1.08162
  13.08560   1.24914   0.98647  13.06763   1.54451   0.84476
  13.05077   1.82416   0.70387  13.03349   2.11707   0.59472
  13.76793  -0.00000   1.21596  13.74770   0.31805   1.20312
  13.72919   0.63888   1.17065  13.71062   0.96123   1.11366
  13.69239   1.28220   1.01742  13.67599   1.58400   0.87300
  13.66054   1.87350   0.73193  13.64452   2.17659   0.62572
  14.36834  -0.00000   1.24688  14.34976   0.32669   1.23389
  14.33291   0.65581   1.20129  14.31589   0.98631   1.14467
  14.29919   1.31542   1.04760  14.28431   1.62404   0.90134
  14.27023   1.92345   0.76028  14.25547   2.23667   0.65719
  14.96881  -0.00000   1.27648  14.95186   0.33539   1.26332
  14.93666   0.67285   1.23071  14.92118   1.01155   1.17468
  14.90598   1.34881   1.07702  14.89257   1.66473   0.92974
  14.87986   1.97403   0.78897  14.86633   2.29732   0.68913
  15.56934  -0.00000   1.30479  15.55401   0.34416   1.29148
  15.54043   0.69001   1.25895  15.52647   1.03697   1.20374
  15.51278   1.38237   1.10572  15.50077   1.70605   0.95820
  15.48941   2.02525   0.81803  15.47711   2.35856   0.72155
  16.16994  -0.00000   1.33186  16.15619   0.35301   1.31839
  16.14422   0.70732   1.28606  16.13176   1.06262   1.23188
  16.11956   1.41613   1.13372  16.10892   1.74801   0.98672
  16.09887   2.07716   0.84746  16.08780   2.42044   0.75445
  16.77058  -0.00000   1.35774  16.75841   0.36194   1.34411
  16.74801   0.72481   1.31206  16.73704   1.08854   1.25912
  16.72633   1.45004   1.16110  16.71701   1.79062   1.01527
  16.70825   2.12979   0.87728  16.69839   2.48302   0.78782
  17.37127  -0.00000   1.38247  17.36065   0.37099   1.36868
  17.35180   0.74257   1.33700  17.34230   1.11485   1.28547
  17.33305   1.48430   1.18790  17.32503   1.83404   1.04379
  17.31753   2.18335   0.90746  17.30888   2.54649   0.82149
  17.97201  -0.00000   1.40609  17.96290   0.38022   1.39212
  17.95558   0.76071   1.36089  17.94752   1.14173   1.31093
  17.93971   1.51920   1.21415  17.93294   1.87855   1.07220
  17.92666   2.23818   0.93794  17.91923   2.61121   0.85521
  18.57279  -0.00000   1.42865  18.56515   0.38967   1.41449
  18.55933   0.77935   1.38377  18.55268   1.16936   1.33551
  18.54629   1.55505   1.23986  18.54073   1.92443   1.10040
  18.53561   2.29463   0.96866  18.52942   2.67754   0.88871
  19.17360  -0.00000   1.45017  19.16740   0.39938   1.43580
  19.16304   0.79854   1.40565  19.15778   1.19784   1.35924
  19.15275   1.59209   1.26510  19.14837   1.97184   1.12839
  19.14436   2.35287   0.99964  19.13943   2.74570   0.92194
  19.77445  -0.00000   1.47068  19.76965   0.40937   1.45609
  19.76670   0.81833   1.42658  19.76279   1.22723   1.38215
  19.75909   1.63046   1.28991  19.75585   2.02083   1.15617
  19.75288   2.41295   1.03092  19.74922   2.81578   0.95494
  20.37534  -0.00000   1.49024  20.37189   0.41964   1.47539
  20.37031   0.83873   1.44659  20.36771   1.25757   1.40428
  20.36530   1.67018   1.31426  20.36316   2.07144   1.18378
  20.36117   2.47491   1.06252  20.35880   2.88785   0.98774
  20.97625  -0.00000   1.50885  20.97410   0.43021   1.49373
  20.97386   0.85979   1.46570  20.97253   1.28890   1.42566
  20.97138   1.71131   1.33814  20.97028   2.12373   1.21123
  20.96922   2.53877   1.09432  20.96814   2.96202   1.02031
  21.57719  -0.00000   1.52654  21.57630   0.44113   1.51114
  21.57733   0.88160   1.48394  21.57723   1.32138   1.44632
  21.57728   1.75399   1.36151  21.57718   2.17794   1.23850
  21.57701   2.60473   1.12594  21.57719   3.03861   1.05261
$points - wing-body  with composite panels
1.
1.
         8        37                                                           2
   0.00011  -0.00000   0.00316   0.00011  -0.00000   0.00316
   0.00011  -0.00000   0.00316   0.00011  -0.00000   0.00316
   0.00011  -0.00000   0.00316   0.00011  -0.00000   0.00316
   0.00011  -0.00000   0.00316   0.00011  -0.00000   0.00316
   0.26811   0.53338   0.01592   0.31451   0.45969  -0.00199
   0.36175   0.38493  -0.01336   0.40921   0.30981  -0.02154
   0.45664   0.23356  -0.02808   0.50395   0.15645  -0.03306
   0.55115   0.07842  -0.03674   0.59824  -0.00000  -0.03975
   0.83407   0.76455   0.04130   0.88169   0.67339  -0.01582
   0.93448   0.55909  -0.05032   0.98807   0.44672  -0.05893
   1.04088   0.33745  -0.06054   1.09321   0.22663  -0.06283
   1.14533   0.11369  -0.06548   1.19726  -0.00000  -0.06780
   1.43295   0.89988   0.06769   1.47967   0.80690  -0.01531
   1.53482   0.66351  -0.06388   1.58695   0.53160  -0.07898
   1.63952   0.40073  -0.08421   1.69203   0.26954  -0.08808
   1.74429   0.13528  -0.09254   1.79629  -0.00000  -0.09570
   2.03761   1.00714   0.09421   2.08457   0.90564  -0.00686
   2.13778   0.75092  -0.06358   2.18906   0.60247  -0.09339
   2.24086   0.45280  -0.10673   2.29257   0.30452  -0.11332
   2.34408   0.15287  -0.11989   2.39530  -0.00000  -0.12384
   2.64490   1.09848   0.12077   2.69237   0.98318   0.00433
   2.74282   0.82578  -0.05915   2.79320   0.66291  -0.10090
   2.84350   0.49880  -0.12431   2.89393   0.33507  -0.13659
   2.94427   0.16821  -0.14662   2.99433  -0.00000  -0.15182
   3.25373   1.17890   0.14735   3.30090   1.05109   0.02090
   3.34938   0.88793  -0.05185   3.39808   0.71611  -0.10383
   3.44692   0.54015  -0.13809   3.49581   0.36252  -0.15818
   3.54471   0.18198  -0.17266   3.59338  -0.00000  -0.17937
   3.86352   1.25166   0.17395   3.90940   1.11534   0.04152
   3.95642   0.94345  -0.04231   4.00353   0.76354  -0.10402
   4.05082   0.57739  -0.14849   4.09803   0.38766  -0.17784
   4.14533   0.19465  -0.19773   4.19245  -0.00000  -0.20624
   4.47395   1.31889   0.20056   4.51819   1.17548   0.06326
   4.56376   0.99485  -0.03157   4.60931   0.80662  -0.10223
   4.65501   0.61125  -0.15650   4.70050   0.41095  -0.19565
   4.74609   0.20649  -0.22174   4.79157  -0.00000  -0.23225
   5.08488   1.38141   0.22715   5.12751   1.23021   0.08437
   5.17145   1.04220  -0.02055   5.21535   0.84602  -0.09951
   5.25943   0.64217  -0.16292   5.30316   0.43251  -0.21176
   5.34697   0.21760  -0.24459   5.39072  -0.00000  -0.25728
   5.69621   1.43996   0.25370   5.73723   1.28069   0.10485
   5.77940   1.08637  -0.00951   5.82160   0.88251  -0.09662
   5.86403   0.67069  -0.16838   5.90597   0.45251  -0.22646
   5.94795   0.22808  -0.26628   5.98992  -0.00000  -0.28125
   6.30780   1.49571   0.28030   6.34721   1.32819   0.12538
   6.38751   1.12852   0.00147   6.42800   0.91722  -0.09385
   6.46875   0.69757  -0.17328   6.50889   0.47132  -0.23997
   6.54900   0.23810  -0.28682   6.58916  -0.00000  -0.30411
   6.91950   1.55008   0.30707   6.95724   1.37427   0.14673
   6.99569   1.16965   0.01244   7.03447   0.95115  -0.09121
   7.07353   0.72364  -0.17786   7.11186   0.48943  -0.25246
   7.15011   0.24785  -0.30621   7.18845  -0.00000  -0.32586
   7.53119   1.60446   0.33414   7.56725   1.41978   0.16914
   7.60387   1.21071   0.02360   7.64095   0.98516  -0.08860
   7.67832   0.74967  -0.18220   7.71485   0.50733  -0.26406
   7.75125   0.25754  -0.32449   7.78777  -0.00000  -0.34649
   8.14281   1.65948   0.36157   8.17720   1.46498   0.19239
   8.21200   1.25217   0.03500   8.24739   1.01965  -0.08604
   8.28309   0.77604  -0.18641   8.31784   0.52530  -0.27493
   8.35241   0.26727  -0.34171   8.38713  -0.00000  -0.36603
   8.75436   1.71505   0.38936   8.78713   1.51004   0.21599
   8.82010   1.29410   0.04659   8.85381   1.05468  -0.08363
   8.88785   0.80285  -0.19066   8.92082   0.54345  -0.28524
   8.95358   0.27703  -0.35795   8.98652  -0.00000  -0.38453
   9.36585   1.77107   0.41752   9.39702   1.55534   0.23957
   9.42817   1.33643   0.05838   9.46020   1.09027  -0.08147
   9.49259   0.83015  -0.19509   9.52381   0.56185  -0.29517
   9.55477   0.28684  -0.37331   9.58595  -0.00000  -0.40204
   9.97729   1.82751   0.44606  10.00687   1.60142   0.26281
  10.03622   1.37912   0.07039  10.06655   1.12644  -0.07957
  10.09731   0.85799  -0.19980  10.12678   0.58059  -0.30487
  10.15596   0.29671  -0.38786  10.18540  -0.00000  -0.41861
  10.58867   1.88440   0.47497  10.61667   1.64861   0.28567
  10.64423   1.42211   0.08270  10.67286   1.16324  -0.07792
  10.70199   0.88641  -0.20483  10.72975   0.59972  -0.31447
  10.75717   0.30665  -0.40172  10.78487  -0.00000  -0.43430
  11.19998   1.94177   0.50429  11.22640   1.69688   0.30824
  11.25220   1.46541   0.09527  11.27913   1.20069  -0.07646
  11.30664   0.91544  -0.21022  11.33270   0.61933  -0.32408
  11.35838   0.31671  -0.41497  11.38436  -0.00000  -0.44919
  11.81122   1.99967   0.53401  11.83606   1.74619   0.33060
  11.86014   1.50909   0.10803  11.88534   1.23880  -0.07513
  11.91124   0.94509  -0.21595  11.93563   0.63943  -0.33381
  11.95959   0.32689  -0.42770  11.98388  -0.00000  -0.46334
  12.42239   2.05810   0.56415  12.44565   1.79649   0.35283
  12.46802   1.55331   0.12082  12.49149   1.27755  -0.07387
  12.51579   0.97534  -0.22200  12.53852   0.66004  -0.34374
  12.56079   0.33722  -0.44000  12.58340  -0.00000  -0.47681
  13.03349   2.11707   0.59472  13.05516   1.84778   0.37496
  13.07584   1.59827   0.13350  13.09759   1.31692  -0.07256
  13.12028   1.00617  -0.22830  13.14139   0.68115  -0.35393
  13.16200   0.34772  -0.45197  13.18294  -0.00000  -0.48968
  13.64452   2.17659   0.62572  13.66459   1.90004   0.39703
  13.68359   1.64410   0.14605  13.70364   1.35685  -0.07111
  13.72472   1.03756  -0.23481  13.74422   0.70276  -0.36443
  13.76320   0.35838  -0.46368  13.78249  -0.00000  -0.50201
  14.25547   2.23667   0.65719  14.27392   1.95329   0.41907
  14.29126   1.69075   0.15859  14.30963   1.39730  -0.06939
  14.32910   1.06948  -0.24143  14.34700   0.72481  -0.37529
  14.36439   0.36924  -0.47520  14.38206  -0.00000  -0.51385
  14.86633   2.29732   0.68913  14.88316   2.00751   0.44113
  14.89886   1.73816   0.17121  14.91557   1.43822  -0.06731
  14.93342   1.10188  -0.24807  14.94974   0.74722  -0.38647
  14.96556   0.38028  -0.48662  14.98163  -0.00000  -0.52526
  15.47711   2.35856   0.72155  15.49230   2.06268   0.46324
  15.50639   1.78627   0.18400  15.52146   1.47956  -0.06478
  15.53770   1.13472  -0.25461  15.55243   0.76996  -0.39795
  15.56673   0.39150  -0.49798  15.58120  -0.00000  -0.53630
  16.08780   2.42044   0.75445  16.10134   2.11878   0.48544
  16.11384   1.83501   0.19703  16.12730   1.52128  -0.06176
  16.14193   1.16795  -0.26090  16.15508   0.79299  -0.40961
  16.16788   0.40289  -0.50936  16.18079  -0.00000  -0.54700
  16.69839   2.48302   0.78782  16.71027   2.17580   0.50777
  16.72122   1.88437   0.21035  16.73310   1.56334  -0.05822
  16.74612   1.20154  -0.26681  16.75768   0.81631  -0.42137
  16.76902   0.41445  -0.52078  16.78037  -0.00000  -0.55743
  17.30888   2.54649   0.82149  17.31910   2.23374   0.53025
  17.32853   1.93430   0.22402  17.33884   1.60576  -0.05417
  17.35027   1.23547  -0.27220  17.36025   0.83991  -0.43308
  17.37013   0.42619  -0.53227  17.37997  -0.00000  -0.56760
  17.91923   2.61121   0.85521  17.92781   2.29259   0.55294
  17.93576   1.98479   0.23812  17.94453   1.64856  -0.04953
  17.95439   1.26975  -0.27693  17.96277   0.86386  -0.44460
  17.97123   0.43811  -0.54385  17.97956  -0.00000  -0.57756
  18.52942   2.67754   0.88871  18.53642   2.35237   0.57589
  18.54292   2.03583   0.25273  18.55017   1.69175  -0.04418
  18.55847   1.30437  -0.28084  18.56526   0.88822  -0.45582
  18.57230   0.45025  -0.55551  18.57916  -0.00000  -0.58732
  19.13943   2.74570   0.92194  19.14491   2.41312   0.59919
  19.15000   2.08742   0.26794  19.15574   1.73530  -0.03801
  19.16251   1.33931  -0.28379  19.16771   0.91297  -0.46660
  19.17334   0.46263  -0.56724  19.17876  -0.00000  -0.59692
  19.74922   2.81578   0.95494  19.75325   2.47490   0.62292
  19.75698   2.13955   0.28385  19.76124   1.77921  -0.03095
  19.76651   1.37453  -0.28566  19.77012   0.93812  -0.47682
  19.77435   0.47524  -0.57902  19.77837  -0.00000  -0.60637
  20.35880   2.88785   0.98774  20.36145   2.53775   0.64714
  20.36385   2.19222   0.30055  20.36666   1.82344  -0.02291
  20.37045   1.40997  -0.28635  20.37250   0.96364  -0.48634
  20.37533   0.48809  -0.59081  20.37797  -0.00000  -0.61568
  20.96814   2.96202   1.02031  20.96948   2.60174   0.67188
  20.97061   2.24541   0.31812  20.97198   1.86798  -0.01383
  20.97433   1.44557  -0.28577  20.97483   0.98951  -0.49502
  20.97627   0.50119  -0.60256  20.97758  -0.00000  -0.62486
  21.57719   3.03861   1.05261  21.57732   2.66703   0.69727
  21.57722   2.29918   0.33671  21.57718   1.91290  -0.00359
  21.57812   1.48136  -0.28379  21.57711   1.01574  -0.50271
  21.57718   0.51458  -0.61423  21.57719  -0.00000  -0.63391
$points - wing-body  with composite panels
1.
1.
         8        61                                                           3
  21.57719  -0.00000   1.52654  21.57630   0.44113   1.51114
  21.57733   0.88160   1.48394  21.57723   1.32138   1.44632
  21.57728   1.75399   1.36151  21.57718   2.17794   1.23850
  21.57701   2.60473   1.12594  21.57719   3.03861   1.05261
  22.36579  -0.00000   1.54842  22.36481   0.44092   1.53338
  22.36571   0.88127   1.50825  22.36535   1.32126   1.47679
  22.36474   1.75625   1.40445  22.36393   2.18243   1.29211
  22.36333   2.60924   1.18624  22.36481   3.03861   1.09898
  23.15442  -0.00000   1.56882  23.15336   0.44066   1.55410
  23.15414   0.88084   1.53082  23.15359   1.32072   1.50495
  23.15252   1.75672   1.44486  23.15114   2.18461   1.34366
  23.15011   2.61183   1.24558  23.15231   3.03861   1.15182
  23.94309  -0.00000   1.58777  23.94191   0.44037   1.57333
  23.94254   0.88038   1.55170  23.94181   1.32008   1.53082
  23.94038   1.75603   1.48242  23.93855   2.18504   1.39259
  23.93713   2.61272   1.30305  23.93949   3.03861   1.20938
  24.73179  -0.00000   1.60533  24.73047   0.44006   1.59113
  24.73094   0.87994   1.57095  24.73002   1.31953   1.55447
  24.72834   1.75488   1.51694  24.72615   2.18448   1.43846
  24.72438   2.61256   1.35784  24.72656   3.03861   1.26836
  25.52052  -0.00000   1.62152  25.51905   0.43976   1.60753
  25.51934   0.87955   1.58863  25.51826   1.31918   1.57599
  25.51640   1.75366   1.54838  25.51394   2.18343   1.48096
  25.51188   2.61183   1.40936  25.51368   3.03861   1.32665
  26.30928  -0.00000   1.63636  26.30765   0.43948   1.62256
  26.30779   0.87922   1.60479  26.30655   1.31902   1.59547
  26.30456   1.75260   1.57678  26.30192   2.18219   1.51996
  26.29964   2.61084   1.45722  26.30095   3.03861   1.38283
  27.09806  -0.00000   1.64989  27.09629   0.43922   1.63625
  27.09627   0.87894   1.61949  27.09490   1.31903   1.61302
  27.09282   1.75180   1.60224  27.09007   2.18098   1.55539
  27.08764   2.60979   1.50117  27.08844   3.03861   1.43593
  27.88686  -0.00000   1.66212  27.88497   0.43898   1.64863
  27.88481   0.87869   1.63278  27.88332   1.31916   1.62873
  27.88118   1.75129   1.62487  27.87839   2.17990   1.58726
  27.87585   2.60883   1.54111  27.87617   3.03861   1.48531
  28.67568  -0.00000   1.67308  28.67368   0.43876   1.65973
  28.67340   0.87848   1.64471  28.67181   1.31935   1.64270
  28.66964   1.75103   1.64482  28.66685   2.17900   1.61566
  28.66426   2.60799   1.57701  28.66415   3.03861   1.53057
  29.46452  -0.00000   1.68278  29.46242   0.43857   1.66956
  29.46204   0.87829   1.65531  29.46037   1.31956   1.65500
  29.45820   1.75097   1.66223  29.45544   2.17830   1.64069
  29.45285   2.60732   1.60893  29.45236   3.03861   1.57149
  30.25337  -0.00000   1.69124  30.25119   0.43841   1.67816
  30.25073   0.87813   1.66463  30.24899   1.31975   1.66574
  30.24684   1.75105   1.67726  30.24415   2.17779   1.66250
  30.24158   2.60681   1.63700  30.24079   3.03861   1.60800
  31.04223  -0.00000   1.69849  31.03999   0.43827   1.68555
  31.03946   0.87798   1.67273  31.03768   1.31989   1.67500
  31.03555   1.75121   1.69005  31.03296   2.17743   1.68126
  31.03044   2.60644   1.66138  31.02941   3.03861   1.64015
  31.83111  -0.00000   1.70454  31.82882   0.43815   1.69174
  31.82824   0.87784   1.67962  31.82642   1.31996   1.68286
  31.82433   1.75139   1.70078  31.82184   2.17720   1.69716
  31.81939   2.60618   1.68226  31.81820   3.03861   1.66808
  32.61999  -0.00000   1.70941  32.61766   0.43806   1.69677
  32.61705   0.87771   1.68537  32.61522   1.31995   1.68942
  32.61317   1.75155   1.70959  32.61079   2.17707   1.71040
  32.60843   2.60602   1.69989  32.60711   3.03861   1.69198
  33.40887  -0.00000   1.71312  33.40652   0.43798   1.70067
  33.40588   0.87760   1.69001  33.40405   1.31986   1.69476
  33.40206   1.75166   1.71665  33.39980   2.17699   1.72120
  33.39752   2.60593   1.71450  33.39613   3.03861   1.71212
  34.19777  -0.00000   1.71572  34.19540   0.43792   1.70346
  34.19474   0.87750   1.69357  34.19292   1.31969   1.69895
  34.19099   1.75170   1.72212  34.18885   2.17695   1.72977
  34.18666   2.60588   1.72638  34.18523   3.03861   1.72880
  34.98666  -0.00000   1.71721  34.98428   0.43788   1.70518
  34.98363   0.87741   1.69610  34.98183   1.31946   1.70209
  34.97997   1.75166   1.72615  34.97793   2.17692   1.73634
  34.97584   2.60588   1.73578  34.97439   3.03861   1.74234
  35.77556  -0.00000   1.71765  35.77318   0.43785   1.70585
  35.77253   0.87733   1.69765  35.77076   1.31918   1.70423
  35.76897   1.75153   1.72891  35.76704   2.17689   1.74114
  35.76504   2.60589   1.74300  35.76359   3.03861   1.75307
  36.56446  -0.00000   1.71706  36.56208   0.43783   1.70554
  36.56144   0.87726   1.69826  36.55971   1.31887   1.70547
  36.55799   1.75133   1.73055  36.55616   2.17686   1.74439
  36.55426   2.60592   1.74831  36.55283   3.03861   1.76136
  37.35335  -0.00000   1.71550  37.35099   0.43782   1.70426
  37.35036   0.87720   1.69796  37.34868   1.31852   1.70587
  37.34704   1.75106   1.73120  37.34531   2.17681   1.74630
  37.34348   2.60595   1.75198  37.34208   3.03861   1.76752
  38.14225  -0.00000   1.71301  38.13991   0.43781   1.70208
  38.13930   0.87714   1.69681  38.13766   1.31816   1.70548
  38.13610   1.75074   1.73100  38.13446   2.17674   1.74708
  38.13271   2.60598   1.75427  38.13134   3.03861   1.77192
  38.93113  -0.00000   1.70965  38.92882   0.43780   1.69905
  38.92825   0.87708   1.69485  38.92667   1.31780   1.70438
  38.92518   1.75038   1.73009  38.92362   2.17665   1.74692
  38.92194   2.60601   1.75544  38.92061   3.03861   1.77485
  39.72002  -0.00000   1.70547  39.71774   0.43779   1.69521
  39.71720   0.87702   1.69214  39.71568   1.31743   1.70263
  39.71426   1.74998   1.72856  39.71278   2.17654   1.74601
  39.71117   2.60603   1.75571  39.70989   3.03861   1.77662
  40.50890  -0.00000   1.70053  40.50666   0.43778   1.69064
  40.50616   0.87695   1.68871  40.50469   1.31706   1.70026
  40.50336   1.74957   1.72652  40.50195   2.17642   1.74451
  40.50040   2.60605   1.75528  40.49916   3.03861   1.77750
  41.29778  -0.00000   1.69492  41.29558   0.43777   1.68540
  41.29512   0.87687   1.68463  41.29372   1.31670   1.69734
  41.29246   1.74914   1.72406  41.29112   2.17629   1.74255
  41.28963   2.60605   1.75435  41.28844   3.03861   1.77774
  42.08665  -0.00000   1.68870  42.08451   0.43774   1.67955
  42.08409   0.87679   1.67994  42.08275   1.31634   1.69389
  42.08157   1.74871   1.72125  42.08029   2.17614   1.74027
  42.07886   2.60605   1.75307  42.07772   3.03861   1.77753
  42.87552  -0.00000   1.68195  42.87343   0.43772   1.67318
  42.87306   0.87670   1.67469  42.87178   1.31598   1.68997
  42.87068   1.74827   1.71814  42.86946   2.17598   1.73775
  42.86808   2.60605   1.75156  42.86699   3.03861   1.77707
  43.66438  -0.00000   1.67475  43.66235   0.43768   1.66634
  43.66203   0.87659   1.66895  43.66082   1.31563   1.68560
  43.65979   1.74783   1.71476  43.65863   2.17581   1.73507
  43.65731   2.60603   1.74993  43.65627   3.03861   1.77647
  44.45324  -0.00000   1.66719  44.45127   0.43764   1.65912
  44.45101   0.87647   1.66276  44.44986   1.31528   1.68081
  44.44890   1.74738   1.71116  44.44780   2.17563   1.73229
  44.44653   2.60600   1.74824  44.44555   3.03861   1.77586
  45.24210  -0.00000   1.65935  45.24020   0.43758   1.65159
  45.23999   0.87633   1.65618  45.23890   1.31492   1.67562
  45.23801   1.74694   1.70732  45.23696   2.17544   1.72941
  45.23575   2.60596   1.74653  45.23483   3.03861   1.77527
  46.03096  -0.00000   1.65132  46.02913   0.43752   1.64385
  46.02897   0.87618   1.64926  46.02795   1.31457   1.67005
  46.02712   1.74649   1.70324  46.02613   2.17524   1.72644
  46.02497   2.60592   1.74479  46.02410   3.03861   1.77474
  46.81981  -0.00000   1.64319  46.81806   0.43744   1.63595
  46.81795   0.87602   1.64206  46.81699   1.31422   1.66410
  46.81623   1.74604   1.69891  46.81530   2.17502   1.72335
  46.81419   2.60586   1.74300  46.81338   3.03861   1.77424
  47.60867  -0.00000   1.63504  47.60699   0.43735   1.62799
  47.60693   0.87584   1.63461  47.60603   1.31388   1.65780
  47.60535   1.74559   1.69427  47.60447   2.17480   1.72009
  47.60341   2.60581   1.74111  47.60265   3.03861   1.77374
  48.39752  -0.00000   1.62696  48.39592   0.43725   1.62003
  48.39592   0.87565   1.62698  48.39508   1.31353   1.65113
  48.39446   1.74515   1.68928  48.39364   2.17457   1.71657
  48.39264   2.60575   1.73901  48.39193   3.03861   1.77312
  49.18638  -0.00000   1.61903  49.18486   0.43714   1.61215
  49.18490   0.87543   1.61919  49.18412   1.31319   1.64409
  49.18357   1.74471   1.68387  49.18282   2.17434   1.71270
  49.18187   2.60569   1.73661  49.18121   3.03861   1.77228
  49.97524  -0.00000   1.61132  49.97380   0.43702   1.60441
  49.97389   0.87520   1.61130  49.97316   1.31285   1.63668
  49.97268   1.74429   1.67796  49.97200   2.17411   1.70835
  49.97110   2.60564   1.73374  49.97048   3.03861   1.77106
  50.76410  -0.00000   1.60389  50.76275   0.43688   1.59686
  50.76288   0.87494   1.60332  50.76220   1.31252   1.62887
  50.76180   1.74389   1.67146  50.76119   2.17389   1.70338
  50.76035   2.60559   1.73026  50.75976   3.03861   1.76929
  51.55297  -0.00000   1.59681  51.55170   0.43672   1.58955
  51.55187   0.87465   1.59529  51.55123   1.31218   1.62065
  51.55091   1.74352   1.66427  51.55038   2.17369   1.69765
  51.54959   2.60556   1.72597  51.54903   3.03861   1.76675
  52.34184  -0.00000   1.59011  52.34065   0.43655   1.58252
  52.34087   0.87433   1.58722  52.34026   1.31183   1.61198
  52.34002   1.74319   1.65630  52.33958   2.17351   1.69097
  52.33884   2.60555   1.72069  52.33830   3.03861   1.76324
  53.13071  -0.00000   1.58383  53.12961   0.43637   1.57578
  53.12986   0.87397   1.57912  53.12930   1.31147   1.60283
  53.12913   1.74289   1.64742  53.12877   2.17337   1.68319
  53.12809   2.60556   1.71420  53.12756   3.03861   1.75852
  53.91958  -0.00000   1.57798  53.91857   0.43618   1.56935
  53.91885   0.87358   1.57099  53.91832   1.31109   1.59317
  53.91823   1.74264   1.63752  53.91796   2.17327   1.67410
  53.91733   2.60560   1.70630  53.91681   3.03861   1.75236
  54.70846  -0.00000   1.57254  54.70753   0.43598   1.56320
  54.70785   0.87315   1.56279  54.70734   1.31067   1.58293
  54.70732   1.74243   1.62649  54.70714   2.17321   1.66355
  54.70656   2.60567   1.69676  54.70605   3.03861   1.74452
  55.49734  -0.00000   1.56749  55.49648   0.43578   1.55730
  55.49683   0.87269   1.55451  55.49634   1.31022   1.57208
  55.49639   1.74225   1.61421  55.49630   2.17321   1.65134
  55.49577   2.60577   1.68540  55.49527   3.03861   1.73478
  56.28622  -0.00000   1.56277  56.28544   0.43558   1.55160
  56.28582   0.87221   1.54609  56.28534   1.30971   1.56055
  56.28544   1.74211   1.60057  56.28544   2.17326   1.63732
  56.28495   2.60590   1.67201  56.28445   3.03861   1.72292
  57.07511  -0.00000   1.55829  57.07438   0.43539   1.54599
  57.07479   0.87170   1.53746  57.07431   1.30916   1.54828
  57.07446   1.74199   1.58547  57.07453   2.17337   1.62134
  57.07409   2.60608   1.65643  57.07360   3.03861   1.70876
  57.86399  -0.00000   1.55393  57.86332   0.43522   1.54037
  57.86374   0.87119   1.52852  57.86327   1.30856   1.53519
  57.86344   1.74187   1.56882  57.86357   2.17351   1.60328
  57.86318   2.60629   1.63853  57.86271   3.03861   1.69214
  58.65288  -0.00000   1.54953  58.65225   0.43508   1.53457
  58.65268   0.87069   1.51917  58.65220   1.30791   1.52122
  58.65238   1.74175   1.55054  58.65256   2.17370   1.58304
  58.65220   2.60653   1.61820  58.65175   3.03861   1.67295
  59.44176  -0.00000   1.54490  59.44117   0.43496   1.52840
  59.44160   0.87021   1.50925  59.44111   1.30724   1.50627
  59.44127   1.74161   1.53057  59.44147   2.17391   1.56057
  59.44115   2.60680   1.59539  59.44072   3.03861   1.65113
  60.23064  -0.00000   1.53978  60.23007   0.43489   1.52162
  60.23051   0.86979   1.49860  60.22999   1.30655   1.49025
  60.23010   1.74142   1.50889  60.23030   2.17413   1.53586
  60.23001   2.60709   1.57012  60.22962   3.03861   1.62670
  61.01952  -0.00000   1.53389  61.01896   0.43485   1.51395
  61.01938   0.86943   1.48700  61.01884   1.30587   1.47306
  61.01888   1.74120   1.48548  61.01905   2.17434   1.50898
  61.01878   2.60740   1.54245  61.01844   3.03861   1.59974
  61.80838  -0.00000   1.52688  61.80783   0.43486   1.50506
  61.80824   0.86916   1.47421  61.80766   1.30522   1.45458
  61.80761   1.74092   1.46039  61.80771   2.17452   1.48003
  61.80746   2.60772   1.51256  61.80717   3.03861   1.57043
  62.59723  -0.00000   1.51833  62.59669   0.43491   1.49455
  62.59706   0.86898   1.45995  62.59644   1.30464   1.43470
  62.59628   1.74059   1.43368  62.59629   2.17467   1.44921
  62.59605   2.60804   1.48068  62.59582   3.03861   1.53903
  63.38606  -0.00000   1.50777  63.38553   0.43499   1.48198
  63.38586   0.86890   1.44389  63.38520   1.30416   1.41327
  63.38492   1.74022   1.40546  63.38482   2.17476   1.41682
  63.38457   2.60835   1.44717  63.38440   3.03861   1.50594
  64.17484  -0.00000   1.49467  64.17434   0.43508   1.46684
  64.17464   0.86889   1.42567  64.17393   1.30378   1.39016
  64.17352   1.73983   1.37589  64.17330   2.17481   1.38323
  64.17304   2.60864   1.41252  64.17294   3.03861   1.47168
  64.96358  -0.00000   1.47840  64.96310   0.43516   1.44854
  64.96337   0.86895   1.40488  64.96263   1.30351   1.36519
  64.96210   1.73945   1.34518  64.96178   2.17480   1.34893
  64.96150   2.60889   1.37732  64.96145   3.03861   1.43691
  65.75221  -0.00000   1.45828  65.75179   0.43520   1.42644
  65.75206   0.86903   1.38106  65.75130   1.30335   1.33822
  65.75069   1.73911   1.31360  65.75027   2.17476   1.31456
  65.74999   2.60910   1.34234  65.74997   3.03861   1.40246
  66.54072  -0.00000   1.43351  66.54037   0.43517   1.39979
  66.54067   0.86907   1.35369  66.53993   1.30325   1.30906
  66.53928   1.73884   1.28150  66.53883   2.17470   1.28086
  66.53854   2.60924   1.30850  66.53855   3.03861   1.36934
  67.32903  -0.00000   1.40322  67.32878   0.43503   1.36778
  67.32916   0.86902   1.32221  67.32851   1.30318   1.27754
  67.32790   1.73864   1.24927  67.32748   2.17461   1.24875
  67.32719   2.60929   1.27691  67.32724   3.03861   1.33874
  68.11707  -0.00000   1.36645  68.11691   0.43476   1.32950
  68.11746   0.86884   1.28598  68.11697   1.30307   1.24348
  68.11650   1.73850   1.21742  68.11620   2.17449   1.21930
  68.11597   2.60923   1.24887  68.11606   3.03861   1.31207
  68.90472  -0.00000   1.32213  68.90454   0.43435   1.28396
  68.90534   0.86848   1.24430  68.90511   1.30287   1.20667
  68.90488   1.73835   1.18654  68.90474   2.17425   1.19376
  68.90457   2.60902   1.22593  68.90472   3.03861   1.29099
$points - wing-body  with composite panels
1.
1.
         8        61                                                           4
  21.57719   3.03861   1.05261  21.57732   2.66703   0.69727
  21.57722   2.29918   0.33671  21.57718   1.91290  -0.00359
  21.57812   1.48136  -0.28379  21.57711   1.01574  -0.50271
  21.57718   0.51458  -0.61423  21.57719  -0.00000  -0.63391
  22.36345   3.03861   0.98570  22.36431   2.66154   0.64539
  22.36445   2.29592   0.29160  22.36494   1.90741  -0.03689
  22.36632   1.47613  -0.30837  22.36568   1.01339  -0.52478
  22.36625   0.51326  -0.63069  22.36674  -0.00000  -0.64563
  23.15132   3.03861   0.93815  23.15221   2.66355   0.60216
  23.15257   2.29781   0.25480  23.15345   1.90560  -0.06406
  23.15509   1.47360  -0.32940  23.15463   1.01236  -0.54490
  23.15550   0.51204  -0.64635  23.15630  -0.00000  -0.65712
  23.93923   3.03861   0.89119  23.94021   2.66463   0.56041
  23.94084   2.29799   0.22009  23.94205   1.90235  -0.08884
  23.94391   1.47035  -0.34873  23.94364   1.01092  -0.56360
  23.94478   0.51072  -0.66117  23.94586  -0.00000  -0.66835
  24.72721   3.03861   0.84531  24.72833   2.66471   0.52064
  24.72924   2.29656   0.18786  24.73074   1.89785  -0.11101
  24.73278   1.46647  -0.36630  24.73271   1.00913  -0.58079
  24.73409   0.50935  -0.67510  24.73542  -0.00000  -0.67929
  25.51529   3.03861   0.80128  25.51661   2.66392   0.48341
  25.51778   2.29378   0.15854  25.51951   1.89241  -0.13038
  25.52172   1.46210  -0.38202  25.52184   1.00705  -0.59639
  25.52342   0.50795  -0.68809  25.52498  -0.00000  -0.68991
  26.30350   3.03861   0.75977  26.30503   2.66245   0.44914
  26.30647   2.28993   0.13246  26.30835   1.88629  -0.14689
  26.31071   1.45738  -0.39587  26.31104   1.00475  -0.61035
  26.31279   0.50655  -0.70012  26.31456  -0.00000  -0.70016
  27.09187   3.03861   0.72122  27.09361   2.66044   0.41813
  27.09527   2.28525   0.10982  27.09726   1.87970  -0.16052
  27.09977   1.45241  -0.40783  27.10029   1.00228  -0.62264
  27.10219   0.50514  -0.71114  27.10413  -0.00000  -0.70999
  27.88039   3.03861   0.68595  27.88233   2.65801   0.39055
  27.88418   2.27996   0.09071  27.88622   1.87280  -0.17138
  27.88888   1.44728  -0.41791  27.88960   0.99969  -0.63326
  27.89162   0.50376  -0.72113  27.89371  -0.00000  -0.71936
  28.66906   3.03861   0.65413  28.67118   2.65529   0.36647
  28.67317   2.27426   0.07511  28.67525   1.86570  -0.17959
  28.67805   1.44206  -0.42616  28.67897   0.99700  -0.64221
  28.68108   0.50239  -0.73008  28.68330  -0.00000  -0.72822
  29.45786   3.03861   0.62584  29.46013   2.65237   0.34587
  29.46224   2.26830   0.06292  29.46431   1.85851  -0.18532
  29.46728   1.43684  -0.43263  29.46838   0.99425  -0.64952
  29.47057   0.50104  -0.73797  29.47290  -0.00000  -0.73651
  30.24678   3.03861   0.60107  30.24917   2.64934   0.32866
  30.25135   2.26222   0.05398  30.25342   1.85129  -0.18878
  30.25654   1.43165  -0.43737  30.25782   0.99145  -0.65524
  30.26008   0.49971  -0.74479  30.26250  -0.00000  -0.74419
  31.03580   3.03861   0.57971  31.03829   2.64626   0.31470
  31.04050   2.25614   0.04807  31.04257   1.84412  -0.19017
  31.04585   1.42654  -0.44048  31.04730   0.98864  -0.65941
  31.04961   0.49840  -0.75056  31.05210  -0.00000  -0.75121
  31.82490   3.03861   0.56162  31.82746   2.64322   0.30379
  31.82968   2.25013   0.04493  31.83175   1.83705  -0.18970
  31.83519   1.42157  -0.44203  31.83681   0.98581  -0.66211
  31.83916   0.49712  -0.75526  31.84172  -0.00000  -0.75754
  32.61407   3.03861   0.54661  32.61666   2.64024   0.29570
  32.61888   2.24426   0.04429  32.62097   1.83012  -0.18759
  32.62456   1.41676  -0.44214  32.62634   0.98300  -0.66342
  32.62873   0.49586  -0.75893  32.63133  -0.00000  -0.76313
  33.40328   3.03861   0.53447  33.40591   2.63739   0.29017
  33.40809   2.23858   0.04584  33.41021   1.82339  -0.18405
  33.41395   1.41214  -0.44091  33.41587   0.98022  -0.66342
  33.41830   0.49462  -0.76158  33.42096  -0.00000  -0.76795
  34.19254   3.03861   0.52493  34.19517   2.63468   0.28695
  34.19733   2.23313   0.04929  34.19949   1.81689  -0.17928
  34.20336   1.40773  -0.43844  34.20543   0.97747  -0.66221
  34.20789   0.49341  -0.76324  34.21059  -0.00000  -0.77199
  34.98181   3.03861   0.51775  34.98444   2.63214   0.28573
  34.98657   2.22792   0.05433  34.98880   1.81068  -0.17346
  34.99279   1.40356  -0.43486  34.99499   0.97477  -0.65988
  34.99748   0.49222  -0.76394  35.00022  -0.00000  -0.77523
  35.77110   3.03861   0.51266  35.77373   2.62980   0.28624
  35.77584   2.22299   0.06068  35.77814   1.80479  -0.16679
  35.78224   1.39963  -0.43029  35.78455   0.97214  -0.65653
  35.78708   0.49105  -0.76374  35.78985  -0.00000  -0.77767
  36.56041   3.03861   0.50939  36.56303   2.62765   0.28820
  36.56513   2.21834   0.06806  36.56752   1.79925  -0.15942
  36.57170   1.39597  -0.42486  36.57412   0.96958  -0.65227
  36.57668   0.48991  -0.76267  36.57949  -0.00000  -0.77931
  37.34971   3.03861   0.50767  37.35234   2.62571   0.29134
  37.35444   2.21397   0.07622  37.35691   1.79409  -0.15151
  37.36117   1.39257  -0.41868  37.36369   0.96710  -0.64721
  37.36629   0.48879  -0.76080  37.36913  -0.00000  -0.78017
  38.13902   3.03861   0.50726  38.14165   2.62396   0.29540
  38.14377   2.20991   0.08491  38.14634   1.78934  -0.14322
  38.15065   1.38945  -0.41188  38.15326   0.96472  -0.64145
  38.15590   0.48770  -0.75818  38.15876  -0.00000  -0.78026
  38.92833   3.03861   0.50791  38.93097   2.62241   0.30016
  38.93313   2.20616   0.09393  38.93578   1.78502  -0.13467
  38.94013   1.38659  -0.40458  38.94284   0.96243  -0.63510
  38.94550   0.48664  -0.75489  38.94840  -0.00000  -0.77963
  39.71764   3.03861   0.50943  39.72031   2.62105   0.30539
  39.72251   2.20271   0.10308  39.72525   1.78112  -0.12599
  39.72963   1.38401  -0.39688  39.73241   0.96025  -0.62826
  39.73511   0.48560  -0.75098  39.73804  -0.00000  -0.77830
  40.50694   3.03861   0.51161  40.50964   2.61985   0.31091
  40.51191   2.19957   0.11221  40.51474   1.77766  -0.11728
  40.51913   1.38169  -0.38890  40.52198   0.95817  -0.62102
  40.52472   0.48460  -0.74654  40.52767  -0.00000  -0.77634
  41.29625   3.03861   0.51429  41.29899   2.61882   0.31657
  41.30133   2.19674   0.12116  41.30423   1.77464  -0.10864
  41.30864   1.37964  -0.38073  41.31155   0.95621  -0.61348
  41.31432   0.48362  -0.74163  41.31731  -0.00000  -0.77379
  42.08555   3.03861   0.51734  42.08834   2.61794   0.32223
  42.09077   2.19422   0.12983  42.09375   1.77203  -0.10014
  42.09815   1.37783  -0.37246  42.10112   0.95435  -0.60572
  42.10392   0.48267  -0.73634  42.10694  -0.00000  -0.77072
  42.87486   3.03861   0.52064  42.87769   2.61718   0.32780
  42.88023   2.19199   0.13815  42.88326   1.76984  -0.09186
  42.88766   1.37626  -0.36415  42.89068   0.95260  -0.59782
  42.89352   0.48175  -0.73073  42.89657  -0.00000  -0.76720
  43.66416   3.03861   0.52413  43.66705   2.61654   0.33322
  43.66969   2.19004   0.14605  43.67279   1.76803  -0.08383
  43.67717   1.37491  -0.35588  43.68025   0.95096  -0.58984
  43.68312   0.48085  -0.72487  43.68620  -0.00000  -0.76330
  44.45346   3.03861   0.52776  44.45641   2.61601   0.33846
  44.45915   2.18838   0.15351  44.46231   1.76658  -0.07608
  44.46669   1.37377  -0.34769  44.46981   0.94941  -0.58184
  44.47271   0.47999  -0.71884  44.47582  -0.00000  -0.75909
  45.24276   3.03861   0.53153  45.24577   2.61555   0.34351
  45.24861   2.18696   0.16053  45.25183   1.76547  -0.06861
  45.25621   1.37281  -0.33959  45.25938   0.94796  -0.57385
  45.26230   0.47916  -0.71270  45.26545  -0.00000  -0.75466
  46.03206   3.03861   0.53546  46.03513   2.61518   0.34843
  46.03807   2.18579   0.16715  46.04134   1.76467  -0.06142
  46.04572   1.37201  -0.33160  46.04894   0.94659  -0.56588
  46.05190   0.47836  -0.70649  46.05507  -0.00000  -0.75005
  46.82136   3.03861   0.53961  46.82448   2.61486   0.35328
  46.82753   2.18484   0.17343  46.83085   1.76413  -0.05447
  46.83524   1.37136  -0.32371  46.83850   0.94530  -0.55796
  46.84148   0.47760  -0.70027  46.84470  -0.00000  -0.74535
  47.61065   3.03861   0.54407  47.61383   2.61460   0.35816
  47.61697   2.18409   0.17946  47.62035   1.76383  -0.04768
  47.62475   1.37081  -0.31588  47.62807   0.94408  -0.55006
  47.63107   0.47687  -0.69404  47.63432  -0.00000  -0.74061
  48.39995   3.03861   0.54896  48.40318   2.61437   0.36320
  48.40640   2.18351   0.18536  48.40984   1.76373  -0.04098
  48.41427   1.37035  -0.30804  48.41765   0.94291  -0.54213
  48.42066   0.47619  -0.68784  48.42394  -0.00000  -0.73588
  49.18924   3.03861   0.55442  49.19252   2.61418   0.36857
  49.19582   2.18309   0.19128  49.19933   1.76379  -0.03425
  49.20379   1.36994  -0.30011  49.20723   0.94179  -0.53413
  49.21025   0.47555  -0.68164  49.21357  -0.00000  -0.73118
  49.97852   3.03861   0.56063  49.98185   2.61400   0.37445
  49.98523   2.18280   0.19740  49.98880   1.76397  -0.02735
  49.99332   1.36955  -0.29198  49.99681   0.94070  -0.52596
  49.99984   0.47497  -0.67542  50.00319  -0.00000  -0.72653
  50.76780   3.03861   0.56779  50.77118   2.61385   0.38104
  50.77462   2.18261   0.20390  50.77827   1.76424  -0.02011
  50.78285   1.36915  -0.28352  50.78641   0.93963  -0.51749
  50.78944   0.47444  -0.66911  50.79282  -0.00000  -0.72191
  51.55706   3.03861   0.57609  51.56051   2.61369   0.38858
  51.56401   2.18250   0.21102  51.56773   1.76456  -0.01235
  51.57240   1.36870  -0.27454  51.57603   0.93856  -0.50860
  51.57904   0.47399  -0.66264  51.58244  -0.00000  -0.71729
  52.34631   3.03861   0.58577  52.34982   2.61354   0.39731
  52.35338   2.18246   0.21900  52.35719   1.76488  -0.00384
  52.36195   1.36816  -0.26486  52.36566   0.93748  -0.49910
  52.36865   0.47361  -0.65586  52.37206  -0.00000  -0.71260
  53.13554   3.03861   0.59706  53.13913   2.61338   0.40749
  53.14275   2.18246   0.22810  53.14664   1.76517   0.00565
  53.15153   1.36751  -0.25425  53.15531   0.93637  -0.48877
  53.15827   0.47331  -0.64863  53.16169  -0.00000  -0.70773
  53.92474   3.03861   0.61020  53.92842   2.61320   0.41938
  53.93211   2.18246   0.23861  53.93610   1.76539   0.01640
  53.94112   1.36670  -0.24246  53.94499   0.93521  -0.47738
  53.94790   0.47310  -0.64074  53.95131  -0.00000  -0.70252
  54.71391   3.03861   0.62541  54.71769   2.61299   0.43326
  54.72146   2.18246   0.25081  54.72557   1.76551   0.02869
  54.73073   1.36568  -0.22919  54.73469   0.93397  -0.46464
  54.73755   0.47297  -0.63193  54.74092  -0.00000  -0.69677
  55.50302   3.03861   0.64293  55.50694   2.61274   0.44937
  55.51079   2.18243   0.26501  55.51503   1.76548   0.04283
  55.52036   1.36442  -0.21414  55.52441   0.93263  -0.45023
  55.52722   0.47293  -0.62191  55.53054  -0.00000  -0.69024
  56.29207   3.03861   0.66296  56.29613   2.61244   0.46800
  56.30011   2.18233   0.28151  56.30448   1.76527   0.05916
  56.30999   1.36288  -0.19695  56.31416   0.93115  -0.43381
  56.31690   0.47296  -0.61031  56.32014  -0.00000  -0.68259
  57.08105   3.03861   0.68569  57.08529   2.61208   0.48936
  57.08940   2.18213   0.30063  57.09393   1.76482   0.07802
  57.09964   1.36100  -0.17726  57.10391   0.92947  -0.41496
  57.10660   0.47304  -0.59672  57.10972  -0.00000  -0.67345
  57.86995   3.03861   0.71127  57.87436   2.61163   0.51370
  57.87865   2.18181   0.32267  57.88335   1.76409   0.09976
  57.88927   1.35875  -0.15466  57.89367   0.92757  -0.39325
  57.89630   0.47314  -0.58065  57.89928  -0.00000  -0.66235
  58.65874   3.03861   0.73980  58.66336   2.61108   0.54120
  58.66784   2.18133   0.34793  58.67274   1.76305   0.12476
  58.67888   1.35607  -0.12871  58.68342   0.92538  -0.36820
  58.68600   0.47321  -0.56155  58.68880  -0.00000  -0.64875
  59.44742   3.03861   0.77136  59.45225   2.61041   0.57203
  59.45697   2.18063   0.37669  59.46208   1.76162   0.15341
  59.46845   1.35291  -0.09896  59.47313   0.92283  -0.33929
  59.47569   0.47320  -0.53880  59.47826  -0.00000  -0.63201
  60.23597   3.03861   0.80593  60.24102   2.60961   0.60630
  60.24600   2.17968   0.40924  60.25134   1.75977   0.18609
  60.25793   1.34923  -0.06491  60.26275   0.91987  -0.30594
  60.26531   0.47304  -0.51171  60.26763  -0.00000  -0.61138
  61.02439   3.03861   0.84345  61.02965   2.60865   0.64409
  61.03491   2.17843   0.44581  61.04048   1.75743   0.22321
  61.04729   1.34497  -0.02603  61.05225   0.91641  -0.26751
  61.05483   0.47263  -0.47950  61.05686  -0.00000  -0.58604
  61.81267   3.03861   0.88377  61.81812   2.60752   0.68541
  61.82367   2.17682   0.48663  61.82947   1.75454   0.26516
  61.83647   1.34008   0.01823  61.84156   0.91240  -0.22335
  61.84418   0.47188  -0.44131  61.84588  -0.00000  -0.55500
  62.60081   3.03861   0.92664  62.60641   2.60620   0.73022
  62.61224   2.17480   0.53191  62.61825   1.75104   0.31237
  62.62538   1.33452   0.06846  62.63057   0.90774  -0.17269
  62.63326   0.47068  -0.39620  62.63461  -0.00000  -0.51720
  63.38883   3.03861   0.97171  63.39452   2.60468   0.77841
  63.40057   2.17231   0.58182  63.40673   1.74688   0.36526
  63.41393   1.32824   0.12529  63.41917   0.90238  -0.11474
  63.42192   0.46892  -0.34312  63.42292  -0.00000  -0.47142
  64.17675   3.03861   1.01851  64.18242   2.60294   0.82977
  64.18861   2.16930   0.63649  64.19484   1.74198   0.42425
  64.20197   1.32120   0.18938  64.20718   0.89625  -0.04861
  64.20998   0.46649  -0.28092  64.21062  -0.00000  -0.41630
  64.96461   3.03861   1.06645  64.97010   2.60098   0.88404
  64.97629   2.16571   0.69605  64.98244   1.73632   0.48980
  64.98933   1.31338   0.26146  64.99440   0.88928   0.02665
  64.99720   0.46328  -0.20835  64.99750  -0.00000  -0.35036
  65.75243   3.03861   1.11477  65.75755   2.59880   0.94086
  65.76350   2.16152   0.76058  65.76936   1.72986   0.56237
  65.77578   1.30478   0.34227  65.78053   0.88145   0.11209
  65.78323   0.45919  -0.12403  65.78323  -0.00000  -0.27197
  66.54029   3.03861   1.16257  66.54475   2.59642   0.99974
  66.55015   2.15672   0.83015  66.55538   1.72261   0.64245
  66.56100   1.29541   0.43264  66.56519   0.87272   0.20887
  66.56763   0.45413  -0.02644  66.56741  -0.00000  -0.17938
  67.32825   3.03861   1.20876  67.33168   2.59387   1.06015
  67.33605   2.15136   0.90482  67.34022   1.71463   0.73055
  67.34461   1.28536   0.53343  67.34789   0.86313   0.31823
  67.34984   0.44805   0.08607  67.34951  -0.00000  -0.07069
  68.11637   3.03861   1.25207  68.11829   2.59125   1.12138
  68.12100   2.14558   0.98463  68.12349   1.70609   0.82724
  68.12608   1.27478   0.64557  68.12799   0.85275   0.44152
  68.12907   0.44093   0.21527  68.12888  -0.00000   0.05608
  68.90472   3.03861   1.29099  68.90450   2.58871   1.18265
  68.90472   2.13970   1.06960  68.90469   1.69730   0.93309
  68.90475   1.26398   0.77004  68.90465   0.84173   0.58020
  68.90439   0.43281   0.36308  68.90472  -0.00000   0.20296
$points - wing-body  with composite panels
1.
1.
         2        61                                                           5
  21.57719   3.03861   1.05261  23.02684   3.23246   1.12822
  22.36481   3.03861   1.09898  23.81096   3.23539   1.17248
  23.15231   3.03861   1.15182  24.59443   3.23833   1.22260
  23.93949   3.03861   1.20938  25.37691   3.24128   1.27685
  24.72656   3.03861   1.26836  26.15859   3.24422   1.33215
  25.51368   3.03861   1.32665  26.93962   3.24718   1.38653
  26.30095   3.03861   1.38283  27.72010   3.25013   1.43869
  27.08844   3.03861   1.43593  28.50008   3.25309   1.48775
  27.87617   3.03861   1.48531  29.27959   3.25606   1.53317
  28.66415   3.03861   1.53057  30.05864   3.25903   1.57460
  29.45236   3.03861   1.57149  30.83720   3.26200   1.61190
  30.24079   3.03861   1.60800  31.61528   3.26498   1.64503
  31.02941   3.03861   1.64015  32.39283   3.26796   1.67410
  31.81820   3.03861   1.66808  33.16983   3.27095   1.69925
  32.60711   3.03861   1.69198  33.94626   3.27394   1.72072
  33.39613   3.03861   1.71212  34.72209   3.27694   1.73877
  34.18523   3.03861   1.72880  35.49730   3.27994   1.75371
  34.97439   3.03861   1.74234  36.27186   3.28294   1.76586
  35.76359   3.03861   1.75307  37.04576   3.28595   1.77554
  36.55283   3.03861   1.76136  37.81900   3.28896   1.78310
  37.34208   3.03861   1.76752  38.59155   3.29198   1.78885
  38.13134   3.03861   1.77192  39.36342   3.29500   1.79311
  38.92061   3.03861   1.77485  40.13459   3.29803   1.79616
  39.70989   3.03861   1.77662  40.90508   3.30106   1.79828
  40.49916   3.03861   1.77750  41.67487   3.30410   1.79971
  41.28844   3.03861   1.77774  42.44395   3.30714   1.80065
  42.07772   3.03861   1.77753  43.21235   3.31018   1.80130
  42.86699   3.03861   1.77707  43.98005   3.31323   1.80179
  43.65627   3.03861   1.77647  44.74705   3.31629   1.80224
  44.44555   3.03861   1.77586  45.51335   3.31935   1.80271
  45.23483   3.03861   1.77527  46.27896   3.32241   1.80324
  46.02410   3.03861   1.77474  47.04388   3.32548   1.80384
  46.81338   3.03861   1.77424  47.80811   3.32855   1.80448
  47.60265   3.03861   1.77374  48.57163   3.33163   1.80507
  48.39193   3.03861   1.77312  49.33447   3.33471   1.80554
  49.18121   3.03861   1.77228  50.09661   3.33780   1.80574
  49.97048   3.03861   1.77106  50.85806   3.34089   1.80554
  50.75976   3.03861   1.76929  51.61881   3.34399   1.80476
  51.54903   3.03861   1.76675  52.37888   3.34709   1.80322
  52.33830   3.03861   1.76324  53.13824   3.35020   1.80069
  53.12756   3.03861   1.75852  53.89691   3.35331   1.79699
  53.91681   3.03861   1.75236  54.65488   3.35642   1.79189
  54.70605   3.03861   1.74452  55.41214   3.35954   1.78518
  55.49527   3.03861   1.73478  56.16870   3.36266   1.77666
  56.28445   3.03861   1.72292  56.92453   3.36579   1.76616
  57.07360   3.03861   1.70876  57.67965   3.36892   1.75350
  57.86271   3.03861   1.69214  58.43402   3.37206   1.73857
  58.65175   3.03861   1.67295  59.18766   3.37520   1.72128
  59.44072   3.03861   1.65113  59.94054   3.37835   1.70160
  60.22962   3.03861   1.62670  60.69267   3.38149   1.67954
  61.01844   3.03861   1.59974  61.44403   3.38465   1.65520
  61.80717   3.03861   1.57043  62.19462   3.38781   1.62875
  62.59582   3.03861   1.53903  62.94445   3.39097   1.60045
  63.38440   3.03861   1.50594  63.69354   3.39413   1.57065
  64.17294   3.03861   1.47168  64.44189   3.39730   1.53984
  64.96145   3.03861   1.43691  65.18954   3.40048   1.50861
  65.74997   3.03861   1.40246  65.93651   3.40365   1.47770
  66.53855   3.03861   1.36934  66.68285   3.40683   1.44799
  67.32724   3.03861   1.33874  67.42860   3.41002   1.42054
  68.11606   3.03861   1.31207  68.17380   3.41321   1.39659
  68.90472   3.03861   1.29099  68.91813   3.41639   1.37757
$points - wing-body  with composite panels
1.
1.
        30        61                                                           6
  23.02684   3.23246   1.12822  24.47372   3.44676   1.20158
  25.91802   3.67888   1.27164  27.36199   3.91425   1.33757
  28.80576   4.15197   1.39924  30.24934   4.39198   1.45651
  31.69269   4.63439   1.50924  33.13578   4.87928   1.55732
  34.57845   5.12740   1.60133  36.01976   5.38321   1.64576
  37.45938   5.64820   1.69139  38.89703   5.92342   1.73837
  40.33238   6.21015   1.78688  41.76500   6.50993   1.83710
  43.19432   6.82469   1.88930  44.61974   7.15642   1.94337
  46.04126   7.50461   1.99648  47.45822   7.87117   2.04783
  48.86950   8.25926   2.09712  50.27353   8.67306   2.14390
  51.66815   9.11784   2.18773  53.05344   9.59094   2.23109
  54.42820  10.09372   2.27519  55.78930  10.63226   2.32017
  57.13390  11.21071   2.36637  58.47815  11.78978   2.41588
  59.82702  12.35769   2.46909  61.18016  12.91501   2.52577
  62.53724  13.46228   2.58574  63.89801  14.00000   2.64882
  23.81096   3.23539   1.17248  25.24852   3.45237   1.24441
  26.68289   3.68705   1.31384  28.11662   3.92477   1.37950
  29.54808   4.16446   1.44113  30.98055   4.40664   1.49871
  32.41105   4.65097   1.55192  33.83983   4.89756   1.60066
  35.26654   5.14738   1.64567  36.69006   5.40488   1.69110
  38.11028   5.67139   1.73753  39.52736   5.94805   1.78511
  40.94146   6.23629   1.83402  42.35017   6.53721   1.88439
  43.75422   6.85298   1.93655  45.15321   7.18541   1.99017
  46.54743   7.53400   2.04240  47.93605   7.90077   2.09258
  49.31588   8.28804   2.14040  50.69017   8.70142   2.18558
  52.05449   9.14532   2.22763  53.40961   9.61682   2.26899
  54.75252  10.11697   2.31061  56.08497  10.65323   2.35288
  57.40215  11.22851   2.39603  58.72052  11.80365   2.44236
  60.04338  12.36779   2.49227  61.37051  12.92157   2.54561
  62.70154  13.46548   2.60224  64.03619  14.00000   2.66207
  24.59443   3.23833   1.22260  26.02232   3.45800   1.29066
  27.44643   3.69522   1.35588  28.86956   3.93529   1.41820
  30.28858   4.17696   1.47730  31.70963   4.42132   1.53320
  33.12705   4.66757   1.58545  34.54134   4.91586   1.63383
  35.95191   5.16743   1.67917  37.35754   5.42662   1.72486
  38.75829   5.69466   1.77128  40.15498   5.97281   1.81862
  41.54757   6.26255   1.86704  42.93241   6.56462   1.91665
  44.31128   6.88141   1.96780  45.68399   7.21452   2.01998
  47.05106   7.56351   2.07042  48.41141   7.93047   2.11862
  49.76043   8.31698   2.16424  51.10518   8.72991   2.20711
  52.43953   9.17290   2.24678  53.76473   9.64277   2.28593
  55.07626  10.14029   2.32538  56.38039  10.67426   2.36564
  57.67044  11.24632   2.40690  58.96309  11.81752   2.45155
  60.26011  12.37790   2.49989  61.56138  12.92813   2.55178
  62.86649  13.46867   2.60708  64.17517  14.00000   2.66566
  25.37691   3.24128   1.27685  26.79465   3.46364   1.34017
  28.20807   3.70339   1.40020  29.62010   3.94580   1.45838
  31.02648   4.18946   1.51434  32.43570   4.43600   1.56809
  33.83974   4.68418   1.61902  35.23927   4.93417   1.66684
  36.63345   5.18752   1.71232  38.02103   5.44841   1.75798
  39.40219   5.71799   1.80412  40.77858   5.99769   1.85094
  42.14939   6.28889   1.89857  43.51040   6.59213   1.94712
  44.86415   6.90995   1.99698  46.21074   7.24372   2.04741
  47.55082   7.59312   2.09580  48.88291   7.96021   2.14177
  50.20181   8.34603   2.18499  51.51726   8.75850   2.22533
  52.82201   9.20055   2.26246  54.11759   9.66878   2.29934
  55.39830  10.16366   2.33666  56.67440  10.69532   2.37502
  57.93770  11.26413   2.41460  59.20483  11.83139   2.45784
  60.47622  12.38802   2.50493  61.75185  12.93470   2.55571
  63.03125  13.47187   2.61002  64.31417  14.00000   2.66771
  26.15859   3.24422   1.33215  27.56570   3.46928   1.39033
  28.96796   3.71157   1.44486  30.36841   3.95631   1.49868
  31.76192   4.20198   1.55132  33.15889   4.45069   1.60277
  34.54922   4.70080   1.65226  35.93370   4.95249   1.69942
  37.31126   5.20765   1.74485  38.68060   5.47026   1.79028
  40.04203   5.74139   1.83592  41.39817   6.02268   1.88201
  42.74696   6.31533   1.92866  44.08417   6.61974   1.97598
  45.41288   6.93860   2.02439  46.73348   7.27301   2.07290
  48.04671   7.62284   2.11915  49.35054   7.98998   2.16280
  50.63998   8.37519   2.20357  51.92641   8.78721   2.24134
  53.20192   9.22825   2.27595  54.46820   9.69486   2.31062
  55.71865  10.18710   2.34593  56.96701  10.71643   2.38253
  58.20390  11.28192   2.42061  59.44572  11.84525   2.46262
  60.69170  12.39812   2.50865  61.94191  12.94126   2.55852
  63.19581  13.47507   2.61202  64.45319  14.00000   2.66900
  26.93962   3.24718   1.38653  28.33559   3.47494   1.43948
  29.72624   3.71974   1.48857  31.11459   3.96681   1.53809
  32.49503   4.21452   1.58746  33.87929   4.46538   1.63662
  35.25559   4.71743   1.68466  36.62473   4.97083   1.73113
  37.98540   5.22784   1.77634  39.33634   5.49217   1.82134
  40.67788   5.76484   1.86631  42.01376   6.04778   1.91154
  43.34034   6.34186   1.95707  44.65377   6.64746   2.00305
  45.95751   6.96736   2.04991  47.25225   7.30240   2.09643
  48.53878   7.65266   2.14050  49.81429   8.01976   2.18183
  51.07496   8.40445   2.22020  52.33265   8.81601   2.25546
  53.57926   9.25603   2.28766  54.81660   9.72100   2.32026
  56.03728  10.21059   2.35372  57.25821  10.73758   2.38873
  58.46905  11.29971   2.42550  59.68575  11.85911   2.46644
  60.90655  12.40823   2.51155  62.13153  12.94782   2.56063
  63.36015  13.47826   2.61345  64.59220  14.00000   2.66982
  27.72010   3.25013   1.43869  29.10443   3.48061   1.48650
  30.48298   3.72791   1.53045  31.85872   3.97730   1.57591
  33.22586   4.22706   1.62221  34.59698   4.48008   1.66918
  35.95890   4.73407   1.71582  37.31240   4.98919   1.76158
  38.65592   5.24807   1.80642  39.98829   5.51413   1.85084
  41.30978   5.78834   1.89501  42.62537   6.07298   1.93925
  43.92956   6.36847   1.98357  45.21923   6.67528   2.02815
  46.49807   6.99623   2.07342  47.76706   7.33190   2.11793
  49.02705   7.68259   2.15985  50.27419   8.04952   2.19892
  51.50675   8.43381   2.23497  52.73601   8.84493   2.26783
  53.95406   9.28387   2.29780  55.16281   9.74724   2.32851
  56.35423  10.23415   2.36031  57.54800  10.75878   2.39389
  58.73313  11.31748   2.42953  59.92493  11.87297   2.46955
  61.12075  12.41833   2.51387  62.32074  12.95438   2.56225
  63.52429  13.48146   2.61446  64.73122  14.00000   2.67029
  28.50008   3.25309   1.48775  29.87226   3.48628   1.53069
  31.23824   3.73608   1.56993  32.60086   3.98778   1.61168
  33.95445   4.23962   1.65516  35.31199   4.49479   1.70011
  36.65919   4.75072   1.74543  37.99674   5.00758   1.79049
  39.32286   5.26835   1.83483  40.63647   5.53616   1.87854
  41.93777   5.81191   1.92179  43.23297   6.09828   1.96498
  44.51464   6.39518   2.00803  45.78057   6.70321   2.05118
  47.03458   7.02520   2.09483  48.27795   7.36149   2.13735
  49.51153   7.71263   2.17720  50.73027   8.07926   2.21408
  51.93537   8.46327   2.24795  53.13649   8.87396   2.27855
  54.32633   9.31179   2.30650  55.50684   9.77356   2.33553
  56.66947  10.25776   2.36586  57.83640  10.78002   2.39820
  58.99616  11.33525   2.43287  60.16327  11.88682   2.47210
  61.33433  12.42843   2.51573  62.50952  12.96094   2.56350
  63.68821  13.48466   2.61516  64.87023  14.00000   2.67048
  29.27959   3.25606   1.53317  30.63910   3.49197   1.57158
  31.99203   3.74425   1.60663  33.34102   3.99826   1.64508
  34.68080   4.25219   1.68606  36.02435   4.50950   1.72920
  37.35648   4.76739   1.77330  38.67776   5.02600   1.81765
  39.98624   5.28867   1.86137  41.28091   5.55824   1.90428
  42.56190   5.83555   1.94655  43.83655   6.12368   1.98861
  45.09561   6.42199   2.03037  46.33780   6.73124   2.07208
  47.56706   7.05428   2.11412  48.78491   7.39119   2.15471
  49.99223   7.74279   2.19255  51.18267   8.10899   2.22739
  52.36084   8.49284   2.25921  53.53411   8.90309   2.28771
  54.69607   9.33977   2.31388  55.84871   9.79999   2.34143
  56.98301  10.28142   2.37048  58.12341  10.80130   2.40175
  59.25813  11.35302   2.43561  60.40074  11.90066   2.47417
  61.54726  12.43853   2.51719  62.69787  12.96750   2.56442
  63.85192  13.48785   2.61558  65.00925  14.00000   2.67044
  30.05864   3.25903   1.57460  31.40497   3.49766   1.60892
  32.74437   3.75242   1.64034  34.07922   4.00872   1.67593
  35.40492   4.26477   1.71475  36.73405   4.52423   1.75629
  38.05075   4.78406   1.79929  39.35547   5.04445   1.84294
  40.64605   5.30905   1.88595  41.92160   5.58039   1.92798
  43.18219   5.85927   1.96923  44.43609   6.14917   2.01013
  45.67247   6.44889   2.05059  46.89093   6.75938   2.09087
  48.09552   7.08346   2.13133  49.28796   7.42098   2.17003
  50.46915   7.77305   2.20599  51.63152   8.13875   2.23890
  52.78317   8.52252   2.26884  53.92887   8.93235   2.29540
  55.06330   9.36782   2.32002  56.18840   9.82652   2.34630
  57.29485  10.30514   2.37425  58.40902  10.82264   2.40463
  59.51904  11.37077   2.43782  60.63737  11.91450   2.47582
  61.75956  12.44863   2.51831  62.88580  12.97406   2.56504
  64.01542  13.49105   2.61574  65.14827  14.00000   2.67017
  30.83720   3.26200   1.61190  32.16985   3.50337   1.64259
  33.49524   3.76059   1.67097  34.81546   4.01916   1.70416
  36.12679   4.27735   1.74115  37.44110   4.53896   1.78131
  38.74202   4.80074   1.82332  40.02985   5.06293   1.86629
  41.30229   5.32947   1.90852  42.55856   5.60259   1.94962
  43.79866   5.88307   1.98982  45.03159   6.17475   2.02955
  46.24521   6.47589   2.06871  47.43996   6.78764   2.10760
  48.61995   7.11274   2.14649  49.78708   7.45088   2.18341
  50.94228   7.80342   2.21758  52.07692   8.16856   2.24871
  53.20238   8.55230   2.27691  54.32078   8.96171   2.30173
  55.42801   9.39594   2.32503  56.52588   9.85313   2.35022
  57.60499  10.32891   2.37725  58.69325  10.84403   2.40687
  59.77888  11.38852   2.43954  60.87313  11.92834   2.47706
  61.97122  12.45872   2.51910  63.07330  12.98062   2.56539
  64.17870  13.49425   2.61567  65.28728  14.00000   2.66968
  31.61528   3.26498   1.64503  32.93373   3.50908   1.67260
  34.24461   3.76877   1.69852  35.54972   4.02959   1.72975
  36.84639   4.28995   1.76524  38.14547   4.55370   1.80424
  39.43026   4.81743   1.84539  40.70089   5.08145   1.88768
  41.95495   5.34994   1.92908  43.19175   5.62486   1.96924
  44.41131   5.90696   2.00836  45.62302   6.20042   2.04693
  46.81384   6.50298   2.08481  47.98489   6.81600   2.12235
  49.14036   7.14212   2.15972  50.28230   7.48089   2.19494
  51.41161   7.83389   2.22744  52.51895   8.19847   2.25693
  53.61848   8.58220   2.28354  54.70985   8.99118   2.30678
  55.79021   9.42414   2.32898  56.86108   9.87978   2.35327
  57.91343  10.35272   2.37954  58.97609  10.86547   2.40854
  60.03765  11.40626   2.44079  61.10805  11.94216   2.47793
  62.18224  12.46882   2.51957  63.26037  12.98717   2.56547
  64.34177  13.49744   2.61535  65.42630  14.00000   2.66897
  32.39283   3.26796   1.67410  33.69658   3.51480   1.69905
  34.99249   3.77694   1.72306  36.28200   4.04001   1.75276
  37.56370   4.30256   1.78707  38.84715   4.56844   1.82512
  40.11547   4.83413   1.86551  41.36858   5.10001   1.90714
  42.60403   5.37046   1.94769  43.82118   5.64719   1.98688
  45.02014   5.93095   2.02495  46.21038   6.22618   2.06236
  47.37835   6.53018   2.09899  48.52570   6.84449   2.13522
  49.65676   7.17160   2.17111  50.77359   7.51100   2.20472
  51.87714   7.86445   2.23567  52.95769   8.22850   2.26366
  54.03146   8.61222   2.28884  55.09611   9.02075   2.31067
  56.14990   9.45241   2.33197  57.19399   9.90644   2.35552
  58.22018  10.37659   2.38117  59.25755  10.88696   2.40968
  60.29537  11.42400   2.44161  61.34211  11.95599   2.47843
  62.39262  12.47890   2.51974  63.44702  12.99373   2.56528
  64.50462  13.50064   2.61479  65.56532  14.00000   2.66805
  33.16983   3.27095   1.69925  34.45837   3.52053   1.72209
  35.73882   3.78512   1.74472  37.01229   4.05041   1.77329
  38.27868   4.31517   1.80670  39.54612   4.58320   1.84401
  40.79762   4.85084   1.88375  42.03289   5.11861   1.92471
  43.24950   5.39103   1.96442  44.44682   5.66958   2.00265
  45.62514   5.95506   2.03967  46.79364   6.25202   2.07595
  47.93874   6.55747   2.11138  49.06240   6.87308   2.14634
  50.16913   7.20117   2.18078  51.26096   7.54121   2.21290
  52.33888   7.89511   2.24241  53.39316   8.25867   2.26903
  54.44134   8.64236   2.29290  55.47956   9.05042   2.31351
  56.50708   9.48076   2.33409  57.52459   9.93307   2.35703
  58.52523  10.40050   2.38219  59.53764  10.90850   2.41031
  60.55201  11.44173   2.44202  61.57530  11.96980   2.47858
  62.60236  12.48899   2.51959  63.63323  13.00028   2.56482
  64.66727  13.50383   2.61399  65.70433  14.00000   2.66690
  33.94626   3.27394   1.72072  35.21909   3.52627   1.74194
  36.48360   3.79330   1.76367  37.74060   4.06080   1.79148
  38.99133   4.32779   1.82426  40.24236   4.59797   1.86100
  41.47669   4.86756   1.90020  42.69383   5.13725   1.94051
  43.89135   5.41165   1.97937  45.06866   5.69202   2.01666
  46.22628   5.97927   2.05266  47.37281   6.27796   2.08783
  48.49500   6.58487   2.12209  49.59500   6.90180   2.15584
  50.67747   7.23084   2.18888  51.74442   7.57153   2.21959
  52.79680   7.92585   2.24777  53.82534   8.28899   2.27315
  54.84811   8.67261   2.29585  55.86021   9.08016   2.31540
  56.86176   9.50918   2.33541  57.85289   9.95964   2.35788
  58.82860  10.42447   2.38266  59.81637  10.93007   2.41048
  60.80757  11.45945   2.44203  61.80764  11.98361   2.47839
  62.81145  12.49908   2.51915  63.81902  13.00683   2.56409
  64.82969  13.50703   2.61295  65.84335  14.00000   2.66553
  34.72209   3.27694   1.73877  35.97870   3.53201   1.75884
  37.22680   3.80148   1.78010  38.46691   4.07118   1.80748
  39.70161   4.34042   1.83988  40.93586   4.61274   1.87620
  42.15268   4.88429   1.91495  43.35138   5.15593   1.95462
  44.52958   5.43232   1.99266  45.68670   5.71453   2.02904
  46.82353   6.00359   2.06405  47.94787   6.30398   2.09814
  49.04712   6.61236   2.13127  50.12348   6.93062   2.16384
  51.18180   7.26061   2.19554  52.22395   7.60196   2.22494
  53.25091   7.95665   2.25189  54.25422   8.31944   2.27615
  55.25177   8.70298   2.29779  56.23807   9.10999   2.31644
  57.21393   9.53767   2.33602  58.17891   9.98611   2.35813
  59.13029  10.44849   2.38261  60.09376  10.95167   2.41022
  61.06206  11.47717   2.44167  62.03911  11.99742   2.47787
  63.01990  12.50916   2.51841  64.00437  13.01339   2.56309
  64.99189  13.51022   2.61166  65.98235  14.00000   2.66393
  35.49730   3.27994   1.75371  36.73719   3.53777   1.77305
  37.96840   3.80967   1.79423  39.19122   4.08155   1.82148
  40.40951   4.35305   1.85370  41.62659   4.62752   1.88977
  42.82557   4.90102   1.92814  44.00551   5.17465   1.96719
  45.16417   5.45304   2.00443  46.30091   5.73709   2.03993
  47.41685   6.02803   2.07398  48.51881   6.33008   2.10702
  49.59509   6.63996   2.13905  50.64785   6.95955   2.17049
  51.68209   7.29048   2.20090  52.69957   7.63250   2.22908
  53.70120   7.98747   2.25490  54.67977   8.35002   2.27814
  55.65233   8.73347   2.29883  56.61315   9.13988   2.31675
  57.56359   9.56622   2.33599  58.50272  10.01247   2.35783
  59.43029  10.47257   2.38210  60.36981  10.97330   2.40956
  61.31548  11.49487   2.44095  62.26972  12.01122   2.47702
  63.22770  12.51924   2.51738  64.18929  13.01994   2.56182
  65.15388  13.51342   2.61013  66.12136  14.00000   2.66211
  36.27186   3.28294   1.76586  37.49454   3.54352   1.78487
  38.70839   3.81786   1.80630  39.91352   4.09191   1.83367
  41.11501   4.36569   1.86590  42.31454   4.64231   1.90182
  43.49533   4.91776   1.93990  44.65623   5.19342   1.97835
  45.79512   5.47381   2.01482  46.91130   5.75970   2.04946
  48.00620   6.05256   2.08258  49.08564   6.35628   2.11461
  50.13893   6.66767   2.14559  51.16811   6.98860   2.17592
  52.17835   7.32045   2.20510  53.17127   7.66315   2.23213
  54.14770   8.01831   2.25691  55.10198   8.38071   2.27922
  56.04980   8.76408   2.29907  56.98545   9.16986   2.31639
  57.91074   9.59484   2.33539  58.82439  10.03876   2.35704
  59.72863  10.49670   2.38117  60.64453  10.99495   2.40853
  61.56781  11.51257   2.43990  62.49947  12.02501   2.47587
  63.43486  12.52932   2.51606  64.37379  13.02649   2.56030
  65.31565  13.51661   2.60836  66.26036  14.00000   2.66008
  37.04576   3.28595   1.77554  38.25074   3.54929   1.79458
  39.44674   3.82605   1.81653  40.63383   4.10227   1.84424
  41.81810   4.37833   1.87663  42.99971   4.65711   1.91252
  44.16197   4.93451   1.95035  45.30353   5.21222   1.98823
  46.42242   5.49463   2.02397  47.51787   5.78237   2.05779
  48.59156   6.07719   2.09000  49.64835   6.38257   2.12105
  50.67863   6.69547   2.15100  51.68426   7.01775   2.18025
  52.67058   7.35052   2.20826  53.63905   7.69392   2.23422
  54.59044   8.04912   2.25804  55.52086   8.41152   2.27951
  56.44417   8.79481   2.29860  57.35497   9.19991   2.31545
  58.25540   9.62352   2.33430  59.14401  10.06500   2.35581
  60.02530  10.52088   2.37985  60.91792  11.01661   2.40716
  61.81906  11.53027   2.43853  62.72835  12.03880   2.47443
  63.64137  12.53939   2.51448  64.55784  13.03304   2.55852
  65.47720  13.51981   2.60636  66.39936  14.00000   2.65782
  37.81900   3.28896   1.78310  39.00576   3.55506   1.80247
  40.18344   3.83424   1.82517  41.35212   4.11262   1.85339
  42.51877   4.39098   1.88607  43.68207   4.67192   1.92202
  44.82548   4.95128   1.95966  45.94740   5.23107   1.99697
  47.04607   5.51551   2.03202  48.12062   5.80509   2.06504
  49.17291   6.10191   2.09638  50.20694   6.40894   2.12647
  51.21418   6.72339   2.15542  52.19630   7.04701   2.18362
  53.15878   7.38070   2.21050  54.10292   7.72480   2.23546
  55.02950   8.07992   2.25840  55.93641   8.44244   2.27911
  56.83546   8.82567   2.29752  57.72173   9.23003   2.31402
  58.59758   9.65226   2.33277  59.46162  10.09123   2.35421
  60.32029  10.54512   2.37819  61.19000  11.03827   2.40548
  62.06923  11.54795   2.43687  62.95636  12.05258   2.47271
  63.84722  12.54947   2.51263  64.74146  13.03959   2.55650
  65.63853  13.52300   2.60413  66.53836  14.00000   2.65536
  38.59155   3.29198   1.78885  39.75962   3.56084   1.80882
  40.91849   3.84244   1.83245  42.06841   4.12296   1.86132
  43.21701   4.40363   1.89439  44.36164   4.68673   1.93045
  45.48584   4.96806   1.96794  46.58784   5.24995   2.00472
  47.66606   5.53644   2.03910  48.71955   5.82788   2.07135
  49.75023   6.12673   2.10184  50.76142   6.43541   2.13100
  51.74559   6.75141   2.15897  52.70425   7.07637   2.18612
  53.64296   7.41099   2.21194  54.56288   7.75580   2.23596
  55.46494   8.11070   2.25808  56.34864   8.47348   2.27810
  57.22367   8.85665   2.29591  58.08570   9.26023   2.31215
  58.93727   9.68107   2.33086  59.77727  10.11747   2.35226
  60.61363  10.56942   2.37623  61.46077  11.05994   2.40352
  62.31831  11.56563   2.43494  63.18351  12.06636   2.47073
  64.05243  12.55954   2.51054  64.92465  13.04613   2.55425
  65.79964  13.52619   2.60169  66.67735  14.00000   2.65270
  39.36342   3.29500   1.79311  40.51229   3.56662   1.81389
  41.65188   3.85065   1.83859  42.78269   4.13331   1.86821
  43.91283   4.41628   1.90175  45.03839   4.70156   1.93798
  46.14305   4.98485   1.97533  47.22484   5.26888   2.01161
  48.28240   5.55742   2.04534  49.31468   5.85073   2.07684
  50.32352   6.15163   2.10650  51.31178   6.46197   2.13475
  52.27287   6.77954   2.16176  53.20810   7.10584   2.18788
  54.12312   7.44138   2.21268  55.01892   7.78692   2.23582
  55.89685   8.14152   2.25719  56.75756   8.50463   2.27658
  57.60882   8.88776   2.29384  58.44692   9.29052   2.30992
  59.27450   9.70997   2.32863  60.09098  10.14376   2.35002
  60.90531  10.59377   2.37400  61.73023  11.08162   2.40131
  62.56631  11.58331   2.43277  63.40979  12.08013   2.46852
  64.25699  12.56960   2.50823  65.10740  13.05268   2.55178
  65.96054  13.52939   2.59903  66.81634  14.00000   2.64984
  40.13459   3.29803   1.79616  41.26378   3.57241   1.81793
  42.38361   3.85886   1.84379  43.49496   4.14365   1.87423
  44.60622   4.42894   1.90829  45.71233   4.71639   1.94472
  46.79712   5.00167   1.98196  47.85841   5.28785   2.01775
  48.89508   5.57846   2.05086  49.90600   5.87366   2.08163
  50.89276   6.17662   2.11047  51.85804   6.48863   2.13781
  52.79601   6.80778   2.16387  53.70786   7.13541   2.18897
  54.59926   7.47188   2.21281  55.47107   7.81814   2.23513
  56.32528   8.17240   2.25579  57.16319   8.53590   2.27460
  57.99090   8.91899   2.29137  58.80539   9.32089   2.30737
  59.60925   9.73896   2.32613  60.40274  10.17011   2.34753
  61.19535  10.61818   2.37153  61.99839  11.10329   2.39887
  62.81322  11.60097   2.43037  63.63520  12.09389   2.46608
  64.46089  12.57967   2.50570  65.28972  13.05923   2.54911
  66.12122  13.53258   2.59619  66.95532  14.00000   2.64681
  40.90508   3.30106   1.79828  42.01408   3.57820   1.82117
  43.11367   3.86707   1.84825  44.20524   4.15400   1.87956
  45.29717   4.44161   1.91416  46.38346   4.73123   1.95081
  47.44803   5.01851   1.98795  48.48855   5.30686   2.02325
  49.50411   5.59955   2.05575  50.49352   5.89668   2.08581
  51.45797   6.20169   2.11383  52.40018   6.51539   2.14027
  53.31502   6.83614   2.16539  54.20354   7.16507   2.18949
  55.07139   7.50248   2.21241  55.91932   7.84947   2.23395
  56.75027   8.20338   2.25397  57.56553   8.56730   2.27224
  58.36993   8.95036   2.28857  59.16109   9.35133   2.30457
  59.94154   9.76806   2.32339  60.71259  10.19655   2.34482
  61.48374  10.64264   2.36886  62.26524  11.12495   2.39623
  63.05904  11.61863   2.42777  63.85975  12.10765   2.46345
  64.66415  12.58973   2.50297  65.47160  13.06577   2.54625
  66.28167  13.53577   2.59317  67.09431  14.00000   2.64360
  41.67487   3.30410   1.79971  42.76319   3.58400   1.82381
  43.84206   3.87529   1.85213  44.91352   4.16435   1.88432
  45.98570   4.45427   1.91948  47.05178   4.74608   1.95636
  48.09578   5.03538   1.99338  49.11526   5.32591   2.02822
  50.10949   5.62070   2.06012  51.07722   5.91978   2.08946
  52.01913   6.22685   2.11667  52.93823   6.54224   2.14222
  53.82991   6.86461   2.16638  54.69515   7.19484   2.18950
  55.53952   7.53320   2.21155  56.36369   7.88090   2.23236
  57.17181   8.23450   2.25178  57.96459   8.59882   2.26956
  58.74593   8.98185   2.28549  59.51406   9.38187   2.30154
  60.27133   9.79729   2.32046  61.02049  10.22307   2.34193
  61.77049  10.66715   2.36601  62.53078  11.14661   2.39343
  63.30378  11.63628   2.42500  64.08344  12.12140   2.46064
  64.86675  12.59980   2.50007  65.65305  13.07231   2.54322
  66.44191  13.53897   2.58998  67.23328  14.00000   2.64024
  42.44395   3.30714   1.80065  43.51110   3.58980   1.82603
  44.56878   3.88351   1.85558  45.61979   4.17470   1.88866
  46.67179   4.46695   1.92436  47.71728   4.76094   1.96146
  48.74038   5.05227   1.99836  49.73853   5.34501   2.03273
  50.71121   5.64190   2.06403  51.65710   5.94299   2.09266
  52.57626   6.25209   2.11905  53.47218   6.56918   2.14371
  54.34069   6.89320   2.16692  55.18269   7.22470   2.18907
  56.00365   7.56402   2.21029  56.80421   7.91242   2.23041
  57.58990   8.26578   2.24927  58.36038   8.63048   2.26660
  59.11892   9.01346   2.28219  59.86429   9.41249   2.29834
  60.59863   9.82665   2.31737  61.32647  10.24965   2.33888
  62.05561  10.69172   2.36301  62.79503  11.16826   2.39047
  63.54742  11.65392   2.42207  64.30624  12.13515   2.45767
  65.06870  12.60985   2.49701  65.83406  13.07886   2.54003
  66.60193  13.54216   2.58663  67.37226  14.00000   2.63673
  43.21235   3.31018   1.80130  44.25784   3.59560   1.82798
  45.29382   3.89173   1.85874  46.32407   4.18506   1.89266
  47.35546   4.47962   1.92889  48.37997   4.77580   1.96620
  49.38183   5.06919   2.00295  50.35838   5.36415   2.03685
  51.30928   5.66316   2.06755  52.23314   5.96629   2.09546
  53.12935   6.27741   2.12103  54.00204   6.59623   2.14478
  54.84736   6.92190   2.16703  55.66617   7.25466   2.18824
  56.46379   7.59496   2.20867  57.24092   7.94401   2.22815
  58.00455   8.29720   2.24648  58.75292   8.66226   2.26341
  59.48890   9.04517   2.27871  60.21178   9.44319   2.29499
  60.92343   9.85610   2.31415  61.63053  10.27631   2.33571
  62.33911  10.71634   2.35988  63.05797  11.18990   2.38739
  63.78997  11.67156   2.41901  64.52819  12.14889   2.45457
  65.27000  12.61991   2.49381  66.01464  13.08540   2.53671
  66.76173  13.54535   2.58316  67.51123  14.00000   2.63308
  43.98005   3.31323   1.80179  45.00338   3.60141   1.82976
  46.01720   3.89995   1.86169  47.02634   4.19542   1.89642
  48.03670   4.49231   1.93314  49.03985   4.79068   1.97063
  50.02012   5.08615   2.00721  50.97481   5.38333   2.04064
  51.90371   5.68447   2.07072  52.80532   5.98970   2.09789
  53.67841   6.30282   2.12263  54.52782   6.62337   2.14547
  55.34993   6.95071   2.16676  56.14560   7.28472   2.18705
  56.91995   7.62601   2.20673  57.67385   7.97564   2.22561
  58.41574   8.32877   2.24345  59.14220   8.69418   2.26001
  59.85589   9.07698   2.27508  60.55655   9.47399   2.29152
  61.24579   9.88559   2.31081  61.93267  10.30303   2.33242
  62.62099  10.74103   2.35664  63.31962  11.21153   2.38419
  64.03143  11.68918   2.41583  64.74927  12.16263   2.45134
  65.47066  12.62997   2.49049  66.19479  13.09194   2.53326
  66.92131  13.54854   2.57955  67.65019  14.00000   2.62932
  44.74705   3.31629   1.80224  45.74773   3.60722   1.83148
  46.73891   3.90817   1.86450  47.72661   4.20579   1.90001
  48.71550   4.50499   1.93718  49.69692   4.80556   1.97479
  50.65526   5.10314   2.01118  51.58781   5.40255   2.04411
  52.49450   5.70583   2.07356  53.37362   6.01321   2.09999
  54.22346   6.32832   2.12388  55.04951   6.65062   2.14580
  55.84842   6.97963   2.16612  56.62097   7.31488   2.18554
  57.37213   7.65718   2.20451  58.10310   8.00729   2.22282
  58.82349   8.36047   2.24021  59.52825   8.72623   2.25643
  60.21992   9.10889   2.27134  60.89861   9.50487   2.28795
  61.56576   9.91509   2.30738  62.23292  10.32982   2.32904
  62.90125  10.76577   2.35331  63.57997  11.23314   2.38091
  64.27180  11.70681   2.41256  64.96948  12.17636   2.44801
  65.67065  12.64002   2.48707  66.37449  13.09848   2.52970
  67.08067  13.55173   2.57584  67.78916  14.00000   2.62544
  45.51335   3.31935   1.80271  46.49089   3.61304   1.83319
  47.45896   3.91640   1.86724  48.42487   4.21618   1.90344
  49.39189   4.51769   1.94101  50.35118   4.82045   1.97873
  51.28725   5.12016   2.01487  52.19740   5.42182   2.04729
  53.08166   5.72724   2.07609  53.93803   6.03682   2.10176
  54.76449   6.35389   2.12479  55.56714   6.67796   2.14578
  56.34282   7.00865   2.16513  57.09230   7.34515   2.18371
  57.82034   7.68846   2.20201  58.52872   8.03894   2.21979
  59.22783   8.39230   2.23677  59.91107   8.75841   2.25269
  60.58099   9.14087   2.26750  61.23795   9.53583   2.28429
  61.88343   9.94454   2.30387  62.53127  10.35667   2.32558
  63.17990  10.79057   2.34991  63.83901  11.25473   2.37755
  64.51109  11.72442   2.40921  65.18883  12.19008   2.44460
  65.87000  12.65007   2.48355  66.55376  13.10502   2.52605
  67.23981  13.55492   2.57203  67.92812  14.00000   2.62146
  46.27896   3.32241   1.80324  47.23287   3.61885   1.83490
  48.17734   3.92462   1.86991  49.12112   4.22657   1.90676
  50.06584   4.53039   1.94467  51.00262   4.83534   1.98244
  51.91609   5.13722   2.01830  52.80357   5.44113   2.05018
  53.66519   5.74870   2.07832  54.49855   6.06052   2.10320
  55.30151   6.37955   2.12536  56.08070   6.70541   2.14541
  56.83314   7.03778   2.16379  57.55959   7.37553   2.18157
  58.26458   7.71987   2.19925  58.95084   8.07055   2.21654
  59.62875   8.42425   2.23315  60.29067   8.79072   2.24879
  60.93910   9.17295   2.26357  61.57460   9.56687   2.28055
  62.19893   9.97389   2.30028  62.82774  10.38358   2.32206
  63.45694  10.81544   2.34644  64.09676  11.27632   2.37413
  64.74927  11.74203   2.40578  65.40730  12.20381   2.44111
  66.06870  12.66012   2.47995  66.73260  13.11155   2.52231
  67.39874  13.55812   2.56813  68.06708  14.00000   2.61739
  47.04388   3.32548   1.80384  47.97366   3.62467   1.83662
  48.89407   3.93284   1.87251  49.81535   4.23697   1.90993
  50.73737   4.54309   1.94814  51.65126   4.85024   1.98591
  52.54179   5.15431   2.02145  53.40633   5.46049   2.05277
  54.24511   5.77022   2.08021  55.05516   6.08432   2.10429
  55.83453   6.40530   2.12557  56.59019   6.73296   2.14468
  57.31940   7.06702   2.16209  58.02285   7.40601   2.17913
  58.70485   7.75140   2.19622  59.36951   8.10215   2.21307
  60.02628   8.45632   2.22934  60.66707   8.82317   2.24476
  61.29427   9.20510   2.25956  61.90858   9.59799   2.27674
  62.51236  10.00311   2.29662  63.12234  10.41056   2.31847
  63.73239  10.84038   2.34291  64.35320  11.29789   2.37065
  64.98637  11.75963   2.40230  65.62492  12.21752   2.43756
  66.26674  12.67016   2.47629  66.91101  13.11809   2.51850
  67.55745  13.56131   2.56416  68.20604  14.00000   2.61324
  47.80811   3.32855   1.80448  48.71326   3.63049   1.83832
  49.60915   3.94106   1.87502  50.50757   4.24737   1.91295
  51.40647   4.55581   1.95139  52.29710   4.86515   1.98912
  53.16435   5.17143   2.02428  54.00568   5.47989   2.05501
  54.82143   5.79178   2.08174  55.60788   6.10820   2.10501
  56.36354   6.43114   2.12539  57.09563   6.76062   2.14356
  57.80161   7.09636   2.16003  58.48209   7.43660   2.17637
  59.14119   7.78304   2.19293  59.78475   8.13377   2.20937
  60.42043   8.48851   2.22536  61.04028   8.85576   2.24057
  61.64651   9.23735   2.25546  62.23989   9.62918   2.27286
  62.82378  10.03222   2.29289  63.41507  10.43760   2.31482
  64.00624  10.86539   2.33933  64.60832  11.31945   2.36712
  65.22236  11.77723   2.39877  65.84165  12.23124   2.43395
  66.46413  12.68021   2.47257  67.08898  13.12463   2.51463
  67.71593  13.56450   2.56011  68.34499  14.00000   2.60901
  48.57163   3.33163   1.80507  49.45168   3.63631   1.83992
  50.32257   3.94928   1.87736  51.19777   4.25779   1.91575
  52.07314   4.56853   1.95437  52.94012   4.88007   1.99201
  53.78376   5.18859   2.02676  54.60163   5.49933   2.05688
  55.39415   5.81339   2.08288  56.15670   6.13216   2.10532
  56.88857   6.45706   2.12480  57.59702   6.78839   2.14202
  58.27975   7.12580   2.15759  58.93731   7.46730   2.17329
  59.57359   7.81480   2.18936  60.19656   8.16546   2.20545
  60.81122   8.52082   2.22118  61.41030   8.88849   2.23624
  61.99582   9.26969   2.25127  62.56857   9.66044   2.26890
  63.13322  10.06126   2.28908  63.70593  10.46472   2.31112
  64.27851  10.89047   2.33570  64.86214  11.34100   2.36355
  65.45727  11.79482   2.39519  66.05753  12.24495   2.43030
  66.66087  12.69025   2.46879  67.26652  13.13116   2.51069
  67.87421  13.56769   2.55600  68.48394  14.00000   2.60471
  49.33447   3.33471   1.80554  50.18891   3.64214   1.84134
  51.03436   3.95749   1.87947  51.88596   4.26821   1.91827
  52.73739   4.58125   1.95702  53.58034   4.89499   1.99453
  54.40004   5.20578   2.02883  55.19417   5.51883   2.05831
  55.96325   5.83506   2.08356  56.70162   6.15620   2.10517
  57.40960   6.48308   2.12375  58.09437   6.81626   2.14003
  58.75386   7.15534   2.15474  59.38852   7.49811   2.16986
  60.00209   7.84667   2.18550  60.60490   8.19724   2.20128
  61.19864   8.55327   2.21681  61.77715   8.92136   2.23176
  62.34221   9.30212   2.24699  62.89458   9.69179   2.26486
  63.44065  10.09029   2.28520  63.99494  10.49190   2.30735
  64.54921  10.91561   2.33201  65.11466  11.36253   2.35993
  65.69108  11.81240   2.39156  66.27253  12.25865   2.42660
  66.85696  12.70028   2.46496  67.44362  13.13770   2.50671
  68.03226  13.57088   2.55183  68.62289  14.00000   2.60035
  50.09661   3.33780   1.80574  50.92495   3.64796   1.84247
  51.74451   3.96570   1.88125  52.57212   4.27864   1.92041
  53.39921   4.59398   1.95926  54.21775   4.90992   1.99660
  55.01318   5.22301   2.03042  55.78331   5.53836   2.05924
  56.52875   5.85680   2.08374  57.24265   6.18032   2.10450
  57.92664   6.50918   2.12219  58.58768   6.84425   2.13755
  59.22394   7.18497   2.15146  59.83573   7.52903   2.16606
  60.42671   7.87864   2.18133  61.00974   8.22915   2.19685
  61.58270   8.58586   2.21222  62.14084   8.95437   2.22710
  62.68568   9.33465   2.24259  63.21792   9.72325   2.26073
  63.74606  10.11933   2.28123  64.28210  10.51915   2.30352
  64.81835  10.94079   2.32827  65.36586  11.38406   2.35626
  65.92379  11.82997   2.38789  66.48666  12.27236   2.42285
  67.05241  12.71032   2.46109  67.62029  13.14423   2.50267
  68.19010  13.57407   2.54760  68.76184  14.00000   2.59592
  50.85806   3.34089   1.80554  51.65981   3.65379   1.84318
  52.45303   3.97390   1.88257  53.25626   4.28907   1.92207
  54.05861   4.60672   1.96099  54.85235   4.92485   1.99813
  55.62318   5.24027   2.03144  56.36904   5.55795   2.05960
  57.09061   5.87860   2.08334  57.77980   6.20452   2.10327
  58.43971   6.53538   2.12009  59.07696   6.87234   2.13453
  59.68998   7.21471   2.14772  60.27895   7.56006   2.16186
  60.84750   7.91071   2.17683  61.41100   8.26123   2.19214
  61.96342   8.61858   2.20741  62.50139   8.98753   2.22227
  63.02625   9.36726   2.23806  63.53855   9.75483   2.25649
  64.04939  10.14842   2.27717  64.56741  10.54647   2.29961
  65.08595  10.96601   2.32447  65.61575  11.40558   2.35254
  66.15541  11.84753   2.38416  66.69992  12.28605   2.41904
  67.24718  12.72036   2.45716  67.79652  13.15076   2.49857
  68.34772  13.57726   2.54331  68.90079  14.00000   2.59142
  51.61881   3.34399   1.80476  52.39347   3.65961   1.84330
  53.15992   3.98210   1.88331  53.93839   4.29951   1.92313
  54.71557   4.61946   1.96210  55.48415   4.93980   1.99903
  56.23006   5.25757   2.03181  56.95137   5.57758   2.05930
  57.64883   5.90049   2.08230  58.31306   6.22880   2.10140
  58.94880   6.56167   2.11737  59.56222   6.90055   2.13094
  60.15200   7.24454   2.14349  60.71818   7.59120   2.15725
  61.26453   7.94285   2.17198  61.80871   8.29347   2.18714
  62.34080   8.65145   2.20235  62.85880   9.02081   2.21725
  63.36391   9.39998   2.23340  63.85644   9.78654   2.25214
  64.35059  10.17761   2.27301  64.85088  10.57386   2.29561
  65.35201  10.99127   2.32059  65.86433  11.42709   2.34876
  66.38593  11.86509   2.38038  66.91232  12.29975   2.41519
  67.44132  12.73039   2.45317  67.97232  13.15729   2.49442
  68.50513  13.58045   2.53896  69.03973  14.00000   2.58685
  52.37888   3.34709   1.80322  53.12596   3.66543   1.84267
  53.86520   3.99029   1.88331  54.61848   4.30996   1.92346
  55.37011   4.63221   1.96248  56.11314   4.95475   1.99918
  56.83379   5.27490   2.03143  57.53031   5.59726   2.05827
  58.20338   5.92245   2.08053  58.84245   6.25316   2.09885
  59.45392   6.58806   2.11400  60.04346   6.92886   2.12674
  60.61000   7.27447   2.13874  61.15343   7.62246   2.15219
  61.67791   7.97504   2.16675  62.20288   8.32586   2.18182
  62.71485   8.68445   2.19703  63.21311   9.05420   2.21203
  63.69868   9.43280   2.22857  64.17154   9.81842   2.24766
  64.64966  10.20690   2.26872  65.13254  10.60133   2.29150
  65.61652  11.01654   2.31663  66.11160  11.44859   2.34490
  66.61536  11.88264   2.37653  67.12383  12.31344   2.41127
  67.63480  12.74042   2.44913  68.14769  13.16382   2.49020
  68.66231  13.58364   2.53454  69.17867  14.00000   2.58222
  53.13824   3.35020   1.80069  53.85725   3.67126   1.84111
  54.56887   3.99848   1.88242  55.29656   4.32041   1.92291
  56.02222   4.64497   1.96200  56.73932   4.96972   1.99848
  57.43440   5.29226   2.03021  58.10584   5.61699   2.05642
  58.75424   5.94451   2.07797  59.36797   6.27760   2.09553
  59.95507   6.61454   2.10992  60.52069   6.95729   2.12188
  61.06400   7.30450   2.13344  61.58469   7.65383   2.14665
  62.08774   8.00725   2.16111  62.59353   8.35840   2.17615
  63.08559   8.71759   2.19143  63.56431   9.08770   2.20661
  64.03056   9.46572   2.22357  64.48390   9.85041   2.24303
  64.94660  10.23627   2.26429  65.41237  10.62886   2.28728
  65.87952  11.04182   2.31257  66.35754  11.47007   2.34095
  66.84370  11.90018   2.37260  67.33448  12.32712   2.40727
  67.82763  12.75044   2.44501  68.32262  13.17035   2.48591
  68.81927  13.58683   2.53005  69.31760  14.00000   2.57751
  53.89691   3.35331   1.79699  54.58736   3.67708   1.83844
  55.27095   4.00666   1.88047  55.97261   4.33086   1.92135
  56.67191   4.65773   1.96053  57.36268   4.98470   1.99681
  58.03188   5.30967   2.02804  58.67798   5.63677   2.05365
  59.30136   5.96665   2.07455  59.88963   6.30211   2.09141
  60.45227   6.64111   2.10508  60.99392   6.98582   2.11633
  61.51397   7.33463   2.12755  62.01198   7.68533   2.14062
  62.49417   8.03944   2.15506  62.98071   8.39106   2.17014
  63.45303   8.75088   2.18552  63.91242   9.12130   2.20096
  64.35956   9.49873   2.21837  64.79367   9.88248   2.23822
  65.24143  10.26574   2.25971  65.69039  10.65646   2.28292
  66.14098  11.06710   2.30839  66.60217  11.49155   2.33691
  67.07094  11.91771   2.36858  67.54425  12.34081   2.40319
  68.01980  12.76047   2.44081  68.49711  13.17688   2.48154
  68.97603  13.59002   2.52549  69.45654  14.00000   2.57273
  54.65488   3.35642   1.79189  55.31627   3.68290   1.83447
  55.97142   4.01483   1.87729  56.64664   4.34132   1.91863
  57.31916   4.67050   1.95795  57.98324   4.99970   1.99407
  58.62623   5.32710   2.02484  59.24672   5.65659   2.04991
  59.84473   5.98890   2.07020  60.40743   6.32671   2.08641
  60.94550   6.66778   2.09943  61.46316   7.01445   2.11005
  61.95995   7.36488   2.12106  62.43528   7.71695   2.13407
  62.89735   8.07162   2.14855  63.36444   8.42386   2.16374
  63.81718   8.78431   2.17930  64.25745   9.15499   2.19506
  64.68568   9.53184   2.21295  65.10103   9.91454   2.23323
  65.53417  10.29529   2.25496  65.96661  10.68413   2.27841
  66.40093  11.09239   2.30409  66.84547  11.51302   2.33274
  67.29708  11.93523   2.36445  67.75315  12.35448   2.39901
  68.21132  12.77049   2.43651  68.67117  13.18340   2.47709
  69.13255  13.59321   2.52084  69.59547  14.00000   2.56786
  55.41214   3.35954   1.78518  56.04398   3.68873   1.82901
  56.67031   4.02299   1.87273  57.31864   4.35178   1.91460
  57.96397   4.68328   1.95413  58.60098   5.01471   1.99014
  59.21745   5.34457   2.02052  59.81208   5.67646   2.04510
  60.38436   6.01123   2.06485  60.92138   6.35138   2.08050
  61.43479   6.69455   2.09295  61.92840   7.04318   2.10304
  62.40193   7.39522   2.11393  62.85461   7.74869   2.12699
  63.29730   8.10377   2.14160  63.74474   8.45677   2.15696
  64.17805   8.81788   2.17275  64.59941   9.18878   2.18891
  65.00898   9.56505   2.20731  65.40619   9.94656   2.22801
  65.82484  10.32491   2.25002  66.24103  10.71187   2.27373
  66.65935  11.11767   2.29964  67.08747  11.53448   2.32844
  67.52213  11.95275   2.36019  67.96117  12.36816   2.39471
  68.40218  12.78051   2.43211  68.84479  13.18993   2.47253
  69.28886  13.59639   2.51609  69.73441  14.00000   2.56291
  56.16870   3.36266   1.77666  56.77049   3.69455   1.82188
  57.36761   4.03114   1.86663  57.98861   4.36225   1.90914
  58.60635   4.69606   1.94895  59.21591   5.02975   1.98492
  59.80554   5.36208   2.01499  60.37405   5.69638   2.03917
  60.92023   6.03365   2.05847  61.43147   6.37613   2.07363
  61.92012   6.72141   2.08559  62.38966   7.07202   2.09526
  62.83992   7.42568   2.10617  63.27000   7.78055   2.11937
  63.69397   8.13595   2.13417  64.12163   8.48982   2.14977
  64.53566   8.85161   2.16586  64.93830   9.22266   2.18248
  65.32945   9.59834   2.20141  65.70938   9.97845   2.22256
  66.11346  10.35462   2.24487  66.51366  10.73968   2.26887
  66.91624  11.14294   2.29502  67.32813  11.55592   2.32399
  67.74608  11.97025   2.35580  68.16832  12.38183   2.39029
  68.59239  12.79053   2.42760  69.01797  13.19646   2.46787
  69.44495  13.59958   2.51125  69.87333  14.00000   2.55785
  56.92453   3.36579   1.76616  57.49579   3.70037   1.81293
  58.06333   4.03928   1.85884  58.65654   4.37272   1.90211
  59.24628   4.70885   1.94232  59.82801   5.04480   1.97834
  60.39049   5.37963   2.00819  60.93265   5.71634   2.03207
  61.45234   6.05616   2.05101  61.93771   6.40095   2.06578
  62.40152   6.74838   2.07735  62.84693   7.10096   2.08673
  63.27392   7.45624   2.09776  63.68146   7.81253   2.11119
  64.08730   8.16819   2.12626  64.49510   8.52300   2.14218
  64.89001   8.88548   2.15861  65.27414   9.25665   2.17576
  65.64714   9.63171   2.19525  66.01080  10.01019   2.21685
  66.40005  10.38439   2.23950  66.78451  10.76757   2.26381
  67.17161  11.16820   2.29023  67.56748  11.57736   2.31937
  67.96893  11.98775   2.35125  68.37459  12.39549   2.38572
  68.78194  12.80055   2.42295  69.19072  13.20298   2.46309
  69.60083  13.60277   2.50629  70.01225  14.00000   2.55270
  57.67965   3.36892   1.75350  58.21988   3.70619   1.80202
  58.75747   4.04741   1.84925  59.32244   4.38319   1.89341
  59.88376   4.72164   1.93414  60.43729   5.05988   1.97032
  60.97231   5.39721   2.00006  61.48787   5.73635   2.02375
  61.98071   6.07875   2.04244  62.44011   6.42587   2.05694
  62.87896   6.77544   2.06821  63.30022   7.12999   2.07743
  63.70394   7.48691   2.08872  64.08904   7.84461   2.10248
  64.47717   8.20054   2.11789  64.86515   8.55632   2.13418
  65.24112   8.91951   2.15100  65.60693   9.29073   2.16874
  65.96205   9.66517   2.18882  66.31045  10.04181   2.21088
  66.68459  10.41425   2.23390  67.05357  10.79554   2.25854
  67.42545  11.19345   2.28525  67.80550  11.59878   2.31458
  68.19069  12.00523   2.34653  68.57998  12.40915   2.38100
  68.97083  12.81056   2.41816  69.36303  13.20950   2.45818
  69.75648  13.60596   2.50122  70.15118  14.00000   2.54744
  58.43402   3.37206   1.73857  58.94273   3.71200   1.78903
  59.45002   4.05554   1.83776  59.98630   4.39367   1.88297
  60.51879   4.73444   1.92435  61.04374   5.07499   1.96081
  61.55099   5.41482   1.99058  62.03973   5.75639   2.01421
  62.50532   6.10141   2.03276  62.93865   6.45086   2.04709
  63.35247   6.80262   2.05818  63.74954   7.15912   2.06739
  64.12998   7.51769   2.07905  64.49276   7.87681   2.09324
  64.86346   8.23304   2.10906  65.23180   8.58979   2.12578
  65.58899   8.95369   2.14305  65.93668   9.32492   2.16142
  66.27415   9.69873   2.18212  66.60822  10.07338   2.20464
  66.96711  10.44419   2.22806  67.32088  10.82359   2.25305
  67.67776  11.21867   2.28006  68.04218  11.62020   2.30959
  68.41135  12.02271   2.34164  68.78449  12.42281   2.37612
  69.15907  12.82057   2.41322  69.53490  13.21603   2.45313
  69.91191  13.60915   2.49603  70.29008  14.00000   2.54207
  59.18766   3.37520   1.72128  59.66436   3.71782   1.77389
  60.14098   4.06366   1.82431  60.64811   4.40414   1.87072
  61.15136   4.74725   1.91291  61.64735   5.09012   1.94979
  62.12654   5.43247   1.97973  62.58823   5.77648   2.00343
  63.02620   6.12416   2.02198  63.43334   6.47594   2.03627
  63.82204   6.82989   2.04728  64.19489   7.18834   2.05665
  64.55206   7.54858   2.06878  64.89269   7.90910   2.08349
  65.24607   8.26571   2.09978  65.59502   8.62340   2.11700
  65.93364   8.98801   2.13475  66.26339   9.35921   2.15382
  66.58335   9.73241   2.17515  66.90402  10.10493   2.19813
  67.24760  10.47422   2.22199  67.58643  10.85173   2.24734
  67.92854  11.24388   2.27467  68.27754  11.64160   2.30441
  68.63091  12.04018   2.33657  68.98813  12.43646   2.37107
  69.34665  12.83058   2.40813  69.70634  13.22255   2.44795
  70.06712  13.61234   2.49071  70.42900  14.00000   2.53660
  59.94054   3.37835   1.70160  60.38474   3.72364   1.75657
  60.83034   4.07177   1.80886  61.30786   4.41462   1.85666
  61.78147   4.76006   1.89982  62.24813   5.10527   1.93726
  62.69894   5.45016   1.96753  63.13337   5.79662   1.99145
  63.54334   6.14697   2.01013  63.92418   6.50110   2.02451
  64.28767   6.85727   2.03555  64.63628   7.21766   2.04524
  64.97018   7.57958   2.05795  65.28894   7.94147   2.07327
  65.62503   8.29853   2.09009  65.95486   8.65716   2.10785
  66.27509   9.02248   2.12613  66.58707   9.39361   2.14593
  66.88961   9.76624   2.16793  67.19771  10.13653   2.19137
  67.52607  10.50433   2.21567  67.85022  10.87996   2.24142
  68.17778  11.26907   2.26907  68.51157  11.66299   2.29904
  68.84937  12.05763   2.33131  69.19088  12.45011   2.36585
  69.53356  12.84059   2.40289  69.87733  13.22907   2.44263
  70.22211  13.61552   2.48528  70.56790  14.00000   2.53102
  60.69267   3.38149   1.67954  61.10387   3.72946   1.73708
  61.51810   4.07988   1.79145  61.96555   4.42511   1.84081
  62.40910   4.77288   1.88511  62.84607   5.12046   1.92328
  63.26819   5.46789   1.95403  63.67515   5.81680   1.97831
  64.05677   6.16986   1.99726  64.41117   6.52635   2.01185
  64.74937   6.88476   2.02305  65.07369   7.24707   2.03322
  65.38432   7.61069   2.04661  65.68166   7.97389   2.06261
  66.00037   8.33152   2.08003  66.31130   8.69106   2.09838
  66.61333   9.05706   2.11723  66.90771   9.42812   2.13778
  67.19284   9.80024   2.16047  67.48911  10.16823   2.18437
  67.80253  10.53452   2.20914  68.11227  10.90827   2.23528
  68.42548  11.29424   2.26328  68.74426  11.68437   2.29347
  69.06673  12.07508   2.32587  69.39275  12.46375   2.36046
  69.71983  12.85059   2.39750  70.04789  13.23559   2.43719
  70.37688  13.61871   2.47973  70.70681  14.00000   2.52534
  61.44403   3.38465   1.65520  61.82174   3.73528   1.71553
  62.20426   4.08798   1.77214  62.62118   4.43559   1.82324
  63.03426   4.78570   1.86884  63.44117   5.13567   1.90791
  63.83429   5.48565   1.93931  64.21353   5.83703   1.96409
  64.56647   6.19282   1.98346  64.89432   6.55168   1.99839
  65.20715   6.91235   2.00986  65.50715   7.27658   2.02066
  65.79450   7.64192   2.03484  66.07103   8.00632   2.05159
  66.37216   8.36465   2.06965  66.66438   8.72512   2.08861
  66.94838   9.09176   2.10808  67.22533   9.46275   2.12941
  67.49302   9.83441   2.15281  67.77818  10.20003   2.17716
  68.07697  10.56481   2.20241  68.37259  10.93665   2.22896
  68.67165  11.31940   2.25730  68.97562  11.70575   2.28773
  69.28300  12.09252   2.32027  69.59375  12.47739   2.35493
  69.90543  12.86059   2.39197  70.21800  13.24211   2.43162
  70.53143  13.62190   2.47408  70.84570  14.00000   2.51958
  62.19462   3.38781   1.62875  62.53836   3.74110   1.69205
  62.88882   4.09608   1.75109  63.27474   4.44608   1.80408
  63.65695   4.79854   1.85115  64.03342   5.15091   1.89127
  64.39725   5.50345   1.92348  64.74850   5.85732   1.94892
  65.07246   6.21585   1.96883  65.37363   6.57710   1.98423
  65.66102   6.94005   1.99608  65.93665   7.30619   2.00766
  66.20071   7.67327   2.02270  66.45722   8.03875   2.04026
  66.74044   8.39791   2.05901  67.01411   8.75933   2.07862
  67.28026   9.12657   2.09874  67.53993   9.49748   2.12085
  67.79036   9.86869   2.14497  68.06493  10.23195   2.16978
  68.34943  10.59518   2.19550  68.63119  10.96507   2.22247
  68.91628  11.34454   2.25116  69.20564  11.72711   2.28183
  69.49818  12.10995   2.31452  69.79386  12.49103   2.34926
  70.09037  12.87059   2.38633  70.38768  13.24862   2.42595
  70.68576  13.62508   2.46835  70.98460  14.00000   2.51375
  62.94445   3.39097   1.60045  63.25372   3.74692   1.66688
  63.57178   4.10417   1.72850  63.92624   4.45658   1.78354
  64.27717   4.81137   1.83222  64.62284   5.16617   1.87354
  64.95708   5.52129   1.90670  65.28004   5.87767   1.93292
  65.57475   6.23896   1.95351  65.84911   6.60261   1.96948
  66.11097   6.96784   1.98184  66.36222   7.33590   1.99432
  66.60297   7.70474   2.01031  66.84044   8.07115   2.02871
  67.10526   8.43131   2.04819  67.36050   8.79368   2.06846
  67.60897   9.16147   2.08927  67.85155   9.53232   2.11217
  68.08517   9.90300   2.13701  68.34941  10.26398   2.16226
  68.61990  10.62563   2.18847  68.88806  10.99353   2.21587
  69.15936  11.36966   2.24490  69.43433  11.74846   2.27582
  69.71225  12.12737   2.30866  69.99310  12.50466   2.34350
  70.27465  12.88059   2.38061  70.55693  13.25514   2.42022
  70.83987  13.62827   2.46256  71.12350  14.00000   2.50788
  63.69354   3.39413   1.57065  63.96785   3.75274   1.64036
  64.25314   4.11226   1.70466  64.57569   4.46707   1.76187
  64.89492   4.82421   1.81228  65.20943   5.18146   1.85492
  65.51376   5.53917   1.88916  65.80812   5.89809   1.91629
  66.07336   6.26213   1.93766  66.32077   6.62821   1.95431
  66.55703   6.99574   1.96728  66.78385   7.36572   1.98078
  67.00127   7.73634   1.99778  67.22070   8.10354   2.01704
  67.46667   8.46484   2.03728  67.70358   8.82819   2.05823
  67.93453   9.19648   2.07974  68.16022   9.56725   2.10343
  68.37782   9.93727   2.12897  68.63164  10.29610   2.15468
  68.88840  10.65617   2.18138  69.14322  11.02202   2.20921
  69.40090  11.39477   2.23858  69.66167  11.76980   2.26975
  69.92523  12.14478   2.30275  70.19145  12.51829   2.33768
  70.45828  12.89059   2.37484  70.72574  13.26165   2.41445
  70.99377  13.63146   2.45676  71.26239  14.00000   2.50201
  64.44189   3.39730   1.53984  64.68074   3.75856   1.61289
  64.93295   4.12035   1.67996  65.22311   4.47757   1.73941
  65.51023   4.83706   1.79165  65.79321   5.19678   1.83571
  66.06733   5.55709   1.87112  66.33273   5.91857   1.89924
  66.56829   6.28538   1.92149  66.78863   6.65389   1.93890
  66.99921   7.02374   1.95257  67.20157   7.39563   1.96718
  67.39565   7.76805   1.98524  67.59788   8.13595   2.00538
  67.82464   8.49850   2.02640  68.04335   8.86286   2.04801
  68.25696   9.23159   2.07025  68.46600   9.60229   2.09471
  68.66869   9.97143   2.12094  68.91166  10.32831   2.14711
  69.15495  10.68679   2.17430  69.39666  11.05052   2.20255
  69.64091  11.41987   2.23226  69.88770  11.79114   2.26367
  70.13712  12.16219   2.29683  70.38893  12.53191   2.33187
  70.64126  12.90058   2.36909  70.89411  13.26817   2.40871
  71.14746  13.63464   2.45100  71.40128  14.00000   2.49618
  65.18954   3.40048   1.50861  65.39243   3.76438   1.58503
  65.61118   4.12843   1.65488  65.86851   4.48808   1.71661
  66.12312   4.84991   1.77070  66.37421   5.21213   1.81623
  66.61780   5.57505   1.85287  66.85382   5.93914   1.88204
  67.05959   6.30869   1.90523  67.25271   6.67967   1.92346
  67.43754   7.05183   1.93792  67.61539   7.42565   1.95371
  67.78618   7.79988   1.97286  67.97186   8.16842   1.99387
  68.17921   8.53230   2.01567  68.37986   8.89768   2.03793
  68.57628   9.26680   2.06090  68.76894   9.63741   2.08613
  68.95815  10.00542   2.11299  69.18953  10.36062   2.13965
  69.41957  10.71750   2.16732  69.64840  11.07901   2.19599
  69.87939  11.44496   2.22603  70.11239  11.81246   2.25768
  70.34791  12.17958   2.29100  70.58554  12.54553   2.32614
  70.82359  12.91057   2.36342  71.06206  13.27468   2.40306
  71.30093  13.63783   2.44532  71.54018  14.00000   2.49045
  65.93651   3.40365   1.47770  66.10296   3.77020   1.55744
  66.28790   4.13652   1.63001  66.51192   4.49858   1.69399
  66.73360   4.86277   1.74991  66.95243   5.22750   1.79688
  67.16518   5.59305   1.83475  67.37139   5.95978   1.86499
  67.54728   6.33207   1.88914  67.71303   6.70553   1.90822
  67.87202   7.08002   1.92354  68.02534   7.45578   1.94055
  68.17289   7.83182   1.96081  68.34246   8.20100   1.98267
  68.53037   8.56625   2.00524  68.71311   8.93267   2.02812
  68.89251   9.30213   2.05182  69.06902   9.67263   2.07781
  69.24617  10.03927   2.10525  69.46525  10.39301   2.13241
  69.68227  10.74830   2.16056  69.89843  11.10751   2.18963
  70.11633  11.47003   2.21999  70.33576  11.83377   2.25187
  70.55762  12.19697   2.28534  70.78128  12.55914   2.32059
  71.00526  12.92056   2.35792  71.22958  13.28120   2.39758
  71.45419  13.64101   2.43981  71.67909  14.00000   2.48489
  66.68285   3.40683   1.44799  66.81235   3.77602   1.53091
  66.96312   4.14461   1.60609  67.15337   4.50909   1.67219
  67.34171   4.87563   1.72981  67.52792   5.24290   1.77814
  67.70951   5.61109   1.81718  67.88544   5.98051   1.84844
  68.03138   6.35553   1.87354  68.16961   6.73149   1.89347
  68.30270   7.10831   1.90969  68.43144   7.48601   1.92793
  68.55586   7.86387   1.94930  68.70951   8.23373   1.97198
  68.87814   8.60035   1.99527  69.04314   8.96782   2.01874
  69.20566   9.33757   2.04318  69.36618   9.70798   2.06990
  69.53256  10.07304   2.09788  69.73883  10.42550   2.12555
  69.94306  10.77919   2.15416  70.14677  11.13600   2.18362
  70.35175  11.49509   2.21428  70.55782  11.85507   2.24638
  70.76624  12.21435   2.27998  70.97616  12.57275   2.31533
  71.18630  12.93055   2.35270  71.39668  13.28771   2.39237
  71.60725  13.64420   2.43457  71.81801  14.00000   2.47957
  67.42860   3.41002   1.42054  67.52064   3.78184   1.50642
  67.63688   4.15270   1.58395  67.79289   4.51961   1.65195
  67.94748   4.88849   1.71106  68.10069   5.25833   1.76055
  68.25081   5.62917   1.80060  68.39600   6.00132   1.83280
  68.51191   6.37905   1.85877  68.62249   6.75754   1.87951
  68.72958   7.13668   1.89664  68.83372   7.51634   1.91611
  68.93516   7.89602   1.93853  69.07289   8.26663   1.96199
  69.22254   8.63460   1.98597  69.36996   9.00312   2.00998
  69.51575   9.37312   2.03515  69.66032   9.74346   2.06259
  69.81712  10.10680   2.09104  70.01030  10.45809   2.11922
  70.20198  10.81018   2.14828  70.39340  11.16448   2.17811
  70.58566  11.52013   2.20906  70.77858  11.87635   2.24135
  70.97378  12.23172   2.27507  71.17017  12.58636   2.31049
  71.36671  12.94053   2.34789  71.56335  13.29422   2.38754
  71.76011  13.64738   2.42970  71.95694  14.00000   2.47461
  68.17380   3.41321   1.39659  68.22787   3.78767   1.48506
  68.30920   4.16078   1.56460  68.43053   4.53013   1.63415
  68.55093   4.90137   1.69439  68.67079   5.27379   1.74473
  68.78912   5.64728   1.78556  68.90311   6.02221   1.81849
  68.98891   6.40265   1.84521  69.07168   6.78369   1.86667
  69.15269   7.16515   1.88472  69.23220   7.54678   1.90535
  69.31092   7.92826   1.92877  69.43265   8.29970   1.95295
  69.56360   8.66900   1.97755  69.69360   9.03856   2.00206
  69.82279   9.40879   2.02793  69.95135   9.77912   2.05606
  70.09956  10.14061   2.08494  70.27966  10.49078   2.11362
  70.45905  10.84128   2.14311  70.63835  11.19293   2.17330
  70.81804  11.54516   2.20450  70.99804  11.89763   2.23696
  71.18024  12.24909   2.27077  71.36334  12.59996   2.30624
  71.54647  12.95051   2.34364  71.72962  13.30073   2.38325
  71.91277  13.65057   2.42532  72.09589  14.00000   2.47011
  68.91813   3.41639   1.37757  68.93375   3.79348   1.46816
  68.97981   4.16887   1.54921  69.06602   4.54064   1.61981
  69.15186   4.91423   1.68067  69.23801   5.28926   1.73139
  69.32426   5.66543   1.77263  69.40659   6.04316   1.80604
  69.46222   6.42631   1.83330  69.51707   6.80992   1.85534
  69.57192   7.19369   1.87426  69.62679   7.57732   1.89596
  69.68326   7.96054   1.92029  69.78877   8.33292   1.94511
  69.90126   8.70354   1.97026  70.01400   9.07411   1.99523
  70.12672   9.44456   2.02178  70.23910   9.81495   2.05058
  70.37959  10.17453   2.07983  70.54687  10.52356   2.10898
  70.71423  10.87248   2.13889  70.88157  11.22136   2.16940
  71.04889  11.57017   2.20082  71.21618  11.91889   2.23342
  71.38560  12.26645   2.26729  71.55563  12.61355   2.30276
  71.72560  12.96049   2.34013  71.89547  13.30724   2.37966
  72.06522  13.65375   2.42160  72.23485  14.00000   2.46623
$points - wing-body  with composite panels
1.
1.
        31        61                                                           7
  63.89801  14.00000   2.64882  62.53724  13.46228   2.58574
  61.18016  12.91501   2.52577  59.82702  12.35769   2.46909
  58.47815  11.78978   2.41588  57.13390  11.21071   2.36637
  55.78930  10.63226   2.32017  54.42820  10.09372   2.27519
  53.05344   9.59094   2.23109  51.66815   9.11784   2.18773
  50.27353   8.67306   2.14390  48.86950   8.25926   2.09712
  47.45822   7.87117   2.04783  46.04126   7.50461   1.99648
  44.61974   7.15642   1.94337  43.19432   6.82469   1.88930
  41.76500   6.50993   1.83710  40.33238   6.21015   1.78688
  38.89703   5.92342   1.73837  37.45938   5.64820   1.69139
  36.01976   5.38321   1.64576  34.57845   5.12740   1.60133
  33.13578   4.87928   1.55732  31.69269   4.63439   1.50924
  30.24934   4.39198   1.45651  28.80576   4.15197   1.39924
  27.36199   3.91425   1.33757  25.91802   3.67888   1.27164
  24.47372   3.44676   1.20158  23.02684   3.23246   1.12822
  21.57719   3.03861   1.05261
  64.03508  14.00000   2.62701  62.70031  13.46547   2.56190
  61.36917  12.92157   2.50021  60.04195  12.36779   2.44218
  58.71899  11.80364   2.38809  57.40054  11.22851   2.33822
  56.08330  10.65322   2.29232  54.75077  10.11697   2.24808
  53.40779   9.61681   2.20505  52.05260   9.14532   2.16309
  50.68822   8.70141   2.12116  49.31387   8.28804   2.07614
  47.93397   7.90076   2.02845  46.54531   7.53398   1.97833
  45.15105   7.18540   1.92624  43.75204   6.85297   1.87285
  42.34797   6.53720   1.82128  40.93925   6.23628   1.77189
  39.52515   5.94803   1.72438  38.10807   5.67138   1.67864
  36.68787   5.40486   1.63447  35.26438   5.14737   1.59169
  33.83770   4.89754   1.54950  32.40895   4.65095   1.50144
  30.97851   4.40662   1.44597  29.54613   4.16444   1.38300
  28.11474   3.92475   1.31252  26.68113   3.68704   1.23436
  25.24692   3.45237   1.14894  23.80949   3.23539   1.06475
  22.36345   3.03861   0.98570
  64.17368  14.00000   2.61590  62.86484  13.46867   2.54951
  61.55960  12.92813   2.48658  60.25821  12.37790   2.42739
  58.96108  11.81752   2.37225  57.66834  11.24632   2.32146
  56.37820  10.67425   2.27495  55.07400  10.14028   2.23048
  53.76237   9.64276   2.18754  52.43711   9.17289   2.14595
  51.10268   8.72990   2.10486  49.75787   8.31696   2.06058
  48.40878   7.93044   2.01344  47.04840   7.56349   1.96348
  45.68130   7.21450   1.91130  44.30859   6.88139   1.85744
  42.92971   6.56460   1.80500  41.54488   6.26252   1.75463
  40.15231   5.97278   1.70598  38.75566   5.69464   1.65903
  37.35497   5.42659   1.61352  35.94941   5.16740   1.56929
  34.53891   4.91583   1.52570  33.12469   4.66753   1.47626
  31.70738   4.42128   1.41888  30.28650   4.17692   1.35337
  28.86761   3.93525   1.27984  27.44472   3.69520   1.19788
  26.02090   3.45799   1.10795  24.59325   3.23833   1.01985
  23.15132   3.03861   0.93815
  64.31239  14.00000   2.60645  63.02930  13.47187   2.53894
  61.74975  12.93469   2.47488  60.47399  12.38801   2.41457
  59.20248  11.83139   2.35837  57.93525  11.26412   2.30658
  56.67186  10.69532   2.25931  55.39568  10.16365   2.21440
  54.11488   9.66877   2.17135  52.81924   9.20054   2.12988
  51.51442   8.75849   2.08936  50.19891   8.34601   2.04559
  48.87996   7.96018   1.99877  47.54784   7.59309   1.94875
  46.20776   7.24369   1.89622  44.86120   6.90992   1.84162
  43.50747   6.59210   1.78796  42.14649   6.28886   1.73615
  40.77573   5.99765   1.68582  39.39943   5.71796   1.63699
  38.01836   5.44837   1.58942  36.63092   5.18748   1.54290
  35.23685   4.93412   1.49697  33.83744   4.68412   1.44558
  32.43357   4.43594   1.38615  31.02461   4.18942   1.31851
  29.61843   3.94574   1.24287  28.20674   3.70336   1.15863
  26.79376   3.46363   1.06628  25.37637   3.24128   0.97558
  23.93923   3.03861   0.89119
  64.45116  14.00000   2.59785  63.19360  13.47507   2.52937
  61.93954  12.94126   2.46432  60.68919  12.39812   2.40302
  59.44309  11.84525   2.34585  58.20117  11.28192   2.29313
  56.96419  10.71643   2.24509  55.71576  10.18709   2.19971
  54.46523   9.69484   2.15647  53.19889   9.22824   2.11498
  51.92333   8.78719   2.07486  50.63686   8.37516   2.03151
  49.34736   7.98995   1.98490  48.04354   7.62280   1.93474
  46.73034   7.27298   1.88179  45.40979   6.93857   1.82642
  44.08113   6.61971   1.77141  42.74398   6.31529   1.71799
  41.39529   6.02263   1.66576  40.03928   5.74134   1.61476
  38.67800   5.47021   1.56478  37.30883   5.20760   1.51554
  35.93146   4.95243   1.46674  34.54713   4.70073   1.41301
  33.15703   4.45061   1.35140  31.76042   4.20192   1.28176
  30.36717   3.95624   1.20445  28.96719   3.71152   1.11867
  27.56549   3.46927   1.02497  26.15886   3.24423   0.93240
  24.72721   3.03861   0.84531
  64.58996  14.00000   2.58981  63.35772  13.47826   2.52051
  62.12894  12.94782   2.45463  60.90380  12.40823   2.39251
  59.68289  11.85911   2.33451  58.46608  11.29971   2.28099
  57.25516  10.73758   2.23225  56.03417  10.21058   2.18644
  54.81341   9.72099   2.14299  53.57604   9.25602   2.10140
  52.32939   8.81600   2.06157  51.07166   8.40442   2.01859
  49.81096   8.01972   1.97216  48.53547   7.65261   1.92187
  47.24899   7.30236   1.86850  45.95435   6.96732   1.81242
  44.65068   6.64741   1.75609  43.33735   6.34180   1.70105
  42.01091   6.04772   1.64686  40.67521   5.76478   1.59357
  39.33386   5.49211   1.54103  37.98314   5.22777   1.48890
  36.62272   4.97076   1.43693  35.25378   4.71734   1.38059
  33.87778   4.46529   1.31668  32.49397   4.21444   1.24508
  31.11386   3.96672   1.16631  29.72609   3.71968   1.07942
  28.33614   3.47493   0.98502  26.94076   3.24718   0.89104
  25.51529   3.03861   0.80128
  64.72879  14.00000   2.58217  63.52166  13.48146   2.51223
  62.31793  12.95438   2.44570  61.11781  12.41833   2.38292
  59.92186  11.87297   2.32427  58.72997  11.31748   2.27008
  57.54476  10.75877   2.22077  56.35092  10.23414   2.17458
  55.15943   9.74722   2.13097  53.95067   9.28386   2.08924
  52.73259   8.84491   2.04960  51.50331   8.43378   2.00695
  50.27073   8.04948   1.96070  49.02362   7.68254   1.91035
  47.76373   7.33185   1.85663  46.49486   6.99618   1.79994
  45.21613   6.67523   1.74241  43.92659   6.36841   1.68582
  42.62257   6.07292   1.62971  41.30721   5.78828   1.57414
  39.98595   5.51406   1.51904  38.65387   5.24799   1.46396
  37.31064   4.98912   1.40871  35.95740   4.73397   1.34958
  34.59583   4.47997   1.28329  33.22524   4.22697   1.20975
  31.85851   3.97720   1.12964  30.48345   3.72784   1.04186
  29.10571   3.48059   0.94714  27.72209   3.25014   0.85212
  26.30350   3.03861   0.75977
  64.86763  14.00000   2.57488  63.68540  13.48466   2.50446
  62.50653  12.96094   2.43744  61.33119  12.42843   2.37417
  60.16000  11.88682   2.31503  58.99281  11.33525   2.26033
  57.83298  10.78001   2.21058  56.66599  10.25775   2.16411
  55.50330   9.77354   2.12038  54.32279   9.31177   2.07849
  53.13294   8.87394   2.03896  51.93180   8.46324   1.99667
  50.72671   8.07921   1.95060  49.50801   7.71257   1.90028
  48.27455   7.36143   1.84630  47.03134   7.02515   1.78914
  45.77747   6.70315   1.73057  44.51170   6.39512   1.67257
  43.23023   6.09821   1.61467  41.93530   5.81184   1.55691
  40.63428   5.53608   1.49932  39.32100   5.26826   1.44135
  37.99522   5.00749   1.38281  36.65797   4.75061   1.32079
  35.31119   4.49467   1.25207  33.95424   4.23952   1.17659
  32.60113   3.98767   1.09520  31.23928   3.73600   1.00667
  29.87423   3.48627   0.91187  28.50286   3.25310   0.81605
  27.09187   3.03861   0.72122
  65.00649  14.00000   2.56789  63.84895  13.48785   2.49714
  62.69471  12.96750   2.42980  61.54396  12.43853   2.36620
  60.39731  11.90066   2.30672  59.25461  11.35302   2.25168
  58.11983  10.80130   2.20162  56.97938  10.28141   2.15496
  55.84502   9.79997   2.11117  54.69240   9.33975   2.06913
  53.53043   8.90307   2.02966  52.35717   8.49280   1.98772
  51.17902   8.10894   1.94186  49.98864   7.74272   1.89167
  48.78146   7.39112   1.83753  47.56379   7.05422   1.78005
  46.33469   6.73117   1.72065  45.09269   6.42191   1.66140
  43.83387   6.12360   1.60188  42.55952   5.83547   1.54207
  41.27884   5.55815   1.48214  39.98454   5.28858   1.42140
  38.67646   5.02590   1.35967  37.35551   4.76726   1.29473
  36.02385   4.50937   1.22356  34.68096   4.25207   1.14616
  33.34172   3.99813   1.06351  31.99360   3.74416   0.97431
  30.64170   3.49195   0.87955  29.28308   3.25607   0.78313
  27.88039   3.03861   0.68595
  65.14537  14.00000   2.56120  64.01230  13.49105   2.49026
  62.88249  12.97406   2.42272  61.75610  12.44863   2.35895
  60.63379  11.91450   2.29928  59.51537  11.37077   2.24403
  58.40530  10.82264   2.19378  57.29108  10.30513   2.14703
  56.18459   9.82650   2.10326  55.05950   9.36780   2.06108
  53.92508   8.93233   2.02161  52.77940   8.52248   1.98005
  51.62778   8.13869   1.93444  50.46548   7.77298   1.88447
  49.28444   7.42092   1.83029  48.09221   7.08340   1.77265
  46.88781   6.75931   1.71261  45.66956   6.44881   1.65232
  44.43344   6.14908   1.59138  43.17988   5.85918   1.52971
  41.91964   5.58029   1.46762  40.64449   5.30894   1.40429
  39.35435   5.04434   1.33953  38.05000   4.78392   1.27170
  36.73381   4.52408   1.19811  35.40540   4.26464   1.11880
  34.08030   4.00858   1.03490  32.74638   3.75233   0.94505
  31.40810   3.49764   0.85038  30.06275   3.25904   0.75350
  28.66906   3.03861   0.65413
  65.28426  14.00000   2.55480  64.17545  13.49425   2.48377
  63.06985  12.98061   2.41618  61.96762  12.45872   2.35235
  60.86942  11.92834   2.29263  59.77508  11.38852   2.23729
  58.68939  10.84403   2.18696  57.60109  10.32890   2.14021
  56.52194   9.85311   2.09653  55.42410   9.39593   2.05425
  54.31689   8.96169   2.01475  53.19852   8.55226   1.97359
  52.07309   8.16850   1.92826  50.93853   7.80334   1.87861
  49.78352   7.45081   1.82450  48.61661   7.11268   1.76683
  47.43682   6.78756   1.70638  46.24231   6.47580   1.64526
  45.02896   6.17465   1.58311  43.79639   5.88297   1.51979
  42.55667   5.60248   1.45576  41.30085   5.32936   1.39006
  40.02887   5.06281   1.32248  38.74144   4.80059   1.25184
  37.44107   4.53880   1.17588  36.12753   4.27722   1.09469
  34.81684   4.01901   1.00954  33.49762   3.76049   0.91905
  32.17343   3.50334   0.82446  30.84184   3.26201   0.72724
  29.45786   3.03861   0.62584
  65.42316  14.00000   2.54868  64.33839  13.49744   2.47767
  63.25680  12.98717   2.41013  62.17852  12.46882   2.34636
  61.10421  11.94216   2.28669  60.03374  11.40627   2.23139
  58.97211  10.86547   2.18107  57.90942  10.35271   2.13440
  56.85704   9.87976   2.09087  55.78620   9.42412   2.04852
  54.70588   8.99116   2.00897  53.61453   8.58216   1.96823
  52.51505   8.19841   1.92323  51.40779   7.83380   1.87399
  50.27867   7.48081   1.82006  49.13698   7.14205   1.76250
  47.98173   6.81592   1.70185  46.81093   6.50289   1.64010
  45.62040   6.20031   1.57698  44.40908   5.90685   1.51224
  43.18992   5.62474   1.44650  41.95359   5.34982   1.37867
  40.70002   5.08132   1.30850  39.42982   4.81727   1.23518
  38.14560   4.55352   1.15694  36.84733   4.28980   1.07391
  35.55136   4.02944   0.98752  34.24730   3.76866   0.89636
  32.93768   3.50905   0.80180  31.62035   3.26499   0.70430
  30.24678   3.03861   0.60107
  65.56207  14.00000   2.54284  64.50114  13.50064   2.47195
  63.44334  12.99373   2.40455  62.38879  12.47891   2.34092
  61.33816  11.95599   2.28141  60.29134  11.42400   2.22622
  59.25347  10.88696   2.17600  58.21607  10.37658   2.12948
  57.18985   9.90641   2.08615  56.14580   9.45239   2.04379
  55.09206   9.02073   2.00419  54.02744   8.61217   1.96387
  52.95372   8.22843   1.91926  51.87326   7.86436   1.87049
  50.76991   7.51091   1.81684  49.65333   7.17152   1.75952
  48.52251   6.84440   1.69887  47.37543   6.53008   1.63671
  46.20776   6.22606   1.57284  45.01792   5.93084   1.50693
  43.81938   5.64706   1.43972  42.60271   5.37034   1.37000
  41.36779   5.09988   1.29753  40.11512   4.83397   1.22169
  38.84740   4.56826   1.14127  37.56479   4.30240   1.05647
  36.28384   4.03984   0.96882  34.99541   3.77683   0.87697
  33.70082   3.51477   0.78234  32.39826   3.26798   0.68460
  31.03580   3.03861   0.57971
  65.70100  14.00000   2.53729  64.66370  13.50383   2.46658
  63.62946  13.00028   2.39939  62.59843  12.48899   2.33600
  61.57126  11.96980   2.27671  60.54789  11.44173   2.22171
  59.53347  10.90850   2.17166  58.52103  10.40050   2.12536
  57.52036   9.93304   2.08227  56.50291   9.48074   2.03994
  55.47544   9.05039   2.00031  54.43725   8.64231   1.96041
  53.38913   8.25860   1.91623  52.33493   7.89501   1.86800
  51.25723   7.54112   1.81473  50.16566   7.20109   1.75776
  49.05919   6.87299   1.69730  47.93579   6.55736   1.63493
  46.79101   6.25190   1.57053  45.62292   5.95493   1.50370
  44.44504   5.66944   1.43525  43.24822   5.39090   1.36393
  42.03217   5.11847   1.28942  40.79734   4.85067   1.21127
  39.54647   4.58301   1.12880  38.27989   4.31500   1.04228
  37.01429   4.05024   0.95338  35.74194   3.78500   0.86080
  34.46285   3.52050   0.76599  33.17554   3.27096   0.66801
  31.82490   3.03861   0.56162
  65.83994  14.00000   2.53202  64.82603  13.50703   2.46156
  63.81517  13.00683   2.39465  62.80745  12.49908   2.33155
  61.80352  11.98361   2.27254  60.80338  11.45945   2.21780
  59.81213  10.93007   2.16796  58.82433  10.42446   2.12192
  57.84859   9.95961   2.07911  56.85752   9.50916   2.03688
  55.85603   9.08014   1.99722  54.84396   8.67256   1.95775
  53.82125   8.28891   1.91405  52.79280   7.92575   1.86641
  51.74063   7.57143   1.81361  50.67397   7.23076   1.75708
  49.59176   6.90170   1.69698  48.49203   6.58475   1.63460
  47.37016   6.27783   1.56988  46.22406   5.97914   1.50238
  45.06689   5.69188   1.43294  43.89009   5.41151   1.36027
  42.69314   5.13710   1.28400  41.47647   4.86738   1.20378
  40.24277   4.59776   1.11939  38.99262   4.32761   1.03124
  37.74271   4.06062   0.94108  36.48686   3.79317   0.84773
  35.22374   3.52623   0.75260  33.95219   3.27395   0.65433
  32.61407   3.03861   0.54661
  65.97888  14.00000   2.52703  64.98818  13.51022   2.45686
  64.00047  13.01339   2.39028  63.01583  12.50916   2.32752
  62.03493  11.99742   2.26885  61.05781  11.47717   2.21441
  60.08946  10.95167   2.16483  59.12596  10.44848   2.11909
  58.17456   9.98608   2.07656  57.20963   9.53764   2.03450
  56.23384   9.10996   1.99486  55.24758   8.70293   1.95579
  54.25008   8.31936   1.91261  53.24686   7.95654   1.86560
  52.22013   7.60185   1.81335  51.17826   7.26052   1.75737
  50.12022   6.93052   1.69776  49.04413   6.61225   1.63556
  47.94521   6.30384   1.57074  46.82130   6.00346   1.50279
  45.68493   5.71438   1.43258  44.52833   5.43217   1.35883
  43.35071   5.15578   1.28109  42.15250   4.88409   1.19904
  40.93631   4.61252   1.11289  39.70296   4.34023   1.02319
  38.46911   4.07099   0.93179  37.23016   3.80134   0.83759
  35.98349   3.53197   0.74199  34.72819   3.27695   0.64337
  33.40328   3.03861   0.53447
  66.11784  14.00000   2.52231  65.15012  13.51342   2.45249
  64.18533  13.01994   2.38628  63.22359  12.51924   2.32390
  62.26549  12.01122   2.26559  61.31117  11.49488   2.21149
  60.36546  10.97330   2.16220  59.42593  10.47256   2.11679
  58.49833  10.01244   2.07456  57.55925   9.56620   2.03272
  56.60888   9.13986   1.99313  55.64811   8.73342   1.95445
  54.67561   8.34993   1.91183  53.69712   7.98736   1.86548
  52.69572   7.63239   1.81387  51.67853   7.29038   1.75851
  50.64457   6.95945   1.69952  49.59209   6.63984   1.63766
  48.51614   6.32994   1.57293  47.41461   6.02788   1.50476
  46.29914   5.73694   1.43401  45.16293   5.45289   1.35943
  44.00486   5.17449   1.28050  42.82541   4.90082   1.19688
  41.62707   4.62730   1.10913  40.41090   4.35286   1.01797
  39.19349   4.08135   0.92532  37.97184   3.80952   0.83022
  36.74208   3.53772   0.73397  35.50353   3.27995   0.63490
  34.19254   3.03861   0.52493
  66.25681  14.00000   2.51787  65.31185  13.51661   2.44842
  64.36979  13.02649   2.38261  63.43071  12.52932   2.32063
  62.49520  12.02501   2.26273  61.56347  11.51258   2.20899
  60.64015  10.99495   2.16000  59.72423  10.49669   2.11496
  58.81998  10.03873   2.07303  57.90638   9.59481   2.03147
  56.98116   9.16983   1.99197  56.04555   8.76403   1.95366
  55.09780   8.38063   1.91162  54.14360   8.01819   1.86596
  53.16740   7.66304   1.81506  52.17477   7.32035   1.76039
  51.16482   6.98849   1.70212  50.13593   6.66754   1.64077
  49.08296   6.35614   1.57629  48.00395   6.05241   1.50813
  46.90953   5.75955   1.43704  45.79388   5.47365   1.36188
  44.65559   5.19325   1.28201  43.49520   4.91756   1.19709
  42.31505   4.64208   1.10792  41.11643   4.36549   1.01539
  39.91584   4.09171   0.92151  38.71188   3.81771   0.82542
  37.49951   3.54348   0.72834  36.27819   3.28296   0.62869
  34.98181   3.03861   0.51775
  66.39577  14.00000   2.51368  65.47337  13.51980   2.44464
  64.55382  13.03304   2.37926  63.63719  12.53939   2.31771
  62.72406  12.03880   2.26023  61.81470  11.53027   2.20687
  60.91353  11.01661   2.15821  60.02088  10.52087   2.11354
  59.13958  10.06497   2.07192  58.25103   9.62349   2.03068
  57.35068   9.19988   1.99131  56.43992   8.79476   1.95334
  55.51668   8.41144   1.91192  54.58635   8.04900   1.86696
  53.63517   7.69380   1.81684  52.66700   7.35042   1.76293
  51.68097   7.01764   1.70545  50.67562   6.69534   1.64475
  49.64567   6.38242   1.58070  48.58932   6.07703   1.51272
  47.51611   5.78221   1.44150  46.42120   5.49447   1.36599
  45.30290   5.21205   1.28545  44.16186   4.93430   1.19948
  43.00024   4.65687   1.10906  41.81955   4.37812   1.01526
  40.63619   4.10206   0.92015  39.45028   3.82589   0.82300
  38.25576   3.54924   0.72489  37.05217   3.28597   0.62449
  35.77110   3.03861   0.51266
  66.53476  14.00000   2.50975  65.63469  13.52300   2.44114
  64.73743  13.03959   2.37620  63.84304  12.54947   2.31511
  62.95207  12.05258   2.25806  62.06487  11.54796   2.20511
  61.18560  11.03828   2.15678  60.31588  10.54511   2.11250
  59.45720  10.09120   2.07119  58.59320   9.65223   2.03031
  57.71744   9.23001   1.99109  56.83122   8.82561   1.95346
  55.93223   8.44236   1.91268  55.02541   8.07979   1.86842
  54.09905   7.72468   1.81915  53.15521   7.38059   1.76604
  52.19302   7.04690   1.70943  51.21119   6.72325   1.64951
  50.20428   6.40879   1.58603  49.17067   6.10175   1.51841
  48.11887   5.80493   1.44724  47.04486   5.51534   1.37160
  45.94679   5.23089   1.29061  44.82539   4.95106   1.20386
  43.68262   4.67167   1.11237  42.52024   4.39076   1.01739
  41.35452   4.11241   0.92105  40.18702   3.83408   0.82276
  39.01083   3.55501   0.72341  37.82546   3.28898   0.62207
  36.56041   3.03861   0.50939
  66.67374  14.00000   2.50606  65.79581  13.52619   2.43790
  64.92062  13.04613   2.37343  64.04825  12.55954   2.31281
  63.17922  12.06636   2.25621  62.31395  11.56564   2.20367
  61.45638  11.05995   2.15569  60.60923  10.56941   2.11180
  59.77286  10.11744   2.07080  58.93291   9.68104   2.03032
  58.08144   9.26021   1.99129  57.21945   8.85659   1.95397
  56.34449   8.47339   1.91384  55.46088   8.11057   1.87028
  54.55902   7.75568   1.82193  53.63941   7.41087   1.76967
  52.70099   7.07626   1.71397  51.74263   6.75127   1.65493
  50.75878   6.43525   1.59216  49.74802   6.12656   1.52506
  48.71782   5.82771   1.45411  47.66488   5.53626   1.37854
  46.58725   5.24977   1.29733  45.48579   4.96784   1.21004
  44.36221   4.68648   1.11765  43.21851   4.40340   1.02160
  42.07085   4.12275   0.92403  40.92210   3.84228   0.82451
  39.76472   3.56079   0.72371  38.59806   3.29200   0.62121
  37.34971   3.03861   0.50767
  66.81274  14.00000   2.50260  65.95670  13.52939   2.43491
  65.10338  13.05268   2.37093  64.25282  12.56961   2.31079
  63.40552  12.08013   2.25466  62.56197  11.58331   2.20254
  61.72586  11.08162   2.15491  60.90093  10.59376   2.11142
  60.08659  10.14372   2.07075  59.27017   9.70994   2.03069
  58.44269   9.29049   1.99187  57.60463   8.88770   1.95485
  56.75344   8.50454   1.91539  55.89283   8.14139   1.87254
  55.01510   7.78678   1.82514  54.11960   7.44126   1.77375
  53.20488   7.10572   1.71902  52.26994   6.77940   1.66094
  51.30917   6.46181   1.59899  50.32133   6.15146   1.53256
  49.31298   5.85056   1.46199  48.28124   5.55724   1.38667
  47.22429   5.26870   1.30544  46.14304   4.98463   1.21783
  45.03900   4.70130   1.12473  43.91436   4.41605   1.02769
  42.78517   4.13309   0.92890  41.65553   3.85048   0.82805
  40.51743   3.56657   0.72558  39.36997   3.29502   0.62168
  38.13902   3.03861   0.50726
  66.95174  14.00000   2.49937  66.11740  13.53258   2.43217
  65.28572  13.05923   2.36869  64.45675  12.57967   2.30905
  63.63096  12.09389   2.25339  62.80891  11.60098   2.20170
  61.99405  11.10329   2.15444  61.19100  10.61817   2.11134
  60.39840  10.17008   2.07103  59.60497   9.73893   2.03140
  58.80119   9.32086   1.99281  57.98676   8.91894   1.95607
  57.15911   8.53581   1.91729  56.32131   8.17227   1.87515
  55.46729   7.81800   1.82873  54.59578   7.47176   1.77825
  53.70469   7.13529   1.72451  52.79313   6.80765   1.66747
  51.85548   6.48847   1.60645  50.89062   6.17644   1.54081
  49.90435   5.87349   1.47077  48.89397   5.57827   1.39586
  47.85789   5.28766   1.31479  46.79715   5.00145   1.22708
  45.71298   4.71613   1.13343  44.60778   4.42871   1.03551
  43.49749   4.14344   0.93549  42.38729   3.85868   0.83321
  41.26894   3.57235   0.72886  40.14118   3.29805   0.62328
  38.92833   3.03861   0.50791
  67.09074  14.00000   2.49633  66.27789  13.53577   2.42965
  65.46764  13.06577   2.36669  64.66004  12.58974   2.30757
  63.85555  12.10765   2.25240  63.05478  11.61863   2.20116
  62.26094  11.12496   2.15426  61.47944  10.64263   2.11157
  60.70829  10.19652   2.07162  59.93730   9.76803   2.03245
  59.15696   9.35131   1.99410  58.36586   8.95030   1.95762
  57.56152   8.56720   1.91953  56.74635   8.20325   1.87811
  55.91560   7.84933   1.83269  55.06797   7.50236   1.78313
  54.20043   7.16495   1.73040  53.31220   6.83600   1.67447
  52.39768   6.51522   1.61447  51.45587   6.20151   1.54973
  50.49192   5.89650   1.48036  49.50304   5.59936   1.40599
  48.48808   5.30667   1.32524  47.44811   5.01829   1.23762
  46.38416   4.73097   1.14360  45.29878   4.44137   1.04488
  44.20782   4.15378   0.94363  43.11738   3.86689   0.83982
  42.01927   3.57814   0.73338  40.91169   3.30108   0.62584
  39.71764   3.03861   0.50943
  67.22974  14.00000   2.49349  66.43816  13.53897   2.42734
  65.64912  13.07231   2.36493  64.86269  12.59980   2.30634
  64.07927  12.12140   2.25167  63.29956  11.63628   2.20090
  62.52655  11.14662   2.15439  61.76625  10.66715   2.11211
  61.01625  10.22303   2.07252  60.26715   9.79725   2.03384
  59.50998   9.38184   1.99574  58.74192   8.98180   1.95951
  57.96065   8.59873   1.92211  57.16796   8.23437   1.88143
  56.36004   7.88075   1.83699  55.53616   7.53307   1.78838
  54.69210   7.19472   1.73668  53.82716   6.86447   1.68189
  52.93579   6.54207   1.62299  52.01710   6.22667   1.55925
  51.07569   5.91960   1.49066  50.10848   5.62051   1.41696
  49.11484   5.32572   1.33669  48.09593   5.03515   1.24932
  47.05253   4.74582   1.15510  45.98736   4.45403   1.05566
  44.91615   4.16413   0.95318  43.84581   3.87511   0.84775
  42.76841   3.58394   0.73899  41.68151   3.30412   0.62920
  40.50694   3.03861   0.51161
  67.36876  14.00000   2.49082  66.59821  13.54216   2.42523
  65.83018  13.07886   2.36339  65.06469  12.60986   2.30535
  64.30214  12.13515   2.25121  63.54326  11.65393   2.20092
  62.79086  11.16827   2.15481  62.05144  10.69171   2.11294
  61.32230  10.24962   2.07374  60.59452   9.82661   2.03557
  59.86029   9.41246   1.99773  59.11499   9.01341   1.96175
  58.35652   8.63038   1.92503  57.58614   8.26564   1.88509
  56.80064   7.91227   1.84163  56.00037   7.56389   1.79397
  55.17973   7.22457   1.74333  54.33802   6.89306   1.68969
  53.46982   6.56901   1.63196  52.57430   6.25191   1.56931
  51.65564   5.94280   1.50161  50.71027   5.64171   1.42868
  49.73818   5.34482   1.34902  48.74060   5.05204   1.26205
  47.71810   4.76067   1.16778  46.67351   4.46670   1.06771
  45.62248   4.17448   0.96400  44.57257   3.88332   0.85684
  43.51637   3.58973   0.74556  42.45062   3.30716   0.63321
  41.29625   3.03861   0.51429
  67.50777  14.00000   2.48832  66.75806  13.54535   2.42332
  66.01081  13.08540   2.36206  65.26605  12.61991   2.30461
  64.52415  12.14889   2.25101  63.78588  11.67156   2.20122
  63.05387  11.18991   2.15554  62.33501  10.71634   2.11409
  61.62644  10.27628   2.07529  60.91941   9.85606   2.03764
  60.20786   9.44316   2.00008  59.48505   9.04512   1.96435
  58.74914   8.66217   1.92828  58.00087   8.29707   1.88909
  57.23743   7.94386   1.84660  56.46060   7.59483   1.79991
  55.66329   7.25453   1.75032  54.84478   6.92176   1.69786
  53.99977   6.59606   1.64136  53.12747   6.27723   1.57986
  52.23176   5.96611   1.51315  51.30842   5.66297   1.44108
  50.35810   5.36395   1.36213  49.38212   5.06897   1.27569
  48.38086   4.77553   1.18152  47.35723   4.47938   1.08091
  46.32682   4.18484   0.97596  45.29766   3.89154   0.86699
  44.26313   3.59554   0.75299  43.21904   3.31020   0.63778
  42.08555   3.03861   0.51734
  67.64679  14.00000   2.48596  66.91770  13.54854   2.42158
  66.19102  13.09194   2.36095  65.46677  12.62997   2.30409
  64.74530  12.16263   2.25107  64.02742  11.68919   2.20181
  63.31560  11.21153   2.15656  62.61697  10.74102   2.11555
  61.92867  10.30300   2.07717  61.24185   9.88555   2.04006
  60.55272   9.47396   2.00280  59.85215   9.07693   1.96732
  59.13853   8.69408   1.93188  58.41217   8.32864   1.89344
  57.67046   7.97549   1.85190  56.91685   7.62587   1.80619
  56.14281   7.28459   1.75765  55.34745   6.95056   1.70638
  54.52563   6.62320   1.65116  53.67663   6.30264   1.59087
  52.80402   5.98952   1.52523  51.90293   5.68427   1.45410
  50.97461   5.38313   1.37596  50.02049   5.08592   1.29015
  49.04081   4.79041   1.19623  48.03854   4.49206   1.09514
  47.02916   4.19520   0.98897  46.02109   3.89976   0.87809
  45.00871   3.60134   0.76120  43.98677   3.31325   0.64282
  42.87486   3.03861   0.52064
  67.78580  14.00000   2.48375  67.07713  13.55173   2.42001
  66.37080  13.09848   2.36003  65.66684  12.64002   2.30381
  64.96559  12.17636   2.25139  64.26788  11.70681   2.20267
  63.57603  11.23314   2.15790  62.89732  10.76576   2.11733
  62.22901  10.32979   2.07938  61.56192   9.91505   2.04281
  60.89487   9.50484   2.00589  60.21627   9.10884   1.97068
  59.52468   8.72613   1.93583  58.82002   8.36034   1.89814
  58.09981   8.00714   1.85752  57.36913   7.65704   1.81281
  56.61828   7.31475   1.76531  55.84603   6.97948   1.71522
  55.04743   6.65045   1.66132  54.22177   6.32813   1.60230
  53.37241   6.01303   1.53780  52.49381   5.70564   1.46767
  51.58770   5.40236   1.39043  50.65572   5.10291   1.30535
  49.69796   4.80529   1.21179  48.71742   4.50475   1.11032
  47.72949   4.20557   1.00292  46.74285   3.90798   0.89007
  45.75309   3.60715   0.77010  44.75380   3.31631   0.64827
  43.66416   3.03861   0.52413
  67.92483  14.00000   2.48167  67.23634  13.55492   2.41861
  66.55014  13.10502   2.35930  65.86626  12.65007   2.30374
  65.18502  12.19009   2.25195  64.50724  11.72443   2.20382
  63.83516  11.25474   2.15955  63.17606  10.79056   2.11943
  62.52746  10.35664   2.08194  61.87969   9.94449   2.04591
  61.23432   9.53580   2.00936  60.57745   9.14083   1.97443
  59.90760   8.75831   1.94014  59.22446   8.39217   1.90319
  58.52555   8.03878   1.86345  57.81745   7.68832   1.81976
  57.08972   7.34502   1.77330  56.34054   7.00851   1.72439
  55.56516   6.67779   1.67183  54.76290   6.35370   1.61412
  53.93692   6.03663   1.55083  53.08106   5.72705   1.48176
  52.19738   5.42162   1.40548  51.28780   5.11993   1.32121
  50.35231   4.82018   1.22812  49.39388   4.51744   1.12634
  48.42783   4.21596   1.01774  47.46295   3.91621   0.90284
  46.49630   3.61297   0.77967  45.52013   3.31937   0.65411
  44.45346   3.03861   0.52776
  68.06385  14.00000   2.47970  67.39533  13.55812   2.41735
  66.72906  13.11156   2.35876  66.06504  12.66012   2.30390
  65.40359  12.20381   2.25276  64.74552  11.74204   2.20525
  64.09300  11.27633   2.16150  63.45321  10.81543   2.12186
  62.82404  10.38355   2.08484  62.19529   9.97384   2.04934
  61.57108   9.56684   2.01321  60.93568   9.17290   1.97859
  60.28733   8.79063   1.94482  59.62550   8.42411   1.90859
  58.94778   8.07040   1.86971  58.26180   7.71973   1.82704
  57.55712   7.37540   1.78162  56.83098   7.03764   1.73386
  56.07883   6.70524   1.68267  55.30003   6.37936   1.62631
  54.49754   6.06034   1.56428  53.66470   5.74851   1.49631
  52.80365   5.44093   1.42106  51.91674   5.13699   1.33765
  51.00385   4.83507   1.24515  50.06792   4.53014   1.14313
  49.12415   4.22635   1.03335  48.18140   3.92443   0.91636
  47.23832   3.61878   0.78987  46.28577   3.32243   0.66034
  45.24276   3.03861   0.53153
  68.20287  14.00000   2.47785  67.55412  13.56131   2.41624
  66.90755  13.11809   2.35839  66.26318  12.67017   2.30426
  65.62128  12.21753   2.25382  64.98271  11.75964   2.20695
  64.34954  11.29790   2.16376  63.72876  10.84037   2.12461
  63.11874  10.41053   2.08809  62.50883  10.00306   2.05310
  61.90517   9.59796   2.01744  61.29097   9.20506   1.98315
  60.66385   8.82308   1.94985  60.02316   8.45618   1.91435
  59.36657   8.10200   1.87628  58.70219   7.75126   1.83465
  58.02049   7.40588   1.79025  57.31736   7.06688   1.74364
  56.58844   6.73279   1.69383  55.83316   6.40511   1.63884
  55.05427   6.08413   1.57812  54.24472   5.77003   1.51128
  53.40651   5.46029   1.43712  52.54254   5.15408   1.35463
  51.65259   4.84998   1.26279  50.73953   4.54284   1.16062
  49.81846   4.23675   1.04970  48.89819   3.93265   0.93060
  47.97915   3.62460   0.80069  47.05071   3.32550   0.66697
  46.03206   3.03861   0.53546
  68.34190  14.00000   2.47610  67.71268  13.56450   2.41526
  67.08560  13.12463   2.35819  66.46066  12.68021   2.30482
  65.83812  12.23124   2.25511  65.21881  11.77724   2.20891
  64.60477  11.31946   2.16631  64.00272  10.86539   2.12767
  63.41158  10.43757   2.09167  62.82037  10.03218   2.05718
  62.23660   9.62915   2.02203  61.64332   9.23731   1.98809
  61.03717   8.85567   1.95524  60.41743   8.48837   1.92045
  59.78193   8.13362   1.88317  59.13864   7.78290   1.84257
  58.47985   7.43647   1.79918  57.79968   7.09622   1.75370
  57.09401   6.76045   1.70527  56.36229   6.43095   1.65169
  55.60709   6.10801   1.59231  54.82115   5.79159   1.52665
  54.00596   5.47969   1.45360  53.16520   5.17121   1.37209
  52.29852   4.86489   1.28099  51.40873   4.55556   1.17875
  50.51077   4.24716   1.06674  49.61333   3.94087   0.94552
  48.71879   3.63042   0.81216  47.81496   3.32857   0.67407
  46.82136   3.03861   0.53961
  68.48093  14.00000   2.47445  67.87104  13.56769   2.41442
  67.26323  13.13116   2.35815  66.65750  12.69025   2.30558
  66.05409  12.24495   2.25662  65.45382  11.79482   2.21113
  64.85871  11.34101   2.16915  64.27510  10.89047   2.13104
  63.70256  10.46469   2.09557  63.12992  10.06122   2.06159
  62.56539   9.66041   2.02699  61.99275   9.26965   1.99341
  61.40732   8.88840   1.96098  60.80835   8.52069   1.92688
  60.19387   8.16530   1.89037  59.57117   7.81465   1.85080
  58.93519   7.46717   1.80840  58.27795   7.12566   1.76403
  57.59552   6.78822   1.71697  56.88744   6.45687   1.66483
  56.15602   6.13197   1.60682  55.39398   5.81320   1.54237
  54.60202   5.49914   1.47048  53.78472   5.18837   1.38998
  52.94165   4.87981   1.29967  52.07549   4.56828   1.19746
  51.20105   4.25757   1.08442  50.32682   3.94908   0.96110
  49.45725   3.63624   0.82428  48.57852   3.33165   0.68171
  47.61065   3.03861   0.54407
  68.61996  14.00000   2.47290  68.02918  13.57088   2.41370
  67.44042  13.13770   2.35827  66.85368  12.70029   2.30652
  66.26920  12.25866   2.25834  65.68774  11.81240   2.21359
  65.11134  11.36254   2.17225  64.54591  10.91560   2.13470
  63.99168  10.49187   2.09978  63.43748  10.09025   2.06629
  62.89153   9.69176   2.03228  62.33927   9.30208   1.99908
  61.77430   8.92127   1.96704  61.19590   8.55314   1.93363
  60.60234   8.19709   1.89786  59.99980   7.84652   1.85931
  59.38653   7.49798   1.81788  58.75219   7.15520   1.77460
  58.09299   6.81609   1.72891  57.40859   6.48289   1.67822
  56.70107   6.15601   1.62161  55.96321   5.83487   1.55839
  55.19466   5.51863   1.48770  54.40110   5.20557   1.40824
  53.58198   4.89473   1.31880  52.73983   4.58101   1.21671
  51.88931   4.26800   1.10271  51.03867   3.95730   0.97735
  50.19452   3.64206   0.83711  49.34138   3.33473   0.68999
  48.39995   3.03861   0.54896
  68.75899  14.00000   2.47145  68.18711  13.57407   2.41310
  67.61719  13.14423   2.35854  67.04922  12.71032   2.30763
  66.48344  12.27236   2.26026  65.92056  11.82998   2.21627
  65.36266  11.38407   2.17560  64.81518  10.94079   2.13861
  64.27896  10.51912   2.10426  63.74301  10.11929   2.07129
  63.21499   9.72322   2.03788  62.68287   9.33460   2.00507
  62.13813   8.95429   1.97340  61.58010   8.58573   1.94067
  61.00731   8.22900   1.90564  60.42455   7.87849   1.86806
  59.83387   7.52890   1.82760  59.22239   7.18484   1.78539
  58.58643   6.84408   1.74103  57.92576   6.50900   1.69182
  57.24222   6.18014   1.63663  56.52882   5.85661   1.57469
  55.78391   5.53817   1.50521  55.01435   5.22280   1.42683
  54.21949   4.90966   1.33830  53.40175   4.59374   1.23643
  52.57556   4.27843   1.12159  51.74889   3.96551   0.99427
  50.93061   3.64789   0.85069  50.10354   3.33782   0.69901
  49.18924   3.03861   0.55442
  68.89801  14.00000   2.47009  68.34482  13.57726   2.41263
  67.79352  13.15076   2.35894  67.24412  12.72036   2.30890
  66.69682  12.28606   2.26236  66.15230  11.84754   2.21915
  65.61266  11.40559   2.17917  65.08289  10.96601   2.14276
  64.56440  10.54644   2.10899  64.04647  10.14838   2.07653
  63.53575   9.75479   2.04375  63.02357   9.36722   2.01135
  62.49881   8.98745   1.98002  61.96096   8.61845   1.94795
  61.40872   8.26109   1.91365  60.84547   7.91056   1.87704
  60.27722   7.55993   1.83752  59.68857   7.21458   1.79636
  59.07585   6.87218   1.75330  58.43895   6.53520   1.70558
  57.77949   6.20434   1.65184  57.09080   5.87842   1.59120
  56.36976   5.55776   1.52296  55.62447   5.24006   1.44570
  54.85421   4.92460   1.35812  54.06124   4.60648   1.25659
  53.25978   4.28886   1.14102  52.45747   3.97371   1.01187
  51.66550   3.65371   0.86509  50.86501   3.34091   0.70890
  49.97852   3.03861   0.56063
  69.03705  14.00000   2.46883  68.50232  13.58045   2.41226
  67.96942  13.15729   2.35948  67.43835  12.73039   2.31032
  66.90932  12.29975   2.26462  66.38293  11.86510   2.22220
  65.86136  11.42710   2.18293  65.34907  10.99126   2.14711
  64.84801  10.57384   2.11393  64.34780  10.17757   2.08199
  63.85377   9.78651   2.04985  63.36137   9.39994   2.01786
  62.85637   9.02073   1.98688  62.33847   8.65132   1.95545
  61.80657   8.29333   1.92187  61.26264   7.94270   1.88617
  60.71659   7.59107   1.84759  60.15072   7.24441   1.80747
  59.56124   6.90039   1.76567  58.94817   6.56149   1.71946
  58.31287   6.22862   1.66718  57.64914   5.90031   1.60787
  56.95221   5.57739   1.54091  56.23145   5.25736   1.46478
  55.48611   4.93955   1.37820  54.71830   4.61923   1.27713
  53.94198   4.29931   1.16097  53.16443   3.98191   1.03015
  52.39920   3.65954   0.88037  51.62577   3.34401   0.71982
  50.76780   3.03861   0.56779
  69.17608  14.00000   2.46768  68.65960  13.58364   2.41202
  68.14489  13.16382   2.36014  67.63195  12.74042   2.31186
  67.12096  12.31344   2.26702  66.61249  11.88265   2.22540
  66.10874  11.44860   2.18684  65.61372  11.01653   2.15161
  65.12978  10.60130   2.11901  64.64700  10.20686   2.08761
  64.16900   9.81838   2.05612  63.69627   9.43276   2.02454
  63.21081   9.05413   1.99391  62.71267   8.68433   1.96309
  62.20087   8.32572   1.93023  61.67615   7.97489   1.89541
  61.15197   7.62233   1.85776  60.60886   7.27434   1.81865
  60.04261   6.92871   1.77807  59.45342   6.58788   1.73339
  58.84238   6.25298   1.68259  58.20380   5.92228   1.62464
  57.53125   5.59707   1.55898  56.83529   5.27470   1.48403
  56.11520   4.95451   1.39848  55.37292   4.63198   1.29801
  54.62216   4.30976   1.18143  53.86977   3.99011   1.04913
  53.13172   3.66536   0.89660  52.38584   3.34711   0.73191
  51.55706   3.03861   0.57609
  69.31511  14.00000   2.46664  68.81667  13.58683   2.41189
  68.31993  13.17035   2.36091  67.82489  12.75045   2.31353
  67.33172  12.32713   2.26953  66.84094  11.90019   2.22871
  66.35482  11.47008   2.19086  65.87685  11.04181   2.15623
  65.40975  10.62883   2.12421  64.94408  10.23624   2.09334
  64.48150   9.85038   2.06250  64.02829   9.46568   2.03133
  63.56215   9.08763   2.00105  63.08355   8.71747   1.97082
  62.59167   8.35826   1.93866  62.08612   8.00710   1.90469
  61.58337   7.65371   1.86796  61.06298   7.30437   1.82985
  60.51997   6.95713   1.79045  59.95470   6.61436   1.74729
  59.36803   6.27742   1.69799  58.75477   5.94433   1.64144
  58.10689   5.61681   1.57710  57.43600   5.29207   1.50337
  56.74148   4.96949   1.41891  56.02512   4.64474   1.31917
  55.30030   4.32021   1.20236  54.57349   3.99830   1.06883
  53.86303   3.67119   0.91386  53.14520   3.35021   0.74534
  52.34631   3.03861   0.58577
  69.45414  14.00000   2.46571  68.97352  13.59002   2.41187
  68.49454  13.17688   2.36180  68.01718  12.76047   2.31529
  67.54161  12.34081   2.27214  67.06831  11.91772   2.23210
  66.59957  11.49156   2.19495  66.13844  11.06710   2.16090
  65.68790  10.65644   2.12944  65.23904  10.26570   2.09910
  64.79140   9.88244   2.06890  64.35741   9.49869   2.03816
  63.91040   9.12123   2.00824  63.45113   8.75076   1.97856
  62.97898   8.39092   1.94709  62.49269   8.03930   1.91393
  62.01078   7.68520   1.87813  61.51308   7.33451   1.84098
  60.99334   6.98567   1.80272  60.45201   6.64094   1.76108
  59.88980   6.30194   1.71329  59.30200   5.96649   1.65818
  58.67913   5.63659   1.59520  58.03358   5.30947   1.52273
  57.36494   4.98447   1.43941  56.67487   4.65751   1.34054
  55.97641   4.33067   1.22373  55.27560   4.00648   1.08924
  54.59314   3.67701   0.93222  53.90384   3.35332   0.76025
  53.13554   3.03861   0.59706
  69.59318  14.00000   2.46491  69.13016  13.59321   2.41196
  68.66871  13.18341   2.36277  68.20882  12.77049   2.31713
  67.75064  12.35449   2.27480  67.29459  11.93524   2.23552
  66.84302  11.51303   2.19906  66.39852  11.09238   2.16558
  65.96426  10.68411   2.13465  65.53191  10.29525   2.10482
  65.09890   9.91450   2.07525  64.68369   9.53181   2.04493
  64.25558   9.15493   2.01539  63.81543   8.78419   1.98623
  63.36286   8.42372   1.95544  62.89600   8.07148   1.92305
  62.43422   7.71683   1.88817  61.95919   7.36476   1.85197
  61.46270   7.01430   1.81480  60.94537   6.66761   1.77467
  60.40771   6.32654   1.72842  59.84549   5.98873   1.67478
  59.24797   5.65642   1.61319  58.62801   5.32692   1.54204
  57.98558   4.99948   1.45992  57.32219   4.67029   1.36208
  56.65048   4.34114   1.24550  55.97610   4.01465   1.11038
  55.32205   3.68283   0.95173  54.66177   3.35644   0.77681
  53.92474   3.03861   0.61020
  69.73221  14.00000   2.46424  69.28658  13.59639   2.41216
  68.84245  13.18993   2.36384  68.39981  12.78051   2.31903
  67.95879  12.36816   2.27749  67.51977  11.95275   2.23895
  67.08514  11.53448   2.20314  66.65707  11.11766   2.17021
  66.23882  10.71185   2.13978  65.82273  10.32488   2.11043
  65.40419   9.94652   2.08144  65.00712   9.56501   2.05156
  64.59767   9.18872   2.02240  64.17644   8.81777   1.99374
  63.74330   8.45664   1.96361  63.29608   8.10364   1.93196
  62.85368   7.74857   1.89800  62.40129   7.39511   1.86272
  61.92806   7.04304   1.82661  61.43478   6.69439   1.78798
  60.92176   6.35121   1.74326  60.38521   6.01107   1.69113
  59.81341   5.67629   1.63097  59.21931   5.34439   1.56120
  58.60339   5.01450   1.48035  57.96706   4.68307   1.38370
  57.32252   4.35160   1.26762  56.67500   4.02282   1.13223
  56.04974   3.68866   0.97247  55.41898   3.35955   0.79515
  54.71391   3.03861   0.62541
  69.87125  14.00000   2.46371  69.44279  13.59958   2.41248
  69.01575  13.19646   2.36498  68.59014  12.79053   2.32097
  68.16607  12.38183   2.28018  67.74385  11.97026   2.24234
  67.32595  11.55593   2.20715  66.91411  11.14294   2.17472
  66.51159  10.73966   2.14474  66.11149  10.35458   2.11586
  65.70752   9.97841   2.08738  65.32774   9.59830   2.05797
  64.93671   9.22260   2.02918  64.53419   8.85150   2.00099
  64.12032   8.48969   1.97152  63.69289   8.13582   1.94058
  63.26919   7.78043   1.90753  62.83940   7.42557   1.87314
  62.38943   7.07189   1.83805  61.92022   6.72125   1.80088
  61.43196   6.37596   1.75772  60.92117   6.03350   1.70714
  60.37546   5.69622   1.64845  59.80747   5.36191   1.58012
  59.21838   5.02954   1.50062  58.60947   4.69586   1.40533
  57.99250   4.36208   1.29003  57.37230   4.03097   1.15478
  56.77620   3.69448   0.99446  56.17545   3.36268   0.81541
  55.50302   3.03861   0.64293
  70.01028  14.00000   2.46332  69.59879  13.60277   2.41290
  69.18863  13.20298   2.36619  68.77983  12.80055   2.32293
  68.37247  12.39550   2.28285  67.96684  11.98775   2.24565
  67.56543  11.57737   2.21103  67.16962  11.16820   2.17905
  66.78259  10.76754   2.14948  66.39822  10.38436   2.12101
  66.00909  10.01015   2.09299  65.64556   9.63167   2.06404
  65.27269   9.25659   2.03563  64.88868   8.88538   2.00787
  64.49393   8.52288   1.97905  64.08635   8.16807   1.94880
  63.68077   7.81241   1.91665  63.27352   7.45613   1.88313
  62.84681   7.10083   1.84902  62.40171   6.74823   1.81328
  61.93830   6.40080   1.77169  61.45336   6.05601   1.72268
  60.93412   5.71618   1.66551  60.39248   5.37946   1.59870
  59.83053   5.04461   1.52065  59.24943   4.70865   1.42688
  58.66043   4.37255   1.31269  58.06799   4.03912   1.17801
  57.50143   3.70030   1.01775  56.93118   3.36580   0.83770
  56.29207   3.03861   0.66296
  70.14932  14.00000   2.46308  69.75456  13.60596   2.41343
  69.36108  13.20950   2.36746  68.96886  12.81056   2.32489
  68.57801  12.40916   2.28545  68.18874  12.00524   2.24884
  67.80360  11.59879   2.21473  67.42361  11.19345   2.18316
  67.05180  10.79551   2.15393  66.68291  10.41422   2.12582
  66.30888  10.04178   2.09818  65.96061   9.66513   2.06969
  65.60561   9.29068   2.04163  65.23992   8.91941   2.01429
  64.86412   8.55620   1.98611  64.47634   8.20043   1.95653
  64.08847   7.84450   1.92525  63.70364   7.48681   1.89258
  63.30021   7.12987   1.85941  62.87926   6.77530   1.82506
  62.44077   6.42572   1.78504  61.98179   6.07860   1.73764
  61.48940   5.73620   1.68205  60.97433   5.39704   1.61683
  60.43983   5.05970   1.54033  59.88692   4.72145   1.44827
  59.32631   4.38303   1.33550  58.76207   4.04726   1.20188
  58.22542   3.70612   1.04232  57.68615   3.36894   0.86209
  57.08105   3.03861   0.68569
  70.28835  14.00000   2.46300  69.91012  13.60915   2.41405
  69.53308  13.21603   2.36876  69.15723  12.82057   2.32683
  68.78266  12.42281   2.28796  68.40955  12.02271   2.25187
  68.04043  11.62020   2.21820  67.67606  11.21867   2.18697
  67.31924  10.82357   2.15801  66.96557  10.44416   2.13020
  66.60680  10.07334   2.10289  66.27284   9.69869   2.07483
  65.93550   9.32487   2.04710  65.58793   8.95359   2.02013
  65.23089   8.58967   1.99258  64.86275   8.23293   1.96367
  64.49231   7.87670   1.93323  64.12979   7.51759   1.90138
  63.74963   7.15900   1.86912  63.35285   6.80248   1.83609
  62.93938   6.45072   1.79766  62.50646   6.10127   1.75190
  62.04130   5.75625   1.69794  61.55304   5.41467   1.63440
  61.04628   5.07481   1.55957  60.52192   4.73426   1.46940
  59.99011   4.39351   1.35840  59.45454   4.05539   1.22632
  58.94815   3.71194   1.06818  58.44036   3.37207   0.88865
  57.86995   3.03861   0.71127
  70.42739  14.00000   2.46307  70.06547  13.61234   2.41478
  69.70465  13.22255   2.37009  69.34496  12.83058   2.32872
  68.98644  12.43647   2.29036  68.62925  12.04018   2.25471
  68.27593  11.64160   2.22140  67.92699  11.24388   2.19044
  67.58494  10.85171   2.16168  67.24621  10.47419   2.13410
  66.90273  10.10490   2.10703  66.58218   9.73238   2.07938
  66.26234   9.35917   2.05193  65.93272   8.98793   2.02531
  65.59425   8.62329   1.99838  65.24548   8.26560   1.97012
  64.89234   7.90899   1.94048  64.55196   7.54848   1.90943
  64.19506   7.18823   1.87806  63.82249   6.82976   1.84628
  63.43413   6.47580   1.80943  63.02738   6.12402   1.76534
  62.58982   5.77635   1.71307  62.12858   5.43233   1.65130
  61.64988   5.08995   1.57826  61.15445   4.74708   1.49015
  60.65184   4.40400   1.38127  60.14538   4.06352   1.25126
  59.66961   3.71777   1.09526  59.19378   3.37521   0.91739
  58.65874   3.03861   0.73980
  70.56643  14.00000   2.46329  70.22059  13.61552   2.41558
  69.87579  13.22907   2.37144  69.53201  12.84059   2.33055
  69.18935  12.45011   2.29261  68.84786  12.05764   2.25731
  68.51011  11.66300   2.22430  68.17638  11.26907   2.19353
  67.84888  10.87994   2.16488  67.52482  10.50430   2.13745
  67.19655  10.13650   2.11056  66.88858   9.76621   2.08326
  66.58615   9.39357   2.05605  66.27428   9.02240   2.02973
  65.95419   8.65705   2.00339  65.62456   8.29843   1.97577
  65.28869   7.94136   1.94690  64.97017   7.57949   1.91663
  64.63651   7.21756   1.88610  64.28819   6.85715   1.85551
  63.92501   6.50097   1.82024  63.54454   6.14685   1.77784
  63.13496   5.79649   1.72731  62.70095   5.45002   1.66741
  62.25061   5.10512   1.59629  61.78448   4.75990   1.51044
  61.31148   4.41449   1.40403  60.83459   4.07164   1.27661
  60.38979   3.72359   1.12351  59.94641   3.37835   0.94826
  59.44742   3.03861   0.77136
  70.70547  14.00000   2.46365  70.37550  13.61871   2.41646
  70.04649  13.23559   2.37278  69.71842  12.85059   2.33229
  69.39137  12.46376   2.29468  69.06538  12.07509   2.25966
  68.74295  11.68438   2.22685  68.42423  11.29424   2.19619
  68.11108  10.90825   2.16757  67.80141  10.53450   2.14021
  67.48810  10.16819   2.11342  67.19194   9.80021   2.08641
  66.90693   9.42808   2.05938  66.61265   9.05699   2.03330
  66.31075   8.69097   2.00753  66.00001   8.33142   1.98053
  65.68150   7.97379   1.95239  65.38438   7.61061   1.92287
  65.07399   7.24698   1.89317  64.74993   6.88464   1.86367
  64.41203   6.52623   1.82998  64.05797   6.16974   1.78930
  63.67672   5.81668   1.74057  63.27016   5.46776   1.68261
  62.84848   5.12031   1.61356  62.41201   4.77273   1.53013
  61.96902   4.42498   1.42654  61.52217   4.07975   1.30225
  61.10867   3.72941   1.15281  60.69823   3.38150   0.98118
  60.23597   3.03861   0.80593
  70.84450  14.00000   2.46413  70.53020  13.62190   2.41740
  70.21675  13.24211   2.37410  69.90417  12.86060   2.33392
  69.59251  12.47740   2.29657  69.28180  12.09252   2.26173
  68.97446  11.70575   2.22904  68.67054  11.31940   2.19840
  68.37154  10.93663   2.16972  68.07600  10.56478   2.14235
  67.77730  10.20000   2.11558  67.49224   9.83438   2.08879
  67.22466   9.46271   2.06187  66.94781   9.09169   2.03599
  66.66394   8.72503   2.01072  66.37189   8.36456   1.98431
  66.07094   8.00623   1.95687  65.79463   7.64184   1.92807
  65.50750   7.27649   1.89916  65.20774   6.91224   1.87069
  64.89519   6.55157   1.83855  64.56766   6.19271   1.79960
  64.21506   5.83692   1.75272  63.83620   5.48553   1.69681
  63.44347   5.13553   1.62995  63.03703   4.78556   1.54912
  62.62447   4.43547   1.44869  62.20811   4.08786   1.32805
  61.82626   3.73523   1.18301  61.44925   3.38465   1.01601
  61.02439   3.03861   0.84345
  70.98354  14.00000   2.46473  70.68467  13.62508   2.41837
  70.38658  13.24862   2.37537  70.08927  12.87059   2.33543
  69.79278  12.49103   2.29824  69.49712  12.10995   2.26350
  69.20463  11.72711   2.23084  68.91531  11.34453   2.20015
  68.63028  10.96506   2.17133  68.34859  10.59515   2.14384
  68.06419  10.23193   2.11701  67.78970   9.86866   2.09038
  67.53938   9.49744   2.06348  67.27980   9.12650   2.03773
  67.01376   8.75924   2.01291  66.74024   8.39783   1.98706
  66.45720   8.03866   1.96026  66.20090   7.67320   1.93216
  65.93703   7.30611   1.90399  65.66161   6.93995   1.87649
  65.37448   6.57700   1.84587  65.07361   6.21575   1.80866
  64.74997   5.85722   1.76369  64.39906   5.50334   1.70990
  64.03560   5.15078   1.64536  63.65954   4.79841   1.56730
  63.27782   4.44597   1.47035  62.89240   4.09597   1.35386
  62.54255   3.74105   1.21392  62.19944   3.38781   1.05252
  61.81267   3.03861   0.88377
  71.12257  14.00000   2.46540  70.83894  13.62827   2.41934
  70.55598  13.25514   2.37658  70.27370  12.88059   2.33679
  69.99216  12.50466   2.29968  69.71135  12.12737   2.26495
  69.43346  11.74847   2.23224  69.15854  11.36966   2.20142
  68.88729  10.99352   2.17239  68.61920  10.62561   2.14470
  68.34878  10.26395   2.11772  68.08463   9.90297   2.09115
  67.85110   9.53228   2.06420  67.60861   9.16141   2.03851
  67.36024   8.79360   2.01406  67.10515   8.43123   1.98873
  66.84046   8.07107   1.96250  66.60318   7.70467   1.93509
  66.36262   7.33582   1.90762  66.11156   6.96775   1.88101
  65.84993   6.60251   1.85189  65.57584   6.23886   1.81641
  65.28141   5.87757   1.77339  64.95876   5.52119   1.72179
  64.62486   5.16606   1.65970  64.27956   4.81125   1.58456
  63.92906   4.45648   1.49137  63.57505   4.10407   1.37948
  63.25754   3.74687   1.24531  62.94883   3.39097   1.09042
  62.60081   3.03861   0.92664
  71.26160  14.00000   2.46611  70.99297  13.63146   2.42030
  70.72493  13.26165   2.37769  70.45748  12.89059   2.33798
  70.19067  12.51829   2.30089  69.92448  12.14478   2.26610
  69.66095  11.76981   2.23327  69.40022  11.39477   2.20225
  69.14259  11.02201   2.17293  68.88783  10.65615   2.14495
  68.63113  10.29607   2.11774  68.37738   9.93725   2.09113
  68.15987   9.56722   2.06407  67.93426   9.19642   2.03836
  67.70339   8.82812   2.01417  67.46661   8.46476   1.98931
  67.22076   8.10346   1.96359  67.00150   7.73627   1.93681
  66.78425   7.36564   1.91000  66.55760   6.99566   1.88421
  66.32154   6.62812   1.85655  66.07436   6.26204   1.82281
  65.80937   5.89800   1.78176  65.51529   5.53908   1.73243
  65.21125   5.18136   1.67288  64.89707   4.82411   1.60079
  64.57822   4.46698   1.51162  64.25607   4.11217   1.40472
  63.97124   3.75270   1.27690  63.69743   3.39413   1.12935
  63.38883   3.03861   0.97171
  71.40064  14.00000   2.46681  71.14680  13.63464   2.42118
  70.89346  13.26817   2.37868  70.64061  12.90058   2.33899
  70.38830  12.53191   2.30184  70.13651  12.16219   2.26694
  69.88711  11.79114   2.23393  69.64037  11.41987   2.20265
  69.39616  11.05050   2.17299  69.15450  10.68677   2.14465
  68.91126  10.32829   2.11714  68.66835   9.97141   2.09038
  68.46574   9.60226   2.06314  68.25677   9.23154   2.03731
  68.04324   8.86279   2.01328  67.82462   8.49843   1.98880
  67.59798   8.13588   1.96353  67.39589   7.76799   1.93734
  67.20194   7.39557   1.91113  66.99974   7.02366   1.88611
  66.78932   6.65381   1.85984  66.56918   6.28530   1.82783
  66.33382   5.91850   1.78879  66.06867   5.55701   1.74177
  65.79481   5.19669   1.68485  65.51211   4.83697   1.61590
  65.22530   4.47749   1.53094  64.93548   4.12027   1.42936
  64.68368   3.75852   1.30835  64.44524   3.39730   1.16883
  64.17675   3.03861   1.01851
  71.53967  14.00000   2.46743  71.30041  13.63783   2.42195
  71.06154  13.27468   2.37950  70.82307  12.91057   2.33980
  70.58504  12.54553   2.30256  70.34743  12.17958   2.26749
  70.11194  11.81246   2.23426  69.87896  11.44496   2.20268
  69.64801  11.07900   2.17265  69.41922  10.71748   2.14390
  69.18922  10.36060   2.11601  68.95790  10.00540   2.08900
  68.76875   9.63739   2.06152  68.57615   9.26676   2.03547
  68.37979   8.89763   2.01145  68.17922   8.53224   1.98728
  67.97196   8.16836   1.96236  67.78640   7.79983   1.93669
  67.61572   7.42560   1.91102  67.43800   7.05177   1.88671
  67.25331   6.67960   1.86180  67.06036   6.30862   1.83149
  66.85475   5.93907   1.79447  66.61893   5.57498   1.74979
  66.37554   5.21205   1.69557  66.12468   4.84983   1.62983
  65.87033   4.48801   1.54918  65.61329   4.12837   1.45314
  65.39487   3.76434   1.33927  65.19231   3.40048   1.20830
  64.96461   3.03861   1.06645
  71.67871  14.00000   2.46791  71.45380  13.64101   2.42255
  71.22919  13.28120   2.38014  71.00488  12.92056   2.34039
  70.78091  12.55914   2.30303  70.55726  12.19697   2.26778
  70.33543  11.83377   2.23431  70.11602  11.47003   2.20242
  69.89815  11.10750   2.17200  69.68201  10.74828   2.14281
  69.46503  10.39299   2.11450  69.24599  10.03924   2.08713
  69.06889   9.67261   2.05936  68.89242   9.30210   2.03298
  68.71307   8.93262   2.00882  68.53040   8.56620   1.98485
  68.34256   8.20095   1.96018  68.17308   7.83177   1.93495
  68.02561   7.45573   1.90975  67.87240   7.07997   1.88609
  67.71351   6.70547   1.86247  67.54788   6.33202   1.83385
  67.37213   5.95973   1.79884  67.16607   5.59299   1.75652
  66.95348   5.22744   1.70503  66.73483   4.86270   1.64251
  66.51334   4.49853   1.56622  66.28955   4.13647   1.47580
  66.10486   3.77017   1.36922  65.93866   3.40365   1.24709
  65.75243   3.03861   1.11477
  71.81775  14.00000   2.46815  71.60699  13.64420   2.42290
  71.39641  13.28771   2.38052  71.18604  12.93055   2.34073
  70.97591  12.57275   2.30326  70.76600  12.21435   2.26784
  70.55760  11.85507   2.23416  70.35154  11.49509   2.20196
  70.14657  11.13599   2.17117  69.94289  10.77917   2.14154
  69.73869  10.42549   2.11278  69.53245  10.07302   2.08498
  69.36610   9.70796   2.05688  69.20560   9.33754   2.03005
  69.04312   8.96778   2.00557  68.87817   8.60031   1.98167
  68.70959   8.23369   1.95713  68.55600   7.86383   1.93223
  68.43164   7.48597   1.90741  68.30296   7.10826   1.88434
  68.16996   6.73144   1.86197  68.03181   6.35548   1.83502
  67.88597   5.98047   1.80201  67.71014   5.61104   1.76202
  67.52866   5.24285   1.71324  67.34258   4.87557   1.65392
  67.15438   4.50905   1.58191  66.96428   4.14456   1.49705
  66.81368   3.77600   1.39769  66.68436   3.40683   1.28440
  66.54029   3.03861   1.16257
  71.95678  14.00000   2.46803  71.75995  13.64738   2.42293
  71.56319  13.29422   2.38061  71.36655  12.94053   2.34082
  71.17002  12.58635   2.30328  70.97363  12.23172   2.26774
  70.77844  11.87635   2.23388  70.58553  11.52013   2.20144
  70.39329  11.16447   2.17032  70.20187  10.81017   2.14030
  70.01021  10.45808   2.11109  69.81704  10.10678   2.08283
  69.66027   9.74345   2.05434  69.51571   9.37310   2.02697
  69.36994   9.00309   2.00198  69.22254   8.63456   1.97796
  69.07293   8.26660   1.95341  68.93523   7.89599   1.92871
  68.83382   7.51631   1.90418  68.72972   7.13665   1.88163
  68.62268   6.75750   1.86046  68.51215   6.37902   1.83516
  68.39630   6.00129   1.80412  68.25117   5.62913   1.76641
  68.10111   5.25829   1.72028  67.94798   4.88845   1.66404
  67.79347   4.51957   1.59614  67.63754   4.15266   1.51659
  67.52140   3.78182   1.42410  67.42947   3.41002   1.31931
  67.32825   3.03861   1.20876
  72.09582  14.00000   2.46745  71.91270  13.65057   2.42253
  71.72955  13.30073   2.38035  71.54640  12.95051   2.34063
  71.36327  12.59996   2.30311  71.18017  12.24909   2.26753
  70.99797  11.89762   2.23359  70.81797  11.54516   2.20100
  70.63828  11.19293   2.16966  70.45898  10.84127   2.13932
  70.27959  10.49077   2.10971  70.09951  10.14060   2.08098
  69.95131   9.77910   2.05211  69.82275   9.40877   2.02406
  69.69357   9.03853   1.99839  69.56357   8.66898   1.97403
  69.43263   8.29968   1.94929  69.31091   7.92824   1.92463
  69.23221   7.54676   1.90026  69.15270   7.16513   1.87818
  69.07171   6.78366   1.85815  68.98895   6.40263   1.83448
  68.90316   6.02218   1.80537  68.78919   5.64726   1.76987
  68.67088   5.27376   1.72627  68.55106   4.90134   1.67294
  68.43066   4.53011   1.60880  68.30937   4.16076   1.53409
  68.22807   3.78765   1.44783  68.17403   3.41320   1.35077
  68.11637   3.03861   1.25207
  72.23485  14.00000   2.46623  72.06522  13.65375   2.42160
  71.89547  13.30724   2.37966  71.72560  12.96049   2.34013
  71.55563  12.61355   2.30276  71.38560  12.26645   2.26729
  71.21618  11.91889   2.23342  71.04889  11.57017   2.20082
  70.88157  11.22136   2.16940  70.71423  10.87248   2.13889
  70.54687  10.52356   2.10898  70.37959  10.17453   2.07983
  70.23910   9.81495   2.05058  70.12672   9.44456   2.02178
  70.01400   9.07411   1.99523  69.90126   8.70354   1.97026
  69.78877   8.33292   1.94511  69.68326   7.96054   1.92029
  69.62679   7.57732   1.89596  69.57192   7.19369   1.87426
  69.51707   6.80992   1.85534  69.46222   6.42631   1.83330
  69.40659   6.04316   1.80604  69.32426   5.66543   1.77263
  69.23801   5.28926   1.73139  69.15186   4.91423   1.68067
  69.06602   4.54064   1.61981  68.97981   4.16887   1.54921
  68.93375   3.79348   1.46816  68.91813   3.41639   1.37757
  68.90472   3.03861   1.29099
$points - wing-body  with composite panels
1.
1.
         2        61                                                           8
  63.89801  14.00000   2.64882  63.89801  14.00000   2.64882
  64.03619  14.00000   2.66207  64.03508  14.00000   2.62701
  64.17517  14.00000   2.66566  64.17368  14.00000   2.61590
  64.31417  14.00000   2.66771  64.31239  14.00000   2.60645
  64.45319  14.00000   2.66900  64.45116  14.00000   2.59785
  64.59220  14.00000   2.66982  64.58996  14.00000   2.58981
  64.73122  14.00000   2.67029  64.72879  14.00000   2.58217
  64.87023  14.00000   2.67048  64.86763  14.00000   2.57488
  65.00925  14.00000   2.67044  65.00649  14.00000   2.56789
  65.14827  14.00000   2.67017  65.14537  14.00000   2.56120
  65.28728  14.00000   2.66968  65.28426  14.00000   2.55480
  65.42630  14.00000   2.66897  65.42316  14.00000   2.54868
  65.56532  14.00000   2.66805  65.56207  14.00000   2.54284
  65.70433  14.00000   2.66690  65.70100  14.00000   2.53729
  65.84335  14.00000   2.66553  65.83994  14.00000   2.53202
  65.98235  14.00000   2.66393  65.97888  14.00000   2.52703
  66.12136  14.00000   2.66211  66.11784  14.00000   2.52231
  66.26036  14.00000   2.66008  66.25681  14.00000   2.51787
  66.39936  14.00000   2.65782  66.39577  14.00000   2.51368
  66.53836  14.00000   2.65536  66.53476  14.00000   2.50975
  66.67735  14.00000   2.65270  66.67374  14.00000   2.50606
  66.81634  14.00000   2.64984  66.81274  14.00000   2.50260
  66.95532  14.00000   2.64681  66.95174  14.00000   2.49937
  67.09431  14.00000   2.64360  67.09074  14.00000   2.49633
  67.23328  14.00000   2.64024  67.22974  14.00000   2.49349
  67.37226  14.00000   2.63673  67.36876  14.00000   2.49082
  67.51123  14.00000   2.63308  67.50777  14.00000   2.48832
  67.65019  14.00000   2.62932  67.64679  14.00000   2.48596
  67.78916  14.00000   2.62544  67.78580  14.00000   2.48375
  67.92812  14.00000   2.62146  67.92483  14.00000   2.48167
  68.06708  14.00000   2.61739  68.06385  14.00000   2.47970
  68.20604  14.00000   2.61324  68.20287  14.00000   2.47785
  68.34499  14.00000   2.60901  68.34190  14.00000   2.47610
  68.48394  14.00000   2.60471  68.48093  14.00000   2.47445
  68.62289  14.00000   2.60035  68.61996  14.00000   2.47290
  68.76184  14.00000   2.59592  68.75899  14.00000   2.47145
  68.90079  14.00000   2.59142  68.89801  14.00000   2.47009
  69.03973  14.00000   2.58685  69.03705  14.00000   2.46883
  69.17867  14.00000   2.58222  69.17608  14.00000   2.46768
  69.31760  14.00000   2.57751  69.31511  14.00000   2.46664
  69.45654  14.00000   2.57273  69.45414  14.00000   2.46571
  69.59547  14.00000   2.56786  69.59318  14.00000   2.46491
  69.73441  14.00000   2.56291  69.73221  14.00000   2.46424
  69.87333  14.00000   2.55785  69.87125  14.00000   2.46371
  70.01225  14.00000   2.55270  70.01028  14.00000   2.46332
  70.15118  14.00000   2.54744  70.14932  14.00000   2.46308
  70.29008  14.00000   2.54207  70.28835  14.00000   2.46300
  70.42900  14.00000   2.53660  70.42739  14.00000   2.46307
  70.56790  14.00000   2.53102  70.56643  14.00000   2.46329
  70.70681  14.00000   2.52534  70.70547  14.00000   2.46365
  70.84570  14.00000   2.51958  70.84450  14.00000   2.46413
  70.98460  14.00000   2.51375  70.98354  14.00000   2.46473
  71.12350  14.00000   2.50788  71.12257  14.00000   2.46540
  71.26239  14.00000   2.50201  71.26160  14.00000   2.46611
  71.40128  14.00000   2.49618  71.40064  14.00000   2.46681
  71.54018  14.00000   2.49045  71.53967  14.00000   2.46743
  71.67909  14.00000   2.48489  71.67871  14.00000   2.46791
  71.81801  14.00000   2.47957  71.81775  14.00000   2.46815
  71.95694  14.00000   2.47461  71.95678  14.00000   2.46803
  72.09589  14.00000   2.47011  72.09582  14.00000   2.46745
  72.23485  14.00000   2.46623  72.23485  14.00000   2.46623
$points - wing-body  with composite panels
1.
1.
         8         8                                                           9
  68.90472  -0.00000   1.32213  68.90454   0.43435   1.28396
  68.90534   0.86848   1.24430  68.90511   1.30287   1.20667
  68.90488   1.73835   1.18654  68.90474   2.17425   1.19376
  68.90457   2.60902   1.22593  68.90472   3.03861   1.29099
  69.31905  -0.00000   1.29537  69.31477   0.37441   1.26213
  69.31144   0.74886   1.23069  69.30698   1.12325   1.19964
  69.30200   1.49713   1.17676  69.29687   1.87088   1.17237
  69.29179   2.24427   1.18724  69.28687   2.61514   1.21781
  69.73319  -0.00000   1.26602  69.72869   0.31584   1.23712
  69.72517   0.63172   1.21229  69.72067   0.94779   1.18853
  69.71537   1.26328   1.16785  69.70956   1.57781   1.15693
  69.70377   1.89219   1.16003  69.69825   2.20458   1.17551
  70.14714  -0.00000   1.23388  70.14301   0.25769   1.20920
  70.13984   0.51530   1.18933  70.13602   0.77328   1.17261
  70.13135   1.03102   1.15661  70.12589   1.28784   1.14423
  70.12017   1.54376   1.13963  70.11465   1.79810   1.14444
  70.56084  -0.00000   1.19872  70.55767   0.20007   1.17844
  70.55531   0.40005   1.16201  70.55273   0.60016   1.15019
  70.54947   0.80055   1.13970  70.54531   1.00029   1.12993
  70.54064   1.19916   1.12277  70.53580   1.39607   1.11991
  70.97426  -0.00000   1.16051  70.97203   0.14235   1.14508
  70.97031   0.28471   1.13164  70.96858   0.42703   1.12176
  70.96657   0.56946   1.11481  70.96391   0.71180   1.10920
  70.96069   0.85368   1.10416  70.95703   0.99384   1.10015
  71.38734  -0.00000   1.11872  71.38617   0.08477   1.10872
  71.38522   0.16955   1.09925  71.38424   0.25439   1.09105
  71.38315   0.33919   1.08455  71.38184   0.42388   1.07993
  71.38032   0.50841   1.07683  71.37849   0.59220   1.07466
  71.80000  -0.00000   1.07295  71.80000   0.02722   1.06977
  71.80000   0.05445   1.06659  71.80000   0.08167   1.06341
  71.80000   0.10890   1.06023  71.80000   0.13612   1.05705
  71.80000   0.16335   1.05387  71.80000   0.19057   1.05069
$points - wing-body  with composite panels
1.
1.
         8         8                                                          10
  68.90472   3.03861   1.29099  68.90450   2.58871   1.18265
  68.90472   2.13970   1.06960  68.90469   1.69730   0.93309
  68.90475   1.26398   0.77004  68.90465   0.84173   0.58020
  68.90439   0.43281   0.36308  68.90472  -0.00000   0.20296
  69.28687   2.61514   1.21781  69.29105   2.22591   1.13480
  69.29688   1.84023   1.03466  69.30289   1.46103   0.91351
  69.30871   1.08912   0.77233  69.31461   0.72742   0.60756
  69.31940   0.37458   0.42392  69.32400  -0.00000   0.29186
  69.69825   2.20458   1.17551  69.70353   1.87687   1.10242
  69.71100   1.55316   1.01297  69.71832   1.23434   0.90840
  69.72547   0.92194   0.78688  69.73272   0.61830   0.64580
  69.73730   0.31761   0.49553  69.74177  -0.00000   0.38760
  70.11465   1.79810   1.14444  70.12068   1.53206   1.07843
  70.12858   1.26914   1.00146  70.13625   1.01029   0.91270
  70.14381   0.75686   0.81022  70.15115   0.50958   0.69342
  70.15412   0.26020   0.57678  70.15781  -0.00000   0.49056
  70.53580   1.39607   1.11991  70.54140   1.19047   1.06394
  70.54878   0.98776   0.99945  70.55611   0.78853   0.92561
  70.56325   0.59338   0.84187  70.56897   0.39976   0.75169
  70.56944   0.20258   0.66746  70.57191  -0.00000   0.60110
  70.95703   0.99384   1.10015  70.96228   0.84918   1.05395
  70.96888   0.70688   1.00241  70.97534   0.56674   0.94513
  70.98083   0.42747   0.88381  70.98381   0.28662   0.82255
  70.98251   0.14447   0.76689  70.98395  -0.00000   0.71913
  71.37849   0.59220   1.07466  71.38269   0.50799   1.04224
  71.38721   0.42431   1.00856  71.39090   0.34035   0.97411
  71.39325   0.25574   0.93987  71.39388   0.17069   0.90668
  71.39261   0.08579   0.87517  71.39344  -0.00000   0.84566
  71.80000   0.19057   1.05069  71.80019   0.16341   1.04060
  71.80029   0.13623   1.03058  71.80033   0.10902   1.02063
  71.80032   0.08179   1.01074  71.80025   0.05453   1.00091
  71.80014   0.02727   0.99112  71.80000  -0.00000   0.98133
$points - body to wing wakes
1.
20.
         2         9                                                          11
  68.90472   3.03861   1.29099  68.91813   3.41639   1.37757
  69.28687   2.61514   1.21781  69.28687   3.41639   1.37757
  69.69825   2.20458   1.17551  69.69825   3.41639   1.37757
  70.11465   1.79810   1.14444  70.11465   3.41639   1.37757
  70.53580   1.39607   1.11991  70.53580   3.41639   1.37757
  70.95703   0.99384   1.10015  70.95703   3.41639   1.37757
  71.37849   0.59220   1.07466  71.37849   3.41639   1.37757
  71.80000   0.19057   1.05069  71.80000   3.41639   1.37757
 100.00000   0.19057   1.05069 100.00000   3.41639   1.37757
$trailing wakes from wings
   1.0    
18.
         6         2  100.            0.                                      12
$trailing
   2.0    
       18.        1.
         9         2  100.            0.                                      13
        10         2  100.            0.                                      14
$flow
1.        1.
$xyz
 500.00000
 251.27920   0.00000-216.00000 252.00064   0.00000-216.00000
 252.72208   0.00000-216.00000 253.44353   0.00000-216.00000
 254.16497   0.00000-216.00000 254.88641   0.00000-216.00000
 255.60786   0.00000-216.00000 256.32930   0.00000-216.00000
 257.05074   0.00000-216.00000 257.77218   0.00000-216.00000
 258.49363   0.00000-216.00000 259.21507   0.00000-216.00000
 259.93651   0.00000-216.00000 260.65796   0.00000-216.00000
 261.37940   0.00000-216.00000 262.10084   0.00000-216.00000
 262.82228   0.00000-216.00000 263.54373   0.00000-216.00000
 264.26517   0.00000-216.00000 264.98661   0.00000-216.00000
 265.70806   0.00000-216.00000 266.42950   0.00000-216.00000
 267.15094   0.00000-216.00000 267.87238   0.00000-216.00000
 268.59383   0.00000-216.00000 269.31527   0.00000-216.00000
 270.03671   0.00000-216.00000 270.75816   0.00000-216.00000
 271.47960   0.00000-216.00000 272.20104   0.00000-216.00000
 272.92248   0.00000-216.00000 273.64393   0.00000-216.00000
 274.36537   0.00000-216.00000 275.08681   0.00000-216.00000
 275.80826   0.00000-216.00000 276.52970   0.00000-216.00000
 277.25114   0.00000-216.00000 277.97258   0.00000-216.00000
 278.69403   0.00000-216.00000 279.41547   0.00000-216.00000
 280.13691   0.00000-216.00000 280.85836   0.00000-216.00000
 281.57980   0.00000-216.00000 282.30124   0.00000-216.00000
 283.02269   0.00000-216.00000 283.74413   0.00000-216.00000
 284.46557   0.00000-216.00000 285.18701   0.00000-216.00000
 285.90846   0.00000-216.00000 286.62990   0.00000-216.00000
 287.35134   0.00000-216.00000 288.07279   0.00000-216.00000
 288.79423   0.00000-216.00000 289.51567   0.00000-216.00000
 290.23711   0.00000-216.00000 290.95856   0.00000-216.00000
 291.68000   0.00000-216.00000 292.40144   0.00000-216.00000
 293.12289   0.00000-216.00000 293.84433   0.00000-216.00000
 294.56577   0.00000-216.00000 295.28721   0.00000-216.00000
 296.00866   0.00000-216.00000 296.73010   0.00000-216.00000
 297.45154   0.00000-216.00000 298.17299   0.00000-216.00000
 298.89443   0.00000-216.00000 299.61587   0.00000-216.00000
 300.33731   0.00000-216.00000 301.05876   0.00000-216.00000
 301.78020   0.00000-216.00000 302.50164   0.00000-216.00000
 303.22309   0.00000-216.00000 303.94453   0.00000-216.00000
 304.66597   0.00000-216.00000 305.38741   0.00000-216.00000
 306.10886   0.00000-216.00000 306.83030   0.00000-216.00000
 307.55174   0.00000-216.00000 308.27319   0.00000-216.00000
 308.99463   0.00000-216.00000 309.71607   0.00000-216.00000
 310.43751   0.00000-216.00000 311.15896   0.00000-216.00000
 311.88040   0.00000-216.00000 312.60184   0.00000-216.00000
 313.32329   0.00000-216.00000 314.04473   0.00000-216.00000
 314.76617   0.00000-216.00000 315.48762   0.00000-216.00000
 316.20906   0.00000-216.00000 316.93050   0.00000-216.00000
 317.65194   0.00000-216.00000 318.37339   0.00000-216.00000
 319.09483   0.00000-216.00000 319.81627   0.00000-216.00000
 320.53772   0.00000-216.00000 321.25916   0.00000-216.00000
 321.98060   0.00000-216.00000 322.70204   0.00000-216.00000
 323.42349   0.00000-216.00000 324.14493   0.00000-216.00000
 324.86637   0.00000-216.00000 325.58782   0.00000-216.00000
 326.30926   0.00000-216.00000 327.03070   0.00000-216.00000
 327.75214   0.00000-216.00000 328.47359   0.00000-216.00000
 329.19503   0.00000-216.00000 329.91647   0.00000-216.00000
 330.63792   0.00000-216.00000 331.35936   0.00000-216.00000
 332.08080   0.00000-216.00000 332.80224   0.00000-216.00000
 333.52369   0.00000-216.00000 334.24513   0.00000-216.00000
 334.96657   0.00000-216.00000 335.68802   0.00000-216.00000
 336.40946   0.00000-216.00000 337.13090   0.00000-216.00000
 337.85234   0.00000-216.00000 338.57379   0.00000-216.00000
 339.29523   0.00000-216.00000 340.01667   0.00000-216.00000
 340.73812   0.00000-216.00000 341.45956   0.00000-216.00000
 342.18100   0.00000-216.00000 342.90244   0.00000-216.00000
 343.62389   0.00000-216.00000 344.34533   0.00000-216.00000
 345.06677   0.00000-216.00000 345.78822   0.00000-216.00000
 346.50966   0.00000-216.00000 347.23110   0.00000-216.00000
 347.95254   0.00000-216.00000 348.67399   0.00000-216.00000
 349.39543   0.00000-216.00000 350.11687   0.00000-216.00000
 350.83832   0.00000-216.00000 351.55976   0.00000-216.00000
 352.28120   0.00000-216.00000 353.00265   0.00000-216.00000
 353.72409   0.00000-216.00000 354.44553   0.00000-216.00000
 355.16697   0.00000-216.00000 355.88842   0.00000-216.00000
 356.60986   0.00000-216.00000 357.33130   0.00000-216.00000
 358.05275   0.00000-216.00000 358.77419   0.00000-216.00000
 359.49563   0.00000-216.00000 360.21707   0.00000-216.00000
 360.93852   0.00000-216.00000 361.65996   0.00000-216.00000
 362.38140   0.00000-216.00000 363.10285   0.00000-216.00000
 363.82429   0.00000-216.00000 364.54573   0.00000-216.00000
 365.26717   0.00000-216.00000 365.98862   0.00000-216.00000
 366.71006   0.00000-216.00000 367.43150   0.00000-216.00000
 368.15295   0.00000-216.00000 368.87439   0.00000-216.00000
 369.59583   0.00000-216.00000 370.31727   0.00000-216.00000
 371.03872   0.00000-216.00000 371.76016   0.00000-216.00000
 372.48160   0.00000-216.00000 373.20305   0.00000-216.00000
 373.92449   0.00000-216.00000 374.64593   0.00000-216.00000
 375.36737   0.00000-216.00000 376.08882   0.00000-216.00000
 376.81026   0.00000-216.00000 377.53170   0.00000-216.00000
 378.25315   0.00000-216.00000 378.97459   0.00000-216.00000
 379.69603   0.00000-216.00000 380.41747   0.00000-216.00000
 381.13892   0.00000-216.00000 381.86036   0.00000-216.00000
 382.58180   0.00000-216.00000 383.30325   0.00000-216.00000
 384.02469   0.00000-216.00000 384.74613   0.00000-216.00000
 385.46757   0.00000-216.00000 386.18902   0.00000-216.00000
 386.91046   0.00000-216.00000 387.63190   0.00000-216.00000
 388.35335   0.00000-216.00000 389.07479   0.00000-216.00000
 389.79623   0.00000-216.00000 390.51768   0.00000-216.00000
 391.23912   0.00000-216.00000 391.96056   0.00000-216.00000
 392.68200   0.00000-216.00000 393.40345   0.00000-216.00000
 394.12489   0.00000-216.00000 394.84633   0.00000-216.00000
 395.56778   0.00000-216.00000 396.28922   0.00000-216.00000
 397.01066   0.00000-216.00000 397.73210   0.00000-216.00000
 398.45355   0.00000-216.00000 399.17499   0.00000-216.00000
 399.89643   0.00000-216.00000 400.61788   0.00000-216.00000
 401.33932   0.00000-216.00000 402.06076   0.00000-216.00000
 402.78220   0.00000-216.00000 403.50365   0.00000-216.00000
 404.22509   0.00000-216.00000 404.94653   0.00000-216.00000
 405.66798   0.00000-216.00000 406.38942   0.00000-216.00000
 407.11086   0.00000-216.00000 407.83230   0.00000-216.00000
 408.55375   0.00000-216.00000 409.27519   0.00000-216.00000
 409.99663   0.00000-216.00000 410.71808   0.00000-216.00000
 411.43952   0.00000-216.00000 412.16096   0.00000-216.00000
 412.88240   0.00000-216.00000 413.60385   0.00000-216.00000
 414.32529   0.00000-216.00000 415.04673   0.00000-216.00000
 415.76818   0.00000-216.00000 416.48962   0.00000-216.00000
 417.21106   0.00000-216.00000 417.93250   0.00000-216.00000
 418.65395   0.00000-216.00000 419.37539   0.00000-216.00000
 420.09683   0.00000-216.00000 420.81828   0.00000-216.00000
 421.53972   0.00000-216.00000 422.26116   0.00000-216.00000
 422.98261   0.00000-216.00000 423.70405   0.00000-216.00000
 424.42549   0.00000-216.00000 425.14693   0.00000-216.00000
 425.86838   0.00000-216.00000 426.58982   0.00000-216.00000
 427.31126   0.00000-216.00000 428.03271   0.00000-216.00000
 428.75415   0.00000-216.00000 429.47559   0.00000-216.00000
 430.19703   0.00000-216.00000 430.91848   0.00000-216.00000
 431.63992   0.00000-216.00000 432.36136   0.00000-216.00000
 433.08281   0.00000-216.00000 433.80425   0.00000-216.00000
 434.52569   0.00000-216.00000 435.24713   0.00000-216.00000
 435.96858   0.00000-216.00000 436.69002   0.00000-216.00000
 437.41146   0.00000-216.00000 438.13291   0.00000-216.00000
 438.85435   0.00000-216.00000 439.57579   0.00000-216.00000
 440.29723   0.00000-216.00000 441.01868   0.00000-216.00000
 441.74012   0.00000-216.00000 442.46156   0.00000-216.00000
 443.18301   0.00000-216.00000 443.90445   0.00000-216.00000
 444.62589   0.00000-216.00000 445.34733   0.00000-216.00000
 446.06878   0.00000-216.00000 446.79022   0.00000-216.00000
 447.51166   0.00000-216.00000 448.23311   0.00000-216.00000
 448.95455   0.00000-216.00000 449.67599   0.00000-216.00000
 450.39743   0.00000-216.00000 451.11888   0.00000-216.00000
 451.84032   0.00000-216.00000 452.56176   0.00000-216.00000
 453.28321   0.00000-216.00000 454.00465   0.00000-216.00000
 454.72609   0.00000-216.00000 455.44753   0.00000-216.00000
 456.16898   0.00000-216.00000 456.89042   0.00000-216.00000
 457.61186   0.00000-216.00000 458.33331   0.00000-216.00000
 459.05475   0.00000-216.00000 459.77619   0.00000-216.00000
 460.49764   0.00000-216.00000 461.21908   0.00000-216.00000
 461.94052   0.00000-216.00000 462.66196   0.00000-216.00000
 463.38341   0.00000-216.00000 464.10485   0.00000-216.00000
 464.82629   0.00000-216.00000 465.54774   0.00000-216.00000
 466.26918   0.00000-216.00000 466.99062   0.00000-216.00000
 467.71206   0.00000-216.00000 468.43351   0.00000-216.00000
 469.15495   0.00000-216.00000 469.87639   0.00000-216.00000
 470.59784   0.00000-216.00000 471.31928   0.00000-216.00000
 472.04072   0.00000-216.00000 472.76216   0.00000-216.00000
 473.48361   0.00000-216.00000 474.20505   0.00000-216.00000
 474.92649   0.00000-216.00000 475.64794   0.00000-216.00000
 476.36938   0.00000-216.00000 477.09082   0.00000-216.00000
 477.81226   0.00000-216.00000 478.53371   0.00000-216.00000
 479.25515   0.00000-216.00000 479.97659   0.00000-216.00000
 480.69804   0.00000-216.00000 481.41948   0.00000-216.00000
 482.14092   0.00000-216.00000 482.86236   0.00000-216.00000
 483.58381   0.00000-216.00000 484.30525   0.00000-216.00000
 485.02669   0.00000-216.00000 485.74814   0.00000-216.00000
 486.46958   0.00000-216.00000 487.19102   0.00000-216.00000
 487.91246   0.00000-216.00000 488.63391   0.00000-216.00000
 489.35535   0.00000-216.00000 490.07679   0.00000-216.00000
 490.79824   0.00000-216.00000 491.51968   0.00000-216.00000
 492.24112   0.00000-216.00000 492.96256   0.00000-216.00000
 493.68401   0.00000-216.00000 494.40545   0.00000-216.00000
 495.12689   0.00000-216.00000 495.84834   0.00000-216.00000
 496.56978   0.00000-216.00000 497.29122   0.00000-216.00000
 498.01267   0.00000-216.00000 498.73411   0.00000-216.00000
 499.45555   0.00000-216.00000 500.17699   0.00000-216.00000
 500.89844   0.00000-216.00000 501.61988   0.00000-216.00000
 502.34132   0.00000-216.00000 503.06277   0.00000-216.00000
 503.78421   0.00000-216.00000 504.50565   0.00000-216.00000
 505.22709   0.00000-216.00000 505.94854   0.00000-216.00000
 506.66998   0.00000-216.00000 507.39142   0.00000-216.00000
 508.11287   0.00000-216.00000 508.83431   0.00000-216.00000
 509.55575   0.00000-216.00000 510.27719   0.00000-216.00000
 510.99864   0.00000-216.00000 511.72008   0.00000-216.00000
 512.44152   0.00000-216.00000 513.16297   0.00000-216.00000
 513.88441   0.00000-216.00000 514.60585   0.00000-216.00000
 515.32729   0.00000-216.00000 516.04874   0.00000-216.00000
 516.77018   0.00000-216.00000 517.49162   0.00000-216.00000
 518.21307   0.00000-216.00000 518.93451   0.00000-216.00000
 519.65595   0.00000-216.00000 520.37739   0.00000-216.00000
 521.09884   0.00000-216.00000 521.82028   0.00000-216.00000
 522.54172   0.00000-216.00000 523.26317   0.00000-216.00000
 523.98461   0.00000-216.00000 524.70605   0.00000-216.00000
 525.42749   0.00000-216.00000 526.14894   0.00000-216.00000
 526.87038   0.00000-216.00000 527.59182   0.00000-216.00000
 528.31327   0.00000-216.00000 529.03471   0.00000-216.00000
 529.75615   0.00000-216.00000 530.47760   0.00000-216.00000
 531.19904   0.00000-216.00000 531.92048   0.00000-216.00000
 532.64192   0.00000-216.00000 533.36337   0.00000-216.00000
 534.08481   0.00000-216.00000 534.80625   0.00000-216.00000
 535.52770   0.00000-216.00000 536.24914   0.00000-216.00000
 536.97058   0.00000-216.00000 537.69202   0.00000-216.00000
 538.41347   0.00000-216.00000 539.13491   0.00000-216.00000
 539.85635   0.00000-216.00000 540.57780   0.00000-216.00000
 541.29924   0.00000-216.00000 542.02068   0.00000-216.00000
 542.74212   0.00000-216.00000 543.46357   0.00000-216.00000
 544.18501   0.00000-216.00000 544.90645   0.00000-216.00000
 545.62790   0.00000-216.00000 546.34934   0.00000-216.00000
 547.07078   0.00000-216.00000 547.79222   0.00000-216.00000
 548.51367   0.00000-216.00000 549.23511   0.00000-216.00000
 549.95655   0.00000-216.00000 550.67800   0.00000-216.00000
 551.39944   0.00000-216.00000 552.12088   0.00000-216.00000
 552.84232   0.00000-216.00000 553.56377   0.00000-216.00000
 554.28521   0.00000-216.00000 555.00665   0.00000-216.00000
 555.72810   0.00000-216.00000 556.44954   0.00000-216.00000
 557.17098   0.00000-216.00000 557.89242   0.00000-216.00000
 558.61387   0.00000-216.00000 559.33531   0.00000-216.00000
 560.05675   0.00000-216.00000 560.77820   0.00000-216.00000
 561.49964   0.00000-216.00000 562.22108   0.00000-216.00000
 562.94252   0.00000-216.00000 563.66397   0.00000-216.00000
 564.38541   0.00000-216.00000 565.10685   0.00000-216.00000
 565.82830   0.00000-216.00000 566.54974   0.00000-216.00000
 567.27118   0.00000-216.00000 567.99263   0.00000-216.00000
 568.71407   0.00000-216.00000 569.43551   0.00000-216.00000
 570.15695   0.00000-216.00000 570.87840   0.00000-216.00000
 571.59984   0.00000-216.00000 572.32128   0.00000-216.00000
 573.04273   0.00000-216.00000 573.76417   0.00000-216.00000
 574.48561   0.00000-216.00000 575.20705   0.00000-216.00000
 575.92850   0.00000-216.00000 576.64994   0.00000-216.00000
 577.37138   0.00000-216.00000 578.09283   0.00000-216.00000
 578.81427   0.00000-216.00000 579.53571   0.00000-216.00000
 580.25715   0.00000-216.00000 580.97860   0.00000-216.00000
 581.70004   0.00000-216.00000 582.42148   0.00000-216.00000
 583.14293   0.00000-216.00000 583.86437   0.00000-216.00000
 584.58581   0.00000-216.00000 585.30725   0.00000-216.00000
 586.02870   0.00000-216.00000 586.75014   0.00000-216.00000
 587.47158   0.00000-216.00000 588.19303   0.00000-216.00000
 588.91447   0.00000-216.00000 589.63591   0.00000-216.00000
 590.35735   0.00000-216.00000 591.07880   0.00000-216.00000
 591.80024   0.00000-216.00000 592.52168   0.00000-216.00000
 593.24313   0.00000-216.00000 593.96457   0.00000-216.00000
 594.68601   0.00000-216.00000 595.40745   0.00000-216.00000
 596.12890   0.00000-216.00000 596.85034   0.00000-216.00000
 597.57178   0.00000-216.00000 598.29323   0.00000-216.00000
 599.01467   0.00000-216.00000 599.73611   0.00000-216.00000
 600.45755   0.00000-216.00000 601.17900   0.00000-216.00000
 601.90044   0.00000-216.00000 602.62188   0.00000-216.00000
 603.34333   0.00000-216.00000 604.06477   0.00000-216.00000
 604.78621   0.00000-216.00000 605.50766   0.00000-216.00000
 606.22910   0.00000-216.00000 606.95054   0.00000-216.00000
 607.67198   0.00000-216.00000 608.39343   0.00000-216.00000
 609.11487   0.00000-216.00000 609.83631   0.00000-216.00000
 610.55776   0.00000-216.00000 611.27920   0.00000-216.00000
$end of a502 inputs
