VARIABLES= x,y,z,cp
 zone  i=           8  j=          37
  1.1000000E-04  0.0000000E+00  3.1600001E-03  0.2315630    
  1.1000000E-04  0.0000000E+00  3.1600001E-03  0.2332520    
  1.1000000E-04  0.0000000E+00  3.1600001E-03  0.2360450    
  1.1000000E-04  0.0000000E+00  3.1600001E-03  0.2570820    
  1.1000000E-04  0.0000000E+00  3.1600001E-03  0.3018260    
  1.1000000E-04  0.0000000E+00  3.1600001E-03  0.3312240    
  1.1000000E-04  0.0000000E+00  3.1600001E-03  0.3526770    
  1.1000000E-04  0.0000000E+00  3.1600001E-03  0.3695420    
  0.5891100      0.0000000E+00  0.1232300      8.8450499E-02
  0.5424000      7.6499999E-02  0.1141400      0.1041070    
  0.4958800      0.1531400      0.1034400      0.1098230    
  0.4497100      0.2298500      9.0089999E-02  0.1298210    
  0.4037900      0.3062100      7.4259996E-02  0.1692420    
  0.3579700      0.3821900      5.7000000E-02  0.2197530    
  0.3125600      0.4581700      3.8199998E-02  0.2810170    
  0.2681100      0.5333800      1.5920000E-02  0.3382050    
   1.185850      0.0000000E+00  0.1955300     -1.3766100E-02
   1.134290      0.1098700      0.1885800      9.3111396E-03
   1.082960      0.2202800      0.1795600      8.0337096E-03
   1.031690      0.3309300      0.1675500      1.3244200E-02
  0.9801800      0.4417000      0.1527500      2.4687801E-02
  0.9285600      0.5545100      0.1312500      5.0685499E-02
  0.8791100      0.6661300      9.3290001E-02  9.1830298E-02
  0.8340700      0.7645500      4.1299999E-02  0.1136610    
   1.783430      0.0000000E+00  0.2614200     -1.3999200E-02
   1.731590      0.1295800      0.2533000     -5.9372401E-03
   1.680240      0.2600300      0.2413900     -6.2545501E-03
   1.629190      0.3905400      0.2256400     -4.1347598E-03
   1.578300      0.5217100      0.2063200     -3.4253900E-03
   1.527870      0.6532100      0.1808900     -1.7290300E-04
   1.476870      0.7894100      0.1390500      1.6500900E-02
   1.432950      0.8998800      6.7690000E-02  1.8936099E-02
   2.381240      0.0000000E+00  0.3251900      1.5866900E-03
   2.330080      0.1453000      0.3169100      1.9943300E-03
   2.279530      0.2918000      0.3035300      3.0115000E-03
   2.229280      0.4385900      0.2851700      6.0335700E-03
   2.179210      0.5870900      0.2596200      8.6159902E-03
   2.130000      0.7343100      0.2229100      7.1371398E-03
   2.081200      0.8817700      0.1774900      3.3362100E-03
   2.037610       1.007140      9.4209999E-02 -6.9690300E-03
   2.979250      0.0000000E+00  0.3870500      9.5683802E-03
   2.929100      0.1587800      0.3783200      7.9616802E-03
   2.879730      0.3190500      0.3630500      7.3639099E-03
   2.830750      0.4799500      0.3415400      7.0475200E-03
   2.782220      0.6425700      0.3098900      8.6540496E-03
   2.734250      0.8039500      0.2651900      9.9468101E-03
   2.687780      0.9586700      0.2117400      2.2163100E-03
   2.644900       1.098480      0.1207700     -1.3155900E-02
   3.577420      0.0000000E+00  0.4473500      9.4742496E-03
   3.528530      0.1707100      0.4382800      8.9628603E-03
   3.480560      0.3431900      0.4213200      9.8754596E-03
   3.433040      0.5168500      0.3965600      1.0183100E-02
   3.386120      0.6919200      0.3584100      1.0352900E-02
   3.340010      0.8641800      0.3058400      1.0557900E-02
   3.295260       1.028500      0.2433700      6.3215400E-04
   3.253730       1.178900      0.1473500     -1.8270900E-02
   4.175750      0.0000000E+00  0.5060600      3.1236201E-03
   4.128260      0.1815600      0.4966500      4.8895101E-03
   4.081830      0.3651200      0.4780700      5.5900598E-03
   4.035940      0.5505400      0.4499100      7.5677801E-03
   3.990740      0.7366200      0.4058000      9.7071202E-03
   3.946400      0.9187300      0.3452900      1.1213400E-02
   3.903290       1.093610      0.2743900      4.3389600E-04
   3.863520       1.251660      0.1739500     -2.0092901E-02
   4.774230      0.0000000E+00  0.5631700      1.0208300E-02
   4.728260      0.1916100      0.5534400      8.9219399E-03
   4.683450      0.3854900      0.5333600      8.7983599E-03
   4.639270      0.5817800      0.5017500      8.7485397E-03
   4.595840      0.7781700      0.4518700      9.3384096E-03
   4.553280      0.9694700      0.3841700      1.0488200E-02
   4.511940       1.153520      0.3056500      1.0117700E-05
   4.473950       1.318890      0.2005600     -2.0012500E-02
   5.372870      0.0000000E+00  0.6186300      9.1543999E-03
   5.328500      0.2009800      0.6086000      8.6844098E-03
   5.285380      0.4044900      0.5871200      9.3446402E-03
   5.242960      0.6108600      0.5521800      9.6659204E-03
   5.201350      0.8169400      0.4968200      9.9178897E-03
   5.160590       1.016660      0.4225400      1.0355500E-02
   5.121120       1.208610      0.3370500     -3.4480900E-04
   5.084880       1.381410      0.2271500     -2.0111199E-02
   5.971660      0.0000000E+00  0.6723800      2.0458200E-03
   5.928960      0.2097600      0.6621000      3.2481300E-03
   5.887590      0.4223200      0.6393200      3.7406499E-03
   5.846970      0.6380700      0.6012700      4.7428599E-03
   5.807170      0.8531400      0.5408000      6.0204999E-03
   5.768220       1.060940      0.4603700      7.7436101E-03
   5.730710       1.259510      0.3685200     -1.5959700E-03
   5.696210       1.439960      0.2537000     -2.0362001E-02
   6.570610      0.0000000E+00  0.7244000     -2.3455100E-04
   6.529620      0.2181300      0.7138800      1.1176900E-03
   6.490040      0.4393000      0.6899300      1.6872000E-03
   6.451230      0.6638800      0.6490000      2.9215501E-03
   6.413230      0.8872800      0.5839700      4.3518101E-03
   6.376100       1.103180      0.4975900      6.1531798E-03
   6.340540       1.308020      0.3993800     -2.8731900E-03
   6.307800       1.495710      0.2803000     -2.1332299E-02
   7.169700      0.0000000E+00  0.7746600      3.1744801E-03
   7.130460      0.2262800      0.7639300      2.8959699E-03
   7.092680      0.4558100      0.7388900      3.3740499E-03
   7.055680      0.6888600      0.6953300      3.8912301E-03
   7.019460      0.9203800      0.6261600      4.7146901E-03
   6.984140       1.144210      0.5339700      6.1583798E-03
   6.950530       1.355290      0.4293500     -3.2056000E-03
   6.919500       1.550080      0.3070700     -2.1516601E-02
   7.768940      0.0000000E+00  0.8231600      2.4060700E-03
   7.731460      0.2344000      0.8122100      1.9496500E-03
   7.695480      0.4722400      0.7861500      2.2450101E-03
   7.660270      0.7135800      0.7401700      2.4813700E-03
   7.625800      0.9532600      0.6671500      3.1016001E-03
   7.592290       1.184810      0.5692500      4.7263699E-03
   7.560590       1.402210      0.4581600     -4.4424501E-03
   7.531190       1.604460      0.3341400     -2.2968100E-02
   8.368330      0.0000000E+00  0.8699000     -1.9817499E-03
   8.332590      0.2425800      0.8587400     -1.3943000E-03
   8.298410      0.4887700      0.8317000     -6.9021899E-04
   8.264970      0.7383800      0.7835000      2.4533700E-04
   8.232220      0.9862000      0.7068700      1.3356800E-03
   8.200500       1.225280      0.6034200      3.4833499E-03
   8.170710       1.448790      0.4859100     -5.4807202E-03
   8.142810       1.659480      0.3615700     -2.4263401E-02
   8.967840      0.0000000E+00  0.9149000     -5.6061000E-03
   8.933860      0.2508100      0.9035300     -4.5519900E-03
   8.901470      0.5053600      0.8755600     -3.7348899E-03
   8.869770      0.7632300      0.8253400     -2.1678400E-03
   8.838720       1.019160      0.7453900     -4.9532700E-04
   8.808760       1.265650      0.6365600      2.0892001E-03
   8.780850       1.494920      0.5130100     -6.7157899E-03
   8.754360       1.715050      0.3893600     -2.5766199E-02
   9.567480      0.0000000E+00  0.9581700     -6.2102098E-03
   9.535250      0.2590800      0.9466000     -5.6335898E-03
   9.504650      0.5219800      0.9177600     -5.5221100E-03
   9.474660      0.7880700      0.8657500     -4.6131602E-03
   9.445290       1.052040      0.7828000     -2.7860799E-03
   9.417080       1.305970      0.6687100      6.3675200E-04
   9.390980       1.540740      0.5398300     -7.6550501E-03
   9.365850       1.771070      0.4175200     -2.6570600E-02
   10.16720      0.0000000E+00  0.9997500     -4.2031500E-03
   10.13680      0.2673700      0.9879800     -4.2973598E-03
   10.10790      0.5386100      0.9583500     -4.2049298E-03
   10.07960      0.8128500      0.9047900     -4.1858698E-03
   10.05190       1.084860      0.8191500     -3.5512899E-03
   10.02540       1.346180      0.6998900     -7.4564898E-04
   10.00110       1.586550      0.5667500     -9.0176398E-03
   9.977290       1.827510      0.4460600     -2.8004499E-02
   10.76710      0.0000000E+00   1.039670     -3.6870099E-03
   10.73840      0.2757000       1.027710     -4.0559298E-03
   10.71130      0.5552300      0.9973700     -3.7521699E-03
   10.68470      0.8375800      0.9425100     -3.5368500E-03
   10.65860       1.117690      0.8544600     -2.9166599E-03
   10.63390       1.386280      0.7301300     -5.6720898E-04
   10.61110       1.632840      0.5938400     -9.6767396E-03
   10.58870       1.884400      0.4749700     -2.9528599E-02
   11.36710      0.0000000E+00   1.077980     -6.1762598E-03
   11.34010      0.2840700       1.065830     -5.9625199E-03
   11.31480      0.5718700       1.034870     -5.5978699E-03
   11.28980      0.8622300      0.9790000     -5.1491898E-03
   11.26530       1.150530      0.8887900     -4.2237299E-03
   11.24230       1.426200      0.7594900     -1.4287900E-03
   11.22110       1.679750      0.6210900     -1.0444500E-02
   11.20000       1.941770      0.5042900     -3.0387299E-02
   11.96720      0.0000000E+00   1.114720     -7.8959698E-03
   11.94190      0.2924900       1.102390     -7.5727399E-03
   11.91830      0.5885400       1.070890     -7.3909499E-03
   11.89490      0.8868200       1.014330     -7.2580902E-03
   11.87200       1.183380      0.9221900     -6.4604599E-03
   11.85080       1.465810      0.7882300     -3.4560100E-03
   11.83110       1.727290      0.6484900     -1.2260300E-02
   11.81120       1.999670      0.5340100     -3.2600101E-02
   12.56730      0.0000000E+00   1.149930     -9.0432996E-03
   12.54370      0.3009500       1.137420     -8.8998303E-03
   12.52190      0.6052600       1.105500     -8.9242402E-03
   12.50010      0.9115000       1.048520     -8.7074200E-03
   12.47880       1.216230      0.9547300     -7.4467799E-03
   12.45920       1.505190      0.8165700     -4.0613599E-03
   12.44100       1.775430      0.6760700     -1.3313200E-02
   12.42240       2.058100      0.5641500     -3.4634199E-02
   13.16760      0.0000000E+00   1.183660     -1.0184700E-02
   13.14570      0.3094700       1.170980     -9.6288696E-03
   13.12550      0.6220400       1.138730     -9.4188303E-03
   13.10540      0.9363000       1.081620     -9.0258503E-03
   13.08560       1.249140      0.9864700     -7.7260998E-03
   13.06760       1.544510      0.8447600     -4.2631901E-03
   13.05080       1.824160      0.7038700     -1.4055500E-02
   13.03350       2.117070      0.5947200     -3.6345299E-02
   13.76790      0.0000000E+00   1.215960     -9.4317896E-03
   13.74770      0.3180500       1.203120     -9.1089802E-03
   13.72920      0.6388800       1.170650     -9.1670901E-03
   13.71060      0.9612300       1.113660     -9.3139000E-03
   13.69240       1.282200       1.017420     -8.3969701E-03
   13.67600       1.584000      0.8730000     -4.7656898E-03
   13.66050       1.873500      0.7319300     -1.4858800E-02
   13.64450       2.176590      0.6257200     -3.8154900E-02
   14.36830      0.0000000E+00   1.246880     -7.2372500E-03
   14.34980      0.3266900       1.233890     -7.9289898E-03
   14.33290      0.6558100       1.201290     -8.6453101E-03
   14.31590      0.9863100       1.144670     -9.6598798E-03
   14.29920       1.315420       1.047600     -9.2342095E-03
   14.28430       1.624040      0.9013400     -5.2450001E-03
   14.27020       1.923450      0.7602800     -1.5458300E-02
   14.25550       2.236670      0.6571900     -3.9591201E-02
   14.96880      0.0000000E+00   1.276480     -6.7088902E-03
   14.95190      0.3353900       1.263320     -7.4985400E-03
   14.93670      0.6728500       1.230710     -8.1155803E-03
   14.92120       1.011550       1.174680     -9.4896201E-03
   14.90600       1.348810       1.077020     -9.7917402E-03
   14.89260       1.664730      0.9297400     -5.9033600E-03
   14.87990       1.974030      0.7889700     -1.6230900E-02
   14.86630       2.297320      0.6891300     -4.0909600E-02
   15.56930      0.0000000E+00   1.304790     -8.5725896E-03
   15.55400      0.3441600       1.291480     -8.7546697E-03
   15.54040      0.6900100       1.258950     -9.0025999E-03
   15.52650       1.036970       1.203740     -9.9564400E-03
   15.51280       1.382370       1.105720     -1.0346700E-02
   15.50080       1.706050      0.9582000     -6.6006598E-03
   15.48940       2.025250      0.8180300     -1.7242899E-02
   15.47710       2.358560      0.7215500     -4.2605702E-02
   16.16990      0.0000000E+00   1.331860     -1.0196300E-02
   16.15620      0.3530100       1.318390     -1.0210500E-02
   16.14420      0.7073200       1.286060     -1.0592700E-02
   16.13180       1.062620       1.231880     -1.1407000E-02
   16.11960       1.416130       1.133720     -1.1428500E-02
   16.10890       1.748010      0.9867200     -7.2175199E-03
   16.09890       2.077160      0.8474600     -1.8101700E-02
   16.08780       2.420440      0.7544500     -4.4327199E-02
   16.77060      0.0000000E+00   1.357740     -1.0548900E-02
   16.75840      0.3619400       1.344110     -1.0737500E-02
   16.74800      0.7248100       1.312060     -1.1377600E-02
   16.73700       1.088540       1.259120     -1.2618400E-02
   16.72630       1.450040       1.161100     -1.2824600E-02
   16.71700       1.790620       1.015270     -8.2165804E-03
   16.70820       2.129790      0.8772800     -1.9061500E-02
   16.69840       2.483020      0.7878200     -4.5720499E-02
   17.37130      0.0000000E+00   1.382470     -1.0480000E-02
   17.36060      0.3709900       1.368680     -1.0872700E-02
   17.35180      0.7425700       1.337000     -1.1745400E-02
   17.34230       1.114850       1.285470     -1.3468100E-02
   17.33310       1.484300       1.187900     -1.4249500E-02
   17.32500       1.834040       1.043790     -9.7586298E-03
   17.31750       2.183350      0.9074600     -2.0660000E-02
   17.30890       2.546490      0.8214900     -4.7808498E-02
   17.97200      0.0000000E+00   1.406090     -1.0415500E-02
   17.96290      0.3802200       1.392120     -1.0883900E-02
   17.95560      0.7607100       1.360890     -1.1913400E-02
   17.94750       1.141730       1.310930     -1.3864500E-02
   17.93970       1.519200       1.214150     -1.4941300E-02
   17.93290       1.878550       1.072200     -1.0722000E-02
   17.92670       2.238180      0.9379400     -2.2267601E-02
   17.91920       2.611210      0.8552100     -5.0637301E-02
   18.57280      0.0000000E+00   1.428650     -1.0281300E-02
   18.56510      0.3896700       1.414490     -1.0790700E-02
   18.55930      0.7793500       1.383770     -1.1835700E-02
   18.55270       1.169360       1.335510     -1.3760400E-02
   18.54630       1.555050       1.239860     -1.4820000E-02
   18.54070       1.924430       1.100400     -1.0711900E-02
   18.53560       2.294630      0.9686600     -2.3262000E-02
   18.52940       2.677540      0.8887100     -5.3144000E-02
   19.17360      0.0000000E+00   1.450170     -9.7209997E-03
   19.16740      0.3993800       1.435800     -1.0394300E-02
   19.16300      0.7985400       1.405650     -1.1471800E-02
   19.15780       1.197840       1.359240     -1.3619500E-02
   19.15280       1.592090       1.265100     -1.4965600E-02
   19.14840       1.971840       1.128390     -1.0953500E-02
   19.14440       2.352870      0.9996400     -2.4214100E-02
   19.13940       2.745700      0.9219400     -5.5207498E-02
   19.77450      0.0000000E+00   1.470680     -9.1259303E-03
   19.76960      0.4093700       1.456090     -1.0084100E-02
   19.76670      0.8183300       1.426580     -1.1415500E-02
   19.76280       1.227230       1.382150     -1.4093100E-02
   19.75910       1.630460       1.289910     -1.5887501E-02
   19.75580       2.020830       1.156170     -1.1900500E-02
   19.75290       2.412950       1.030920     -2.5551200E-02
   19.74920       2.815780      0.9549400     -5.7345599E-02
   20.37530      0.0000000E+00   1.490240     -9.2583802E-03
   20.37190      0.4196400       1.475390     -1.0368400E-02
   20.37030      0.8387300       1.446590     -1.1984800E-02
   20.36770       1.257570       1.404280     -1.5144700E-02
   20.36530       1.670180       1.314260     -1.7238701E-02
   20.36320       2.071440       1.183780     -1.3339800E-02
   20.36120       2.474910       1.062520     -2.7468400E-02
   20.35880       2.887850      0.9877400     -6.0587700E-02
   20.97630      0.0000000E+00   1.508850     -1.0455500E-02
   20.97410      0.4302100       1.493730     -1.1469500E-02
   20.97390      0.8597900       1.465700     -1.3127800E-02
   20.97250       1.288900       1.425660     -1.6157599E-02
   20.97140       1.711310       1.338140     -1.8106701E-02
   20.97030       2.123730       1.211230     -1.5476400E-02
   20.96920       2.538770       1.094320     -2.9844800E-02
   20.96810       2.962020       1.020310     -6.2139802E-02
   21.57720      0.0000000E+00   1.526540     -1.1992000E-02
   21.57630      0.4411300       1.511140     -1.2715000E-02
   21.57730      0.8816000       1.483940     -1.4146600E-02
   21.57720       1.321380       1.446320     -1.7379301E-02
   21.57730       1.753990       1.361510     -1.9250801E-02
   21.57720       2.177940       1.238500     -1.2232000E-02
   21.57700       2.604730       1.125940     -2.6170600E-02
   21.57720       3.038610       1.052610     -6.1744500E-02
 zone  i=           8  j=          37
  1.1000000E-04  0.0000000E+00  3.1600001E-03  0.5087690    
  1.1000000E-04  0.0000000E+00  3.1600001E-03  0.4383160    
  1.1000000E-04  0.0000000E+00  3.1600001E-03  0.3492920    
  1.1000000E-04  0.0000000E+00  3.1600001E-03  0.3151470    
  1.1000000E-04  0.0000000E+00  3.1600001E-03  0.2843310    
  1.1000000E-04  0.0000000E+00  3.1600001E-03  0.2668810    
  1.1000000E-04  0.0000000E+00  3.1600001E-03  0.2653100    
  1.1000000E-04  0.0000000E+00  3.1600001E-03  0.2659480    
  0.2681100      0.5333800      1.5920000E-02  0.5974790    
  0.3145100      0.4596900     -1.9900000E-03  0.4564330    
  0.3617500      0.3849300     -1.3360000E-02  0.3221580    
  0.4092100      0.3098100     -2.1539999E-02  0.2498960    
  0.4566400      0.2335600     -2.8080000E-02  0.2200940    
  0.5039500      0.1564500     -3.3059999E-02  0.2119190    
  0.5511500      7.8419998E-02 -3.6740001E-02  0.2088340    
  0.5982400      0.0000000E+00 -3.9749999E-02  0.2050770    
  0.8340700      0.7645500      4.1299999E-02  0.2231290    
  0.8816900      0.6733900     -1.5820000E-02  0.1940050    
  0.9344800      0.5590900     -5.0319999E-02  0.1468440    
  0.9880700      0.4467200     -5.8929998E-02  0.1317830    
   1.040880      0.3374500     -6.0540002E-02  0.1360020    
   1.093210      0.2266300     -6.2830001E-02  0.1417450    
   1.145330      0.1136900     -6.5480001E-02  0.1438020    
   1.197260      0.0000000E+00 -6.7800000E-02  0.1366700    
   1.432950      0.8998800      6.7690000E-02  8.3073698E-02
   1.479670      0.8069000     -1.5310000E-02  8.8267297E-02
   1.534820      0.6635100     -6.3879997E-02  7.8028001E-02
   1.586950      0.5316000     -7.8979999E-02  8.7375604E-02
   1.639520      0.4007300     -8.4210001E-02  9.6919402E-02
   1.692030      0.2695400     -8.8079996E-02  9.9650398E-02
   1.744290      0.1352800     -9.2540003E-02  0.1010150    
   1.796290      0.0000000E+00 -9.5700003E-02  9.5264502E-02
   2.037610       1.007140      9.4209999E-02  5.2469298E-02
   2.084570      0.9056400     -6.8600001E-03  6.5741301E-02
   2.137780      0.7509200     -6.3579999E-02  7.3389500E-02
   2.189060      0.6024700     -9.3390003E-02  7.9288900E-02
   2.240860      0.4528000     -0.1067300      8.0701597E-02
   2.292570      0.3045200     -0.1133200      7.8573696E-02
   2.344080      0.1528700     -0.1198900      7.7197798E-02
   2.395300      0.0000000E+00 -0.1238400      7.3909000E-02
   2.644900       1.098480      0.1207700      3.7177801E-02
   2.692370      0.9831800      4.3299999E-03  5.1289499E-02
   2.742820      0.8257800     -5.9149999E-02  5.8071699E-02
   2.793200      0.6629100     -0.1009000      5.7605699E-02
   2.843500      0.4988000     -0.1243100      5.7913501E-02
   2.893930      0.3350700     -0.1365900      5.9913501E-02
   2.944270      0.1682100     -0.1466200      6.1864901E-02
   2.994330      0.0000000E+00 -0.1518200      6.1307698E-02
   3.253730       1.178900      0.1473500      2.7046001E-02
   3.300900       1.051090      2.0900000E-02  3.8980398E-02
   3.349380      0.8879300     -5.1849999E-02  4.4338301E-02
   3.398080      0.7161100     -0.1038300      4.4722401E-02
   3.446920      0.5401500     -0.1380900      4.7083799E-02
   3.495810      0.3625200     -0.1581800      5.0603598E-02
   3.544710      0.1819800     -0.1726600      5.2801400E-02
   3.593380      0.0000000E+00 -0.1793700      5.5172998E-02
   3.863520       1.251660      0.1739500      2.0307001E-02
   3.909400       1.115340      4.1520000E-02  3.1770501E-02
   3.956420      0.9434500     -4.2309999E-02  3.6908399E-02
   4.003530      0.7635400     -0.1040200      3.6170501E-02
   4.050820      0.5773900     -0.1484900      3.6325101E-02
   4.098030      0.3876600     -0.1778400      3.7182301E-02
   4.145330      0.1946500     -0.1977300      3.8548600E-02
   4.192450      0.0000000E+00 -0.2062400      3.6433201E-02
   4.473950       1.318890      0.2005600      1.5335900E-02
   4.518190       1.175480      6.3259996E-02  2.6925299E-02
   4.563760      0.9948500     -3.1569999E-02  3.2523099E-02
   4.609310      0.8066200     -0.1022300      3.1986900E-02
   4.655010      0.6112500     -0.1565000      3.2444600E-02
   4.700500      0.4109500     -0.1956500      3.4267899E-02
   4.746090      0.2064900     -0.2217400      3.6412600E-02
   4.791570      0.0000000E+00 -0.2322500      3.7653700E-02
   5.084880       1.381410      0.2271500      1.1601200E-02
   5.127510       1.230210      8.4370002E-02  2.3619501E-02
   5.171450       1.042200     -2.0550000E-02  3.0410901E-02
   5.215350      0.8460200     -9.9509999E-02  3.1149300E-02
   5.259430      0.6421700     -0.1629200      3.2044999E-02
   5.303160      0.4325100     -0.2117600      3.3354901E-02
   5.346970      0.2176000     -0.2445900      3.4715898E-02
   5.390720      0.0000000E+00 -0.2572800      3.6660101E-02
   5.696210       1.439960      0.2537000      8.6905099E-03
   5.737230       1.280690      0.1048500      2.0347500E-02
   5.779400       1.086370     -9.5100002E-03  2.6821701E-02
   5.821600      0.8825100     -9.6620001E-02  2.7033200E-02
   5.864030      0.6706900     -0.1683800      2.6939901E-02
   5.905970      0.4525100     -0.2264600      2.7500199E-02
   5.947950      0.2280800     -0.2662800      2.8992301E-02
   5.989920      0.0000000E+00 -0.2812500      2.9665900E-02
   6.307800       1.495710      0.2803000      7.1364599E-03
   6.347210       1.328190      0.1253800      1.8024100E-02
   6.387510       1.128520      1.4700000E-03  2.4261501E-02
   6.428000      0.9172200     -9.3850002E-02  2.4806300E-02
   6.468750      0.6975700     -0.1732800      2.4760701E-02
   6.508890      0.4713200     -0.2399700      2.5070099E-02
   6.549000      0.2381000     -0.2868200      2.6368299E-02
   6.589160      0.0000000E+00 -0.3041100      2.6810801E-02
   6.919500       1.550080      0.3070700      7.1088499E-03
   6.957240       1.374270      0.1467300      1.7542001E-02
   6.995690       1.169650      1.2440000E-02  2.4394499E-02
   7.034470      0.9511500     -9.1210000E-02  2.6303999E-02
   7.073530      0.7236400     -0.1778600      2.6991401E-02
   7.111860      0.4894300     -0.2524600      2.7090600E-02
   7.150110      0.2478500     -0.3062100      2.7688701E-02
   7.188450      0.0000000E+00 -0.3258600      2.8263301E-02
   7.531190       1.604460      0.3341400      7.6015498E-03
   7.567250       1.419780      0.1691400      1.7427800E-02
   7.603870       1.210710      2.3600001E-02  2.4044000E-02
   7.640950      0.9851600     -8.8600002E-02  2.6431600E-02
   7.678320      0.7496700     -0.1822000      2.7979800E-02
   7.714850      0.5073300     -0.2640600      2.9110299E-02
   7.751250      0.2575400     -0.3244900      3.0147100E-02
   7.787770      0.0000000E+00 -0.3464900      3.2151900E-02
   8.142810       1.659480      0.3615700      8.1880996E-03
   8.177200       1.464980      0.1923900      1.7849300E-02
   8.212000       1.252170      3.5000000E-02  2.4451800E-02
   8.247390       1.019650     -8.6039998E-02  2.6675100E-02
   8.283090      0.7760400     -0.1864100      2.7647100E-02
   8.317840      0.5253000     -0.2749300      2.7858000E-02
   8.352410      0.2672700     -0.3417100      2.8352801E-02
   8.387130      0.0000000E+00 -0.3660300      2.9304899E-02
   8.754360       1.715050      0.3893600      8.7072495E-03
   8.787130       1.510040      0.2159900      1.8126300E-02
   8.820100       1.294100      4.6590000E-02  2.4543300E-02
   8.853810       1.054680     -8.3630003E-02  2.6577700E-02
   8.887850      0.8028500     -0.1906600      2.7065400E-02
   8.920820      0.5434500     -0.2852400      2.6199499E-02
   8.953580      0.2770300     -0.3579500      2.5858101E-02
   8.986520      0.0000000E+00 -0.3845300      2.5111200E-02
   9.365850       1.771070      0.4175200      9.2126103E-03
   9.397020       1.555340      0.2395700      1.8553199E-02
   9.428170       1.336430      5.8380000E-02  2.4733700E-02
   9.460200       1.090270     -8.1469998E-02  2.6600100E-02
   9.492590      0.8301500     -0.1950900      2.7367501E-02
   9.523810      0.5618500     -0.2951700      2.7039399E-02
   9.554770      0.2868400     -0.3733100      2.6945099E-02
   9.585950      0.0000000E+00 -0.4020400      2.6936300E-02
   9.977290       1.827510      0.4460600      9.1952998E-03
   10.00690       1.601420      0.2628100      1.8788800E-02
   10.03620       1.379120      7.0390001E-02  2.4997599E-02
   10.06650       1.126440     -7.9570003E-02  2.7427301E-02
   10.09730      0.8579900     -0.1998000      2.9238701E-02
   10.12680      0.5805900     -0.3048700      2.9387601E-02
   10.15600      0.2967100     -0.3878600      2.9026300E-02
   10.18540      0.0000000E+00 -0.4186100      2.8914500E-02
   10.58870       1.884400      0.4749700      8.9905197E-03
   10.61670       1.648610      0.2856700      1.9545600E-02
   10.64420       1.422110      8.2699999E-02  2.6526099E-02
   10.67290       1.163240     -7.7919997E-02  2.9385399E-02
   10.70200      0.8864100     -0.2048300      3.1428900E-02
   10.72970      0.5997200     -0.3144700      3.1446200E-02
   10.75720      0.3066500     -0.4017200      3.0777100E-02
   10.78490      0.0000000E+00 -0.4343000      3.0502900E-02
   11.20000       1.941770      0.5042900      8.9899302E-03
   11.22640       1.696880      0.3082400      2.0213500E-02
   11.25220       1.465410      9.5270000E-02  2.7691299E-02
   11.27910       1.200690     -7.6459996E-02  3.0633800E-02
   11.30660      0.9154400     -0.2102200      3.2808900E-02
   11.33270      0.6193300     -0.3240800      3.2940999E-02
   11.35840      0.3167100     -0.4149700      3.2168102E-02
   11.38440      0.0000000E+00 -0.4491900      3.1900901E-02
   11.81120       1.999670      0.5340100      8.3816703E-03
   11.83610       1.746190      0.3306000      1.9849600E-02
   11.86010       1.509090      0.1080300      2.6962999E-02
   11.88530       1.238800     -7.5130001E-02  2.9637801E-02
   11.91120      0.9450900     -0.2159500      3.2203000E-02
   11.93560      0.6394300     -0.3338100      3.2988399E-02
   11.95960      0.3268900     -0.4277000      3.2514799E-02
   11.98390      0.0000000E+00 -0.4633400      3.2287002E-02
   12.42240       2.058100      0.5641500      7.8908000E-03
   12.44570       1.796490      0.3528300      2.0165700E-02
   12.46800       1.553310      0.1208200      2.7449301E-02
   12.49150       1.277550     -7.3870003E-02  2.9372200E-02
   12.51580      0.9753400     -0.2220000      3.1260502E-02
   12.53850      0.6600400     -0.3437400      3.1804301E-02
   12.56080      0.3372200     -0.4400000      3.1412601E-02
   12.58340      0.0000000E+00 -0.4768100      3.0591100E-02
   13.03350       2.117070      0.5947200      7.4856100E-03
   13.05520       1.847780      0.3749600      2.0673500E-02
   13.07580       1.598270      0.1335000      2.8550200E-02
   13.09760       1.316920     -7.2559997E-02  3.0395400E-02
   13.12030       1.006170     -0.2283000      3.2001100E-02
   13.14140      0.6811500     -0.3539300      3.2106899E-02
   13.16200      0.3477200     -0.4519700      3.1414401E-02
   13.18290      0.0000000E+00 -0.4896800      3.0245500E-02
   13.64450       2.176590      0.6257200      6.9419001E-03
   13.66460       1.900040      0.3970300      2.0778000E-02
   13.68360       1.644100      0.1460500      2.8956000E-02
   13.70360       1.356850     -7.1110003E-02  3.1116899E-02
   13.72470       1.037560     -0.2348100      3.3452101E-02
   13.74420      0.7027600     -0.3644300      3.4113102E-02
   13.76320      0.3583800     -0.4636800      3.3296000E-02
   13.78250      0.0000000E+00 -0.5020100      3.2211501E-02
   14.25550       2.236670      0.6571900      6.5239798E-03
   14.27390       1.953290      0.4190700      2.0900499E-02
   14.29130       1.690750      0.1585900      2.9367700E-02
   14.30960       1.397300     -6.9389999E-02  3.1557601E-02
   14.32910       1.069480     -0.2414300      3.4267399E-02
   14.34700      0.7248100     -0.3752900      3.5578299E-02
   14.36440      0.3692400     -0.4752000      3.5014499E-02
   14.38210      0.0000000E+00 -0.5138500      3.4070201E-02
   14.86630       2.297320      0.6891300      6.1468598E-03
   14.88320       2.007510      0.4411300      2.0989800E-02
   14.89890       1.738160      0.1712100      2.9682299E-02
   14.91560       1.438220     -6.7309998E-02  3.1681102E-02
   14.93340       1.101880     -0.2480700      3.4389500E-02
   14.94970      0.7472200     -0.3864700      3.6082800E-02
   14.96560      0.3802800     -0.4866200      3.5968602E-02
   14.98160      0.0000000E+00 -0.5252600      3.5549700E-02
   15.47710       2.358560      0.7215500      5.7302099E-03
   15.49230       2.062680      0.4632400      2.0996900E-02
   15.50640       1.786270      0.1840000      2.9792299E-02
   15.52150       1.479560     -6.4779997E-02  3.1683501E-02
   15.53770       1.134720     -0.2546100      3.4432601E-02
   15.55240      0.7699600     -0.3979500      3.6237199E-02
   15.56670      0.3915000     -0.4979800      3.6248099E-02
   15.58120      0.0000000E+00 -0.5363000      3.5857499E-02
   16.08780       2.420440      0.7544500      5.3769299E-03
   16.10130       2.118780      0.4854400      2.1188000E-02
   16.11380       1.835010      0.1970300      3.0177699E-02
   16.12730       1.521280     -6.1760001E-02  3.1778801E-02
   16.14190       1.167950     -0.2609000      3.4158099E-02
   16.15510      0.7929900     -0.4096100      3.5837300E-02
   16.16790      0.4028900     -0.5093600      3.5958901E-02
   16.18080      0.0000000E+00 -0.5470000      3.5585001E-02
   16.69840       2.483020      0.7878200      5.4440000E-03
   16.71030       2.175800      0.5077700      2.1494700E-02
   16.72120       1.884370      0.2103500      3.0347999E-02
   16.73310       1.563340     -5.8219999E-02  3.1254500E-02
   16.74610       1.201540     -0.2668100      3.3090200E-02
   16.75770      0.8163100     -0.4213700      3.4782000E-02
   16.76900      0.4144500     -0.5207800      3.5214301E-02
   16.78040      0.0000000E+00 -0.5574300      3.4947298E-02
   17.30890       2.546490      0.8214900      5.7977801E-03
   17.31910       2.233740      0.5302500      2.1545099E-02
   17.32850       1.934300      0.2240200      2.9815000E-02
   17.33880       1.605760     -5.4170001E-02  3.0136799E-02
   17.35030       1.235470     -0.2722000      3.1815600E-02
   17.36030      0.8399100     -0.4330800      3.3708200E-02
   17.37010      0.4261900     -0.5322700      3.4437999E-02
   17.38000      0.0000000E+00 -0.5676000      3.4249499E-02
   17.91920       2.611210      0.8552100      6.2729800E-03
   17.92780       2.292590      0.5529400      2.1720599E-02
   17.93580       1.984790      0.2381200      2.9593300E-02
   17.94450       1.648560     -4.9529999E-02  2.9623101E-02
   17.95440       1.269750     -0.2769300      3.1257398E-02
   17.96280      0.8638600     -0.4446000      3.3222601E-02
   17.97120      0.4381100     -0.5438500      3.4033701E-02
   17.97960      0.0000000E+00 -0.5775600      3.3864699E-02
   18.52940       2.677540      0.8887100      7.1077398E-03
   18.53640       2.352370      0.5758900      2.2506900E-02
   18.54290       2.035830      0.2527300      3.0333200E-02
   18.55020       1.691750     -4.4179998E-02  3.0063400E-02
   18.55850       1.304370     -0.2808400      3.1391401E-02
   18.56530      0.8882200     -0.4558200      3.3358701E-02
   18.57230      0.4502500     -0.5555100      3.4300402E-02
   18.57920      0.0000000E+00 -0.5873200      3.4360401E-02
   19.13940       2.745700      0.9219400      8.2102204E-03
   19.14490       2.413120      0.5991900      2.3380600E-02
   19.15000       2.087420      0.2679400      3.1009501E-02
   19.15570       1.735300     -3.8010001E-02  3.0388800E-02
   19.16250       1.339310     -0.2837900      3.1326901E-02
   19.16770      0.9129700     -0.4666000      3.3379700E-02
   19.17330      0.4626300     -0.5672400      3.4704901E-02
   19.17880      0.0000000E+00 -0.5969200      3.5268102E-02
   19.74920       2.815780      0.9549400      9.4352299E-03
   19.75330       2.474900      0.6229200      2.3871901E-02
   19.75700       2.139550      0.2838500      3.0860599E-02
   19.76120       1.779210     -3.0950001E-02  3.0014100E-02
   19.76650       1.374530     -0.2856600      3.0844999E-02
   19.77010      0.9381200     -0.4768200      3.2910101E-02
   19.77430      0.4752400     -0.5790200      3.4478799E-02
   19.77840      0.0000000E+00 -0.6063700      3.5301600E-02
   20.35880       2.887850      0.9877400      1.0816300E-02
   20.36150       2.537750      0.6471400      2.4391901E-02
   20.36380       2.192220      0.3005500      3.0448601E-02
   20.36670       1.823440     -2.2910001E-02  2.9203400E-02
   20.37050       1.409970     -0.2863500      2.9891700E-02
   20.37250      0.9636400     -0.4863400      3.1993300E-02
   20.37530      0.4880900     -0.5908100      3.3728302E-02
   20.37800      0.0000000E+00 -0.6156800      3.4676101E-02
   20.96810       2.962020       1.020310      1.4178300E-02
   20.96950       2.601740      0.6718800      2.5324101E-02
   20.97060       2.245410      0.3181200      2.9910101E-02
   20.97200       1.867980     -1.3830000E-02  2.8305400E-02
   20.97430       1.445570     -0.2857700      2.8640199E-02
   20.97480      0.9895100     -0.4950200      3.0749600E-02
   20.97630      0.5011900     -0.6025600      3.2630902E-02
   20.97760      0.0000000E+00 -0.6248600      3.3648401E-02
   21.57720       3.038610       1.052610      1.8477101E-02
   21.57730       2.667030      0.6972700      2.8659500E-02
   21.57720       2.299180      0.3367100      3.1286102E-02
   21.57720       1.912900     -3.5900001E-03  2.7114000E-02
   21.57810       1.481360     -0.2837900      2.6871201E-02
   21.57710       1.015740     -0.5027100      2.9525699E-02
   21.57720      0.5145800     -0.6142300      3.1666402E-02
   21.57720      0.0000000E+00 -0.6339100      3.2364599E-02
 zone  i=           8  j=          61
   21.57720      0.0000000E+00   1.526540     -1.2623700E-02
   21.57630      0.4411300       1.511140     -1.3374900E-02
   21.57730      0.8816000       1.483940     -1.4219800E-02
   21.57720       1.321380       1.446320     -1.7040400E-02
   21.57730       1.753990       1.361510     -2.0134600E-02
   21.57720       2.177940       1.238500     -1.9666800E-02
   21.57700       2.604730       1.125940     -2.9691000E-02
   21.57720       3.038610       1.052610     -4.8041601E-02
   22.36580      0.0000000E+00   1.548420     -1.2748100E-02
   22.36480      0.4409200       1.533380     -1.3553600E-02
   22.36570      0.8812700       1.508250     -1.4687800E-02
   22.36530       1.321260       1.476790     -1.7719200E-02
   22.36470       1.756250       1.404450     -2.1491099E-02
   22.36390       2.182430       1.292110     -2.2609100E-02
   22.36330       2.609240       1.186240     -2.6644699E-02
   22.36480       3.038610       1.098980     -3.4270901E-02
   23.15440      0.0000000E+00   1.568820     -1.2825600E-02
   23.15340      0.4406600       1.554100     -1.3776500E-02
   23.15410      0.8808400       1.530820     -1.5104400E-02
   23.15360       1.320720       1.504950     -1.8995000E-02
   23.15250       1.756720       1.444860     -2.3432501E-02
   23.15110       2.184610       1.343660     -2.3602201E-02
   23.15010       2.611830       1.245580     -2.3589799E-02
   23.15230       3.038610       1.151820     -2.4173100E-02
   23.94310      0.0000000E+00   1.587770     -1.2930500E-02
   23.94190      0.4403700       1.573330     -1.4203900E-02
   23.94250      0.8803800       1.551700     -1.6162600E-02
   23.94180       1.320080       1.530820     -2.0595901E-02
   23.94040       1.756030       1.482420     -2.4273099E-02
   23.93850       2.185040       1.392590     -2.4407100E-02
   23.93710       2.612720       1.303050     -2.4189500E-02
   23.93950       3.038610       1.209380     -2.4132300E-02
   24.73180      0.0000000E+00   1.605330     -1.3862100E-02
   24.73050      0.4400600       1.591130     -1.5113300E-02
   24.73090      0.8799400       1.570950     -1.7448300E-02
   24.73000       1.319530       1.554470     -2.1203600E-02
   24.72830       1.754880       1.516940     -2.4390999E-02
   24.72620       2.184480       1.438460     -2.6179800E-02
   24.72440       2.612560       1.357840     -2.6938001E-02
   24.72660       3.038610       1.268360     -2.7518099E-02
   25.52050      0.0000000E+00   1.621520     -1.5682900E-02
   25.51910      0.4397600       1.607530     -1.6547199E-02
   25.51930      0.8795500       1.588630     -1.8039700E-02
   25.51830       1.319180       1.575990     -2.0758700E-02
   25.51640       1.753660       1.548380     -2.4718700E-02
   25.51390       2.183430       1.480960     -2.8084300E-02
   25.51190       2.611830       1.409360     -2.9498501E-02
   25.51370       3.038610       1.326650     -3.0755799E-02
   26.30930      0.0000000E+00   1.636360     -1.7653501E-02
   26.30760      0.4394800       1.622560     -1.8118300E-02
   26.30780      0.8792200       1.604790     -1.8579300E-02
   26.30660       1.319020       1.595470     -2.0928400E-02
   26.30460       1.752600       1.576780     -2.5600599E-02
   26.30190       2.182190       1.519960     -2.9348999E-02
   26.29960       2.610840       1.457220     -3.1323299E-02
   26.30100       3.038610       1.382830     -3.3098299E-02
   27.09810      0.0000000E+00   1.649890     -1.8729299E-02
   27.09630      0.4392200       1.636250     -1.9776501E-02
   27.09630      0.8789400       1.619490     -2.0747099E-02
   27.09490       1.319030       1.613020     -2.3038000E-02
   27.09280       1.751800       1.602240     -2.7295301E-02
   27.09010       2.180980       1.555390     -3.0994300E-02
   27.08760       2.609790       1.501170     -3.3256099E-02
   27.08840       3.038610       1.435930     -3.5461701E-02
   27.88690      0.0000000E+00   1.662120     -2.0069800E-02
   27.88500      0.4389800       1.648630     -2.1457201E-02
   27.88480      0.8786900       1.632780     -2.3315100E-02
   27.88330       1.319160       1.628730     -2.5800100E-02
   27.88120       1.751290       1.624870     -2.9238600E-02
   27.87840       2.179900       1.587260     -3.2729801E-02
   27.87580       2.608830       1.541110     -3.5149101E-02
   27.87620       3.038610       1.485310     -3.7464600E-02
   28.67570      0.0000000E+00   1.673080     -2.2313200E-02
   28.67370      0.4387600       1.659730     -2.2969000E-02
   28.67340      0.8784800       1.644710     -2.4584601E-02
   28.67180       1.319350       1.642700     -2.7538201E-02
   28.66960       1.751030       1.644820     -3.1104300E-02
   28.66690       2.179000       1.615660     -3.4394599E-02
   28.66430       2.607990       1.577010     -3.6978502E-02
   28.66410       3.038610       1.530570     -3.9498702E-02
   29.46450      0.0000000E+00   1.682780     -2.3641299E-02
   29.46240      0.4385700       1.669560     -2.4154000E-02
   29.46200      0.8782900       1.655310     -2.5228299E-02
   29.46040       1.319560       1.655000     -2.8084001E-02
   29.45820       1.750970       1.662230     -3.2083601E-02
   29.45540       2.178300       1.640690     -3.5640899E-02
   29.45290       2.607320       1.608930     -3.8595699E-02
   29.45240       3.038610       1.571490     -4.1728400E-02
   30.25340      0.0000000E+00   1.691240     -2.4789300E-02
   30.25120      0.4384100       1.678160     -2.5402300E-02
   30.25070      0.8781300       1.664630     -2.6281400E-02
   30.24900       1.319750       1.665740     -2.8444400E-02
   30.24680       1.751050       1.677260     -3.2205600E-02
   30.24420       2.177790       1.662500     -3.6150899E-02
   30.24160       2.606810       1.637000     -3.9582200E-02
   30.24080       3.038610       1.608000     -4.3189399E-02
   31.04220      0.0000000E+00   1.698490     -2.6275899E-02
   31.04000      0.4382700       1.685550     -2.6706100E-02
   31.03950      0.8779800       1.672730     -2.7406700E-02
   31.03770       1.319890       1.675000     -2.9160799E-02
   31.03560       1.751210       1.690050     -3.2596499E-02
   31.03300       2.177430       1.681260     -3.6671702E-02
   31.03040       2.606440       1.661380     -4.0423099E-02
   31.02940       3.038610       1.640150     -4.4336300E-02
   31.83110      0.0000000E+00   1.704540     -2.7533701E-02
   31.82880      0.4381500       1.691740     -2.8073501E-02
   31.82820      0.8778400       1.679620     -2.8853800E-02
   31.82640       1.319960       1.682860     -3.0476199E-02
   31.82430       1.751390       1.700780     -3.3450399E-02
   31.82180       2.177200       1.697160     -3.7230302E-02
   31.81940       2.606180       1.682260     -4.1008402E-02
   31.81820       3.038610       1.668080     -4.4941500E-02
   32.62000      0.0000000E+00   1.709410     -2.8715000E-02
   32.61770      0.4380600       1.696770     -2.9546700E-02
   32.61700      0.8777100       1.685370     -3.0530300E-02
   32.61520       1.319950       1.689420     -3.2171998E-02
   32.61320       1.751550       1.709590     -3.4728099E-02
   32.61080       2.177070       1.710400     -3.7928302E-02
   32.60840       2.606020       1.699890     -4.1327398E-02
   32.60710       3.038610       1.691980     -4.4759799E-02
   33.40890      0.0000000E+00   1.713120     -3.0897500E-02
   33.40650      0.4379800       1.700670     -3.1361699E-02
   33.40590      0.8776000       1.690010     -3.2131400E-02
   33.40400       1.319860       1.694760     -3.3610500E-02
   33.40210       1.751660       1.716650     -3.5997599E-02
   33.39980       2.176990       1.721200     -3.8987201E-02
   33.39750       2.605930       1.714500     -4.2132299E-02
   33.39610       3.038610       1.712120     -4.5458801E-02
   34.19780      0.0000000E+00   1.715720     -3.3264000E-02
   34.19540      0.4379200       1.703460     -3.3354100E-02
   34.19470      0.8775000       1.693570     -3.3685599E-02
   34.19290       1.319690       1.698950     -3.4521800E-02
   34.19100       1.751700       1.722120     -3.6514498E-02
   34.18890       2.176950       1.729770     -3.9469201E-02
   34.18670       2.605880       1.726380     -4.2724401E-02
   34.18520       3.038610       1.728800     -4.6286400E-02
   34.98670      0.0000000E+00   1.717210     -3.4986001E-02
   34.98430      0.4378800       1.705180     -3.4926299E-02
   34.98360      0.8774100       1.696100     -3.5131801E-02
   34.98180       1.319460       1.702090     -3.5582799E-02
   34.98000       1.751660       1.726150     -3.7007201E-02
   34.97790       2.176920       1.736340     -3.9507601E-02
   34.97580       2.605880       1.735780     -4.2645499E-02
   34.97440       3.038610       1.742340     -4.6039600E-02
   35.77560      0.0000000E+00   1.717650     -3.5591401E-02
   35.77320      0.4378500       1.705850     -3.5636500E-02
   35.77250      0.8773300       1.697650     -3.6010399E-02
   35.77080       1.319180       1.704230     -3.6614001E-02
   35.76900       1.751530       1.728910     -3.7888300E-02
   35.76700       2.176890       1.741140     -3.9909702E-02
   35.76500       2.605890       1.743000     -4.2561699E-02
   35.76360       3.038610       1.753070     -4.5515101E-02
   36.56450      0.0000000E+00   1.717060     -3.5189599E-02
   36.56210      0.4378300       1.705540     -3.5601798E-02
   36.56140      0.8772600       1.698260     -3.6106899E-02
   36.55970       1.318870       1.705470     -3.6876600E-02
   36.55800       1.751330       1.730550     -3.8218901E-02
   36.55620       2.176860       1.744390     -4.0200200E-02
   36.55430       2.605920       1.748310     -4.2643800E-02
   36.55280       3.038610       1.761360     -4.5293398E-02
   37.35330      0.0000000E+00   1.715500     -3.5322100E-02
   37.35100      0.4378200       1.704260     -3.5681698E-02
   37.35040      0.8772000       1.697960     -3.6097798E-02
   37.34870       1.318520       1.705870     -3.6827799E-02
   37.34700       1.751060       1.731200     -3.8159002E-02
   37.34530       2.176810       1.746300     -4.0236600E-02
   37.34350       2.605950       1.751980     -4.2776000E-02
   37.34210       3.038610       1.767520     -4.5614202E-02
   38.14220      0.0000000E+00   1.713010     -3.5818901E-02
   38.13990      0.4378100       1.702080     -3.6046602E-02
   38.13930      0.8771400       1.696810     -3.6335699E-02
   38.13770       1.318160       1.705480     -3.6930300E-02
   38.13610       1.750740       1.731000     -3.8113400E-02
   38.13450       2.176740       1.747080     -4.0015999E-02
   38.13270       2.605980       1.754270     -4.2445801E-02
   38.13130       3.038610       1.771920     -4.5181599E-02
   38.93110      0.0000000E+00   1.709650     -3.6394801E-02
   38.92880      0.4378000       1.699050     -3.6586300E-02
   38.92820      0.8770800       1.694850     -3.6796000E-02
   38.92670       1.317800       1.704380     -3.7117202E-02
   38.92520       1.750380       1.730090     -3.7923999E-02
   38.92360       2.176650       1.746920     -3.9509799E-02
   38.92190       2.606010       1.755440     -4.1765999E-02
   38.92060       3.038610       1.774850     -4.4209901E-02
   39.72000      0.0000000E+00   1.705470     -3.7041400E-02
   39.71770      0.4377900       1.695210     -3.7158798E-02
   39.71720      0.8770200       1.692140     -3.7294500E-02
   39.71570       1.317430       1.702630     -3.7407901E-02
   39.71430       1.749980       1.728560     -3.7918299E-02
   39.71280       2.176540       1.746010     -3.9208800E-02
   39.71120       2.606030       1.755710     -4.1260600E-02
   39.70990       3.038610       1.776620     -4.3511499E-02
   40.50890      0.0000000E+00   1.700530     -3.7550800E-02
   40.50670      0.4377800       1.690640     -3.7591800E-02
   40.50620      0.8769500       1.688710     -3.7773501E-02
   40.50470       1.317060       1.700260     -3.7959099E-02
   40.50340       1.749570       1.726520     -3.8384899E-02
   40.50200       2.176420       1.744510     -3.9423700E-02
   40.50040       2.606050       1.755280     -4.1145299E-02
   40.49920       3.038610       1.777500     -4.3129198E-02
   41.29780      0.0000000E+00   1.694920     -3.7720300E-02
   41.29560      0.4377700       1.685400     -3.7810601E-02
   41.29510      0.8768700       1.684630     -3.8068101E-02
   41.29370       1.316700       1.697340     -3.8260002E-02
   41.29250       1.749140       1.724060     -3.8648698E-02
   41.29110       2.176290       1.742550     -3.9588600E-02
   41.28960       2.606050       1.754350     -4.1081700E-02
   41.28840       3.038610       1.777740     -4.2930599E-02
   42.08660      0.0000000E+00   1.688700     -3.7492201E-02
   42.08450      0.4377400       1.679550     -3.7511900E-02
   42.08410      0.8767900       1.679940     -3.7732199E-02
   42.08270       1.316340       1.693890     -3.7931401E-02
   42.08160       1.748710       1.721250     -3.8305499E-02
   42.08030       2.176140       1.740270     -3.9156001E-02
   42.07890       2.606050       1.753070     -4.0546000E-02
   42.07770       3.038610       1.777530     -4.2226899E-02
   42.87550      0.0000000E+00   1.681950     -3.6518700E-02
   42.87340      0.4377200       1.673180     -3.6685999E-02
   42.87310      0.8767000       1.674690     -3.6946502E-02
   42.87180       1.315980       1.689970     -3.7219401E-02
   42.87070       1.748270       1.718140     -3.7648302E-02
   42.86950       2.175980       1.737750     -3.8439099E-02
   42.86810       2.606050       1.751560     -3.9759401E-02
   42.86700       3.038610       1.777070     -4.1263700E-02
   43.66440      0.0000000E+00   1.674750     -3.5187799E-02
   43.66240      0.4376800       1.666340     -3.5605200E-02
   43.66200      0.8765900       1.668950     -3.5998501E-02
   43.66080       1.315630       1.685600     -3.6453199E-02
   43.65980       1.747830       1.714760     -3.7006099E-02
   43.65860       2.175810       1.735070     -3.7917200E-02
   43.65730       2.606030       1.749930     -3.9282400E-02
   43.65630       3.038610       1.776470     -4.0763199E-02
   44.45320      0.0000000E+00   1.667190     -3.4470901E-02
   44.45130      0.4376400       1.659120     -3.4857601E-02
   44.45100      0.8764700       1.662760     -3.5241399E-02
   44.44990       1.315280       1.680810     -3.5861101E-02
   44.44890       1.747380       1.711160     -3.6631800E-02
   44.44780       2.175630       1.732290     -3.7700702E-02
   44.44650       2.606000       1.748240     -3.9088100E-02
   44.44550       3.038610       1.775860     -4.0590700E-02
   45.24210      0.0000000E+00   1.659350     -3.4272399E-02
   45.24020      0.4375800       1.651590     -3.4678798E-02
   45.24000      0.8763300       1.656180     -3.5120700E-02
   45.23890       1.314920       1.675620     -3.5769299E-02
   45.23800       1.746940       1.707320     -3.6558099E-02
   45.23700       2.175440       1.729410     -3.7602201E-02
   45.23580       2.605960       1.746530     -3.8891699E-02
   45.23480       3.038610       1.775270     -4.0305201E-02
   46.03100      0.0000000E+00   1.651320     -3.4301501E-02
   46.02910      0.4375200       1.643850     -3.4817699E-02
   46.02900      0.8761800       1.649260     -3.5436898E-02
   46.02790       1.314570       1.670050     -3.6099698E-02
   46.02710       1.746490       1.703240     -3.6670201E-02
   46.02610       2.175240       1.726440     -3.7425298E-02
   46.02500       2.605920       1.744790     -3.8523700E-02
   46.02410       3.038610       1.774740     -3.9735600E-02
   46.81980      0.0000000E+00   1.643190     -3.4749601E-02
   46.81810      0.4374400       1.635950     -3.5046399E-02
   46.81800      0.8760200       1.642060     -3.5531901E-02
   46.81700       1.314220       1.664100     -3.6092799E-02
   46.81620       1.746040       1.698910     -3.6644101E-02
   46.81530       2.175020       1.723350     -3.7307099E-02
   46.81420       2.605860       1.743000     -3.8288001E-02
   46.81340       3.038610       1.774240     -3.9366499E-02
   47.60870      0.0000000E+00   1.635040     -3.4986801E-02
   47.60700      0.4373500       1.627990     -3.5010900E-02
   47.60690      0.8758400       1.634610     -3.5295200E-02
   47.60600       1.313880       1.657800     -3.5768699E-02
   47.60540       1.745590       1.694270     -3.6466800E-02
   47.60450       2.174800       1.720090     -3.7365802E-02
   47.60340       2.605810       1.741110     -3.8428999E-02
   47.60260       3.038610       1.773740     -3.9509401E-02
   48.39750      0.0000000E+00   1.626960     -3.4304000E-02
   48.39590      0.4372500       1.620030     -3.4546901E-02
   48.39590      0.8756500       1.626980     -3.5025500E-02
   48.39510       1.313530       1.651130     -3.5698298E-02
   48.39450       1.745150       1.689280     -3.6541399E-02
   48.39360       2.174570       1.716570     -3.7564900E-02
   48.39260       2.605750       1.739010     -3.8714800E-02
   48.39190       3.038610       1.773120     -3.9905801E-02
   49.18640      0.0000000E+00   1.619030     -3.3047602E-02
   49.18490      0.4371400       1.612150     -3.3663802E-02
   49.18490      0.8754300       1.619190     -3.4524001E-02
   49.18410       1.313190       1.644090     -3.5715599E-02
   49.18360       1.744710       1.683870     -3.6849700E-02
   49.18280       2.174340       1.712700     -3.7905600E-02
   49.18190       2.605690       1.736610     -3.9009899E-02
   49.18120       3.038610       1.772280     -4.0098500E-02
   49.97520      0.0000000E+00   1.611320     -3.1934701E-02
   49.97380      0.4370200       1.604410     -3.2843899E-02
   49.97390      0.8752000       1.611300     -3.3883899E-02
   49.97320       1.312850       1.636680     -3.5465501E-02
   49.97270       1.744290       1.677960     -3.7057798E-02
   49.97200       2.174110       1.708350     -3.8420100E-02
   49.97110       2.605640       1.733740     -3.9570998E-02
   49.97050       3.038610       1.771060     -4.0587399E-02
   50.76410      0.0000000E+00   1.603890     -3.1881101E-02
   50.76270      0.4368800       1.596860     -3.2776698E-02
   50.76290      0.8749400       1.603320     -3.3741001E-02
   50.76220       1.312520       1.628870     -3.5347600E-02
   50.76180       1.743890       1.671460     -3.7215099E-02
   50.76120       2.173890       1.703380     -3.9009601E-02
   50.76040       2.605590       1.730260     -4.0442500E-02
   50.75980       3.038610       1.769290     -4.1712400E-02
   51.55300      0.0000000E+00   1.596810     -3.2936100E-02
   51.55170      0.4367200       1.589550     -3.3615701E-02
   51.55190      0.8746500       1.595290     -3.4452900E-02
   51.55120       1.312180       1.620650     -3.5877001E-02
   51.55090       1.743520       1.664270     -3.7683800E-02
   51.55040       2.173690       1.697650     -3.9615601E-02
   51.54960       2.605560       1.725970     -4.1265201E-02
   51.54900       3.038610       1.766750     -4.2696498E-02
   52.34180      0.0000000E+00   1.590110     -3.4288902E-02
   52.34060      0.4365500       1.582520     -3.4874398E-02
   52.34090      0.8743300       1.587220     -3.5687100E-02
   52.34030       1.311830       1.611980     -3.7007701E-02
   52.34000       1.743190       1.656300     -3.8694900E-02
   52.33960       2.173510       1.690970     -4.0492199E-02
   52.33880       2.605550       1.720690     -4.2130399E-02
   52.33830       3.038610       1.763240     -4.3543499E-02
   53.13070      0.0000000E+00   1.583830     -3.5482101E-02
   53.12960      0.4363700       1.575780     -3.6124099E-02
   53.12990      0.8739700       1.579120     -3.7120201E-02
   53.12930       1.311470       1.602830     -3.8589399E-02
   53.12910       1.742890       1.647420     -4.0239900E-02
   53.12880       2.173370       1.683190     -4.1913699E-02
   53.12810       2.605560       1.714200     -4.3450098E-02
   53.12760       3.038610       1.758520     -4.4761799E-02
   53.91960      0.0000000E+00   1.577980     -3.6530301E-02
   53.91860      0.4361800       1.569350     -3.7219100E-02
   53.91880      0.8735800       1.570990     -3.8314499E-02
   53.91830       1.311090       1.593170     -3.9969198E-02
   53.91820       1.742640       1.637520     -4.1847799E-02
   53.91800       2.173270       1.674100     -4.3700598E-02
   53.91730       2.605600       1.706300     -4.5255098E-02
   53.91680       3.038610       1.752360     -4.6629701E-02
   54.70850      0.0000000E+00   1.572540     -3.7404001E-02
   54.70750      0.4359800       1.563200     -3.8042199E-02
   54.70790      0.8731500       1.562790     -3.9061502E-02
   54.70730       1.310670       1.582930     -4.0860198E-02
   54.70730       1.742430       1.626490     -4.3071501E-02
   54.70710       2.173210       1.663550     -4.5301199E-02
   54.70660       2.605670       1.696760     -4.7091998E-02
   54.70600       3.038610       1.744520     -4.8639901E-02
   55.49730      0.0000000E+00   1.567490     -3.8112100E-02
   55.49650      0.4357800       1.557300     -3.8964499E-02
   55.49680      0.8726900       1.554510     -4.0043399E-02
   55.49630       1.310220       1.572080     -4.1949600E-02
   55.49640       1.742250       1.614210     -4.4325698E-02
   55.49630       2.173210       1.651340     -4.6782400E-02
   55.49580       2.605770       1.685400     -4.8806500E-02
   55.49530       3.038610       1.734780     -5.0427701E-02
   56.28620      0.0000000E+00   1.562770     -3.9300200E-02
   56.28540      0.4355800       1.551600     -4.0439900E-02
   56.28580      0.8722100       1.546090     -4.1660700E-02
   56.28530       1.309710       1.560550     -4.3713100E-02
   56.28540       1.742110       1.600570     -4.6179399E-02
   56.28540       2.173260       1.637320     -4.8671499E-02
   56.28500       2.605900       1.672010     -5.0821099E-02
   56.28440       3.038610       1.722920     -5.2585900E-02
   57.07510      0.0000000E+00   1.558290     -4.1745801E-02
   57.07440      0.4353900       1.545990     -4.2843498E-02
   57.07480      0.8717000       1.537460     -4.4099100E-02
   57.07430       1.309160       1.548280     -4.6233799E-02
   57.07450       1.741990       1.585470     -4.8737802E-02
   57.07450       2.173370       1.621340     -5.1282398E-02
   57.07410       2.606080       1.656430     -5.3463899E-02
   57.07360       3.038610       1.708760     -5.5354901E-02
   57.86400      0.0000000E+00   1.553930     -4.5378301E-02
   57.86330      0.4352200       1.540370     -4.6258502E-02
   57.86370      0.8711900       1.528520     -4.7384601E-02
   57.86330       1.308560       1.535190     -4.9273200E-02
   57.86340       1.741870       1.568820     -5.1631398E-02
   57.86360       2.173510       1.603280     -5.4119099E-02
   57.86320       2.606290       1.638530     -5.6205198E-02
   57.86270       3.038610       1.692140     -5.8073401E-02
   58.65290      0.0000000E+00   1.549530     -4.9419899E-02
   58.65230      0.4350800       1.534570     -5.0060999E-02
   58.65270      0.8706900       1.519170     -5.1050000E-02
   58.65220       1.307910       1.521220     -5.2571900E-02
   58.65240       1.741750       1.550540     -5.4441798E-02
   58.65260       2.173700       1.583040     -5.6569099E-02
   58.65220       2.606530       1.618200     -5.8609400E-02
   58.65170       3.038610       1.672950     -6.0447101E-02
   59.44180      0.0000000E+00   1.544900     -5.3149302E-02
   59.44120      0.4349600       1.528400     -5.3634498E-02
   59.44160      0.8702100       1.509250     -5.4427098E-02
   59.44110       1.307240       1.506270     -5.5670701E-02
   59.44130       1.741610       1.530570     -5.7299800E-02
   59.44150       2.173910       1.560570     -5.9220299E-02
   59.44120       2.606800       1.595390     -6.1177801E-02
   59.44070       3.038610       1.651130     -6.2929198E-02
   60.23060      0.0000000E+00   1.539780     -5.6311600E-02
   60.23010      0.4348900       1.521620     -5.6823399E-02
   60.23050      0.8697900       1.498600     -5.7520598E-02
   60.23000       1.306550       1.490250     -5.8801699E-02
   60.23010       1.741420       1.508890     -6.0561400E-02
   60.23030       2.174130       1.535860     -6.2459100E-02
   60.23000       2.607090       1.570120     -6.4217702E-02
   60.22960       3.038610       1.626700     -6.5885201E-02
   61.01950      0.0000000E+00   1.533890     -5.9275601E-02
   61.01900      0.4348500       1.513950     -6.0006399E-02
   61.01940      0.8694300       1.487000     -6.0855400E-02
   61.01880       1.305870       1.473060     -6.2348600E-02
   61.01890       1.741200       1.485480     -6.3982099E-02
   61.01910       2.174340       1.508980     -6.5631598E-02
   61.01880       2.607400       1.542450     -6.7194201E-02
   61.01840       3.038610       1.599740     -6.8754897E-02
   61.80840      0.0000000E+00   1.526880     -6.3146003E-02
   61.80780      0.4348600       1.505060     -6.4046301E-02
   61.80820      0.8691600       1.474210     -6.4812899E-02
   61.80770       1.305220       1.454580     -6.5987296E-02
   61.80760       1.740920       1.460390     -6.7183599E-02
   61.80770       2.174520       1.480030     -6.8431601E-02
   61.80750       2.607720       1.512560     -6.9748901E-02
   61.80720       3.038610       1.570430     -7.1062602E-02
   62.59720      0.0000000E+00   1.518330     -6.8875797E-02
   62.59670      0.4349100       1.494550     -6.9328003E-02
   62.59710      0.8689800       1.459950     -6.9568202E-02
   62.59640       1.304640       1.434700     -6.9975100E-02
   62.59630       1.740590       1.433680     -7.0538603E-02
   62.59630       2.174670       1.449210     -7.1296699E-02
   62.59600       2.608040       1.480680     -7.2327197E-02
   62.59580       3.038610       1.539030     -7.3568203E-02
   63.38610      0.0000000E+00   1.507770     -7.5696401E-02
   63.38550      0.4349900       1.481980     -7.5381100E-02
   63.38590      0.8689000       1.443890     -7.4970499E-02
   63.38520       1.304160       1.413270     -7.4458703E-02
   63.38490       1.740220       1.405460     -7.4142098E-02
   63.38480       2.174760       1.416820     -7.4108802E-02
   63.38460       2.608350       1.447170     -7.4633896E-02
   63.38440       3.038610       1.505940     -7.5623497E-02
   64.17480      0.0000000E+00   1.494670     -8.1914403E-02
   64.17430      0.4350800       1.466840     -8.1215702E-02
   64.17460      0.8688900       1.425670     -8.0442399E-02
   64.17390       1.303780       1.390160     -7.9024203E-02
   64.17350       1.739830       1.375890     -7.7546299E-02
   64.17330       2.174810       1.383230     -7.6510698E-02
   64.17300       2.608640       1.412520     -7.6381303E-02
   64.17290       3.038610       1.471680     -7.6810002E-02
   64.96360      0.0000000E+00   1.478400     -8.6849600E-02
   64.96310      0.4351600       1.448540     -8.5966699E-02
   64.96340      0.8689500       1.404880     -8.4866799E-02
   64.96260       1.303510       1.365190     -8.2840301E-02
   64.96210       1.739450       1.345180     -8.0439202E-02
   64.96180       2.174800       1.348930     -7.8587398E-02
   64.96150       2.608890       1.377320     -7.7882297E-02
   64.96140       3.038610       1.436910     -7.7920102E-02
   65.75220      0.0000000E+00   1.458280     -9.0987198E-02
   65.75180      0.4352000       1.426440     -9.0098701E-02
   65.75210      0.8690300       1.381060     -8.8435799E-02
   65.75130       1.303350       1.338220     -8.5829802E-02
   65.75070       1.739110       1.313600     -8.2835697E-02
   65.75030       2.174760       1.314560     -8.0230199E-02
   65.75000       2.609100       1.342340     -7.8771703E-02
   65.75000       3.038610       1.402460     -7.8255497E-02
   66.54070      0.0000000E+00   1.433510     -9.6177399E-02
   66.54040      0.4351700       1.399790     -9.5228098E-02
   66.54070      0.8690700       1.353690     -9.3006298E-02
   66.53990       1.303250       1.309060     -8.9317396E-02
   66.53930       1.738840       1.281500     -8.5011803E-02
   66.53880       2.174700       1.280860     -8.1151403E-02
   66.53850       2.609240       1.308500     -7.8706801E-02
   66.53860       3.038610       1.369340     -7.7369303E-02
   67.32900      0.0000000E+00   1.403220     -0.1039370    
   67.32880      0.4350300       1.367780     -0.1019310    
   67.32920      0.8690200       1.322210     -9.8800898E-02
   67.32850       1.303180       1.277540     -9.3248501E-02
   67.32790       1.738640       1.249270     -8.6700499E-02
   67.32750       2.174610       1.248750     -8.0813698E-02
   67.32720       2.609290       1.276910     -7.7310197E-02
   67.32720       3.038610       1.338740     -7.5090803E-02
   68.11710      0.0000000E+00   1.366450     -0.1107230    
   68.11690      0.4347600       1.329500     -0.1077770    
   68.11750      0.8688400       1.285980     -0.1033670    
   68.11700       1.303070       1.243480     -9.6059397E-02
   68.11650       1.738500       1.217420     -8.7749898E-02
   68.11620       2.174490       1.219300     -8.0193803E-02
   68.11600       2.609230       1.248870     -7.5847901E-02
   68.11610       3.038610       1.312070     -7.3362999E-02
   68.90470      0.0000000E+00   1.322130     -0.1155000    
   68.90450      0.4343500       1.283960     -0.1129860    
   68.90530      0.8684800       1.244300     -0.1076980    
   68.90510       1.302870       1.206670     -9.8452099E-02
   68.90490       1.738350       1.186540     -8.8363901E-02
   68.90470       2.174250       1.193760     -7.8956798E-02
   68.90460       2.609020       1.225930     -7.4364796E-02
   68.90470       3.038610       1.290990     -7.2847500E-02
 zone  i=           8  j=          61
   21.57720       3.038610       1.052610      4.6842799E-02
   21.57730       2.667030      0.6972700      3.5670400E-02
   21.57720       2.299180      0.3367100      2.7384600E-02
   21.57720       1.912900     -3.5900001E-03  2.7423400E-02
   21.57810       1.481360     -0.2837900      2.8065300E-02
   21.57710       1.015740     -0.5027100      3.0664399E-02
   21.57720      0.5145800     -0.6142300      3.3932701E-02
   21.57720      0.0000000E+00 -0.6339100      3.4159701E-02
   22.36350       3.038610      0.9857000      3.2972801E-02
   22.36430       2.661540      0.6453900      3.1785298E-02
   22.36450       2.295920      0.2916000      2.9026100E-02
   22.36490       1.907410     -3.6890000E-02  2.7143899E-02
   22.36630       1.476130     -0.3083700      2.6823800E-02
   22.36570       1.013390     -0.5247800      2.8438900E-02
   22.36630      0.5132600     -0.6306900      3.0683300E-02
   22.36670      0.0000000E+00 -0.6456300      3.1479400E-02
   23.15130       3.038610      0.9381500      2.6199101E-02
   23.15220       2.663550      0.6021600      2.9727001E-02
   23.15260       2.297810      0.2548000      2.9466899E-02
   23.15340       1.905600     -6.4060003E-02  2.6612900E-02
   23.15510       1.473600     -0.3294000      2.4812600E-02
   23.15460       1.012360     -0.5449000      2.6281700E-02
   23.15550      0.5120400     -0.6463500      2.8579200E-02
   23.15630      0.0000000E+00 -0.6571200      2.9441800E-02
   23.93920       3.038610      0.8911900      3.1933900E-02
   23.94020       2.664630      0.5604100      2.9307500E-02
   23.94080       2.297990      0.2200900      2.7809100E-02
   23.94200       1.902350     -8.8840000E-02  2.6021600E-02
   23.94390       1.470350     -0.3487300      2.3479201E-02
   23.94360       1.010920     -0.5636000      2.4680000E-02
   23.94480      0.5107200     -0.6611700      2.7424900E-02
   23.94590      0.0000000E+00 -0.6683500      2.8654600E-02
   24.72720       3.038610      0.8453100      3.6548499E-02
   24.72830       2.664710      0.5206400      2.9274801E-02
   24.72920       2.296560      0.1878600      2.5095999E-02
   24.73070       1.897850     -0.1110100      2.4421601E-02
   24.73280       1.466470     -0.3663000      2.3266001E-02
   24.73270       1.009130     -0.5807900      2.4066500E-02
   24.73410      0.5093500     -0.6751000      2.6528900E-02
   24.73540      0.0000000E+00 -0.6792900      2.8230701E-02
   25.51530       3.038610      0.8012800      3.7123501E-02
   25.51660       2.663920      0.4834100      2.9925499E-02
   25.51780       2.293780      0.1585400      2.4387799E-02
   25.51950       1.892410     -0.1303800      2.2307800E-02
   25.52170       1.462100     -0.3820200      2.2287400E-02
   25.52180       1.007050     -0.5963900      2.3909600E-02
   25.52340      0.5079500     -0.6880900      2.5690300E-02
   25.52500      0.0000000E+00 -0.6899100      2.6970699E-02
   26.30350       3.038610      0.7597700      3.7053101E-02
   26.30500       2.662450      0.4491400      3.0052699E-02
   26.30650       2.289930      0.1324600      2.4604401E-02
   26.30840       1.886290     -0.1468900      2.1056499E-02
   26.31070       1.457380     -0.3958700      1.9646101E-02
   26.31100       1.004750     -0.6103500      2.1883599E-02
   26.31280      0.5065500     -0.7001200      2.4275299E-02
   26.31460      0.0000000E+00 -0.7001600      2.5316499E-02
   27.09190       3.038610      0.7212200      3.6085799E-02
   27.09360       2.660440      0.4181300      2.9309301E-02
   27.09530       2.285250      0.1098200      2.4126800E-02
   27.09730       1.879700     -0.1605200      2.0446600E-02
   27.09980       1.452410     -0.4078300      1.7584899E-02
   27.10030       1.002280     -0.6226400      1.8931501E-02
   27.10220      0.5051400     -0.7111400      2.2059601E-02
   27.10410      0.0000000E+00 -0.7099900      2.3898600E-02
   27.88040       3.038610      0.6859500      3.4224302E-02
   27.88230       2.658010      0.3905500      2.7933599E-02
   27.88420       2.279960      9.0709999E-02  2.2975599E-02
   27.88620       1.872800     -0.1713800      1.9694600E-02
   27.88890       1.447280     -0.4179100      1.6889799E-02
   27.88960      0.9996900     -0.6332600      1.7357800E-02
   27.89160      0.5037600     -0.7211300      1.9870499E-02
   27.89370      0.0000000E+00 -0.7193600      2.1492301E-02
   28.66910       3.038610      0.6541300      3.2499801E-02
   28.67120       2.655290      0.3664700      2.6453201E-02
   28.67320       2.274260      7.5110003E-02  2.1531601E-02
   28.67520       1.865700     -0.1795900      1.8447600E-02
   28.67800       1.442060     -0.4261600      1.6278200E-02
   28.67900      0.9970000     -0.6422100      1.6594600E-02
   28.68110      0.5023900     -0.7300800      1.8184800E-02
   28.68330      0.0000000E+00 -0.7282200      1.9010400E-02
   29.45790       3.038610      0.6258400      3.1102199E-02
   29.46010       2.652370      0.3458700      2.5451301E-02
   29.46220       2.268300      6.2919997E-02  2.0796699E-02
   29.46430       1.858510     -0.1853200      1.7505100E-02
   29.46730       1.436840     -0.4326300      1.5255600E-02
   29.46840      0.9942500     -0.6495200      1.5541800E-02
   29.47060      0.5010400     -0.7379700      1.6882500E-02
   29.47290      0.0000000E+00 -0.7365100      1.7663000E-02
   30.24680       3.038610      0.6010700      3.0289600E-02
   30.24920       2.649340      0.3286600      2.4762301E-02
   30.25130       2.262220      5.3980000E-02  2.0503599E-02
   30.25340       1.851290     -0.1887800      1.7493701E-02
   30.25650       1.431650     -0.4373700      1.5012300E-02
   30.25780      0.9914500     -0.6552400      1.4866100E-02
   30.26010      0.4997100     -0.7447900      1.6074300E-02
   30.26250      0.0000000E+00 -0.7441900      1.6866000E-02
   31.03580       3.038610      0.5797100      2.8751099E-02
   31.03830       2.646260      0.3147000      2.4154300E-02
   31.04050       2.256140      4.8069999E-02  2.0491799E-02
   31.04260       1.844120     -0.1901700      1.7706700E-02
   31.04590       1.426540     -0.4404800      1.5172900E-02
   31.04730      0.9886400     -0.6594100      1.4693700E-02
   31.04960      0.4984000     -0.7505600      1.5726600E-02
   31.05210      0.0000000E+00 -0.7512100      1.6507801E-02
   31.82490       3.038610      0.5616200      2.7342601E-02
   31.82750       2.643220      0.3037900      2.3578400E-02
   31.82970       2.250130      4.4930000E-02  2.0312799E-02
   31.83170       1.837050     -0.1897000      1.7377600E-02
   31.83520       1.421570     -0.4420300      1.4913200E-02
   31.83680      0.9858100     -0.6621100      1.4671700E-02
   31.83920      0.4971200     -0.7552600      1.5834300E-02
   31.84170      0.0000000E+00 -0.7575400      1.6919000E-02
   32.61410       3.038610      0.5466100      2.6387200E-02
   32.61670       2.640240      0.2957000      2.2657000E-02
   32.61890       2.244260      4.4289999E-02  1.9422701E-02
   32.62100       1.830120     -0.1875900      1.6783699E-02
   32.62460       1.416760     -0.4421400      1.4756900E-02
   32.62630      0.9830000     -0.6634200      1.4667500E-02
   32.62870      0.4958600     -0.7589300      1.5785800E-02
   32.63130      0.0000000E+00 -0.7631300      1.6976800E-02
   33.40330       3.038610      0.5344700      2.5214501E-02
   33.40590       2.637390      0.2901700      2.1829300E-02
   33.40810       2.238580      4.5839999E-02  1.8845400E-02
   33.41020       1.823390     -0.1840500      1.6420299E-02
   33.41390       1.412140     -0.4409100      1.4487400E-02
   33.41590      0.9802200     -0.6634200      1.4207300E-02
   33.41830      0.4946200     -0.7615800      1.5043300E-02
   33.42100      0.0000000E+00 -0.7679500      1.5799200E-02
   34.19250       3.038610      0.5249300      2.4118699E-02
   34.19520       2.634680      0.2869500      2.1313701E-02
   34.19730       2.233130      4.9290001E-02  1.8714000E-02
   34.19950       1.816890     -0.1792800      1.6288999E-02
   34.20340       1.407730     -0.4384400      1.4169400E-02
   34.20540      0.9774700     -0.6622100      1.3663900E-02
   34.20790      0.4934100     -0.7632400      1.4309000E-02
   34.21060      0.0000000E+00 -0.7719900      1.4765600E-02
   34.98180       3.038610      0.5177500      2.3133701E-02
   34.98440       2.632140      0.2857300      2.0993400E-02
   34.98660       2.227920      5.4329999E-02  1.8847199E-02
   34.98880       1.810680     -0.1734600      1.6536800E-02
   34.99280       1.403560     -0.4348600      1.4258100E-02
   34.99500      0.9747700     -0.6598800      1.3459500E-02
   34.99750      0.4922200     -0.7639400      1.3912100E-02
   35.00020      0.0000000E+00 -0.7752300      1.4265200E-02
   35.77110       3.038610      0.5126600      2.3121201E-02
   35.77370       2.629800      0.2862400      2.1112399E-02
   35.77580       2.222990      6.0679998E-02  1.9197499E-02
   35.77810       1.804790     -0.1667900      1.7012799E-02
   35.78220       1.399630     -0.4302900      1.4799900E-02
   35.78460      0.9721400     -0.6565300      1.3757400E-02
   35.78710      0.4910500     -0.7637400      1.3932100E-02
   35.78990      0.0000000E+00 -0.7776700      1.4143800E-02
   36.56040       3.038610      0.5093900      2.2688800E-02
   36.56300       2.627650      0.2882000      2.1081200E-02
   36.56510       2.218340      6.8060003E-02  1.9520501E-02
   36.56750       1.799250     -0.1594200      1.7551100E-02
   36.57170       1.395970     -0.4248600      1.5474400E-02
   36.57410      0.9695800     -0.6522700      1.4396800E-02
   36.57670      0.4899100     -0.7626700      1.4462100E-02
   36.57950      0.0000000E+00 -0.7793100      1.4703800E-02
   37.34970       3.038610      0.5076700      2.1730499E-02
   37.35230       2.625710      0.2913400      2.0865699E-02
   37.35440       2.213970      7.6219998E-02  1.9803900E-02
   37.35690       1.794090     -0.1515100      1.8243700E-02
   37.36120       1.392570     -0.4186800      1.6394200E-02
   37.36370      0.9671000     -0.6472100      1.5349000E-02
   37.36630      0.4887900     -0.7608000      1.5354600E-02
   37.36910      0.0000000E+00 -0.7801700      1.5649000E-02
   38.13900       3.038610      0.5072600      2.1735800E-02
   38.14160       2.623960      0.2954000      2.1265401E-02
   38.14380       2.209910      8.4909998E-02  2.0580599E-02
   38.14630       1.789340     -0.1432200      1.9231999E-02
   38.15060       1.389450     -0.4118800      1.7491899E-02
   38.15330      0.9647200     -0.6414500      1.6416200E-02
   38.15590      0.4877000     -0.7581800      1.6305400E-02
   38.15880      0.0000000E+00 -0.7802600      1.6538700E-02
   38.92830       3.038610      0.5079100      2.2062000E-02
   38.93100       2.622410      0.3001600      2.1812800E-02
   38.93310       2.206160      9.3929999E-02  2.1384399E-02
   38.93580       1.785020     -0.1346700      2.0114001E-02
   38.94010       1.386590     -0.4045800      1.8398700E-02
   38.94280      0.9624300     -0.6351000      1.7267700E-02
   38.94550      0.4866400     -0.7548900      1.7019400E-02
   38.94840      0.0000000E+00 -0.7796300      1.7151300E-02
   39.71760       3.038610      0.5094300      2.2371300E-02
   39.72030       2.621050      0.3053900      2.2138299E-02
   39.72250       2.202710      0.1030800      2.1658000E-02
   39.72530       1.781120     -0.1259900      2.0323901E-02
   39.72960       1.384010     -0.3968800      1.8744200E-02
   39.73240      0.9602500     -0.6282600      1.7727301E-02
   39.73510      0.4856000     -0.7509800      1.7463500E-02
   39.73800      0.0000000E+00 -0.7783000      1.7535500E-02
   40.50690       3.038610      0.5116100      2.2195701E-02
   40.50960       2.619850      0.3109100      2.2130201E-02
   40.51190       2.199570      0.1122100      2.1681899E-02
   40.51470       1.777660     -0.1172800      2.0335600E-02
   40.51910       1.381690     -0.3889000      1.8804900E-02
   40.52200      0.9581700     -0.6210200      1.7865499E-02
   40.52470      0.4846000     -0.7465400      1.7652700E-02
   40.52770      0.0000000E+00 -0.7763400      1.7623000E-02
   41.29630       3.038610      0.5142900      2.1603899E-02
   41.29900       2.618820      0.3165700      2.1938900E-02
   41.30130       2.196740      0.1211600      2.1783900E-02
   41.30420       1.774640     -0.1086400      2.0725001E-02
   41.30860       1.379640     -0.3807300      1.9250000E-02
   41.31150      0.9562100     -0.6134800      1.8215200E-02
   41.31430      0.4836200     -0.7416300      1.7948600E-02
   41.31730      0.0000000E+00 -0.7737900      1.7784899E-02
   42.08550       3.038610      0.5173400      2.1516500E-02
   42.08830       2.617940      0.3222300      2.2096200E-02
   42.09080       2.194220      0.1298300      2.2141499E-02
   42.09380       1.772030     -0.1001400      2.1303900E-02
   42.09810       1.377830     -0.3724600      2.0033401E-02
   42.10110      0.9543500     -0.6057200      1.9034700E-02
   42.10390      0.4826700     -0.7363400      1.8697200E-02
   42.10690      0.0000000E+00 -0.7707200      1.8545400E-02
   42.87490       3.038610      0.5206400      2.2130201E-02
   42.87770       2.617180      0.3278000      2.2742599E-02
   42.88020       2.191990      0.1381500      2.2892199E-02
   42.88330       1.769840     -9.1859996E-02  2.2058001E-02
   42.88770       1.376260     -0.3641500      2.0859500E-02
   42.89070      0.9526000     -0.5978200      2.0002799E-02
   42.89350      0.4817500     -0.7307300      1.9736400E-02
   42.89660      0.0000000E+00 -0.7672000      1.9688301E-02
   43.66420       3.038610      0.5241300      2.2666300E-02
   43.66710       2.616540      0.3332200      2.3481401E-02
   43.66970       2.190040      0.1460500      2.3930199E-02
   43.67280       1.768030     -8.3829999E-02  2.3205200E-02
   43.67720       1.374910     -0.3558800      2.1965601E-02
   43.68030      0.9509600     -0.5898400      2.1058800E-02
   43.68310      0.4808500     -0.7248700      2.0791899E-02
   43.68620      0.0000000E+00 -0.7633000      2.0805500E-02
   44.45350       3.038610      0.5277600      2.2560600E-02
   44.45640       2.616010      0.3384600      2.3723900E-02
   44.45920       2.188380      0.1535100      2.4541100E-02
   44.46230       1.766580     -7.6080002E-02  2.4168000E-02
   44.46670       1.373770     -0.3476900      2.3094799E-02
   44.46980      0.9494100     -0.5818400      2.2148600E-02
   44.47270      0.4799900     -0.7188400      2.1773599E-02
   44.47580      0.0000000E+00 -0.7590900      2.1734999E-02
   45.24280       3.038610      0.5315300      2.2359500E-02
   45.24580       2.615550      0.3435100      2.3634801E-02
   45.24860       2.186960      0.1605300      2.4502300E-02
   45.25180       1.765470     -6.8609998E-02  2.4365300E-02
   45.25620       1.372810     -0.3395900      2.3641400E-02
   45.25940      0.9479600     -0.5738500      2.2945300E-02
   45.26230      0.4791600     -0.7127000      2.2660000E-02
   45.26550      0.0000000E+00 -0.7546600      2.2726400E-02
   46.03210       3.038610      0.5354600      2.2420701E-02
   46.03510       2.615180      0.3484300      2.3536600E-02
   46.03810       2.185790      0.1671500      2.4216801E-02
   46.04130       1.764670     -6.1420001E-02  2.4056500E-02
   46.04570       1.372010     -0.3316000      2.3618899E-02
   46.04890      0.9465900     -0.5658800      2.3291901E-02
   46.05190      0.4783600     -0.7064900      2.3201300E-02
   46.05510      0.0000000E+00 -0.7500500      2.3431800E-02
   46.82140       3.038610      0.5396100      2.2605401E-02
   46.82450       2.614860      0.3532800      2.3479100E-02
   46.82750       2.184840      0.1734300      2.3971301E-02
   46.83080       1.764130     -5.4469999E-02  2.3644000E-02
   46.83520       1.371360     -0.3237100      2.3201101E-02
   46.83850      0.9453000     -0.5579600      2.3045400E-02
   46.84150      0.4776000     -0.7002700      2.3147900E-02
   46.84470      0.0000000E+00 -0.7453500      2.3390001E-02
   47.61060       3.038610      0.5440700      2.2229001E-02
   47.61380       2.614600      0.3581600      2.3166100E-02
   47.61700       2.184090      0.1794600      2.3722500E-02
   47.62040       1.763830     -4.7680002E-02  2.3415299E-02
   47.62470       1.370810     -0.3158800      2.2848001E-02
   47.62810      0.9440800     -0.5500600      2.2621401E-02
   47.63110      0.4768700     -0.6940400      2.2846701E-02
   47.63430      0.0000000E+00 -0.7406100      2.3114100E-02
   48.39990       3.038610      0.5489600      2.1644600E-02
   48.40320       2.614370      0.3632000      2.2718601E-02
   48.40640       2.183510      0.1853600      2.3479700E-02
   48.40980       1.763730     -4.0980000E-02  2.3420401E-02
   48.41430       1.370350     -0.3080400      2.2898600E-02
   48.41770      0.9429100     -0.5421300      2.2626599E-02
   48.42070      0.4761900     -0.6878400      2.2886099E-02
   48.42390      0.0000000E+00 -0.7358800      2.3215899E-02
   49.18920       3.038610      0.5544200      2.1283900E-02
   49.19250       2.614180      0.3685700      2.2283800E-02
   49.19580       2.183090      0.1912800      2.3108101E-02
   49.19930       1.763790     -3.4249999E-02  2.3349101E-02
   49.20380       1.369940     -0.3001100      2.3180300E-02
   49.20720      0.9417900     -0.5341300      2.3056600E-02
   49.21030      0.4755500     -0.6816400      2.3313699E-02
   49.21360      0.0000000E+00 -0.7311800      2.3736799E-02
   49.97850       3.038610      0.5606300      2.0747600E-02
   49.98190       2.614000      0.3744500      2.1633700E-02
   49.98520       2.182800      0.1974000      2.2453001E-02
   49.98880       1.763970     -2.7349999E-02  2.2906000E-02
   49.99330       1.369550     -0.2919800      2.3117300E-02
   49.99680      0.9407000     -0.5259600      2.3379300E-02
   49.99980      0.4749700     -0.6754200      2.3792500E-02
   50.00320      0.0000000E+00 -0.7265300      2.4430200E-02
   50.76780       3.038610      0.5677900      2.0046500E-02
   50.77120       2.613850      0.3810400      2.0907000E-02
   50.77460       2.182610      0.2039000      2.1775199E-02
   50.77830       1.764240     -2.0110000E-02  2.2341300E-02
   50.78290       1.369150     -0.2835200      2.2682801E-02
   50.78640      0.9396300     -0.5174900      2.3157099E-02
   50.78940      0.4744400     -0.6691100      2.3784300E-02
   50.79280      0.0000000E+00 -0.7219100      2.4720799E-02
   51.55710       3.038610      0.5760900      1.9272400E-02
   51.56050       2.613690      0.3885800      2.0065799E-02
   51.56400       2.182500      0.2110200      2.0938400E-02
   51.56770       1.764560     -1.2350000E-02  2.1522401E-02
   51.57240       1.368700     -0.2745400      2.1800300E-02
   51.57600      0.9385600     -0.5086000      2.2208299E-02
   51.57900      0.4739900     -0.6626400      2.2921599E-02
   51.58240      0.0000000E+00 -0.7172900      2.3978800E-02
   52.34630       3.038610      0.5857700      1.8666100E-02
   52.34980       2.613540      0.3973100      1.8928001E-02
   52.35340       2.182460      0.2190000      1.9394301E-02
   52.35720       1.764880     -3.8399999E-03  1.9800199E-02
   52.36200       1.368160     -0.2648600      2.0102700E-02
   52.36570      0.9374800     -0.4991000      2.0615600E-02
   52.36870      0.4736100     -0.6558600      2.1473400E-02
   52.37210      0.0000000E+00 -0.7126000      2.2541299E-02
   53.13550       3.038610      0.5970600      1.7518600E-02
   53.13910       2.613380      0.4074900      1.7281599E-02
   53.14270       2.182460      0.2281000      1.7255200E-02
   53.14660       1.765170      5.6500002E-03  1.7473999E-02
   53.15150       1.367510     -0.2542500      1.7914999E-02
   53.15530      0.9363700     -0.4887700      1.8664500E-02
   53.15830      0.4733100     -0.6486300      1.9717099E-02
   53.16170      0.0000000E+00 -0.7077300      2.0916000E-02
   53.92470       3.038610      0.6102000      1.5839901E-02
   53.92840       2.613200      0.4193800      1.5313100E-02
   53.93210       2.182460      0.2386100      1.5069700E-02
   53.93610       1.765390      1.6400000E-02  1.5297900E-02
   53.94110       1.366700     -0.2424600      1.5760100E-02
   53.94500      0.9352100     -0.4773800      1.6574601E-02
   53.94790      0.4731000     -0.6407400      1.7749200E-02
   53.95130      0.0000000E+00 -0.7025200      1.9030100E-02
   54.71390       3.038610      0.6254100      1.4188900E-02
   54.71770       2.612990      0.4332600      1.3503000E-02
   54.72150       2.182460      0.2508100      1.3209700E-02
   54.72560       1.765510      2.8689999E-02  1.3577300E-02
   54.73070       1.365680     -0.2291900      1.4028500E-02
   54.73470      0.9339700     -0.4646400      1.4683100E-02
   54.73750      0.4729700     -0.6319300      1.5819300E-02
   54.74090      0.0000000E+00 -0.6967700      1.7186500E-02
   55.50300       3.038610      0.6429300      1.2896400E-02
   55.50690       2.612740      0.4493700      1.1993500E-02
   55.51080       2.182430      0.2650100      1.1591500E-02
   55.51500       1.765480      4.2830002E-02  1.1884000E-02
   55.52040       1.364420     -0.2141400      1.2265700E-02
   55.52440      0.9326300     -0.4502300      1.2825200E-02
   55.52720      0.4729300     -0.6219100      1.3891800E-02
   55.53050      0.0000000E+00 -0.6902400      1.5398100E-02
   56.29210       3.038610      0.6629600      1.2022800E-02
   56.29610       2.612440      0.4680000      1.0496000E-02
   56.30010       2.182330      0.2815100      9.6960803E-03
   56.30450       1.765270      5.9160002E-02  9.7367596E-03
   56.31000       1.362880     -0.1969500      1.0036000E-02
   56.31420      0.9311500     -0.4338100      1.0518800E-02
   56.31690      0.4729600     -0.6103100      1.1505700E-02
   56.32010      0.0000000E+00 -0.6825900      1.3013900E-02
   57.08100       3.038610      0.6856900      1.0180300E-02
   57.08530       2.612080      0.4893600      8.2619898E-03
   57.08940       2.182130      0.3006300      6.9908202E-03
   57.09390       1.764820      7.8019999E-02  6.8011000E-03
   57.09960       1.361000     -0.1772600      7.0341998E-03
   57.10390      0.9294700     -0.4149600      7.4220202E-03
   57.10660      0.4730400     -0.5967200      8.3488096E-03
   57.10970      0.0000000E+00 -0.6734500      9.8749800E-03
   57.87000       3.038610      0.7112700      8.0661699E-03
   57.87440       2.611630      0.5137000      5.6495699E-03
   57.87870       2.181810      0.3226700      3.7601800E-03
   57.88340       1.764090      9.9760003E-02  3.1403599E-03
   57.88930       1.358750     -0.1546600      3.1051200E-03
   57.89370      0.9275700     -0.3932500      3.4194600E-03
   57.89630      0.4731400     -0.5806500      4.3724999E-03
   57.89930      0.0000000E+00 -0.6623500      5.8785500E-03
   58.65870       3.038610      0.7398000      6.6798800E-03
   58.66340       2.611080      0.5412000      3.4690099E-03
   58.66780       2.181330      0.3479300      8.0313400E-04
   58.67270       1.763050      0.1247600     -6.0515403E-04
   58.67890       1.356070     -0.1287100     -1.2096900E-03
   58.68340      0.9253800     -0.3682000     -1.2508800E-03
   58.68600      0.4732100     -0.5615500     -4.1282200E-04
   58.68880      0.0000000E+00 -0.6487500      9.2742400E-04
   59.44740       3.038610      0.7713600      5.1953201E-03
   59.45220       2.610410      0.5720300      1.3268400E-03
   59.45700       2.180630      0.3766900     -1.9407599E-03
   59.46210       1.761620      0.1534100     -4.1369800E-03
   59.46840       1.352910     -9.8959997E-02 -5.4775900E-03
   59.47310      0.9228300     -0.3392900     -6.0265702E-03
   59.47570      0.4732000     -0.5388000     -5.4500098E-03
   59.47830      0.0000000E+00 -0.6320100     -4.3581901E-03
   60.23600       3.038610      0.8059300      3.2133900E-03
   60.24100       2.609610      0.6063000     -1.2259100E-03
   60.24600       2.179680      0.4092400     -4.9920701E-03
   60.25130       1.759770      0.1860900     -7.5134900E-03
   60.25790       1.349230     -6.4910002E-02 -9.2717102E-03
   60.26270      0.9198700     -0.3059400     -1.0356500E-02
   60.26530      0.4730400     -0.5117100     -1.0251500E-02
   60.26760      0.0000000E+00 -0.6113800     -9.5753605E-03
   61.02440       3.038610      0.8434500      1.0382700E-03
   61.02960       2.608650      0.6440900     -3.8331000E-03
   61.03490       2.178430      0.4458100     -8.1492802E-03
   61.04050       1.757430      0.2232100     -1.1018000E-02
   61.04730       1.344970     -2.6030000E-02 -1.2919300E-02
   61.05230      0.9164100     -0.2675100     -1.4330700E-02
   61.05480      0.4726300     -0.4795000     -1.4803700E-02
   61.05690      0.0000000E+00 -0.5860400     -1.4573000E-02
   61.81270       3.038610      0.8837700     -6.2768097E-04
   61.81810       2.607520      0.6854100     -6.1765700E-03
   61.82370       2.176820      0.4866300     -1.1215400E-02
   61.82950       1.754540      0.2651600     -1.4914000E-02
   61.83650       1.340080      1.8230001E-02 -1.7306000E-02
   61.84160      0.9124000     -0.2233500     -1.8859901E-02
   61.84420      0.4718800     -0.4413100     -1.9635100E-02
   61.84590      0.0000000E+00 -0.5550000     -1.9717799E-02
   62.60080       3.038610      0.9266400     -2.4177399E-03
   62.60640       2.606200      0.7302200     -8.7126596E-03
   62.61220       2.174800      0.5319100     -1.4560400E-02
   62.61830       1.751040      0.3123700     -1.9213701E-02
   62.62540       1.334520      6.8460003E-02 -2.2534600E-02
   62.63060      0.9077400     -0.1726900     -2.4699900E-02
   62.63330      0.4706800     -0.3962000     -2.5660200E-02
   62.63460      0.0000000E+00 -0.5172000     -2.5803300E-02
   63.38880       3.038610      0.9717100     -4.4167298E-03
   63.39450       2.604680      0.7784100     -1.1615800E-02
   63.40060       2.172310      0.5818200     -1.8463301E-02
   63.40670       1.746880      0.3652600     -2.4190200E-02
   63.41390       1.328240      0.1252900     -2.8541399E-02
   63.41920      0.9023800     -0.1147400     -3.1476699E-02
   63.42190      0.4689200     -0.3431200     -3.2749500E-02
   63.42290      0.0000000E+00 -0.4714200     -3.3239599E-02
   64.17670       3.038610       1.018510     -6.0406998E-03
   64.18240       2.602940      0.8297700     -1.4575500E-02
   64.18860       2.169300      0.6364900     -2.2776499E-02
   64.19480       1.741980      0.4242500     -2.9839801E-02
   64.20200       1.321200      0.1893800     -3.5103999E-02
   64.20720      0.8962500     -4.8610002E-02 -3.8455300E-02
   64.21000      0.4664900     -0.2809200     -3.9964002E-02
   64.21060      0.0000000E+00 -0.4163000     -4.1007500E-02
   64.96460       3.038610       1.066450     -7.9624997E-03
   64.97010       2.600980      0.8840400     -1.7804900E-02
   64.97630       2.165710      0.6960500     -2.7359899E-02
   64.98240       1.736320      0.4898000     -3.5502698E-02
   64.98930       1.313380      0.2614600     -4.1236199E-02
   64.99440      0.8892800      2.6650000E-02 -4.4793598E-02
   64.99720      0.4632800     -0.2083500     -4.6570100E-02
   64.99750      0.0000000E+00 -0.3503600     -4.7804002E-02
   65.75240       3.038610       1.114770     -9.9355904E-03
   65.75750       2.598800      0.9408600     -2.1378500E-02
   65.76350       2.161520      0.7605800     -3.2218199E-02
   65.76940       1.729860      0.5623700     -4.1005701E-02
   65.77580       1.304780      0.3422700     -4.6915200E-02
   65.78050      0.8814500      0.1120900     -5.0619502E-02
   65.78320      0.4591900     -0.1240300     -5.2709699E-02
   65.78320      0.0000000E+00 -0.2719700     -5.3898301E-02
   66.54030       3.038610       1.162570     -1.2032000E-02
   66.54470       2.596420      0.9997400     -2.5318000E-02
   66.55020       2.156720      0.8301500     -3.7577700E-02
   66.55540       1.722610      0.6424500     -4.7361501E-02
   66.56100       1.295410      0.4326400     -5.4032199E-02
   66.56520      0.8727200      0.2088700     -5.7961199E-02
   66.56760      0.4541300     -2.6440000E-02 -5.9766799E-02
   66.56740      0.0000000E+00 -0.1793800     -6.0204599E-02
   67.32820       3.038610       1.208760     -1.4739900E-02
   67.33170       2.593870       1.060150     -2.9989799E-02
   67.33610       2.151360      0.9048200     -4.4117998E-02
   67.34020       1.714630      0.7305500     -5.5358201E-02
   67.34460       1.285360      0.5334300     -6.3295498E-02
   67.34790      0.8631300      0.3182300     -6.7865297E-02
   67.34980      0.4480500      8.6070001E-02 -6.9020502E-02
   67.34950      0.0000000E+00 -7.0689999E-02 -6.8539597E-02
   68.11640       3.038610       1.252070     -1.6762700E-02
   68.11830       2.591250       1.121380     -3.4623399E-02
   68.12100       2.145580      0.9846300     -5.1034600E-02
   68.12350       1.706090      0.8272400     -6.3719198E-02
   68.12610       1.274780      0.6455700     -7.2502904E-02
   68.12800      0.8527500      0.4415200     -7.7636503E-02
   68.12910      0.4409300      0.2152700     -7.8505799E-02
   68.12890      0.0000000E+00  5.6079999E-02 -7.7383503E-02
   68.90470       3.038610       1.290990     -1.8830201E-02
   68.90450       2.588710       1.182650     -3.9510101E-02
   68.90470       2.139700       1.069600     -5.9068099E-02
   68.90470       1.697300      0.9330900     -7.3213197E-02
   68.90480       1.263980      0.7700400     -8.2346402E-02
   68.90470      0.8417300      0.5802000     -8.7800004E-02
   68.90440      0.4328100      0.3630800     -8.7951601E-02
   68.90470      0.0000000E+00  0.2029600     -8.5526697E-02
 zone  i=           2  j=          61
   21.57720       3.038610       1.052610     -0.2242910    
   23.02680       3.232460       1.128220     -0.2222720    
   22.36480       3.038610       1.098980     -8.9478701E-02
   23.81100       3.235390       1.172480     -8.9737996E-02
   23.15230       3.038610       1.151820     -2.1005699E-02
   24.59440       3.238330       1.222600     -2.1357300E-02
   23.93950       3.038610       1.209380     -2.8584899E-02
   25.37690       3.241280       1.276850     -2.8634500E-02
   24.72660       3.038610       1.268360     -3.1284899E-02
   26.15860       3.244220       1.332150     -3.1291399E-02
   25.51370       3.038610       1.326650     -3.2878701E-02
   26.93960       3.247180       1.386530     -3.2885000E-02
   26.30100       3.038610       1.382830     -3.5181198E-02
   27.72010       3.250130       1.438690     -3.5180200E-02
   27.08840       3.038610       1.435930     -3.7195601E-02
   28.50010       3.253090       1.487750     -3.7196402E-02
   27.87620       3.038610       1.485310     -3.9341301E-02
   29.27960       3.256060       1.533170     -3.9340399E-02
   28.66410       3.038610       1.530570     -4.1392799E-02
   30.05860       3.259030       1.574600     -4.1391499E-02
   29.45240       3.038610       1.571490     -4.3305300E-02
   30.83720       3.262000       1.611900     -4.3306001E-02
   30.24080       3.038610       1.608000     -4.5579601E-02
   31.61530       3.264980       1.645030     -4.5569200E-02
   31.02940       3.038610       1.640150     -4.6703000E-02
   32.39280       3.267960       1.674100     -4.6692502E-02
   31.81820       3.038610       1.668080     -4.6612099E-02
   33.16980       3.270950       1.699250     -4.6613801E-02
   32.60710       3.038610       1.691980     -4.6930600E-02
   33.94630       3.273940       1.720720     -4.6934102E-02
   33.39610       3.038610       1.712120     -4.7809999E-02
   34.72210       3.276940       1.738770     -4.7805998E-02
   34.18520       3.038610       1.728800     -4.8136301E-02
   35.49730       3.279940       1.753710     -4.8130501E-02
   34.97440       3.038610       1.742340     -4.7714502E-02
   36.27190       3.282940       1.765860     -4.7713399E-02
   35.76360       3.038610       1.753070     -4.7209900E-02
   37.04580       3.285950       1.775540     -4.7212798E-02
   36.55280       3.038610       1.761360     -4.7191899E-02
   37.81900       3.288960       1.783100     -4.7191400E-02
   37.34210       3.038610       1.767520     -4.7173101E-02
   38.59150       3.291980       1.788850     -4.7166899E-02
   38.13130       3.038610       1.771920     -4.6241499E-02
   39.36340       3.295000       1.793110     -4.6241298E-02
   38.92060       3.038610       1.774850     -4.5388501E-02
   40.13460       3.298030       1.796160     -4.5390800E-02
   39.70990       3.038610       1.776620     -4.4894099E-02
   40.90510       3.301060       1.798280     -4.4893902E-02
   40.49920       3.038610       1.777500     -4.4344999E-02
   41.67490       3.304100       1.799710     -4.4343799E-02
   41.28840       3.038610       1.777740     -4.3659002E-02
   42.44400       3.307140       1.800650     -4.3657899E-02
   42.07770       3.038610       1.777530     -4.2830199E-02
   43.21240       3.310180       1.801300     -4.2830899E-02
   42.86700       3.038610       1.777070     -4.2082500E-02
   43.98000       3.313230       1.801790     -4.2085201E-02
   43.65630       3.038610       1.776470     -4.1665900E-02
   44.74710       3.316290       1.802240     -4.1666899E-02
   44.44550       3.038610       1.775860     -4.1342400E-02
   45.51340       3.319350       1.802710     -4.1341100E-02
   45.23480       3.038610       1.775270     -4.0814999E-02
   46.27900       3.322410       1.803240     -4.0815800E-02
   46.02410       3.038610       1.774740     -4.0367901E-02
   47.04390       3.325480       1.803840     -4.0370598E-02
   46.81340       3.038610       1.774240     -4.0185198E-02
   47.80810       3.328550       1.804480     -4.0188599E-02
   47.60260       3.038610       1.773740     -4.0329002E-02
   48.57160       3.331630       1.805070     -4.0331300E-02
   48.39190       3.038610       1.773120     -4.0693101E-02
   49.33450       3.334710       1.805540     -4.0693101E-02
   49.18120       3.038610       1.772280     -4.0904399E-02
   50.09660       3.337800       1.805740     -4.0908702E-02
   49.97050       3.038610       1.771060     -4.1578598E-02
   50.85810       3.340890       1.805540     -4.1582700E-02
   50.75980       3.038610       1.769290     -4.2663202E-02
   51.61880       3.343990       1.804760     -4.2663500E-02
   51.54900       3.038610       1.766750     -4.3684799E-02
   52.37890       3.347090       1.803220     -4.3685399E-02
   52.33830       3.038610       1.763240     -4.4686198E-02
   53.13820       3.350200       1.800690     -4.4690099E-02
   53.12760       3.038610       1.758520     -4.6052098E-02
   53.89690       3.353310       1.796990     -4.6057399E-02
   53.91680       3.038610       1.752360     -4.7993399E-02
   54.65490       3.356420       1.791890     -4.7993701E-02
   54.70600       3.038610       1.744520     -4.9778100E-02
   55.41210       3.359540       1.785180     -4.9780902E-02
   55.49530       3.038610       1.734780     -5.1817201E-02
   56.16870       3.362660       1.776660     -5.1821601E-02
   56.28440       3.038610       1.722920     -5.4305401E-02
   56.92450       3.365790       1.766160     -5.4306801E-02
   57.07360       3.038610       1.708760     -5.6836601E-02
   57.67970       3.368920       1.753500     -5.6837600E-02
   57.86270       3.038610       1.692140     -5.9466399E-02
   58.43400       3.372060       1.738570     -5.9465501E-02
   58.65170       3.038610       1.672950     -6.1894301E-02
   59.18770       3.375200       1.721280     -6.1896700E-02
   59.44070       3.038610       1.651130     -6.4606600E-02
   59.94050       3.378350       1.701600     -6.4607397E-02
   60.22960       3.038610       1.626700     -6.7414798E-02
   60.69270       3.381490       1.679540     -6.7412101E-02
   61.01840       3.038610       1.599740     -6.9836199E-02
   61.44400       3.384650       1.655200     -6.9836497E-02
   61.80720       3.038610       1.570430     -7.2408602E-02
   62.19460       3.387810       1.628750     -7.2405301E-02
   62.59580       3.038610       1.539030     -7.4672498E-02
   62.94450       3.390970       1.600450     -7.4666902E-02
   63.38440       3.038610       1.505940     -7.6441102E-02
   63.69350       3.394130       1.570650     -7.6435402E-02
   64.17290       3.038610       1.471680     -7.7815697E-02
   64.44190       3.397300       1.539840     -7.7807598E-02
   64.96140       3.038610       1.436910     -7.8564003E-02
   65.18950       3.400480       1.508610     -7.8555003E-02
   65.75000       3.038610       1.402460     -7.8824997E-02
   65.93650       3.403650       1.477700     -7.8806303E-02
   66.53860       3.038610       1.369340     -7.7315100E-02
   66.68290       3.406830       1.447990     -7.7318400E-02
   67.32720       3.038610       1.338740     -7.8076698E-02
   67.42860       3.410020       1.420540     -7.7964798E-02
   68.11610       3.038610       1.312070     -7.0843697E-02
   68.17380       3.413210       1.396590     -7.0712499E-02
   68.90470       3.038610       1.290990     -5.3571898E-02
   68.91810       3.416390       1.377570     -5.4010902E-02
 zone  i=          30  j=          61
   23.02680       3.232460       1.128220     -0.2932020    
   24.47370       3.446760       1.201580     -0.2988810    
   25.91800       3.678880       1.271640     -0.3347500    
   27.36200       3.914250       1.337570     -0.3799700    
   28.80580       4.151970       1.399240     -0.4360040    
   30.24930       4.391980       1.456510     -0.4949580    
   31.69270       4.634390       1.509240     -0.5573370    
   33.13580       4.879280       1.557320     -0.6198680    
   34.57840       5.127400       1.601330     -0.6687540    
   36.01980       5.383210       1.645760     -0.7109180    
   37.45940       5.648200       1.691390     -0.7508930    
   38.89700       5.923420       1.738370     -0.7878140    
   40.33240       6.210150       1.786880     -0.8246100    
   41.76500       6.509930       1.837100     -0.8624560    
   43.19430       6.824690       1.889300     -0.9023600    
   44.61970       7.156420       1.943370     -0.9492650    
   46.04130       7.504610       1.996480      -1.000790    
   47.45820       7.871170       2.047830      -1.055910    
   48.86950       8.259260       2.097120      -1.113010    
   50.27350       8.673060       2.143900      -1.167480    
   51.66810       9.117840       2.187730      -1.239370    
   53.05340       9.590940       2.231090      -1.322980    
   54.42820       10.09370       2.275190      -1.405380    
   55.78930       10.63230       2.320170      -1.465810    
   57.13390       11.21070       2.366370      -1.616730    
   58.47810       11.78980       2.415880      -1.814480    
   59.82700       12.35770       2.469090      -2.107920    
   61.18020       12.91500       2.525770      -2.393940    
   62.53720       13.46230       2.585740      -3.085600    
   63.89800       14.00000       2.648820      -3.780060    
   23.81100       3.235390       1.172480     -9.1254100E-02
   25.24850       3.452370       1.244410     -0.1160920    
   26.68290       3.687050       1.313840     -0.1325040    
   28.11660       3.924770       1.379500     -0.1537900    
   29.54810       4.164460       1.441130     -0.1787650    
   30.98060       4.406640       1.498710     -0.2051030    
   32.41110       4.650970       1.551920     -0.2328050    
   33.83980       4.897560       1.600660     -0.2602910    
   35.26650       5.147380       1.645670     -0.2814110    
   36.69010       5.404880       1.691100     -0.3006570    
   38.11030       5.671390       1.737530     -0.3194160    
   39.52740       5.948050       1.785110     -0.3374700    
   40.94150       6.236290       1.834020     -0.3559950    
   42.35020       6.537210       1.884390     -0.3752750    
   43.75420       6.852980       1.936550     -0.3958690    
   45.15320       7.185410       1.990170     -0.4208210    
   46.54740       7.534000       2.042400     -0.4471660    
   47.93610       7.900770       2.092580     -0.4756530    
   49.31590       8.288040       2.140400     -0.5054060    
   50.69020       8.701420       2.185580     -0.5346480    
   52.05450       9.145320       2.227630     -0.5768930    
   53.40960       9.616820       2.268990     -0.6216410    
   54.75250       10.11700       2.310610     -0.6644760    
   56.08500       10.65320       2.352880     -0.6951930    
   57.40210       11.22850       2.396030     -0.8020680    
   58.72050       11.80360       2.442360     -0.9072520    
   60.04340       12.36780       2.492270      -1.037290    
   61.37050       12.92160       2.545610      -1.167050    
   62.70150       13.46550       2.602240      -1.560820    
   64.03620       14.00000       2.662070      -1.833130    
   24.59440       3.238330       1.222600     -9.6960802E-04
   26.02230       3.458000       1.290660     -2.7782200E-02
   27.44640       3.695220       1.355880     -3.2211300E-02
   28.86960       3.935290       1.418200     -4.0065601E-02
   30.28860       4.176960       1.477300     -4.8829399E-02
   31.70960       4.421320       1.533200     -5.8292799E-02
   33.12700       4.667570       1.585450     -6.8064697E-02
   34.54130       4.915860       1.633830     -7.7973500E-02
   35.95190       5.167430       1.679170     -8.6092502E-02
   37.35750       5.426620       1.724860     -9.4090000E-02
   38.75830       5.694660       1.771280     -0.1023520    
   40.15500       5.972810       1.818620     -0.1108030    
   41.54760       6.262550       1.867040     -0.1201120    
   42.93240       6.564620       1.916650     -0.1300560    
   44.31130       6.881410       1.967800     -0.1406210    
   45.68400       7.214520       2.019980     -0.1534450    
   47.05110       7.563510       2.070420     -0.1672790    
   48.41140       7.930470       2.118620     -0.1828080    
   49.76040       8.316980       2.164240     -0.1996830    
   51.10520       8.729910       2.207110     -0.2169860    
   52.43950       9.172900       2.246780     -0.2400640    
   53.76470       9.642770       2.285930     -0.2644860    
   55.07630       10.14030       2.325380     -0.2887300    
   56.38040       10.67430       2.365640     -0.3009610    
   57.67040       11.24630       2.406900     -0.3433650    
   58.96310       11.81750       2.451550     -0.3791280    
   60.26010       12.37790       2.499890     -0.4168570    
   61.56140       12.92810       2.551780     -0.4286040    
   62.86650       13.46870       2.607080     -0.6355490    
   64.17520       14.00000       2.665660     -0.6948240    
   25.37690       3.241280       1.276850     -3.0206701E-02
   26.79470       3.463640       1.340170     -3.7208699E-02
   28.20810       3.703390       1.400200     -4.3265399E-02
   29.62010       3.945800       1.458380     -5.0275698E-02
   31.02650       4.189460       1.514340     -5.8639798E-02
   32.43570       4.436000       1.568090     -6.8112999E-02
   33.83970       4.684180       1.619020     -7.7132098E-02
   35.23930       4.934170       1.666840     -8.5607901E-02
   36.63350       5.187520       1.712320     -9.3889996E-02
   38.02100       5.448410       1.757980     -0.1018370    
   39.40220       5.717990       1.804120     -0.1094490    
   40.77860       5.997690       1.850940     -0.1170700    
   42.14940       6.288890       1.898570     -0.1251820    
   43.51040       6.592130       1.947120     -0.1337310    
   44.86420       6.909950       1.996980     -0.1426100    
   46.21070       7.243720       2.047410     -0.1525450    
   47.55080       7.593120       2.095800     -0.1635920    
   48.88290       7.960210       2.141770     -0.1756630    
   50.20180       8.346030       2.184990     -0.1887910    
   51.51730       8.758500       2.225330     -0.2031670    
   52.82200       9.200550       2.262460     -0.2203600    
   54.11760       9.668780       2.299340     -0.2395760    
   55.39830       10.16370       2.336660     -0.2611650    
   56.67440       10.69530       2.375020     -0.2781700    
   57.93770       11.26410       2.414600     -0.3038850    
   59.20480       11.83140       2.457840     -0.3331610    
   60.47620       12.38800       2.504930     -0.3662990    
   61.75180       12.93470       2.555710     -0.3900590    
   63.03120       13.47190       2.610020     -0.5101010    
   64.31420       14.00000       2.667710     -0.6599610    
   26.15860       3.244220       1.332150     -3.2781299E-02
   27.56570       3.469280       1.390330     -3.7771299E-02
   28.96800       3.711570       1.444860     -4.3058101E-02
   30.36840       3.956310       1.498680     -4.9331099E-02
   31.76190       4.201980       1.551320     -5.6600101E-02
   33.15890       4.450690       1.602770     -6.4713001E-02
   34.54920       4.700800       1.652260     -7.2650902E-02
   35.93370       4.952490       1.699420     -8.0502599E-02
   37.31130       5.207650       1.744850     -8.8033304E-02
   38.68060       5.470260       1.790280     -9.5063798E-02
   40.04200       5.741390       1.835920     -0.1020110    
   41.39820       6.022680       1.882010     -0.1092160    
   42.74700       6.315330       1.928660     -0.1168300    
   44.08420       6.619740       1.975980     -0.1247370    
   45.41290       6.938600       2.024390     -0.1330520    
   46.73350       7.273010       2.072900     -0.1422980    
   48.04670       7.622840       2.119150     -0.1524010    
   49.35050       7.989980       2.162800     -0.1630500    
   50.64000       8.375190       2.203570     -0.1741720    
   51.92640       8.787210       2.241340     -0.1863850    
   53.20190       9.228250       2.275950     -0.2006290    
   54.46820       9.694860       2.310620     -0.2162090    
   55.71860       10.18710       2.345930     -0.2342600    
   56.96700       10.71640       2.382530     -0.2512990    
   58.20390       11.28190       2.420610     -0.2717130    
   59.44570       11.84530       2.462620     -0.2947830    
   60.69170       12.39810       2.508650     -0.3214330    
   61.94190       12.94130       2.558520     -0.3435260    
   63.19580       13.47510       2.612020     -0.4357170    
   64.45320       14.00000       2.669000     -0.5710940    
   26.93960       3.247180       1.386530     -3.4391101E-02
   28.33560       3.474940       1.439480     -3.8821101E-02
   29.72620       3.719740       1.488570     -4.3572001E-02
   31.11460       3.966810       1.538090     -4.9239598E-02
   32.49500       4.214520       1.587460     -5.5294398E-02
   33.87930       4.465380       1.636620     -6.1551601E-02
   35.25560       4.717430       1.684660     -6.8557903E-02
   36.62470       4.970830       1.731130     -7.6137498E-02
   37.98540       5.227840       1.776340     -8.3024599E-02
   39.33630       5.492170       1.821340     -8.9264996E-02
   40.67790       5.764840       1.866310     -9.5593102E-02
   42.01380       6.047780       1.911540     -0.1022170    
   43.34030       6.341860       1.957070     -0.1091630    
   44.65380       6.647460       2.003050     -0.1162930    
   45.95750       6.967360       2.049910     -0.1237980    
   47.25220       7.302400       2.096430     -0.1324900    
   48.53880       7.652660       2.140500     -0.1421350    
   49.81430       8.019760       2.181830     -0.1524280    
   51.07500       8.404450       2.220200     -0.1628150    
   52.33270       8.816010       2.255460     -0.1736070    
   53.57930       9.256030       2.287660     -0.1858380    
   54.81660       9.721000       2.320260     -0.1989370    
   56.03730       10.21060       2.353720     -0.2134320    
   57.25820       10.73760       2.388730     -0.2286590    
   58.46910       11.29970       2.425500     -0.2463930    
   59.68570       11.85910       2.466440     -0.2649710    
   60.90660       12.40820       2.511550     -0.2860020    
   62.13150       12.94780       2.560630     -0.3066580    
   63.36010       13.47830       2.613450     -0.3827190    
   64.59220       14.00000       2.669820     -0.4942850    
   27.72010       3.250130       1.438690     -3.6391102E-02
   29.10440       3.480610       1.486500     -4.0621199E-02
   30.48300       3.727910       1.530450     -4.5225699E-02
   31.85870       3.977300       1.575910     -5.0768901E-02
   33.22590       4.227060       1.622210     -5.5927102E-02
   34.59700       4.480080       1.669180     -6.1036900E-02
   35.95890       4.734070       1.715820     -6.7529298E-02
   37.31240       4.989190       1.761580     -7.4467599E-02
   38.65590       5.248070       1.806420     -8.0723003E-02
   39.98830       5.514130       1.850840     -8.6560003E-02
   41.30980       5.788340       1.895010     -9.2480898E-02
   42.62540       6.072980       1.939250     -9.8517299E-02
   43.92960       6.368470       1.983570     -0.1047010    
   45.21920       6.675280       2.028150     -0.1108480    
   46.49810       6.996230       2.073420     -0.1172770    
   47.76710       7.331900       2.117930     -0.1247500    
   49.02710       7.682590       2.159850     -0.1332210    
   50.27420       8.049520       2.198920     -0.1427690    
   51.50670       8.433810       2.234970     -0.1527680    
   52.73600       8.844930       2.267830     -0.1630800    
   53.95410       9.283870       2.297800     -0.1743640    
   55.16280       9.747240       2.328510     -0.1863900    
   56.35420       10.23410       2.360310     -0.1984040    
   57.54800       10.75880       2.393890     -0.2112990    
   58.73310       11.31750       2.429530     -0.2271900    
   59.92490       11.87300       2.469550     -0.2434880    
   61.12080       12.41830       2.513870     -0.2610230    
   62.32070       12.95440       2.562250     -0.2820750    
   63.52430       13.48150       2.614460     -0.3449200    
   64.73120       14.00000       2.670290     -0.4316530    
   28.50010       3.253090       1.487750     -3.8787398E-02
   29.87230       3.486280       1.530690     -4.2841401E-02
   31.23820       3.736080       1.569930     -4.7301002E-02
   32.60090       3.987780       1.611680     -5.2072100E-02
   33.95450       4.239620       1.655160     -5.6285501E-02
   35.31200       4.494790       1.700110     -6.0973600E-02
   36.65920       4.750720       1.745430     -6.6925302E-02
   37.99670       5.007580       1.790490     -7.3040701E-02
   39.32290       5.268350       1.834830     -7.8772701E-02
   40.63650       5.536160       1.878540     -8.4399298E-02
   41.93780       5.811910       1.921790     -9.0112597E-02
   43.23300       6.098280       1.964980     -9.5968202E-02
   44.51460       6.395180       2.008030     -0.1019130    
   45.78060       6.703210       2.051180     -0.1078250    
   47.03460       7.025200       2.094830     -0.1141570    
   48.27790       7.361490       2.137350     -0.1210600    
   49.51150       7.712630       2.177200     -0.1282720    
   50.73030       8.079260       2.214080     -0.1359800    
   51.93540       8.463270       2.247950     -0.1445220    
   53.13650       8.873960       2.278550     -0.1541760    
   54.32630       9.311790       2.306500     -0.1649430    
   55.50680       9.773560       2.335530     -0.1766310    
   56.66950       10.25780       2.365860     -0.1869820    
   57.83640       10.78000       2.398200     -0.1975580    
   58.99620       11.33530       2.432870     -0.2117040    
   60.16330       11.88680       2.472100     -0.2265620    
   61.33430       12.42840       2.515730     -0.2419590    
   62.50950       12.96090       2.563500     -0.2651620    
   63.68820       13.48470       2.615160     -0.3173680    
   64.87020       14.00000       2.670480     -0.3796210    
   29.27960       3.256060       1.533170     -4.0834300E-02
   30.63910       3.491970       1.571580     -4.4870500E-02
   31.99200       3.744250       1.606630     -4.8834000E-02
   33.34100       3.998260       1.645080     -5.2485600E-02
   34.68080       4.252190       1.686060     -5.6442901E-02
   36.02430       4.509500       1.729200     -6.1362799E-02
   37.35650       4.767390       1.773300     -6.6844203E-02
   38.67780       5.026000       1.817650     -7.2283298E-02
   39.98620       5.288670       1.861370     -7.7532299E-02
   41.28090       5.558240       1.904280     -8.2676902E-02
   42.56190       5.835550       1.946550     -8.7775901E-02
   43.83660       6.123680       1.988610     -9.3057103E-02
   45.09560       6.421990       2.030370     -9.8443203E-02
   46.33780       6.731240       2.072080     -0.1041620    
   47.56710       7.054280       2.114120     -0.1107830    
   48.78490       7.391190       2.154710     -0.1181250    
   49.99220       7.742790       2.192550     -0.1255320    
   51.18270       8.108990       2.227390     -0.1325580    
   52.36080       8.492840       2.259210     -0.1396300    
   53.53410       8.903090       2.287710     -0.1475420    
   54.69610       9.339770       2.313880     -0.1567350    
   55.84870       9.799990       2.341430     -0.1680920    
   56.98300       10.28140       2.370480     -0.1781600    
   58.12340       10.80130       2.401750     -0.1872680    
   59.25810       11.35300       2.435610     -0.1996570    
   60.40070       11.90070       2.474170     -0.2131310    
   61.54730       12.43850       2.517190     -0.2267300    
   62.69790       12.96750       2.564420     -0.2519180    
   63.85190       13.48780       2.615580     -0.2984330    
   65.00920       14.00000       2.670440     -0.3468710    
   30.05860       3.259030       1.574600     -4.2957600E-02
   31.40500       3.497660       1.608920     -4.6705302E-02
   32.74440       3.752420       1.640340     -4.9871799E-02
   34.07920       4.008720       1.675930     -5.3009599E-02
   35.40490       4.264770       1.714750     -5.7091098E-02
   36.73410       4.524230       1.756290     -6.1818201E-02
   38.05080       4.784060       1.799290     -6.6779204E-02
   39.35550       5.044450       1.842940     -7.1821801E-02
   40.64610       5.309050       1.885950     -7.6853000E-02
   41.92160       5.580390       1.927980     -8.1762701E-02
   43.18220       5.859270       1.969230     -8.6601503E-02
   44.43610       6.149170       2.010130     -9.1463797E-02
   45.67250       6.448890       2.050590     -9.6221201E-02
   46.89090       6.759380       2.090870     -0.1011260    
   48.09550       7.083460       2.131330     -0.1068740    
   49.28800       7.420980       2.170030     -0.1137000    
   50.46910       7.773050       2.205990     -0.1214010    
   51.63150       8.138750       2.238900     -0.1292300    
   52.78320       8.522520       2.268840     -0.1364680    
   53.92890       8.932350       2.295400     -0.1435350    
   55.06330       9.367820       2.320020     -0.1510800    
   56.18840       9.826520       2.346300     -0.1608880    
   57.29480       10.30510       2.374250     -0.1704680    
   58.40900       10.82260       2.404630     -0.1788460    
   59.51900       11.37080       2.437820     -0.1898510    
   60.63740       11.91450       2.475820     -0.2022920    
   61.75960       12.44860       2.518310     -0.2146650    
   62.88580       12.97410       2.565040     -0.2398560    
   64.01540       13.49100       2.615740     -0.2847050    
   65.14830       14.00000       2.670170     -0.3301440    
   30.83720       3.262000       1.611900     -4.6266701E-02
   32.16980       3.503370       1.642590     -4.8619099E-02
   33.49520       3.760590       1.670970     -5.1089000E-02
   34.81550       4.019160       1.704160     -5.4074399E-02
   36.12680       4.277350       1.741150     -5.7902999E-02
   37.44110       4.538960       1.781310     -6.2064700E-02
   38.74200       4.800740       1.823320     -6.6488497E-02
   40.02990       5.062930       1.866290     -7.1110196E-02
   41.30230       5.329470       1.908520     -7.5684302E-02
   42.55860       5.602590       1.949620     -8.0236197E-02
   43.79870       5.883070       1.989820     -8.4921800E-02
   45.03160       6.174750       2.029550     -8.9712098E-02
   46.24520       6.475890       2.068710     -9.4568200E-02
   47.44000       6.787640       2.107600     -9.9532999E-02
   48.62000       7.112740       2.146490     -0.1048440    
   49.78710       7.450880       2.183410     -0.1105440    
   50.94230       7.803420       2.217580     -0.1170720    
   52.07690       8.168560       2.248710     -0.1245770    
   53.20240       8.552300       2.276910     -0.1322280    
   54.32080       8.961710       2.301730     -0.1398000    
   55.42800       9.395940       2.325030     -0.1472220    
   56.52590       9.853130       2.350220     -0.1556580    
   57.60500       10.32890       2.377250     -0.1642520    
   58.69320       10.84400       2.406870     -0.1719830    
   59.77890       11.38850       2.439540     -0.1817040    
   60.87310       11.92830       2.477060     -0.1932600    
   61.97120       12.45870       2.519100     -0.2050990    
   63.07330       12.98060       2.565390     -0.2284230    
   64.17870       13.49420       2.615670     -0.2750510    
   65.28730       14.00000       2.669680     -0.3274670    
   31.61530       3.264980       1.645030     -4.7854800E-02
   32.93370       3.509080       1.672600     -4.9681600E-02
   34.24460       3.768770       1.698520     -5.2082900E-02
   35.54970       4.029590       1.729750     -5.5008899E-02
   36.84640       4.289950       1.765240     -5.8457699E-02
   38.14550       4.553700       1.804240     -6.2282201E-02
   39.43030       4.817430       1.845390     -6.6427700E-02
   40.70090       5.081450       1.887680     -7.0771202E-02
   41.95490       5.349940       1.929080     -7.4965797E-02
   43.19170       5.624860       1.969240     -7.9020597E-02
   44.41130       5.906960       2.008360     -8.3095603E-02
   45.62300       6.200420       2.046930     -8.7297201E-02
   46.81380       6.502980       2.084810     -9.1847397E-02
   47.98490       6.816000       2.122350     -9.7073503E-02
   49.14040       7.142120       2.159720     -0.1029210    
   50.28230       7.480890       2.194940     -0.1088360    
   51.41160       7.833890       2.227440     -0.1146140    
   52.51890       8.198470       2.256930     -0.1206400    
   53.61850       8.582200       2.283540     -0.1274970    
   54.70990       8.991180       2.306780     -0.1354120    
   55.79020       9.424140       2.328980     -0.1434260    
   56.86110       9.879780       2.353270     -0.1512460    
   57.91340       10.35270       2.379540     -0.1591270    
   58.97610       10.86550       2.408540     -0.1665530    
   60.03760       11.40630       2.440790     -0.1751460    
   61.10800       11.94220       2.477930     -0.1856780    
   62.18220       12.46880       2.519570     -0.1974320    
   63.26040       12.98720       2.565470     -0.2168690    
   64.34180       13.49740       2.615350     -0.2683830    
   65.42630       14.00000       2.668970     -0.3381630    
   32.39280       3.267960       1.674100     -4.7311202E-02
   33.69660       3.514800       1.699050     -5.0157499E-02
   34.99250       3.776940       1.723060     -5.2809902E-02
   36.28200       4.040010       1.752760     -5.5526700E-02
   37.56370       4.302560       1.787070     -5.8648001E-02
   38.84710       4.568440       1.825120     -6.2133402E-02
   40.11550       4.834130       1.865510     -6.5962799E-02
   41.36860       5.100010       1.907140     -6.9966502E-02
   42.60400       5.370460       1.947690     -7.3957503E-02
   43.82120       5.647190       1.986880     -7.7855900E-02
   45.02010       5.930950       2.024950     -8.1801198E-02
   46.21040       6.226180       2.062360     -8.5801199E-02
   47.37830       6.530180       2.098990     -8.9818403E-02
   48.52570       6.844490       2.135220     -9.4244704E-02
   49.65680       7.171600       2.171110     -9.9696502E-02
   50.77360       7.511000       2.204720     -0.1061660    
   51.87710       7.864450       2.235670     -0.1125960    
   52.95770       8.228500       2.263660     -0.1182190    
   54.03150       8.612220       2.288840     -0.1238740    
   55.09610       9.020750       2.310670     -0.1309760    
   56.14990       9.452410       2.331970     -0.1393800    
   57.19400       9.906440       2.355520     -0.1468990    
   58.22020       10.37660       2.381170     -0.1539760    
   59.25760       10.88700       2.409680     -0.1617060    
   60.29540       11.42400       2.441610     -0.1699880    
   61.34210       11.95600       2.478430     -0.1793900    
   62.39260       12.47890       2.519740     -0.1912430    
   63.44700       12.99370       2.565280     -0.2048070    
   64.50460       13.50060       2.614790     -0.2624780    
   65.56530       14.00000       2.668050     -0.3552730    
   33.16980       3.270950       1.699250     -4.7909699E-02
   34.45840       3.520530       1.722090     -5.0859999E-02
   35.73880       3.785120       1.744720     -5.3453200E-02
   37.01230       4.050410       1.773290     -5.5941299E-02
   38.27870       4.315170       1.806700     -5.8881599E-02
   39.54610       4.583200       1.844010     -6.2090099E-02
   40.79760       4.850840       1.883750     -6.5559402E-02
   42.03290       5.118610       1.924710     -6.9125503E-02
   43.24950       5.391030       1.964420     -7.2624497E-02
   44.44680       5.669580       2.002650     -7.6144300E-02
   45.62510       5.955060       2.039670     -7.9963900E-02
   46.79360       6.252020       2.075950     -8.4104799E-02
   47.93870       6.557470       2.111380     -8.8339403E-02
   49.06240       6.873080       2.146340     -9.2547201E-02
   50.16910       7.201170       2.180780     -9.7205997E-02
   51.26100       7.541210       2.212900     -0.1028500    
   52.33890       7.895110       2.242410     -0.1093220    
   53.39320       8.258670       2.269030     -0.1157030    
   54.44130       8.642360       2.292900     -0.1215090    
   55.47960       9.050420       2.313510     -0.1273730    
   56.50710       9.480760       2.334090     -0.1350370    
   57.52460       9.933070       2.357030     -0.1425000    
   58.52520       10.40050       2.382190     -0.1489590    
   59.53760       10.90850       2.410310     -0.1568420    
   60.55200       11.44170       2.442020     -0.1654130    
   61.57530       11.96980       2.478580     -0.1741030    
   62.60240       12.48900       2.519590     -0.1862570    
   63.63320       13.00030       2.564820     -0.1927730    
   64.66730       13.50380       2.613990     -0.2571300    
   65.70430       14.00000       2.666900     -0.3763080    
   33.94630       3.273940       1.720720     -4.9164701E-02
   35.21910       3.526270       1.741940     -5.1299401E-02
   36.48360       3.793300       1.763670     -5.3603798E-02
   37.74060       4.060800       1.791480     -5.6023601E-02
   38.99130       4.327790       1.824260     -5.8742099E-02
   40.24240       4.597970       1.861000     -6.1719202E-02
   41.47670       4.867560       1.900200     -6.4925797E-02
   42.69380       5.137250       1.940510     -6.8253003E-02
   43.89140       5.411650       1.979370     -7.1568802E-02
   45.06870       5.692020       2.016660     -7.4879102E-02
   46.22630       5.979270       2.052660     -7.8236699E-02
   47.37280       6.277960       2.087830     -8.1792697E-02
   48.49500       6.584870       2.122090     -8.5901298E-02
   49.59500       6.901800       2.155840     -9.0613902E-02
   50.67750       7.230840       2.188880     -9.5632598E-02
   51.74440       7.571530       2.219590     -0.1005920    
   52.79680       7.925850       2.247770     -0.1060350    
   53.82530       8.288990       2.273150     -0.1123340    
   54.84810       8.672610       2.295850     -0.1188930    
   55.86020       9.080160       2.315400     -0.1247370    
   56.86180       9.509180       2.335410     -0.1312810    
   57.85290       9.959640       2.357880     -0.1383400    
   58.82860       10.42450       2.382660     -0.1445650    
   59.81640       10.93010       2.410480     -0.1520840    
   60.80760       11.45950       2.442030     -0.1608060    
   61.80760       11.98360       2.478390     -0.1694770    
   62.81150       12.49910       2.519150     -0.1823180    
   63.81900       13.00680       2.564090     -0.1808410    
   64.82970       13.50700       2.612950     -0.2513310    
   65.84340       14.00000       2.665530     -0.3970620    
   34.72210       3.276940       1.738770     -4.9403500E-02
   35.97870       3.532010       1.758840     -5.1396102E-02
   37.22680       3.801480       1.780100     -5.3670902E-02
   38.46690       4.071180       1.807480     -5.6025598E-02
   39.70160       4.340420       1.839880     -5.8495399E-02
   40.93590       4.612740       1.876200     -6.1178900E-02
   42.15270       4.884290       1.914950     -6.3939698E-02
   43.35140       5.155930       1.954620     -6.6863798E-02
   44.52960       5.432320       1.992660     -7.0084997E-02
   45.68670       5.714530       2.029040     -7.3464401E-02
   46.82350       6.003590       2.064050     -7.6865301E-02
   47.94790       6.303980       2.098140     -8.0188401E-02
   49.04710       6.612360       2.131270     -8.3699100E-02
   50.12350       6.930620       2.163840     -8.7992802E-02
   51.18180       7.260610       2.195540     -9.3332998E-02
   52.22400       7.601960       2.224940     -9.8763302E-02
   53.25090       7.956650       2.251890     -0.1037980    
   54.25420       8.319440       2.276150     -0.1091300    
   55.25180       8.702980       2.297790     -0.1155630    
   56.23810       9.109990       2.316440     -0.1221390    
   57.21390       9.537670       2.336020     -0.1284750    
   58.17890       9.986110       2.358130     -0.1350420    
   59.13030       10.44850       2.382610     -0.1407940    
   60.09380       10.95170       2.410220     -0.1476670    
   61.06210       11.47720       2.441670     -0.1562760    
   62.03910       11.99740       2.477870     -0.1651330    
   63.01990       12.50920       2.518410     -0.1791150    
   64.00440       13.01340       2.563090     -0.1693780    
   64.99190       13.51020       2.611660     -0.2445580    
   65.98230       14.00000       2.663930     -0.4145220    
   35.49730       3.279940       1.753710     -4.8902899E-02
   36.73720       3.537770       1.773050     -5.1252302E-02
   37.96840       3.809670       1.794230     -5.3554300E-02
   39.19120       4.081550       1.821480     -5.5705000E-02
   40.40950       4.353050       1.853700     -5.8075301E-02
   41.62660       4.627520       1.889770     -6.0568999E-02
   42.82560       4.901020       1.928140     -6.3063003E-02
   44.00550       5.174650       1.967190     -6.5787897E-02
   45.16420       5.453040       2.004430     -6.8699203E-02
   46.30090       5.737090       2.039930     -7.1680501E-02
   47.41680       6.028030       2.073980     -7.4941203E-02
   48.51880       6.330080       2.107020     -7.8550003E-02
   49.59510       6.639960       2.139050     -8.2238801E-02
   50.64780       6.959550       2.170490     -8.6025402E-02
   51.68210       7.290480       2.200900     -9.0591602E-02
   52.69960       7.632500       2.229080     -9.6148103E-02
   53.70120       7.987470       2.254900     -0.1017970    
   54.67980       8.350020       2.278140     -0.1067580    
   55.65230       8.733470       2.298830     -0.1123500    
   56.61310       9.139880       2.316750     -0.1192380    
   57.56360       9.566220       2.335990     -0.1258200    
   58.50270       10.01250       2.357830     -0.1321300    
   59.43030       10.47260       2.382100     -0.1375150    
   60.36980       10.97330       2.409560     -0.1437360    
   61.31550       11.49490       2.440950     -0.1520240    
   62.26970       12.01120       2.477020     -0.1609020    
   63.22770       12.51920       2.517380     -0.1760950    
   64.18930       13.01990       2.561820     -0.1587180    
   65.15390       13.51340       2.610130     -0.2372860    
   66.12140       14.00000       2.662110     -0.4285450    
   36.27190       3.282940       1.765860     -4.8793100E-02
   37.49450       3.543520       1.784870     -5.1142700E-02
   38.70840       3.817860       1.806300     -5.3252898E-02
   39.91350       4.091910       1.833670     -5.5197600E-02
   41.11500       4.365690       1.865900     -5.7379201E-02
   42.31450       4.642310       1.901820     -5.9532799E-02
   43.49530       4.917760       1.939900     -6.1914898E-02
   44.65620       5.193420       1.978350     -6.4686000E-02
   45.79510       5.473810       2.014820     -6.7595698E-02
   46.91130       5.759700       2.049460     -7.0373900E-02
   48.00620       6.052560       2.082580     -7.3153302E-02
   49.08560       6.356280       2.114610     -7.6398998E-02
   50.13890       6.667670       2.145590     -8.0256902E-02
   51.16810       6.988600       2.175920     -8.4456898E-02
   52.17840       7.320450       2.205100     -8.8707700E-02
   53.17130       7.663150       2.232130     -9.3518198E-02
   54.14770       8.018310       2.256910     -9.9211201E-02
   55.10200       8.380710       2.279220     -0.1046670    
   56.04980       8.764080       2.299070     -0.1098300    
   56.98550       9.169860       2.316390     -0.1163120    
   57.91070       9.594840       2.335390     -0.1228460    
   58.82440       10.03880       2.357040     -0.1289090    
   59.72860       10.49670       2.381170     -0.1344440    
   60.64450       10.99490       2.408530     -0.1403650    
   61.56780       11.51260       2.439900     -0.1480780    
   62.49950       12.02500       2.475870     -0.1569050    
   63.43490       12.52930       2.516060     -0.1729520    
   64.37380       13.02650       2.560300     -0.1490680    
   65.31570       13.51660       2.608360     -0.2294970    
   66.26040       14.00000       2.660080     -0.4363390    
   37.04580       3.285950       1.775540     -4.9036000E-02
   38.25070       3.549290       1.794580     -5.0812598E-02
   39.44670       3.826050       1.816530     -5.2704100E-02
   40.63380       4.102270       1.844240     -5.4642200E-02
   41.81810       4.378330       1.876630     -5.6598399E-02
   42.99970       4.657110       1.912520     -5.8585200E-02
   44.16200       4.934510       1.950350     -6.0849600E-02
   45.30350       5.212220       1.988230     -6.3368700E-02
   46.42240       5.494630       2.023970     -6.6090703E-02
   47.51790       5.782370       2.057790     -6.8896599E-02
   48.59160       6.077190       2.090000     -7.1818702E-02
   49.64840       6.382570       2.121050     -7.4798703E-02
   50.67860       6.695470       2.151000     -7.8052700E-02
   51.68430       7.017750       2.180250     -8.2327597E-02
   52.67060       7.350520       2.208260     -8.7164298E-02
   53.63900       7.693920       2.234220     -9.1712303E-02
   54.59040       8.049120       2.258040     -9.6627399E-02
   55.52090       8.411520       2.279510     -0.1023530    
   56.44420       8.794810       2.298600     -0.1079910    
   57.35500       9.199910       2.315450     -0.1137840    
   58.25540       9.623520       2.334300     -0.1196970    
   59.14400       10.06500       2.355810     -0.1254550    
   60.02530       10.52090       2.379850     -0.1312470    
   60.91790       11.01660       2.407160     -0.1373810    
   61.81910       11.53030       2.438530     -0.1444990    
   62.72830       12.03880       2.474430     -0.1533250    
   63.64140       12.53940       2.514480     -0.1701350    
   64.55780       13.03300       2.558520     -0.1422360    
   65.47720       13.51980       2.606360     -0.2232660    
   66.39940       14.00000       2.657820     -0.4381100    
   37.81900       3.288960       1.783100     -4.8704199E-02
   39.00580       3.555060       1.802470     -5.0191302E-02
   40.18340       3.834240       1.825170     -5.2014999E-02
   41.35210       4.112620       1.853390     -5.3773500E-02
   42.51880       4.390980       1.886070     -5.5511400E-02
   43.68210       4.671920       1.922020     -5.7583898E-02
   44.82550       4.951280       1.959660     -5.9873499E-02
   45.94740       5.231070       1.996970     -6.2309299E-02
   47.04610       5.515510       2.032020     -6.4699598E-02
   48.12060       5.805090       2.065040     -6.7144498E-02
   49.17290       6.101910       2.096380     -7.0104301E-02
   50.20690       6.408940       2.126470     -7.3380500E-02
   51.21420       6.723390       2.155420     -7.6590002E-02
   52.19630       7.047010       2.183620     -8.0309696E-02
   53.15880       7.380700       2.210500     -8.5067399E-02
   54.10290       7.724800       2.235460     -9.0052798E-02
   55.02950       8.079920       2.258400     -9.4609998E-02
   55.93640       8.442440       2.279110     -9.9880598E-02
   56.83550       8.825670       2.297520     -0.1060760    
   57.72170       9.230030       2.314020     -0.1117270    
   58.59760       9.652260       2.332770     -0.1170160    
   59.46160       10.09120       2.354210     -0.1222710    
   60.32030       10.54510       2.378190     -0.1278960    
   61.19000       11.03830       2.405480     -0.1345030    
   62.06920       11.54800       2.436870     -0.1413420    
   62.95640       12.05260       2.472710     -0.1500760    
   63.84720       12.54950       2.512630     -0.1668670    
   64.74150       13.03960       2.556500     -0.1371890    
   65.63850       13.52300       2.604130     -0.2202060    
   66.53840       14.00000       2.655360     -0.4414700    
   38.59150       3.291980       1.788850     -4.7697801E-02
   39.75960       3.560840       1.808820     -4.9513198E-02
   40.91850       3.842440       1.832450     -5.1318001E-02
   42.06840       4.122960       1.861320     -5.2857202E-02
   43.21700       4.403630       1.894390     -5.4552399E-02
   44.36160       4.686730       1.930450     -5.6510299E-02
   45.48580       4.968060       1.967940     -5.8633700E-02
   46.58780       5.249950       2.004720     -6.1035600E-02
   47.66610       5.536440       2.039100     -6.3507400E-02
   48.71950       5.827880       2.071350     -6.5903701E-02
   49.75020       6.126730       2.101840     -6.8417698E-02
   50.76140       6.435410       2.131000     -7.1534202E-02
   51.74560       6.751410       2.158970     -7.5277098E-02
   52.70430       7.076370       2.186120     -7.9031199E-02
   53.64300       7.410990       2.211940     -8.3081700E-02
   54.56290       7.755800       2.235960     -8.8057198E-02
   55.46490       8.110700       2.258080     -9.3038701E-02
   56.34860       8.473480       2.278100     -9.7764701E-02
   57.22370       8.856650       2.295910     -0.1037570    
   58.08570       9.260230       2.312150     -0.1096160    
   58.93730       9.681070       2.330860     -0.1148290    
   59.77730       10.11750       2.352260     -0.1196240    
   60.61360       10.56940       2.376230     -0.1246780    
   61.46080       11.05990       2.403520     -0.1315640    
   62.31830       11.56560       2.434940     -0.1384870    
   63.18350       12.06640       2.470730     -0.1472860    
   64.05240       12.55950       2.510540     -0.1622470    
   64.92460       13.04610       2.554250     -0.1297530    
   65.79960       13.52620       2.601690     -0.2165760    
   66.67740       14.00000       2.652700     -0.4461960    
   39.36340       3.295000       1.793110     -4.7047600E-02
   40.51230       3.566620       1.813890     -4.8754402E-02
   41.65190       3.850650       1.838590     -5.0335199E-02
   42.78270       4.133310       1.868210     -5.1855899E-02
   43.91280       4.416280       1.901750     -5.3676400E-02
   45.03840       4.701560       1.937980     -5.5601299E-02
   46.14310       4.984850       1.975330     -5.7612699E-02
   47.22480       5.268880       2.011610     -5.9748601E-02
   48.28240       5.557420       2.045340     -6.2082000E-02
   49.31470       5.850730       2.076840     -6.4616702E-02
   50.32350       6.151630       2.106500     -6.7247704E-02
   51.31180       6.461970       2.134750     -7.0066497E-02
   52.27290       6.779540       2.161760     -7.3587500E-02
   53.20810       7.105840       2.187880     -7.7725403E-02
   54.12310       7.441380       2.212680     -8.1794202E-02
   55.01890       7.786920       2.235820     -8.6255901E-02
   55.89690       8.141520       2.257190     -9.1460802E-02
   56.75760       8.504630       2.276580     -9.6293204E-02
   57.60880       8.887760       2.293840     -0.1017480    
   58.44690       9.290520       2.309920     -0.1073280    
   59.27450       9.709970       2.328630     -0.1125780    
   60.09100       10.14380       2.350020     -0.1172710    
   60.90530       10.59380       2.374000     -0.1218640    
   61.73020       11.08160       2.401310     -0.1285800    
   62.56630       11.58330       2.432770     -0.1358020    
   63.40980       12.08010       2.468520     -0.1451000    
   64.25700       12.56960       2.508230     -0.1568160    
   65.10740       13.05270       2.551780     -0.1211330    
   65.96050       13.52940       2.599030     -0.2125860    
   66.81630       14.00000       2.649840     -0.4496720    
   40.13460       3.298030       1.796160     -4.6622202E-02
   41.26380       3.572410       1.817930     -4.7946502E-02
   42.38360       3.858860       1.843790     -4.9397700E-02
   43.49500       4.143650       1.874230     -5.0949801E-02
   44.60620       4.428940       1.908290     -5.2657198E-02
   45.71230       4.716390       1.944720     -5.4529600E-02
   46.79710       5.001670       1.981960     -5.6620099E-02
   47.85840       5.287850       2.017750     -5.8781601E-02
   48.89510       5.578460       2.050860     -6.0873799E-02
   49.90600       5.873660       2.081630     -6.3141100E-02
   50.89280       6.176620       2.110470     -6.5996602E-02
   51.85800       6.488630       2.137810     -6.9084600E-02
   52.79600       6.807780       2.163870     -7.2192103E-02
   53.70790       7.135410       2.188970     -7.6106302E-02
   54.59930       7.471880       2.212810     -8.0631502E-02
   55.47110       7.818140       2.235130     -8.4899902E-02
   56.32530       8.172400       2.255790     -8.9649603E-02
   57.16320       8.535900       2.274600     -9.4851397E-02
   57.99090       8.918990       2.291370     -0.1000920    
   58.80540       9.320890       2.307370     -0.1050540    
   59.60930       9.738960       2.326130     -0.1100940    
   60.40270       10.17010       2.347530     -0.1150050    
   61.19530       10.61820       2.371530     -0.1194840    
   61.99840       11.10330       2.398870     -0.1256420    
   62.81320       11.60100       2.430370     -0.1330360    
   63.63520       12.09390       2.466080     -0.1430870    
   64.46090       12.57970       2.505700     -0.1507110    
   65.28970       13.05920       2.549110     -0.1138130    
   66.12120       13.53260       2.596190     -0.2109920    
   66.95530       14.00000       2.646810     -0.4528050    
   40.90510       3.301060       1.798280     -4.5775600E-02
   42.01410       3.578200       1.821170     -4.7028601E-02
   43.11370       3.867070       1.848250     -4.8515901E-02
   44.20520       4.154000       1.879560     -5.0138500E-02
   45.29720       4.441610       1.914160     -5.1802300E-02
   46.38350       4.731230       1.950810     -5.3589299E-02
   47.44800       5.018510       1.987950     -5.5493802E-02
   48.48850       5.306860       2.023250     -5.7600200E-02
   49.50410       5.599550       2.055750     -5.9854999E-02
   50.49350       5.896680       2.085810     -6.2142801E-02
   51.45800       6.201690       2.113830     -6.4698100E-02
   52.40020       6.515390       2.140270     -6.7877799E-02
   53.31500       6.836140       2.165390     -7.1320496E-02
   54.20350       7.165070       2.189490     -7.4897297E-02
   55.07140       7.502480       2.212410     -7.9222500E-02
   55.91930       7.849470       2.233950     -8.3770700E-02
   56.75030       8.203380       2.253970     -8.8093400E-02
   57.56550       8.567300       2.272240     -9.3248002E-02
   58.36990       8.950360       2.288570     -9.8678999E-02
   59.16110       9.351330       2.304570     -0.1032790    
   59.94150       9.768060       2.323390     -0.1077900    
   60.71260       10.19660       2.344820     -0.1126540    
   61.48370       10.64260       2.368860     -0.1172690    
   62.26520       11.12500       2.396230     -0.1229470    
   63.05900       11.61860       2.427770     -0.1302340    
   63.85970       12.10760       2.463450     -0.1411520    
   64.66420       12.58970       2.502970     -0.1439580    
   65.47160       13.06580       2.546250     -0.1070450    
   66.28170       13.53580       2.593170     -0.2106890    
   67.09430       14.00000       2.643600     -0.4547820    
   41.67490       3.304100       1.799710     -4.4915400E-02
   42.76320       3.584000       1.823810     -4.6193201E-02
   43.84210       3.875290       1.852130     -4.7649000E-02
   44.91350       4.164350       1.884320     -4.9200501E-02
   45.98570       4.454270       1.919480     -5.0910100E-02
   47.05180       4.746080       1.956360     -5.2776299E-02
   48.09580       5.035380       1.993380     -5.4618102E-02
   49.11530       5.325910       2.028220     -5.6510098E-02
   50.10950       5.620700       2.060120     -5.8718100E-02
   51.07720       5.919780       2.089460     -6.1257601E-02
   52.01910       6.226850       2.116670     -6.3858002E-02
   52.93820       6.542240       2.142220     -6.6794097E-02
   53.82990       6.864610       2.166380     -7.0442699E-02
   54.69510       7.194840       2.189500     -7.4209601E-02
   55.53950       7.533200       2.211550     -7.8050002E-02
   56.36370       7.880900       2.232360     -8.2668699E-02
   57.17180       8.234500       2.251780     -8.7134898E-02
   57.96460       8.598820       2.269560     -9.1987602E-02
   58.74590       8.981850       2.285490     -9.7276300E-02
   59.51410       9.381870       2.301540     -0.1018790    
   60.27130       9.797290       2.320460     -0.1059070    
   61.02050       10.22310       2.341930     -0.1102320    
   61.77050       10.66710       2.366010     -0.1151400    
   62.53080       11.14660       2.393430     -0.1206370    
   63.30380       11.63630       2.425000     -0.1276520    
   64.08340       12.12140       2.460640     -0.1393910    
   64.86670       12.59980       2.500070     -0.1368800    
   65.65300       13.07230       2.543220     -0.1000480    
   66.44190       13.53900       2.589980     -0.2105020    
   67.23330       14.00000       2.640240     -0.4565690    
   42.44400       3.307140       1.800650     -4.4033401E-02
   43.51110       3.589800       1.826030     -4.5418400E-02
   44.56880       3.883510       1.855580     -4.6904799E-02
   45.61980       4.174700       1.888660     -4.8443500E-02
   46.67180       4.466950       1.924360     -5.0075900E-02
   47.71730       4.760940       1.961460     -5.1813301E-02
   48.74040       5.052270       1.998360     -5.3730398E-02
   49.73850       5.345010       2.032730     -5.5800099E-02
   50.71120       5.641900       2.064030     -5.7874698E-02
   51.65710       5.942990       2.092660     -6.0259599E-02
   52.57630       6.252090       2.119050     -6.3229203E-02
   53.47220       6.569180       2.143710     -6.6300698E-02
   54.34070       6.893200       2.166920     -6.9587402E-02
   55.18270       7.224700       2.189070     -7.3481500E-02
   56.00370       7.564020       2.210290     -7.7350900E-02
   56.80420       7.912420       2.230410     -8.1643902E-02
   57.58990       8.265780       2.249270     -8.6357102E-02
   58.36040       8.630480       2.266600     -9.1001399E-02
   59.11890       9.013460       2.282190     -9.5613800E-02
   59.86430       9.412490       2.298340     -0.1002110    
   60.59860       9.826650       2.317370     -0.1041820    
   61.32650       10.24970       2.338880     -0.1080660    
   62.05560       10.69170       2.363010     -0.1130840    
   62.79500       11.16830       2.390470     -0.1185260    
   63.54740       11.65390       2.422070     -0.1253360    
   64.30620       12.13510       2.457670     -0.1375290    
   65.06870       12.60980       2.497010     -0.1299260    
   65.83410       13.07890       2.540030     -9.2781097E-02
   66.60190       13.54220       2.586630     -0.2095890    
   67.37230       14.00000       2.636730     -0.4583950    
   43.21240       3.310180       1.801300     -4.3288801E-02
   44.25780       3.595600       1.827980     -4.4679601E-02
   45.29380       3.891730       1.858740     -4.6140101E-02
   46.32410       4.185060       1.892660     -4.7705200E-02
   47.35550       4.479620       1.928890     -4.9378999E-02
   48.38000       4.775800       1.966200     -5.1085200E-02
   49.38180       5.069190       2.002950     -5.2876901E-02
   50.35840       5.364150       2.036850     -5.4988399E-02
   51.30930       5.663160       2.067550     -5.7328299E-02
   52.23310       5.966290       2.095460     -5.9729300E-02
   53.12940       6.277410       2.121030     -6.2602296E-02
   54.00200       6.596230       2.144780     -6.5899901E-02
   54.84740       6.921900       2.167030     -6.9095597E-02
   55.66620       7.254660       2.188240     -7.2709903E-02
   56.46380       7.594960       2.208670     -7.6830402E-02
   57.24090       7.944010       2.228150     -8.0863997E-02
   58.00460       8.297200       2.246480     -8.5453302E-02
   58.75290       8.662260       2.263410     -9.0197898E-02
   59.48890       9.045170       2.278710     -9.4328098E-02
   60.21180       9.443190       2.294990     -9.8515600E-02
   60.92340       9.856100       2.314150     -0.1026080    
   61.63050       10.27630       2.335710     -0.1063420    
   62.33910       10.71630       2.359880     -0.1110280    
   63.05800       11.18990       2.387390     -0.1165830    
   63.79000       11.67160       2.419010     -0.1234530    
   64.52820       12.14890       2.454570     -0.1352400    
   65.27000       12.61990       2.493810     -0.1243900    
   66.01460       13.08540       2.536710     -8.6841501E-02
   66.76170       13.54530       2.583160     -0.2076860    
   67.51120       14.00000       2.633080     -0.4594840    
   43.98000       3.313230       1.801790     -4.2844001E-02
   45.00340       3.601410       1.829760     -4.4110600E-02
   46.01720       3.899950       1.861690     -4.5487300E-02
   47.02630       4.195420       1.896420     -4.6963800E-02
   48.03670       4.492310       1.933140     -4.8640799E-02
   49.03990       4.790680       1.970630     -5.0471999E-02
   50.02010       5.086150       2.007210     -5.2359801E-02
   50.97480       5.383330       2.040640     -5.4368701E-02
   51.90370       5.684470       2.070720     -5.6786601E-02
   52.80530       5.989700       2.097890     -5.9553001E-02
   53.67840       6.302820       2.122630     -6.2264699E-02
   54.52780       6.623370       2.145470     -6.5359399E-02
   55.34990       6.950710       2.166760     -6.8848900E-02
   56.14560       7.284720       2.187050     -7.2282299E-02
   56.92000       7.626010       2.206730     -7.6332897E-02
   57.67390       7.975640       2.225610     -8.0489203E-02
   58.41570       8.328770       2.243450     -8.4846802E-02
   59.14220       8.694180       2.260010     -8.9480802E-02
   59.85590       9.076980       2.275080     -9.3505099E-02
   60.55660       9.473990       2.291520     -9.7154804E-02
   61.24580       9.885590       2.310810     -0.1010800    
   61.93270       10.30300       2.332420     -0.1047890    
   62.62100       10.74100       2.356640     -0.1090900    
   63.31960       11.21150       2.384190     -0.1147640    
   64.03140       11.68920       2.415830     -0.1218550    
   64.74930       12.16260       2.451340     -0.1321240    
   65.47070       12.63000       2.490490     -0.1198300    
   66.19480       13.09190       2.533260     -8.2893699E-02
   66.92130       13.54850       2.579550     -0.2056530    
   67.65020       14.00000       2.629320     -0.4602450    
   44.74710       3.316290       1.802240     -4.2294800E-02
   45.74770       3.607220       1.831480     -4.3475501E-02
   46.73890       3.908170       1.864500     -4.4855401E-02
   47.72660       4.205790       1.900010     -4.6459101E-02
   48.71550       4.504990       1.937180     -4.8122201E-02
   49.69690       4.805560       1.974790     -4.9849000E-02
   50.65530       5.103140       2.011180     -5.1912598E-02
   51.58780       5.402550       2.044110     -5.4213200E-02
   52.49450       5.705830       2.073560     -5.6516301E-02
   53.37360       6.013210       2.099990     -5.9238199E-02
   54.22350       6.328320       2.123880     -6.2218301E-02
   55.04950       6.650620       2.145800     -6.5167300E-02
   55.84840       6.979630       2.166120     -6.8633102E-02
   56.62100       7.314880       2.185540     -7.2244003E-02
   57.37210       7.657180       2.204510     -7.6044798E-02
   58.10310       8.007290       2.222820     -8.0309100E-02
   58.82350       8.360470       2.240210     -8.4529802E-02
   59.52820       8.726230       2.256430     -8.8638201E-02
   60.21990       9.108890       2.271340     -9.2678502E-02
   60.89860       9.504870       2.287950     -9.6052699E-02
   61.56580       9.915090       2.307380     -9.9571802E-02
   62.23290       10.32980       2.329040     -0.1033550    
   62.90120       10.76580       2.353310     -0.1074570    
   63.58000       11.23310       2.380910     -0.1129790    
   64.27180       11.70680       2.412560     -0.1204880    
   64.96950       12.17640       2.448010     -0.1280440    
   65.67060       12.64000       2.487070     -0.1130320    
   66.37450       13.09850       2.529700     -7.8535996E-02
   67.08070       13.55170       2.575840     -0.2043720    
   67.78920       14.00000       2.625440     -0.4607770    
   45.51340       3.319350       1.802710     -4.1685499E-02
   46.49090       3.613040       1.833190     -4.2930599E-02
   47.45900       3.916400       1.867240     -4.4353399E-02
   48.42490       4.216180       1.903440     -4.5991499E-02
   49.39190       4.517690       1.941010     -4.7738899E-02
   50.35120       4.820450       1.978730     -4.9608499E-02
   51.28730       5.120160       2.014870     -5.1654901E-02
   52.19740       5.421820       2.047290     -5.4049101E-02
   53.08170       5.727240       2.076090     -5.6581400E-02
   53.93800       6.036820       2.101760     -5.9149299E-02
   54.76450       6.353890       2.124790     -6.2198699E-02
   55.56710       6.677960       2.145780     -6.5400101E-02
   56.34280       7.008650       2.165130     -6.8626598E-02
   57.09230       7.345150       2.183710     -7.2301202E-02
   57.82030       7.688460       2.202010     -7.6002203E-02
   58.52870       8.038940       2.219790     -8.0127001E-02
   59.22780       8.392300       2.236770     -8.4364399E-02
   59.91110       8.758410       2.252690     -8.8072702E-02
   60.58100       9.140870       2.267500     -9.1819100E-02
   61.23790       9.535830       2.284290     -9.5136903E-02
   61.88340       9.944540       2.303870     -9.8406799E-02
   62.53130       10.35670       2.325580     -0.1021670    
   63.17990       10.79060       2.349910     -0.1061610    
   63.83900       11.25470       2.377550     -0.1113830    
   64.51110       11.72440       2.409210     -0.1194150    
   65.18880       12.19010       2.444600     -0.1233410    
   65.87000       12.65010       2.483550     -0.1048940    
   66.55380       13.10500       2.526050     -7.4140400E-02
   67.23980       13.55490       2.572030     -0.2038600    
   67.92810       14.00000       2.621460     -0.4619730    
   46.27900       3.322410       1.803240     -4.1092701E-02
   47.23290       3.618850       1.834900     -4.2575900E-02
   48.17730       3.924620       1.869910     -4.4097800E-02
   49.12110       4.226570       1.906760     -4.5694500E-02
   50.06580       4.530390       1.944670     -4.7483601E-02
   51.00260       4.835340       1.982440     -4.9567699E-02
   51.91610       5.137220       2.018300     -5.1760800E-02
   52.80360       5.441130       2.050180     -5.4024499E-02
   53.66520       5.748700       2.078320     -5.6697302E-02
   54.49860       6.060520       2.103200     -5.9566699E-02
   55.30150       6.379550       2.125360     -6.2454101E-02
   56.08070       6.705410       2.145410     -6.5702401E-02
   56.83310       7.037780       2.163790     -6.8949804E-02
   57.55960       7.375530       2.181570     -7.2476096E-02
   58.26460       7.719870       2.199250     -7.6301299E-02
   58.95080       8.070550       2.216540     -8.0302998E-02
   59.62870       8.424250       2.233150     -8.4334701E-02
   60.29070       8.790720       2.248790     -8.7956600E-02
   60.93910       9.172950       2.263570     -9.1222197E-02
   61.57460       9.566870       2.280550     -9.4421200E-02
   62.19890       9.973890       2.300280     -9.7547598E-02
   62.82770       10.38360       2.322060     -0.1010150    
   63.45690       10.81540       2.346440     -0.1050120    
   64.09680       11.27630       2.374130     -0.1101080    
   64.74930       11.74200       2.405780     -0.1185490    
   65.40730       12.20380       2.441110     -0.1181820    
   66.06870       12.66010       2.479950     -9.7796097E-02
   66.73260       13.11150       2.522310     -7.1225502E-02
   67.39870       13.55810       2.568130     -0.2035140    
   68.06710       14.00000       2.617390     -0.4641570    
   47.04390       3.325480       1.803840     -4.0844198E-02
   47.97370       3.624670       1.836620     -4.2359799E-02
   48.89410       3.932840       1.872510     -4.3923300E-02
   49.81540       4.236970       1.909930     -4.5681901E-02
   50.73740       4.543090       1.948140     -4.7588799E-02
   51.65130       4.850240       1.985910     -4.9593199E-02
   52.54180       5.154310       2.021450     -5.1931899E-02
   53.40630       5.460490       2.052770     -5.4468900E-02
   54.24510       5.770220       2.080210     -5.7073802E-02
   55.05520       6.084320       2.104290     -6.0036700E-02
   55.83450       6.405300       2.125570     -6.3027099E-02
   56.59020       6.732960       2.144680     -6.6111900E-02
   57.31940       7.067020       2.162090     -6.9494300E-02
   58.02280       7.406010       2.179130     -7.2922200E-02
   58.70490       7.751400       2.196220     -7.6752700E-02
   59.36950       8.102150       2.213070     -8.0662400E-02
   60.02630       8.456320       2.229340     -8.4225401E-02
   60.66710       8.823170       2.244760     -8.7881699E-02
   61.29430       9.205100       2.259560     -9.0838701E-02
   61.90860       9.597990       2.276740     -9.3708299E-02
   62.51240       10.00310       2.296620     -9.6767701E-02
   63.12230       10.41060       2.318470     -9.9983796E-02
   63.73240       10.84040       2.342910     -0.1040430    
   64.35320       11.29790       2.370650     -0.1091990    
   64.98640       11.75960       2.402300     -0.1176990    
   65.62490       12.21750       2.437560     -0.1125740    
   66.26670       12.67020       2.476290     -9.1116600E-02
   66.91100       13.11810       2.518500     -6.8986997E-02
   67.55750       13.56130       2.564160     -0.2033430    
   68.20600       14.00000       2.613240     -0.4670000    
   47.80810       3.328550       1.804480     -4.0881898E-02
   48.71330       3.630490       1.838320     -4.2431299E-02
   49.60910       3.941060       1.875020     -4.4023100E-02
   50.50760       4.247370       1.912950     -4.5788299E-02
   51.40650       4.555810       1.951390     -4.7802299E-02
   52.29710       4.865150       1.989120     -4.9982399E-02
   53.16430       5.171430       2.024280     -5.2327901E-02
   54.00570       5.479890       2.055010     -5.5036400E-02
   54.82140       5.791780       2.081740     -5.7815000E-02
   55.60790       6.108200       2.105010     -6.0629901E-02
   56.36350       6.431140       2.125390     -6.3727498E-02
   57.09560       6.760620       2.143560     -6.6789798E-02
   57.80160       7.096360       2.160030     -7.0154101E-02
   58.48210       7.436600       2.176370     -7.3606297E-02
   59.14120       7.783040       2.192930     -7.7283598E-02
   59.78480       8.133770       2.209370     -8.1087798E-02
   60.42040       8.488510       2.225360     -8.4317401E-02
   61.04030       8.855760       2.240570     -8.7656498E-02
   61.64650       9.237350       2.255460     -9.0465799E-02
   62.23990       9.629180       2.272860     -9.3109503E-02
   62.82380       10.03220       2.292890     -9.6145898E-02
   63.41510       10.43760       2.314820     -9.9237397E-02
   64.00620       10.86540       2.339330     -0.1032390    
   64.60830       11.31940       2.367120     -0.1085280    
   65.22240       11.77720       2.398770     -0.1163150    
   65.84170       12.23120       2.433950     -0.1072370    
   66.46410       12.68020       2.472570     -8.5334502E-02
   67.08900       13.12460       2.514630     -6.6906497E-02
   67.71590       13.56450       2.560110     -0.2035170    
   68.34500       14.00000       2.609010     -0.4701180    
   48.57160       3.331630       1.805070     -4.1046400E-02
   49.45170       3.636310       1.839920     -4.2610601E-02
   50.32260       3.949280       1.877360     -4.4267599E-02
   51.19780       4.257790       1.915750     -4.6140902E-02
   52.07310       4.568530       1.954370     -4.8210800E-02
   52.94010       4.880070       1.992010     -5.0578900E-02
   53.78380       5.188590       2.026760     -5.3115800E-02
   54.60160       5.499330       2.056880     -5.5764999E-02
   55.39420       5.813390       2.082880     -5.8667898E-02
   56.15670       6.132160       2.105320     -6.1583102E-02
   56.88860       6.457060       2.124800     -6.4627104E-02
   57.59700       6.788390       2.142020     -6.7771196E-02
   58.27970       7.125800       2.157590     -7.0945501E-02
   58.93730       7.467300       2.173290     -7.4401401E-02
   59.57360       7.814800       2.189360     -7.8036703E-02
   60.19660       8.165460       2.205450     -8.1512101E-02
   60.81120       8.520820       2.221180     -8.4669501E-02
   61.41030       8.888490       2.236240     -8.7621100E-02
   61.99580       9.269690       2.251270     -9.0315700E-02
   62.56860       9.660440       2.268900     -9.2860602E-02
   63.13320       10.06130       2.289080     -9.5726103E-02
   63.70590       10.46470       2.311120     -9.8693296E-02
   64.27850       10.89050       2.335700     -0.1025240    
   64.86210       11.34100       2.363550     -0.1080520    
   65.45730       11.79480       2.395190     -0.1142670    
   66.05750       12.24490       2.430300     -0.1029510    
   66.66090       12.69030       2.468790     -8.1423298E-02
   67.26650       13.13120       2.510690     -6.4815797E-02
   67.87420       13.56770       2.556000     -0.2038100    
   68.48390       14.00000       2.604710     -0.4731860    
   49.33450       3.334710       1.805540     -4.1191202E-02
   50.18890       3.642140       1.841340     -4.2921200E-02
   51.03440       3.957490       1.879470     -4.4700399E-02
   51.88600       4.268210       1.918270     -4.6788201E-02
   52.73740       4.581250       1.957020     -4.9011000E-02
   53.58030       4.894990       1.994530     -5.1342499E-02
   54.40000       5.205780       2.028830     -5.4047201E-02
   55.19420       5.518830       2.058310     -5.6862500E-02
   55.96330       5.835060       2.083560     -5.9698999E-02
   56.70160       6.156200       2.105170     -6.2706500E-02
   57.40960       6.483080       2.123750     -6.5619998E-02
   58.09440       6.816260       2.140030     -6.8760298E-02
   58.75390       7.155340       2.154740     -7.1888797E-02
   59.38850       7.498110       2.169860     -7.5259998E-02
   60.00210       7.846670       2.185500     -7.8861997E-02
   60.60490       8.197240       2.201280     -8.1960797E-02
   61.19860       8.553270       2.216810     -8.5103303E-02
   61.77710       8.921360       2.231760     -8.7850697E-02
   62.34220       9.302120       2.246990     -9.0340696E-02
   62.89460       9.691790       2.264860     -9.2797801E-02
   63.44060       10.09030       2.285200     -9.5445603E-02
   63.99490       10.49190       2.307350     -9.8319903E-02
   64.54920       10.91560       2.332010     -0.1020420    
   65.11470       11.36250       2.359930     -0.1078080    
   65.69110       11.81240       2.391560     -0.1113860    
   66.27250       12.25860       2.426600     -9.7657301E-02
   66.85700       12.70030       2.464960     -7.7638298E-02
   67.44360       13.13770       2.506710     -6.2569402E-02
   68.03230       13.57090       2.551830     -0.2039550    
   68.62290       14.00000       2.600350     -0.4768350    
   50.09660       3.337800       1.805740     -4.1590702E-02
   50.92500       3.647960       1.842470     -4.3627702E-02
   51.74450       3.965700       1.881250     -4.5576401E-02
   52.57210       4.278640       1.920410     -4.7607999E-02
   53.39920       4.593980       1.959260     -4.9930301E-02
   54.21780       4.909920       1.996600     -5.2495301E-02
   55.01320       5.223010       2.030420     -5.5187799E-02
   55.78330       5.538360       2.059240     -5.8059201E-02
   56.52880       5.856800       2.083740     -6.0878702E-02
   57.24260       6.180320       2.104500     -6.3808203E-02
   57.92660       6.509180       2.122190     -6.6763699E-02
   58.58770       6.844250       2.137550     -6.9830000E-02
   59.22390       7.184970       2.151460     -7.3059097E-02
   59.83570       7.529030       2.166060     -7.6422498E-02
   60.42670       7.878640       2.181330     -7.9805300E-02
   61.00970       8.229150       2.196850     -8.2738303E-02
   61.58270       8.585860       2.212220     -8.5602902E-02
   62.14080       8.954370       2.227100     -8.8157900E-02
   62.68570       9.334650       2.242590     -9.0489201E-02
   63.21790       9.723250       2.260730     -9.2889100E-02
   63.74610       10.11930       2.281230     -9.5423996E-02
   64.28210       10.51910       2.303520     -9.8247699E-02
   64.81830       10.94080       2.328270     -0.1019700    
   65.36590       11.38410       2.356260     -0.1078230    
   65.92380       11.83000       2.387890     -0.1076720    
   66.48670       12.27240       2.422850     -9.0701498E-02
   67.05240       12.71030       2.461090     -7.3780701E-02
   67.62030       13.14420       2.502670     -6.0856301E-02
   68.19010       13.57410       2.547600     -0.2040080    
   68.76180       14.00000       2.595920     -0.4806090    
   50.85810       3.340890       1.805540     -4.2622302E-02
   51.65980       3.653790       1.843180     -4.4532400E-02
   52.45300       3.973900       1.882570     -4.6507999E-02
   53.25630       4.289070       1.922070     -4.8693299E-02
   54.05860       4.606720       1.960990     -5.1090799E-02
   54.85240       4.924850       1.998130     -5.3755600E-02
   55.62320       5.240270       2.031440     -5.6490701E-02
   56.36900       5.557950       2.059600     -5.9287298E-02
   57.09060       5.878600       2.083340     -6.2203299E-02
   57.77980       6.204520       2.103270     -6.5071397E-02
   58.43970       6.535380       2.120090     -6.8103202E-02
   59.07700       6.872340       2.134530     -7.1167603E-02
   59.69000       7.214710       2.147720     -7.4394599E-02
   60.27900       7.560060       2.161860     -7.7729300E-02
   60.84750       7.910710       2.176830     -8.0770403E-02
   61.41100       8.261230       2.192140     -8.3705701E-02
   61.96340       8.618580       2.207410     -8.6277403E-02
   62.50140       8.987530       2.222270     -8.8659801E-02
   63.02620       9.367260       2.238060     -9.0900697E-02
   63.53860       9.754830       2.256490     -9.3204603E-02
   64.04940       10.14840       2.277170     -9.5667198E-02
   64.56740       10.54650       2.299610     -9.8435700E-02
   65.08590       10.96600       2.324470     -0.1022430    
   65.61580       11.40560       2.352540     -0.1079920    
   66.15540       11.84750       2.384160     -0.1035430    
   66.69990       12.28600       2.419040     -8.4404498E-02
   67.24720       12.72040       2.457160     -7.1450099E-02
   67.79650       13.15080       2.498570     -6.0027901E-02
   68.34770       13.57730       2.543310     -0.2046280    
   68.90080       14.00000       2.591420     -0.4844180    
   51.61880       3.343990       1.804760     -4.3668501E-02
   52.39350       3.659610       1.843300     -4.5561500E-02
   53.15990       3.982100       1.883310     -4.7579601E-02
   53.93840       4.299510       1.923130     -4.9975000E-02
   54.71560       4.619460       1.962100     -5.2491002E-02
   55.48410       4.939800       1.999030     -5.5039000E-02
   56.23010       5.257570       2.031810     -5.7856701E-02
   56.95140       5.577580       2.059300     -6.0739402E-02
   57.64880       5.900490       2.082300     -6.3715003E-02
   58.31310       6.228800       2.101400     -6.6706598E-02
   58.94880       6.561670       2.117370     -6.9710001E-02
   59.56220       6.900550       2.130940     -7.2774999E-02
   60.15200       7.244540       2.143490     -7.5931802E-02
   60.71820       7.591200       2.157250     -7.9109699E-02
   61.26450       7.942850       2.171980     -8.1896797E-02
   61.80870       8.293470       2.187140     -8.4668800E-02
   62.34080       8.651450       2.202350     -8.7042101E-02
   62.85880       9.020810       2.217250     -8.9260697E-02
   63.36390       9.399980       2.233400     -9.1399796E-02
   63.85640       9.786540       2.252140     -9.3627401E-02
   64.35060       10.17760       2.273010     -9.6012898E-02
   64.85090       10.57390       2.295610     -9.8731197E-02
   65.35200       10.99130       2.320590     -0.1026680    
   65.86430       11.42710       2.348760     -0.1077190    
   66.38590       11.86510       2.380380     -9.9058598E-02
   66.91230       12.29970       2.415190     -7.9116799E-02
   67.44130       12.73040       2.453170     -6.9852099E-02
   67.97230       13.15730       2.494420     -5.9536301E-02
   68.50510       13.58050       2.538960     -0.2059380    
   69.03970       14.00000       2.586850     -0.4887980    
   52.37890       3.347090       1.803220     -4.4520400E-02
   53.12600       3.665430       1.842670     -4.6757001E-02
   53.86520       3.990290       1.883310     -4.8974901E-02
   54.61850       4.309960       1.923460     -5.1298998E-02
   55.37010       4.632210       1.962480     -5.3854201E-02
   56.11310       4.954750       1.999180     -5.6642100E-02
   56.83380       5.274900       2.031430     -5.9543800E-02
   57.53030       5.597260       2.058270     -6.2532298E-02
   58.20340       5.922450       2.080530     -6.5451503E-02
   58.84240       6.253160       2.098850     -6.8454899E-02
   59.45390       6.588060       2.114000     -7.1417801E-02
   60.04350       6.928860       2.126740     -7.4485302E-02
   60.61000       7.274470       2.138740     -7.7608801E-02
   61.15340       7.622460       2.152190     -8.0496401E-02
   61.67790       7.975040       2.166750     -8.3195902E-02
   62.20290       8.325860       2.181820     -8.5685797E-02
   62.71480       8.684450       2.197030     -8.7872900E-02
   63.21310       9.054200       2.212030     -8.9966297E-02
   63.69870       9.432800       2.228570     -9.2006102E-02
   64.17150       9.818420       2.247660     -9.4202302E-02
   64.64970       10.20690       2.268720     -9.6520603E-02
   65.13250       10.60130       2.291500     -9.9260204E-02
   65.61650       11.01650       2.316630     -0.1032810    
   66.11160       11.44860       2.344900     -0.1067060    
   66.61540       11.88260       2.376530     -9.5288798E-02
   67.12380       12.31340       2.411270     -7.5636096E-02
   67.63480       12.74040       2.449130     -6.8766698E-02
   68.14770       13.16380       2.490200     -5.9641398E-02
   68.66230       13.58360       2.534540     -0.2078640    
   69.17870       14.00000       2.582220     -0.4939960    
   53.13820       3.350200       1.800690     -4.5756400E-02
   53.85730       3.671260       1.841110     -4.8123900E-02
   54.56890       3.998480       1.882420     -5.0449699E-02
   55.29660       4.320410       1.922910     -5.2933000E-02
   56.02220       4.644970       1.962000     -5.5581700E-02
   56.73930       4.969720       1.998480     -5.8484800E-02
   57.43440       5.292260       2.030210     -6.1428200E-02
   58.10580       5.616990       2.056420     -6.4424299E-02
   58.75420       5.944510       2.077970     -6.7395203E-02
   59.36800       6.277600       2.095530     -7.0327103E-02
   59.95510       6.614540       2.109920     -7.3249497E-02
   60.52070       6.957290       2.121880     -7.6292597E-02
   61.06400       7.304500       2.133440     -7.9285704E-02
   61.58470       7.653830       2.146650     -8.1890203E-02
   62.08770       8.007250       2.161110     -8.4482796E-02
   62.59350       8.358400       2.176150     -8.6764596E-02
   63.08560       8.717590       2.191430     -8.8835798E-02
   63.56430       9.087700       2.206610     -9.0848103E-02
   64.03060       9.465720       2.223570     -9.2822902E-02
   64.48390       9.850410       2.243030     -9.4979703E-02
   64.94660       10.23630       2.264290     -9.7278900E-02
   65.41240       10.62890       2.287280     -0.1001220    
   65.87950       11.04180       2.312570     -0.1041630    
   66.35750       11.47010       2.340950     -0.1049230    
   66.84370       11.90020       2.372600     -9.1608897E-02
   67.33450       12.32710       2.407270     -7.3288999E-02
   67.82760       12.75040       2.445010     -6.7877203E-02
   68.32260       13.17030       2.485910     -5.9964299E-02
   68.81930       13.58680       2.530050     -0.2102280    
   69.31760       14.00000       2.577510     -0.4997660    
   53.89690       3.353310       1.796990     -4.7435500E-02
   54.58740       3.677080       1.838440     -4.9807601E-02
   55.27090       4.006660       1.880470     -5.2151799E-02
   55.97260       4.330860       1.921350     -5.4839499E-02
   56.67190       4.657730       1.960530     -5.7675101E-02
   57.36270       4.984700       1.996810     -6.0504600E-02
   58.03190       5.309670       2.028040     -6.3472100E-02
   58.67800       5.636770       2.053650     -6.6421501E-02
   59.30140       5.966650       2.074550     -6.9432802E-02
   59.88960       6.302110       2.091410     -7.2370701E-02
   60.45230       6.641110       2.105080     -7.5312696E-02
   60.99390       6.985820       2.116330     -7.8334503E-02
   61.51400       7.334630       2.127550     -8.1064902E-02
   62.01200       7.685330       2.140620     -8.3523400E-02
   62.49420       8.039440       2.155060     -8.5850202E-02
   62.98070       8.391060       2.170140     -8.7904200E-02
   63.45300       8.750880       2.185520     -8.9909397E-02
   63.91240       9.121300       2.200960     -9.1804400E-02
   64.35960       9.498730       2.218370     -9.3714103E-02
   64.79370       9.882480       2.238220     -9.5758498E-02
   65.24140       10.26570       2.259710     -9.8094098E-02
   65.69040       10.65650       2.282920     -0.1011000    
   66.14100       11.06710       2.308390     -0.1051160    
   66.60220       11.49160       2.336910     -0.1021400    
   67.07090       11.91770       2.368580     -8.6072199E-02
   67.54430       12.34080       2.403190     -7.0379198E-02
   68.01980       12.76050       2.440810     -6.7223400E-02
   68.49710       13.17690       2.481540     -6.0219001E-02
   68.97600       13.59000       2.525490     -0.2129320    
   69.45650       14.00000       2.572730     -0.5064180    
   54.65490       3.356420       1.791890     -4.9158901E-02
   55.31630       3.682900       1.834470     -5.1670201E-02
   55.97140       4.014830       1.877290     -5.4176200E-02
   56.64660       4.341320       1.918630     -5.6905799E-02
   57.31920       4.670500       1.957950     -5.9795100E-02
   57.98320       4.999700       1.994070     -6.2773898E-02
   58.62620       5.327100       2.024840     -6.5797098E-02
   59.24670       5.656590       2.049910     -6.8764299E-02
   59.84470       5.988900       2.070200     -7.1738698E-02
   60.40740       6.326710       2.086410     -7.4629299E-02
   60.94550       6.667780       2.099430     -7.7534899E-02
   61.46320       7.014450       2.110050     -8.0398098E-02
   61.95990       7.364880       2.121060     -8.2854003E-02
   62.43530       7.716950       2.134070     -8.5229799E-02
   62.89740       8.071620       2.148550     -8.7320603E-02
   63.36440       8.423860       2.163740     -8.9224301E-02
   63.81720       8.784310       2.179300     -9.1165498E-02
   64.25750       9.154990       2.195060     -9.2917800E-02
   64.68570       9.531840       2.212950     -9.4760202E-02
   65.10100       9.914540       2.233230     -9.6679397E-02
   65.53420       10.29530       2.254960     -9.9056996E-02
   65.96660       10.68410       2.278410     -0.1021550    
   66.40090       11.09240       2.304090     -0.1057040    
   66.84550       11.51300       2.332740     -9.8642498E-02
   67.29710       11.93520       2.364450     -8.0748998E-02
   67.75320       12.35450       2.399010     -6.8751797E-02
   68.21130       12.77050       2.436510     -6.7536697E-02
   68.67120       13.18340       2.477090     -6.0688399E-02
   69.13250       13.59320       2.520840     -0.2158940    
   69.59550       14.00000       2.567860     -0.5136950    
   55.41210       3.359540       1.785180     -5.1094901E-02
   56.04400       3.688730       1.829010     -5.3829100E-02
   56.67030       4.022990       1.872730     -5.6534600E-02
   57.31860       4.351780       1.914600     -5.9362601E-02
   57.96400       4.683280       1.954130     -6.2212002E-02
   58.60100       5.014710       1.990140     -6.5213300E-02
   59.21740       5.344570       2.020520     -6.8178602E-02
   59.81210       5.676460       2.045100     -7.1146198E-02
   60.38440       6.011230       2.064850     -7.4061200E-02
   60.92140       6.351380       2.080500     -7.6898202E-02
   61.43480       6.694550       2.092950     -7.9764098E-02
   61.92840       7.043180       2.103040     -8.2366697E-02
   62.40190       7.395220       2.113930     -8.4669299E-02
   62.85460       7.748690       2.126990     -8.6871304E-02
   63.29730       8.103770       2.141600     -8.8742703E-02
   63.74470       8.456770       2.156960     -9.0594999E-02
   64.17800       8.817880       2.172750     -9.2456497E-02
   64.59940       9.188780       2.188910     -9.4162203E-02
   65.00900       9.565050       2.207310     -9.5962398E-02
   65.40620       9.946560       2.228010     -9.7859599E-02
   65.82480       10.32490       2.250020     -0.1003360    
   66.24100       10.71190       2.273730     -0.1034200    
   66.65940       11.11770       2.299640     -0.1055170    
   67.08750       11.53450       2.328440     -9.5141001E-02
   67.52210       11.95270       2.360190     -7.7121697E-02
   67.96120       12.36820       2.394710     -6.8053000E-02
   68.40220       12.78050       2.432110     -6.8112299E-02
   68.84480       13.18990       2.472530     -6.1437201E-02
   69.28890       13.59640       2.516090     -0.2190500    
   69.73440       14.00000       2.562910     -0.5210960    
   56.16870       3.362660       1.776660     -5.3412799E-02
   56.77050       3.694550       1.821880     -5.6271799E-02
   57.36760       4.031140       1.866630     -5.9014399E-02
   57.98860       4.362250       1.909140     -6.1850902E-02
   58.60630       4.696060       1.948950     -6.4733997E-02
   59.21590       5.029750       1.984920     -6.7638502E-02
   59.80550       5.362080       2.014990     -7.0535399E-02
   60.37400       5.696380       2.039170     -7.3447101E-02
   60.92020       6.033650       2.058470     -7.6305501E-02
   61.43150       6.376130       2.073630     -7.9104103E-02
   61.92010       6.721410       2.085590     -8.1817001E-02
   62.38970       7.072020       2.095260     -8.4175497E-02
   62.83990       7.425680       2.106170     -8.6400397E-02
   63.27000       7.780550       2.119370     -8.8415504E-02
   63.69400       8.135950       2.134170     -9.0144299E-02
   64.12160       8.489820       2.149770     -9.1973498E-02
   64.53570       8.851610       2.165860     -9.3758300E-02
   64.93830       9.222660       2.182480     -9.5494397E-02
   65.32940       9.598340       2.201410     -9.7205497E-02
   65.70940       9.978450       2.222560     -9.9111900E-02
   66.11350       10.35460       2.244870     -0.1017160    
   66.51370       10.73970       2.268870     -0.1048130    
   66.91620       11.14290       2.295020     -0.1045010    
   67.32810       11.55590       2.323990     -9.2127703E-02
   67.74610       11.97030       2.355800     -7.5092800E-02
   68.16830       12.38180       2.390290     -6.7724600E-02
   68.59240       12.79050       2.427600     -6.9161102E-02
   69.01800       13.19650       2.467870     -6.2605098E-02
   69.44500       13.59960       2.511250     -0.2224870    
   69.87330       14.00000       2.557850     -0.5289370    
   56.92450       3.365790       1.766160     -5.5916902E-02
   57.49580       3.700370       1.812930     -5.8675501E-02
   58.06330       4.039280       1.858840     -6.1395500E-02
   58.65650       4.372720       1.902110     -6.4222500E-02
   59.24630       4.708850       1.942320     -6.7132503E-02
   59.82800       5.044800       1.978340     -7.0006996E-02
   60.39050       5.379630       2.008190     -7.2907500E-02
   60.93270       5.716340       2.032070     -7.5752802E-02
   61.45230       6.056160       2.051010     -7.8591600E-02
   61.93770       6.400950       2.065780     -8.1360400E-02
   62.40150       6.748380       2.077350     -8.3818898E-02
   62.84690       7.100960       2.086730     -8.6003900E-02
   63.27390       7.456240       2.097760     -8.8034600E-02
   63.68150       7.812530       2.111190     -8.9822300E-02
   64.08730       8.168190       2.126260     -9.1520302E-02
   64.49510       8.523000       2.142180     -9.3287997E-02
   64.89000       8.885480       2.158610     -9.5074497E-02
   65.27410       9.256650       2.175760     -9.6865699E-02
   65.64710       9.631710       2.195250     -9.8527297E-02
   66.01080       10.01020       2.216850     -0.1004800    
   66.40000       10.38440       2.239500     -0.1031250    
   66.78450       10.76760       2.263810     -0.1060930    
   67.17160       11.16820       2.290230     -0.1024170    
   67.56750       11.57740       2.319370     -8.8108703E-02
   67.96890       11.98780       2.351250     -7.3289096E-02
   68.37460       12.39550       2.385720     -6.7801297E-02
   68.78190       12.80050       2.422950     -7.0485704E-02
   69.19070       13.20300       2.463090     -6.4165398E-02
   69.60080       13.60280       2.506290     -0.2264080    
   70.01220       14.00000       2.552700     -0.5374300    
   57.67970       3.368920       1.753500     -5.8472998E-02
   58.21990       3.706190       1.802020     -6.1239101E-02
   58.75750       4.047410       1.849250     -6.4009100E-02
   59.32240       4.383190       1.893410     -6.6873103E-02
   59.88380       4.721640       1.934140     -6.9735602E-02
   60.43730       5.059880       1.970320     -7.2587803E-02
   60.97230       5.397210       2.000060     -7.5456202E-02
   61.48790       5.736350       2.023750     -7.8229599E-02
   61.98070       6.078750       2.042440     -8.1013903E-02
   62.44010       6.425870       2.056940     -8.3614103E-02
   62.87900       6.775440       2.068210     -8.5819498E-02
   63.30020       7.129990       2.077430     -8.7852001E-02
   63.70390       7.486910       2.088720     -8.9633003E-02
   64.08900       7.844610       2.102480     -9.1197498E-02
   64.47720       8.200540       2.117890     -9.2859603E-02
   64.86510       8.556320       2.134180     -9.4514497E-02
   65.24110       8.919510       2.151000     -9.6318603E-02
   65.60690       9.290730       2.168740     -9.8104998E-02
   65.96210       9.665170       2.188820     -9.9877402E-02
   66.31050       10.04180       2.210880     -0.1019990    
   66.68460       10.41420       2.233900     -0.1046120    
   67.05360       10.79550       2.258540     -0.1067530    
   67.42540       11.19350       2.285250     -9.9327400E-02
   67.80550       11.59880       2.314580     -8.3534501E-02
   68.19070       12.00520       2.346530     -7.1731098E-02
   68.58000       12.40920       2.381000     -6.8238102E-02
   68.97080       12.81060       2.418160     -7.1800001E-02
   69.36300       13.20950       2.458180     -6.5964200E-02
   69.75650       13.60600       2.501220     -0.2308070    
   70.15120       14.00000       2.547440     -0.5466830    
   58.43400       3.372060       1.738570     -6.0941398E-02
   58.94270       3.712000       1.789030     -6.3827701E-02
   59.45000       4.055540       1.837760     -6.6618398E-02
   59.98630       4.393670       1.882970     -6.9453798E-02
   60.51880       4.734440       1.924350     -7.2268002E-02
   61.04370       5.074990       1.960810     -7.5091198E-02
   61.55100       5.414820       1.990580     -7.7866100E-02
   62.03970       5.756390       2.014210     -8.0624200E-02
   62.50530       6.101410       2.032760     -8.3323702E-02
   62.93870       6.450860       2.047090     -8.5667498E-02
   63.35250       6.802620       2.058180     -8.7719999E-02
   63.74950       7.159120       2.067390     -8.9559503E-02
   64.13000       7.517690       2.079050     -9.1132402E-02
   64.49280       7.876810       2.093240     -9.2647702E-02
   64.86350       8.233040       2.109060     -9.4236903E-02
   65.23180       8.589790       2.125780     -9.5793404E-02
   65.58900       8.953690       2.143050     -9.7556099E-02
   65.93670       9.324920       2.161420     -9.9260099E-02
   66.27420       9.698730       2.182120     -0.1011840    
   66.60820       10.07340       2.204640     -0.1034980    
   66.96710       10.44420       2.228060     -0.1060960    
   67.32090       10.82360       2.253050     -0.1064840    
   67.67780       11.21870       2.280060     -9.6170999E-02
   68.04220       11.62020       2.309590     -8.0463700E-02
   68.41130       12.02270       2.341640     -7.1259201E-02
   68.78450       12.42280       2.376120     -6.9218397E-02
   69.15910       12.82060       2.413220     -7.3165201E-02
   69.53490       13.21600       2.453130     -6.7585900E-02
   69.91190       13.60910       2.496030     -0.2353330    
   70.29010       14.00000       2.542070     -0.5565980    
   59.18770       3.375200       1.721280     -6.3529797E-02
   59.66440       3.717820       1.773890     -6.6314504E-02
   60.14100       4.063660       1.824310     -6.9074698E-02
   60.64810       4.404140       1.870720     -7.1856096E-02
   61.15140       4.747250       1.912910     -7.4616201E-02
   61.64740       5.090120       1.949790     -7.7365503E-02
   62.12650       5.432470       1.979730     -8.0045700E-02
   62.58820       5.776480       2.003430     -8.2767501E-02
   63.02620       6.124160       2.021980     -8.5289098E-02
   63.43330       6.475940       2.036270     -8.7418102E-02
   63.82200       6.829890       2.047280     -8.9393400E-02
   64.19490       7.188340       2.056650     -9.1049500E-02
   64.55210       7.548580       2.068780     -9.2451900E-02
   64.89270       7.909100       2.083490     -9.3975700E-02
   65.24610       8.265710       2.099780     -9.5503300E-02
   65.59500       8.623400       2.117000     -9.7079404E-02
   65.93360       8.988010       2.134750     -9.8797299E-02
   66.26340       9.359210       2.153820     -0.1004820    
   66.58330       9.732410       2.175150     -0.1025160    
   66.90400       10.10490       2.198130     -0.1049070    
   67.24760       10.47420       2.221990     -0.1073530    
   67.58640       10.85170       2.247340     -0.1051740    
   67.92850       11.24390       2.274670     -9.3236104E-02
   68.27750       11.64160       2.304410     -7.8776300E-02
   68.63090       12.04020       2.336570     -7.1157798E-02
   68.98810       12.43650       2.371070     -7.0387602E-02
   69.34660       12.83060       2.408130     -7.4622303E-02
   69.70630       13.22260       2.447950     -6.9042198E-02
   70.06710       13.61230       2.490710     -0.2398830    
   70.42900       14.00000       2.536600     -0.5669580    
   59.94050       3.378350       1.701600     -6.6277802E-02
   60.38470       3.723640       1.756570     -6.8948701E-02
   60.83030       4.071770       1.808860     -7.1663700E-02
   61.30790       4.414620       1.856660     -7.4379303E-02
   61.78150       4.760060       1.899820     -7.7079602E-02
   62.24810       5.105270       1.937260     -7.9740502E-02
   62.69890       5.450160       1.967530     -8.2375102E-02
   63.13340       5.796620       1.991450     -8.4922299E-02
   63.54330       6.146970       2.010130     -8.7156102E-02
   63.92420       6.501100       2.024510     -8.9076899E-02
   64.28770       6.857270       2.035550     -9.0831399E-02
   64.63630       7.217660       2.045240     -9.2259198E-02
   64.97020       7.579580       2.057950     -9.3613803E-02
   65.28890       7.941470       2.073270     -9.5094100E-02
   65.62500       8.298530       2.090090     -9.6570298E-02
   65.95490       8.657160       2.107850     -9.8193802E-02
   66.27510       9.022480       2.126130     -9.9875897E-02
   66.58710       9.393610       2.145930     -0.1016900    
   66.88960       9.766240       2.167930     -0.1038770    
   67.19770       10.13650       2.191370     -0.1062510    
   67.52610       10.50430       2.215670     -0.1079320    
   67.85020       10.88000       2.241420     -0.1024170    
   68.17780       11.26910       2.269070     -8.9201599E-02
   68.51160       11.66300       2.299040     -7.7039897E-02
   68.84940       12.05760       2.331310     -7.1305901E-02
   69.19090       12.45010       2.365850     -7.1770601E-02
   69.53360       12.84060       2.402890     -7.6382302E-02
   69.87730       13.22910       2.442630     -7.0493899E-02
   70.22210       13.61550       2.485280     -0.2444510    
   70.56790       14.00000       2.531020     -0.5778270    
   60.69270       3.381490       1.679540     -6.8756796E-02
   61.10390       3.729460       1.737080     -7.1382798E-02
   61.51810       4.079880       1.791450     -7.3974900E-02
   61.96560       4.425110       1.840810     -7.6646999E-02
   62.40910       4.772880       1.885110     -7.9286203E-02
   62.84610       5.120460       1.923280     -8.1908301E-02
   63.26820       5.467890       1.954030     -8.4509999E-02
   63.67520       5.816800       1.978310     -8.6806603E-02
   64.05680       6.169860       1.997260     -8.8782802E-02
   64.41120       6.526350       2.011850     -9.0561397E-02
   64.74940       6.884760       2.023050     -9.2099197E-02
   65.07370       7.247070       2.033220     -9.3316801E-02
   65.38430       7.610690       2.046610     -9.4586700E-02
   65.68170       7.973890       2.062610     -9.5930398E-02
   66.00040       8.331520       2.080030     -9.7439997E-02
   66.31130       8.691060       2.098380     -9.9108703E-02
   66.61330       9.057060       2.117230     -0.1007740    
   66.90770       9.428120       2.137780     -0.1027490    
   67.19280       9.800240       2.160470     -0.1050910    
   67.48910       10.16820       2.184370     -0.1074360    
   67.80250       10.53450       2.209140     -0.1075340    
   68.11230       10.90830       2.235280     -9.8946899E-02
   68.42550       11.29420       2.263280     -8.5172303E-02
   68.74430       11.68440       2.293470     -7.5494401E-02
   69.06670       12.07510       2.325870     -7.1632102E-02
   69.39280       12.46370       2.360460     -7.2906099E-02
   69.71980       12.85060       2.397500     -7.8103401E-02
   70.04790       13.23560       2.437190     -7.1910404E-02
   70.37690       13.61870       2.479730     -0.2491180    
   70.70680       14.00000       2.525340     -0.5892900    
   61.44400       3.384650       1.655200     -7.1252398E-02
   61.82170       3.735280       1.715530     -7.3667102E-02
   62.20430       4.087980       1.772140     -7.6148599E-02
   62.62120       4.435590       1.823240     -7.8708902E-02
   63.03430       4.785700       1.868840     -8.1188701E-02
   63.44120       5.135670       1.907910     -8.3716199E-02
   63.83430       5.485650       1.939310     -8.6139701E-02
   64.21350       5.837030       1.964090     -8.8204898E-02
   64.56650       6.192820       1.983460     -9.0046503E-02
   64.89430       6.551680       1.998390     -9.1697402E-02
   65.20710       6.912350       2.009860     -9.3069300E-02
   65.50710       7.276580       2.020660     -9.4235100E-02
   65.79450       7.641920       2.034840     -9.5387802E-02
   66.07100       8.006320       2.051590     -9.6569903E-02
   66.37220       8.364650       2.069650     -9.8071001E-02
   66.66440       8.725120       2.088610     -9.9757798E-02
   66.94840       9.091760       2.108080     -0.1015470    
   67.22530       9.462750       2.129410     -0.1036880    
   67.49300       9.834410       2.152810     -0.1061070    
   67.77820       10.20000       2.177160     -0.1082170    
   68.07700       10.56480       2.202410     -0.1059760    
   68.37260       10.93670       2.228960     -9.5615499E-02
   68.67160       11.31940       2.257300     -8.2762003E-02
   68.97560       11.70580       2.287730     -7.4797101E-02
   69.28300       12.09250       2.320270     -7.2222397E-02
   69.59380       12.47740       2.354930     -7.3971398E-02
   69.90540       12.86060       2.391970     -7.9610802E-02
   70.21800       13.24210       2.431620     -7.3083997E-02
   70.53140       13.62190       2.474080     -0.2538360    
   70.84570       14.00000       2.519580     -0.6013690    
   62.19460       3.387810       1.628750     -7.3744200E-02
   62.53840       3.741100       1.692050     -7.5952202E-02
   62.88880       4.096080       1.751090     -7.8335300E-02
   63.27470       4.446080       1.804080     -8.0691203E-02
   63.65700       4.798540       1.851150     -8.3009802E-02
   64.03340       5.150910       1.891270     -8.5312001E-02
   64.39720       5.503450       1.923480     -8.7414697E-02
   64.74850       5.857320       1.948920     -8.9278698E-02
   65.07250       6.215850       1.968830     -9.0967402E-02
   65.37360       6.577100       1.984230     -9.2387103E-02
   65.66100       6.940050       1.996080     -9.3619198E-02
   65.93670       7.306190       2.007660     -9.4794303E-02
   66.20070       7.673270       2.022700     -9.5904902E-02
   66.45720       8.038750       2.040260     -9.7096004E-02
   66.74040       8.397910       2.059010     -9.8518901E-02
   67.01410       8.759330       2.078620     -0.1001370    
   67.28030       9.126570       2.098740     -0.1020640    
   67.53990       9.497480       2.120850     -0.1043660    
   67.79040       9.868690       2.144970     -0.1068250    
   68.06490       10.23190       2.169780     -0.1080760    
   68.34940       10.59520       2.195500     -0.1027860    
   68.63120       10.96510       2.222470     -9.1328099E-02
   68.91630       11.34450       2.251160     -8.0348000E-02
   69.20560       11.72710       2.281830     -7.3999897E-02
   69.49820       12.10990       2.314520     -7.2609700E-02
   69.79390       12.49100       2.349260     -7.4844398E-02
   70.09040       12.87060       2.386330     -8.0694303E-02
   70.38770       13.24860       2.425950     -7.3756598E-02
   70.68580       13.62510       2.468350     -0.2586110    
   70.98460       14.00000       2.513750     -0.6145180    
   62.94450       3.390970       1.600450     -7.5692996E-02
   63.25370       3.746920       1.666880     -7.7783599E-02
   63.57180       4.104170       1.728500     -7.9968899E-02
   63.92620       4.456580       1.783540     -8.2208499E-02
   64.27720       4.811370       1.832220     -8.4477298E-02
   64.62280       5.166170       1.873540     -8.6573496E-02
   64.95710       5.521290       1.906700     -8.8431202E-02
   65.28000       5.877670       1.932920     -9.0120599E-02
   65.57470       6.238960       1.953510     -9.1552198E-02
   65.84910       6.602610       1.969480     -9.2696801E-02
   66.11100       6.967840       1.981840     -9.3855597E-02
   66.36220       7.335900       1.994320     -9.4960801E-02
   66.60300       7.704740       2.010310     -9.6058302E-02
   66.84040       8.071150       2.028710     -9.7323701E-02
   67.10530       8.431310       2.048190     -9.8689102E-02
   67.36050       8.793680       2.068460     -0.1003370    
   67.60900       9.161470       2.089270     -0.1023460    
   67.85160       9.532320       2.112170     -0.1047080    
   68.08520       9.903000       2.137010     -0.1070970    
   68.34940       10.26400       2.162260     -0.1066840    
   68.61990       10.62560       2.188470     -9.8559201E-02
   68.88810       10.99350       2.215870     -8.6606801E-02
   69.15940       11.36970       2.244900     -7.7660300E-02
   69.43430       11.74850       2.275820     -7.3154896E-02
   69.71220       12.12740       2.308660     -7.2713897E-02
   69.99310       12.50470       2.343500     -7.5423703E-02
   70.27460       12.88060       2.380610     -8.1428200E-02
   70.55690       13.25510       2.420220     -7.3936701E-02
   70.83990       13.62830       2.462560     -0.2633160    
   71.12350       14.00000       2.507880     -0.6284550    
   63.69350       3.394130       1.570650     -7.7520303E-02
   63.96780       3.752740       1.640360     -7.9255201E-02
   64.25310       4.112260       1.704660     -8.1202403E-02
   64.57570       4.467070       1.761870     -8.3263598E-02
   64.89490       4.824210       1.812280     -8.5335098E-02
   65.20940       5.181460       1.854920     -8.7205201E-02
   65.51380       5.539170       1.889160     -8.8896297E-02
   65.80810       5.898090       1.916290     -9.0430997E-02
   66.07340       6.262130       1.937660     -9.1668501E-02
   66.32080       6.628210       1.954310     -9.2695802E-02
   66.55700       6.995740       1.967280     -9.3735099E-02
   66.78390       7.365720       1.980780     -9.4689101E-02
   67.00130       7.736340       1.997780     -9.5830902E-02
   67.22070       8.103540       2.017040     -9.7121499E-02
   67.46670       8.464840       2.037280     -9.8474197E-02
   67.70360       8.828190       2.058230     -0.1002730    
   67.93450       9.196480       2.079740     -0.1023610    
   68.16020       9.567250       2.103430     -0.1046430    
   68.37780       9.937270       2.128970     -0.1064650    
   68.63160       10.29610       2.154680     -0.1036300    
   68.88840       10.65620       2.181380     -9.3957700E-02
   69.14320       11.02200       2.209210     -8.2864001E-02
   69.40090       11.39480       2.238580     -7.5477503E-02
   69.66170       11.76980       2.269750     -7.2313704E-02
   69.92520       12.14480       2.302750     -7.2474301E-02
   70.19150       12.51830       2.337680     -7.5587504E-02
   70.45830       12.89060       2.374840     -8.1700198E-02
   70.72570       13.26160       2.414450     -7.3495500E-02
   70.99380       13.63150       2.456760     -0.2677770    
   71.26240       14.00000       2.502010     -0.6430330    
   64.44190       3.397300       1.539840     -7.8744002E-02
   64.68070       3.758560       1.612890     -8.0207698E-02
   64.93300       4.120350       1.679960     -8.2005598E-02
   65.22310       4.477570       1.739410     -8.3819002E-02
   65.51020       4.837060       1.791650     -8.5562997E-02
   65.79320       5.196780       1.835710     -8.7163404E-02
   66.06730       5.557090       1.871120     -8.8678397E-02
   66.33270       5.918570       1.899240     -9.0008900E-02
   66.56830       6.285380       1.921490     -9.1174901E-02
   66.78860       6.653890       1.938900     -9.2268601E-02
   66.99920       7.023740       1.952570     -9.3207903E-02
   67.20160       7.395630       1.967180     -9.4058096E-02
   67.39570       7.768050       1.985240     -9.5190696E-02
   67.59790       8.135950       2.005380     -9.6442603E-02
   67.82460       8.498500       2.026400     -9.7881302E-02
   68.04340       8.862860       2.048010     -9.9858999E-02
   68.25700       9.231590       2.070250     -0.1020520    
   68.46600       9.602290       2.094710     -0.1042410    
   68.66870       9.971430       2.120940     -0.1047780    
   68.91170       10.32830       2.147110     -9.8867498E-02
   69.15490       10.68680       2.174300     -8.8315800E-02
   69.39670       11.05050       2.202550     -7.8943104E-02
   69.64090       11.41990       2.232260     -7.3204100E-02
   69.88770       11.79110       2.263670     -7.1153998E-02
   70.13710       12.16220       2.296830     -7.1741700E-02
   70.38890       12.53190       2.331870     -7.5111799E-02
   70.64130       12.90060       2.369090     -8.1217900E-02
   70.89410       13.26820       2.408710     -7.2102599E-02
   71.14750       13.63460       2.451000     -0.2718220    
   71.40130       14.00000       2.496180     -0.6584220    
   65.18950       3.400480       1.508610     -7.8985900E-02
   65.39240       3.764380       1.585030     -8.0319203E-02
   65.61120       4.128430       1.654880     -8.1912898E-02
   65.86850       4.488080       1.716610     -8.3544903E-02
   66.12310       4.849910       1.770700     -8.5136600E-02
   66.37420       5.212130       1.816230     -8.6602896E-02
   66.61780       5.575050       1.852870     -8.7917298E-02
   66.85380       5.939140       1.882040     -8.8967599E-02
   67.05960       6.308690       1.905230     -9.0078004E-02
   67.25270       6.679670       1.923460     -9.1211602E-02
   67.43750       7.051830       1.937920     -9.2171602E-02
   67.61540       7.425650       1.953710     -9.3096100E-02
   67.78620       7.799880       1.972860     -9.4165601E-02
   67.97190       8.168420       1.993870     -9.5321499E-02
   68.17920       8.532300       2.015670     -9.6859001E-02
   68.37990       8.897680       2.037930     -9.8963000E-02
   68.57630       9.266800       2.060900     -0.1011310    
   68.76890       9.637410       2.086130     -0.1027180    
   68.95820       10.00540       2.112990     -0.1010350    
   69.18950       10.36060       2.139650     -9.2809901E-02
   69.41960       10.71750       2.167320     -8.2446299E-02
   69.64840       11.07900       2.195990     -7.4691497E-02
   69.87940       11.44500       2.226030     -7.0517100E-02
   70.11240       11.81250       2.257680     -6.9406703E-02
   70.34790       12.17960       2.291000     -7.0368998E-02
   70.58550       12.54550       2.326140     -7.3939398E-02
   70.82360       12.91060       2.363420     -8.0179803E-02
   71.06210       13.27470       2.403060     -7.0129298E-02
   71.30090       13.63780       2.445320     -0.2757690    
   71.54020       14.00000       2.490450     -0.6749640    
   65.93650       3.403650       1.477700     -7.9028003E-02
   66.10300       3.770200       1.557440     -7.9842798E-02
   66.28790       4.136520       1.630010     -8.0993198E-02
   66.51190       4.498580       1.693990     -8.2200103E-02
   66.73360       4.862770       1.749910     -8.3589502E-02
   66.95240       5.227500       1.796880     -8.4996402E-02
   67.16520       5.593050       1.834750     -8.6284101E-02
   67.37140       5.959780       1.864990     -8.7362900E-02
   67.54730       6.332070       1.889140     -8.8441797E-02
   67.71300       6.705530       1.908220     -8.9433700E-02
   67.87200       7.080020       1.923540     -9.0408899E-02
   68.02530       7.455780       1.940550     -9.1427997E-02
   68.17290       7.831820       1.960810     -9.2548698E-02
   68.34250       8.201000       1.982670     -9.3797602E-02
   68.53040       8.566250       2.005240     -9.5414102E-02
   68.71310       8.932670       2.028120     -9.7521603E-02
   68.89250       9.302130       2.051820     -9.9747799E-02
   69.06900       9.672630       2.077810     -0.1006730    
   69.24620       10.03930       2.105250     -9.6108697E-02
   69.46520       10.39300       2.132410     -8.5849099E-02
   69.68230       10.74830       2.160560     -7.6566100E-02
   69.89840       11.10750       2.189630     -7.0477001E-02
   70.11630       11.47000       2.219990     -6.7410998E-02
   70.33580       11.83380       2.251870     -6.6836901E-02
   70.55760       12.19700       2.285340     -6.8171903E-02
   70.78130       12.55910       2.320590     -7.1709499E-02
   71.00530       12.92060       2.357920     -7.7590898E-02
   71.22960       13.28120       2.397580     -6.6306099E-02
   71.45420       13.64100       2.439810     -0.2788200    
   71.67910       14.00000       2.484890     -0.6924420    
   66.68290       3.406830       1.447990     -7.7862702E-02
   66.81230       3.776020       1.530910     -7.8408800E-02
   66.96310       4.144610       1.606090     -7.9454400E-02
   67.15340       4.509090       1.672190     -8.0467202E-02
   67.34170       4.875630       1.729810     -8.1515200E-02
   67.52790       5.242900       1.778140     -8.2589202E-02
   67.70950       5.611090       1.817180     -8.3694100E-02
   67.88540       5.980510       1.848440     -8.4902897E-02
   68.03140       6.355530       1.873540     -8.6048096E-02
   68.16960       6.731490       1.893470     -8.6940303E-02
   68.30270       7.108310       1.909690     -8.7967001E-02
   68.43140       7.486010       1.927930     -8.9177400E-02
   68.55590       7.863870       1.949300     -9.0339899E-02
   68.70950       8.233730       1.971980     -9.1628499E-02
   68.87810       8.600350       1.995270     -9.3370803E-02
   69.04310       8.967820       2.018740     -9.5355302E-02
   69.20570       9.337570       2.043180     -9.6925497E-02
   69.36620       9.707980       2.069900     -9.5455498E-02
   69.53260       10.07300       2.097880     -8.8505901E-02
   69.73880       10.42550       2.125550     -7.8541003E-02
   69.94310       10.77920       2.154160     -7.0470102E-02
   70.14680       11.13600       2.183620     -6.5664798E-02
   70.35170       11.49510       2.214280     -6.3665196E-02
   70.55780       11.85510       2.246380     -6.3386902E-02
   70.76620       12.21430       2.279980     -6.5045498E-02
   70.97620       12.57270       2.315330     -6.8819001E-02
   71.18630       12.93060       2.352700     -7.4636601E-02
   71.39670       13.28770       2.392370     -6.2178899E-02
   71.60720       13.64420       2.434570     -0.2814440    
   71.81800       14.00000       2.479570     -0.7090110    
   67.42860       3.410020       1.420540     -7.5459801E-02
   67.52060       3.781840       1.506420     -7.5598702E-02
   67.63690       4.152700       1.583950     -7.5837202E-02
   67.79290       4.519610       1.651950     -7.6767601E-02
   67.94750       4.888490       1.711060     -7.7884503E-02
   68.10070       5.258330       1.760550     -7.9055801E-02
   68.25080       5.629170       1.800600     -8.0273204E-02
   68.39600       6.001320       1.832800     -8.1305496E-02
   68.51190       6.379050       1.858770     -8.2586601E-02
   68.62250       6.757540       1.879510     -8.3957396E-02
   68.72960       7.136680       1.896640     -8.5102998E-02
   68.83370       7.516340       1.916110     -8.5990503E-02
   68.93520       7.896020       1.938530     -8.7501802E-02
   69.07290       8.266630       1.961990     -8.9015096E-02
   69.22250       8.634600       1.985970     -9.0561800E-02
   69.37000       9.003120       2.009980     -9.2414998E-02
   69.51570       9.373120       2.035150     -9.3393497E-02
   69.66030       9.743460       2.062590     -8.9942798E-02
   69.81710       10.10680       2.091040     -8.0109000E-02
   70.01030       10.45810       2.119220     -6.9569603E-02
   70.20200       10.81020       2.148280     -6.3401297E-02
   70.39340       11.16450       2.178110     -6.0061999E-02
   70.58570       11.52010       2.209060     -5.8817200E-02
   70.77860       11.87640       2.241350     -5.8903500E-02
   70.97380       12.23170       2.275070     -6.0515899E-02
   71.17020       12.58640       2.310490     -6.4098403E-02
   71.36670       12.94050       2.347890     -6.9410302E-02
   71.56330       13.29420       2.387540     -5.6204800E-02
   71.76010       13.64740       2.429700     -0.2838310    
   71.95690       14.00000       2.474610     -0.7282770    
   68.17380       3.413210       1.396590     -7.3739700E-02
   68.22790       3.787670       1.485060     -7.3570602E-02
   68.30920       4.160780       1.564600     -7.2041802E-02
   68.43050       4.530130       1.634150     -7.2027497E-02
   68.55090       4.901370       1.694390     -7.2991103E-02
   68.67080       5.273790       1.744730     -7.3856302E-02
   68.78910       5.647280       1.785560     -7.5314797E-02
   68.90310       6.022210       1.818490     -7.6630399E-02
   68.98890       6.402650       1.845210     -7.8448497E-02
   69.07170       6.783690       1.866670     -7.9424500E-02
   69.15270       7.165150       1.884720     -8.0749802E-02
   69.23220       7.546780       1.905350     -8.2228802E-02
   69.31090       7.928260       1.928770     -8.3349600E-02
   69.43260       8.299700       1.952950     -8.5003801E-02
   69.56360       8.669000       1.977550     -8.6873002E-02
   69.69360       9.038560       2.002060     -8.7818801E-02
   69.82280       9.408790       2.027930     -8.6598799E-02
   69.95140       9.779120       2.056060     -8.0499403E-02
   70.09960       10.14060       2.084940     -7.2552100E-02
   70.27970       10.49080       2.113620     -6.3248701E-02
   70.45910       10.84130       2.143110     -5.6049298E-02
   70.63840       11.19290       2.173300     -5.3575501E-02
   70.81800       11.54520       2.204500     -5.2540999E-02
   70.99800       11.89760       2.236960     -5.3042699E-02
   71.18020       12.24910       2.270770     -5.4724999E-02
   71.36330       12.60000       2.306240     -5.8488999E-02
   71.54650       12.95050       2.343640     -6.4572401E-02
   71.72960       13.30070       2.383250     -6.4755201E-02
   71.91280       13.65060       2.425320     -0.2979160    
   72.09590       14.00000       2.470110     -0.7422030    
   68.91810       3.416390       1.377570     -7.2448902E-02
   68.93380       3.793480       1.468160     -7.3263898E-02
   68.97980       4.168870       1.549210     -6.8979599E-02
   69.06600       4.540640       1.619810     -6.7975998E-02
   69.15190       4.914230       1.680670     -6.8630397E-02
   69.23800       5.289260       1.731390     -6.7985103E-02
   69.32430       5.665430       1.772630     -6.9408402E-02
   69.40660       6.043160       1.806040     -7.1547799E-02
   69.46220       6.426310       1.833300     -7.4894503E-02
   69.51710       6.809920       1.855340     -7.3376298E-02
   69.57190       7.193690       1.874260     -7.5097203E-02
   69.62680       7.577320       1.895960     -7.9368897E-02
   69.68330       7.960540       1.920290     -7.7914499E-02
   69.78880       8.332920       1.945110     -7.9702899E-02
   69.90130       8.703540       1.970260     -8.3412901E-02
   70.01400       9.074110       1.995230     -8.3151199E-02
   70.12670       9.444560       2.021780     -7.8517802E-02
   70.23910       9.814950       2.050580     -6.4231999E-02
   70.37960       10.17450       2.079830     -6.4756103E-02
   70.54690       10.52360       2.108980     -6.0742799E-02
   70.71420       10.87250       2.138890     -4.7422200E-02
   70.88160       11.22140       2.169400     -4.6137501E-02
   71.04890       11.57020       2.200820     -4.5113999E-02
   71.21620       11.91890       2.233420     -4.6034601E-02
   71.38560       12.26650       2.267290     -4.7717799E-02
   71.55560       12.61350       2.302760     -5.1939301E-02
   71.72560       12.96050       2.340130     -5.4939002E-02
   71.89550       13.30720       2.379660     -6.1918399E-03
   72.06520       13.65370       2.421600     -0.2509310    
   72.23480       14.00000       2.466230     -0.7443690    
 zone  i=          31  j=          61
   63.89800       14.00000       2.648820     -0.8795210    
   62.53720       13.46230       2.585740     -0.4091840    
   61.18020       12.91500       2.525770     -4.7097299E-02
   59.82700       12.35770       2.469090      7.6974601E-02
   58.47810       11.78980       2.415880      0.2256450    
   57.13390       11.21070       2.366370      0.3044040    
   55.78930       10.63230       2.320170      0.2584420    
   54.42820       10.09370       2.275190      0.1443680    
   53.05340       9.590940       2.231090      5.4812402E-02
   51.66810       9.117840       2.187730     -3.7682599E-03
   50.27350       8.673060       2.143900     -5.6956500E-02
   48.86950       8.259260       2.097120     -0.1067390    
   47.45820       7.871170       2.047830     -0.1406350    
   46.04130       7.504610       1.996480     -0.1618000    
   44.61970       7.156420       1.943370     -0.1784880    
   43.19430       6.824690       1.889300     -0.1934050    
   41.76500       6.509930       1.837100     -0.2065960    
   40.33240       6.210150       1.786880     -0.2151770    
   38.89700       5.923420       1.738370     -0.2187950    
   37.45940       5.648200       1.691390     -0.2181320    
   36.01980       5.383210       1.645760     -0.2146960    
   34.57840       5.127400       1.601330     -0.2008790    
   33.13580       4.879280       1.557320     -0.1770430    
   31.69270       4.634390       1.509240     -0.1513600    
   30.24930       4.391980       1.456510     -0.1272090    
   28.80580       4.151970       1.399240     -0.1055050    
   27.36200       3.914250       1.337570     -8.5474297E-02
   25.91800       3.678880       1.271640     -6.8164900E-02
   24.47370       3.446760       1.201580     -5.9838802E-02
   23.02680       3.232460       1.128220     -8.2543798E-02
   21.57720       3.038610       1.052610     -0.1245840    
   64.03510       14.00000       2.627010     -0.2577980    
   62.70030       13.46550       2.561900     -5.7746801E-03
   61.36920       12.92160       2.500210      0.1907780    
   60.04190       12.36780       2.442180      0.2229590    
   58.71900       11.80360       2.388090      0.2686410    
   57.40050       11.22850       2.338220      0.2891090    
   56.08330       10.65320       2.292320      0.2600310    
   54.75080       10.11700       2.248080      0.2041550    
   53.40780       9.616810       2.205050      0.1570390    
   52.05260       9.145320       2.163090      0.1228830    
   50.68820       8.701410       2.121160      9.1633201E-02
   49.31390       8.288040       2.076140      6.1246499E-02
   47.93400       7.900760       2.028450      3.8216598E-02
   46.54530       7.533980       1.978330      2.1579601E-02
   45.15100       7.185400       1.926240      7.8081600E-03
   43.75200       6.852970       1.872850     -3.7067500E-03
   42.34800       6.537200       1.821280     -1.4087200E-02
   40.93930       6.236280       1.771890     -2.2126799E-02
   39.52510       5.948030       1.724380     -2.7672101E-02
   38.10810       5.671380       1.678640     -3.1049401E-02
   36.68790       5.404860       1.634470     -3.2684699E-02
   35.26440       5.147370       1.591690     -3.0132599E-02
   33.83770       4.897540       1.549500     -2.4702100E-02
   32.40890       4.650950       1.501440     -1.7720999E-02
   30.97850       4.406620       1.445970     -1.0631900E-02
   29.54610       4.164440       1.383000     -4.0777600E-03
   28.11470       3.924750       1.312520      2.2600200E-03
   26.68110       3.687040       1.234360      8.1686797E-03
   25.24690       3.452370       1.148940      1.2057100E-02
   23.80950       3.235390       1.064750      4.8179799E-04
   22.36350       3.038610      0.9857000     -1.2522800E-02
   64.17370       14.00000       2.615900      2.4063099E-02
   62.86480       13.46870       2.549510      0.1903060    
   61.55960       12.92810       2.486580      0.3007900    
   60.25820       12.37790       2.427390      0.2652100    
   58.96110       11.81750       2.372250      0.2647300    
   57.66830       11.24630       2.321460      0.2628080    
   56.37820       10.67430       2.274950      0.2440910    
   55.07400       10.14030       2.230480      0.2146980    
   53.76240       9.642760       2.187540      0.1890860    
   52.43710       9.172890       2.145950      0.1697710    
   51.10270       8.729900       2.104860      0.1508730    
   49.75790       8.316960       2.060580      0.1314640    
   48.40880       7.930440       2.013440      0.1154790    
   47.04840       7.563490       1.963480      0.1029820    
   45.68130       7.214500       1.911300      9.2245497E-02
   44.30860       6.881390       1.857440      8.3066598E-02
   42.92970       6.564600       1.805000      7.5144596E-02
   41.54490       6.262520       1.754630      6.8505898E-02
   40.15230       5.972780       1.705980      6.3087098E-02
   38.75570       5.694640       1.659030      5.8660299E-02
   37.35500       5.426590       1.613520      5.4900300E-02
   35.94940       5.167400       1.569290      5.2577998E-02
   34.53890       4.915830       1.525700      5.0616901E-02
   33.12470       4.667530       1.476260      4.8890501E-02
   31.70740       4.421280       1.418880      4.7664501E-02
   30.28650       4.176920       1.353370      4.6419099E-02
   28.86760       3.935250       1.279840      4.5422699E-02
   27.44470       3.695200       1.197880      4.5314301E-02
   26.02090       3.457990       1.107950      4.6519902E-02
   24.59330       3.238330       1.019850      4.0715601E-02
   23.15130       3.038610      0.9381500      4.2472001E-02
   64.31240       14.00000       2.606450     -8.5128799E-02
   63.02930       13.47190       2.538940      0.1406940    
   61.74970       12.93470       2.474880      0.2387670    
   60.47400       12.38800       2.414570      0.2130160    
   59.20250       11.83140       2.358370      0.2155360    
   57.93530       11.26410       2.306580      0.2163150    
   56.67190       10.69530       2.259310      0.2042040    
   55.39570       10.16370       2.214400      0.1826660    
   54.11490       9.668770       2.171350      0.1607930    
   52.81920       9.200540       2.129880      0.1435710    
   51.51440       8.758490       2.089360      0.1271870    
   50.19890       8.346010       2.045590      0.1105940    
   48.88000       7.960180       1.998770      9.6317902E-02
   47.54780       7.593090       1.948750      8.5022897E-02
   46.20780       7.243690       1.896220      7.5593300E-02
   44.86120       6.909920       1.841620      6.7428902E-02
   43.50750       6.592100       1.787960      6.0608901E-02
   42.14650       6.288860       1.736150      5.4971799E-02
   40.77570       5.997650       1.685820      5.0439000E-02
   39.39940       5.717960       1.636990      4.6812098E-02
   38.01840       5.448370       1.589420      4.3902900E-02
   36.63090       5.187480       1.542900      4.2408500E-02
   35.23680       4.934120       1.496970      4.1773099E-02
   33.83740       4.684120       1.445580      4.1117799E-02
   32.43360       4.435940       1.386150      4.0637899E-02
   31.02460       4.189420       1.318510      4.0122800E-02
   29.61840       3.945740       1.242870      3.9738599E-02
   28.20670       3.703360       1.158630      3.9789200E-02
   26.79380       3.463630       1.066280      3.9785400E-02
   25.37640       3.241280      0.9755800      3.7535001E-02
   23.93920       3.038610      0.8911900      3.4590099E-02
   64.45120       14.00000       2.597850     -0.1228150    
   63.19360       13.47510       2.529370      0.1160350    
   61.93950       12.94130       2.464320      0.2194820    
   60.68920       12.39810       2.403020      0.1911800    
   59.44310       11.84530       2.345850      0.1912850    
   58.20120       11.28190       2.293130      0.1913660    
   56.96420       10.71640       2.245090      0.1834330    
   55.71580       10.18710       2.199710      0.1672240    
   54.46520       9.694840       2.156470      0.1483320    
   53.19890       9.228240       2.114980      0.1331860    
   51.92330       8.787190       2.074860      0.1193260    
   50.63690       8.375160       2.031510      0.1050600    
   49.34740       7.989950       1.984900      9.2189103E-02
   48.04350       7.622800       1.934740      8.1832998E-02
   46.73030       7.272980       1.881790      7.3333003E-02
   45.40980       6.938570       1.826420      6.6019900E-02
   44.08110       6.619710       1.771410      5.9879899E-02
   42.74400       6.315290       1.717990      5.4767702E-02
   41.39530       6.022630       1.665760      5.0599400E-02
   40.03930       5.741340       1.614760      4.7315400E-02
   38.67800       5.470210       1.564780      4.4622298E-02
   37.30880       5.207600       1.515540      4.3118201E-02
   35.93150       4.952430       1.466740      4.2644300E-02
   34.54710       4.700730       1.413010      4.1978501E-02
   33.15700       4.450610       1.351400      4.1160900E-02
   31.76040       4.201920       1.281760      4.0577602E-02
   30.36720       3.956240       1.204450      4.0144101E-02
   28.96720       3.711520       1.118670      3.9953399E-02
   27.56550       3.469270       1.024970      3.9776798E-02
   26.15890       3.244230      0.9324000      3.8255598E-02
   24.72720       3.038610      0.8453100      3.6229499E-02
   64.59000       14.00000       2.589810     -0.1560960    
   63.35770       13.47830       2.520510      9.4113499E-02
   62.12890       12.94780       2.454630      0.2031830    
   60.90380       12.40820       2.392510      0.1728100    
   59.68290       11.85910       2.334510      0.1709350    
   58.46610       11.29970       2.280990      0.1701980    
   57.25520       10.73760       2.232250      0.1647540    
   56.03420       10.21060       2.186440      0.1523440    
   54.81340       9.720990       2.142990      0.1359510    
   53.57600       9.256020       2.101400      0.1226500    
   52.32940       8.816000       2.061570      0.1110100    
   51.07170       8.404420       2.018590      9.9009499E-02
   49.81100       8.019720       1.972160      8.7727599E-02
   48.53550       7.652610       1.921870      7.8376301E-02
   47.24900       7.302360       1.868500      7.0661299E-02
   45.95430       6.967320       1.812420      6.4058997E-02
   44.65070       6.647410       1.756090      5.8453798E-02
   43.33740       6.341800       1.701050      5.3750198E-02
   42.01090       6.047720       1.646860      4.9818501E-02
   40.67520       5.764780       1.593570      4.6739299E-02
   39.33390       5.492110       1.541030      4.4287901E-02
   37.98310       5.227770       1.488900      4.2704001E-02
   36.62270       4.970760       1.436930      4.2164799E-02
   35.25380       4.717340       1.380590      4.1715201E-02
   33.87780       4.465290       1.316680      4.0913299E-02
   32.49400       4.214440       1.245080      4.0327702E-02
   31.11390       3.966720       1.166310      3.9878901E-02
   29.72610       3.719680       1.079420      3.9501298E-02
   28.33610       3.474930      0.9850200      3.9190099E-02
   26.94080       3.247180      0.8910400      3.8111500E-02
   25.51530       3.038610      0.8012800      3.6910798E-02
   64.72880       14.00000       2.582170     -0.1861720    
   63.52170       13.48150       2.512230      7.4895300E-02
   62.31790       12.95440       2.445700      0.1896390    
   61.11780       12.41830       2.382920      0.1579020    
   59.92190       11.87300       2.324270      0.1547420    
   58.73000       11.31750       2.270080      0.1532580    
   57.54480       10.75880       2.220770      0.1490860    
   56.35090       10.23410       2.174580      0.1394440    
   55.15940       9.747220       2.130970      0.1255880    
   53.95070       9.283860       2.089240      0.1139630    
   52.73260       8.844910       2.049600      0.1042010    
   51.50330       8.433780       2.006950      9.4201498E-02
   50.27070       8.049480       1.960700      8.4246702E-02
   49.02360       7.682540       1.910350      7.5572297E-02
   47.76370       7.331850       1.856630      6.8195902E-02
   46.49490       6.996180       1.799940      6.1833099E-02
   45.21610       6.675230       1.742410      5.6465399E-02
   43.92660       6.368410       1.685820      5.2004699E-02
   42.62260       6.072920       1.629710      4.8287299E-02
   41.30720       5.788280       1.574140      4.5354798E-02
   39.98600       5.514060       1.519040      4.3127600E-02
   38.65390       5.247990       1.463960      4.1589200E-02
   37.31060       4.989120       1.408710      4.0869400E-02
   35.95740       4.733970       1.349580      4.0543500E-02
   34.59580       4.479970       1.283290      4.0006600E-02
   33.22520       4.226970       1.209750      3.9415501E-02
   31.85850       3.977200       1.129640      3.8922802E-02
   30.48350       3.727840       1.041860      3.8551301E-02
   29.10570       3.480590      0.9471400      3.8197301E-02
   27.72210       3.250140      0.8521200      3.7291300E-02
   26.30350       3.038610      0.7597700      3.6257699E-02
   64.86760       14.00000       2.574880     -0.2147080    
   63.68540       13.48470       2.504460      5.7857599E-02
   62.50650       12.96090       2.437440      0.1786750    
   61.33120       12.42840       2.374170      0.1458070    
   60.16000       11.88680       2.315030      0.1416480    
   58.99280       11.33530       2.260330      0.1397120    
   57.83300       10.78000       2.210580      0.1365380    
   56.66600       10.25770       2.164110      0.1289800    
   55.50330       9.773540       2.120380      0.1171070    
   54.32280       9.311770       2.078490      0.1069070    
   53.13290       8.873940       2.038960      9.8660402E-02
   51.93180       8.463240       1.996670      9.0239801E-02
   50.72670       8.079210       1.950600      8.1068099E-02
   49.50800       7.712570       1.900280      7.2511397E-02
   48.27450       7.361430       1.846300      6.5297499E-02
   47.03130       7.025150       1.789140      5.9177998E-02
   45.77750       6.703150       1.730570      5.4146700E-02
   44.51170       6.395120       1.672570      4.9989000E-02
   43.23020       6.098210       1.614670      4.6484701E-02
   41.93530       5.811840       1.556910      4.3664400E-02
   40.63430       5.536080       1.499320      4.1543599E-02
   39.32100       5.268260       1.441350      4.0099099E-02
   37.99520       5.007490       1.382810      3.9304402E-02
   36.65800       4.750610       1.320790      3.8941000E-02
   35.31120       4.494670       1.252070      3.8683198E-02
   33.95420       4.239520       1.176590      3.8281102E-02
   32.60110       3.987670       1.095200      3.7720300E-02
   31.23930       3.736000       1.006670      3.7380099E-02
   29.87420       3.486270      0.9118700      3.7045699E-02
   28.50290       3.253100      0.8160500      3.6224399E-02
   27.09190       3.038610      0.7212200      3.5414100E-02
   65.00650       14.00000       2.567890     -0.2415650    
   63.84900       13.48780       2.497140      4.1927502E-02
   62.69470       12.96750       2.429800      0.1691500    
   61.54400       12.43850       2.366200      0.1359350    
   60.39730       11.90070       2.306720      0.1307190    
   59.25460       11.35300       2.251680      0.1285590    
   58.11980       10.80130       2.201620      0.1259920    
   56.97940       10.28140       2.154960      0.1200020    
   55.84500       9.799970       2.111170      0.1102290    
   54.69240       9.339750       2.069130      0.1014620    
   53.53040       8.903070       2.029660      9.3863502E-02
   52.35720       8.492800       1.987720      8.6033702E-02
   51.17900       8.108940       1.941860      7.7410899E-02
   49.98860       7.742720       1.891670      6.9178902E-02
   48.78150       7.391120       1.837530      6.2434200E-02
   47.56380       7.054220       1.780050      5.6794200E-02
   46.33470       6.731170       1.720650      5.2122202E-02
   45.09270       6.421910       1.661400      4.8247501E-02
   43.83390       6.123600       1.601880      4.4841900E-02
   42.55950       5.835470       1.542070      4.1979901E-02
   41.27880       5.558150       1.482140      3.9758500E-02
   39.98450       5.288580       1.421400      3.8258500E-02
   38.67650       5.025900       1.359670      3.7440501E-02
   37.35550       4.767260       1.294730      3.7035599E-02
   36.02390       4.509370       1.223560      3.6855299E-02
   34.68100       4.252070       1.146160      3.6784999E-02
   33.34170       3.998130       1.063510      3.6416300E-02
   31.99360       3.744160      0.9743100      3.6080800E-02
   30.64170       3.491950      0.8795500      3.5813801E-02
   29.28310       3.256070      0.7831300      3.4975499E-02
   27.88040       3.038610      0.6859500      3.4069698E-02
   65.14540       14.00000       2.561200     -0.2631760    
   64.01230       13.49100       2.490260      2.6845600E-02
   62.88250       12.97410       2.422720      0.1597220    
   61.75610       12.44860       2.358950      0.1277510    
   60.63380       11.91450       2.299280      0.1215720    
   59.51540       11.37080       2.244030      0.1192850    
   58.40530       10.82260       2.193780      0.1171620    
   57.29110       10.30510       2.147030      0.1128160    
   56.18460       9.826500       2.103260      0.1048910    
   55.05950       9.367800       2.061080      9.6449398E-02
   53.92510       8.932330       2.021610      8.8809900E-02
   52.77940       8.522480       1.980050      8.1558898E-02
   51.62780       8.138690       1.934440      7.4045204E-02
   50.46550       7.772980       1.884470      6.6779003E-02
   49.28440       7.420920       1.830290      6.0550500E-02
   48.09220       7.083400       1.772650      5.5104099E-02
   46.88780       6.759310       1.712610      5.0323699E-02
   45.66960       6.448810       1.652320      4.6375498E-02
   44.43340       6.149080       1.591380      4.3023601E-02
   43.17990       5.859180       1.529710      4.0211700E-02
   41.91960       5.580290       1.467620      3.7987199E-02
   40.64450       5.308940       1.404290      3.6392801E-02
   39.35430       5.044340       1.339530      3.5510700E-02
   38.05000       4.783920       1.271700      3.5100300E-02
   36.73380       4.524080       1.198110      3.4880601E-02
   35.40540       4.264640       1.118800      3.4873798E-02
   34.08030       4.008580       1.034900      3.4818102E-02
   32.74640       3.752330      0.9450500      3.4575701E-02
   31.40810       3.497640      0.8503800      3.4369301E-02
   30.06280       3.259040      0.7535000      3.3657402E-02
   28.66910       3.038610      0.6541300      3.2634199E-02
   65.28430       14.00000       2.554800     -0.2799410    
   64.17540       13.49420       2.483770      1.3120600E-02
   63.06990       12.98060       2.416180      0.1508920    
   61.96760       12.45870       2.352350      0.1211030    
   60.86940       11.92830       2.292630      0.1139680    
   59.77510       11.38850       2.237290      0.1115700    
   58.68940       10.84400       2.186960      0.1095830    
   57.60110       10.32890       2.140210      0.1065520    
   56.52190       9.853110       2.096530      9.9835202E-02
   55.42410       9.395930       2.054250      9.1274403E-02
   54.31690       8.961690       2.014750      8.4102802E-02
   53.19850       8.552260       1.973590      7.8078501E-02
   52.07310       8.168500       1.928260      7.1879096E-02
   50.93850       7.803340       1.878610      6.5272100E-02
   49.78350       7.450810       1.824500      5.8908202E-02
   48.61660       7.112680       1.766830      5.3230502E-02
   47.43680       6.787560       1.706380      4.8360199E-02
   46.24230       6.475800       1.645260      4.4465300E-02
   45.02900       6.174650       1.583110      4.1313201E-02
   43.79640       5.882970       1.519790      3.8640000E-02
   42.55670       5.602480       1.455760      3.6458500E-02
   41.30080       5.329360       1.390060      3.4766901E-02
   40.02890       5.062810       1.322480      3.3701800E-02
   38.74140       4.800590       1.251840      3.3206299E-02
   37.44110       4.538800       1.175880      3.2972001E-02
   36.12750       4.277220       1.094690      3.2841600E-02
   34.81680       4.019010       1.009540      3.2885700E-02
   33.49760       3.760490      0.9190500      3.2907099E-02
   32.17340       3.503340      0.8244600      3.2713398E-02
   30.84180       3.262010      0.7272400      3.2119099E-02
   29.45790       3.038610      0.6258400      3.1355198E-02
   65.42320       14.00000       2.548680     -0.2952510    
   64.33840       13.49740       2.477670     -1.3749300E-04
   63.25680       12.98720       2.410130      0.1425010    
   62.17850       12.46880       2.346360      0.1156550    
   61.10420       11.94220       2.286690      0.1075670    
   60.03370       11.40630       2.231390      0.1049520    
   58.97210       10.86550       2.181070      0.1027170    
   57.90940       10.35270       2.134400      0.1004380    
   56.85700       9.879760       2.090870      9.4837204E-02
   55.78620       9.424120       2.048520      8.6832702E-02
   54.70590       8.991160       2.008970      8.0614597E-02
   53.61450       8.582160       1.968230      7.5662002E-02
   52.51510       8.198410       1.923230      7.0087999E-02
   51.40780       7.833800       1.873990      6.3485399E-02
   50.27870       7.480810       1.820060      5.6935601E-02
   49.13700       7.142050       1.762500      5.1406499E-02
   47.98170       6.815920       1.701850      4.6831500E-02
   46.81090       6.502890       1.640100      4.3093398E-02
   45.62040       6.200310       1.576980      3.9990801E-02
   44.40910       5.906850       1.512240      3.7257899E-02
   43.18990       5.624740       1.446500      3.4939699E-02
   41.95360       5.349820       1.378670      3.3126701E-02
   40.70000       5.081320       1.308500      3.1922799E-02
   39.42980       4.817270       1.235180      3.1341702E-02
   38.14560       4.553520       1.156940      3.1141501E-02
   36.84730       4.289800       1.073910      3.1043701E-02
   35.55140       4.029440      0.9875200      3.0960901E-02
   34.24730       3.768660      0.8963600      3.1220300E-02
   32.93770       3.509050      0.8018000      3.1308100E-02
   31.62030       3.264990      0.7043000      3.0697601E-02
   30.24680       3.038610      0.6010700      3.0042101E-02
   65.56210       14.00000       2.542840     -0.3093400    
   64.50110       13.50060       2.471950     -1.3558600E-02
   63.44330       12.99370       2.404550      0.1340250    
   62.38880       12.47890       2.340920      0.1111440    
   61.33820       11.95600       2.281410      0.1020380    
   60.29130       11.42400       2.226220      9.9002801E-02
   59.25350       10.88700       2.176000      9.6619301E-02
   58.21610       10.37660       2.129480      9.5128797E-02
   57.18980       9.906410       2.086150      9.0653598E-02
   56.14580       9.452390       2.043790      8.3557799E-02
   55.09210       9.020730       2.004190      7.8163400E-02
   54.02740       8.612170       1.963870      7.3455498E-02
   52.95370       8.228430       1.919260      6.7856699E-02
   51.87330       7.864360       1.870490      6.1483599E-02
   50.76990       7.510910       1.816840      5.5449098E-02
   49.65330       7.171520       1.759520      5.0437398E-02
   48.52250       6.844400       1.698870      4.5953799E-02
   47.37540       6.530080       1.636710      4.1952599E-02
   46.20780       6.226060       1.572840      3.8607799E-02
   45.01790       5.930840       1.506930      3.5866000E-02
   43.81940       5.647060       1.439720      3.3602200E-02
   42.60270       5.370340       1.370000      3.1743702E-02
   41.36780       5.099880       1.297530      3.0426700E-02
   40.11510       4.833970       1.221690      2.9699899E-02
   38.84740       4.568260       1.141270      2.9424001E-02
   37.56480       4.302400       1.056470      2.9392000E-02
   36.28380       4.039840      0.9688200      2.9287500E-02
   34.99540       3.776830      0.8769700      2.9459300E-02
   33.70080       3.514770      0.7823400      2.9908201E-02
   32.39830       3.267980      0.6846000      2.9574201E-02
   31.03580       3.038610      0.5797100      2.8790301E-02
   65.70100       14.00000       2.537290     -0.3220120    
   64.66370       13.50380       2.466580     -2.6956400E-02
   63.62950       13.00030       2.399390      0.1255390    
   62.59840       12.48900       2.336000      0.1073840    
   61.57130       11.96980       2.276710      9.7076997E-02
   60.54790       11.44170       2.221710      9.3747102E-02
   59.53350       10.90850       2.171660      9.1660097E-02
   58.52100       10.40050       2.125360      9.0803303E-02
   57.52040       9.933040       2.082270      8.7324500E-02
   56.50290       9.480740       2.039940      8.1366897E-02
   55.47540       9.050390       2.000310      7.6055698E-02
   54.43720       8.642310       1.960410      7.0825897E-02
   53.38910       8.258600       1.916230      6.5654002E-02
   52.33490       7.895010       1.868000      6.0325399E-02
   51.25720       7.541120       1.814730      5.4921001E-02
   50.16570       7.201090       1.757760      4.9777500E-02
   49.05920       6.872990       1.697300      4.4938900E-02
   47.93580       6.557360       1.634930      4.0787000E-02
   46.79100       6.251900       1.570530      3.7438899E-02
   45.62290       5.954930       1.503700      3.4781899E-02
   44.44500       5.669440       1.435250      3.2620098E-02
   43.24820       5.390900       1.363930      3.0708900E-02
   42.03220       5.118470       1.289420      2.9156201E-02
   40.79730       4.850670       1.211270      2.8188299E-02
   39.54650       4.583010       1.128800      2.7744099E-02
   38.27990       4.315000       1.042280      2.7667100E-02
   37.01430       4.050240      0.9533800      2.7719000E-02
   35.74190       3.785000      0.8608000      2.7760999E-02
   34.46290       3.520500      0.7659900      2.8176401E-02
   33.17550       3.270960      0.6680100      2.8293900E-02
   31.82490       3.038610      0.5616200      2.7999399E-02
   65.83990       14.00000       2.532020     -0.3333790    
   64.82600       13.50700       2.461560     -4.0294200E-02
   63.81520       13.00680       2.394650      0.1168920    
   62.80750       12.49910       2.331550      0.1040230    
   61.80350       11.98360       2.272540      9.2674702E-02
   60.80340       11.45950       2.217800      8.9360200E-02
   59.81210       10.93010       2.167960      8.7658800E-02
   58.82430       10.42450       2.121920      8.7075002E-02
   57.84860       9.959610       2.079110      8.4578402E-02
   56.85750       9.509160       2.036880      7.9370499E-02
   55.85600       9.080140       1.997220      7.3540002E-02
   54.84400       8.672560       1.957750      6.8353198E-02
   53.82120       8.288910       1.914050      6.4217098E-02
   52.79280       7.925750       1.866410      5.9732500E-02
   51.74060       7.571430       1.813610      5.4294899E-02
   50.67400       7.230760       1.757080      4.8770599E-02
   49.59180       6.901700       1.696980      4.4003598E-02
   48.49200       6.584750       1.634600      4.0121701E-02
   47.37020       6.277830       1.569880      3.6827601E-02
   46.22410       5.979140       1.502380      3.3968601E-02
   45.06690       5.691880       1.432940      3.1592298E-02
   43.89010       5.411510       1.360270      2.9653700E-02
   42.69310       5.137100       1.284000      2.8058499E-02
   41.47650       4.867380       1.203780      2.6939800E-02
   40.24280       4.597760       1.119390      2.6382601E-02
   38.99260       4.327610       1.031240      2.6184199E-02
   37.74270       4.060620      0.9410800      2.6255000E-02
   36.48690       3.793170      0.8477300      2.6434500E-02
   35.22370       3.526230      0.7526000      2.6611101E-02
   33.95220       3.273950      0.6543300      2.6785200E-02
   32.61410       3.038610      0.5466100      2.7110100E-02
   65.97890       14.00000       2.527030     -0.3434250    
   64.98820       13.51020       2.456860     -5.3539600E-02
   64.00050       13.01340       2.390280      0.1078870    
   63.01580       12.50920       2.327520      0.1008030    
   62.03490       11.99740       2.268850      8.8862598E-02
   61.05780       11.47720       2.214410      8.5702904E-02
   60.08950       10.95170       2.164830      8.4158003E-02
   59.12600       10.44850       2.119090      8.3631799E-02
   58.17460       9.986080       2.076560      8.1876300E-02
   57.20960       9.537640       2.034500      7.7016398E-02
   56.23380       9.109960       1.994860      7.1086101E-02
   55.24760       8.702930       1.955790      6.6660799E-02
   54.25010       8.319360       1.912610      6.3145697E-02
   53.24690       7.956540       1.865600      5.8734100E-02
   52.22010       7.601850       1.813350      5.3261202E-02
   51.17830       7.260520       1.757370      4.8068602E-02
   50.12020       6.930520       1.697760      4.3746900E-02
   49.04410       6.612250       1.635560      3.9843000E-02
   47.94520       6.303840       1.570740      3.6235899E-02
   46.82130       6.003460       1.502790      3.3166900E-02
   45.68490       5.714380       1.432580      3.0715199E-02
   44.52830       5.432170       1.358830      2.8796500E-02
   43.35070       5.155780       1.281090      2.7261199E-02
   42.15250       4.884090       1.199040      2.6016600E-02
   40.93630       4.612520       1.112890      2.5258200E-02
   39.70300       4.340230       1.023190      2.4923701E-02
   38.46910       4.070990      0.9317900      2.4817999E-02
   37.23020       3.801340      0.8375900      2.5117001E-02
   35.98350       3.531970      0.7419900      2.5414700E-02
   34.72820       3.276950      0.6433700      2.5403799E-02
   33.40330       3.038610      0.5344700      2.5392300E-02
   66.11780       14.00000       2.522310     -0.3521630    
   65.15010       13.51340       2.452490     -6.6566303E-02
   64.18530       13.01990       2.386280      9.8636098E-02
   63.22360       12.51920       2.323900      9.7842596E-02
   62.26550       12.01120       2.265590      8.5578300E-02
   61.31120       11.49490       2.211490      8.2507104E-02
   60.36550       10.97330       2.162200      8.1008300E-02
   59.42590       10.47260       2.116790      8.0215096E-02
   58.49830       10.01240       2.074560      7.8904301E-02
   57.55920       9.566200       2.032720      7.4777000E-02
   56.60890       9.139860       1.993130      6.9438897E-02
   55.64810       8.733420       1.954450      6.5585800E-02
   54.67560       8.349930       1.911830      6.1876498E-02
   53.69710       7.987360       1.865480      5.7431299E-02
   52.69570       7.632390       1.813870      5.2702300E-02
   51.67850       7.290380       1.758510      4.8122101E-02
   50.64460       6.959450       1.699520      4.3635000E-02
   49.59210       6.639840       1.637660      3.9360300E-02
   48.51610       6.329940       1.572930      3.5700601E-02
   47.41460       6.027880       1.504760      3.2741498E-02
   46.29910       5.736940       1.434010      3.0306499E-02
   45.16290       5.452890       1.359430      2.8212400E-02
   44.00490       5.174490       1.280500      2.6499299E-02
   42.82540       4.900820       1.196880      2.5198201E-02
   41.62710       4.627300       1.109130      2.4286499E-02
   40.41090       4.352860       1.017970      2.3891401E-02
   39.19350       4.081350      0.9253200      2.3726201E-02
   37.97180       3.809520      0.8302200      2.3864200E-02
   36.74210       3.537720      0.7339700      2.4414400E-02
   35.50350       3.279950      0.6349000      2.4478700E-02
   34.19250       3.038610      0.5249300      2.4060700E-02
   66.25680       14.00000       2.517870     -0.3588890    
   65.31190       13.51660       2.448420     -7.9006597E-02
   64.36980       13.02650       2.382610      8.9521103E-02
   63.43070       12.52930       2.320630      9.5414199E-02
   62.49520       12.02500       2.262730      8.2794398E-02
   61.56350       11.51260       2.208990      7.9624102E-02
   60.64010       10.99490       2.160000      7.8023098E-02
   59.72420       10.49670       2.114960      7.6956801E-02
   58.82000       10.03870       2.073030      7.6151900E-02
   57.90640       9.594810       2.031470      7.3011503E-02
   56.98120       9.169830       1.991970      6.8480797E-02
   56.04550       8.764030       1.953660      6.4499497E-02
   55.09780       8.380630       1.911620      6.0343999E-02
   54.14360       8.018190       1.865960      5.6528300E-02
   53.16740       7.663040       1.815060      5.2619599E-02
   52.17480       7.320350       1.760390      4.8035201E-02
   51.16480       6.988490       1.702120      4.3248702E-02
   50.13590       6.667540       1.640770      3.9095402E-02
   49.08300       6.356140       1.576290      3.5675500E-02
   48.00400       6.052410       1.508130      3.2650799E-02
   46.90950       5.759550       1.437040      2.9950701E-02
   45.79390       5.473650       1.361880      2.7677899E-02
   44.65560       5.193250       1.282010      2.5859199E-02
   43.49520       4.917560       1.197090      2.4575600E-02
   42.31500       4.642080       1.107920      2.3660099E-02
   41.11640       4.365490       1.015390      2.3126399E-02
   39.91580       4.091710      0.9215100      2.2990400E-02
   38.71190       3.817710      0.8254200      2.2925699E-02
   37.49950       3.543480      0.7283400      2.3335001E-02
   36.27820       3.282960      0.6286900      2.3707001E-02
   34.98180       3.038610      0.5177500      2.3658499E-02
   66.39580       14.00000       2.513680     -0.3638190    
   65.47340       13.51980       2.444640     -9.2711598E-02
   64.55380       13.03300       2.379260      7.8535803E-02
   63.63720       12.53940       2.317710      9.2974298E-02
   62.72410       12.03880       2.260230      8.0390602E-02
   61.81470       11.53030       2.206870      7.6919101E-02
   60.91350       11.01660       2.158210      7.5074002E-02
   60.02090       10.52090       2.113540      7.4055202E-02
   59.13960       10.06500       2.071920      7.3819198E-02
   58.25100       9.623490       2.030680      7.1526103E-02
   57.35070       9.199880       1.991310      6.7354500E-02
   56.43990       8.794760       1.953340      6.2877603E-02
   55.51670       8.411440       1.911920      5.9035100E-02
   54.58640       8.049000       1.866960      5.6040701E-02
   53.63520       7.693800       1.816840      5.2230500E-02
   52.66700       7.350420       1.762930      4.7566101E-02
   51.68100       7.017640       1.705450      4.3170702E-02
   50.67560       6.695340       1.644750      3.9344698E-02
   49.64570       6.382420       1.580700      3.5728700E-02
   48.58930       6.077030       1.512720      3.2430399E-02
   47.51610       5.782210       1.441500      2.9676899E-02
   46.42120       5.494470       1.365990      2.7444599E-02
   45.30290       5.212050       1.285450      2.5575200E-02
   44.16190       4.934300       1.199480      2.4090599E-02
   43.00020       4.656870       1.109060      2.3096800E-02
   41.81950       4.378120       1.015260      2.2449801E-02
   40.63620       4.102060      0.9201500      2.2249701E-02
   39.45030       3.825890      0.8230000      2.2295600E-02
   38.25580       3.549240      0.7248900      2.2474499E-02
   37.05220       3.285970      0.6244900      2.2863001E-02
   35.77110       3.038610      0.5126600      2.3321999E-02
   66.53480       14.00000       2.509750     -0.3668600    
   65.63470       13.52300       2.441140     -0.1080570    
   64.73740       13.03960       2.376200      6.4648800E-02
   63.84300       12.54950       2.315110      8.9733101E-02
   62.95210       12.05260       2.258060      7.8244798E-02
   62.06490       11.54800       2.205110      7.4197203E-02
   61.18560       11.03830       2.156780      7.2188102E-02
   60.31590       10.54510       2.112500      7.1485899E-02
   59.45720       10.09120       2.071190      7.1615003E-02
   58.59320       9.652230       2.030310      6.9938801E-02
   57.71740       9.230010       1.991090      6.5911397E-02
   56.83120       8.825610       1.953460      6.1394401E-02
   55.93220       8.442360       1.912680      5.8266498E-02
   55.02540       8.079790       1.868420      5.5340100E-02
   54.09900       7.724680       1.819150      5.1456001E-02
   53.15520       7.380590       1.766040      4.7421101E-02
   52.19300       7.046900       1.709430      4.3451801E-02
   51.21120       6.723250       1.649510      3.9418299E-02
   50.20430       6.408790       1.586030      3.5634600E-02
   49.17070       6.101750       1.518410      3.2439899E-02
   48.11890       5.804930       1.447240      2.9796701E-02
   47.04490       5.515340       1.371600      2.7445599E-02
   45.94680       5.230890       1.290610      2.5373900E-02
   44.82540       4.951060       1.203860      2.3695700E-02
   43.68260       4.671670       1.112370      2.2598101E-02
   42.52020       4.390760       1.017390      2.1997200E-02
   41.35450       4.112410      0.9210500      2.1684200E-02
   40.18700       3.834080      0.8227600      2.1844100E-02
   39.01080       3.555010      0.7234100      2.2087000E-02
   37.82550       3.288980      0.6220700      2.2186300E-02
   36.56040       3.038610      0.5093900      2.2319701E-02
   66.67370       14.00000       2.506060     -0.3672310    
   65.79580       13.52620       2.437900     -0.1198140    
   64.92060       13.04610       2.373430      5.2450500E-02
   64.04820       12.55950       2.312810      8.6007804E-02
   63.17920       12.06640       2.256210      7.6275900E-02
   62.31390       11.56560       2.203670      7.1456403E-02
   61.45640       11.06000       2.155690      6.9504097E-02
   60.60920       10.56940       2.111800      6.9095701E-02
   59.77290       10.11740       2.070800      6.9192700E-02
   58.93290       9.681040       2.030320      6.7935400E-02
   58.08140       9.260210       1.991290      6.4520299E-02
   57.21950       8.856590       1.953970      6.0512699E-02
   56.34450       8.473390       1.913840      5.7434302E-02
   55.46090       8.110570       1.870280      5.4100499E-02
   54.55900       7.755680       1.821930      5.0807599E-02
   53.63940       7.410870       1.769670      4.7506198E-02
   52.70100       7.076260       1.713970      4.3434899E-02
   51.74260       6.751270       1.654930      3.9306000E-02
   50.75880       6.435250       1.592160      3.5864100E-02
   49.74800       6.126560       1.525060      3.2777298E-02
   48.71780       5.827710       1.454110      2.9906200E-02
   47.66490       5.536260       1.378540      2.7398501E-02
   46.58720       5.249770       1.297330      2.5316000E-02
   45.48580       4.967840       1.210040      2.3626000E-02
   44.36220       4.686480       1.117650      2.2357600E-02
   43.21850       4.403400       1.021600      2.1640100E-02
   42.07090       4.122750      0.9240300      2.1263599E-02
   40.92210       3.842280      0.8245100      2.1311499E-02
   39.76470       3.560790      0.7237100      2.1792401E-02
   38.59810       3.292000      0.6212100      2.1938801E-02
   37.34970       3.038610      0.5076700      2.1635400E-02
   66.81270       14.00000       2.502600     -0.3671840    
   65.95670       13.52940       2.434910     -0.1276250    
   65.10340       13.05270       2.370930      4.2557899E-02
   64.25280       12.56960       2.310790      8.1611402E-02
   63.40550       12.08010       2.254660      7.4345700E-02
   62.56200       11.58330       2.202540      6.8755902E-02
   61.72590       11.08160       2.154910      6.7037202E-02
   60.90090       10.59380       2.111420      6.6668697E-02
   60.08660       10.14370       2.070750      6.6565700E-02
   59.27020       9.709940       2.030690      6.5727003E-02
   58.44270       9.290490       1.991870      6.3286200E-02
   57.60460       8.887700       1.954850      5.9790701E-02
   56.75340       8.504540       1.915390      5.6326699E-02
   55.89280       8.141390       1.872540      5.3042501E-02
   55.01510       7.786780       1.825140      5.0413601E-02
   54.11960       7.441260       1.773750      4.7198702E-02
   53.20490       7.105720       1.719020      4.3266602E-02
   52.26990       6.779400       1.660940      3.9599098E-02
   51.30920       6.461810       1.598990      3.6238700E-02
   50.32130       6.151460       1.532560      3.2922000E-02
   49.31300       5.850560       1.461990      2.9997701E-02
   48.28120       5.557240       1.386670      2.7599599E-02
   47.22430       5.268700       1.305440      2.5528399E-02
   46.14300       4.984630       1.217830      2.3683900E-02
   45.03900       4.701300       1.124730      2.2206601E-02
   43.91440       4.416050       1.027690      2.1299100E-02
   42.78520       4.133090      0.9289000      2.0938000E-02
   41.65550       3.850480      0.8280500      2.0926701E-02
   40.51740       3.566570      0.7255800      2.1461200E-02
   39.37000       3.295020      0.6216800      2.1912800E-02
   38.13900       3.038610      0.5072600      2.1951299E-02
   66.95170       14.00000       2.499370     -0.3677690    
   66.11740       13.53260       2.432170     -0.1347580    
   65.28570       13.05920       2.368690      3.2249901E-02
   64.45670       12.57970       2.309050      7.6141201E-02
   63.63100       12.09390       2.253390      7.2409898E-02
   62.80890       11.60100       2.201700      6.6141300E-02
   61.99410       11.10330       2.154440      6.4641200E-02
   61.19100       10.61820       2.111340      6.4048998E-02
   60.39840       10.17010       2.071030      6.3881703E-02
   59.60500       9.738930       2.031400      6.3690402E-02
   58.80120       9.320860       1.992810      6.2190499E-02
   57.98680       8.918940       1.956070      5.8890399E-02
   57.15910       8.535810       1.917290      5.5238500E-02
   56.32130       8.172270       1.875150      5.2484501E-02
   55.46730       7.818000       1.828730      4.9862102E-02
   54.59580       7.471760       1.778250      4.6596300E-02
   53.70470       7.135290       1.724510      4.3370299E-02
   52.79310       6.807650       1.667470      3.9961200E-02
   51.85550       6.488470       1.606450      3.6326502E-02
   50.89060       6.176440       1.540810      3.3096101E-02
   49.90440       5.873490       1.470770      3.0418800E-02
   48.89400       5.578270       1.395860      2.7969399E-02
   47.85790       5.287660       1.314790      2.5708500E-02
   46.79720       5.001450       1.227080      2.3775700E-02
   45.71300       4.716130       1.133430      2.2270599E-02
   44.60780       4.428710       1.035510      2.1249199E-02
   43.49750       4.143440      0.9354900      2.0765601E-02
   42.38730       3.858680      0.8332100      2.0683100E-02
   41.26890       3.572350      0.7288600      2.1075500E-02
   40.14120       3.298050      0.6232800      2.1711700E-02
   38.92830       3.038610      0.5079100      2.2288701E-02
   67.09070       14.00000       2.496330     -0.3679910    
   66.27790       13.53580       2.429650     -0.1412180    
   65.46760       13.06580       2.366690      2.1737300E-02
   64.66000       12.58970       2.307570      6.9867797E-02
   63.85560       12.10760       2.252400      7.0547402E-02
   63.05480       11.61860       2.201160      6.3783400E-02
   62.26090       11.12500       2.154260      6.2233102E-02
   61.47940       10.64260       2.111570      6.1377302E-02
   60.70830       10.19650       2.071620      6.1274402E-02
   59.93730       9.768030       2.032450      6.1558601E-02
   59.15700       9.351310       1.994100      6.0556900E-02
   58.36590       8.950300       1.957620      5.7548199E-02
   57.56150       8.567200       1.919530      5.4285701E-02
   56.74630       8.203250       1.878110      5.1798601E-02
   55.91560       7.849330       1.832690      4.8957001E-02
   55.06800       7.502360       1.783130      4.6157300E-02
   54.20040       7.164950       1.730400      4.3351699E-02
   53.31220       6.836000       1.674470      3.9869901E-02
   52.39770       6.515220       1.614470      3.6463499E-02
   51.45590       6.201510       1.549730      3.3540402E-02
   50.49190       5.896500       1.480360      3.0764600E-02
   49.50300       5.599360       1.405990      2.8185699E-02
   48.48810       5.306670       1.325240      2.5988201E-02
   47.44810       5.018290       1.237620      2.4126399E-02
   46.38420       4.730970       1.143600      2.2528101E-02
   45.29880       4.441370       1.044880      2.1328500E-02
   44.20780       4.153780      0.9436300      2.0657999E-02
   43.11740       3.866890      0.8398200      2.0503299E-02
   42.01930       3.578140      0.7333800      2.0797299E-02
   40.91170       3.301080      0.6258400      2.1422500E-02
   39.71760       3.038610      0.5094300      2.2170801E-02
   67.22970       14.00000       2.493490     -0.3680850    
   66.43820       13.53900       2.427340     -0.1469730    
   65.64910       13.07230       2.364930      1.1219000E-02
   64.86270       12.59980       2.306340      6.2843598E-02
   64.07930       12.12140       2.251670      6.8645298E-02
   63.29960       11.63630       2.200900      6.1682399E-02
   62.52660       11.14660       2.154390      5.9773400E-02
   61.76620       10.66710       2.112110      5.8763701E-02
   61.01620       10.22300       2.072520      5.8865599E-02
   60.26720       9.797250       2.033840      5.9169900E-02
   59.51000       9.381840       1.995740      5.8415599E-02
   58.74190       8.981800       1.959510      5.6165501E-02
   57.96070       8.598730       1.922110      5.3459499E-02
   57.16800       8.234370       1.881430      5.0831702E-02
   56.36000       7.880750       1.836990      4.8147399E-02
   55.53620       7.533070       1.788380      4.5850400E-02
   54.69210       7.194720       1.736680      4.2965300E-02
   53.82720       6.864470       1.681890      3.9765600E-02
   52.93580       6.542070       1.622990      3.6795400E-02
   52.01710       6.226670       1.559250      3.3783600E-02
   51.07570       5.919600       1.490660      3.0927900E-02
   50.10850       5.620510       1.416960      2.8548900E-02
   49.11480       5.325720       1.336690      2.6441900E-02
   48.09590       5.035150       1.249320      2.4475800E-02
   47.05250       4.745820       1.155100      2.2760101E-02
   45.98740       4.454030       1.055660      2.1487299E-02
   44.91620       4.164130      0.9531800      2.0741601E-02
   43.84580       3.875110      0.8477500      2.0533901E-02
   42.76840       3.583940      0.7389900      2.0744599E-02
   41.68150       3.304120      0.6292000      2.1188600E-02
   40.50690       3.038610      0.5116100      2.1677900E-02
   67.36880       14.00000       2.490820     -0.3682830    
   66.59820       13.54220       2.425230     -0.1518750    
   65.83020       13.07890       2.363390      1.0873000E-03
   65.06470       12.60990       2.305350      5.5370901E-02
   64.30210       12.13510       2.251210      6.6787302E-02
   63.54330       11.65390       2.200920      5.9706599E-02
   62.79090       11.16830       2.154810      5.7244100E-02
   62.05140       10.69170       2.112940      5.6167200E-02
   61.32230       10.24960       2.073740      5.6465000E-02
   60.59450       9.826610       2.035570      5.6679100E-02
   59.86030       9.412460       1.997730      5.6299899E-02
   59.11500       9.013410       1.961750      5.4948099E-02
   58.35650       8.630380       1.925030      5.2411500E-02
   57.58610       8.265640       1.885090      4.9728200E-02
   56.80060       7.912270       1.841630      4.7550000E-02
   56.00040       7.563890       1.793970      4.5327298E-02
   55.17970       7.224570       1.743330      4.2619299E-02
   54.33800       6.893060       1.689690      3.9954301E-02
   53.46980       6.569010       1.631960      3.6899701E-02
   52.57430       6.251910       1.569310      3.3810701E-02
   51.65560       5.942800       1.501610      3.1303700E-02
   50.71030       5.641710       1.428680      2.9013701E-02
   49.73820       5.344820       1.349020      2.6766600E-02
   48.74060       5.052040       1.262050      2.4794500E-02
   47.71810       4.760670       1.167780      2.3156101E-02
   46.67350       4.466700       1.067710      2.1837600E-02
   45.62250       4.174480      0.9640000      2.0917900E-02
   44.57260       3.883320      0.8568400      2.0557700E-02
   43.51640       3.589730      0.7455600      2.0785600E-02
   42.45060       3.307160      0.6332100      2.1173401E-02
   41.29630       3.038610      0.5142900      2.1360699E-02
   67.50780       14.00000       2.488320     -0.3687260    
   66.75810       13.54530       2.423320     -0.1558350    
   66.01080       13.08540       2.362060     -9.5828101E-03
   65.26610       12.61990       2.304610      4.6046399E-02
   64.52420       12.14890       2.251010      6.4651698E-02
   63.78590       11.67160       2.201220      5.7792101E-02
   63.05390       11.18990       2.155540      5.4770801E-02
   62.33500       10.71630       2.114090      5.3814400E-02
   61.62640       10.27630       2.075290      5.3994499E-02
   60.91940       9.856060       2.037640      5.4208901E-02
   60.20790       9.443160       2.000080      5.4327998E-02
   59.48510       9.045120       1.964350      5.3542301E-02
   58.74910       8.662170       1.928280      5.1159099E-02
   58.00090       8.297070       1.889090      4.8729900E-02
   57.23740       7.943860       1.846600      4.6740402E-02
   56.46060       7.594830       1.799910      4.4487100E-02
   55.66330       7.254530       1.750320      4.2398699E-02
   54.84480       6.921760       1.697860      3.9968200E-02
   53.99980       6.596060       1.641360      3.6899898E-02
   53.12750       6.277230       1.579860      3.4114301E-02
   52.23180       5.966110       1.513150      3.1636000E-02
   51.30840       5.662970       1.441080      2.9216200E-02
   50.35810       5.363950       1.362130      2.7106000E-02
   49.38210       5.068970       1.275690      2.5268599E-02
   48.38090       4.775530       1.181520      2.3578299E-02
   47.35720       4.479380       1.080910      2.2164900E-02
   46.32680       4.184840      0.9759600      2.1161100E-02
   45.29770       3.891540      0.8669900      2.0650299E-02
   44.26310       3.595540      0.7529900      2.0868000E-02
   43.21900       3.310200      0.6377800      2.1382499E-02
   42.08550       3.038610      0.5173400      2.1716701E-02
   67.64680       14.00000       2.485960     -0.3697710    
   66.91770       13.54850       2.421580     -0.1593180    
   66.19100       13.09190       2.360950     -2.1399699E-02
   65.46680       12.63000       2.304090      3.4188200E-02
   64.74530       12.16260       2.251070      6.1703701E-02
   64.02740       11.68920       2.201810      5.5866301E-02
   63.31560       11.21150       2.156560      5.2301198E-02
   62.61700       10.74100       2.115550      5.1586900E-02
   61.92870       10.30300       2.077170      5.1551700E-02
   61.24180       9.885550       2.040060      5.1844299E-02
   60.55270       9.473960       2.002800      5.2288901E-02
   59.85220       9.076930       1.967320      5.1800501E-02
   59.13850       8.694080       1.931880      5.0001699E-02
   58.41220       8.328640       1.893440      4.7908001E-02
   57.67050       7.975490       1.851900      4.5738298E-02
   56.91680       7.625870       1.806190      4.3648198E-02
   56.14280       7.284590       1.757650      4.1909199E-02
   55.34750       6.950560       1.706380      3.9598200E-02
   54.52560       6.623200       1.651160      3.7125502E-02
   53.67660       6.302640       1.590870      3.4499701E-02
   52.80400       5.989520       1.525230      3.1740300E-02
   51.90290       5.684270       1.454100      2.9435201E-02
   50.97460       5.383130       1.375960      2.7488999E-02
   50.02050       5.085920       1.290150      2.5617700E-02
   49.04080       4.790410       1.196230      2.3892401E-02
   48.03850       4.492060       1.095140      2.2526801E-02
   47.02920       4.195200      0.9889700      2.1569200E-02
   46.02110       3.899760      0.8780900      2.0908900E-02
   45.00870       3.601340      0.7612000      2.0881301E-02
   43.98680       3.313250      0.6428200      2.1477200E-02
   42.87490       3.038610      0.5206400      2.2179600E-02
   67.78580       14.00000       2.483750     -0.3712190    
   67.07710       13.55170       2.420010     -0.1626030    
   66.37080       13.09850       2.360030     -3.1352699E-02
   65.66680       12.64000       2.303810      2.3307400E-02
   64.96560       12.17640       2.251390      5.8158599E-02
   64.26790       11.70680       2.202670      5.4070301E-02
   63.57600       11.23310       2.157900      4.9981300E-02
   62.89730       10.76580       2.117330      4.9229801E-02
   62.22900       10.32980       2.079380      4.9097698E-02
   61.56190       9.915050       2.042810      4.9601398E-02
   60.89490       9.504840       2.005890      5.0048798E-02
   60.21630       9.108840       1.970680      4.9853500E-02
   59.52470       8.726130       1.935830      4.8940402E-02
   58.82000       8.360340       1.898140      4.7025599E-02
   58.09980       8.007140       1.857520      4.4845901E-02
   57.36910       7.657040       1.812810      4.2985398E-02
   56.61830       7.314750       1.765310      4.1127201E-02
   55.84600       6.979480       1.715220      3.9163999E-02
   55.04740       6.650450       1.661320      3.7156500E-02
   54.22180       6.328130       1.602300      3.4571301E-02
   53.37240       6.013030       1.537800      3.2024100E-02
   52.49380       5.705640       1.467670      2.9804099E-02
   51.58770       5.402360       1.390430      2.7688799E-02
   50.65570       5.102910       1.305350      2.5866600E-02
   49.69800       4.805290       1.211790      2.4317199E-02
   48.71740       4.504750       1.110320      2.2921400E-02
   47.72950       4.205570       1.002920      2.1871200E-02
   46.74280       3.907980      0.8900700      2.1209501E-02
   45.75310       3.607150      0.7701000      2.1003000E-02
   44.75380       3.316310      0.6482700      2.1487501E-02
   43.66420       3.038610      0.5241300      2.2274800E-02
   67.92480       14.00000       2.481670     -0.3726180    
   67.23630       13.55490       2.418610     -0.1654450    
   66.55010       13.10500       2.359300     -3.8441099E-02
   65.86630       12.65010       2.303740      1.4141700E-02
   65.18500       12.19010       2.251950      5.3744499E-02
   64.50720       11.72440       2.203820      5.2398600E-02
   63.83520       11.25470       2.159550      4.7959600E-02
   63.17610       10.79060       2.119430      4.6846699E-02
   62.52750       10.35660       2.081940      4.6660598E-02
   61.87970       9.944490       2.045910      4.7337901E-02
   61.23430       9.535800       2.009360      4.7775701E-02
   60.57740       9.140830       1.974430      4.8009198E-02
   59.90760       8.758310       1.940140      4.7726300E-02
   59.22450       8.392170       1.903190      4.6018500E-02
   58.52560       8.038780       1.863450      4.4173300E-02
   57.81750       7.688320       1.819760      4.2380601E-02
   57.08970       7.345020       1.773300      4.0446099E-02
   56.34050       7.008510       1.724390      3.8796000E-02
   55.56520       6.677790       1.671830      3.6801901E-02
   54.76290       6.353700       1.614120      3.4575999E-02
   53.93690       6.036630       1.550830      3.2362498E-02
   53.08110       5.727050       1.481760      3.0056501E-02
   52.19740       5.421620       1.405480      2.7978700E-02
   51.28780       5.119930       1.321210      2.6212901E-02
   50.35230       4.820180       1.228120      2.4607699E-02
   49.39390       4.517440       1.126340      2.3170499E-02
   48.42780       4.215960       1.017740      2.2103701E-02
   47.46290       3.916210      0.9028400      2.1499800E-02
   46.49630       3.612970      0.7796700      2.1272400E-02
   45.52010       3.319370      0.6541100      2.1560000E-02
   44.45350       3.038610      0.5277600      2.2064600E-02
   68.06390       14.00000       2.479700     -0.3741650    
   67.39530       13.55810       2.417350     -0.1676970    
   66.72910       13.11160       2.358760     -4.4300500E-02
   66.06500       12.66010       2.303900      4.7793100E-03
   65.40360       12.20380       2.252760      4.8208099E-02
   64.74550       11.74200       2.205250      5.0689101E-02
   64.09300       11.27630       2.161500      4.6062302E-02
   63.45320       10.81540       2.121860      4.4576399E-02
   62.82400       10.38350       2.084840      4.4428401E-02
   62.19530       9.973840       2.049340      4.5022599E-02
   61.57110       9.566840       2.013210      4.5504700E-02
   60.93570       9.172900       1.978590      4.6138600E-02
   60.28730       8.790630       1.944820      4.6159901E-02
   59.62550       8.424110       1.908590      4.4997402E-02
   58.94780       8.070400       1.869710      4.3436099E-02
   58.26180       7.719730       1.827040      4.1644000E-02
   57.55710       7.375400       1.781620      3.9986599E-02
   56.83100       7.037640       1.733860      3.8406100E-02
   56.07880       6.705240       1.682670      3.6500599E-02
   55.30000       6.379360       1.626310      3.4628998E-02
   54.49750       6.060340       1.564280      3.2418199E-02
   53.66470       5.748510       1.496310      3.0265100E-02
   52.80360       5.440930       1.421060      2.8382400E-02
   51.91670       5.136990       1.337650      2.6503799E-02
   51.00380       4.835070       1.245150      2.4794700E-02
   50.06790       4.530140       1.143130      2.3430100E-02
   49.12420       4.226350       1.033350      2.2345200E-02
   48.18140       3.924430      0.9163600      2.1619700E-02
   47.23830       3.618780      0.7898700      2.1421200E-02
   46.28580       3.322430      0.6603400      2.1725699E-02
   45.24280       3.038610      0.5315300      2.2193801E-02
   68.20290       14.00000       2.477850     -0.3760770    
   67.55410       13.56130       2.416240     -0.1695870    
   66.90760       13.11810       2.358390     -4.9159300E-02
   66.26320       12.67020       2.304260     -4.4790599E-03
   65.62130       12.21750       2.253820      4.1990601E-02
   64.98270       11.75960       2.206950      4.9031001E-02
   64.34950       11.29790       2.163760      4.4355799E-02
   63.72880       10.84040       2.124610      4.2514000E-02
   63.11870       10.41050       2.088090      4.2465001E-02
   62.50880       10.00310       2.053100      4.2926099E-02
   61.90520       9.597960       2.017440      4.3474901E-02
   61.29100       9.205060       1.983150      4.4191800E-02
   60.66380       8.823080       1.949850      4.4447102E-02
   60.02320       8.456180       1.914350      4.4066299E-02
   59.36660       8.102000       1.876280      4.2607401E-02
   58.70220       7.751260       1.834650      4.0908702E-02
   58.02050       7.405880       1.790250      3.9459899E-02
   57.31740       7.066880       1.743640      3.7895601E-02
   56.58840       6.732790       1.693830      3.6360499E-02
   55.83320       6.405110       1.638840      3.4568101E-02
   55.05430       6.084130       1.578120      3.2462701E-02
   54.24470       5.770030       1.511280      3.0500200E-02
   53.40650       5.460290       1.437120      2.8543301E-02
   52.54250       5.154080       1.354630      2.6749499E-02
   51.65260       4.849980       1.262790      2.5170799E-02
   50.73950       4.542840       1.160620      2.3689600E-02
   49.81850       4.236750       1.049700      2.2453301E-02
   48.89820       3.932650      0.9306000      2.1654099E-02
   47.97910       3.624600      0.8006900      2.1437701E-02
   47.05070       3.325500      0.6669700      2.1809701E-02
   46.03210       3.038610      0.5354600      2.2451300E-02
   68.34190       14.00000       2.476100     -0.3782490    
   67.71270       13.56450       2.415260     -0.1713300    
   67.08560       13.12460       2.358190     -5.2867699E-02
   66.46070       12.68020       2.304820     -1.3506300E-02
   65.83810       12.23120       2.255110      3.4726098E-02
   65.21880       11.77720       2.208910      4.7235601E-02
   64.60480       11.31950       2.166310      4.2833600E-02
   64.00270       10.86540       2.127670      4.0594801E-02
   63.41160       10.43760       2.091670      4.0552501E-02
   62.82040       10.03220       2.057180      4.0980499E-02
   62.23660       9.629150       2.022030      4.1650400E-02
   61.64330       9.237310       1.988090      4.2406600E-02
   61.03720       8.855670       1.955240      4.2948700E-02
   60.41740       8.488370       1.920450      4.3017201E-02
   59.78190       8.133620       1.883170      4.1796099E-02
   59.13860       7.782900       1.842570      4.0331099E-02
   58.47980       7.436470       1.799180      3.8813598E-02
   57.79970       7.096220       1.753700      3.7370302E-02
   57.09400       6.760450       1.705270      3.6091499E-02
   56.36230       6.430950       1.651690      3.4409001E-02
   55.60710       6.108010       1.592310      3.2664999E-02
   54.82120       5.791590       1.526650      3.0674700E-02
   54.00600       5.479690       1.453600      2.8682699E-02
   53.16520       5.171210       1.372090      2.7005199E-02
   52.29850       4.864890       1.280990      2.5390500E-02
   51.40870       4.555560       1.178750      2.3877200E-02
   50.51080       4.247160       1.066740      2.2659300E-02
   49.61330       3.940870      0.9455200      2.1732600E-02
   48.71880       3.630420      0.8121600      2.1268699E-02
   47.81500       3.328570      0.6740700      2.1612599E-02
   46.82140       3.038610      0.5396100      2.2391001E-02
   68.48090       14.00000       2.474450     -0.3804900    
   67.87100       13.56770       2.414420     -0.1729150    
   67.26320       13.13120       2.358150     -5.5647600E-02
   66.65750       12.69030       2.305580     -2.3414301E-02
   66.05410       12.24490       2.256620      2.5234999E-02
   65.45380       11.79480       2.211130      4.4939999E-02
   64.85870       11.34100       2.169150      4.1592900E-02
   64.27510       10.89050       2.131040      3.8988400E-02
   63.70260       10.46470       2.095570      3.8765699E-02
   63.12990       10.06120       2.061590      3.9167002E-02
   62.56540       9.660410       2.026990      3.9859701E-02
   61.99280       9.269650       1.993410      4.0695701E-02
   61.40730       8.888400       1.960980      4.1511599E-02
   60.80830       8.520690       1.926880      4.1790701E-02
   60.19390       8.165300       1.890370      4.1082099E-02
   59.57120       7.814650       1.850800      3.9765701E-02
   58.93520       7.467170       1.808400      3.8285598E-02
   58.27790       7.125660       1.764030      3.6945701E-02
   57.59550       6.788220       1.716970      3.5638999E-02
   56.88740       6.456870       1.664830      3.4303799E-02
   56.15600       6.131970       1.606820      3.2759801E-02
   55.39400       5.813200       1.542370      3.0833000E-02
   54.60200       5.499140       1.470480      2.9003400E-02
   53.78470       5.188370       1.389980      2.7196201E-02
   52.94170       4.879810       1.299670      2.5481701E-02
   52.07550       4.568280       1.197460      2.4037400E-02
   51.20110       4.257570       1.084420      2.2820000E-02
   50.32680       3.949080      0.9611000      2.1809701E-02
   49.45730       3.636240      0.8242800      2.1160200E-02
   48.57850       3.331650      0.6817100      2.1313600E-02
   47.61060       3.038610      0.5440700      2.1935800E-02
   68.62000       14.00000       2.472900     -0.3829110    
   68.02920       13.57090       2.413700     -0.1744750    
   67.44040       13.13770       2.358270     -5.8055598E-02
   66.85370       12.70030       2.306520     -3.3367600E-02
   66.26920       12.25870       2.258340      1.4705700E-02
   65.68770       11.81240       2.213590      4.1996598E-02
   65.11130       11.36250       2.172250      4.0675599E-02
   64.54590       10.91560       2.134700      3.7789200E-02
   63.99170       10.49190       2.099780      3.7302900E-02
   63.43750       10.09020       2.066290      3.7656900E-02
   62.89150       9.691760       2.032280      3.8263801E-02
   62.33930       9.302080       1.999080      3.9102599E-02
   61.77430       8.921270       1.967040      3.9997801E-02
   61.19590       8.553140       1.933630      4.0521301E-02
   60.60230       8.197090       1.897860      4.0464200E-02
   59.99980       7.846520       1.859310      3.9284602E-02
   59.38650       7.497980       1.817880      3.7995100E-02
   58.75220       7.155200       1.774600      3.6678702E-02
   58.09300       6.816090       1.728910      3.5325501E-02
   57.40860       6.482890       1.678220      3.4150399E-02
   56.70110       6.156010       1.621610      3.2635201E-02
   55.96320       5.834870       1.558390      3.1037400E-02
   55.19470       5.518630       1.487700      2.9255100E-02
   54.40110       5.205570       1.408240      2.7407501E-02
   53.58200       4.894730       1.318800      2.5776999E-02
   52.73980       4.581010       1.216710      2.4149099E-02
   51.88930       4.268000       1.102710      2.2727299E-02
   51.03870       3.957300      0.9773500      2.1780301E-02
   50.19450       3.642060      0.8371100      2.1168200E-02
   49.34140       3.334730      0.6899900      2.1110000E-02
   48.39990       3.038610      0.5489600      2.1446001E-02
   68.75900       14.00000       2.471450     -0.3857550    
   68.18710       13.57410       2.413100     -0.1761900    
   67.61720       13.14420       2.358540     -6.0275201E-02
   67.04920       12.71030       2.307630     -4.0660899E-02
   66.48340       12.27240       2.260260      6.0668602E-03
   65.92060       11.83000       2.216270      3.8467500E-02
   65.36270       11.38410       2.175600      3.9841902E-02
   64.81520       10.94080       2.138610      3.6728799E-02
   64.27900       10.51910       2.104260      3.5957500E-02
   63.74300       10.11930       2.071290      3.6267601E-02
   63.21500       9.723220       2.037880      3.6816601E-02
   62.68290       9.334600       2.005070      3.7660699E-02
   62.13810       8.954290       1.973400      3.8584199E-02
   61.58010       8.585730       1.940670      3.9278898E-02
   61.00730       8.229000       1.905640      3.9554700E-02
   60.42460       7.878490       1.868060      3.8729999E-02
   59.83390       7.528900       1.827600      3.7565101E-02
   59.22240       7.184840       1.785390      3.6307599E-02
   58.58640       6.844080       1.741030      3.5074301E-02
   57.92580       6.509000       1.691820      3.3895899E-02
   57.24220       6.180140       1.636630      3.2615501E-02
   56.52880       5.856610       1.574690      3.1181000E-02
   55.78390       5.538170       1.505210      2.9394399E-02
   55.01440       5.222800       1.426830      2.7667100E-02
   54.21950       4.909660       1.338300      2.5990199E-02
   53.40170       4.593740       1.236430      2.4319099E-02
   52.57560       4.278430       1.121590      2.2801600E-02
   51.74890       3.965510      0.9942700      2.1579800E-02
   50.93060       3.647890      0.8506900      2.0850500E-02
   50.10350       3.337820      0.6990100      2.0858301E-02
   49.18920       3.038610      0.5544200      2.1328099E-02
   68.89800       14.00000       2.470090     -0.3888200    
   68.34480       13.57730       2.412630     -0.1778180    
   67.79350       13.15080       2.358940     -6.2018700E-02
   67.24410       12.72040       2.308900     -4.6047602E-02
   66.69680       12.28610       2.262360     -1.7332199E-03
   66.15230       11.84750       2.219150      3.4019601E-02
   65.61270       11.40560       2.179170      3.8988601E-02
   65.08290       10.96600       2.142760      3.5913199E-02
   64.56440       10.54640       2.108990      3.4802001E-02
   64.04650       10.14840       2.076530      3.5025898E-02
   63.53580       9.754790       2.043750      3.5564400E-02
   63.02360       9.367220       2.011350      3.6372099E-02
   62.49880       8.987450       1.980020      3.7299301E-02
   61.96100       8.618450       1.947950      3.8118500E-02
   61.40870       8.261090       1.913650      3.8546100E-02
   60.84550       7.910560       1.877040      3.8259201E-02
   60.27720       7.559930       1.837520      3.7125599E-02
   59.68860       7.214580       1.796360      3.5902102E-02
   59.07590       6.872180       1.753300      3.4754500E-02
   58.43890       6.535200       1.705580      3.3599202E-02
   57.77950       6.204340       1.651840      3.2507502E-02
   57.09080       5.878420       1.591200      3.1120701E-02
   56.36980       5.557760       1.522960      2.9605901E-02
   55.62450       5.240060       1.445700      2.7903000E-02
   54.85420       4.924600       1.358120      2.6081899E-02
   54.06120       4.606480       1.256590      2.4465701E-02
   53.25980       4.288860       1.141020      2.2944599E-02
   52.45750       3.973710       1.011870      2.1509700E-02
   51.66550       3.653710      0.8650900      2.0471301E-02
   50.86500       3.340910      0.7089000      2.0346399E-02
   49.97850       3.038610      0.5606300      2.0784300E-02
   69.03700       14.00000       2.468830     -0.3921450    
   68.50230       13.58050       2.412260     -0.1793190    
   67.96940       13.15730       2.359480     -6.3069098E-02
   67.43830       12.73040       2.310320     -5.0297201E-02
   66.90930       12.29970       2.264620     -9.6925097E-03
   66.38290       11.86510       2.222200      2.8572900E-02
   65.86140       11.42710       2.182930      3.8134798E-02
   65.34910       10.99130       2.147110      3.5651200E-02
   64.84800       10.57380       2.113930      3.4230702E-02
   64.34780       10.17760       2.081990      3.4279902E-02
   63.85380       9.786510       2.049850      3.4798700E-02
   63.36140       9.399940       2.017860      3.5548601E-02
   62.85640       9.020730       1.986880      3.6370300E-02
   62.33850       8.651320       1.955450      3.7227001E-02
   61.80660       8.293330       1.921870      3.7805598E-02
   61.26260       7.942700       1.886170      3.7902702E-02
   60.71660       7.591070       1.847590      3.6937200E-02
   60.15070       7.244410       1.807470      3.5704199E-02
   59.56120       6.900390       1.765670      3.4464300E-02
   58.94820       6.561490       1.719460      3.3283599E-02
   58.31290       6.228620       1.667180      3.2186501E-02
   57.64910       5.900310       1.607870      3.1007400E-02
   56.95220       5.577390       1.540910      2.9676599E-02
   56.23150       5.257360       1.464780      2.8016901E-02
   55.48610       4.939550       1.378200      2.6299199E-02
   54.71830       4.619230       1.277130      2.4505099E-02
   53.94200       4.299310       1.160970      2.2868600E-02
   53.16440       3.981910       1.030150      2.1515300E-02
   52.39920       3.659540      0.8803700      2.0285800E-02
   51.62580       3.344010      0.7198200      1.9791599E-02
   50.76780       3.038610      0.5677900      1.9881800E-02
   69.17610       14.00000       2.467680     -0.3958600    
   68.65960       13.58360       2.412020     -0.1808820    
   68.14490       13.16380       2.360140     -6.3817799E-02
   67.63200       12.74040       2.311860     -5.3382002E-02
   67.12100       12.31340       2.267020     -1.8316301E-02
   66.61250       11.88260       2.225400      2.1183200E-02
   66.10870       11.44860       2.186840      3.6997698E-02
   65.61370       11.01650       2.151610      3.5823502E-02
   65.12980       10.60130       2.119010      3.4127198E-02
   64.64700       10.20690       2.087610      3.3970300E-02
   64.16900       9.818380       2.056120      3.4395400E-02
   63.69630       9.432760       2.024540      3.5071701E-02
   63.21080       9.054130       1.993910      3.5762399E-02
   62.71270       8.684330       1.963090      3.6583699E-02
   62.20090       8.325720       1.930230      3.7207998E-02
   61.67610       7.974890       1.895410      3.7432902E-02
   61.15200       7.622330       1.857760      3.6833100E-02
   60.60890       7.274340       1.818650      3.5633400E-02
   60.04260       6.928710       1.778070      3.4373000E-02
   59.45340       6.587880       1.733390      3.3158101E-02
   58.84240       6.252980       1.682590      3.1975299E-02
   58.20380       5.922280       1.624640      3.0830899E-02
   57.53120       5.597070       1.558980      2.9471399E-02
   56.83530       5.274700       1.484030      2.7999399E-02
   56.11520       4.954510       1.398480      2.6387500E-02
   55.37290       4.631980       1.298010      2.4551900E-02
   54.62220       4.309760       1.181430      2.2778200E-02
   53.86980       3.990110       1.049130      2.1266300E-02
   53.13170       3.665360      0.8966000      2.0018199E-02
   52.38580       3.347110      0.7319100      1.9380800E-02
   51.55710       3.038610      0.5760900      1.9275300E-02
   69.31510       14.00000       2.466640     -0.3998980    
   68.81670       13.58680       2.411890     -0.1824450    
   68.31990       13.17030       2.360910     -6.4339601E-02
   67.82490       12.75050       2.313530     -5.5705901E-02
   67.33170       12.32710       2.269530     -2.7247701E-02
   66.84090       11.90020       2.228710      1.2242400E-02
   66.35480       11.47010       2.190860      3.5270900E-02
   65.87690       11.04180       2.156230      3.6292899E-02
   65.40980       10.62880       2.124210      3.4379501E-02
   64.94410       10.23620       2.093340      3.3961501E-02
   64.48150       9.850380       2.062500      3.4224100E-02
   64.02830       9.465680       2.031330      3.4802400E-02
   63.56220       9.087630       2.001050      3.5389200E-02
   63.08360       8.717470       1.970820      3.6145002E-02
   62.59170       8.358260       1.938660      3.6789201E-02
   62.08610       8.007100       1.904690      3.7101701E-02
   61.58340       7.653710       1.867960      3.6858801E-02
   61.06300       7.304370       1.829850      3.5744399E-02
   60.52000       6.957130       1.790450      3.4452301E-02
   59.95470       6.614360       1.747290      3.3140101E-02
   59.36800       6.277420       1.697990      3.1857502E-02
   58.75480       5.944330       1.641440      3.0617200E-02
   58.10690       5.616810       1.577100      2.9341999E-02
   57.43600       5.292070       1.503370      2.7928101E-02
   56.74150       4.969490       1.418910      2.6221899E-02
   56.02510       4.644740       1.319170      2.4443200E-02
   55.30030       4.320210       1.202360      2.2600200E-02
   54.57350       3.998300       1.068830      2.0898901E-02
   53.86300       3.671190      0.9138600      1.9508701E-02
   53.14520       3.350210      0.7453400      1.8769801E-02
   52.34630       3.038610      0.5857700      1.8633099E-02
   69.45410       14.00000       2.465710     -0.4044220    
   68.97350       13.59000       2.411870     -0.1840990    
   68.49450       13.17690       2.361800     -6.4683601E-02
   68.01720       12.76050       2.315290     -5.7308100E-02
   67.54160       12.34080       2.272140     -3.3398300E-02
   67.06830       11.91770       2.232100      5.1524201E-03
   66.59960       11.49160       2.194950      3.3177301E-02
   66.13840       11.06710       2.160900      3.7001900E-02
   65.68790       10.65640       2.129440      3.5220802E-02
   65.23900       10.26570       2.099100      3.4519799E-02
   64.79140       9.882440       2.068900      3.4620799E-02
   64.35740       9.498690       2.038160      3.5026100E-02
   63.91040       9.121230       2.008240      3.5460498E-02
   63.45110       8.750760       1.978560      3.6049299E-02
   62.97900       8.390920       1.947090      3.6667001E-02
   62.49270       8.039300       1.913930      3.6960900E-02
   62.01080       7.685200       1.878130      3.6853299E-02
   61.51310       7.334510       1.840980      3.5949100E-02
   60.99330       6.985670       1.802720      3.4586798E-02
   60.45200       6.640940       1.761080      3.3196200E-02
   59.88980       6.301940       1.713290      3.1825900E-02
   59.30200       5.966490       1.658180      3.0477300E-02
   58.67910       5.636590       1.595200      2.9188501E-02
   58.03360       5.309470       1.522730      2.7713301E-02
   57.36490       4.984470       1.439410      2.6050000E-02
   56.67490       4.657510       1.340540      2.4192501E-02
   55.97640       4.330670       1.223730      2.2284700E-02
   55.27560       4.006480       1.089240      2.0445799E-02
   54.59310       3.677010      0.9322200      1.8704800E-02
   53.90380       3.353320      0.7602500      1.7771199E-02
   53.13550       3.038610      0.5970600      1.7581601E-02
   69.59320       14.00000       2.464910     -0.4094980    
   69.13020       13.59320       2.411960     -0.1859510    
   68.66870       13.18340       2.362770     -6.4941302E-02
   68.20880       12.77050       2.317130     -5.8720499E-02
   67.75060       12.35450       2.274800     -3.7932400E-02
   67.29460       11.93520       2.235520     -1.1053000E-03
   66.84300       11.51300       2.199060      3.0151101E-02
   66.39850       11.09240       2.165580      3.7661798E-02
   65.96430       10.68410       2.134650      3.6589101E-02
   65.53190       10.29520       2.104820      3.5587002E-02
   65.09890       9.914500       2.075250      3.5478499E-02
   64.68370       9.531810       2.044930      3.5658602E-02
   64.25560       9.154930       2.015390      3.5927702E-02
   63.81540       8.784190       1.986230      3.6286801E-02
   63.36290       8.423720       1.955440      3.6784600E-02
   62.89600       8.071480       1.923050      3.7023999E-02
   62.43420       7.716830       1.888170      3.6970802E-02
   61.95920       7.364760       1.851970      3.6353100E-02
   61.46270       7.014300       1.814800      3.4979202E-02
   60.94540       6.667610       1.774670      3.3474401E-02
   60.40770       6.326540       1.728420      3.1957000E-02
   59.84550       5.988730       1.674780      3.0441299E-02
   59.24800       5.656420       1.613190      2.8995700E-02
   58.62800       5.326920       1.542040      2.7491000E-02
   57.98560       4.999480       1.459920      2.5857201E-02
   57.32220       4.670290       1.362080      2.3937900E-02
   56.65050       4.341140       1.245500      2.1900101E-02
   55.97610       4.014650       1.110380      1.9890601E-02
   55.32200       3.682830      0.9517300      1.7962500E-02
   54.66180       3.356440      0.7768100      1.6662300E-02
   53.92470       3.038610      0.6102000      1.5954901E-02
   69.73220       14.00000       2.464240     -0.4152100    
   69.28660       13.59640       2.412160     -0.1880370    
   68.84240       13.18990       2.363840     -6.5016799E-02
   68.39980       12.78050       2.319030     -5.9377801E-02
   67.95880       12.36820       2.277490     -4.1335400E-02
   67.51980       11.95270       2.238950     -8.2388800E-03
   67.08510       11.53450       2.203140      2.5393400E-02
   66.65710       11.11770       2.170210      3.8197599E-02
   66.23880       10.71190       2.139780      3.8394801E-02
   65.82270       10.32490       2.110430      3.7078999E-02
   65.40420       9.946520       2.081440      3.6708601E-02
   65.00710       9.565010       2.051560      3.6708500E-02
   64.59770       9.188720       2.022400      3.6823001E-02
   64.17640       8.817770       1.993740      3.6975499E-02
   63.74330       8.456640       1.963610      3.7228800E-02
   63.29610       8.103640       1.931960      3.7400700E-02
   62.85370       7.748570       1.898000      3.7325200E-02
   62.40130       7.395110       1.862720      3.6868699E-02
   61.92810       7.043040       1.826610      3.5623498E-02
   61.43480       6.694390       1.787980      3.3987101E-02
   60.92180       6.351210       1.743260      3.2326002E-02
   60.38520       6.011070       1.691130      3.0604901E-02
   59.81340       5.676290       1.630970      2.8946100E-02
   59.21930       5.344390       1.561200      2.7328800E-02
   58.60340       5.014500       1.480350      2.5560400E-02
   57.96710       4.683070       1.383700      2.3609901E-02
   57.32250       4.351600       1.267620      2.1398600E-02
   56.67500       4.022820       1.132230      1.9260200E-02
   56.04970       3.688660      0.9724700      1.7254800E-02
   55.41900       3.359550      0.7951500      1.5618700E-02
   54.71390       3.038610      0.6254100      1.4428400E-02
   69.87130       14.00000       2.463710     -0.4216280    
   69.44280       13.59960       2.412480     -0.1902750    
   69.01570       13.19650       2.364980     -6.4953797E-02
   68.59010       12.79050       2.320970     -5.9587300E-02
   68.16610       12.38180       2.280180     -4.3350600E-02
   67.74380       11.97030       2.242340     -1.5584200E-02
   67.32600       11.55590       2.207150      1.8928800E-02
   66.91410       11.14290       2.174720      3.8188599E-02
   66.51160       10.73970       2.144740      4.0481400E-02
   66.11150       10.35460       2.115860      3.9189700E-02
   65.70750       9.978410       2.087380      3.8525201E-02
   65.32770       9.598300       2.057970      3.8325202E-02
   64.93670       9.222600       2.029180      3.8175698E-02
   64.53420       8.851500       2.000990      3.8135901E-02
   64.12030       8.489690       1.971520      3.8086601E-02
   63.69290       8.135820       1.940580      3.8113002E-02
   63.26920       7.780430       1.907530      3.7934698E-02
   62.83940       7.425570       1.873140      3.7512898E-02
   62.38940       7.071890       1.838050      3.6480699E-02
   61.92020       6.721250       1.800880      3.4770399E-02
   61.43200       6.375960       1.757720      3.2912999E-02
   60.92120       6.033500       1.707140      3.0990399E-02
   60.37550       5.696220       1.648450      2.9095700E-02
   59.80750       5.361910       1.580120      2.7284300E-02
   59.21840       5.029540       1.500620      2.5414700E-02
   58.60950       4.695860       1.405330      2.3357300E-02
   57.99250       4.362080       1.290030      2.1026300E-02
   57.37230       4.030970       1.154780      1.8610300E-02
   56.77620       3.694480      0.9944600      1.6294001E-02
   56.17540       3.362680      0.8154100      1.4552400E-02
   55.50300       3.038610      0.6429300      1.3336100E-02
   70.01030       14.00000       2.463320     -0.4289250    
   69.59880       13.60280       2.412900     -0.1927400    
   69.18860       13.20300       2.366190     -6.4696804E-02
   68.77980       12.80050       2.322930     -5.9469201E-02
   68.37250       12.39550       2.282850     -4.4414800E-02
   67.96680       11.98780       2.245650     -2.1194700E-02
   67.56540       11.57740       2.211030      1.2948300E-02
   67.16960       11.16820       2.179050      3.7473802E-02
   66.78260       10.76750       2.149480      4.2617202E-02
   66.39820       10.38440       2.121010      4.1886199E-02
   66.00910       10.01010       2.092990      4.0836301E-02
   65.64560       9.631670       2.064040      4.0417500E-02
   65.27270       9.256590       2.035630      3.9992601E-02
   64.88870       8.885380       2.007870      3.9733499E-02
   64.49390       8.522880       1.979050      3.9404400E-02
   64.08630       8.168070       1.948800      3.9168701E-02
   63.68080       7.812410       1.916650      3.8878702E-02
   63.27350       7.456130       1.883130      3.8365301E-02
   62.84680       7.100830       1.849020      3.7405401E-02
   62.40170       6.748230       1.813280      3.5727501E-02
   61.93830       6.400800       1.771690      3.3664800E-02
   61.45340       6.056010       1.722680      3.1560801E-02
   60.93410       5.716180       1.665510      2.9423101E-02
   60.39250       5.379460       1.598700      2.7355000E-02
   59.83050       5.044610       1.520650      2.5315201E-02
   59.24940       4.708650       1.426880      2.3083501E-02
   58.66040       4.372550       1.312690      2.0676000E-02
   58.06800       4.039120       1.178010      1.8054500E-02
   57.50140       3.700300       1.017750      1.5406900E-02
   56.93120       3.365800      0.8377000      1.3366300E-02
   56.29210       3.038610      0.6629600      1.1919400E-02
   70.14930       14.00000       2.463080     -0.4371540    
   69.75460       13.60600       2.413430     -0.1954940    
   69.36110       13.20950       2.367460     -6.4325698E-02
   68.96890       12.81060       2.324890     -5.8993399E-02
   68.57800       12.40920       2.285450     -4.4866800E-02
   68.18870       12.00520       2.248840     -2.4846900E-02
   67.80360       11.59880       2.214730      8.0341101E-03
   67.42360       11.19350       2.183160      3.6072198E-02
   67.05180       10.79550       2.153930      4.4747502E-02
   66.68290       10.41420       2.125820      4.4962499E-02
   66.30890       10.04180       2.098180      4.3545600E-02
   65.96060       9.665130       2.069690      4.2920198E-02
   65.60560       9.290680       2.041630      4.2325500E-02
   65.23990       8.919410       2.014290      4.1765399E-02
   64.86410       8.556200       1.986110      4.1162599E-02
   64.47630       8.200430       1.956530      4.0546302E-02
   64.08850       7.844500       1.925250      4.0024001E-02
   63.70360       7.486810       1.892580      3.9282199E-02
   63.30020       7.129870       1.859410      3.8246501E-02
   62.87930       6.775300       1.825060      3.6682799E-02
   62.44080       6.425720       1.785040      3.4490298E-02
   61.98180       6.078600       1.737640      3.2097399E-02
   61.48940       5.736200       1.682050      2.9672701E-02
   60.97430       5.397040       1.616830      2.7298700E-02
   60.43980       5.059700       1.540330      2.5003299E-02
   59.88690       4.721450       1.448270      2.2627700E-02
   59.32630       4.383030       1.335500      2.0083100E-02
   58.76210       4.047260       1.201880      1.7409701E-02
   58.22540       3.706120       1.042320      1.4568700E-02
   57.68610       3.368940      0.8620900      1.2091000E-02
   57.08100       3.038610      0.6856900      1.0193400E-02
   70.28830       14.00000       2.463000     -0.4465260    
   69.91010       13.60910       2.414050     -0.1985800    
   69.53310       13.21600       2.368760     -6.3806400E-02
   69.15720       12.82060       2.326830     -5.8340099E-02
   68.78270       12.42280       2.287960     -4.4962902E-02
   68.40950       12.02270       2.251870     -2.7428901E-02
   68.04040       11.62020       2.218200      2.4302399E-03
   67.67610       11.21870       2.186970      3.2777298E-02
   67.31920       10.82360       2.158010      4.6419598E-02
   66.96560       10.44420       2.130200      4.8244201E-02
   66.60680       10.07330       2.102890      4.6819001E-02
   66.27280       9.698690       2.074830      4.5916401E-02
   65.93550       9.324870       2.047100      4.5130402E-02
   65.58790       8.953590       2.020130      4.4154901E-02
   65.23090       8.589670       1.992580      4.3185499E-02
   64.86280       8.232930       1.963670      4.2142902E-02
   64.49230       7.876700       1.933230      4.1310702E-02
   64.12980       7.517590       1.901380      4.0423099E-02
   63.74960       7.159000       1.869120      3.9259899E-02
   63.35280       6.802480       1.836090      3.7773401E-02
   62.93940       6.450720       1.797660      3.5606999E-02
   62.50650       6.101270       1.751900      3.2927100E-02
   62.04130       5.756250       1.697940      3.0209299E-02
   61.55300       5.414670       1.634400      2.7508600E-02
   61.04630       5.074810       1.559570      2.4878200E-02
   60.52190       4.734260       1.469400      2.2290001E-02
   59.99010       4.393510       1.358400      1.9528899E-02
   59.45450       4.055390       1.226320      1.6655499E-02
   58.94810       3.711940       1.068180      1.3607400E-02
   58.44040       3.372070      0.8886500      1.0817000E-02
   57.87000       3.038610      0.7112700      8.3945300E-03
   70.42740       14.00000       2.463070     -0.4572540    
   70.06550       13.61230       2.414780     -0.2021670    
   69.70470       13.22260       2.370090     -6.3320801E-02
   69.34500       12.83060       2.328720     -5.7553399E-02
   68.98640       12.43650       2.290360     -4.4351399E-02
   68.62920       12.04020       2.254710     -2.8625401E-02
   68.27590       11.64160       2.221400     -3.7086799E-03
   67.92700       11.24390       2.190440      2.7452700E-02
   67.58490       10.85170       2.161680      4.7204800E-02
   67.24620       10.47420       2.134100      5.1520400E-02
   66.90270       10.10490       2.107030      5.0605498E-02
   66.58220       9.732380       2.079380      4.9338099E-02
   66.26230       9.359170       2.051930      4.8239000E-02
   65.93270       8.987930       2.025310      4.6828602E-02
   65.59430       8.623290       1.998380      4.5485299E-02
   65.24550       8.265600       1.970120      4.4173300E-02
   64.89230       7.908990       1.940480      4.3003902E-02
   64.55200       7.548480       1.909430      4.1942701E-02
   64.19510       7.188230       1.878060      4.0535700E-02
   63.82250       6.829760       1.846280      3.8932700E-02
   63.43410       6.475800       1.809430      3.6801700E-02
   63.02740       6.124020       1.765340      3.3964202E-02
   62.58980       5.776350       1.713070      3.0927900E-02
   62.12860       5.432330       1.651300      2.7884901E-02
   61.64990       5.089950       1.578260      2.4864700E-02
   61.15440       4.747080       1.490150      2.1927400E-02
   60.65180       4.404000       1.381270      1.8895701E-02
   60.14540       4.063520       1.251260      1.5772801E-02
   59.66960       3.717770       1.095260      1.2553100E-02
   59.19380       3.375210      0.9173900      9.5501598E-03
   58.65870       3.038610      0.7398000      6.9172201E-03
   70.56640       14.00000       2.463290     -0.4693600    
   70.22060       13.61550       2.415580     -0.2061930    
   69.87580       13.22910       2.371440     -6.2778696E-02
   69.53200       12.84060       2.330550     -5.6610599E-02
   69.18940       12.45010       2.292610     -4.3320600E-02
   68.84790       12.05760       2.257310     -2.8792700E-02
   68.51010       11.66300       2.224300     -7.8185396E-03
   68.17640       11.26910       2.193530      2.2981100E-02
   67.84890       10.87990       2.164880      4.7300801E-02
   67.52480       10.50430       2.137450      5.4597098E-02
   67.19660       10.13650       2.110560      5.4659698E-02
   66.88860       9.766210       2.083260      5.3039901E-02
   66.58620       9.393570       2.056050      5.1588599E-02
   66.27430       9.022400       2.029730      4.9936201E-02
   65.95420       8.657050       2.003390      4.8277400E-02
   65.62460       8.298430       1.975770      4.6711501E-02
   65.28870       7.941360       1.946900      4.5087300E-02
   64.97020       7.579490       1.916630      4.3698300E-02
   64.63650       7.217560       1.886100      4.2080101E-02
   64.28820       6.857150       1.855510      4.0181201E-02
   63.92500       6.500970       1.820240      3.7888601E-02
   63.54450       6.146850       1.777840      3.4979202E-02
   63.13500       5.796490       1.727310      3.1655099E-02
   62.70090       5.450020       1.667410      2.8264400E-02
   62.25060       5.105120       1.596290      2.4888501E-02
   61.78450       4.759900       1.510440      2.1528400E-02
   61.31150       4.414490       1.404030      1.8146399E-02
   60.83460       4.071640       1.276610      1.4726300E-02
   60.38980       3.723590       1.123510      1.1250200E-02
   59.94640       3.378350      0.9482600      8.0393702E-03
   59.44740       3.038610      0.7713600      5.3127399E-03
   70.70550       14.00000       2.463650     -0.4830610    
   70.37550       13.61870       2.416460     -0.2108000    
   70.04650       13.23560       2.372780     -6.2154502E-02
   69.71840       12.85060       2.332290     -5.5440798E-02
   69.39140       12.46380       2.294680     -4.1968301E-02
   69.06540       12.07510       2.259660     -2.8428899E-02
   68.74290       11.68440       2.226850     -1.0093100E-02
   68.42420       11.29420       2.196190      1.8765301E-02
   68.11110       10.90830       2.167570      4.5716301E-02
   67.80140       10.53450       2.140210      5.7112999E-02
   67.48810       10.16820       2.113420      5.8696900E-02
   67.19190       9.800210       2.086410      5.7046600E-02
   66.90690       9.428080       2.059380      5.5297799E-02
   66.61270       9.056990       2.033300      5.3454600E-02
   66.31070       8.690970       2.007530      5.1422101E-02
   66.00000       8.331420       1.980530      4.9498301E-02
   65.68150       7.973790       1.952390      4.7497299E-02
   65.38440       7.610610       1.922870      4.5653801E-02
   65.07400       7.246980       1.893170      4.3728899E-02
   64.74990       6.884640       1.863670      4.1508898E-02
   64.41200       6.526230       1.829980      3.9041299E-02
   64.05800       6.169740       1.789300      3.6101598E-02
   63.67670       5.816680       1.740570      3.2567099E-02
   63.27020       5.467760       1.682610      2.8814400E-02
   62.84850       5.120310       1.613560      2.5091100E-02
   62.41200       4.772730       1.530130      2.1328000E-02
   61.96900       4.424980       1.426540      1.7562600E-02
   61.52220       4.079750       1.302250      1.3799800E-02
   61.10870       3.729410       1.152810      9.9468604E-03
   60.69820       3.381500      0.9811800      6.3597499E-03
   60.23600       3.038610      0.8059300      3.0818100E-03
   70.84450       14.00000       2.464130     -0.4985320    
   70.53020       13.62190       2.417400     -0.2160710    
   70.21680       13.24210       2.374100     -6.1577499E-02
   69.90420       12.86060       2.333920     -5.4299001E-02
   69.59250       12.47740       2.296570     -4.0580701E-02
   69.28180       12.09250       2.261730     -2.7742600E-02
   68.97450       11.70580       2.229040     -1.1722700E-02
   68.67050       11.31940       2.198400      1.3203600E-02
   68.37150       10.93660       2.169720      4.1657001E-02
   68.07600       10.56480       2.142350      5.8468901E-02
   67.77730       10.20000       2.115580      6.2319800E-02
   67.49220       9.834380       2.088790      6.1272401E-02
   67.22470       9.462710       2.061870      5.9302200E-02
   66.94780       9.091690       2.035990      5.7168402E-02
   66.66390       8.725030       2.010720      5.4847602E-02
   66.37190       8.364560       1.984310      5.2523099E-02
   66.07090       8.006230       1.956870      5.0148901E-02
   65.79460       7.641840       1.928070      4.7817800E-02
   65.50750       7.276490       1.899160      4.5504902E-02
   65.20770       6.912240       1.870690      4.3013200E-02
   64.89520       6.551570       1.838550      4.0264700E-02
   64.56770       6.192710       1.799600      3.7171900E-02
   64.21510       5.836920       1.752720      3.3503301E-02
   63.83620       5.485530       1.696810      2.9436700E-02
   63.44350       5.135530       1.629950      2.5280500E-02
   63.03700       4.785560       1.549120      2.1103401E-02
   62.62450       4.435470       1.448690      1.6888900E-02
   62.20810       4.087860       1.328050      1.2781600E-02
   61.82630       3.735230       1.183010      8.6454600E-03
   61.44920       3.384650       1.016010      4.7116000E-03
   61.02440       3.038610      0.8434500      1.0774800E-03
   70.98350       14.00000       2.464730     -0.5159920    
   70.68470       13.62510       2.418370     -0.2219170    
   70.38660       13.24860       2.375370     -6.0851201E-02
   70.08930       12.87060       2.335430     -5.3055100E-02
   69.79280       12.49100       2.298240     -3.8976401E-02
   69.49710       12.10990       2.263500     -2.6389100E-02
   69.20460       11.72710       2.230840     -1.1970800E-02
   68.91530       11.34450       2.200150      8.8004703E-03
   68.63030       10.96510       2.171330      3.7085500E-02
   68.34860       10.59520       2.143840      5.8515999E-02
   68.06420       10.23190       2.117010      6.5386400E-02
   67.78970       9.868660       2.090380      6.5566503E-02
   67.53940       9.497440       2.063480      6.3545600E-02
   67.27980       9.126500       2.037730      6.1088800E-02
   67.01380       8.759240       2.012910      5.8510099E-02
   66.74020       8.397830       1.987060      5.5717401E-02
   66.45720       8.038660       1.960260      5.2939299E-02
   66.20090       7.673200       1.932160      5.0275899E-02
   65.93700       7.306110       1.903990      4.7543000E-02
   65.66160       6.939950       1.876490      4.4711199E-02
   65.37450       6.577000       1.845870      4.1553900E-02
   65.07360       6.215750       1.808660      3.8161699E-02
   64.75000       5.857220       1.763690      3.4384299E-02
   64.39910       5.503340       1.709900      3.0121701E-02
   64.03560       5.150780       1.645360      2.5560901E-02
   63.65950       4.798410       1.567300      2.0967700E-02
   63.27780       4.445970       1.470350      1.6322499E-02
   62.89240       4.095970       1.353860      1.1746800E-02
   62.54250       3.741050       1.213920      7.2438298E-03
   62.19940       3.387810       1.052520      3.0023200E-03
   61.81270       3.038610      0.8837700     -9.5771102E-04
   71.12260       14.00000       2.465400     -0.5357950    
   70.83890       13.62830       2.419340     -0.2285020    
   70.55600       13.25510       2.376580     -6.0084600E-02
   70.27370       12.88060       2.336790     -5.1846400E-02
   69.99220       12.50470       2.299680     -3.7303500E-02
   69.71130       12.12740       2.264950     -2.4830800E-02
   69.43350       11.74850       2.232240     -1.1668100E-02
   69.15850       11.36970       2.201420      6.0332702E-03
   68.88730       10.99350       2.172390      3.2280602E-02
   68.61920       10.62560       2.144700      5.6519300E-02
   68.34880       10.26390       2.117720      6.7596696E-02
   68.08460       9.902970       2.091150      6.9560401E-02
   67.85110       9.532280       2.064200      6.7819700E-02
   67.60860       9.161410       2.038510      6.5015100E-02
   67.36020       8.793600       2.014060      6.2144600E-02
   67.10510       8.431230       1.988730      5.9071999E-02
   66.84050       8.071070       1.962500      5.5927400E-02
   66.60320       7.704670       1.935090      5.2916400E-02
   66.36260       7.335820       1.907620      4.9657099E-02
   66.11160       6.967750       1.881010      4.6364401E-02
   65.84990       6.602510       1.851890      4.2873900E-02
   65.57580       6.238860       1.816410      3.9083101E-02
   65.28140       5.877570       1.773390      3.5065599E-02
   64.95880       5.521190       1.721790      3.0677499E-02
   64.62490       5.166060       1.659700      2.5920199E-02
   64.27960       4.811250       1.584560      2.1022201E-02
   63.92910       4.456480       1.491370      1.6098300E-02
   63.57500       4.104070       1.379480      1.1145700E-02
   63.25750       3.746870       1.245310      6.1645298E-03
   62.94880       3.390970       1.090420      1.4748400E-03
   62.60080       3.038610      0.9266400     -3.0455501E-03
   71.26160       14.00000       2.466110     -0.5581100    
   70.99300       13.63150       2.420300     -0.2359140    
   70.72490       13.26160       2.377690     -5.9296899E-02
   70.45750       12.89060       2.337980     -5.0663602E-02
   70.19070       12.51830       2.300890     -3.5592899E-02
   69.92450       12.14480       2.266100     -2.3143100E-02
   69.66090       11.76980       2.233270     -1.1042800E-02
   69.40020       11.39480       2.202250      4.0136301E-03
   69.14260       11.02200       2.172930      2.6151700E-02
   68.88780       10.65620       2.144950      5.1641598E-02
   68.63110       10.29610       2.117740      6.8005800E-02
   68.37740       9.937250       2.091130      7.2494499E-02
   68.15990       9.567220       2.064070      7.1680903E-02
   67.93430       9.196420       2.038360      6.8795398E-02
   67.70340       8.828120       2.014170      6.5722696E-02
   67.46660       8.464760       1.989310      6.2484998E-02
   67.22080       8.103460       1.963590      5.8921400E-02
   67.00150       7.736270       1.936810      5.5504899E-02
   66.78430       7.365640       1.910000      5.1861200E-02
   66.55760       6.995660       1.884210      4.8027400E-02
   66.32150       6.628120       1.856550      4.4154301E-02
   66.07440       6.262040       1.822810      4.0024299E-02
   65.80940       5.898000       1.781760      3.5717800E-02
   65.51530       5.539080       1.732430      3.1256799E-02
   65.21130       5.181360       1.672880      2.6452100E-02
   64.89710       4.824110       1.600790      2.1295300E-02
   64.57820       4.466980       1.511620      1.5976200E-02
   64.25610       4.112170       1.404720      1.0654600E-02
   63.97120       3.752700       1.276900      5.2682902E-03
   63.69740       3.394130       1.129350      1.3584200E-04
   63.38880       3.038610      0.9717100     -4.8382599E-03
   71.40060       14.00000       2.466810     -0.5832120    
   71.14680       13.63460       2.421180     -0.2442870    
   70.89350       13.26820       2.378680     -5.8538400E-02
   70.64060       12.90060       2.338990     -4.9531899E-02
   70.38830       12.53190       2.301840     -3.3952702E-02
   70.13650       12.16220       2.266940     -2.1487599E-02
   69.88710       11.79110       2.233930     -1.0121900E-02
   69.64040       11.41990       2.202650      2.8308700E-03
   69.39620       11.05050       2.172990      2.0861700E-02
   69.15450       10.68680       2.144650      4.5812499E-02
   68.91130       10.32830       2.117140      6.6433698E-02
   68.66840       9.971410       2.090380      7.4325703E-02
   68.46570       9.602260       2.063140      7.4996598E-02
   68.25680       9.231540       2.037310      7.2413698E-02
   68.04320       8.862790       2.013280      6.9140203E-02
   67.82460       8.498430       1.988800      6.5685503E-02
   67.59800       8.135880       1.963530      6.1856098E-02
   67.39590       7.767990       1.937340      5.8037501E-02
   67.20190       7.395570       1.911130      5.4057401E-02
   66.99970       7.023660       1.886110      4.9709599E-02
   66.78930       6.653810       1.859840      4.5366701E-02
   66.56920       6.285300       1.827830      4.1000299E-02
   66.33380       5.918500       1.788790      3.6425699E-02
   66.06870       5.557010       1.741770      3.1826999E-02
   65.79480       5.196690       1.684850      2.6957801E-02
   65.51210       4.836970       1.615900      2.1650299E-02
   65.22530       4.477490       1.530940      1.5988501E-02
   64.93550       4.120270       1.429360      1.0288100E-02
   64.68370       3.758520       1.308350      4.6211402E-03
   64.44520       3.397300       1.168830     -1.0095000E-03
   64.17670       3.038610       1.018510     -6.6528898E-03
   71.53970       14.00000       2.467430     -0.6112270    
   71.30040       13.63780       2.421950     -0.2534620    
   71.06150       13.27470       2.379500     -5.7398900E-02
   70.82310       12.91060       2.339800     -4.8267201E-02
   70.58500       12.54550       2.302560     -3.2380499E-02
   70.34740       12.17960       2.267490     -1.9966800E-02
   70.11190       11.81250       2.234260     -9.2472304E-03
   69.87900       11.44500       2.202680      2.0500000E-03
   69.64800       11.07900       2.172650      1.7161001E-02
   69.41920       10.71750       2.143900      3.9405201E-02
   69.18920       10.36060       2.116010      6.1724599E-02
   68.95790       10.00540       2.089000      7.3675998E-02
   68.76870       9.637390       2.061520      7.6677397E-02
   68.57610       9.266760       2.035470      7.5332999E-02
   68.37980       8.897630       2.011450      7.2133198E-02
   68.17920       8.532240       1.987280      6.8520099E-02
   67.97200       8.168360       1.962360      6.4621598E-02
   67.78640       7.799830       1.936690      6.0489502E-02
   67.61570       7.425600       1.911020      5.6136101E-02
   67.43800       7.051770       1.886710      5.1406398E-02
   67.25330       6.679600       1.861800      4.6608798E-02
   67.06040       6.308620       1.831490      4.1922301E-02
   66.85470       5.939070       1.794470      3.7074398E-02
   66.61890       5.574980       1.749790      3.2185402E-02
   66.37550       5.212050       1.695570      2.7207101E-02
   66.12470       4.849830       1.629830      2.1946600E-02
   65.87030       4.488010       1.549180      1.6221100E-02
   65.61330       4.128370       1.453140      1.0284500E-02
   65.39490       3.764340       1.339270      4.3167402E-03
   65.19230       3.400480       1.208300     -1.9185100E-03
   64.96460       3.038610       1.066450     -8.3796903E-03
   71.67870       14.00000       2.467910     -0.6437490    
   71.45380       13.64100       2.422550     -0.2641540    
   71.22920       13.28120       2.380140     -5.6490000E-02
   71.00490       12.92060       2.340390     -4.7375899E-02
   70.78090       12.55910       2.303030     -3.1053700E-02
   70.55730       12.19700       2.267780     -1.8741000E-02
   70.33540       11.83380       2.234310     -8.7189097E-03
   70.11600       11.47000       2.202420      1.2268201E-03
   69.89820       11.10750       2.172000      1.3703100E-02
   69.68200       10.74830       2.142810      3.1527799E-02
   69.46500       10.39300       2.114500      5.4246601E-02
   69.24600       10.03920       2.087130      7.1510300E-02
   69.06890       9.672610       2.059360      7.7486500E-02
   68.89240       9.302100       2.032980      7.7345401E-02
   68.71310       8.932620       2.008820      7.4464001E-02
   68.53040       8.566200       1.984850      7.0855401E-02
   68.34260       8.200950       1.960180      6.6911601E-02
   68.17310       7.831770       1.934950      6.2490702E-02
   68.02560       7.455730       1.909750      5.7744201E-02
   67.87240       7.079970       1.886090      5.2792098E-02
   67.71350       6.705470       1.862470      4.7699202E-02
   67.54790       6.332020       1.833850      4.2599600E-02
   67.37210       5.959730       1.798840      3.7508201E-02
   67.16610       5.592990       1.756520      3.2394499E-02
   66.95350       5.227440       1.705030      2.7255300E-02
   66.73480       4.862700       1.642510      2.2017401E-02
   66.51330       4.498530       1.566220      1.6404301E-02
   66.28960       4.136470       1.475800      1.0471400E-02
   66.10490       3.770170       1.369220      4.2112800E-03
   65.93870       3.403650       1.247090     -2.6818099E-03
   65.75240       3.038610       1.114770     -9.8611005E-03
   71.81780       14.00000       2.468150     -0.6812570    
   71.60700       13.64420       2.422900     -0.2755970    
   71.39640       13.28770       2.380520     -5.4296698E-02
   71.18600       12.93060       2.340730     -4.6113800E-02
   70.97590       12.57270       2.303260     -2.9816600E-02
   70.76600       12.21430       2.267840     -1.7907100E-02
   70.55760       11.85510       2.234160     -8.5378001E-03
   70.35150       11.49510       2.201960      3.7995100E-04
   70.14660       11.13600       2.171170      1.0508600E-02
   69.94290       10.77920       2.141540      2.4581101E-02
   69.73870       10.42550       2.112780      4.5433301E-02
   69.53240       10.07300       2.084980      6.4841002E-02
   69.36610       9.707960       2.056880      7.4476101E-02
   69.20560       9.337540       2.030050      7.7186801E-02
   69.04310       8.967780       2.005570      7.5644299E-02
   68.87820       8.600310       1.981670      7.2391301E-02
   68.70960       8.233690       1.957130      6.8388201E-02
   68.55600       7.863830       1.932230      6.4019300E-02
   68.43160       7.485970       1.907410      5.9168302E-02
   68.30300       7.108260       1.884340      5.3763799E-02
   68.17000       6.731440       1.861970      4.8355401E-02
   68.03180       6.355480       1.835020      4.2976901E-02
   67.88600       5.980470       1.802010      3.7684500E-02
   67.71010       5.611040       1.762020      3.2605998E-02
   67.52870       5.242850       1.713240      2.7570801E-02
   67.34260       4.875570       1.653920      2.2437099E-02
   67.15440       4.509050       1.581910      1.7031001E-02
   66.96430       4.144560       1.497050      1.1009100E-02
   66.81370       3.776000       1.397690      4.0947800E-03
   66.68440       3.406830       1.284400     -3.7521699E-03
   66.54030       3.038610       1.162570     -1.2567600E-02
   71.95680       14.00000       2.468030     -0.7274610    
   71.76000       13.64740       2.422930     -0.2894960    
   71.56320       13.29420       2.380610     -5.2188098E-02
   71.36660       12.94050       2.340820     -4.5348201E-02
   71.17000       12.58630       2.303280     -2.8960800E-02
   70.97360       12.23170       2.267740     -1.7474201E-02
   70.77840       11.87640       2.233880     -8.7447204E-03
   70.58550       11.52010       2.201440     -1.0609800E-03
   70.39330       11.16450       2.170320      7.0273201E-03
   70.20190       10.81020       2.140300      1.7874600E-02
   70.01020       10.45810       2.111090      3.4058001E-02
   69.81700       10.10680       2.082830      5.5121500E-02
   69.66030       9.743450       2.054340      7.0131801E-02
   69.51570       9.373100       2.026970      7.5064801E-02
   69.36990       9.003090       2.001980      7.5106896E-02
   69.22250       8.634560       1.977960      7.2612301E-02
   69.07290       8.266600       1.953410      6.9050498E-02
   68.93520       7.895990       1.928710      6.4755604E-02
   68.83380       7.516310       1.904180      5.9792299E-02
   68.72970       7.136650       1.881630      5.4496899E-02
   68.62270       6.757500       1.860460      4.8691999E-02
   68.51220       6.379020       1.835160      4.2878799E-02
   68.39630       6.001290       1.804120      3.7502300E-02
   68.25120       5.629130       1.766410      3.2657400E-02
   68.10110       5.258290       1.720280      2.7516700E-02
   67.94800       4.888450       1.664040      2.2149200E-02
   67.79350       4.519570       1.596140      1.6581399E-02
   67.63750       4.152660       1.516590      1.0576000E-02
   67.52140       3.781820       1.424100      4.8388401E-03
   67.42950       3.410020       1.319310     -3.1572599E-03
   67.32820       3.038610       1.208760     -1.2173600E-02
   72.09580       14.00000       2.467450     -0.7760810    
   71.91270       13.65060       2.422530     -0.3199830    
   71.72960       13.30070       2.380350     -6.8143703E-02
   71.54640       12.95050       2.340630     -4.7260199E-02
   71.36330       12.60000       2.303110     -2.9368900E-02
   71.18020       12.24910       2.267530     -1.8057900E-02
   70.99800       11.89760       2.233590     -1.0057400E-02
   70.81800       11.54520       2.201000     -3.7305199E-03
   70.63830       11.19290       2.169660      2.7006899E-03
   70.45900       10.84130       2.139320      1.0824000E-02
   70.27960       10.49080       2.109710      2.4410799E-02
   70.09950       10.14060       2.080980      4.4301201E-02
   69.95130       9.779100       2.052110      6.0580499E-02
   69.82270       9.408770       2.024060      6.8694897E-02
   69.69360       9.038530       1.998390      7.1525700E-02
   69.56360       8.668980       1.974030      7.0916303E-02
   69.43260       8.299680       1.949290      6.7684002E-02
   69.31090       7.928240       1.924630      6.3761100E-02
   69.23220       7.546760       1.900260      5.9465900E-02
   69.15270       7.165130       1.878180      5.3512700E-02
   69.07170       6.783660       1.858150      4.7551598E-02
   68.98900       6.402630       1.834480      4.2491399E-02
   68.90320       6.022180       1.805370      3.6755301E-02
   68.78920       5.647260       1.769870      3.1614300E-02
   68.67090       5.273760       1.726270      2.6474001E-02
   68.55110       4.901340       1.672940      2.1817500E-02
   68.43070       4.530110       1.608800      1.6606100E-02
   68.30940       4.160760       1.534090      1.1672600E-02
   68.22810       3.787650       1.447830      7.5123301E-03
   68.17400       3.413200       1.350770     -3.9714798E-03
   68.11640       3.038610       1.252070     -1.9171700E-02
   72.23480       14.00000       2.466230     -0.8110210    
   72.06520       13.65370       2.421600     -0.2920260    
   71.89550       13.30720       2.379660     -1.4960100E-02
   71.72560       12.96050       2.340130     -3.8995501E-02
   71.55560       12.61350       2.302760     -2.6865100E-02
   71.38560       12.26650       2.267290     -1.7769000E-02
   71.21620       11.91890       2.233420     -1.1376900E-02
   71.04890       11.57020       2.200820     -7.0540202E-03
   70.88160       11.22140       2.169400     -2.6036301E-03
   70.71420       10.87250       2.138890      2.1593201E-03
   70.54690       10.52360       2.108980      1.6644800E-02
   70.37960       10.17450       2.079830      3.2307301E-02
   70.23910       9.814950       2.050580      4.5961302E-02
   70.12670       9.444560       2.021780      6.1455999E-02
   70.01400       9.074110       1.995230      6.7640297E-02
   69.90130       8.703540       1.970260      6.9599502E-02
   69.78880       8.332920       1.945110      6.5152504E-02
   69.68330       7.960540       1.920290      6.1823599E-02
   69.62680       7.577320       1.895960      6.0307801E-02
   69.57190       7.193690       1.874260      5.0980601E-02
   69.51710       6.809920       1.855340      4.4622999E-02
   69.46220       6.426310       1.833300      4.2736001E-02
   69.40660       6.043160       1.806040      3.5672098E-02
   69.32430       5.665430       1.772630      2.9666500E-02
   69.23800       5.289260       1.731390      2.5032900E-02
   69.15190       4.914230       1.680670      2.2813700E-02
   69.06600       4.540640       1.619810      1.8455099E-02
   68.97980       4.168870       1.549210      1.5011800E-02
   68.93380       3.793480       1.468160      1.4166100E-02
   68.91810       3.416390       1.377570     -6.0918601E-03
   68.90470       3.038610       1.290990     -3.4157101E-02
 zone  i=           2  j=          61
   63.89800       14.00000       2.648820      -7.631670    
   63.89800       14.00000       2.648820      -7.631670    
   64.03620       14.00000       2.662070      -4.481980    
   64.03510       14.00000       2.627010      -4.476230    
   64.17520       14.00000       2.665660      -2.778330    
   64.17370       14.00000       2.615900      -2.769570    
   64.31420       14.00000       2.667710      -2.694990    
   64.31240       14.00000       2.606450      -2.694860    
   64.45320       14.00000       2.669000      -2.503030    
   64.45120       14.00000       2.597850      -2.503010    
   64.59220       14.00000       2.669820      -2.347440    
   64.59000       14.00000       2.589810      -2.347430    
   64.73120       14.00000       2.670290      -2.213300    
   64.72880       14.00000       2.582170      -2.213300    
   64.87020       14.00000       2.670480      -2.089900    
   64.86760       14.00000       2.574880      -2.089900    
   65.00920       14.00000       2.670440      -1.982310    
   65.00650       14.00000       2.567890      -1.982310    
   65.14830       14.00000       2.670170      -1.896480    
   65.14540       14.00000       2.561200      -1.896470    
   65.28730       14.00000       2.669680      -1.829050    
   65.28430       14.00000       2.554800      -1.829050    
   65.42630       14.00000       2.668970      -1.775130    
   65.42320       14.00000       2.548680      -1.775130    
   65.56530       14.00000       2.668050      -1.732530    
   65.56210       14.00000       2.542840      -1.732530    
   65.70430       14.00000       2.666900      -1.699370    
   65.70100       14.00000       2.537290      -1.699370    
   65.84340       14.00000       2.665530      -1.673930    
   65.83990       14.00000       2.532020      -1.673920    
   65.98230       14.00000       2.663930      -1.654580    
   65.97890       14.00000       2.527030      -1.654580    
   66.12140       14.00000       2.662110      -1.640380    
   66.11780       14.00000       2.522310      -1.640380    
   66.26040       14.00000       2.660080      -1.630520    
   66.25680       14.00000       2.517870      -1.630520    
   66.39940       14.00000       2.657820      -1.623610    
   66.39580       14.00000       2.513680      -1.623610    
   66.53840       14.00000       2.655360      -1.619060    
   66.53480       14.00000       2.509750      -1.619060    
   66.67740       14.00000       2.652700      -1.618020    
   66.67370       14.00000       2.506060      -1.618020    
   66.81630       14.00000       2.649840      -1.620990    
   66.81270       14.00000       2.502600      -1.620990    
   66.95530       14.00000       2.646810      -1.627410    
   66.95170       14.00000       2.499370      -1.627410    
   67.09430       14.00000       2.643600      -1.637090    
   67.09070       14.00000       2.496330      -1.637090    
   67.23330       14.00000       2.640240      -1.649580    
   67.22970       14.00000       2.493490      -1.649580    
   67.37230       14.00000       2.636730      -1.664630    
   67.36880       14.00000       2.490820      -1.664630    
   67.51120       14.00000       2.633080      -1.682080    
   67.50780       14.00000       2.488320      -1.682080    
   67.65020       14.00000       2.629320      -1.700870    
   67.64680       14.00000       2.485960      -1.700870    
   67.78920       14.00000       2.625440      -1.721850    
   67.78580       14.00000       2.483750      -1.721850    
   67.92810       14.00000       2.621460      -1.745780    
   67.92480       14.00000       2.481670      -1.745780    
   68.06710       14.00000       2.617390      -1.772300    
   68.06390       14.00000       2.479700      -1.772300    
   68.20600       14.00000       2.613240      -1.802590    
   68.20290       14.00000       2.477850      -1.802590    
   68.34500       14.00000       2.609010      -1.836640    
   68.34190       14.00000       2.476100      -1.836630    
   68.48390       14.00000       2.604710      -1.873670    
   68.48090       14.00000       2.474450      -1.873670    
   68.62290       14.00000       2.600350      -1.914360    
   68.62000       14.00000       2.472900      -1.914360    
   68.76180       14.00000       2.595920      -1.959260    
   68.75900       14.00000       2.471450      -1.959260    
   68.90080       14.00000       2.591420      -2.008430    
   68.89800       14.00000       2.470090      -2.008430    
   69.03970       14.00000       2.586850      -2.062500    
   69.03700       14.00000       2.468830      -2.062500    
   69.17870       14.00000       2.582220      -2.122850    
   69.17610       14.00000       2.467680      -2.122840    
   69.31760       14.00000       2.577510      -2.191250    
   69.31510       14.00000       2.466640      -2.191250    
   69.45650       14.00000       2.572730      -2.268940    
   69.45410       14.00000       2.465710      -2.268940    
   69.59550       14.00000       2.567860      -2.357650    
   69.59320       14.00000       2.464910      -2.357650    
   69.73440       14.00000       2.562910      -2.459710    
   69.73220       14.00000       2.464240      -2.459700    
   69.87330       14.00000       2.557850      -2.577600    
   69.87130       14.00000       2.463710      -2.577590    
   70.01220       14.00000       2.552700      -2.714270    
   70.01030       14.00000       2.463320      -2.714260    
   70.15120       14.00000       2.547440      -2.875000    
   70.14930       14.00000       2.463080      -2.874980    
   70.29010       14.00000       2.542070      -3.065480    
   70.28830       14.00000       2.463000      -3.065470    
   70.42900       14.00000       2.536600      -3.293420    
   70.42740       14.00000       2.463070      -3.293390    
   70.56790       14.00000       2.531020      -3.569430    
   70.56640       14.00000       2.463290      -3.569410    
   70.70680       14.00000       2.525340      -3.907240    
   70.70550       14.00000       2.463650      -3.907200    
   70.84570       14.00000       2.519580      -4.327470    
   70.84450       14.00000       2.464130      -4.327420    
   70.98460       14.00000       2.513750      -4.860090    
   70.98350       14.00000       2.464730      -4.860030    
   71.12350       14.00000       2.507880      -5.548960    
   71.12260       14.00000       2.465400      -5.548850    
   71.26240       14.00000       2.502010      -6.464130    
   71.26160       14.00000       2.466110      -6.463950    
   71.40130       14.00000       2.496180      -7.718460    
   71.40060       14.00000       2.466810      -7.718240    
   71.54020       14.00000       2.490450      -9.505870    
   71.53970       14.00000       2.467430      -9.505430    
   71.67910       14.00000       2.484890      -12.17770    
   71.67870       14.00000       2.467910      -12.17740    
   71.81800       14.00000       2.479570      -16.40590    
   71.81780       14.00000       2.468150      -16.40530    
   71.95690       14.00000       2.474610      -23.21910    
   71.95680       14.00000       2.468030      -23.21960    
   72.09590       14.00000       2.470110      -37.42770    
   72.09580       14.00000       2.467450      -37.42790    
   72.23480       14.00000       2.466230      -56.39570    
   72.23480       14.00000       2.466230      -56.39570    
 zone  i=           8  j=           8
   68.90470      0.0000000E+00   1.322130     -0.1126580    
   68.90450      0.4343500       1.283960     -0.1104130    
   68.90530      0.8684800       1.244300     -0.1083840    
   68.90510       1.302870       1.206670     -0.1038100    
   68.90490       1.738350       1.186540     -9.6392304E-02
   68.90470       2.174250       1.193760     -7.1678102E-02
   68.90460       2.609020       1.225930     -6.0935199E-02
   68.90470       3.038610       1.290990     -7.8571498E-02
   69.31910      0.0000000E+00   1.295370     -0.1143930    
   69.31480      0.3744100       1.262130     -0.1135590    
   69.31140      0.7488600       1.230690     -0.1114700    
   69.30700       1.123250       1.199640     -0.1059590    
   69.30200       1.497130       1.176760     -0.1001290    
   69.29690       1.870880       1.172370     -7.1611702E-02
   69.29180       2.244270       1.187240     -8.8670097E-02
   69.28690       2.615140       1.217810     -0.1597870    
   69.73320      0.0000000E+00   1.266020     -0.1186750    
   69.72870      0.3158400       1.237120     -0.1183890    
   69.72520      0.6317200       1.212290     -0.1162160    
   69.72070      0.9477900       1.188530     -0.1097310    
   69.71540       1.263280       1.167850     -0.1117930    
   69.70960       1.577810       1.156930     -5.0367400E-02
   69.70380       1.892190       1.160030     -0.1099350    
   69.69830       2.204580       1.175510     -0.3298740    
   70.14710      0.0000000E+00   1.233880     -0.1268700    
   70.14300      0.2576900       1.209200     -0.1247320    
   70.13980      0.5153000       1.189330     -0.1224490    
   70.13600      0.7732800       1.172610     -0.1153680    
   70.13130       1.031020       1.156610     -0.1341310    
   70.12590       1.287840       1.144230     -8.0618802E-03
   70.12020       1.543760       1.139630     -0.1332920    
   70.11460       1.798100       1.144440     -0.6228490    
   70.56080      0.0000000E+00   1.198720     -0.1291540    
   70.55770      0.2000700       1.178440     -0.1272940    
   70.55530      0.4000500       1.162010     -0.1257680    
   70.55270      0.6001600       1.150190     -0.1182960    
   70.54950      0.8005500       1.139700     -0.1733970    
   70.54530       1.000290       1.129930      6.2038802E-02
   70.54060       1.199160       1.122770     -0.1522750    
   70.53580       1.396070       1.119910      -1.122960    
   70.97430      0.0000000E+00   1.160510     -0.1283600    
   70.97200      0.1423500       1.145080     -0.1279090    
   70.97030      0.2847100       1.131640     -0.1285920    
   70.96860      0.4270300       1.121760     -0.1188150    
   70.96660      0.5694600       1.114810     -0.2638290    
   70.96390      0.7118000       1.109200      6.9960304E-02
   70.96070      0.8536800       1.104160     -0.1557820    
   70.95700      0.9938400       1.100150      -2.112580    
   71.38730      0.0000000E+00   1.118720     -0.1286580    
   71.38620      8.4770001E-02   1.108720     -0.1284080    
   71.38520      0.1695500       1.099250     -0.1285210    
   71.38420      0.2543900       1.091050     -0.1253180    
   71.38320      0.3391900       1.084550     -0.2317590    
   71.38180      0.4238800       1.079930      0.5998490    
   71.38030      0.5084100       1.076830       1.322460    
   71.37850      0.5922000       1.074660      0.5656930    
   71.80000      0.0000000E+00   1.072950     -0.1282700    
   71.80000      2.7220000E-02   1.069770     -0.1278030    
   71.80000      5.4450002E-02   1.066590     -0.1233730    
   71.80000      8.1670001E-02   1.063410     -0.1080360    
   71.80000      0.1089000       1.060230     -0.3917140    
   71.80000      0.1361200       1.057050       1.519770    
   71.80000      0.1633500       1.053870       4.587100    
   71.80000      0.1905700       1.050690       5.488480    
 zone  i=           8  j=           8
   68.90470       3.038610       1.290990     -1.5889900E-02
   68.90450       2.588710       1.182650     -5.3491600E-02
   68.90470       2.139700       1.069600     -7.2673701E-02
   68.90470       1.697300      0.9330900     -7.9489797E-02
   68.90480       1.263980      0.7700400     -9.0601601E-02
   68.90470      0.8417300      0.5802000     -9.4054997E-02
   68.90440      0.4328100      0.3630800     -8.5382901E-02
   68.90470      0.0000000E+00  0.2029600     -6.9554202E-02
   69.28690       2.615140       1.217810      1.0673900E-02
   69.29100       2.225910       1.134800     -6.0479801E-02
   69.29690       1.840230       1.034660     -9.1117598E-02
   69.30290       1.461030      0.9135100     -8.6277299E-02
   69.30870       1.089120      0.7723300     -9.4375104E-02
   69.31460      0.7274200      0.6075600     -9.4445199E-02
   69.31940      0.3745800      0.4239200     -8.8309899E-02
   69.32400      0.0000000E+00  0.2918600     -7.8934200E-02
   69.69830       2.204580       1.175510      0.1048910    
   69.70350       1.876870       1.102420     -7.2588302E-02
   69.71100       1.553160       1.012970     -0.1286720    
   69.71830       1.234340      0.9084000     -9.1167703E-02
   69.72550      0.9219400      0.7868800     -0.1009080    
   69.73270      0.6183000      0.6458000     -9.8442703E-02
   69.73730      0.3176100      0.4955300     -9.4724000E-02
   69.74180      0.0000000E+00  0.3876000     -9.1266803E-02
   70.11460       1.798100       1.144440      0.3019950    
   70.12070       1.532060       1.078430     -8.2175396E-02
   70.12860       1.269140       1.001460     -0.1885180    
   70.13630       1.010290      0.9127000     -8.9985400E-02
   70.14380      0.7568600      0.8102200     -0.1095100    
   70.15120      0.5095800      0.6934200     -0.1060000    
   70.15410      0.2602000      0.5767800     -0.1047040    
   70.15780      0.0000000E+00  0.4905600     -0.1048330    
   70.53580       1.396070       1.119910      0.7173200    
   70.54140       1.190470       1.063940     -8.6838998E-02
   70.54880      0.9877600      0.9994500     -0.3034150    
   70.55610      0.7885300      0.9256100     -7.6177597E-02
   70.56320      0.5933800      0.8418700     -0.1190940    
   70.56900      0.3997600      0.7516900     -0.1127620    
   70.56940      0.2025800      0.6674600     -0.1109260    
   70.57190      0.0000000E+00  0.6011000     -0.1090510    
   70.95700      0.9938400       1.100150       1.490390    
   70.96230      0.8491800       1.053950     -0.1325440    
   70.96890      0.7068800       1.002410     -0.6625360    
   70.97530      0.5667400      0.9451300     -4.3467600E-02
   70.98080      0.4274700      0.8838100     -0.1314110    
   70.98380      0.2866200      0.8225500     -0.1179790    
   70.98250      0.1444700      0.7668900     -0.1133740    
   70.98390      0.0000000E+00  0.7191300     -0.1090840    
   71.37850      0.5922000       1.074660       6.358310    
   71.38270      0.5079900       1.042240       1.540610    
   71.38720      0.4243100       1.008560     -0.5740580    
   71.39090      0.3403500      0.9741100     -4.9310599E-02
   71.39320      0.2557400      0.9398700     -0.1294040    
   71.39390      0.1706900      0.9066800     -0.1217610    
   71.39260      8.5790001E-02  0.8751700     -0.1177700    
   71.39340      0.0000000E+00  0.8456600     -0.1142980    
   71.80000      0.1905700       1.050690       11.86830    
   71.80020      0.1634100       1.040600       4.015980    
   71.80030      0.1362300       1.030580      -1.105840    
   71.80030      0.1090200       1.020630      6.4337902E-02
   71.80030      8.1790000E-02   1.010740     -0.1331510    
   71.80030      5.4529998E-02   1.000910     -0.1230550    
   71.80010      2.7270000E-02  0.9911200     -0.1229720    
   71.80000      0.0000000E+00  0.9813300     -0.1214730    
