$TITLE Tu144  
2Ma_AOA0            
Created by PANIN
$DATACHECK
0.
$symmetry - xz plane
        1.        0.
$mach number
     1.800
$cases - no. of solutions
1.
$angles-of-attack
   3.85000
   3.85000
$printout options
0.        0.        0.        1.        0.        0.
.0        0.        0.        0.        0.
$references for accumulated forces and moments
0.        0.        0.
300.600000        1.        1.        0.
$points - wing-body  with composite panels
1.
1.
        58        20                                                           1
   0.00000   0.00000  -1.00000   1.05263   0.00000  -0.89474
   2.10526   0.00000  -0.78947   3.15789   0.00000  -0.68421
   4.21053   0.00000  -0.57895   5.26316   0.00000  -0.47368
   6.31579   0.00000  -0.36842   7.36842   0.00000  -0.26316
   8.42105   0.00000  -0.15789   9.47368   0.00000  -0.05263
  10.52632   0.00000   0.05263  11.57895   0.00000   0.15789
  12.63158   0.00000   0.26316  13.68421   0.00000   0.36842
  14.73684   0.00000   0.47368  15.78947   0.00000   0.57895
  16.84211   0.00000   0.68421  17.89474   0.00000   0.78947
  18.94737   0.00000   0.89474  20.00000   0.00000   1.00000
  22.04210   0.00000   1.00000  24.08421   0.00000   1.00000
  26.12632   0.00000   1.00000  28.16842   0.00000   1.00000
  30.21053   0.00000   1.00000  32.25263   0.00000   1.00000
  34.29473   0.00000   1.00000  36.33684   0.00000   1.00000
  38.37895   0.00000   1.00000  40.42105   0.00000   1.00000
  42.46316   0.00000   1.00000  44.50526   0.00000   1.00000
  46.54737   0.00000   1.00000  48.58947   0.00000   1.00000
  50.63158   0.00000   1.00000  52.67368   0.00000   1.00000
  54.71579   0.00000   1.00000  56.75790   0.00000   1.00000
  58.80000   0.00000   1.00000  59.49474   0.00000   1.00000
  60.18947   0.00000   1.00000  60.88421   0.00000   1.00000
  61.57895   0.00000   1.00000  62.27369   0.00000   1.00000
  62.96842   0.00000   1.00000  63.66316   0.00000   1.00000
  64.35789   0.00000   1.00000  65.05264   0.00000   1.00000
  65.74737   0.00000   1.00000  66.44211   0.00000   1.00000
  67.13684   0.00000   1.00000  67.83158   0.00000   1.00000
  68.52631   0.00000   1.00000  69.22105   0.00000   1.00000
  69.91579   0.00000   1.00000  70.61053   0.00000   1.00000
  71.30526   0.00000   1.00000  72.00000   0.00000   1.00000
   0.00000   0.00000  -1.00000   1.05263   0.00374  -0.89488
   2.10526   0.00748  -0.78975   3.15789   0.01122  -0.68463
   4.21053   0.01496  -0.57950   5.26316   0.01870  -0.47438
   6.31579   0.02244  -0.36925   7.36842   0.02618  -0.26413
   8.42105   0.02992  -0.15900   9.47368   0.03366  -0.05388
  10.52632   0.03740   0.05125  11.57895   0.04114   0.15637
  12.63158   0.04488   0.26150  13.68421   0.04861   0.36662
  14.73684   0.05235   0.47175  15.78947   0.05609   0.57687
  16.84211   0.05983   0.68199  17.89474   0.06357   0.78712
  18.94737   0.06731   0.89224  20.00000   0.07105   0.99737
  22.04210   0.07105   0.99737  24.08421   0.07105   0.99737
  26.12632   0.07105   0.99737  28.16842   0.07105   0.99737
  30.21053   0.07105   0.99737  32.25263   0.07105   0.99737
  34.29473   0.07105   0.99737  36.33684   0.07105   0.99737
  38.37895   0.07105   0.99737  40.42105   0.07105   0.99737
  42.46316   0.07105   0.99737  44.50526   0.07105   0.99737
  46.54737   0.07105   0.99737  48.58947   0.07105   0.99737
  50.63158   0.07105   0.99737  52.67368   0.07105   0.99737
  54.71579   0.07105   0.99737  56.75790   0.07105   0.99737
  58.80000   0.07105   0.99737  59.49474   0.06731   0.99751
  60.18947   0.06357   0.99765  60.88421   0.05983   0.99778
  61.57895   0.05609   0.99792  62.27369   0.05235   0.99806
  62.96842   0.04861   0.99820  63.66316   0.04488   0.99834
  64.35789   0.04114   0.99848  65.05264   0.03740   0.99861
  65.74737   0.03366   0.99875  66.44211   0.02992   0.99889
  67.13684   0.02618   0.99903  67.83158   0.02244   0.99917
  68.52631   0.01870   0.99931  69.22105   0.01496   0.99945
  69.91579   0.01122   0.99958  70.61053   0.00748   0.99972
  71.30526   0.00374   0.99986  72.00000   0.00000   1.00000
   0.00000   0.00000  -1.00000   1.05263   0.00748  -0.89501
   2.10526   0.01496  -0.79003   3.15789   0.02244  -0.68504
   4.21053   0.02992  -0.58006   5.26316   0.03740  -0.47507
   6.31579   0.04488  -0.37008   7.36842   0.05235  -0.26510
   8.42105   0.05983  -0.16011   9.47368   0.06731  -0.05512
  10.52632   0.07479   0.04986  11.57895   0.08227   0.15485
  12.63158   0.08975   0.25983  13.68421   0.09723   0.36482
  14.73684   0.10471   0.46981  15.78947   0.11219   0.57479
  16.84211   0.11967   0.67978  17.89474   0.12715   0.78476
  18.94737   0.13463   0.88975  20.00000   0.14211   0.99474
  22.04210   0.14211   0.99474  24.08421   0.14211   0.99474
  26.12632   0.14211   0.99474  28.16842   0.14211   0.99474
  30.21053   0.14211   0.99474  32.25263   0.14211   0.99474
  34.29473   0.14211   0.99474  36.33684   0.14211   0.99474
  38.37895   0.14211   0.99474  40.42105   0.14211   0.99474
  42.46316   0.14211   0.99474  44.50526   0.14211   0.99474
  46.54737   0.14211   0.99474  48.58947   0.14211   0.99474
  50.63158   0.14211   0.99474  52.67368   0.14211   0.99474
  54.71579   0.14211   0.99474  56.75790   0.14211   0.99474
  58.80000   0.14211   0.99474  59.49474   0.13463   0.99501
  60.18947   0.12715   0.99529  60.88421   0.11967   0.99557
  61.57895   0.11219   0.99584  62.27369   0.10471   0.99612
  62.96842   0.09723   0.99640  63.66316   0.08975   0.99668
  64.35789   0.08227   0.99695  65.05264   0.07479   0.99723
  65.74737   0.06731   0.99751  66.44211   0.05983   0.99778
  67.13684   0.05235   0.99806  67.83158   0.04488   0.99834
  68.52631   0.03740   0.99861  69.22105   0.02992   0.99889
  69.91579   0.02244   0.99917  70.61053   0.01496   0.99945
  71.30526   0.00748   0.99972  72.00000   0.00000   1.00000
   0.00000   0.00000  -1.00000   1.05263   0.01122  -0.89515
   2.10526   0.02244  -0.79030   3.15789   0.03366  -0.68546
   4.21053   0.04488  -0.58061   5.26316   0.05609  -0.47576
   6.31579   0.06731  -0.37091   7.36842   0.07853  -0.26607
   8.42105   0.08975  -0.16122   9.47368   0.10097  -0.05637
  10.52632   0.11219   0.04848  11.57895   0.12341   0.15332
  12.63158   0.13463   0.25817  13.68421   0.14584   0.36302
  14.73684   0.15706   0.46787  15.78947   0.16828   0.57271
  16.84211   0.17950   0.67756  17.89474   0.19072   0.78241
  18.94737   0.20194   0.88726  20.00000   0.21316   0.99211
  22.04210   0.21316   0.99211  24.08421   0.21316   0.99211
  26.12632   0.21316   0.99211  28.16842   0.21316   0.99211
  30.21053   0.21316   0.99211  32.25263   0.21316   0.99211
  34.29473   0.21316   0.99211  36.33684   0.21316   0.99211
  38.37895   0.21316   0.99211  40.42105   0.21316   0.99211
  42.46316   0.21316   0.99211  44.50526   0.21316   0.99211
  46.54737   0.21316   0.99211  48.58947   0.21316   0.99211
  50.63158   0.21316   0.99211  52.67368   0.21316   0.99211
  54.71579   0.21316   0.99211  56.75790   0.21316   0.99211
  58.80000   0.21316   0.99211  59.49474   0.20194   0.99252
  60.18947   0.19072   0.99294  60.88421   0.17950   0.99335
  61.57895   0.16828   0.99377  62.27369   0.15706   0.99418
  62.96842   0.14584   0.99460  63.66316   0.13463   0.99501
  64.35789   0.12341   0.99543  65.05264   0.11219   0.99584
  65.74737   0.10097   0.99626  66.44211   0.08975   0.99668
  67.13684   0.07853   0.99709  67.83158   0.06731   0.99751
  68.52631   0.05609   0.99792  69.22105   0.04488   0.99834
  69.91579   0.03366   0.99875  70.61053   0.02244   0.99917
  71.30526   0.01122   0.99958  72.00000   0.00000   1.00000
   0.00000   0.00000  -1.00000   1.05263   0.01496  -0.89529
   2.10526   0.02992  -0.79058   3.15789   0.04488  -0.68587
   4.21053   0.05983  -0.58116   5.26316   0.07479  -0.47645
   6.31579   0.08975  -0.37175   7.36842   0.10471  -0.26704
   8.42105   0.11967  -0.16233   9.47368   0.13463  -0.05762
  10.52632   0.14958   0.04709  11.57895   0.16454   0.15180
  12.63158   0.17950   0.25651  13.68421   0.19446   0.36122
  14.73684   0.20942   0.46593  15.78947   0.22438   0.57064
  16.84211   0.23934   0.67535  17.89474   0.25429   0.78006
  18.94737   0.26925   0.88476  20.00000   0.28421   0.98947
  22.04210   0.28421   0.98947  24.08421   0.28421   0.98947
  26.12632   0.28421   0.98947  28.16842   0.28421   0.98947
  30.21053   0.28421   0.98947  32.25263   0.28421   0.98947
  34.29473   0.28421   0.98947  36.33684   0.28421   0.98947
  38.37895   0.28421   0.98947  40.42105   0.28421   0.98947
  42.46316   0.28421   0.98947  44.50526   0.28421   0.98947
  46.54737   0.28421   0.98947  48.58947   0.28421   0.98947
  50.63158   0.28421   0.98947  52.67368   0.28421   0.98947
  54.71579   0.28421   0.98947  56.75790   0.28421   0.98947
  58.80000   0.28421   0.98947  59.49474   0.26925   0.99003
  60.18947   0.25429   0.99058  60.88421   0.23934   0.99114
  61.57895   0.22438   0.99169  62.27369   0.20942   0.99224
  62.96842   0.19446   0.99280  63.66316   0.17950   0.99335
  64.35789   0.16454   0.99391  65.05264   0.14958   0.99446
  65.74737   0.13463   0.99501  66.44211   0.11967   0.99557
  67.13684   0.10471   0.99612  67.83158   0.08975   0.99668
  68.52631   0.07479   0.99723  69.22105   0.05983   0.99778
  69.91579   0.04488   0.99834  70.61053   0.02992   0.99889
  71.30526   0.01496   0.99945  72.00000   0.00000   1.00000
   0.00000   0.00000  -1.00000   1.05263   0.01870  -0.89543
   2.10526   0.03740  -0.79086   3.15789   0.05609  -0.68629
   4.21053   0.07479  -0.58172   5.26316   0.09349  -0.47715
   6.31579   0.11219  -0.37258   7.36842   0.13089  -0.26801
   8.42105   0.14958  -0.16343   9.47368   0.16828  -0.05886
  10.52632   0.18698   0.04571  11.57895   0.20568   0.15028
  12.63158   0.22438   0.25485  13.68421   0.24307   0.35942
  14.73684   0.26177   0.46399  15.78947   0.28047   0.56856
  16.84211   0.29917   0.67313  17.89474   0.31787   0.77770
  18.94737   0.33657   0.88227  20.00000   0.35526   0.98684
  22.04210   0.35526   0.98684  24.08421   0.35526   0.98684
  26.12632   0.35526   0.98684  28.16842   0.35526   0.98684
  30.21053   0.35526   0.98684  32.25263   0.35526   0.98684
  34.29473   0.35526   0.98684  36.33684   0.35526   0.98684
  38.37895   0.35526   0.98684  40.42105   0.35526   0.98684
  42.46316   0.35526   0.98684  44.50526   0.35526   0.98684
  46.54737   0.35526   0.98684  48.58947   0.35526   0.98684
  50.63158   0.35526   0.98684  52.67368   0.35526   0.98684
  54.71579   0.35526   0.98684  56.75790   0.35526   0.98684
  58.80000   0.35526   0.98684  59.49474   0.33657   0.98753
  60.18947   0.31787   0.98823  60.88421   0.29917   0.98892
  61.57895   0.28047   0.98961  62.27369   0.26177   0.99030
  62.96842   0.24307   0.99100  63.66316   0.22438   0.99169
  64.35789   0.20568   0.99238  65.05264   0.18698   0.99307
  65.74737   0.16828   0.99377  66.44211   0.14958   0.99446
  67.13684   0.13089   0.99515  67.83158   0.11219   0.99584
  68.52631   0.09349   0.99654  69.22105   0.07479   0.99723
  69.91579   0.05609   0.99792  70.61053   0.03740   0.99861
  71.30526   0.01870   0.99931  72.00000   0.00000   1.00000
   0.00000   0.00000  -1.00000   1.05263   0.02244  -0.89557
   2.10526   0.04488  -0.79114   3.15789   0.06731  -0.68670
   4.21053   0.08975  -0.58227   5.26316   0.11219  -0.47784
   6.31579   0.13463  -0.37341   7.36842   0.15706  -0.26898
   8.42105   0.17950  -0.16454   9.47368   0.20194  -0.06011
  10.52632   0.22438   0.04432  11.57895   0.24681   0.14875
  12.63158   0.26925   0.25319  13.68421   0.29169   0.35762
  14.73684   0.31413   0.46205  15.78947   0.33657   0.56648
  16.84211   0.35900   0.67091  17.89474   0.38144   0.77535
  18.94737   0.40388   0.87978  20.00000   0.42632   0.98421
  22.04210   0.42632   0.98421  24.08421   0.42632   0.98421
  26.12632   0.42632   0.98421  28.16842   0.42632   0.98421
  30.21053   0.42632   0.98421  32.25263   0.42632   0.98421
  34.29473   0.42632   0.98421  36.33684   0.42632   0.98421
  38.37895   0.42632   0.98421  40.42105   0.42632   0.98421
  42.46316   0.42632   0.98421  44.50526   0.42632   0.98421
  46.54737   0.42632   0.98421  48.58947   0.42632   0.98421
  50.63158   0.42632   0.98421  52.67368   0.42632   0.98421
  54.71579   0.42632   0.98421  56.75790   0.42632   0.98421
  58.80000   0.42632   0.98421  59.49474   0.40388   0.98504
  60.18947   0.38144   0.98587  60.88421   0.35900   0.98670
  61.57895   0.33657   0.98753  62.27369   0.31413   0.98837
  62.96842   0.29169   0.98920  63.66316   0.26925   0.99003
  64.35789   0.24681   0.99086  65.05264   0.22438   0.99169
  65.74737   0.20194   0.99252  66.44211   0.17950   0.99335
  67.13684   0.15706   0.99418  67.83158   0.13463   0.99501
  68.52631   0.11219   0.99584  69.22105   0.08975   0.99668
  69.91579   0.06731   0.99751  70.61053   0.04488   0.99834
  71.30526   0.02244   0.99917  72.00000   0.00000   1.00000
   0.00000   0.00000  -1.00000   1.05263   0.02618  -0.89571
   2.10526   0.05235  -0.79141   3.15789   0.07853  -0.68712
   4.21053   0.10471  -0.58283   5.26316   0.13089  -0.47853
   6.31579   0.15706  -0.37424   7.36842   0.18324  -0.26994
   8.42105   0.20942  -0.16565   9.47368   0.23560  -0.06136
  10.52632   0.26177   0.04294  11.57895   0.28795   0.14723
  12.63158   0.31413   0.25152  13.68421   0.34030   0.35582
  14.73684   0.36648   0.46011  15.78947   0.39266   0.56440
  16.84211   0.41884   0.66870  17.89474   0.44501   0.77299
  18.94737   0.47119   0.87729  20.00000   0.49737   0.98158
  22.04210   0.49737   0.98158  24.08421   0.49737   0.98158
  26.12632   0.49737   0.98158  28.16842   0.49737   0.98158
  30.21053   0.49737   0.98158  32.25263   0.49737   0.98158
  34.29473   0.49737   0.98158  36.33684   0.49737   0.98158
  38.37895   0.49737   0.98158  40.42105   0.49737   0.98158
  42.46316   0.49737   0.98158  44.50526   0.49737   0.98158
  46.54737   0.49737   0.98158  48.58947   0.49737   0.98158
  50.63158   0.49737   0.98158  52.67368   0.49737   0.98158
  54.71579   0.49737   0.98158  56.75790   0.49737   0.98158
  58.80000   0.49737   0.98158  59.49474   0.47119   0.98255
  60.18947   0.44501   0.98352  60.88421   0.41884   0.98449
  61.57895   0.39266   0.98546  62.27369   0.36648   0.98643
  62.96842   0.34030   0.98740  63.66316   0.31413   0.98837
  64.35789   0.28795   0.98934  65.05264   0.26177   0.99030
  65.74737   0.23560   0.99127  66.44211   0.20942   0.99224
  67.13684   0.18324   0.99321  67.83158   0.15706   0.99418
  68.52631   0.13089   0.99515  69.22105   0.10471   0.99612
  69.91579   0.07853   0.99709  70.61053   0.05235   0.99806
  71.30526   0.02618   0.99903  72.00000   0.00000   1.00000
   0.00000   0.00000  -1.00000   1.05263   0.02992  -0.89584
   2.10526   0.05983  -0.79169   3.15789   0.08975  -0.68753
   4.21053   0.11967  -0.58338   5.26316   0.14958  -0.47922
   6.31579   0.17950  -0.37507   7.36842   0.20942  -0.27091
   8.42105   0.23934  -0.16676   9.47368   0.26925  -0.06260
  10.52632   0.29917   0.04155  11.57895   0.32909   0.14571
  12.63158   0.35900   0.24986  13.68421   0.38892   0.35402
  14.73684   0.41884   0.45817  15.78947   0.44875   0.56233
  16.84211   0.47867   0.66648  17.89474   0.50859   0.77064
  18.94737   0.53850   0.87479  20.00000   0.56842   0.97895
  22.04210   0.56842   0.97895  24.08421   0.56842   0.97895
  26.12632   0.56842   0.97895  28.16842   0.56842   0.97895
  30.21053   0.56842   0.97895  32.25263   0.56842   0.97895
  34.29473   0.56842   0.97895  36.33684   0.56842   0.97895
  38.37895   0.56842   0.97895  40.42105   0.56842   0.97895
  42.46316   0.56842   0.97895  44.50526   0.56842   0.97895
  46.54737   0.56842   0.97895  48.58947   0.56842   0.97895
  50.63158   0.56842   0.97895  52.67368   0.56842   0.97895
  54.71579   0.56842   0.97895  56.75790   0.56842   0.97895
  58.80000   0.56842   0.97895  59.49474   0.53850   0.98006
  60.18947   0.50859   0.98116  60.88421   0.47867   0.98227
  61.57895   0.44875   0.98338  62.27369   0.41884   0.98449
  62.96842   0.38892   0.98560  63.66316   0.35900   0.98670
  64.35789   0.32909   0.98781  65.05264   0.29917   0.98892
  65.74737   0.26925   0.99003  66.44211   0.23934   0.99114
  67.13684   0.20942   0.99224  67.83158   0.17950   0.99335
  68.52631   0.14958   0.99446  69.22105   0.11967   0.99557
  69.91579   0.08975   0.99668  70.61053   0.05983   0.99778
  71.30526   0.02992   0.99889  72.00000   0.00000   1.00000
   0.00000   0.00000  -1.00000   1.05263   0.03366  -0.89598
   2.10526   0.06731  -0.79197   3.15789   0.10097  -0.68795
   4.21053   0.13463  -0.58393   5.26316   0.16828  -0.47992
   6.31579   0.20194  -0.37590   7.36842   0.23560  -0.27188
   8.42105   0.26925  -0.16787   9.47368   0.30291  -0.06385
  10.52632   0.33657   0.04017  11.57895   0.37022   0.14418
  12.63158   0.40388   0.24820  13.68421   0.43753   0.35222
  14.73684   0.47119   0.45623  15.78947   0.50485   0.56025
  16.84211   0.53850   0.66427  17.89474   0.57216   0.76828
  18.94737   0.60582   0.87230  20.00000   0.63947   0.97632
  22.04210   0.63947   0.97632  24.08421   0.63947   0.97632
  26.12632   0.63947   0.97632  28.16842   0.63947   0.97632
  30.21053   0.63947   0.97632  32.25263   0.63947   0.97632
  34.29473   0.63947   0.97632  36.33684   0.63947   0.97632
  38.37895   0.63947   0.97632  40.42105   0.63947   0.97632
  42.46316   0.63947   0.97632  44.50526   0.63947   0.97632
  46.54737   0.63947   0.97632  48.58947   0.63947   0.97632
  50.63158   0.63947   0.97632  52.67368   0.63947   0.97632
  54.71579   0.63947   0.97632  56.75790   0.63947   0.97632
  58.80000   0.63947   0.97632  59.49474   0.60582   0.97756
  60.18947   0.57216   0.97881  60.88421   0.53850   0.98006
  61.57895   0.50485   0.98130  62.27369   0.47119   0.98255
  62.96842   0.43753   0.98379  63.66316   0.40388   0.98504
  64.35789   0.37022   0.98629  65.05264   0.33657   0.98753
  65.74737   0.30291   0.98878  66.44211   0.26925   0.99003
  67.13684   0.23560   0.99127  67.83158   0.20194   0.99252
  68.52631   0.16828   0.99377  69.22105   0.13463   0.99501
  69.91579   0.10097   0.99626  70.61053   0.06731   0.99751
  71.30526   0.03366   0.99875  72.00000   0.00000   1.00000
   0.00000   0.00000  -1.00000   1.05263   0.03740  -0.89612
   2.10526   0.07479  -0.79224   3.15789   0.11219  -0.68837
   4.21053   0.14958  -0.58449   5.26316   0.18698  -0.48061
   6.31579   0.22438  -0.37673   7.36842   0.26177  -0.27285
   8.42105   0.29917  -0.16898   9.47368   0.33657  -0.06510
  10.52632   0.37396   0.03878  11.57895   0.41136   0.14266
  12.63158   0.44875   0.24654  13.68421   0.48615   0.35042
  14.73684   0.52355   0.45429  15.78947   0.56094   0.55817
  16.84211   0.59834   0.66205  17.89474   0.63573   0.76593
  18.94737   0.67313   0.86981  20.00000   0.71053   0.97368
  22.04210   0.71053   0.97368  24.08421   0.71053   0.97368
  26.12632   0.71053   0.97368  28.16842   0.71053   0.97368
  30.21053   0.71053   0.97368  32.25263   0.71053   0.97368
  34.29473   0.71053   0.97368  36.33684   0.71053   0.97368
  38.37895   0.71053   0.97368  40.42105   0.71053   0.97368
  42.46316   0.71053   0.97368  44.50526   0.71053   0.97368
  46.54737   0.71053   0.97368  48.58947   0.71053   0.97368
  50.63158   0.71053   0.97368  52.67368   0.71053   0.97368
  54.71579   0.71053   0.97368  56.75790   0.71053   0.97368
  58.80000   0.71053   0.97368  59.49474   0.67313   0.97507
  60.18947   0.63573   0.97645  60.88421   0.59834   0.97784
  61.57895   0.56094   0.97922  62.27369   0.52355   0.98061
  62.96842   0.48615   0.98199  63.66316   0.44875   0.98338
  64.35789   0.41136   0.98476  65.05264   0.37396   0.98615
  65.74737   0.33657   0.98753  66.44211   0.29917   0.98892
  67.13684   0.26177   0.99030  67.83158   0.22438   0.99169
  68.52631   0.18698   0.99307  69.22105   0.14958   0.99446
  69.91579   0.11219   0.99584  70.61053   0.07479   0.99723
  71.30526   0.03740   0.99861  72.00000   0.00000   1.00000
   0.00000   0.00000  -1.00000   1.05263   0.04114  -0.89626
   2.10526   0.08227  -0.79252   3.15789   0.12341  -0.68878
   4.21053   0.16454  -0.58504   5.26316   0.20568  -0.48130
   6.31579   0.24681  -0.37756   7.36842   0.28795  -0.27382
   8.42105   0.32909  -0.17008   9.47368   0.37022  -0.06634
  10.52632   0.41136   0.03740  11.57895   0.45249   0.14114
  12.63158   0.49363   0.24488  13.68421   0.53476   0.34861
  14.73684   0.57590   0.45235  15.78947   0.61704   0.55609
  16.84211   0.65817   0.65983  17.89474   0.69931   0.76357
  18.94737   0.74044   0.86731  20.00000   0.78158   0.97105
  22.04210   0.78158   0.97105  24.08421   0.78158   0.97105
  26.12632   0.78158   0.97105  28.16842   0.78158   0.97105
  30.21053   0.78158   0.97105  32.25263   0.78158   0.97105
  34.29473   0.78158   0.97105  36.33684   0.78158   0.97105
  38.37895   0.78158   0.97105  40.42105   0.78158   0.97105
  42.46316   0.78158   0.97105  44.50526   0.78158   0.97105
  46.54737   0.78158   0.97105  48.58947   0.78158   0.97105
  50.63158   0.78158   0.97105  52.67368   0.78158   0.97105
  54.71579   0.78158   0.97105  56.75790   0.78158   0.97105
  58.80000   0.78158   0.97105  59.49474   0.74044   0.97258
  60.18947   0.69931   0.97410  60.88421   0.65817   0.97562
  61.57895   0.61704   0.97715  62.27369   0.57590   0.97867
  62.96842   0.53476   0.98019  63.66316   0.49363   0.98172
  64.35789   0.45249   0.98324  65.05264   0.41136   0.98476
  65.74737   0.37022   0.98629  66.44211   0.32909   0.98781
  67.13684   0.28795   0.98934  67.83158   0.24681   0.99086
  68.52631   0.20568   0.99238  69.22105   0.16454   0.99391
  69.91579   0.12341   0.99543  70.61053   0.08227   0.99695
  71.30526   0.04114   0.99848  72.00000   0.00000   1.00000
   0.00000   0.00000  -1.00000   1.05263   0.04488  -0.89640
   2.10526   0.08975  -0.79280   3.15789   0.13463  -0.68920
   4.21053   0.17950  -0.58560   5.26316   0.22438  -0.48199
   6.31579   0.26925  -0.37839   7.36842   0.31413  -0.27479
   8.42105   0.35900  -0.17119   9.47368   0.40388  -0.06759
  10.52632   0.44875   0.03601  11.57895   0.49363   0.13961
  12.63158   0.53850   0.24321  13.68421   0.58338   0.34681
  14.73684   0.62825   0.45042  15.78947   0.67313   0.55402
  16.84211   0.71801   0.65762  17.89474   0.76288   0.76122
  18.94737   0.80776   0.86482  20.00000   0.85263   0.96842
  22.04210   0.85263   0.96842  24.08421   0.85263   0.96842
  26.12632   0.85263   0.96842  28.16842   0.85263   0.96842
  30.21053   0.85263   0.96842  32.25263   0.85263   0.96842
  34.29473   0.85263   0.96842  36.33684   0.85263   0.96842
  38.37895   0.85263   0.96842  40.42105   0.85263   0.96842
  42.46316   0.85263   0.96842  44.50526   0.85263   0.96842
  46.54737   0.85263   0.96842  48.58947   0.85263   0.96842
  50.63158   0.85263   0.96842  52.67368   0.85263   0.96842
  54.71579   0.85263   0.96842  56.75790   0.85263   0.96842
  58.80000   0.85263   0.96842  59.49474   0.80776   0.97008
  60.18947   0.76288   0.97175  60.88421   0.71801   0.97341
  61.57895   0.67313   0.97507  62.27369   0.62825   0.97673
  62.96842   0.58338   0.97839  63.66316   0.53850   0.98006
  64.35789   0.49363   0.98172  65.05264   0.44875   0.98338
  65.74737   0.40388   0.98504  66.44211   0.35900   0.98670
  67.13684   0.31413   0.98837  67.83158   0.26925   0.99003
  68.52631   0.22438   0.99169  69.22105   0.17950   0.99335
  69.91579   0.13463   0.99501  70.61053   0.08975   0.99668
  71.30526   0.04488   0.99834  72.00000   0.00000   1.00000
   0.00000   0.00000  -1.00000   1.05263   0.04861  -0.89654
   2.10526   0.09723  -0.79307   3.15789   0.14584  -0.68961
   4.21053   0.19446  -0.58615   5.26316   0.24307  -0.48269
   6.31579   0.29169  -0.37922   7.36842   0.34030  -0.27576
   8.42105   0.38892  -0.17230   9.47368   0.43753  -0.06884
  10.52632   0.48615   0.03463  11.57895   0.53476   0.13809
  12.63158   0.58338   0.24155  13.68421   0.63199   0.34501
  14.73684   0.68061   0.44848  15.78947   0.72922   0.55194
  16.84211   0.77784   0.65540  17.89474   0.82645   0.75886
  18.94737   0.87507   0.86233  20.00000   0.92368   0.96579
  22.04210   0.92368   0.96579  24.08421   0.92368   0.96579
  26.12632   0.92368   0.96579  28.16842   0.92368   0.96579
  30.21053   0.92368   0.96579  32.25263   0.92368   0.96579
  34.29473   0.92368   0.96579  36.33684   0.92368   0.96579
  38.37895   0.92368   0.96579  40.42105   0.92368   0.96579
  42.46316   0.92368   0.96579  44.50526   0.92368   0.96579
  46.54737   0.92368   0.96579  48.58947   0.92368   0.96579
  50.63158   0.92368   0.96579  52.67368   0.92368   0.96579
  54.71579   0.92368   0.96579  56.75790   0.92368   0.96579
  58.80000   0.92368   0.96579  59.49474   0.87507   0.96759
  60.18947   0.82645   0.96939  60.88421   0.77784   0.97119
  61.57895   0.72922   0.97299  62.27369   0.68061   0.97479
  62.96842   0.63199   0.97659  63.66316   0.58338   0.97839
  64.35789   0.53476   0.98019  65.05264   0.48615   0.98199
  65.74737   0.43753   0.98379  66.44211   0.38892   0.98560
  67.13684   0.34030   0.98740  67.83158   0.29169   0.98920
  68.52631   0.24307   0.99100  69.22105   0.19446   0.99280
  69.91579   0.14584   0.99460  70.61053   0.09723   0.99640
  71.30526   0.04861   0.99820  72.00000   0.00000   1.00000
   0.00000   0.00000  -1.00000   1.05263   0.05235  -0.89668
   2.10526   0.10471  -0.79335   3.15789   0.15706  -0.69003
   4.21053   0.20942  -0.58670   5.26316   0.26177  -0.48338
   6.31579   0.31413  -0.38006   7.36842   0.36648  -0.27673
   8.42105   0.41884  -0.17341   9.47368   0.47119  -0.07008
  10.52632   0.52355   0.03324  11.57895   0.57590   0.13657
  12.63158   0.62825   0.23989  13.68421   0.68061   0.34321
  14.73684   0.73296   0.44654  15.78947   0.78532   0.54986
  16.84211   0.83767   0.65319  17.89474   0.89003   0.75651
  18.94737   0.94238   0.85983  20.00000   0.99474   0.96316
  22.04210   0.99474   0.96316  24.08421   0.99474   0.96316
  26.12632   0.99474   0.96316  28.16842   0.99474   0.96316
  30.21053   0.99474   0.96316  32.25263   0.99474   0.96316
  34.29473   0.99474   0.96316  36.33684   0.99474   0.96316
  38.37895   0.99474   0.96316  40.42105   0.99474   0.96316
  42.46316   0.99474   0.96316  44.50526   0.99474   0.96316
  46.54737   0.99474   0.96316  48.58947   0.99474   0.96316
  50.63158   0.99474   0.96316  52.67368   0.99474   0.96316
  54.71579   0.99474   0.96316  56.75790   0.99474   0.96316
  58.80000   0.99474   0.96316  59.49474   0.94238   0.96510
  60.18947   0.89003   0.96704  60.88421   0.83767   0.96898
  61.57895   0.78532   0.97091  62.27369   0.73296   0.97285
  62.96842   0.68061   0.97479  63.66316   0.62825   0.97673
  64.35789   0.57590   0.97867  65.05264   0.52355   0.98061
  65.74737   0.47119   0.98255  66.44211   0.41884   0.98449
  67.13684   0.36648   0.98643  67.83158   0.31413   0.98837
  68.52631   0.26177   0.99030  69.22105   0.20942   0.99224
  69.91579   0.15706   0.99418  70.61053   0.10471   0.99612
  71.30526   0.05235   0.99806  72.00000   0.00000   1.00000
   0.00000   0.00000  -1.00000   1.05263   0.05609  -0.89681
   2.10526   0.11219  -0.79363   3.15789   0.16828  -0.69044
   4.21053   0.22438  -0.58726   5.26316   0.28047  -0.48407
   6.31579   0.33657  -0.38089   7.36842   0.39266  -0.27770
   8.42105   0.44875  -0.17452   9.47368   0.50485  -0.07133
  10.52632   0.56094   0.03186  11.57895   0.61704   0.13504
  12.63158   0.67313   0.23823  13.68421   0.72922   0.34141
  14.73684   0.78532   0.44460  15.78947   0.84141   0.54778
  16.84211   0.89751   0.65097  17.89474   0.95360   0.75416
  18.94737   1.00970   0.85734  20.00000   1.06579   0.96053
  22.04210   1.06579   0.96053  24.08421   1.06579   0.96053
  26.12632   1.06579   0.96053  28.16842   1.06579   0.96053
  30.21053   1.06579   0.96053  32.25263   1.06579   0.96053
  34.29473   1.06579   0.96053  36.33684   1.06579   0.96053
  38.37895   1.06579   0.96053  40.42105   1.06579   0.96053
  42.46316   1.06579   0.96053  44.50526   1.06579   0.96053
  46.54737   1.06579   0.96053  48.58947   1.06579   0.96053
  50.63158   1.06579   0.96053  52.67368   1.06579   0.96053
  54.71579   1.06579   0.96053  56.75790   1.06579   0.96053
  58.80000   1.06579   0.96053  59.49474   1.00970   0.96260
  60.18947   0.95360   0.96468  60.88421   0.89751   0.96676
  61.57895   0.84141   0.96884  62.27369   0.78532   0.97091
  62.96842   0.72922   0.97299  63.66316   0.67313   0.97507
  64.35789   0.61704   0.97715  65.05264   0.56094   0.97922
  65.74737   0.50485   0.98130  66.44211   0.44875   0.98338
  67.13684   0.39266   0.98546  67.83158   0.33657   0.98753
  68.52631   0.28047   0.98961  69.22105   0.22438   0.99169
  69.91579   0.16828   0.99377  70.61053   0.11219   0.99584
  71.30526   0.05609   0.99792  72.00000   0.00000   1.00000
   0.00000   0.00000  -1.00000   1.05263   0.05983  -0.89695
   2.10526   0.11967  -0.79391   3.15789   0.17950  -0.69086
   4.21053   0.23934  -0.58781   5.26316   0.29917  -0.48476
   6.31579   0.35900  -0.38172   7.36842   0.41884  -0.27867
   8.42105   0.47867  -0.17562   9.47368   0.53850  -0.07258
  10.52632   0.59834   0.03047  11.57895   0.65817   0.13352
  12.63158   0.71801   0.23657  13.68421   0.77784   0.33961
  14.73684   0.83767   0.44266  15.78947   0.89751   0.54571
  16.84211   0.95734   0.64875  17.89474   1.01717   0.75180
  18.94737   1.07701   0.85485  20.00000   1.13684   0.95789
  22.04210   1.13684   0.95789  24.08421   1.13684   0.95789
  26.12632   1.13684   0.95789  28.16842   1.13684   0.95789
  30.21053   1.13684   0.95789  32.25263   1.13684   0.95789
  34.29473   1.13684   0.95789  36.33684   1.13684   0.95789
  38.37895   1.13684   0.95789  40.42105   1.13684   0.95789
  42.46316   1.13684   0.95789  44.50526   1.13684   0.95789
  46.54737   1.13684   0.95789  48.58947   1.13684   0.95789
  50.63158   1.13684   0.95789  52.67368   1.13684   0.95789
  54.71579   1.13684   0.95789  56.75790   1.13684   0.95789
  58.80000   1.13684   0.95789  59.49474   1.07701   0.96011
  60.18947   1.01717   0.96233  60.88421   0.95734   0.96454
  61.57895   0.89751   0.96676  62.27369   0.83767   0.96898
  62.96842   0.77784   0.97119  63.66316   0.71801   0.97341
  64.35789   0.65817   0.97562  65.05264   0.59834   0.97784
  65.74737   0.53850   0.98006  66.44211   0.47867   0.98227
  67.13684   0.41884   0.98449  67.83158   0.35900   0.98670
  68.52631   0.29917   0.98892  69.22105   0.23934   0.99114
  69.91579   0.17950   0.99335  70.61053   0.11967   0.99557
  71.30526   0.05983   0.99778  72.00000   0.00000   1.00000
   0.00000   0.00000  -1.00000   1.05263   0.06357  -0.89709
   2.10526   0.12715  -0.79418   3.15789   0.19072  -0.69127
   4.21053   0.25429  -0.58837   5.26316   0.31787  -0.48546
   6.31579   0.38144  -0.38255   7.36842   0.44501  -0.27964
   8.42105   0.50859  -0.17673   9.47368   0.57216  -0.07382
  10.52632   0.63573   0.02909  11.57895   0.69931   0.13199
  12.63158   0.76288   0.23490  13.68421   0.82645   0.33781
  14.73684   0.89003   0.44072  15.78947   0.95360   0.54363
  16.84211   1.01717   0.64654  17.89474   1.08075   0.74945
  18.94737   1.14432   0.85235  20.00000   1.20789   0.95526
  22.04210   1.20789   0.95526  24.08421   1.20789   0.95526
  26.12632   1.20789   0.95526  28.16842   1.20789   0.95526
  30.21053   1.20789   0.95526  32.25263   1.20789   0.95526
  34.29473   1.20789   0.95526  36.33684   1.20789   0.95526
  38.37895   1.20789   0.95526  40.42105   1.20789   0.95526
  42.46316   1.20789   0.95526  44.50526   1.20789   0.95526
  46.54737   1.20789   0.95526  48.58947   1.20789   0.95526
  50.63158   1.20789   0.95526  52.67368   1.20789   0.95526
  54.71579   1.20789   0.95526  56.75790   1.20789   0.95526
  58.80000   1.20789   0.95526  59.49474   1.14432   0.95762
  60.18947   1.08075   0.95997  60.88421   1.01717   0.96233
  61.57895   0.95360   0.96468  62.27369   0.89003   0.96704
  62.96842   0.82645   0.96939  63.66316   0.76288   0.97175
  64.35789   0.69931   0.97410  65.05264   0.63573   0.97645
  65.74737   0.57216   0.97881  66.44211   0.50859   0.98116
  67.13684   0.44501   0.98352  67.83158   0.38144   0.98587
  68.52631   0.31787   0.98823  69.22105   0.25429   0.99058
  69.91579   0.19072   0.99294  70.61053   0.12715   0.99529
  71.30526   0.06357   0.99765  72.00000   0.00000   1.00000
   0.00000   0.00000  -1.00000   1.05263   0.06731  -0.89723
   2.10526   0.13463  -0.79446   3.15789   0.20194  -0.69169
   4.21053   0.26925  -0.58892   5.26316   0.33657  -0.48615
   6.31579   0.40388  -0.38338   7.36842   0.47119  -0.28061
   8.42105   0.53850  -0.17784   9.47368   0.60582  -0.07507
  10.52632   0.67313   0.02770  11.57895   0.74044   0.13047
  12.63158   0.80776   0.23324  13.68421   0.87507   0.33601
  14.73684   0.94238   0.43878  15.78947   1.00970   0.54155
  16.84211   1.07701   0.64432  17.89474   1.14432   0.74709
  18.94737   1.21163   0.84986  20.00000   1.27895   0.95263
  22.04210   1.27895   0.95263  24.08421   1.27895   0.95263
  26.12632   1.27895   0.95263  28.16842   1.27895   0.95263
  30.21053   1.27895   0.95263  32.25263   1.27895   0.95263
  34.29473   1.27895   0.95263  36.33684   1.27895   0.95263
  38.37895   1.27895   0.95263  40.42105   1.27895   0.95263
  42.46316   1.27895   0.95263  44.50526   1.27895   0.95263
  46.54737   1.27895   0.95263  48.58947   1.27895   0.95263
  50.63158   1.27895   0.95263  52.67368   1.27895   0.95263
  54.71579   1.27895   0.95263  56.75790   1.27895   0.95263
  58.80000   1.27895   0.95263  59.49474   1.21163   0.95512
  60.18947   1.14432   0.95762  60.88421   1.07701   0.96011
  61.57895   1.00970   0.96260  62.27369   0.94238   0.96510
  62.96842   0.87507   0.96759  63.66316   0.80776   0.97008
  64.35789   0.74044   0.97258  65.05264   0.67313   0.97507
  65.74737   0.60582   0.97756  66.44211   0.53850   0.98006
  67.13684   0.47119   0.98255  67.83158   0.40388   0.98504
  68.52631   0.33657   0.98753  69.22105   0.26925   0.99003
  69.91579   0.20194   0.99252  70.61053   0.13463   0.99501
  71.30526   0.06731   0.99751  72.00000   0.00000   1.00000
   0.00000   0.00000  -1.00000   1.05263   0.07105  -0.89737
   2.10526   0.14211  -0.79474   3.15789   0.21316  -0.69211
   4.21053   0.28421  -0.58947   5.26316   0.35526  -0.48684
   6.31579   0.42632  -0.38421   7.36842   0.49737  -0.28158
   8.42105   0.56842  -0.17895   9.47368   0.63947  -0.07632
  10.52632   0.71053   0.02632  11.57895   0.78158   0.12895
  12.63158   0.85263   0.23158  13.68421   0.92368   0.33421
  14.73684   0.99474   0.43684  15.78947   1.06579   0.53947
  16.84211   1.13684   0.64211  17.89474   1.20789   0.74474
  18.94737   1.27895   0.84737  20.00000   1.35000   0.95000
  22.04210   1.35000   0.95000  24.08421   1.35000   0.95000
  26.12632   1.35000   0.95000  28.16842   1.35000   0.95000
  30.21053   1.35000   0.95000  32.25263   1.35000   0.95000
  34.29473   1.35000   0.95000  36.33684   1.35000   0.95000
  38.37895   1.35000   0.95000  40.42105   1.35000   0.95000
  42.46316   1.35000   0.95000  44.50526   1.35000   0.95000
  46.54737   1.35000   0.95000  48.58947   1.35000   0.95000
  50.63158   1.35000   0.95000  52.67368   1.35000   0.95000
  54.71579   1.35000   0.95000  56.75790   1.35000   0.95000
  58.80000   1.35000   0.95000  59.49474   1.27895   0.95263
  60.18947   1.20789   0.95526  60.88421   1.13684   0.95789
  61.57895   1.06579   0.96053  62.27369   0.99474   0.96316
  62.96842   0.92368   0.96579  63.66316   0.85263   0.96842
  64.35789   0.78158   0.97105  65.05264   0.71053   0.97368
  65.74737   0.63947   0.97632  66.44211   0.56842   0.97895
  67.13684   0.49737   0.98158  67.83158   0.42632   0.98421
  68.52631   0.35526   0.98684  69.22105   0.28421   0.98947
  69.91579   0.21316   0.99211  70.61053   0.14211   0.99474
  71.30526   0.07105   0.99737  72.00000   0.00000   1.00000
$points - wing-body  with composite panels
1.
1.
        20        58                                                           2
  72.00000   0.00000   1.00000  72.00000   0.00000   1.00000
  72.00000   0.00000   1.00000  72.00000   0.00000   1.00000
  72.00000   0.00000   1.00000  72.00000   0.00000   1.00000
  72.00000   0.00000   1.00000  72.00000   0.00000   1.00000
  72.00000   0.00000   1.00000  72.00000   0.00000   1.00000
  72.00000   0.00000   1.00000  72.00000   0.00000   1.00000
  72.00000   0.00000   1.00000  72.00000   0.00000   1.00000
  72.00000   0.00000   1.00000  72.00000   0.00000   1.00000
  72.00000   0.00000   1.00000  72.00000   0.00000   1.00000
  72.00000   0.00000   1.00000  72.00000   0.00000   1.00000
  71.30526   0.07105   0.99737  71.30526   0.07105   0.99211
  71.30526   0.07105   0.98684  71.30526   0.07105   0.98158
  71.30526   0.07105   0.97632  71.30526   0.07105   0.97105
  71.30526   0.07105   0.96579  71.30526   0.07105   0.96053
  71.30526   0.07105   0.95526  71.30526   0.07105   0.95000
  71.30526   0.07105   0.94474  71.30526   0.07105   0.93947
  71.30526   0.07105   0.93421  71.30526   0.07105   0.92895
  71.30526   0.07105   0.92368  71.30526   0.07105   0.91842
  71.30526   0.07105   0.91316  71.30526   0.07105   0.90789
  71.30526   0.07105   0.90263  71.30526   0.07105   0.89737
  70.61053   0.14211   0.99474  70.61053   0.14211   0.98421
  70.61053   0.14211   0.97368  70.61053   0.14211   0.96316
  70.61053   0.14211   0.95263  70.61053   0.14211   0.94211
  70.61053   0.14211   0.93158  70.61053   0.14211   0.92105
  70.61053   0.14211   0.91053  70.61053   0.14211   0.90000
  70.61053   0.14211   0.88947  70.61053   0.14211   0.87895
  70.61053   0.14211   0.86842  70.61053   0.14211   0.85789
  70.61053   0.14211   0.84737  70.61053   0.14211   0.83684
  70.61053   0.14211   0.82632  70.61053   0.14211   0.81579
  70.61053   0.14211   0.80526  70.61053   0.14211   0.79474
  69.91579   0.21316   0.99211  69.91579   0.21316   0.97632
  69.91579   0.21316   0.96053  69.91579   0.21316   0.94474
  69.91579   0.21316   0.92895  69.91579   0.21316   0.91316
  69.91579   0.21316   0.89737  69.91579   0.21316   0.88158
  69.91579   0.21316   0.86579  69.91579   0.21316   0.85000
  69.91579   0.21316   0.83421  69.91579   0.21316   0.81842
  69.91579   0.21316   0.80263  69.91579   0.21316   0.78684
  69.91579   0.21316   0.77105  69.91579   0.21316   0.75526
  69.91579   0.21316   0.73947  69.91579   0.21316   0.72368
  69.91579   0.21316   0.70789  69.91579   0.21316   0.69211
  69.22105   0.28421   0.98947  69.22105   0.28421   0.96842
  69.22105   0.28421   0.94737  69.22105   0.28421   0.92632
  69.22105   0.28421   0.90526  69.22105   0.28421   0.88421
  69.22105   0.28421   0.86316  69.22105   0.28421   0.84211
  69.22105   0.28421   0.82105  69.22105   0.28421   0.80000
  69.22105   0.28421   0.77895  69.22105   0.28421   0.75789
  69.22105   0.28421   0.73684  69.22105   0.28421   0.71579
  69.22105   0.28421   0.69474  69.22105   0.28421   0.67368
  69.22105   0.28421   0.65263  69.22105   0.28421   0.63158
  69.22105   0.28421   0.61053  69.22105   0.28421   0.58947
  68.52631   0.35526   0.98684  68.52631   0.35526   0.96053
  68.52631   0.35526   0.93421  68.52631   0.35526   0.90789
  68.52631   0.35526   0.88158  68.52631   0.35526   0.85526
  68.52631   0.35526   0.82895  68.52631   0.35526   0.80263
  68.52631   0.35526   0.77632  68.52631   0.35526   0.75000
  68.52631   0.35526   0.72368  68.52631   0.35526   0.69737
  68.52631   0.35526   0.67105  68.52631   0.35526   0.64474
  68.52631   0.35526   0.61842  68.52631   0.35526   0.59211
  68.52631   0.35526   0.56579  68.52631   0.35526   0.53947
  68.52631   0.35526   0.51316  68.52631   0.35526   0.48684
  67.83158   0.42632   0.98421  67.83158   0.42632   0.95263
  67.83158   0.42632   0.92105  67.83158   0.42632   0.88947
  67.83158   0.42632   0.85789  67.83158   0.42632   0.82632
  67.83158   0.42632   0.79474  67.83158   0.42632   0.76316
  67.83158   0.42632   0.73158  67.83158   0.42632   0.70000
  67.83158   0.42632   0.66842  67.83158   0.42632   0.63684
  67.83158   0.42632   0.60526  67.83158   0.42632   0.57368
  67.83158   0.42632   0.54211  67.83158   0.42632   0.51053
  67.83158   0.42632   0.47895  67.83158   0.42632   0.44737
  67.83158   0.42632   0.41579  67.83158   0.42632   0.38421
  67.13684   0.49737   0.98158  67.13684   0.49737   0.94474
  67.13684   0.49737   0.90789  67.13684   0.49737   0.87105
  67.13684   0.49737   0.83421  67.13684   0.49737   0.79737
  67.13684   0.49737   0.76053  67.13684   0.49737   0.72368
  67.13684   0.49737   0.68684  67.13684   0.49737   0.65000
  67.13684   0.49737   0.61316  67.13684   0.49737   0.57632
  67.13684   0.49737   0.53947  67.13684   0.49737   0.50263
  67.13684   0.49737   0.46579  67.13684   0.49737   0.42895
  67.13684   0.49737   0.39211  67.13684   0.49737   0.35526
  67.13684   0.49737   0.31842  67.13684   0.49737   0.28158
  66.44211   0.56842   0.97895  66.44211   0.56842   0.93684
  66.44211   0.56842   0.89474  66.44211   0.56842   0.85263
  66.44211   0.56842   0.81053  66.44211   0.56842   0.76842
  66.44211   0.56842   0.72632  66.44211   0.56842   0.68421
  66.44211   0.56842   0.64211  66.44211   0.56842   0.60000
  66.44211   0.56842   0.55789  66.44211   0.56842   0.51579
  66.44211   0.56842   0.47368  66.44211   0.56842   0.43158
  66.44211   0.56842   0.38947  66.44211   0.56842   0.34737
  66.44211   0.56842   0.30526  66.44211   0.56842   0.26316
  66.44211   0.56842   0.22105  66.44211   0.56842   0.17895
  65.74737   0.63947   0.97632  65.74737   0.63947   0.92895
  65.74737   0.63947   0.88158  65.74737   0.63947   0.83421
  65.74737   0.63947   0.78684  65.74737   0.63947   0.73947
  65.74737   0.63947   0.69211  65.74737   0.63947   0.64474
  65.74737   0.63947   0.59737  65.74737   0.63947   0.55000
  65.74737   0.63947   0.50263  65.74737   0.63947   0.45526
  65.74737   0.63947   0.40789  65.74737   0.63947   0.36053
  65.74737   0.63947   0.31316  65.74737   0.63947   0.26579
  65.74737   0.63947   0.21842  65.74737   0.63947   0.17105
  65.74737   0.63947   0.12368  65.74737   0.63947   0.07632
  65.05264   0.71053   0.97368  65.05264   0.71053   0.92105
  65.05264   0.71053   0.86842  65.05264   0.71053   0.81579
  65.05264   0.71053   0.76316  65.05264   0.71053   0.71053
  65.05264   0.71053   0.65789  65.05264   0.71053   0.60526
  65.05264   0.71053   0.55263  65.05264   0.71053   0.50000
  65.05264   0.71053   0.44737  65.05264   0.71053   0.39474
  65.05264   0.71053   0.34211  65.05264   0.71053   0.28947
  65.05264   0.71053   0.23684  65.05264   0.71053   0.18421
  65.05264   0.71053   0.13158  65.05264   0.71053   0.07895
  65.05264   0.71053   0.02632  65.05264   0.71053  -0.02632
  64.35789   0.78158   0.97105  64.35789   0.78158   0.91316
  64.35789   0.78158   0.85526  64.35789   0.78158   0.79737
  64.35789   0.78158   0.73947  64.35789   0.78158   0.68158
  64.35789   0.78158   0.62368  64.35789   0.78158   0.56579
  64.35789   0.78158   0.50789  64.35789   0.78158   0.45000
  64.35789   0.78158   0.39211  64.35789   0.78158   0.33421
  64.35789   0.78158   0.27632  64.35789   0.78158   0.21842
  64.35789   0.78158   0.16053  64.35789   0.78158   0.10263
  64.35789   0.78158   0.04474  64.35789   0.78158  -0.01316
  64.35789   0.78158  -0.07105  64.35789   0.78158  -0.12895
  63.66316   0.85263   0.96842  63.66316   0.85263   0.90526
  63.66316   0.85263   0.84211  63.66316   0.85263   0.77895
  63.66316   0.85263   0.71579  63.66316   0.85263   0.65263
  63.66316   0.85263   0.58947  63.66316   0.85263   0.52632
  63.66316   0.85263   0.46316  63.66316   0.85263   0.40000
  63.66316   0.85263   0.33684  63.66316   0.85263   0.27368
  63.66316   0.85263   0.21053  63.66316   0.85263   0.14737
  63.66316   0.85263   0.08421  63.66316   0.85263   0.02105
  63.66316   0.85263  -0.04211  63.66316   0.85263  -0.10526
  63.66316   0.85263  -0.16842  63.66316   0.85263  -0.23158
  62.96842   0.92368   0.96579  62.96842   0.92368   0.89737
  62.96842   0.92368   0.82895  62.96842   0.92368   0.76053
  62.96842   0.92368   0.69211  62.96842   0.92368   0.62368
  62.96842   0.92368   0.55526  62.96842   0.92368   0.48684
  62.96842   0.92368   0.41842  62.96842   0.92368   0.35000
  62.96842   0.92368   0.28158  62.96842   0.92368   0.21316
  62.96842   0.92368   0.14474  62.96842   0.92368   0.07632
  62.96842   0.92368   0.00789  62.96842   0.92368  -0.06053
  62.96842   0.92368  -0.12895  62.96842   0.92368  -0.19737
  62.96842   0.92368  -0.26579  62.96842   0.92368  -0.33421
  62.27369   0.99474   0.96316  62.27369   0.99474   0.88947
  62.27369   0.99474   0.81579  62.27369   0.99474   0.74211
  62.27369   0.99474   0.66842  62.27369   0.99474   0.59474
  62.27369   0.99474   0.52105  62.27369   0.99474   0.44737
  62.27369   0.99474   0.37368  62.27369   0.99474   0.30000
  62.27369   0.99474   0.22632  62.27369   0.99474   0.15263
  62.27369   0.99474   0.07895  62.27369   0.99474   0.00526
  62.27369   0.99474  -0.06842  62.27369   0.99474  -0.14211
  62.27369   0.99474  -0.21579  62.27369   0.99474  -0.28947
  62.27369   0.99474  -0.36316  62.27369   0.99474  -0.43684
  61.57895   1.06579   0.96053  61.57895   1.06579   0.88158
  61.57895   1.06579   0.80263  61.57895   1.06579   0.72368
  61.57895   1.06579   0.64474  61.57895   1.06579   0.56579
  61.57895   1.06579   0.48684  61.57895   1.06579   0.40789
  61.57895   1.06579   0.32895  61.57895   1.06579   0.25000
  61.57895   1.06579   0.17105  61.57895   1.06579   0.09211
  61.57895   1.06579   0.01316  61.57895   1.06579  -0.06579
  61.57895   1.06579  -0.14474  61.57895   1.06579  -0.22368
  61.57895   1.06579  -0.30263  61.57895   1.06579  -0.38158
  61.57895   1.06579  -0.46053  61.57895   1.06579  -0.53947
  60.88421   1.13684   0.95789  60.88421   1.13684   0.87368
  60.88421   1.13684   0.78947  60.88421   1.13684   0.70526
  60.88421   1.13684   0.62105  60.88421   1.13684   0.53684
  60.88421   1.13684   0.45263  60.88421   1.13684   0.36842
  60.88421   1.13684   0.28421  60.88421   1.13684   0.20000
  60.88421   1.13684   0.11579  60.88421   1.13684   0.03158
  60.88421   1.13684  -0.05263  60.88421   1.13684  -0.13684
  60.88421   1.13684  -0.22105  60.88421   1.13684  -0.30526
  60.88421   1.13684  -0.38947  60.88421   1.13684  -0.47368
  60.88421   1.13684  -0.55789  60.88421   1.13684  -0.64211
  60.18947   1.20789   0.95526  60.18947   1.20789   0.86579
  60.18947   1.20789   0.77632  60.18947   1.20789   0.68684
  60.18947   1.20789   0.59737  60.18947   1.20789   0.50789
  60.18947   1.20789   0.41842  60.18947   1.20789   0.32895
  60.18947   1.20789   0.23947  60.18947   1.20789   0.15000
  60.18947   1.20789   0.06053  60.18947   1.20789  -0.02895
  60.18947   1.20789  -0.11842  60.18947   1.20789  -0.20789
  60.18947   1.20789  -0.29737  60.18947   1.20789  -0.38684
  60.18947   1.20789  -0.47632  60.18947   1.20789  -0.56579
  60.18947   1.20789  -0.65526  60.18947   1.20789  -0.74474
  59.49474   1.27895   0.95263  59.49474   1.27895   0.85789
  59.49474   1.27895   0.76316  59.49474   1.27895   0.66842
  59.49474   1.27895   0.57368  59.49474   1.27895   0.47895
  59.49474   1.27895   0.38421  59.49474   1.27895   0.28947
  59.49474   1.27895   0.19474  59.49474   1.27895   0.10000
  59.49474   1.27895   0.00526  59.49474   1.27895  -0.08947
  59.49474   1.27895  -0.18421  59.49474   1.27895  -0.27895
  59.49474   1.27895  -0.37368  59.49474   1.27895  -0.46842
  59.49474   1.27895  -0.56316  59.49474   1.27895  -0.65789
  59.49474   1.27895  -0.75263  59.49474   1.27895  -0.84737
  58.80000   1.35000   0.95000  58.80000   1.35000   0.85000
  58.80000   1.35000   0.75000  58.80000   1.35000   0.65000
  58.80000   1.35000   0.55000  58.80000   1.35000   0.45000
  58.80000   1.35000   0.35000  58.80000   1.35000   0.25000
  58.80000   1.35000   0.15000  58.80000   1.35000   0.05000
  58.80000   1.35000  -0.05000  58.80000   1.35000  -0.15000
  58.80000   1.35000  -0.25000  58.80000   1.35000  -0.35000
  58.80000   1.35000  -0.45000  58.80000   1.35000  -0.55000
  58.80000   1.35000  -0.65000  58.80000   1.35000  -0.75000
  58.80000   1.35000  -0.85000  58.80000   1.35000  -0.95000
  56.75790   1.35000   0.95000  56.75790   1.35000   0.85000
  56.75790   1.35000   0.75000  56.75790   1.35000   0.65000
  56.75790   1.35000   0.55000  56.75790   1.35000   0.45000
  56.75790   1.35000   0.35000  56.75790   1.35000   0.25000
  56.75790   1.35000   0.15000  56.75790   1.35000   0.05000
  56.75790   1.35000  -0.05000  56.75790   1.35000  -0.15000
  56.75790   1.35000  -0.25000  56.75790   1.35000  -0.35000
  56.75790   1.35000  -0.45000  56.75790   1.35000  -0.55000
  56.75790   1.35000  -0.65000  56.75790   1.35000  -0.75000
  56.75790   1.35000  -0.85000  56.75790   1.35000  -0.95000
  54.71579   1.35000   0.95000  54.71579   1.35000   0.85000
  54.71579   1.35000   0.75000  54.71579   1.35000   0.65000
  54.71579   1.35000   0.55000  54.71579   1.35000   0.45000
  54.71579   1.35000   0.35000  54.71579   1.35000   0.25000
  54.71579   1.35000   0.15000  54.71579   1.35000   0.05000
  54.71579   1.35000  -0.05000  54.71579   1.35000  -0.15000
  54.71579   1.35000  -0.25000  54.71579   1.35000  -0.35000
  54.71579   1.35000  -0.45000  54.71579   1.35000  -0.55000
  54.71579   1.35000  -0.65000  54.71579   1.35000  -0.75000
  54.71579   1.35000  -0.85000  54.71579   1.35000  -0.95000
  52.67368   1.35000   0.95000  52.67368   1.35000   0.85000
  52.67368   1.35000   0.75000  52.67368   1.35000   0.65000
  52.67368   1.35000   0.55000  52.67368   1.35000   0.45000
  52.67368   1.35000   0.35000  52.67368   1.35000   0.25000
  52.67368   1.35000   0.15000  52.67368   1.35000   0.05000
  52.67368   1.35000  -0.05000  52.67368   1.35000  -0.15000
  52.67368   1.35000  -0.25000  52.67368   1.35000  -0.35000
  52.67368   1.35000  -0.45000  52.67368   1.35000  -0.55000
  52.67368   1.35000  -0.65000  52.67368   1.35000  -0.75000
  52.67368   1.35000  -0.85000  52.67368   1.35000  -0.95000
  50.63158   1.35000   0.95000  50.63158   1.35000   0.85000
  50.63158   1.35000   0.75000  50.63158   1.35000   0.65000
  50.63158   1.35000   0.55000  50.63158   1.35000   0.45000
  50.63158   1.35000   0.35000  50.63158   1.35000   0.25000
  50.63158   1.35000   0.15000  50.63158   1.35000   0.05000
  50.63158   1.35000  -0.05000  50.63158   1.35000  -0.15000
  50.63158   1.35000  -0.25000  50.63158   1.35000  -0.35000
  50.63158   1.35000  -0.45000  50.63158   1.35000  -0.55000
  50.63158   1.35000  -0.65000  50.63158   1.35000  -0.75000
  50.63158   1.35000  -0.85000  50.63158   1.35000  -0.95000
  48.58947   1.35000   0.95000  48.58947   1.35000   0.85000
  48.58947   1.35000   0.75000  48.58947   1.35000   0.65000
  48.58947   1.35000   0.55000  48.58947   1.35000   0.45000
  48.58947   1.35000   0.35000  48.58947   1.35000   0.25000
  48.58947   1.35000   0.15000  48.58947   1.35000   0.05000
  48.58947   1.35000  -0.05000  48.58947   1.35000  -0.15000
  48.58947   1.35000  -0.25000  48.58947   1.35000  -0.35000
  48.58947   1.35000  -0.45000  48.58947   1.35000  -0.55000
  48.58947   1.35000  -0.65000  48.58947   1.35000  -0.75000
  48.58947   1.35000  -0.85000  48.58947   1.35000  -0.95000
  46.54737   1.35000   0.95000  46.54737   1.35000   0.85000
  46.54737   1.35000   0.75000  46.54737   1.35000   0.65000
  46.54737   1.35000   0.55000  46.54737   1.35000   0.45000
  46.54737   1.35000   0.35000  46.54737   1.35000   0.25000
  46.54737   1.35000   0.15000  46.54737   1.35000   0.05000
  46.54737   1.35000  -0.05000  46.54737   1.35000  -0.15000
  46.54737   1.35000  -0.25000  46.54737   1.35000  -0.35000
  46.54737   1.35000  -0.45000  46.54737   1.35000  -0.55000
  46.54737   1.35000  -0.65000  46.54737   1.35000  -0.75000
  46.54737   1.35000  -0.85000  46.54737   1.35000  -0.95000
  44.50526   1.35000   0.95000  44.50526   1.35000   0.85000
  44.50526   1.35000   0.75000  44.50526   1.35000   0.65000
  44.50526   1.35000   0.55000  44.50526   1.35000   0.45000
  44.50526   1.35000   0.35000  44.50526   1.35000   0.25000
  44.50526   1.35000   0.15000  44.50526   1.35000   0.05000
  44.50526   1.35000  -0.05000  44.50526   1.35000  -0.15000
  44.50526   1.35000  -0.25000  44.50526   1.35000  -0.35000
  44.50526   1.35000  -0.45000  44.50526   1.35000  -0.55000
  44.50526   1.35000  -0.65000  44.50526   1.35000  -0.75000
  44.50526   1.35000  -0.85000  44.50526   1.35000  -0.95000
  42.46316   1.35000   0.95000  42.46316   1.35000   0.85000
  42.46316   1.35000   0.75000  42.46316   1.35000   0.65000
  42.46316   1.35000   0.55000  42.46316   1.35000   0.45000
  42.46316   1.35000   0.35000  42.46316   1.35000   0.25000
  42.46316   1.35000   0.15000  42.46316   1.35000   0.05000
  42.46316   1.35000  -0.05000  42.46316   1.35000  -0.15000
  42.46316   1.35000  -0.25000  42.46316   1.35000  -0.35000
  42.46316   1.35000  -0.45000  42.46316   1.35000  -0.55000
  42.46316   1.35000  -0.65000  42.46316   1.35000  -0.75000
  42.46316   1.35000  -0.85000  42.46316   1.35000  -0.95000
  40.42105   1.35000   0.95000  40.42105   1.35000   0.85000
  40.42105   1.35000   0.75000  40.42105   1.35000   0.65000
  40.42105   1.35000   0.55000  40.42105   1.35000   0.45000
  40.42105   1.35000   0.35000  40.42105   1.35000   0.25000
  40.42105   1.35000   0.15000  40.42105   1.35000   0.05000
  40.42105   1.35000  -0.05000  40.42105   1.35000  -0.15000
  40.42105   1.35000  -0.25000  40.42105   1.35000  -0.35000
  40.42105   1.35000  -0.45000  40.42105   1.35000  -0.55000
  40.42105   1.35000  -0.65000  40.42105   1.35000  -0.75000
  40.42105   1.35000  -0.85000  40.42105   1.35000  -0.95000
  38.37895   1.35000   0.95000  38.37895   1.35000   0.85000
  38.37895   1.35000   0.75000  38.37895   1.35000   0.65000
  38.37895   1.35000   0.55000  38.37895   1.35000   0.45000
  38.37895   1.35000   0.35000  38.37895   1.35000   0.25000
  38.37895   1.35000   0.15000  38.37895   1.35000   0.05000
  38.37895   1.35000  -0.05000  38.37895   1.35000  -0.15000
  38.37895   1.35000  -0.25000  38.37895   1.35000  -0.35000
  38.37895   1.35000  -0.45000  38.37895   1.35000  -0.55000
  38.37895   1.35000  -0.65000  38.37895   1.35000  -0.75000
  38.37895   1.35000  -0.85000  38.37895   1.35000  -0.95000
  36.33684   1.35000   0.95000  36.33684   1.35000   0.85000
  36.33684   1.35000   0.75000  36.33684   1.35000   0.65000
  36.33684   1.35000   0.55000  36.33684   1.35000   0.45000
  36.33684   1.35000   0.35000  36.33684   1.35000   0.25000
  36.33684   1.35000   0.15000  36.33684   1.35000   0.05000
  36.33684   1.35000  -0.05000  36.33684   1.35000  -0.15000
  36.33684   1.35000  -0.25000  36.33684   1.35000  -0.35000
  36.33684   1.35000  -0.45000  36.33684   1.35000  -0.55000
  36.33684   1.35000  -0.65000  36.33684   1.35000  -0.75000
  36.33684   1.35000  -0.85000  36.33684   1.35000  -0.95000
  34.29473   1.35000   0.95000  34.29473   1.35000   0.85000
  34.29473   1.35000   0.75000  34.29473   1.35000   0.65000
  34.29473   1.35000   0.55000  34.29473   1.35000   0.45000
  34.29473   1.35000   0.35000  34.29473   1.35000   0.25000
  34.29473   1.35000   0.15000  34.29473   1.35000   0.05000
  34.29473   1.35000  -0.05000  34.29473   1.35000  -0.15000
  34.29473   1.35000  -0.25000  34.29473   1.35000  -0.35000
  34.29473   1.35000  -0.45000  34.29473   1.35000  -0.55000
  34.29473   1.35000  -0.65000  34.29473   1.35000  -0.75000
  34.29473   1.35000  -0.85000  34.29473   1.35000  -0.95000
  32.25263   1.35000   0.95000  32.25263   1.35000   0.85000
  32.25263   1.35000   0.75000  32.25263   1.35000   0.65000
  32.25263   1.35000   0.55000  32.25263   1.35000   0.45000
  32.25263   1.35000   0.35000  32.25263   1.35000   0.25000
  32.25263   1.35000   0.15000  32.25263   1.35000   0.05000
  32.25263   1.35000  -0.05000  32.25263   1.35000  -0.15000
  32.25263   1.35000  -0.25000  32.25263   1.35000  -0.35000
  32.25263   1.35000  -0.45000  32.25263   1.35000  -0.55000
  32.25263   1.35000  -0.65000  32.25263   1.35000  -0.75000
  32.25263   1.35000  -0.85000  32.25263   1.35000  -0.95000
  30.21053   1.35000   0.95000  30.21053   1.35000   0.85000
  30.21053   1.35000   0.75000  30.21053   1.35000   0.65000
  30.21053   1.35000   0.55000  30.21053   1.35000   0.45000
  30.21053   1.35000   0.35000  30.21053   1.35000   0.25000
  30.21053   1.35000   0.15000  30.21053   1.35000   0.05000
  30.21053   1.35000  -0.05000  30.21053   1.35000  -0.15000
  30.21053   1.35000  -0.25000  30.21053   1.35000  -0.35000
  30.21053   1.35000  -0.45000  30.21053   1.35000  -0.55000
  30.21053   1.35000  -0.65000  30.21053   1.35000  -0.75000
  30.21053   1.35000  -0.85000  30.21053   1.35000  -0.95000
  28.16842   1.35000   0.95000  28.16842   1.35000   0.85000
  28.16842   1.35000   0.75000  28.16842   1.35000   0.65000
  28.16842   1.35000   0.55000  28.16842   1.35000   0.45000
  28.16842   1.35000   0.35000  28.16842   1.35000   0.25000
  28.16842   1.35000   0.15000  28.16842   1.35000   0.05000
  28.16842   1.35000  -0.05000  28.16842   1.35000  -0.15000
  28.16842   1.35000  -0.25000  28.16842   1.35000  -0.35000
  28.16842   1.35000  -0.45000  28.16842   1.35000  -0.55000
  28.16842   1.35000  -0.65000  28.16842   1.35000  -0.75000
  28.16842   1.35000  -0.85000  28.16842   1.35000  -0.95000
  26.12632   1.35000   0.95000  26.12632   1.35000   0.85000
  26.12632   1.35000   0.75000  26.12632   1.35000   0.65000
  26.12632   1.35000   0.55000  26.12632   1.35000   0.45000
  26.12632   1.35000   0.35000  26.12632   1.35000   0.25000
  26.12632   1.35000   0.15000  26.12632   1.35000   0.05000
  26.12632   1.35000  -0.05000  26.12632   1.35000  -0.15000
  26.12632   1.35000  -0.25000  26.12632   1.35000  -0.35000
  26.12632   1.35000  -0.45000  26.12632   1.35000  -0.55000
  26.12632   1.35000  -0.65000  26.12632   1.35000  -0.75000
  26.12632   1.35000  -0.85000  26.12632   1.35000  -0.95000
  24.08421   1.35000   0.95000  24.08421   1.35000   0.85000
  24.08421   1.35000   0.75000  24.08421   1.35000   0.65000
  24.08421   1.35000   0.55000  24.08421   1.35000   0.45000
  24.08421   1.35000   0.35000  24.08421   1.35000   0.25000
  24.08421   1.35000   0.15000  24.08421   1.35000   0.05000
  24.08421   1.35000  -0.05000  24.08421   1.35000  -0.15000
  24.08421   1.35000  -0.25000  24.08421   1.35000  -0.35000
  24.08421   1.35000  -0.45000  24.08421   1.35000  -0.55000
  24.08421   1.35000  -0.65000  24.08421   1.35000  -0.75000
  24.08421   1.35000  -0.85000  24.08421   1.35000  -0.95000
  22.04210   1.35000   0.95000  22.04210   1.35000   0.85000
  22.04210   1.35000   0.75000  22.04210   1.35000   0.65000
  22.04210   1.35000   0.55000  22.04210   1.35000   0.45000
  22.04210   1.35000   0.35000  22.04210   1.35000   0.25000
  22.04210   1.35000   0.15000  22.04210   1.35000   0.05000
  22.04210   1.35000  -0.05000  22.04210   1.35000  -0.15000
  22.04210   1.35000  -0.25000  22.04210   1.35000  -0.35000
  22.04210   1.35000  -0.45000  22.04210   1.35000  -0.55000
  22.04210   1.35000  -0.65000  22.04210   1.35000  -0.75000
  22.04210   1.35000  -0.85000  22.04210   1.35000  -0.95000
  20.00000   1.35000   0.95000  20.00000   1.35000   0.85000
  20.00000   1.35000   0.75000  20.00000   1.35000   0.65000
  20.00000   1.35000   0.55000  20.00000   1.35000   0.45000
  20.00000   1.35000   0.35000  20.00000   1.35000   0.25000
  20.00000   1.35000   0.15000  20.00000   1.35000   0.05000
  20.00000   1.35000  -0.05000  20.00000   1.35000  -0.15000
  20.00000   1.35000  -0.25000  20.00000   1.35000  -0.35000
  20.00000   1.35000  -0.45000  20.00000   1.35000  -0.55000
  20.00000   1.35000  -0.65000  20.00000   1.35000  -0.75000
  20.00000   1.35000  -0.85000  20.00000   1.35000  -0.95000
  18.94737   1.27895   0.84737  18.94737   1.27895   0.75263
  18.94737   1.27895   0.65789  18.94737   1.27895   0.56316
  18.94737   1.27895   0.46842  18.94737   1.27895   0.37368
  18.94737   1.27895   0.27895  18.94737   1.27895   0.18421
  18.94737   1.27895   0.08947  18.94737   1.27895  -0.00526
  18.94737   1.27895  -0.10000  18.94737   1.27895  -0.19474
  18.94737   1.27895  -0.28947  18.94737   1.27895  -0.38421
  18.94737   1.27895  -0.47895  18.94737   1.27895  -0.57368
  18.94737   1.27895  -0.66842  18.94737   1.27895  -0.76316
  18.94737   1.27895  -0.85789  18.94737   1.27895  -0.95263
  17.89474   1.20789   0.74474  17.89474   1.20789   0.65526
  17.89474   1.20789   0.56579  17.89474   1.20789   0.47632
  17.89474   1.20789   0.38684  17.89474   1.20789   0.29737
  17.89474   1.20789   0.20789  17.89474   1.20789   0.11842
  17.89474   1.20789   0.02895  17.89474   1.20789  -0.06053
  17.89474   1.20789  -0.15000  17.89474   1.20789  -0.23947
  17.89474   1.20789  -0.32895  17.89474   1.20789  -0.41842
  17.89474   1.20789  -0.50789  17.89474   1.20789  -0.59737
  17.89474   1.20789  -0.68684  17.89474   1.20789  -0.77632
  17.89474   1.20789  -0.86579  17.89474   1.20789  -0.95526
  16.84211   1.13684   0.64211  16.84211   1.13684   0.55789
  16.84211   1.13684   0.47368  16.84211   1.13684   0.38947
  16.84211   1.13684   0.30526  16.84211   1.13684   0.22105
  16.84211   1.13684   0.13684  16.84211   1.13684   0.05263
  16.84211   1.13684  -0.03158  16.84211   1.13684  -0.11579
  16.84211   1.13684  -0.20000  16.84211   1.13684  -0.28421
  16.84211   1.13684  -0.36842  16.84211   1.13684  -0.45263
  16.84211   1.13684  -0.53684  16.84211   1.13684  -0.62105
  16.84211   1.13684  -0.70526  16.84211   1.13684  -0.78947
  16.84211   1.13684  -0.87368  16.84211   1.13684  -0.95789
  15.78947   1.06579   0.53947  15.78947   1.06579   0.46053
  15.78947   1.06579   0.38158  15.78947   1.06579   0.30263
  15.78947   1.06579   0.22368  15.78947   1.06579   0.14474
  15.78947   1.06579   0.06579  15.78947   1.06579  -0.01316
  15.78947   1.06579  -0.09211  15.78947   1.06579  -0.17105
  15.78947   1.06579  -0.25000  15.78947   1.06579  -0.32895
  15.78947   1.06579  -0.40789  15.78947   1.06579  -0.48684
  15.78947   1.06579  -0.56579  15.78947   1.06579  -0.64474
  15.78947   1.06579  -0.72368  15.78947   1.06579  -0.80263
  15.78947   1.06579  -0.88158  15.78947   1.06579  -0.96053
  14.73684   0.99474   0.43684  14.73684   0.99474   0.36316
  14.73684   0.99474   0.28947  14.73684   0.99474   0.21579
  14.73684   0.99474   0.14211  14.73684   0.99474   0.06842
  14.73684   0.99474  -0.00526  14.73684   0.99474  -0.07895
  14.73684   0.99474  -0.15263  14.73684   0.99474  -0.22632
  14.73684   0.99474  -0.30000  14.73684   0.99474  -0.37368
  14.73684   0.99474  -0.44737  14.73684   0.99474  -0.52105
  14.73684   0.99474  -0.59474  14.73684   0.99474  -0.66842
  14.73684   0.99474  -0.74211  14.73684   0.99474  -0.81579
  14.73684   0.99474  -0.88947  14.73684   0.99474  -0.96316
  13.68421   0.92368   0.33421  13.68421   0.92368   0.26579
  13.68421   0.92368   0.19737  13.68421   0.92368   0.12895
  13.68421   0.92368   0.06053  13.68421   0.92368  -0.00789
  13.68421   0.92368  -0.07632  13.68421   0.92368  -0.14474
  13.68421   0.92368  -0.21316  13.68421   0.92368  -0.28158
  13.68421   0.92368  -0.35000  13.68421   0.92368  -0.41842
  13.68421   0.92368  -0.48684  13.68421   0.92368  -0.55526
  13.68421   0.92368  -0.62368  13.68421   0.92368  -0.69211
  13.68421   0.92368  -0.76053  13.68421   0.92368  -0.82895
  13.68421   0.92368  -0.89737  13.68421   0.92368  -0.96579
  12.63158   0.85263   0.23158  12.63158   0.85263   0.16842
  12.63158   0.85263   0.10526  12.63158   0.85263   0.04211
  12.63158   0.85263  -0.02105  12.63158   0.85263  -0.08421
  12.63158   0.85263  -0.14737  12.63158   0.85263  -0.21053
  12.63158   0.85263  -0.27368  12.63158   0.85263  -0.33684
  12.63158   0.85263  -0.40000  12.63158   0.85263  -0.46316
  12.63158   0.85263  -0.52632  12.63158   0.85263  -0.58947
  12.63158   0.85263  -0.65263  12.63158   0.85263  -0.71579
  12.63158   0.85263  -0.77895  12.63158   0.85263  -0.84211
  12.63158   0.85263  -0.90526  12.63158   0.85263  -0.96842
  11.57895   0.78158   0.12895  11.57895   0.78158   0.07105
  11.57895   0.78158   0.01316  11.57895   0.78158  -0.04474
  11.57895   0.78158  -0.10263  11.57895   0.78158  -0.16053
  11.57895   0.78158  -0.21842  11.57895   0.78158  -0.27632
  11.57895   0.78158  -0.33421  11.57895   0.78158  -0.39211
  11.57895   0.78158  -0.45000  11.57895   0.78158  -0.50789
  11.57895   0.78158  -0.56579  11.57895   0.78158  -0.62368
  11.57895   0.78158  -0.68158  11.57895   0.78158  -0.73947
  11.57895   0.78158  -0.79737  11.57895   0.78158  -0.85526
  11.57895   0.78158  -0.91316  11.57895   0.78158  -0.97105
  10.52632   0.71053   0.02632  10.52632   0.71053  -0.02632
  10.52632   0.71053  -0.07895  10.52632   0.71053  -0.13158
  10.52632   0.71053  -0.18421  10.52632   0.71053  -0.23684
  10.52632   0.71053  -0.28947  10.52632   0.71053  -0.34211
  10.52632   0.71053  -0.39474  10.52632   0.71053  -0.44737
  10.52632   0.71053  -0.50000  10.52632   0.71053  -0.55263
  10.52632   0.71053  -0.60526  10.52632   0.71053  -0.65789
  10.52632   0.71053  -0.71053  10.52632   0.71053  -0.76316
  10.52632   0.71053  -0.81579  10.52632   0.71053  -0.86842
  10.52632   0.71053  -0.92105  10.52632   0.71053  -0.97368
   9.47368   0.63947  -0.07632   9.47368   0.63947  -0.12368
   9.47368   0.63947  -0.17105   9.47368   0.63947  -0.21842
   9.47368   0.63947  -0.26579   9.47368   0.63947  -0.31316
   9.47368   0.63947  -0.36053   9.47368   0.63947  -0.40789
   9.47368   0.63947  -0.45526   9.47368   0.63947  -0.50263
   9.47368   0.63947  -0.55000   9.47368   0.63947  -0.59737
   9.47368   0.63947  -0.64474   9.47368   0.63947  -0.69211
   9.47368   0.63947  -0.73947   9.47368   0.63947  -0.78684
   9.47368   0.63947  -0.83421   9.47368   0.63947  -0.88158
   9.47368   0.63947  -0.92895   9.47368   0.63947  -0.97632
   8.42105   0.56842  -0.17895   8.42105   0.56842  -0.22105
   8.42105   0.56842  -0.26316   8.42105   0.56842  -0.30526
   8.42105   0.56842  -0.34737   8.42105   0.56842  -0.38947
   8.42105   0.56842  -0.43158   8.42105   0.56842  -0.47368
   8.42105   0.56842  -0.51579   8.42105   0.56842  -0.55789
   8.42105   0.56842  -0.60000   8.42105   0.56842  -0.64211
   8.42105   0.56842  -0.68421   8.42105   0.56842  -0.72632
   8.42105   0.56842  -0.76842   8.42105   0.56842  -0.81053
   8.42105   0.56842  -0.85263   8.42105   0.56842  -0.89474
   8.42105   0.56842  -0.93684   8.42105   0.56842  -0.97895
   7.36842   0.49737  -0.28158   7.36842   0.49737  -0.31842
   7.36842   0.49737  -0.35526   7.36842   0.49737  -0.39211
   7.36842   0.49737  -0.42895   7.36842   0.49737  -0.46579
   7.36842   0.49737  -0.50263   7.36842   0.49737  -0.53947
   7.36842   0.49737  -0.57632   7.36842   0.49737  -0.61316
   7.36842   0.49737  -0.65000   7.36842   0.49737  -0.68684
   7.36842   0.49737  -0.72368   7.36842   0.49737  -0.76053
   7.36842   0.49737  -0.79737   7.36842   0.49737  -0.83421
   7.36842   0.49737  -0.87105   7.36842   0.49737  -0.90789
   7.36842   0.49737  -0.94474   7.36842   0.49737  -0.98158
   6.31579   0.42632  -0.38421   6.31579   0.42632  -0.41579
   6.31579   0.42632  -0.44737   6.31579   0.42632  -0.47895
   6.31579   0.42632  -0.51053   6.31579   0.42632  -0.54211
   6.31579   0.42632  -0.57368   6.31579   0.42632  -0.60526
   6.31579   0.42632  -0.63684   6.31579   0.42632  -0.66842
   6.31579   0.42632  -0.70000   6.31579   0.42632  -0.73158
   6.31579   0.42632  -0.76316   6.31579   0.42632  -0.79474
   6.31579   0.42632  -0.82632   6.31579   0.42632  -0.85789
   6.31579   0.42632  -0.88947   6.31579   0.42632  -0.92105
   6.31579   0.42632  -0.95263   6.31579   0.42632  -0.98421
   5.26316   0.35526  -0.48684   5.26316   0.35526  -0.51316
   5.26316   0.35526  -0.53947   5.26316   0.35526  -0.56579
   5.26316   0.35526  -0.59211   5.26316   0.35526  -0.61842
   5.26316   0.35526  -0.64474   5.26316   0.35526  -0.67105
   5.26316   0.35526  -0.69737   5.26316   0.35526  -0.72368
   5.26316   0.35526  -0.75000   5.26316   0.35526  -0.77632
   5.26316   0.35526  -0.80263   5.26316   0.35526  -0.82895
   5.26316   0.35526  -0.85526   5.26316   0.35526  -0.88158
   5.26316   0.35526  -0.90789   5.26316   0.35526  -0.93421
   5.26316   0.35526  -0.96053   5.26316   0.35526  -0.98684
   4.21053   0.28421  -0.58947   4.21053   0.28421  -0.61053
   4.21053   0.28421  -0.63158   4.21053   0.28421  -0.65263
   4.21053   0.28421  -0.67368   4.21053   0.28421  -0.69474
   4.21053   0.28421  -0.71579   4.21053   0.28421  -0.73684
   4.21053   0.28421  -0.75789   4.21053   0.28421  -0.77895
   4.21053   0.28421  -0.80000   4.21053   0.28421  -0.82105
   4.21053   0.28421  -0.84211   4.21053   0.28421  -0.86316
   4.21053   0.28421  -0.88421   4.21053   0.28421  -0.90526
   4.21053   0.28421  -0.92632   4.21053   0.28421  -0.94737
   4.21053   0.28421  -0.96842   4.21053   0.28421  -0.98947
   3.15789   0.21316  -0.69211   3.15789   0.21316  -0.70789
   3.15789   0.21316  -0.72368   3.15789   0.21316  -0.73947
   3.15789   0.21316  -0.75526   3.15789   0.21316  -0.77105
   3.15789   0.21316  -0.78684   3.15789   0.21316  -0.80263
   3.15789   0.21316  -0.81842   3.15789   0.21316  -0.83421
   3.15789   0.21316  -0.85000   3.15789   0.21316  -0.86579
   3.15789   0.21316  -0.88158   3.15789   0.21316  -0.89737
   3.15789   0.21316  -0.91316   3.15789   0.21316  -0.92895
   3.15789   0.21316  -0.94474   3.15789   0.21316  -0.96053
   3.15789   0.21316  -0.97632   3.15789   0.21316  -0.99211
   2.10526   0.14211  -0.79474   2.10526   0.14211  -0.80526
   2.10526   0.14211  -0.81579   2.10526   0.14211  -0.82632
   2.10526   0.14211  -0.83684   2.10526   0.14211  -0.84737
   2.10526   0.14211  -0.85789   2.10526   0.14211  -0.86842
   2.10526   0.14211  -0.87895   2.10526   0.14211  -0.88947
   2.10526   0.14211  -0.90000   2.10526   0.14211  -0.91053
   2.10526   0.14211  -0.92105   2.10526   0.14211  -0.93158
   2.10526   0.14211  -0.94211   2.10526   0.14211  -0.95263
   2.10526   0.14211  -0.96316   2.10526   0.14211  -0.97368
   2.10526   0.14211  -0.98421   2.10526   0.14211  -0.99474
   1.05263   0.07105  -0.89737   1.05263   0.07105  -0.90263
   1.05263   0.07105  -0.90789   1.05263   0.07105  -0.91316
   1.05263   0.07105  -0.91842   1.05263   0.07105  -0.92368
   1.05263   0.07105  -0.92895   1.05263   0.07105  -0.93421
   1.05263   0.07105  -0.93947   1.05263   0.07105  -0.94474
   1.05263   0.07105  -0.95000   1.05263   0.07105  -0.95526
   1.05263   0.07105  -0.96053   1.05263   0.07105  -0.96579
   1.05263   0.07105  -0.97105   1.05263   0.07105  -0.97632
   1.05263   0.07105  -0.98158   1.05263   0.07105  -0.98684
   1.05263   0.07105  -0.99211   1.05263   0.07105  -0.99737
   0.00000   0.00000  -1.00000   0.00000   0.00000  -1.00000
   0.00000   0.00000  -1.00000   0.00000   0.00000  -1.00000
   0.00000   0.00000  -1.00000   0.00000   0.00000  -1.00000
   0.00000   0.00000  -1.00000   0.00000   0.00000  -1.00000
   0.00000   0.00000  -1.00000   0.00000   0.00000  -1.00000
   0.00000   0.00000  -1.00000   0.00000   0.00000  -1.00000
   0.00000   0.00000  -1.00000   0.00000   0.00000  -1.00000
   0.00000   0.00000  -1.00000   0.00000   0.00000  -1.00000
   0.00000   0.00000  -1.00000   0.00000   0.00000  -1.00000
   0.00000   0.00000  -1.00000   0.00000   0.00000  -1.00000
$points - wing-body  with composite panels
1.
1.
        58        20                                                           3
   0.00000   0.00000  -1.00000   1.05263   0.00000  -1.00000
   2.10526   0.00000  -1.00000   3.15789   0.00000  -1.00000
   4.21053   0.00000  -1.00000   5.26316   0.00000  -1.00000
   6.31579   0.00000  -1.00000   7.36842   0.00000  -1.00000
   8.42105   0.00000  -1.00000   9.47368   0.00000  -1.00000
  10.52632   0.00000  -1.00000  11.57895   0.00000  -1.00000
  12.63158   0.00000  -1.00000  13.68421   0.00000  -1.00000
  14.73684   0.00000  -1.00000  15.78947   0.00000  -1.00000
  16.84211   0.00000  -1.00000  17.89474   0.00000  -1.00000
  18.94737   0.00000  -1.00000  20.00000   0.00000  -1.00000
  22.04210   0.00000  -1.00000  24.08421   0.00000  -1.00000
  26.12632   0.00000  -1.00000  28.16842   0.00000  -1.00000
  30.21053   0.00000  -1.00000  32.25263   0.00000  -1.00000
  34.29473   0.00000  -1.00000  36.33684   0.00000  -1.00000
  38.37895   0.00000  -1.00000  40.42105   0.00000  -1.00000
  42.46316   0.00000  -1.00000  44.50526   0.00000  -1.00000
  46.54737   0.00000  -1.00000  48.58947   0.00000  -1.00000
  50.63158   0.00000  -1.00000  52.67368   0.00000  -1.00000
  54.71579   0.00000  -1.00000  56.75790   0.00000  -1.00000
  58.80000   0.00000  -1.00000  59.49474   0.00000  -0.89474
  60.18947   0.00000  -0.78947  60.88421   0.00000  -0.68421
  61.57895   0.00000  -0.57895  62.27369   0.00000  -0.47368
  62.96842   0.00000  -0.36842  63.66316   0.00000  -0.26316
  64.35789   0.00000  -0.15789  65.05264   0.00000  -0.05263
  65.74737   0.00000   0.05263  66.44211   0.00000   0.15789
  67.13684   0.00000   0.26316  67.83158   0.00000   0.36842
  68.52631   0.00000   0.47368  69.22105   0.00000   0.57895
  69.91579   0.00000   0.68421  70.61053   0.00000   0.78947
  71.30526   0.00000   0.89474  72.00000   0.00000   1.00000
   0.00000   0.00000  -1.00000   1.05263   0.00374  -0.99986
   2.10526   0.00748  -0.99972   3.15789   0.01122  -0.99958
   4.21053   0.01496  -0.99945   5.26316   0.01870  -0.99931
   6.31579   0.02244  -0.99917   7.36842   0.02618  -0.99903
   8.42105   0.02992  -0.99889   9.47368   0.03366  -0.99875
  10.52632   0.03740  -0.99861  11.57895   0.04114  -0.99848
  12.63158   0.04488  -0.99834  13.68421   0.04861  -0.99820
  14.73684   0.05235  -0.99806  15.78947   0.05609  -0.99792
  16.84211   0.05983  -0.99778  17.89474   0.06357  -0.99765
  18.94737   0.06731  -0.99751  20.00000   0.07105  -0.99737
  22.04210   0.07105  -0.99737  24.08421   0.07105  -0.99737
  26.12632   0.07105  -0.99737  28.16842   0.07105  -0.99737
  30.21053   0.07105  -0.99737  32.25263   0.07105  -0.99737
  34.29473   0.07105  -0.99737  36.33684   0.07105  -0.99737
  38.37895   0.07105  -0.99737  40.42105   0.07105  -0.99737
  42.46316   0.07105  -0.99737  44.50526   0.07105  -0.99737
  46.54737   0.07105  -0.99737  48.58947   0.07105  -0.99737
  50.63158   0.07105  -0.99737  52.67368   0.07105  -0.99737
  54.71579   0.07105  -0.99737  56.75790   0.07105  -0.99737
  58.80000   0.07105  -0.99737  59.49474   0.06731  -0.89224
  60.18947   0.06357  -0.78712  60.88421   0.05983  -0.68199
  61.57895   0.05609  -0.57687  62.27369   0.05235  -0.47175
  62.96842   0.04861  -0.36662  63.66316   0.04488  -0.26150
  64.35789   0.04114  -0.15637  65.05264   0.03740  -0.05125
  65.74737   0.03366   0.05388  66.44211   0.02992   0.15900
  67.13684   0.02618   0.26413  67.83158   0.02244   0.36925
  68.52631   0.01870   0.47438  69.22105   0.01496   0.57950
  69.91579   0.01122   0.68463  70.61053   0.00748   0.78975
  71.30526   0.00374   0.89488  72.00000   0.00000   1.00000
   0.00000   0.00000  -1.00000   1.05263   0.00748  -0.99972
   2.10526   0.01496  -0.99945   3.15789   0.02244  -0.99917
   4.21053   0.02992  -0.99889   5.26316   0.03740  -0.99861
   6.31579   0.04488  -0.99834   7.36842   0.05235  -0.99806
   8.42105   0.05983  -0.99778   9.47368   0.06731  -0.99751
  10.52632   0.07479  -0.99723  11.57895   0.08227  -0.99695
  12.63158   0.08975  -0.99668  13.68421   0.09723  -0.99640
  14.73684   0.10471  -0.99612  15.78947   0.11219  -0.99584
  16.84211   0.11967  -0.99557  17.89474   0.12715  -0.99529
  18.94737   0.13463  -0.99501  20.00000   0.14211  -0.99474
  22.04210   0.14211  -0.99474  24.08421   0.14211  -0.99474
  26.12632   0.14211  -0.99474  28.16842   0.14211  -0.99474
  30.21053   0.14211  -0.99474  32.25263   0.14211  -0.99474
  34.29473   0.14211  -0.99474  36.33684   0.14211  -0.99474
  38.37895   0.14211  -0.99474  40.42105   0.14211  -0.99474
  42.46316   0.14211  -0.99474  44.50526   0.14211  -0.99474
  46.54737   0.14211  -0.99474  48.58947   0.14211  -0.99474
  50.63158   0.14211  -0.99474  52.67368   0.14211  -0.99474
  54.71579   0.14211  -0.99474  56.75790   0.14211  -0.99474
  58.80000   0.14211  -0.99474  59.49474   0.13463  -0.88975
  60.18947   0.12715  -0.78476  60.88421   0.11967  -0.67978
  61.57895   0.11219  -0.57479  62.27369   0.10471  -0.46981
  62.96842   0.09723  -0.36482  63.66316   0.08975  -0.25983
  64.35789   0.08227  -0.15485  65.05264   0.07479  -0.04986
  65.74737   0.06731   0.05512  66.44211   0.05983   0.16011
  67.13684   0.05235   0.26510  67.83158   0.04488   0.37008
  68.52631   0.03740   0.47507  69.22105   0.02992   0.58006
  69.91579   0.02244   0.68504  70.61053   0.01496   0.79003
  71.30526   0.00748   0.89501  72.00000   0.00000   1.00000
   0.00000   0.00000  -1.00000   1.05263   0.01122  -0.99958
   2.10526   0.02244  -0.99917   3.15789   0.03366  -0.99875
   4.21053   0.04488  -0.99834   5.26316   0.05609  -0.99792
   6.31579   0.06731  -0.99751   7.36842   0.07853  -0.99709
   8.42105   0.08975  -0.99668   9.47368   0.10097  -0.99626
  10.52632   0.11219  -0.99584  11.57895   0.12341  -0.99543
  12.63158   0.13463  -0.99501  13.68421   0.14584  -0.99460
  14.73684   0.15706  -0.99418  15.78947   0.16828  -0.99377
  16.84211   0.17950  -0.99335  17.89474   0.19072  -0.99294
  18.94737   0.20194  -0.99252  20.00000   0.21316  -0.99211
  22.04210   0.21316  -0.99211  24.08421   0.21316  -0.99211
  26.12632   0.21316  -0.99211  28.16842   0.21316  -0.99211
  30.21053   0.21316  -0.99211  32.25263   0.21316  -0.99211
  34.29473   0.21316  -0.99211  36.33684   0.21316  -0.99211
  38.37895   0.21316  -0.99211  40.42105   0.21316  -0.99211
  42.46316   0.21316  -0.99211  44.50526   0.21316  -0.99211
  46.54737   0.21316  -0.99211  48.58947   0.21316  -0.99211
  50.63158   0.21316  -0.99211  52.67368   0.21316  -0.99211
  54.71579   0.21316  -0.99211  56.75790   0.21316  -0.99211
  58.80000   0.21316  -0.99211  59.49474   0.20194  -0.88726
  60.18947   0.19072  -0.78241  60.88421   0.17950  -0.67756
  61.57895   0.16828  -0.57271  62.27369   0.15706  -0.46787
  62.96842   0.14584  -0.36302  63.66316   0.13463  -0.25817
  64.35789   0.12341  -0.15332  65.05264   0.11219  -0.04848
  65.74737   0.10097   0.05637  66.44211   0.08975   0.16122
  67.13684   0.07853   0.26607  67.83158   0.06731   0.37091
  68.52631   0.05609   0.47576  69.22105   0.04488   0.58061
  69.91579   0.03366   0.68546  70.61053   0.02244   0.79030
  71.30526   0.01122   0.89515  72.00000   0.00000   1.00000
   0.00000   0.00000  -1.00000   1.05263   0.01496  -0.99945
   2.10526   0.02992  -0.99889   3.15789   0.04488  -0.99834
   4.21053   0.05983  -0.99778   5.26316   0.07479  -0.99723
   6.31579   0.08975  -0.99668   7.36842   0.10471  -0.99612
   8.42105   0.11967  -0.99557   9.47368   0.13463  -0.99501
  10.52632   0.14958  -0.99446  11.57895   0.16454  -0.99391
  12.63158   0.17950  -0.99335  13.68421   0.19446  -0.99280
  14.73684   0.20942  -0.99224  15.78947   0.22438  -0.99169
  16.84211   0.23934  -0.99114  17.89474   0.25429  -0.99058
  18.94737   0.26925  -0.99003  20.00000   0.28421  -0.98947
  22.04210   0.28421  -0.98947  24.08421   0.28421  -0.98947
  26.12632   0.28421  -0.98947  28.16842   0.28421  -0.98947
  30.21053   0.28421  -0.98947  32.25263   0.28421  -0.98947
  34.29473   0.28421  -0.98947  36.33684   0.28421  -0.98947
  38.37895   0.28421  -0.98947  40.42105   0.28421  -0.98947
  42.46316   0.28421  -0.98947  44.50526   0.28421  -0.98947
  46.54737   0.28421  -0.98947  48.58947   0.28421  -0.98947
  50.63158   0.28421  -0.98947  52.67368   0.28421  -0.98947
  54.71579   0.28421  -0.98947  56.75790   0.28421  -0.98947
  58.80000   0.28421  -0.98947  59.49474   0.26925  -0.88476
  60.18947   0.25429  -0.78006  60.88421   0.23934  -0.67535
  61.57895   0.22438  -0.57064  62.27369   0.20942  -0.46593
  62.96842   0.19446  -0.36122  63.66316   0.17950  -0.25651
  64.35789   0.16454  -0.15180  65.05264   0.14958  -0.04709
  65.74737   0.13463   0.05762  66.44211   0.11967   0.16233
  67.13684   0.10471   0.26704  67.83158   0.08975   0.37175
  68.52631   0.07479   0.47645  69.22105   0.05983   0.58116
  69.91579   0.04488   0.68587  70.61053   0.02992   0.79058
  71.30526   0.01496   0.89529  72.00000   0.00000   1.00000
   0.00000   0.00000  -1.00000   1.05263   0.01870  -0.99931
   2.10526   0.03740  -0.99861   3.15789   0.05609  -0.99792
   4.21053   0.07479  -0.99723   5.26316   0.09349  -0.99654
   6.31579   0.11219  -0.99584   7.36842   0.13089  -0.99515
   8.42105   0.14958  -0.99446   9.47368   0.16828  -0.99377
  10.52632   0.18698  -0.99307  11.57895   0.20568  -0.99238
  12.63158   0.22438  -0.99169  13.68421   0.24307  -0.99100
  14.73684   0.26177  -0.99030  15.78947   0.28047  -0.98961
  16.84211   0.29917  -0.98892  17.89474   0.31787  -0.98823
  18.94737   0.33657  -0.98753  20.00000   0.35526  -0.98684
  22.04210   0.35526  -0.98684  24.08421   0.35526  -0.98684
  26.12632   0.35526  -0.98684  28.16842   0.35526  -0.98684
  30.21053   0.35526  -0.98684  32.25263   0.35526  -0.98684
  34.29473   0.35526  -0.98684  36.33684   0.35526  -0.98684
  38.37895   0.35526  -0.98684  40.42105   0.35526  -0.98684
  42.46316   0.35526  -0.98684  44.50526   0.35526  -0.98684
  46.54737   0.35526  -0.98684  48.58947   0.35526  -0.98684
  50.63158   0.35526  -0.98684  52.67368   0.35526  -0.98684
  54.71579   0.35526  -0.98684  56.75790   0.35526  -0.98684
  58.80000   0.35526  -0.98684  59.49474   0.33657  -0.88227
  60.18947   0.31787  -0.77770  60.88421   0.29917  -0.67313
  61.57895   0.28047  -0.56856  62.27369   0.26177  -0.46399
  62.96842   0.24307  -0.35942  63.66316   0.22438  -0.25485
  64.35789   0.20568  -0.15028  65.05264   0.18698  -0.04571
  65.74737   0.16828   0.05886  66.44211   0.14958   0.16343
  67.13684   0.13089   0.26801  67.83158   0.11219   0.37258
  68.52631   0.09349   0.47715  69.22105   0.07479   0.58172
  69.91579   0.05609   0.68629  70.61053   0.03740   0.79086
  71.30526   0.01870   0.89543  72.00000   0.00000   1.00000
   0.00000   0.00000  -1.00000   1.05263   0.02244  -0.99917
   2.10526   0.04488  -0.99834   3.15789   0.06731  -0.99751
   4.21053   0.08975  -0.99668   5.26316   0.11219  -0.99584
   6.31579   0.13463  -0.99501   7.36842   0.15706  -0.99418
   8.42105   0.17950  -0.99335   9.47368   0.20194  -0.99252
  10.52632   0.22438  -0.99169  11.57895   0.24681  -0.99086
  12.63158   0.26925  -0.99003  13.68421   0.29169  -0.98920
  14.73684   0.31413  -0.98837  15.78947   0.33657  -0.98753
  16.84211   0.35900  -0.98670  17.89474   0.38144  -0.98587
  18.94737   0.40388  -0.98504  20.00000   0.42632  -0.98421
  22.04210   0.42632  -0.98421  24.08421   0.42632  -0.98421
  26.12632   0.42632  -0.98421  28.16842   0.42632  -0.98421
  30.21053   0.42632  -0.98421  32.25263   0.42632  -0.98421
  34.29473   0.42632  -0.98421  36.33684   0.42632  -0.98421
  38.37895   0.42632  -0.98421  40.42105   0.42632  -0.98421
  42.46316   0.42632  -0.98421  44.50526   0.42632  -0.98421
  46.54737   0.42632  -0.98421  48.58947   0.42632  -0.98421
  50.63158   0.42632  -0.98421  52.67368   0.42632  -0.98421
  54.71579   0.42632  -0.98421  56.75790   0.42632  -0.98421
  58.80000   0.42632  -0.98421  59.49474   0.40388  -0.87978
  60.18947   0.38144  -0.77535  60.88421   0.35900  -0.67091
  61.57895   0.33657  -0.56648  62.27369   0.31413  -0.46205
  62.96842   0.29169  -0.35762  63.66316   0.26925  -0.25319
  64.35789   0.24681  -0.14875  65.05264   0.22438  -0.04432
  65.74737   0.20194   0.06011  66.44211   0.17950   0.16454
  67.13684   0.15706   0.26898  67.83158   0.13463   0.37341
  68.52631   0.11219   0.47784  69.22105   0.08975   0.58227
  69.91579   0.06731   0.68670  70.61053   0.04488   0.79114
  71.30526   0.02244   0.89557  72.00000   0.00000   1.00000
   0.00000   0.00000  -1.00000   1.05263   0.02618  -0.99903
   2.10526   0.05235  -0.99806   3.15789   0.07853  -0.99709
   4.21053   0.10471  -0.99612   5.26316   0.13089  -0.99515
   6.31579   0.15706  -0.99418   7.36842   0.18324  -0.99321
   8.42105   0.20942  -0.99224   9.47368   0.23560  -0.99127
  10.52632   0.26177  -0.99030  11.57895   0.28795  -0.98934
  12.63158   0.31413  -0.98837  13.68421   0.34030  -0.98740
  14.73684   0.36648  -0.98643  15.78947   0.39266  -0.98546
  16.84211   0.41884  -0.98449  17.89474   0.44501  -0.98352
  18.94737   0.47119  -0.98255  20.00000   0.49737  -0.98158
  22.04210   0.49737  -0.98158  24.08421   0.49737  -0.98158
  26.12632   0.49737  -0.98158  28.16842   0.49737  -0.98158
  30.21053   0.49737  -0.98158  32.25263   0.49737  -0.98158
  34.29473   0.49737  -0.98158  36.33684   0.49737  -0.98158
  38.37895   0.49737  -0.98158  40.42105   0.49737  -0.98158
  42.46316   0.49737  -0.98158  44.50526   0.49737  -0.98158
  46.54737   0.49737  -0.98158  48.58947   0.49737  -0.98158
  50.63158   0.49737  -0.98158  52.67368   0.49737  -0.98158
  54.71579   0.49737  -0.98158  56.75790   0.49737  -0.98158
  58.80000   0.49737  -0.98158  59.49474   0.47119  -0.87729
  60.18947   0.44501  -0.77299  60.88421   0.41884  -0.66870
  61.57895   0.39266  -0.56440  62.27369   0.36648  -0.46011
  62.96842   0.34030  -0.35582  63.66316   0.31413  -0.25152
  64.35789   0.28795  -0.14723  65.05264   0.26177  -0.04294
  65.74737   0.23560   0.06136  66.44211   0.20942   0.16565
  67.13684   0.18324   0.26994  67.83158   0.15706   0.37424
  68.52631   0.13089   0.47853  69.22105   0.10471   0.58283
  69.91579   0.07853   0.68712  70.61053   0.05235   0.79141
  71.30526   0.02618   0.89571  72.00000   0.00000   1.00000
   0.00000   0.00000  -1.00000   1.05263   0.02992  -0.99889
   2.10526   0.05983  -0.99778   3.15789   0.08975  -0.99668
   4.21053   0.11967  -0.99557   5.26316   0.14958  -0.99446
   6.31579   0.17950  -0.99335   7.36842   0.20942  -0.99224
   8.42105   0.23934  -0.99114   9.47368   0.26925  -0.99003
  10.52632   0.29917  -0.98892  11.57895   0.32909  -0.98781
  12.63158   0.35900  -0.98670  13.68421   0.38892  -0.98560
  14.73684   0.41884  -0.98449  15.78947   0.44875  -0.98338
  16.84211   0.47867  -0.98227  17.89474   0.50859  -0.98116
  18.94737   0.53850  -0.98006  20.00000   0.56842  -0.97895
  22.04210   0.56842  -0.97895  24.08421   0.56842  -0.97895
  26.12632   0.56842  -0.97895  28.16842   0.56842  -0.97895
  30.21053   0.56842  -0.97895  32.25263   0.56842  -0.97895
  34.29473   0.56842  -0.97895  36.33684   0.56842  -0.97895
  38.37895   0.56842  -0.97895  40.42105   0.56842  -0.97895
  42.46316   0.56842  -0.97895  44.50526   0.56842  -0.97895
  46.54737   0.56842  -0.97895  48.58947   0.56842  -0.97895
  50.63158   0.56842  -0.97895  52.67368   0.56842  -0.97895
  54.71579   0.56842  -0.97895  56.75790   0.56842  -0.97895
  58.80000   0.56842  -0.97895  59.49474   0.53850  -0.87479
  60.18947   0.50859  -0.77064  60.88421   0.47867  -0.66648
  61.57895   0.44875  -0.56233  62.27369   0.41884  -0.45817
  62.96842   0.38892  -0.35402  63.66316   0.35900  -0.24986
  64.35789   0.32909  -0.14571  65.05264   0.29917  -0.04155
  65.74737   0.26925   0.06260  66.44211   0.23934   0.16676
  67.13684   0.20942   0.27091  67.83158   0.17950   0.37507
  68.52631   0.14958   0.47922  69.22105   0.11967   0.58338
  69.91579   0.08975   0.68753  70.61053   0.05983   0.79169
  71.30526   0.02992   0.89584  72.00000   0.00000   1.00000
   0.00000   0.00000  -1.00000   1.05263   0.03366  -0.99875
   2.10526   0.06731  -0.99751   3.15789   0.10097  -0.99626
   4.21053   0.13463  -0.99501   5.26316   0.16828  -0.99377
   6.31579   0.20194  -0.99252   7.36842   0.23560  -0.99127
   8.42105   0.26925  -0.99003   9.47368   0.30291  -0.98878
  10.52632   0.33657  -0.98753  11.57895   0.37022  -0.98629
  12.63158   0.40388  -0.98504  13.68421   0.43753  -0.98379
  14.73684   0.47119  -0.98255  15.78947   0.50485  -0.98130
  16.84211   0.53850  -0.98006  17.89474   0.57216  -0.97881
  18.94737   0.60582  -0.97756  20.00000   0.63947  -0.97632
  22.04210   0.63947  -0.97632  24.08421   0.63947  -0.97632
  26.12632   0.63947  -0.97632  28.16842   0.63947  -0.97632
  30.21053   0.63947  -0.97632  32.25263   0.63947  -0.97632
  34.29473   0.63947  -0.97632  36.33684   0.63947  -0.97632
  38.37895   0.63947  -0.97632  40.42105   0.63947  -0.97632
  42.46316   0.63947  -0.97632  44.50526   0.63947  -0.97632
  46.54737   0.63947  -0.97632  48.58947   0.63947  -0.97632
  50.63158   0.63947  -0.97632  52.67368   0.63947  -0.97632
  54.71579   0.63947  -0.97632  56.75790   0.63947  -0.97632
  58.80000   0.63947  -0.97632  59.49474   0.60582  -0.87230
  60.18947   0.57216  -0.76828  60.88421   0.53850  -0.66427
  61.57895   0.50485  -0.56025  62.27369   0.47119  -0.45623
  62.96842   0.43753  -0.35222  63.66316   0.40388  -0.24820
  64.35789   0.37022  -0.14418  65.05264   0.33657  -0.04017
  65.74737   0.30291   0.06385  66.44211   0.26925   0.16787
  67.13684   0.23560   0.27188  67.83158   0.20194   0.37590
  68.52631   0.16828   0.47992  69.22105   0.13463   0.58393
  69.91579   0.10097   0.68795  70.61053   0.06731   0.79197
  71.30526   0.03366   0.89598  72.00000   0.00000   1.00000
   0.00000   0.00000  -1.00000   1.05263   0.03740  -0.99861
   2.10526   0.07479  -0.99723   3.15789   0.11219  -0.99584
   4.21053   0.14958  -0.99446   5.26316   0.18698  -0.99307
   6.31579   0.22438  -0.99169   7.36842   0.26177  -0.99030
   8.42105   0.29917  -0.98892   9.47368   0.33657  -0.98753
  10.52632   0.37396  -0.98615  11.57895   0.41136  -0.98476
  12.63158   0.44875  -0.98338  13.68421   0.48615  -0.98199
  14.73684   0.52355  -0.98061  15.78947   0.56094  -0.97922
  16.84211   0.59834  -0.97784  17.89474   0.63573  -0.97645
  18.94737   0.67313  -0.97507  20.00000   0.71053  -0.97368
  22.04210   0.71053  -0.97368  24.08421   0.71053  -0.97368
  26.12632   0.71053  -0.97368  28.16842   0.71053  -0.97368
  30.21053   0.71053  -0.97368  32.25263   0.71053  -0.97368
  34.29473   0.71053  -0.97368  36.33684   0.71053  -0.97368
  38.37895   0.71053  -0.97368  40.42105   0.71053  -0.97368
  42.46316   0.71053  -0.97368  44.50526   0.71053  -0.97368
  46.54737   0.71053  -0.97368  48.58947   0.71053  -0.97368
  50.63158   0.71053  -0.97368  52.67368   0.71053  -0.97368
  54.71579   0.71053  -0.97368  56.75790   0.71053  -0.97368
  58.80000   0.71053  -0.97368  59.49474   0.67313  -0.86981
  60.18947   0.63573  -0.76593  60.88421   0.59834  -0.66205
  61.57895   0.56094  -0.55817  62.27369   0.52355  -0.45429
  62.96842   0.48615  -0.35042  63.66316   0.44875  -0.24654
  64.35789   0.41136  -0.14266  65.05264   0.37396  -0.03878
  65.74737   0.33657   0.06510  66.44211   0.29917   0.16898
  67.13684   0.26177   0.27285  67.83158   0.22438   0.37673
  68.52631   0.18698   0.48061  69.22105   0.14958   0.58449
  69.91579   0.11219   0.68837  70.61053   0.07479   0.79224
  71.30526   0.03740   0.89612  72.00000   0.00000   1.00000
   0.00000   0.00000  -1.00000   1.05263   0.04114  -0.99848
   2.10526   0.08227  -0.99695   3.15789   0.12341  -0.99543
   4.21053   0.16454  -0.99391   5.26316   0.20568  -0.99238
   6.31579   0.24681  -0.99086   7.36842   0.28795  -0.98934
   8.42105   0.32909  -0.98781   9.47368   0.37022  -0.98629
  10.52632   0.41136  -0.98476  11.57895   0.45249  -0.98324
  12.63158   0.49363  -0.98172  13.68421   0.53476  -0.98019
  14.73684   0.57590  -0.97867  15.78947   0.61704  -0.97715
  16.84211   0.65817  -0.97562  17.89474   0.69931  -0.97410
  18.94737   0.74044  -0.97258  20.00000   0.78158  -0.97105
  22.04210   0.78158  -0.97105  24.08421   0.78158  -0.97105
  26.12632   0.78158  -0.97105  28.16842   0.78158  -0.97105
  30.21053   0.78158  -0.97105  32.25263   0.78158  -0.97105
  34.29473   0.78158  -0.97105  36.33684   0.78158  -0.97105
  38.37895   0.78158  -0.97105  40.42105   0.78158  -0.97105
  42.46316   0.78158  -0.97105  44.50526   0.78158  -0.97105
  46.54737   0.78158  -0.97105  48.58947   0.78158  -0.97105
  50.63158   0.78158  -0.97105  52.67368   0.78158  -0.97105
  54.71579   0.78158  -0.97105  56.75790   0.78158  -0.97105
  58.80000   0.78158  -0.97105  59.49474   0.74044  -0.86731
  60.18947   0.69931  -0.76357  60.88421   0.65817  -0.65983
  61.57895   0.61704  -0.55609  62.27369   0.57590  -0.45235
  62.96842   0.53476  -0.34861  63.66316   0.49363  -0.24488
  64.35789   0.45249  -0.14114  65.05264   0.41136  -0.03740
  65.74737   0.37022   0.06634  66.44211   0.32909   0.17008
  67.13684   0.28795   0.27382  67.83158   0.24681   0.37756
  68.52631   0.20568   0.48130  69.22105   0.16454   0.58504
  69.91579   0.12341   0.68878  70.61053   0.08227   0.79252
  71.30526   0.04114   0.89626  72.00000   0.00000   1.00000
   0.00000   0.00000  -1.00000   1.05263   0.04488  -0.99834
   2.10526   0.08975  -0.99668   3.15789   0.13463  -0.99501
   4.21053   0.17950  -0.99335   5.26316   0.22438  -0.99169
   6.31579   0.26925  -0.99003   7.36842   0.31413  -0.98837
   8.42105   0.35900  -0.98670   9.47368   0.40388  -0.98504
  10.52632   0.44875  -0.98338  11.57895   0.49363  -0.98172
  12.63158   0.53850  -0.98006  13.68421   0.58338  -0.97839
  14.73684   0.62825  -0.97673  15.78947   0.67313  -0.97507
  16.84211   0.71801  -0.97341  17.89474   0.76288  -0.97175
  18.94737   0.80776  -0.97008  20.00000   0.85263  -0.96842
  22.04210   0.85263  -0.96842  24.08421   0.85263  -0.96842
  26.12632   0.85263  -0.96842  28.16842   0.85263  -0.96842
  30.21053   0.85263  -0.96842  32.25263   0.85263  -0.96842
  34.29473   0.85263  -0.96842  36.33684   0.85263  -0.96842
  38.37895   0.85263  -0.96842  40.42105   0.85263  -0.96842
  42.46316   0.85263  -0.96842  44.50526   0.85263  -0.96842
  46.54737   0.85263  -0.96842  48.58947   0.85263  -0.96842
  50.63158   0.85263  -0.96842  52.67368   0.85263  -0.96842
  54.71579   0.85263  -0.96842  56.75790   0.85263  -0.96842
  58.80000   0.85263  -0.96842  59.49474   0.80776  -0.86482
  60.18947   0.76288  -0.76122  60.88421   0.71801  -0.65762
  61.57895   0.67313  -0.55402  62.27369   0.62825  -0.45042
  62.96842   0.58338  -0.34681  63.66316   0.53850  -0.24321
  64.35789   0.49363  -0.13961  65.05264   0.44875  -0.03601
  65.74737   0.40388   0.06759  66.44211   0.35900   0.17119
  67.13684   0.31413   0.27479  67.83158   0.26925   0.37839
  68.52631   0.22438   0.48199  69.22105   0.17950   0.58560
  69.91579   0.13463   0.68920  70.61053   0.08975   0.79280
  71.30526   0.04488   0.89640  72.00000   0.00000   1.00000
   0.00000   0.00000  -1.00000   1.05263   0.04861  -0.99820
   2.10526   0.09723  -0.99640   3.15789   0.14584  -0.99460
   4.21053   0.19446  -0.99280   5.26316   0.24307  -0.99100
   6.31579   0.29169  -0.98920   7.36842   0.34030  -0.98740
   8.42105   0.38892  -0.98560   9.47368   0.43753  -0.98379
  10.52632   0.48615  -0.98199  11.57895   0.53476  -0.98019
  12.63158   0.58338  -0.97839  13.68421   0.63199  -0.97659
  14.73684   0.68061  -0.97479  15.78947   0.72922  -0.97299
  16.84211   0.77784  -0.97119  17.89474   0.82645  -0.96939
  18.94737   0.87507  -0.96759  20.00000   0.92368  -0.96579
  22.04210   0.92368  -0.96579  24.08421   0.92368  -0.96579
  26.12632   0.92368  -0.96579  28.16842   0.92368  -0.96579
  30.21053   0.92368  -0.96579  32.25263   0.92368  -0.96579
  34.29473   0.92368  -0.96579  36.33684   0.92368  -0.96579
  38.37895   0.92368  -0.96579  40.42105   0.92368  -0.96579
  42.46316   0.92368  -0.96579  44.50526   0.92368  -0.96579
  46.54737   0.92368  -0.96579  48.58947   0.92368  -0.96579
  50.63158   0.92368  -0.96579  52.67368   0.92368  -0.96579
  54.71579   0.92368  -0.96579  56.75790   0.92368  -0.96579
  58.80000   0.92368  -0.96579  59.49474   0.87507  -0.86233
  60.18947   0.82645  -0.75886  60.88421   0.77784  -0.65540
  61.57895   0.72922  -0.55194  62.27369   0.68061  -0.44848
  62.96842   0.63199  -0.34501  63.66316   0.58338  -0.24155
  64.35789   0.53476  -0.13809  65.05264   0.48615  -0.03463
  65.74737   0.43753   0.06884  66.44211   0.38892   0.17230
  67.13684   0.34030   0.27576  67.83158   0.29169   0.37922
  68.52631   0.24307   0.48269  69.22105   0.19446   0.58615
  69.91579   0.14584   0.68961  70.61053   0.09723   0.79307
  71.30526   0.04861   0.89654  72.00000   0.00000   1.00000
   0.00000   0.00000  -1.00000   1.05263   0.05235  -0.99806
   2.10526   0.10471  -0.99612   3.15789   0.15706  -0.99418
   4.21053   0.20942  -0.99224   5.26316   0.26177  -0.99030
   6.31579   0.31413  -0.98837   7.36842   0.36648  -0.98643
   8.42105   0.41884  -0.98449   9.47368   0.47119  -0.98255
  10.52632   0.52355  -0.98061  11.57895   0.57590  -0.97867
  12.63158   0.62825  -0.97673  13.68421   0.68061  -0.97479
  14.73684   0.73296  -0.97285  15.78947   0.78532  -0.97091
  16.84211   0.83767  -0.96898  17.89474   0.89003  -0.96704
  18.94737   0.94238  -0.96510  20.00000   0.99474  -0.96316
  22.04210   0.99474  -0.96316  24.08421   0.99474  -0.96316
  26.12632   0.99474  -0.96316  28.16842   0.99474  -0.96316
  30.21053   0.99474  -0.96316  32.25263   0.99474  -0.96316
  34.29473   0.99474  -0.96316  36.33684   0.99474  -0.96316
  38.37895   0.99474  -0.96316  40.42105   0.99474  -0.96316
  42.46316   0.99474  -0.96316  44.50526   0.99474  -0.96316
  46.54737   0.99474  -0.96316  48.58947   0.99474  -0.96316
  50.63158   0.99474  -0.96316  52.67368   0.99474  -0.96316
  54.71579   0.99474  -0.96316  56.75790   0.99474  -0.96316
  58.80000   0.99474  -0.96316  59.49474   0.94238  -0.85983
  60.18947   0.89003  -0.75651  60.88421   0.83767  -0.65319
  61.57895   0.78532  -0.54986  62.27369   0.73296  -0.44654
  62.96842   0.68061  -0.34321  63.66316   0.62825  -0.23989
  64.35789   0.57590  -0.13657  65.05264   0.52355  -0.03324
  65.74737   0.47119   0.07008  66.44211   0.41884   0.17341
  67.13684   0.36648   0.27673  67.83158   0.31413   0.38006
  68.52631   0.26177   0.48338  69.22105   0.20942   0.58670
  69.91579   0.15706   0.69003  70.61053   0.10471   0.79335
  71.30526   0.05235   0.89668  72.00000   0.00000   1.00000
   0.00000   0.00000  -1.00000   1.05263   0.05609  -0.99792
   2.10526   0.11219  -0.99584   3.15789   0.16828  -0.99377
   4.21053   0.22438  -0.99169   5.26316   0.28047  -0.98961
   6.31579   0.33657  -0.98753   7.36842   0.39266  -0.98546
   8.42105   0.44875  -0.98338   9.47368   0.50485  -0.98130
  10.52632   0.56094  -0.97922  11.57895   0.61704  -0.97715
  12.63158   0.67313  -0.97507  13.68421   0.72922  -0.97299
  14.73684   0.78532  -0.97091  15.78947   0.84141  -0.96884
  16.84211   0.89751  -0.96676  17.89474   0.95360  -0.96468
  18.94737   1.00970  -0.96260  20.00000   1.06579  -0.96053
  22.04210   1.06579  -0.96053  24.08421   1.06579  -0.96053
  26.12632   1.06579  -0.96053  28.16842   1.06579  -0.96053
  30.21053   1.06579  -0.96053  32.25263   1.06579  -0.96053
  34.29473   1.06579  -0.96053  36.33684   1.06579  -0.96053
  38.37895   1.06579  -0.96053  40.42105   1.06579  -0.96053
  42.46316   1.06579  -0.96053  44.50526   1.06579  -0.96053
  46.54737   1.06579  -0.96053  48.58947   1.06579  -0.96053
  50.63158   1.06579  -0.96053  52.67368   1.06579  -0.96053
  54.71579   1.06579  -0.96053  56.75790   1.06579  -0.96053
  58.80000   1.06579  -0.96053  59.49474   1.00970  -0.85734
  60.18947   0.95360  -0.75416  60.88421   0.89751  -0.65097
  61.57895   0.84141  -0.54778  62.27369   0.78532  -0.44460
  62.96842   0.72922  -0.34141  63.66316   0.67313  -0.23823
  64.35789   0.61704  -0.13504  65.05264   0.56094  -0.03186
  65.74737   0.50485   0.07133  66.44211   0.44875   0.17452
  67.13684   0.39266   0.27770  67.83158   0.33657   0.38089
  68.52631   0.28047   0.48407  69.22105   0.22438   0.58726
  69.91579   0.16828   0.69044  70.61053   0.11219   0.79363
  71.30526   0.05609   0.89681  72.00000   0.00000   1.00000
   0.00000   0.00000  -1.00000   1.05263   0.05983  -0.99778
   2.10526   0.11967  -0.99557   3.15789   0.17950  -0.99335
   4.21053   0.23934  -0.99114   5.26316   0.29917  -0.98892
   6.31579   0.35900  -0.98670   7.36842   0.41884  -0.98449
   8.42105   0.47867  -0.98227   9.47368   0.53850  -0.98006
  10.52632   0.59834  -0.97784  11.57895   0.65817  -0.97562
  12.63158   0.71801  -0.97341  13.68421   0.77784  -0.97119
  14.73684   0.83767  -0.96898  15.78947   0.89751  -0.96676
  16.84211   0.95734  -0.96454  17.89474   1.01717  -0.96233
  18.94737   1.07701  -0.96011  20.00000   1.13684  -0.95789
  22.04210   1.13684  -0.95789  24.08421   1.13684  -0.95789
  26.12632   1.13684  -0.95789  28.16842   1.13684  -0.95789
  30.21053   1.13684  -0.95789  32.25263   1.13684  -0.95789
  34.29473   1.13684  -0.95789  36.33684   1.13684  -0.95789
  38.37895   1.13684  -0.95789  40.42105   1.13684  -0.95789
  42.46316   1.13684  -0.95789  44.50526   1.13684  -0.95789
  46.54737   1.13684  -0.95789  48.58947   1.13684  -0.95789
  50.63158   1.13684  -0.95789  52.67368   1.13684  -0.95789
  54.71579   1.13684  -0.95789  56.75790   1.13684  -0.95789
  58.80000   1.13684  -0.95789  59.49474   1.07701  -0.85485
  60.18947   1.01717  -0.75180  60.88421   0.95734  -0.64875
  61.57895   0.89751  -0.54571  62.27369   0.83767  -0.44266
  62.96842   0.77784  -0.33961  63.66316   0.71801  -0.23657
  64.35789   0.65817  -0.13352  65.05264   0.59834  -0.03047
  65.74737   0.53850   0.07258  66.44211   0.47867   0.17562
  67.13684   0.41884   0.27867  67.83158   0.35900   0.38172
  68.52631   0.29917   0.48476  69.22105   0.23934   0.58781
  69.91579   0.17950   0.69086  70.61053   0.11967   0.79391
  71.30526   0.05983   0.89695  72.00000   0.00000   1.00000
   0.00000   0.00000  -1.00000   1.05263   0.06357  -0.99765
   2.10526   0.12715  -0.99529   3.15789   0.19072  -0.99294
   4.21053   0.25429  -0.99058   5.26316   0.31787  -0.98823
   6.31579   0.38144  -0.98587   7.36842   0.44501  -0.98352
   8.42105   0.50859  -0.98116   9.47368   0.57216  -0.97881
  10.52632   0.63573  -0.97645  11.57895   0.69931  -0.97410
  12.63158   0.76288  -0.97175  13.68421   0.82645  -0.96939
  14.73684   0.89003  -0.96704  15.78947   0.95360  -0.96468
  16.84211   1.01717  -0.96233  17.89474   1.08075  -0.95997
  18.94737   1.14432  -0.95762  20.00000   1.20789  -0.95526
  22.04210   1.20789  -0.95526  24.08421   1.20789  -0.95526
  26.12632   1.20789  -0.95526  28.16842   1.20789  -0.95526
  30.21053   1.20789  -0.95526  32.25263   1.20789  -0.95526
  34.29473   1.20789  -0.95526  36.33684   1.20789  -0.95526
  38.37895   1.20789  -0.95526  40.42105   1.20789  -0.95526
  42.46316   1.20789  -0.95526  44.50526   1.20789  -0.95526
  46.54737   1.20789  -0.95526  48.58947   1.20789  -0.95526
  50.63158   1.20789  -0.95526  52.67368   1.20789  -0.95526
  54.71579   1.20789  -0.95526  56.75790   1.20789  -0.95526
  58.80000   1.20789  -0.95526  59.49474   1.14432  -0.85235
  60.18947   1.08075  -0.74945  60.88421   1.01717  -0.64654
  61.57895   0.95360  -0.54363  62.27369   0.89003  -0.44072
  62.96842   0.82645  -0.33781  63.66316   0.76288  -0.23490
  64.35789   0.69931  -0.13199  65.05264   0.63573  -0.02909
  65.74737   0.57216   0.07382  66.44211   0.50859   0.17673
  67.13684   0.44501   0.27964  67.83158   0.38144   0.38255
  68.52631   0.31787   0.48546  69.22105   0.25429   0.58837
  69.91579   0.19072   0.69127  70.61053   0.12715   0.79418
  71.30526   0.06357   0.89709  72.00000   0.00000   1.00000
   0.00000   0.00000  -1.00000   1.05263   0.06731  -0.99751
   2.10526   0.13463  -0.99501   3.15789   0.20194  -0.99252
   4.21053   0.26925  -0.99003   5.26316   0.33657  -0.98753
   6.31579   0.40388  -0.98504   7.36842   0.47119  -0.98255
   8.42105   0.53850  -0.98006   9.47368   0.60582  -0.97756
  10.52632   0.67313  -0.97507  11.57895   0.74044  -0.97258
  12.63158   0.80776  -0.97008  13.68421   0.87507  -0.96759
  14.73684   0.94238  -0.96510  15.78947   1.00970  -0.96260
  16.84211   1.07701  -0.96011  17.89474   1.14432  -0.95762
  18.94737   1.21163  -0.95512  20.00000   1.27895  -0.95263
  22.04210   1.27895  -0.95263  24.08421   1.27895  -0.95263
  26.12632   1.27895  -0.95263  28.16842   1.27895  -0.95263
  30.21053   1.27895  -0.95263  32.25263   1.27895  -0.95263
  34.29473   1.27895  -0.95263  36.33684   1.27895  -0.95263
  38.37895   1.27895  -0.95263  40.42105   1.27895  -0.95263
  42.46316   1.27895  -0.95263  44.50526   1.27895  -0.95263
  46.54737   1.27895  -0.95263  48.58947   1.27895  -0.95263
  50.63158   1.27895  -0.95263  52.67368   1.27895  -0.95263
  54.71579   1.27895  -0.95263  56.75790   1.27895  -0.95263
  58.80000   1.27895  -0.95263  59.49474   1.21163  -0.84986
  60.18947   1.14432  -0.74709  60.88421   1.07701  -0.64432
  61.57895   1.00970  -0.54155  62.27369   0.94238  -0.43878
  62.96842   0.87507  -0.33601  63.66316   0.80776  -0.23324
  64.35789   0.74044  -0.13047  65.05264   0.67313  -0.02770
  65.74737   0.60582   0.07507  66.44211   0.53850   0.17784
  67.13684   0.47119   0.28061  67.83158   0.40388   0.38338
  68.52631   0.33657   0.48615  69.22105   0.26925   0.58892
  69.91579   0.20194   0.69169  70.61053   0.13463   0.79446
  71.30526   0.06731   0.89723  72.00000   0.00000   1.00000
   0.00000   0.00000  -1.00000   1.05263   0.07105  -0.99737
   2.10526   0.14211  -0.99474   3.15789   0.21316  -0.99211
   4.21053   0.28421  -0.98947   5.26316   0.35526  -0.98684
   6.31579   0.42632  -0.98421   7.36842   0.49737  -0.98158
   8.42105   0.56842  -0.97895   9.47368   0.63947  -0.97632
  10.52632   0.71053  -0.97368  11.57895   0.78158  -0.97105
  12.63158   0.85263  -0.96842  13.68421   0.92368  -0.96579
  14.73684   0.99474  -0.96316  15.78947   1.06579  -0.96053
  16.84211   1.13684  -0.95789  17.89474   1.20789  -0.95526
  18.94737   1.27895  -0.95263  20.00000   1.35000  -0.95000
  22.04210   1.35000  -0.95000  24.08421   1.35000  -0.95000
  26.12632   1.35000  -0.95000  28.16842   1.35000  -0.95000
  30.21053   1.35000  -0.95000  32.25263   1.35000  -0.95000
  34.29473   1.35000  -0.95000  36.33684   1.35000  -0.95000
  38.37895   1.35000  -0.95000  40.42105   1.35000  -0.95000
  42.46316   1.35000  -0.95000  44.50526   1.35000  -0.95000
  46.54737   1.35000  -0.95000  48.58947   1.35000  -0.95000
  50.63158   1.35000  -0.95000  52.67368   1.35000  -0.95000
  54.71579   1.35000  -0.95000  56.75790   1.35000  -0.95000
  58.80000   1.35000  -0.95000  59.49474   1.27895  -0.84737
  60.18947   1.20789  -0.74474  60.88421   1.13684  -0.64211
  61.57895   1.06579  -0.53947  62.27369   0.99474  -0.43684
  62.96842   0.92368  -0.33421  63.66316   0.85263  -0.23158
  64.35789   0.78158  -0.12895  65.05264   0.71053  -0.02632
  65.74737   0.63947   0.07632  66.44211   0.56842   0.17895
  67.13684   0.49737   0.28158  67.83158   0.42632   0.38421
  68.52631   0.35526   0.48684  69.22105   0.28421   0.58947
  69.91579   0.21316   0.69211  70.61053   0.14211   0.79474
  71.30526   0.07105   0.89737  72.00000   0.00000   1.00000
$flow
1.        1.
$xyz
 500.00000
 251.27917   0.00000-216.00000 252.00061   0.00000-216.00000
 252.72206   0.00000-216.00000 253.44350   0.00000-216.00000
 254.16495   0.00000-216.00000 254.88638   0.00000-216.00000
 255.60783   0.00000-216.00000 256.32928   0.00000-216.00000
 257.05072   0.00000-216.00000 257.77216   0.00000-216.00000
 258.49359   0.00000-216.00000 259.21506   0.00000-216.00000
 259.93649   0.00000-216.00000 260.65793   0.00000-216.00000
 261.37936   0.00000-216.00000 262.10083   0.00000-216.00000
 262.82227   0.00000-216.00000 263.54370   0.00000-216.00000
 264.26514   0.00000-216.00000 264.98660   0.00000-216.00000
 265.70804   0.00000-216.00000 266.42947   0.00000-216.00000
 267.15091   0.00000-216.00000 267.87238   0.00000-216.00000
 268.59381   0.00000-216.00000 269.31525   0.00000-216.00000
 270.03668   0.00000-216.00000 270.75812   0.00000-216.00000
 271.47958   0.00000-216.00000 272.20102   0.00000-216.00000
 272.92245   0.00000-216.00000 273.64389   0.00000-216.00000
 274.36536   0.00000-216.00000 275.08679   0.00000-216.00000
 275.80823   0.00000-216.00000 276.52966   0.00000-216.00000
 277.25113   0.00000-216.00000 277.97256   0.00000-216.00000
 278.69400   0.00000-216.00000 279.41544   0.00000-216.00000
 280.13690   0.00000-216.00000 280.85834   0.00000-216.00000
 281.57977   0.00000-216.00000 282.30121   0.00000-216.00000
 283.02267   0.00000-216.00000 283.74411   0.00000-216.00000
 284.46555   0.00000-216.00000 285.18698   0.00000-216.00000
 285.90845   0.00000-216.00000 286.62988   0.00000-216.00000
 287.35132   0.00000-216.00000 288.07275   0.00000-216.00000
 288.79419   0.00000-216.00000 289.51566   0.00000-216.00000
 290.23709   0.00000-216.00000 290.95853   0.00000-216.00000
 291.67999   0.00000-216.00000 292.40143   0.00000-216.00000
 293.12286   0.00000-216.00000 293.84430   0.00000-216.00000
 294.56573   0.00000-216.00000 295.28720   0.00000-216.00000
 296.00864   0.00000-216.00000 296.73007   0.00000-216.00000
 297.45151   0.00000-216.00000 298.17297   0.00000-216.00000
 298.89441   0.00000-216.00000 299.61584   0.00000-216.00000
 300.33728   0.00000-216.00000 301.05875   0.00000-216.00000
 301.78018   0.00000-216.00000 302.50162   0.00000-216.00000
 303.22305   0.00000-216.00000 303.94452   0.00000-216.00000
 304.66595   0.00000-216.00000 305.38739   0.00000-216.00000
 306.10883   0.00000-216.00000 306.83026   0.00000-216.00000
 307.55173   0.00000-216.00000 308.27316   0.00000-216.00000
 308.99460   0.00000-216.00000 309.71606   0.00000-216.00000
 310.43750   0.00000-216.00000 311.15894   0.00000-216.00000
 311.88037   0.00000-216.00000 312.60181   0.00000-216.00000
 313.32327   0.00000-216.00000 314.04471   0.00000-216.00000
 314.76614   0.00000-216.00000 315.48761   0.00000-216.00000
 316.20905   0.00000-216.00000 316.93048   0.00000-216.00000
 317.65192   0.00000-216.00000 318.37335   0.00000-216.00000
 319.09479   0.00000-216.00000 319.81625   0.00000-216.00000
 320.53769   0.00000-216.00000 321.25912   0.00000-216.00000
 321.98059   0.00000-216.00000 322.70203   0.00000-216.00000
 323.42346   0.00000-216.00000 324.14490   0.00000-216.00000
 324.86633   0.00000-216.00000 325.58780   0.00000-216.00000
 326.30923   0.00000-216.00000 327.03067   0.00000-216.00000
 327.75214   0.00000-216.00000 328.47357   0.00000-216.00000
 329.19501   0.00000-216.00000 329.91644   0.00000-216.00000
 330.63788   0.00000-216.00000 331.35934   0.00000-216.00000
 332.08078   0.00000-216.00000 332.80222   0.00000-216.00000
 333.52368   0.00000-216.00000 334.24512   0.00000-216.00000
 334.96655   0.00000-216.00000 335.68799   0.00000-216.00000
 336.40942   0.00000-216.00000 337.13086   0.00000-216.00000
 337.85233   0.00000-216.00000 338.57376   0.00000-216.00000
 339.29520   0.00000-216.00000 340.01666   0.00000-216.00000
 340.73810   0.00000-216.00000 341.45953   0.00000-216.00000
 342.18097   0.00000-216.00000 342.90240   0.00000-216.00000
 343.62387   0.00000-216.00000 344.34531   0.00000-216.00000
 345.06674   0.00000-216.00000 345.78821   0.00000-216.00000
 346.50964   0.00000-216.00000 347.23108   0.00000-216.00000
 347.95251   0.00000-216.00000 348.67395   0.00000-216.00000
 349.39542   0.00000-216.00000 350.11685   0.00000-216.00000
 350.83829   0.00000-216.00000 351.55975   0.00000-216.00000
 352.28119   0.00000-216.00000 353.00262   0.00000-216.00000
 353.72406   0.00000-216.00000 354.44550   0.00000-216.00000
 355.16693   0.00000-216.00000 355.88840   0.00000-216.00000
 356.60983   0.00000-216.00000 357.33127   0.00000-216.00000
 358.05273   0.00000-216.00000 358.77417   0.00000-216.00000
 359.49561   0.00000-216.00000 360.21704   0.00000-216.00000
 360.93848   0.00000-216.00000 361.65994   0.00000-216.00000
 362.38138   0.00000-216.00000 363.10281   0.00000-216.00000
 363.82428   0.00000-216.00000 364.54572   0.00000-216.00000
 365.26715   0.00000-216.00000 365.98859   0.00000-216.00000
 366.71002   0.00000-216.00000 367.43149   0.00000-216.00000
 368.15292   0.00000-216.00000 368.87436   0.00000-216.00000
 369.59583   0.00000-216.00000 370.31726   0.00000-216.00000
 371.03870   0.00000-216.00000 371.76013   0.00000-216.00000
 372.48157   0.00000-216.00000 373.20300   0.00000-216.00000
 373.92447   0.00000-216.00000 374.64590   0.00000-216.00000
 375.36734   0.00000-216.00000 376.08881   0.00000-216.00000
 376.81024   0.00000-216.00000 377.53168   0.00000-216.00000
 378.25311   0.00000-216.00000 378.97455   0.00000-216.00000
 379.69601   0.00000-216.00000 380.41745   0.00000-216.00000
 381.13889   0.00000-216.00000 381.86035   0.00000-216.00000
 382.58179   0.00000-216.00000 383.30322   0.00000-216.00000
 384.02466   0.00000-216.00000 384.74609   0.00000-216.00000
 385.46753   0.00000-216.00000 386.18900   0.00000-216.00000
 386.91043   0.00000-216.00000 387.63190   0.00000-216.00000
 388.35333   0.00000-216.00000 389.07477   0.00000-216.00000
 389.79620   0.00000-216.00000 390.51764   0.00000-216.00000
 391.23907   0.00000-216.00000 391.96054   0.00000-216.00000
 392.68198   0.00000-216.00000 393.40344   0.00000-216.00000
 394.12488   0.00000-216.00000 394.84631   0.00000-216.00000
 395.56775   0.00000-216.00000 396.28918   0.00000-216.00000
 397.01062   0.00000-216.00000 397.73209   0.00000-216.00000
 398.45352   0.00000-216.00000 399.17496   0.00000-216.00000
 399.89642   0.00000-216.00000 400.61786   0.00000-216.00000
 401.33929   0.00000-216.00000 402.06073   0.00000-216.00000
 402.78217   0.00000-216.00000 403.50360   0.00000-216.00000
 404.22507   0.00000-216.00000 404.94650   0.00000-216.00000
 405.66797   0.00000-216.00000 406.38940   0.00000-216.00000
 407.11084   0.00000-216.00000 407.83228   0.00000-216.00000
 408.55371   0.00000-216.00000 409.27515   0.00000-216.00000
 409.99661   0.00000-216.00000 410.71805   0.00000-216.00000
 411.43951   0.00000-216.00000 412.16095   0.00000-216.00000
 412.88239   0.00000-216.00000 413.60382   0.00000-216.00000
 414.32526   0.00000-216.00000 415.04669   0.00000-216.00000
 415.76816   0.00000-216.00000 416.48959   0.00000-216.00000
 417.21106   0.00000-216.00000 417.93250   0.00000-216.00000
 418.65393   0.00000-216.00000 419.37537   0.00000-216.00000
 420.09680   0.00000-216.00000 420.81824   0.00000-216.00000
 421.53967   0.00000-216.00000 422.26114   0.00000-216.00000
 422.98257   0.00000-216.00000 423.70404   0.00000-216.00000
 424.42548   0.00000-216.00000 425.14691   0.00000-216.00000
 425.86835   0.00000-216.00000 426.58978   0.00000-216.00000
 427.31122   0.00000-216.00000 428.03268   0.00000-216.00000
 428.75412   0.00000-216.00000 429.47559   0.00000-216.00000
 430.19702   0.00000-216.00000 430.91846   0.00000-216.00000
 431.63989   0.00000-216.00000 432.36133   0.00000-216.00000
 433.08276   0.00000-216.00000 433.80423   0.00000-216.00000
 434.52567   0.00000-216.00000 435.24713   0.00000-216.00000
 435.96857   0.00000-216.00000 436.69000   0.00000-216.00000
 437.41144   0.00000-216.00000 438.13287   0.00000-216.00000
 438.85431   0.00000-216.00000 439.57574   0.00000-216.00000
 440.29721   0.00000-216.00000 441.01865   0.00000-216.00000
 441.74011   0.00000-216.00000 442.46155   0.00000-216.00000
 443.18298   0.00000-216.00000 443.90442   0.00000-216.00000
 444.62585   0.00000-216.00000 445.34729   0.00000-216.00000
 446.06876   0.00000-216.00000 446.79019   0.00000-216.00000
 447.51166   0.00000-216.00000 448.23309   0.00000-216.00000
 448.95453   0.00000-216.00000 449.67596   0.00000-216.00000
 450.39740   0.00000-216.00000 451.11884   0.00000-216.00000
 451.84030   0.00000-216.00000 452.56174   0.00000-216.00000
 453.28320   0.00000-216.00000 454.00464   0.00000-216.00000
 454.72607   0.00000-216.00000 455.44751   0.00000-216.00000
 456.16895   0.00000-216.00000 456.89038   0.00000-216.00000
 457.61182   0.00000-216.00000 458.33328   0.00000-216.00000
 459.05472   0.00000-216.00000 459.77618   0.00000-216.00000
 460.49762   0.00000-216.00000 461.21906   0.00000-216.00000
 461.94049   0.00000-216.00000 462.66193   0.00000-216.00000
 463.38336   0.00000-216.00000 464.10483   0.00000-216.00000
 464.82626   0.00000-216.00000 465.54773   0.00000-216.00000
 466.26917   0.00000-216.00000 466.99060   0.00000-216.00000
 467.71204   0.00000-216.00000 468.43347   0.00000-216.00000
 469.15491   0.00000-216.00000 469.87637   0.00000-216.00000
 470.59781   0.00000-216.00000 471.31927   0.00000-216.00000
 472.04071   0.00000-216.00000 472.76215   0.00000-216.00000
 473.48358   0.00000-216.00000 474.20502   0.00000-216.00000
 474.92645   0.00000-216.00000 475.64789   0.00000-216.00000
 476.36935   0.00000-216.00000 477.09079   0.00000-216.00000
 477.81226   0.00000-216.00000 478.53369   0.00000-216.00000
 479.25513   0.00000-216.00000 479.97656   0.00000-216.00000
 480.69800   0.00000-216.00000 481.41943   0.00000-216.00000
 482.14090   0.00000-216.00000 482.86234   0.00000-216.00000
 483.58380   0.00000-216.00000 484.30524   0.00000-216.00000
 485.02667   0.00000-216.00000 485.74811   0.00000-216.00000
 486.46954   0.00000-216.00000 487.19098   0.00000-216.00000
 487.91245   0.00000-216.00000 488.63388   0.00000-216.00000
 489.35535   0.00000-216.00000 490.07678   0.00000-216.00000
 490.79822   0.00000-216.00000 491.51965   0.00000-216.00000
 492.24109   0.00000-216.00000 492.96252   0.00000-216.00000
 493.68396   0.00000-216.00000 494.40543   0.00000-216.00000
 495.12686   0.00000-216.00000 495.84833   0.00000-216.00000
 496.56976   0.00000-216.00000 497.29120   0.00000-216.00000
 498.01263   0.00000-216.00000 498.73407   0.00000-216.00000
 499.45551   0.00000-216.00000 500.17697   0.00000-216.00000
 500.89841   0.00000-216.00000 501.61987   0.00000-216.00000
 502.34131   0.00000-216.00000 503.06274   0.00000-216.00000
 503.78418   0.00000-216.00000 504.50562   0.00000-216.00000
 505.22705   0.00000-216.00000 505.94852   0.00000-216.00000
 506.66995   0.00000-216.00000 507.39139   0.00000-216.00000
 508.11285   0.00000-216.00000 508.83429   0.00000-216.00000
 509.55573   0.00000-216.00000 510.27716   0.00000-216.00000
 510.99860   0.00000-216.00000 511.72006   0.00000-216.00000
 512.44153   0.00000-216.00000 513.16296   0.00000-216.00000
 513.88440   0.00000-216.00000 514.60583   0.00000-216.00000
 515.32727   0.00000-216.00000 516.04871   0.00000-216.00000
 516.77014   0.00000-216.00000 517.49158   0.00000-216.00000
 518.21301   0.00000-216.00000 518.93445   0.00000-216.00000
 519.65588   0.00000-216.00000 520.37738   0.00000-216.00000
 521.09882   0.00000-216.00000 521.82025   0.00000-216.00000
 522.54169   0.00000-216.00000 523.26318   0.00000-216.00000
 523.98462   0.00000-216.00000 524.70605   0.00000-216.00000
 525.42749   0.00000-216.00000 526.14893   0.00000-216.00000
 526.87036   0.00000-216.00000 527.59180   0.00000-216.00000
 528.31323   0.00000-216.00000 529.03467   0.00000-216.00000
 529.75610   0.00000-216.00000 530.47754   0.00000-216.00000
 531.19897   0.00000-216.00000 531.92041   0.00000-216.00000
 532.64191   0.00000-216.00000 533.36334   0.00000-216.00000
 534.08478   0.00000-216.00000 534.80621   0.00000-216.00000
 535.52771   0.00000-216.00000 536.24915   0.00000-216.00000
 536.97058   0.00000-216.00000 537.69202   0.00000-216.00000
 538.41345   0.00000-216.00000 539.13489   0.00000-216.00000
 539.85632   0.00000-216.00000 540.57776   0.00000-216.00000
 541.29919   0.00000-216.00000 542.02063   0.00000-216.00000
 542.74207   0.00000-216.00000 543.46350   0.00000-216.00000
 544.18500   0.00000-216.00000 544.90643   0.00000-216.00000
 545.62787   0.00000-216.00000 546.34930   0.00000-216.00000
 547.07074   0.00000-216.00000 547.79224   0.00000-216.00000
 548.51367   0.00000-216.00000 549.23511   0.00000-216.00000
 549.95654   0.00000-216.00000 550.67798   0.00000-216.00000
 551.39941   0.00000-216.00000 552.12085   0.00000-216.00000
 552.84229   0.00000-216.00000 553.56372   0.00000-216.00000
 554.28516   0.00000-216.00000 555.00659   0.00000-216.00000
 555.72803   0.00000-216.00000 556.44952   0.00000-216.00000
 557.17096   0.00000-216.00000 557.89240   0.00000-216.00000
 558.61383   0.00000-216.00000 559.33533   0.00000-216.00000
 560.05676   0.00000-216.00000 560.77820   0.00000-216.00000
 561.49963   0.00000-216.00000 562.22107   0.00000-216.00000
 562.94250   0.00000-216.00000 563.66394   0.00000-216.00000
 564.38538   0.00000-216.00000 565.10681   0.00000-216.00000
 565.82825   0.00000-216.00000 566.54968   0.00000-216.00000
 567.27112   0.00000-216.00000 567.99255   0.00000-216.00000
 568.71405   0.00000-216.00000 569.43549   0.00000-216.00000
 570.15692   0.00000-216.00000 570.87836   0.00000-216.00000
 571.59985   0.00000-216.00000 572.32129   0.00000-216.00000
 573.04272   0.00000-216.00000 573.76416   0.00000-216.00000
 574.48560   0.00000-216.00000 575.20703   0.00000-216.00000
 575.92847   0.00000-216.00000 576.64990   0.00000-216.00000
 577.37134   0.00000-216.00000 578.09277   0.00000-216.00000
 578.81421   0.00000-216.00000 579.53564   0.00000-216.00000
 580.25714   0.00000-216.00000 580.97858   0.00000-216.00000
 581.70001   0.00000-216.00000 582.42145   0.00000-216.00000
 583.14294   0.00000-216.00000 583.86438   0.00000-216.00000
 584.58582   0.00000-216.00000 585.30725   0.00000-216.00000
 586.02869   0.00000-216.00000 586.75012   0.00000-216.00000
 587.47156   0.00000-216.00000 588.19299   0.00000-216.00000
 588.91443   0.00000-216.00000 589.63586   0.00000-216.00000
 590.35730   0.00000-216.00000 591.07874   0.00000-216.00000
 591.80017   0.00000-216.00000 592.52167   0.00000-216.00000
 593.24310   0.00000-216.00000 593.96454   0.00000-216.00000
 594.68597   0.00000-216.00000 595.40747   0.00000-216.00000
 596.12891   0.00000-216.00000 596.85034   0.00000-216.00000
 597.57178   0.00000-216.00000 598.29321   0.00000-216.00000
 599.01465   0.00000-216.00000 599.73608   0.00000-216.00000
 600.45752   0.00000-216.00000 601.17896   0.00000-216.00000
 601.90039   0.00000-216.00000 602.62183   0.00000-216.00000
 603.34326   0.00000-216.00000 604.06470   0.00000-216.00000
 604.78619   0.00000-216.00000 605.50763   0.00000-216.00000
 606.22906   0.00000-216.00000 606.95050   0.00000-216.00000
 607.67200   0.00000-216.00000 608.39343   0.00000-216.00000
 609.11487   0.00000-216.00000 609.83630   0.00000-216.00000
 610.55774   0.00000-216.00000 611.27917   0.00000-216.00000
$end of a502 inputs
