(f5.0,4f13.4)
$title 2Ma_AOA0                                                                
$title Created by PANIN                                                        
$      second order pressures at grid points
*dupt
*dup
n01c001
 irow            x            y            z          cp1
    1  0.00000E+00  0.00000E+00 -1.00000E+00 -1.71244E-02
    2  1.05263E+00  0.00000E+00 -8.94740E-01 -1.71351E-02
    3  2.10526E+00  0.00000E+00 -7.89470E-01 -1.71391E-02
    4  3.15789E+00  0.00000E+00 -6.84210E-01 -1.71450E-02
    5  4.21053E+00  0.00000E+00 -5.78950E-01 -1.71456E-02
    6  5.26316E+00  0.00000E+00 -4.73680E-01 -1.71304E-02
    7  6.31579E+00  0.00000E+00 -3.68420E-01 -1.71256E-02
    8  7.36842E+00  0.00000E+00 -2.63160E-01 -1.71248E-02
    9  8.42105E+00  0.00000E+00 -1.57890E-01 -1.71373E-02
   10  9.47368E+00  0.00000E+00 -5.26300E-02 -1.71403E-02
   11  1.05263E+01  0.00000E+00  5.26300E-02 -1.71389E-02
   12  1.15790E+01  0.00000E+00  1.57890E-01 -1.71382E-02
   13  1.26316E+01  0.00000E+00  2.63160E-01 -1.71270E-02
   14  1.36842E+01  0.00000E+00  3.68420E-01 -1.71329E-02
   15  1.47368E+01  0.00000E+00  4.73680E-01 -1.71434E-02
   16  1.57895E+01  0.00000E+00  5.78950E-01 -1.71594E-02
   17  1.68421E+01  0.00000E+00  6.84210E-01 -1.62336E-02
   18  1.78947E+01  0.00000E+00  7.89470E-01 -2.38660E-02
   19  1.89474E+01  0.00000E+00  8.94740E-01 -3.85657E-02
   20  2.00000E+01  0.00000E+00  1.00000E+00  5.68636E-02
   21  2.20421E+01  0.00000E+00  1.00000E+00  3.02389E-01
   22  2.40842E+01  0.00000E+00  1.00000E+00  2.81448E-01
   23  2.61263E+01  0.00000E+00  1.00000E+00 -5.56245E-03
   24  2.81684E+01  0.00000E+00  1.00000E+00 -1.87436E-01
   25  3.02105E+01  0.00000E+00  1.00000E+00 -1.00952E-01
   26  3.22526E+01  0.00000E+00  1.00000E+00  1.27125E-01
   27  3.42947E+01  0.00000E+00  1.00000E+00  2.36339E-01
   28  3.63368E+01  0.00000E+00  1.00000E+00  8.86561E-02
   29  3.83790E+01  0.00000E+00  1.00000E+00 -1.02625E-01
   30  4.04211E+01  0.00000E+00  1.00000E+00 -1.27242E-01
   31  4.24632E+01  0.00000E+00  1.00000E+00  8.92660E-03
   32  4.45053E+01  0.00000E+00  1.00000E+00  1.48104E-01
   33  4.65474E+01  0.00000E+00  1.00000E+00  1.21681E-01
   34  4.85895E+01  0.00000E+00  1.00000E+00 -1.74364E-02
   35  5.06316E+01  0.00000E+00  1.00000E+00 -1.00143E-01
   36  5.26737E+01  0.00000E+00  1.00000E+00 -4.76685E-02
   37  5.47158E+01  0.00000E+00  1.00000E+00  6.90677E-02
   38  5.67579E+01  0.00000E+00  1.00000E+00  1.04467E-01
   39  5.88000E+01  0.00000E+00  1.00000E+00  2.39009E-02
   40  5.94947E+01  0.00000E+00  1.00000E+00 -9.30121E-03
   41  6.01895E+01  0.00000E+00  1.00000E+00  4.14318E-02
   42  6.08842E+01  0.00000E+00  1.00000E+00  1.49035E-01
   43  6.15789E+01  0.00000E+00  1.00000E+00  1.13482E-01
   44  6.22737E+01  0.00000E+00  1.00000E+00 -3.88627E-02
   45  6.29684E+01  0.00000E+00  1.00000E+00 -1.13006E-01
   46  6.36632E+01  0.00000E+00  1.00000E+00 -3.48633E-02
   47  6.43579E+01  0.00000E+00  1.00000E+00 -5.97319E-02
   48  6.50526E+01  0.00000E+00  1.00000E+00 -1.97977E-01
   49  6.57474E+01  0.00000E+00  1.00000E+00 -3.52066E-02
   50  6.64421E+01  0.00000E+00  1.00000E+00  1.22627E-01
   51  6.71368E+01  0.00000E+00  1.00000E+00  1.66823E-01
   52  6.78316E+01  0.00000E+00  1.00000E+00  6.48665E-04
   53  6.85263E+01  0.00000E+00  1.00000E+00 -2.81898E-01
   54  6.92211E+01  0.00000E+00  1.00000E+00 -8.93095E-02
   55  6.99158E+01  0.00000E+00  1.00000E+00  1.21663E-01
   56  7.06105E+01  0.00000E+00  1.00000E+00 -1.06074E+01
   57  7.13053E+01  0.00000E+00  1.00000E+00  1.53115E+01
   58  7.20000E+01  0.00000E+00  1.00000E+00  6.52910E+01
*eof
n01c002
    1  0.00000E+00  0.00000E+00 -1.00000E+00 -1.71249E-02
    2  1.05263E+00  3.74000E-03 -8.94880E-01 -1.71363E-02
    3  2.10526E+00  7.48000E-03 -7.89750E-01 -1.71397E-02
    4  3.15789E+00  1.12200E-02 -6.84630E-01 -1.71457E-02
    5  4.21053E+00  1.49600E-02 -5.79500E-01 -1.71446E-02
    6  5.26316E+00  1.87000E-02 -4.74380E-01 -1.71333E-02
    7  6.31579E+00  2.24400E-02 -3.69250E-01 -1.71284E-02
    8  7.36842E+00  2.61800E-02 -2.64130E-01 -1.71282E-02
    9  8.42105E+00  2.99200E-02 -1.59000E-01 -1.71380E-02
   10  9.47368E+00  3.36600E-02 -5.38800E-02 -1.71421E-02
   11  1.05263E+01  3.74000E-02  5.12500E-02 -1.71424E-02
   12  1.15790E+01  4.11400E-02  1.56370E-01 -1.71372E-02
   13  1.26316E+01  4.48800E-02  2.61500E-01 -1.71289E-02
   14  1.36842E+01  4.86100E-02  3.66620E-01 -1.71361E-02
   15  1.47368E+01  5.23500E-02  4.71750E-01 -1.71490E-02
   16  1.57895E+01  5.60900E-02  5.76870E-01 -1.71594E-02
   17  1.68421E+01  5.98300E-02  6.81990E-01 -1.67551E-02
   18  1.78947E+01  6.35700E-02  7.87120E-01 -2.11604E-02
   19  1.89474E+01  6.73100E-02  8.92240E-01 -2.26984E-02
   20  2.00000E+01  7.10500E-02  9.97370E-01  6.21429E-02
   21  2.20421E+01  7.10500E-02  9.97370E-01  2.55701E-01
   22  2.40842E+01  7.10500E-02  9.97370E-01  2.38191E-01
   23  2.61263E+01  7.10500E-02  9.97370E-01  9.75398E-03
   24  2.81684E+01  7.10500E-02  9.97370E-01 -1.41686E-01
   25  3.02105E+01  7.10500E-02  9.97370E-01 -7.58916E-02
   26  3.22526E+01  7.10500E-02  9.97370E-01  1.06978E-01
   27  3.42947E+01  7.10500E-02  9.97370E-01  1.94597E-01
   28  3.63368E+01  7.10500E-02  9.97370E-01  7.94783E-02
   29  3.83790E+01  7.10500E-02  9.97370E-01 -7.54933E-02
   30  4.04211E+01  7.10500E-02  9.97370E-01 -9.90807E-02
   31  4.24632E+01  7.10500E-02  9.97370E-01  9.46970E-03
   32  4.45053E+01  7.10500E-02  9.97370E-01  1.21116E-01
   33  4.65474E+01  7.10500E-02  9.97370E-01  1.02133E-01
   34  4.85895E+01  7.10500E-02  9.97370E-01 -8.93177E-03
   35  5.06316E+01  7.10500E-02  9.97370E-01 -7.72850E-02
   36  5.26737E+01  7.10500E-02  9.97370E-01 -3.67316E-02
   37  5.47158E+01  7.10500E-02  9.97370E-01  5.61505E-02
   38  5.67579E+01  7.10500E-02  9.97370E-01  8.55267E-02
   39  5.88000E+01  7.10500E-02  9.97370E-01  2.60651E-02
   40  5.94947E+01  6.73100E-02  9.97510E-01  3.26030E-03
   41  6.01895E+01  6.35700E-02  9.97650E-01  4.68261E-02
   42  6.08842E+01  5.98300E-02  9.97780E-01  1.26471E-01
   43  6.15789E+01  5.60900E-02  9.97920E-01  9.56095E-02
   44  6.22737E+01  5.23500E-02  9.98060E-01 -2.74423E-02
   45  6.29684E+01  4.86100E-02  9.98200E-01 -9.19246E-02
   46  6.36632E+01  4.48800E-02  9.98340E-01 -4.92167E-02
   47  6.43579E+01  4.11400E-02  9.98480E-01 -6.90821E-02
   48  6.50526E+01  3.74000E-02  9.98610E-01 -1.57216E-01
   49  6.57474E+01  3.36600E-02  9.98750E-01 -3.43014E-02
   50  6.64421E+01  2.99200E-02  9.98890E-01  9.67329E-02
   51  6.71368E+01  2.61800E-02  9.99030E-01  1.24219E-01
   52  6.78316E+01  2.24400E-02  9.99170E-01 -5.58156E-03
   53  6.85263E+01  1.87000E-02  9.99310E-01 -2.16498E-01
   54  6.92211E+01  1.49600E-02  9.99450E-01 -9.08749E-02
   55  6.99158E+01  1.12200E-02  9.99580E-01  8.44173E-02
   56  7.06105E+01  7.48000E-03  9.99720E-01 -3.78687E+00
   57  7.13053E+01  3.74000E-03  9.99860E-01  1.78668E+01
   58  7.20000E+01  0.00000E+00  1.00000E+00  6.51675E+01
*eof
n01c003
    1  0.00000E+00  0.00000E+00 -1.00000E+00 -1.71300E-02
    2  1.05263E+00  7.48000E-03 -8.95010E-01 -1.71421E-02
    3  2.10526E+00  1.49600E-02 -7.90030E-01 -1.71448E-02
    4  3.15789E+00  2.24400E-02 -6.85040E-01 -1.71515E-02
    5  4.21053E+00  2.99200E-02 -5.80060E-01 -1.71497E-02
    6  5.26316E+00  3.74000E-02 -4.75070E-01 -1.71371E-02
    7  6.31579E+00  4.48800E-02 -3.70080E-01 -1.71327E-02
    8  7.36842E+00  5.23500E-02 -2.65100E-01 -1.71321E-02
    9  8.42105E+00  5.98300E-02 -1.60110E-01 -1.71445E-02
   10  9.47368E+00  6.73100E-02 -5.51200E-02 -1.71524E-02
   11  1.05263E+01  7.47900E-02  4.98600E-02 -1.71512E-02
   12  1.15790E+01  8.22700E-02  1.54850E-01 -1.71367E-02
   13  1.26316E+01  8.97500E-02  2.59830E-01 -1.71279E-02
   14  1.36842E+01  9.72300E-02  3.64820E-01 -1.71399E-02
   15  1.47368E+01  1.04710E-01  4.69810E-01 -1.71563E-02
   16  1.57895E+01  1.12190E-01  5.74790E-01 -1.71648E-02
   17  1.68421E+01  1.19670E-01  6.79780E-01 -1.65710E-02
   18  1.78947E+01  1.27150E-01  7.84760E-01 -2.21045E-02
   19  1.89474E+01  1.34630E-01  8.89750E-01 -2.79811E-02
   20  2.00000E+01  1.42110E-01  9.94740E-01  6.15423E-02
   21  2.20421E+01  1.42110E-01  9.94740E-01  2.69768E-01
   22  2.40842E+01  1.42110E-01  9.94740E-01  2.52539E-01
   23  2.61263E+01  1.42110E-01  9.94740E-01  5.46634E-03
   24  2.81684E+01  1.42110E-01  9.94740E-01 -1.56806E-01
   25  3.02105E+01  1.42110E-01  9.94740E-01 -8.42941E-02
   26  3.22526E+01  1.42110E-01  9.94740E-01  1.13363E-01
   27  3.42947E+01  1.42110E-01  9.94740E-01  2.08245E-01
   28  3.63368E+01  1.42110E-01  9.94740E-01  8.25997E-02
   29  3.83790E+01  1.42110E-01  9.94740E-01 -8.42851E-02
   30  4.04211E+01  1.42110E-01  9.94740E-01 -1.08509E-01
   31  4.24632E+01  1.42110E-01  9.94740E-01  8.97938E-03
   32  4.45053E+01  1.42110E-01  9.94740E-01  1.29814E-01
   33  4.65474E+01  1.42110E-01  9.94740E-01  1.08577E-01
   34  4.85895E+01  1.42110E-01  9.94740E-01 -1.16815E-02
   35  5.06316E+01  1.42110E-01  9.94740E-01 -8.48537E-02
   36  5.26737E+01  1.42110E-01  9.94740E-01 -4.05686E-02
   37  5.47158E+01  1.42110E-01  9.94740E-01  6.00866E-02
   38  5.67579E+01  1.42110E-01  9.94740E-01  9.15260E-02
   39  5.88000E+01  1.42110E-01  9.94740E-01  2.62812E-02
   40  5.94947E+01  1.34630E-01  9.95010E-01 -8.42759E-04
   41  6.01895E+01  1.27150E-01  9.95290E-01  4.49013E-02
   42  6.08842E+01  1.19670E-01  9.95570E-01  1.34530E-01
   43  6.15789E+01  1.12190E-01  9.95840E-01  1.01792E-01
   44  6.22737E+01  1.04710E-01  9.96120E-01 -3.06954E-02
   45  6.29684E+01  9.72300E-02  9.96400E-01 -9.73332E-02
   46  6.36632E+01  8.97500E-02  9.96680E-01 -4.89204E-02
   47  6.43579E+01  8.22700E-02  9.96950E-01 -7.00652E-02
   48  6.50526E+01  7.47900E-02  9.97230E-01 -1.68461E-01
   49  6.57474E+01  6.73100E-02  9.97510E-01 -3.22961E-02
   50  6.64421E+01  5.98300E-02  9.97780E-01  1.01785E-01
   51  6.71368E+01  5.23500E-02  9.98060E-01  1.29415E-01
   52  6.78316E+01  4.48800E-02  9.98340E-01 -3.70187E-03
   53  6.85263E+01  3.74000E-02  9.98610E-01 -2.38001E-01
   54  6.92211E+01  2.99200E-02  9.98890E-01 -9.81095E-02
   55  6.99158E+01  2.24400E-02  9.99170E-01  9.35723E-02
   56  7.06105E+01  1.49600E-02  9.99450E-01 -5.35907E+00
   57  7.13053E+01  7.48000E-03  9.99720E-01  1.61348E+01
   58  7.20000E+01  0.00000E+00  1.00000E+00  6.46899E+01
*eof
n01c004
    1  0.00000E+00  0.00000E+00 -1.00000E+00 -1.71430E-02
    2  1.05263E+00  1.12200E-02 -8.95150E-01 -1.71551E-02
    3  2.10526E+00  2.24400E-02 -7.90300E-01 -1.71583E-02
    4  3.15789E+00  3.36600E-02 -6.85460E-01 -1.71649E-02
    5  4.21053E+00  4.48800E-02 -5.80610E-01 -1.71618E-02
    6  5.26316E+00  5.60900E-02 -4.75760E-01 -1.71491E-02
    7  6.31579E+00  6.73100E-02 -3.70910E-01 -1.71453E-02
    8  7.36842E+00  7.85300E-02 -2.66070E-01 -1.71447E-02
    9  8.42105E+00  8.97500E-02 -1.61220E-01 -1.71589E-02
   10  9.47368E+00  1.00970E-01 -5.63700E-02 -1.71696E-02
   11  1.05263E+01  1.12190E-01  4.84800E-02 -1.71664E-02
   12  1.15790E+01  1.23410E-01  1.53320E-01 -1.71442E-02
   13  1.26316E+01  1.34630E-01  2.58170E-01 -1.71357E-02
   14  1.36842E+01  1.45840E-01  3.63020E-01 -1.71510E-02
   15  1.47368E+01  1.57060E-01  4.67870E-01 -1.71701E-02
   16  1.57895E+01  1.68280E-01  5.72710E-01 -1.71757E-02
   17  1.68421E+01  1.79500E-01  6.77560E-01 -1.65930E-02
   18  1.78947E+01  1.90720E-01  7.82410E-01 -2.21845E-02
   19  1.89474E+01  2.01940E-01  8.87260E-01 -2.75757E-02
   20  2.00000E+01  2.13160E-01  9.92110E-01  6.20251E-02
   21  2.20421E+01  2.13160E-01  9.92110E-01  2.68630E-01
   22  2.40842E+01  2.13160E-01  9.92110E-01  2.52305E-01
   23  2.61263E+01  2.13160E-01  9.92110E-01  6.28273E-03
   24  2.81684E+01  2.13160E-01  9.92110E-01 -1.56268E-01
   25  3.02105E+01  2.13160E-01  9.92110E-01 -8.39965E-02
   26  3.22526E+01  2.13160E-01  9.92110E-01  1.12850E-01
   27  3.42947E+01  2.13160E-01  9.92110E-01  2.07445E-01
   28  3.63368E+01  2.13160E-01  9.92110E-01  8.24490E-02
   29  3.83790E+01  2.13160E-01  9.92110E-01 -8.37194E-02
   30  4.04211E+01  2.13160E-01  9.92110E-01 -1.08257E-01
   31  4.24632E+01  2.13160E-01  9.92110E-01  8.63179E-03
   32  4.45053E+01  2.13160E-01  9.92110E-01  1.29168E-01
   33  4.65474E+01  2.13160E-01  9.92110E-01  1.08225E-01
   34  4.85895E+01  2.13160E-01  9.92110E-01 -1.15781E-02
   35  5.06316E+01  2.13160E-01  9.92110E-01 -8.45695E-02
   36  5.26737E+01  2.13160E-01  9.92110E-01 -4.06897E-02
   37  5.47158E+01  2.13160E-01  9.92110E-01  5.94750E-02
   38  5.67579E+01  2.13160E-01  9.92110E-01  9.12311E-02
   39  5.88000E+01  2.13160E-01  9.92110E-01  2.69830E-02
   40  5.94947E+01  2.01940E-01  9.92520E-01 -4.63968E-05
   41  6.01895E+01  1.90720E-01  9.92940E-01  4.53806E-02
   42  6.08842E+01  1.79500E-01  9.93350E-01  1.33040E-01
   43  6.15789E+01  1.68280E-01  9.93770E-01  1.00448E-01
   44  6.22737E+01  1.57060E-01  9.94180E-01 -2.88930E-02
   45  6.29684E+01  1.45840E-01  9.94600E-01 -9.49208E-02
   46  6.36632E+01  1.34630E-01  9.95010E-01 -5.38720E-02
   47  6.43579E+01  1.23410E-01  9.95430E-01 -7.73989E-02
   48  6.50526E+01  1.12190E-01  9.95840E-01 -1.66560E-01
   49  6.57474E+01  1.00970E-01  9.96260E-01 -2.70153E-02
   50  6.64421E+01  8.97500E-02  9.96680E-01  1.01566E-01
   51  6.71368E+01  7.85300E-02  9.97090E-01  1.24246E-01
   52  6.78316E+01  6.73100E-02  9.97510E-01 -6.44688E-03
   53  6.85263E+01  5.60900E-02  9.97920E-01 -2.39464E-01
   54  6.92211E+01  4.48800E-02  9.98340E-01 -1.02720E-01
   55  6.99158E+01  3.36600E-02  9.98750E-01  8.22367E-02
   56  7.06105E+01  2.24400E-02  9.99170E-01 -5.31176E+00
   57  7.13053E+01  1.12200E-02  9.99580E-01  1.58705E+01
   58  7.20000E+01  0.00000E+00  1.00000E+00  6.37507E+01
*eof
n01c005
    1  0.00000E+00  0.00000E+00 -1.00000E+00 -1.71643E-02
    2  1.05263E+00  1.49600E-02 -8.95290E-01 -1.71766E-02
    3  2.10526E+00  2.99200E-02 -7.90580E-01 -1.71796E-02
    4  3.15789E+00  4.48800E-02 -6.85870E-01 -1.71850E-02
    5  4.21053E+00  5.98300E-02 -5.81160E-01 -1.71826E-02
    6  5.26316E+00  7.47900E-02 -4.76450E-01 -1.71706E-02
    7  6.31579E+00  8.97500E-02 -3.71750E-01 -1.71655E-02
    8  7.36842E+00  1.04710E-01 -2.67040E-01 -1.71650E-02
    9  8.42105E+00  1.19670E-01 -1.62330E-01 -1.71799E-02
   10  9.47368E+00  1.34630E-01 -5.76200E-02 -1.71895E-02
   11  1.05263E+01  1.49580E-01  4.70900E-02 -1.71888E-02
   12  1.15790E+01  1.64540E-01  1.51800E-01 -1.71673E-02
   13  1.26316E+01  1.79500E-01  2.56510E-01 -1.71556E-02
   14  1.36842E+01  1.94460E-01  3.61220E-01 -1.71738E-02
   15  1.47368E+01  2.09420E-01  4.65930E-01 -1.71982E-02
   16  1.57895E+01  2.24380E-01  5.70640E-01 -1.71981E-02
   17  1.68421E+01  2.39340E-01  6.75350E-01 -1.66227E-02
   18  1.78947E+01  2.54290E-01  7.80060E-01 -2.22668E-02
   19  1.89474E+01  2.69250E-01  8.84760E-01 -2.70865E-02
   20  2.00000E+01  2.84210E-01  9.89470E-01  6.27898E-02
   21  2.20421E+01  2.84210E-01  9.89470E-01  2.67519E-01
   22  2.40842E+01  2.84210E-01  9.89470E-01  2.51923E-01
   23  2.61263E+01  2.84210E-01  9.89470E-01  7.06848E-03
   24  2.81684E+01  2.84210E-01  9.89470E-01 -1.55497E-01
   25  3.02105E+01  2.84210E-01  9.89470E-01 -8.35763E-02
   26  3.22526E+01  2.84210E-01  9.89470E-01  1.12099E-01
   27  3.42947E+01  2.84210E-01  9.89470E-01  2.06284E-01
   28  3.63368E+01  2.84210E-01  9.89470E-01  8.22332E-02
   29  3.83790E+01  2.84210E-01  9.89470E-01 -8.29022E-02
   30  4.04211E+01  2.84210E-01  9.89470E-01 -1.07917E-01
   31  4.24632E+01  2.84210E-01  9.89470E-01  8.10690E-03
   32  4.45053E+01  2.84210E-01  9.89470E-01  1.28233E-01
   33  4.65474E+01  2.84210E-01  9.89470E-01  1.07717E-01
   34  4.85895E+01  2.84210E-01  9.89470E-01 -1.14327E-02
   35  5.06316E+01  2.84210E-01  9.89470E-01 -8.41690E-02
   36  5.26737E+01  2.84210E-01  9.89470E-01 -4.08879E-02
   37  5.47158E+01  2.84210E-01  9.89470E-01  5.85839E-02
   38  5.67579E+01  2.84210E-01  9.89470E-01  9.06909E-02
   39  5.88000E+01  2.84210E-01  9.89470E-01  2.79708E-02
   40  5.94947E+01  2.69250E-01  9.90030E-01  2.39552E-03
   41  6.01895E+01  2.54290E-01  9.90580E-01  4.79182E-02
   42  6.08842E+01  2.39340E-01  9.91140E-01  1.27814E-01
   43  6.15789E+01  2.24380E-01  9.91690E-01  9.56991E-02
   44  6.22737E+01  2.09420E-01  9.92240E-01 -2.48964E-02
   45  6.29684E+01  1.94460E-01  9.92800E-01 -9.08497E-02
   46  6.36632E+01  1.79500E-01  9.93350E-01 -6.06723E-02
   47  6.43579E+01  1.64540E-01  9.93910E-01 -8.72514E-02
   48  6.50526E+01  1.49580E-01  9.94460E-01 -1.65839E-01
   49  6.57474E+01  1.34630E-01  9.95010E-01 -2.43305E-02
   50  6.64421E+01  1.19670E-01  9.95570E-01  9.98566E-02
   51  6.71368E+01  1.04710E-01  9.96120E-01  1.19238E-01
   52  6.78316E+01  8.97500E-02  9.96680E-01 -9.63544E-03
   53  6.85263E+01  7.47900E-02  9.97230E-01 -2.42364E-01
   54  6.92211E+01  5.98300E-02  9.97780E-01 -1.07209E-01
   55  6.99158E+01  4.48800E-02  9.98340E-01  7.08342E-02
   56  7.06105E+01  2.99200E-02  9.98890E-01 -5.24363E+00
   57  7.13053E+01  1.49600E-02  9.99450E-01  1.54671E+01
   58  7.20000E+01  0.00000E+00  1.00000E+00  6.23343E+01
*eof
n01c006
    1  0.00000E+00  0.00000E+00 -1.00000E+00 -1.71948E-02
    2  1.05263E+00  1.87000E-02 -8.95430E-01 -1.72073E-02
    3  2.10526E+00  3.74000E-02 -7.90860E-01 -1.72091E-02
    4  3.15789E+00  5.60900E-02 -6.86290E-01 -1.72129E-02
    5  4.21053E+00  7.47900E-02 -5.81720E-01 -1.72135E-02
    6  5.26316E+00  9.34900E-02 -4.77150E-01 -1.72024E-02
    7  6.31579E+00  1.12190E-01 -3.72580E-01 -1.71949E-02
    8  7.36842E+00  1.30890E-01 -2.68010E-01 -1.71978E-02
    9  8.42105E+00  1.49580E-01 -1.63430E-01 -1.72165E-02
   10  9.47368E+00  1.68280E-01 -5.88600E-02 -1.72156E-02
   11  1.05263E+01  1.86980E-01  4.57100E-02 -1.72096E-02
   12  1.15790E+01  2.05680E-01  1.50280E-01 -1.71995E-02
   13  1.26316E+01  2.24380E-01  2.54850E-01 -1.71895E-02
   14  1.36842E+01  2.43070E-01  3.59420E-01 -1.72050E-02
   15  1.47368E+01  2.61770E-01  4.63990E-01 -1.72286E-02
   16  1.57895E+01  2.80470E-01  5.68560E-01 -1.72216E-02
   17  1.68421E+01  2.99170E-01  6.73130E-01 -1.66562E-02
   18  1.78947E+01  3.17870E-01  7.77700E-01 -2.24041E-02
   19  1.89474E+01  3.36570E-01  8.82270E-01 -2.65645E-02
   20  2.00000E+01  3.55260E-01  9.86840E-01  6.38651E-02
   21  2.20421E+01  3.55260E-01  9.86840E-01  2.66301E-01
   22  2.40842E+01  3.55260E-01  9.86840E-01  2.51327E-01
   23  2.61263E+01  3.55260E-01  9.86840E-01  7.89668E-03
   24  2.81684E+01  3.55260E-01  9.86840E-01 -1.54459E-01
   25  3.02105E+01  3.55260E-01  9.86840E-01 -8.30270E-02
   26  3.22526E+01  3.55260E-01  9.86840E-01  1.10972E-01
   27  3.42947E+01  3.55260E-01  9.86840E-01  2.04645E-01
   28  3.63368E+01  3.55260E-01  9.86840E-01  8.19491E-02
   29  3.83790E+01  3.55260E-01  9.86840E-01 -8.17981E-02
   30  4.04211E+01  3.55260E-01  9.86840E-01 -1.07484E-01
   31  4.24632E+01  3.55260E-01  9.86840E-01  7.33727E-03
   32  4.45053E+01  3.55260E-01  9.86840E-01  1.26896E-01
   33  4.65474E+01  3.55260E-01  9.86840E-01  1.06993E-01
   34  4.85895E+01  3.55260E-01  9.86840E-01 -1.12329E-02
   35  5.06316E+01  3.55260E-01  9.86840E-01 -8.36366E-02
   36  5.26737E+01  3.55260E-01  9.86840E-01 -4.12065E-02
   37  5.47158E+01  3.55260E-01  9.86840E-01  5.73149E-02
   38  5.67579E+01  3.55260E-01  9.86840E-01  8.97515E-02
   39  5.88000E+01  3.55260E-01  9.86840E-01  2.90013E-02
   40  5.94947E+01  3.36570E-01  9.87530E-01  6.10125E-03
   41  6.01895E+01  3.17870E-01  9.88230E-01  5.39763E-02
   42  6.08842E+01  2.99170E-01  9.88920E-01  1.21353E-01
   43  6.15789E+01  2.80470E-01  9.89610E-01  8.52671E-02
   44  6.22737E+01  2.61770E-01  9.90300E-01 -2.12537E-02
   45  6.29684E+01  2.43070E-01  9.91000E-01 -8.35980E-02
   46  6.36632E+01  2.24380E-01  9.91690E-01 -6.87008E-02
   47  6.43579E+01  2.05680E-01  9.92380E-01 -9.89646E-02
   48  6.50526E+01  1.86980E-01  9.93070E-01 -1.65198E-01
   49  6.57474E+01  1.68280E-01  9.93770E-01 -2.50064E-02
   50  6.64421E+01  1.49580E-01  9.94460E-01  9.46241E-02
   51  6.71368E+01  1.30890E-01  9.95150E-01  1.12165E-01
   52  6.78316E+01  1.12190E-01  9.95840E-01 -1.42356E-02
   53  6.85263E+01  9.34900E-02  9.96540E-01 -2.47964E-01
   54  6.92211E+01  7.47900E-02  9.97230E-01 -1.16239E-01
   55  6.99158E+01  5.60900E-02  9.97920E-01  5.72220E-02
   56  7.06105E+01  3.74000E-02  9.98610E-01 -5.16095E+00
   57  7.13053E+01  1.87000E-02  9.99310E-01  1.49147E+01
   58  7.20000E+01  0.00000E+00  1.00000E+00  6.04467E+01
*eof
n01c007
    1  0.00000E+00  0.00000E+00 -1.00000E+00 -1.72354E-02
    2  1.05263E+00  2.24400E-02 -8.95570E-01 -1.72477E-02
    3  2.10526E+00  4.48800E-02 -7.91140E-01 -1.72490E-02
    4  3.15789E+00  6.73100E-02 -6.86700E-01 -1.72523E-02
    5  4.21053E+00  8.97500E-02 -5.82270E-01 -1.72544E-02
    6  5.26316E+00  1.12190E-01 -4.77840E-01 -1.72431E-02
    7  6.31579E+00  1.34630E-01 -3.73410E-01 -1.72337E-02
    8  7.36842E+00  1.57060E-01 -2.68980E-01 -1.72398E-02
    9  8.42105E+00  1.79500E-01 -1.64540E-01 -1.72635E-02
   10  9.47368E+00  2.01940E-01 -6.01100E-02 -1.72538E-02
   11  1.05263E+01  2.24380E-01  4.43200E-02 -1.72390E-02
   12  1.15790E+01  2.46810E-01  1.48750E-01 -1.72397E-02
   13  1.26316E+01  2.69250E-01  2.53190E-01 -1.72316E-02
   14  1.36842E+01  2.91690E-01  3.57620E-01 -1.72416E-02
   15  1.47368E+01  3.14130E-01  4.62050E-01 -1.72672E-02
   16  1.57895E+01  3.36570E-01  5.66480E-01 -1.72656E-02
   17  1.68421E+01  3.59000E-01  6.70910E-01 -1.67014E-02
   18  1.78947E+01  3.81440E-01  7.75350E-01 -2.25943E-02
   19  1.89474E+01  4.03880E-01  8.79780E-01 -2.59768E-02
   20  2.00000E+01  4.26320E-01  9.84210E-01  6.52721E-02
   21  2.20421E+01  4.26320E-01  9.84210E-01  2.64947E-01
   22  2.40842E+01  4.26320E-01  9.84210E-01  2.50527E-01
   23  2.61263E+01  4.26320E-01  9.84210E-01  8.65449E-03
   24  2.81684E+01  4.26320E-01  9.84210E-01 -1.53087E-01
   25  3.02105E+01  4.26320E-01  9.84210E-01 -8.19669E-02
   26  3.22526E+01  4.26320E-01  9.84210E-01  1.09726E-01
   27  3.42947E+01  4.26320E-01  9.84210E-01  2.02544E-01
   28  3.63368E+01  4.26320E-01  9.84210E-01  8.15077E-02
   29  3.83790E+01  4.26320E-01  9.84210E-01 -8.04001E-02
   30  4.04211E+01  4.26320E-01  9.84210E-01 -1.06730E-01
   31  4.24632E+01  4.26320E-01  9.84210E-01  6.61311E-03
   32  4.45053E+01  4.26320E-01  9.84210E-01  1.25242E-01
   33  4.65474E+01  4.26320E-01  9.84210E-01  1.05988E-01
   34  4.85895E+01  4.26320E-01  9.84210E-01 -1.10045E-02
   35  5.06316E+01  4.26320E-01  9.84210E-01 -8.28366E-02
   36  5.26737E+01  4.26320E-01  9.84210E-01 -4.14089E-02
   37  5.47158E+01  4.26320E-01  9.84210E-01  5.58455E-02
   38  5.67579E+01  4.26320E-01  9.84210E-01  8.85503E-02
   39  5.88000E+01  4.26320E-01  9.84210E-01  3.00705E-02
   40  5.94947E+01  4.03880E-01  9.85040E-01  1.00688E-02
   41  6.01895E+01  3.81440E-01  9.85870E-01  6.26137E-02
   42  6.08842E+01  3.59000E-01  9.86700E-01  1.16868E-01
   43  6.15789E+01  3.36570E-01  9.87530E-01  7.15940E-02
   44  6.22737E+01  3.14130E-01  9.88370E-01 -1.96059E-02
   45  6.29684E+01  2.91690E-01  9.89200E-01 -7.42573E-02
   46  6.36632E+01  2.69250E-01  9.90030E-01 -7.58147E-02
   47  6.43579E+01  2.46810E-01  9.90860E-01 -1.10112E-01
   48  6.50526E+01  2.24380E-01  9.91690E-01 -1.64961E-01
   49  6.57474E+01  2.01940E-01  9.92520E-01 -2.91300E-02
   50  6.64421E+01  1.79500E-01  9.93350E-01  8.70667E-02
   51  6.71368E+01  1.57060E-01  9.94180E-01  1.02949E-01
   52  6.78316E+01  1.34630E-01  9.95010E-01 -2.15737E-02
   53  6.85263E+01  1.12190E-01  9.95840E-01 -2.54096E-01
   54  6.92211E+01  8.97500E-02  9.96680E-01 -1.29857E-01
   55  6.99158E+01  6.73100E-02  9.97510E-01  3.72194E-02
   56  7.06105E+01  4.48800E-02  9.98340E-01 -5.04508E+00
   57  7.13053E+01  2.24400E-02  9.99170E-01  1.42434E+01
   58  7.20000E+01  0.00000E+00  1.00000E+00  5.81061E+01
*eof
n01c008
    1  0.00000E+00  0.00000E+00 -1.00000E+00 -1.72856E-02
    2  1.05263E+00  2.61800E-02 -8.95710E-01 -1.72981E-02
    3  2.10526E+00  5.23500E-02 -7.91410E-01 -1.72997E-02
    4  3.15789E+00  7.85300E-02 -6.87120E-01 -1.73031E-02
    5  4.21053E+00  1.04710E-01 -5.82830E-01 -1.73042E-02
    6  5.26316E+00  1.30890E-01 -4.78530E-01 -1.72922E-02
    7  6.31579E+00  1.57060E-01 -3.74240E-01 -1.72824E-02
    8  7.36842E+00  1.83240E-01 -2.69940E-01 -1.72883E-02
    9  8.42105E+00  2.09420E-01 -1.65650E-01 -1.73149E-02
   10  9.47368E+00  2.35600E-01 -6.13600E-02 -1.73076E-02
   11  1.05263E+01  2.61770E-01  4.29400E-02 -1.72920E-02
   12  1.15790E+01  2.87950E-01  1.47230E-01 -1.72928E-02
   13  1.26316E+01  3.14130E-01  2.51520E-01 -1.72762E-02
   14  1.36842E+01  3.40300E-01  3.55820E-01 -1.72877E-02
   15  1.47368E+01  3.66480E-01  4.60110E-01 -1.73215E-02
   16  1.57895E+01  3.92660E-01  5.64400E-01 -1.73237E-02
   17  1.68421E+01  4.18840E-01  6.68700E-01 -1.67524E-02
   18  1.78947E+01  4.45010E-01  7.72990E-01 -2.28429E-02
   19  1.89474E+01  4.71190E-01  8.77290E-01 -2.52972E-02
   20  2.00000E+01  4.97370E-01  9.81580E-01  6.70309E-02
   21  2.20421E+01  4.97370E-01  9.81580E-01  2.63467E-01
   22  2.40842E+01  4.97370E-01  9.81580E-01  2.49503E-01
   23  2.61263E+01  4.97370E-01  9.81580E-01  9.15113E-03
   24  2.81684E+01  4.97370E-01  9.81580E-01 -1.51619E-01
   25  3.02105E+01  4.97370E-01  9.81580E-01 -8.04609E-02
   26  3.22526E+01  4.97370E-01  9.81580E-01  1.08478E-01
   27  3.42947E+01  4.97370E-01  9.81580E-01  2.00067E-01
   28  3.63368E+01  4.97370E-01  9.81580E-01  8.08643E-02
   29  3.83790E+01  4.97370E-01  9.81580E-01 -7.88288E-02
   30  4.04211E+01  4.97370E-01  9.81580E-01 -1.05834E-01
   31  4.24632E+01  4.97370E-01  9.81580E-01  5.89181E-03
   32  4.45053E+01  4.97370E-01  9.81580E-01  1.23403E-01
   33  4.65474E+01  4.97370E-01  9.81580E-01  1.04759E-01
   34  4.85895E+01  4.97370E-01  9.81580E-01 -1.08219E-02
   35  5.06316E+01  4.97370E-01  9.81580E-01 -8.18761E-02
   36  5.26737E+01  4.97370E-01  9.81580E-01 -4.15807E-02
   37  5.47158E+01  4.97370E-01  9.81580E-01  5.41803E-02
   38  5.67579E+01  4.97370E-01  9.81580E-01  8.72107E-02
   39  5.88000E+01  4.97370E-01  9.81580E-01  3.13927E-02
   40  5.94947E+01  4.71190E-01  9.82550E-01  1.42594E-02
   41  6.01895E+01  4.45010E-01  9.83520E-01  7.17721E-02
   42  6.08842E+01  4.18840E-01  9.84490E-01  1.13615E-01
   43  6.15789E+01  3.92660E-01  9.85460E-01  5.81574E-02
   44  6.22737E+01  3.66480E-01  9.86430E-01 -1.76252E-02
   45  6.29684E+01  3.40300E-01  9.87400E-01 -6.39299E-02
   46  6.36632E+01  3.14130E-01  9.88370E-01 -8.02652E-02
   47  6.43579E+01  2.87950E-01  9.89340E-01 -1.18192E-01
   48  6.50526E+01  2.61770E-01  9.90300E-01 -1.66850E-01
   49  6.57474E+01  2.35600E-01  9.91270E-01 -3.80368E-02
   50  6.64421E+01  2.09420E-01  9.92240E-01  7.82980E-02
   51  6.71368E+01  1.83240E-01  9.93210E-01  9.30299E-02
   52  6.78316E+01  1.57060E-01  9.94180E-01 -3.17238E-02
   53  6.85263E+01  1.30890E-01  9.95150E-01 -2.57133E-01
   54  6.92211E+01  1.04710E-01  9.96120E-01 -1.40541E-01
   55  6.99158E+01  7.85300E-02  9.97090E-01  1.28237E-02
   56  7.06105E+01  5.23500E-02  9.98060E-01 -4.90203E+00
   57  7.13053E+01  2.61800E-02  9.99030E-01  1.34310E+01
   58  7.20000E+01  0.00000E+00  1.00000E+00  5.52604E+01
*eof
n01c009
    1  0.00000E+00  0.00000E+00 -1.00000E+00 -1.73467E-02
    2  1.05263E+00  2.99200E-02 -8.95840E-01 -1.73594E-02
    3  2.10526E+00  5.98300E-02 -7.91690E-01 -1.73611E-02
    4  3.15789E+00  8.97500E-02 -6.87530E-01 -1.73641E-02
    5  4.21053E+00  1.19670E-01 -5.83380E-01 -1.73639E-02
    6  5.26316E+00  1.49580E-01 -4.79220E-01 -1.73520E-02
    7  6.31579E+00  1.79500E-01 -3.75070E-01 -1.73422E-02
    8  7.36842E+00  2.09420E-01 -2.70910E-01 -1.73490E-02
    9  8.42105E+00  2.39340E-01 -1.66760E-01 -1.73786E-02
   10  9.47368E+00  2.69250E-01 -6.26000E-02 -1.73722E-02
   11  1.05263E+01  2.99170E-01  4.15500E-02 -1.73551E-02
   12  1.15790E+01  3.29090E-01  1.45710E-01 -1.73541E-02
   13  1.26316E+01  3.59000E-01  2.49860E-01 -1.73335E-02
   14  1.36842E+01  3.88920E-01  3.54020E-01 -1.73504E-02
   15  1.47368E+01  4.18840E-01  4.58170E-01 -1.73788E-02
   16  1.57895E+01  4.48750E-01  5.62330E-01 -1.73808E-02
   17  1.68421E+01  4.78670E-01  6.66480E-01 -1.68005E-02
   18  1.78947E+01  5.08590E-01  7.70640E-01 -2.31488E-02
   19  1.89474E+01  5.38500E-01  8.74790E-01 -2.45122E-02
   20  2.00000E+01  5.68420E-01  9.78950E-01  6.90937E-02
   21  2.20421E+01  5.68420E-01  9.78950E-01  2.61757E-01
   22  2.40842E+01  5.68420E-01  9.78950E-01  2.48182E-01
   23  2.61263E+01  5.68420E-01  9.78950E-01  9.20183E-03
   24  2.81684E+01  5.68420E-01  9.78950E-01 -1.50308E-01
   25  3.02105E+01  5.68420E-01  9.78950E-01 -7.89416E-02
   26  3.22526E+01  5.68420E-01  9.78950E-01  1.06374E-01
   27  3.42947E+01  5.68420E-01  9.78950E-01  1.96536E-01
   28  3.63368E+01  5.68420E-01  9.78950E-01  7.99818E-02
   29  3.83790E+01  5.68420E-01  9.78950E-01 -7.69740E-02
   30  4.04211E+01  5.68420E-01  9.78950E-01 -1.04995E-01
   31  4.24632E+01  5.68420E-01  9.78950E-01  4.64634E-03
   32  4.45053E+01  5.68420E-01  9.78950E-01  1.20796E-01
   33  4.65474E+01  5.68420E-01  9.78950E-01  1.03090E-01
   34  4.85895E+01  5.68420E-01  9.78950E-01 -1.05604E-02
   35  5.06316E+01  5.68420E-01  9.78950E-01 -8.07142E-02
   36  5.26737E+01  5.68420E-01  9.78950E-01 -4.20214E-02
   37  5.47158E+01  5.68420E-01  9.78950E-01  5.17711E-02
   38  5.67579E+01  5.68420E-01  9.78950E-01  8.54149E-02
   39  5.88000E+01  5.68420E-01  9.78950E-01  3.30510E-02
   40  5.94947E+01  5.38500E-01  9.80060E-01  1.89735E-02
   41  6.01895E+01  5.08590E-01  9.81160E-01  8.09876E-02
   42  6.08842E+01  4.78670E-01  9.82270E-01  1.09700E-01
   43  6.15789E+01  4.48750E-01  9.83380E-01  4.45849E-02
   44  6.22737E+01  4.18840E-01  9.84490E-01 -1.52114E-02
   45  6.29684E+01  3.88920E-01  9.85600E-01 -5.44958E-02
   46  6.36632E+01  3.59000E-01  9.86700E-01 -8.44474E-02
   47  6.43579E+01  3.29090E-01  9.87810E-01 -1.24379E-01
   48  6.50526E+01  2.99170E-01  9.88920E-01 -1.68629E-01
   49  6.57474E+01  2.69250E-01  9.90030E-01 -4.90298E-02
   50  6.64421E+01  2.39340E-01  9.91140E-01  6.90014E-02
   51  6.71368E+01  2.09420E-01  9.92240E-01  8.35922E-02
   52  6.78316E+01  1.79500E-01  9.93350E-01 -4.34242E-02
   53  6.85263E+01  1.49580E-01  9.94460E-01 -2.60842E-01
   54  6.92211E+01  1.19670E-01  9.95570E-01 -1.50017E-01
   55  6.99158E+01  8.97500E-02  9.96680E-01 -1.37078E-02
   56  7.06105E+01  5.98300E-02  9.97780E-01 -4.74273E+00
   57  7.13053E+01  2.99200E-02  9.98890E-01  1.24543E+01
   58  7.20000E+01  0.00000E+00  1.00000E+00  5.18811E+01
*eof
n01c010
    1  0.00000E+00  0.00000E+00 -1.00000E+00 -1.74192E-02
    2  1.05263E+00  3.36600E-02 -8.95980E-01 -1.74317E-02
    3  2.10526E+00  6.73100E-02 -7.91970E-01 -1.74338E-02
    4  3.15789E+00  1.00970E-01 -6.87950E-01 -1.74365E-02
    5  4.21053E+00  1.34630E-01 -5.83930E-01 -1.74350E-02
    6  5.26316E+00  1.68280E-01 -4.79920E-01 -1.74228E-02
    7  6.31579E+00  2.01940E-01 -3.75900E-01 -1.74132E-02
    8  7.36842E+00  2.35600E-01 -2.71880E-01 -1.74213E-02
    9  8.42105E+00  2.69250E-01 -1.67870E-01 -1.74526E-02
   10  9.47368E+00  3.02910E-01 -6.38500E-02 -1.74466E-02
   11  1.05263E+01  3.36570E-01  4.01700E-02 -1.74263E-02
   12  1.15790E+01  3.70220E-01  1.44180E-01 -1.74208E-02
   13  1.26316E+01  4.03880E-01  2.48200E-01 -1.74030E-02
   14  1.36842E+01  4.37530E-01  3.52220E-01 -1.74239E-02
   15  1.47368E+01  4.71190E-01  4.56230E-01 -1.74450E-02
   16  1.57895E+01  5.04850E-01  5.60250E-01 -1.74572E-02
   17  1.68421E+01  5.38500E-01  6.64270E-01 -1.68564E-02
   18  1.78947E+01  5.72160E-01  7.68280E-01 -2.35408E-02
   19  1.89474E+01  6.05820E-01  8.72300E-01 -2.36237E-02
   20  2.00000E+01  6.39470E-01  9.76320E-01  7.13948E-02
   21  2.20421E+01  6.39470E-01  9.76320E-01  2.59827E-01
   22  2.40842E+01  6.39470E-01  9.76320E-01  2.46567E-01
   23  2.61263E+01  6.39470E-01  9.76320E-01  9.10620E-03
   24  2.81684E+01  6.39470E-01  9.76320E-01 -1.48124E-01
   25  3.02105E+01  6.39470E-01  9.76320E-01 -7.62852E-02
   26  3.22526E+01  6.39470E-01  9.76320E-01  1.04444E-01
   27  3.42947E+01  6.39470E-01  9.76320E-01  1.92192E-01
   28  3.63368E+01  6.39470E-01  9.76320E-01  7.81952E-02
   29  3.83790E+01  6.39470E-01  9.76320E-01 -7.51595E-02
   30  4.04211E+01  6.39470E-01  9.76320E-01 -1.03038E-01
   31  4.24632E+01  6.39470E-01  9.76320E-01  4.42839E-03
   32  4.45053E+01  6.39470E-01  9.76320E-01  1.17636E-01
   33  4.65474E+01  6.39470E-01  9.76320E-01  1.00418E-01
   34  4.85895E+01  6.39470E-01  9.76320E-01 -1.06889E-02
   35  5.06316E+01  6.39470E-01  9.76320E-01 -7.91259E-02
   36  5.26737E+01  6.39470E-01  9.76320E-01 -4.15412E-02
   37  5.47158E+01  6.39470E-01  9.76320E-01  4.95109E-02
   38  5.67579E+01  6.39470E-01  9.76320E-01  8.30654E-02
   39  5.88000E+01  6.39470E-01  9.76320E-01  3.50656E-02
   40  5.94947E+01  6.05820E-01  9.77560E-01  2.41597E-02
   41  6.01895E+01  5.72160E-01  9.78810E-01  9.05692E-02
   42  6.08842E+01  5.38500E-01  9.80060E-01  1.06001E-01
   43  6.15789E+01  5.04850E-01  9.81300E-01  3.15656E-02
   44  6.22737E+01  4.71190E-01  9.82550E-01 -1.23323E-02
   45  6.29684E+01  4.37530E-01  9.83790E-01 -4.66126E-02
   46  6.36632E+01  4.03880E-01  9.85040E-01 -9.06016E-02
   47  6.43579E+01  3.70220E-01  9.86290E-01 -1.30509E-01
   48  6.50526E+01  3.36570E-01  9.87530E-01 -1.67450E-01
   49  6.57474E+01  3.02910E-01  9.88780E-01 -5.94431E-02
   50  6.64421E+01  2.69250E-01  9.90030E-01  5.87065E-02
   51  6.71368E+01  2.35600E-01  9.91270E-01  7.40897E-02
   52  6.78316E+01  2.01940E-01  9.92520E-01 -5.94213E-02
   53  6.85263E+01  1.68280E-01  9.93770E-01 -2.76296E-01
   54  6.92211E+01  1.34630E-01  9.95010E-01 -1.70189E-01
   55  6.99158E+01  1.00970E-01  9.96260E-01 -4.47116E-02
   56  7.06105E+01  6.73100E-02  9.97510E-01 -4.55261E+00
   57  7.13053E+01  3.36600E-02  9.98750E-01  1.13303E+01
   58  7.20000E+01  0.00000E+00  1.00000E+00  4.79702E+01
*eof
n01c011
    1  0.00000E+00  0.00000E+00 -1.00000E+00 -1.75028E-02
    2  1.05263E+00  3.74000E-02 -8.96120E-01 -1.75151E-02
    3  2.10526E+00  7.47900E-02 -7.92240E-01 -1.75176E-02
    4  3.15789E+00  1.12190E-01 -6.88370E-01 -1.75200E-02
    5  4.21053E+00  1.49580E-01 -5.84490E-01 -1.75169E-02
    6  5.26316E+00  1.86980E-01 -4.80610E-01 -1.75049E-02
    7  6.31579E+00  2.24380E-01 -3.76730E-01 -1.74952E-02
    8  7.36842E+00  2.61770E-01 -2.72850E-01 -1.75028E-02
    9  8.42105E+00  2.99170E-01 -1.68980E-01 -1.75349E-02
   10  9.47368E+00  3.36570E-01 -6.51000E-02 -1.75339E-02
   11  1.05263E+01  3.73960E-01  3.87800E-02 -1.75089E-02
   12  1.15790E+01  4.11360E-01  1.42660E-01 -1.74941E-02
   13  1.26316E+01  4.48750E-01  2.46540E-01 -1.74849E-02
   14  1.36842E+01  4.86150E-01  3.50420E-01 -1.75115E-02
   15  1.47368E+01  5.23550E-01  4.54290E-01 -1.75315E-02
   16  1.57895E+01  5.60940E-01  5.58170E-01 -1.75502E-02
   17  1.68421E+01  5.98340E-01  6.62050E-01 -1.69143E-02
   18  1.78947E+01  6.35730E-01  7.65930E-01 -2.39829E-02
   19  1.89474E+01  6.73130E-01  8.69810E-01 -2.24582E-02
   20  2.00000E+01  7.10530E-01  9.73680E-01  7.43590E-02
   21  2.20421E+01  7.10530E-01  9.73680E-01  2.58562E-01
   22  2.40842E+01  7.10530E-01  9.73680E-01  2.45461E-01
   23  2.61263E+01  7.10530E-01  9.73680E-01  9.92450E-03
   24  2.81684E+01  7.10530E-01  9.73680E-01 -1.44839E-01
   25  3.02105E+01  7.10530E-01  9.73680E-01 -7.29090E-02
   26  3.22526E+01  7.10530E-01  9.73680E-01  1.05455E-01
   27  3.42947E+01  7.10530E-01  9.73680E-01  1.90237E-01
   28  3.63368E+01  7.10530E-01  9.73680E-01  7.53655E-02
   29  3.83790E+01  7.10530E-01  9.73680E-01 -7.48749E-02
   30  4.04211E+01  7.10530E-01  9.73680E-01 -1.00370E-01
   31  4.24632E+01  7.10530E-01  9.73680E-01  6.48030E-03
   32  4.45053E+01  7.10530E-01  9.73680E-01  1.16151E-01
   33  4.65474E+01  7.10530E-01  9.73680E-01  9.78093E-02
   34  4.85895E+01  7.10530E-01  9.73680E-01 -1.22789E-02
   35  5.06316E+01  7.10530E-01  9.73680E-01 -7.84623E-02
   36  5.26737E+01  7.10530E-01  9.73680E-01 -3.98509E-02
   37  5.47158E+01  7.10530E-01  9.73680E-01  4.90123E-02
   38  5.67579E+01  7.10530E-01  9.73680E-01  8.09392E-02
   39  5.88000E+01  7.10530E-01  9.73680E-01  3.80221E-02
   40  5.94947E+01  6.73130E-01  9.75070E-01  2.98938E-02
   41  6.01895E+01  6.35730E-01  9.76450E-01  9.79684E-02
   42  6.08842E+01  5.98340E-01  9.77840E-01  1.01647E-01
   43  6.15789E+01  5.60940E-01  9.79220E-01  1.97170E-02
   44  6.22737E+01  5.23550E-01  9.80610E-01 -9.07488E-03
   45  6.29684E+01  4.86150E-01  9.81990E-01 -3.93667E-02
   46  6.36632E+01  4.48750E-01  9.83380E-01 -9.79290E-02
   47  6.43579E+01  4.11360E-01  9.84760E-01 -1.36722E-01
   48  6.50526E+01  3.73960E-01  9.86150E-01 -1.65534E-01
   49  6.57474E+01  3.36570E-01  9.87530E-01 -7.23036E-02
   50  6.64421E+01  2.99170E-01  9.88920E-01  4.56571E-02
   51  6.71368E+01  2.61770E-01  9.90300E-01  6.15452E-02
   52  6.78316E+01  2.24380E-01  9.91690E-01 -8.49203E-02
   53  6.85263E+01  1.86980E-01  9.93070E-01 -3.05476E-01
   54  6.92211E+01  1.49580E-01  9.94460E-01 -2.02559E-01
   55  6.99158E+01  1.12190E-01  9.95840E-01 -8.54129E-02
   56  7.06105E+01  7.47900E-02  9.97230E-01 -4.34504E+00
   57  7.13053E+01  3.74000E-02  9.98610E-01  1.00410E+01
   58  7.20000E+01  0.00000E+00  1.00000E+00  4.35101E+01
*eof
n01c012
    1  0.00000E+00  0.00000E+00 -1.00000E+00 -1.75986E-02
    2  1.05263E+00  4.11400E-02 -8.96260E-01 -1.76111E-02
    3  2.10526E+00  8.22700E-02 -7.92520E-01 -1.76163E-02
    4  3.15789E+00  1.23410E-01 -6.88780E-01 -1.76179E-02
    5  4.21053E+00  1.64540E-01 -5.85040E-01 -1.76112E-02
    6  5.26316E+00  2.05680E-01 -4.81300E-01 -1.75988E-02
    7  6.31579E+00  2.46810E-01 -3.77560E-01 -1.75892E-02
    8  7.36842E+00  2.87950E-01 -2.73820E-01 -1.76002E-02
    9  8.42105E+00  3.29090E-01 -1.70080E-01 -1.76341E-02
   10  9.47368E+00  3.70220E-01 -6.63400E-02 -1.76342E-02
   11  1.05263E+01  4.11360E-01  3.74000E-02 -1.76032E-02
   12  1.15790E+01  4.52490E-01  1.41140E-01 -1.75818E-02
   13  1.26316E+01  4.93630E-01  2.44880E-01 -1.75832E-02
   14  1.36842E+01  5.34760E-01  3.48610E-01 -1.76137E-02
   15  1.47368E+01  5.75900E-01  4.52350E-01 -1.76323E-02
   16  1.57895E+01  6.17040E-01  5.56090E-01 -1.76450E-02
   17  1.68421E+01  6.58170E-01  6.59830E-01 -1.69724E-02
   18  1.78947E+01  6.99310E-01  7.63570E-01 -2.44726E-02
   19  1.89474E+01  7.40440E-01  8.67310E-01 -2.12441E-02
   20  2.00000E+01  7.81580E-01  9.71050E-01  7.79181E-02
   21  2.20421E+01  7.81580E-01  9.71050E-01  2.58388E-01
   22  2.40842E+01  7.81580E-01  9.71050E-01  2.45308E-01
   23  2.61263E+01  7.81580E-01  9.71050E-01  1.16267E-02
   24  2.81684E+01  7.81580E-01  9.71050E-01 -1.42329E-01
   25  3.02105E+01  7.81580E-01  9.71050E-01 -7.13765E-02
   26  3.22526E+01  7.81580E-01  9.71050E-01  1.08023E-01
   27  3.42947E+01  7.81580E-01  9.71050E-01  1.91331E-01
   28  3.63368E+01  7.81580E-01  9.71050E-01  7.33921E-02
   29  3.83790E+01  7.81580E-01  9.71050E-01 -7.56771E-02
   30  4.04211E+01  7.81580E-01  9.71050E-01 -9.93572E-02
   31  4.24632E+01  7.81580E-01  9.71050E-01  8.11054E-03
   32  4.45053E+01  7.81580E-01  9.71050E-01  1.16478E-01
   33  4.65474E+01  7.81580E-01  9.71050E-01  9.69306E-02
   34  4.85895E+01  7.81580E-01  9.71050E-01 -1.43327E-02
   35  5.06316E+01  7.81580E-01  9.71050E-01 -7.94203E-02
   36  5.26737E+01  7.81580E-01  9.71050E-01 -3.91427E-02
   37  5.47158E+01  7.81580E-01  9.71050E-01  4.91015E-02
   38  5.67579E+01  7.81580E-01  9.71050E-01  7.91546E-02
   39  5.88000E+01  7.81580E-01  9.71050E-01  4.22230E-02
   40  5.94947E+01  7.40440E-01  9.72580E-01  3.77523E-02
   41  6.01895E+01  6.99310E-01  9.74100E-01  1.02266E-01
   42  6.08842E+01  6.58170E-01  9.75620E-01  9.53592E-02
   43  6.15789E+01  6.17040E-01  9.77150E-01  9.94491E-03
   44  6.22737E+01  5.75900E-01  9.78670E-01 -5.77932E-03
   45  6.29684E+01  5.34760E-01  9.80190E-01 -3.37146E-02
   46  6.36632E+01  4.93630E-01  9.81720E-01 -1.07146E-01
   47  6.43579E+01  4.52490E-01  9.83240E-01 -1.43240E-01
   48  6.50526E+01  4.11360E-01  9.84760E-01 -1.64955E-01
   49  6.57474E+01  3.70220E-01  9.86290E-01 -8.87255E-02
   50  6.64421E+01  3.29090E-01  9.87810E-01  2.95771E-02
   51  6.71368E+01  2.87950E-01  9.89340E-01  4.45305E-02
   52  6.78316E+01  2.46810E-01  9.90860E-01 -1.14562E-01
   53  6.85263E+01  2.05680E-01  9.92380E-01 -3.36754E-01
   54  6.92211E+01  1.64540E-01  9.93910E-01 -2.38064E-01
   55  6.99158E+01  1.23410E-01  9.95430E-01 -1.31693E-01
   56  7.06105E+01  8.22700E-02  9.96950E-01 -4.13447E+00
   57  7.13053E+01  4.11400E-02  9.98480E-01  8.55863E+00
   58  7.20000E+01  0.00000E+00  1.00000E+00  3.85050E+01
*eof
n01c013
    1  0.00000E+00  0.00000E+00 -1.00000E+00 -1.77071E-02
    2  1.05263E+00  4.48800E-02 -8.96400E-01 -1.77211E-02
    3  2.10526E+00  8.97500E-02 -7.92800E-01 -1.77291E-02
    4  3.15789E+00  1.34630E-01 -6.89200E-01 -1.77273E-02
    5  4.21053E+00  1.79500E-01 -5.85600E-01 -1.77165E-02
    6  5.26316E+00  2.24380E-01 -4.81990E-01 -1.77056E-02
    7  6.31579E+00  2.69250E-01 -3.78390E-01 -1.76992E-02
    8  7.36842E+00  3.14130E-01 -2.74790E-01 -1.77170E-02
    9  8.42105E+00  3.59000E-01 -1.71190E-01 -1.77456E-02
   10  9.47368E+00  4.03880E-01 -6.75900E-02 -1.77398E-02
   11  1.05263E+01  4.48750E-01  3.60100E-02 -1.77095E-02
   12  1.15790E+01  4.93630E-01  1.39610E-01 -1.76903E-02
   13  1.26316E+01  5.38500E-01  2.43210E-01 -1.76942E-02
   14  1.36842E+01  5.83380E-01  3.46810E-01 -1.77163E-02
   15  1.47368E+01  6.28250E-01  4.50420E-01 -1.77428E-02
   16  1.57895E+01  6.73130E-01  5.54020E-01 -1.77586E-02
   17  1.68421E+01  7.18010E-01  6.57620E-01 -1.70444E-02
   18  1.78947E+01  7.62880E-01  7.61220E-01 -2.49851E-02
   19  1.89474E+01  8.07760E-01  8.64820E-01 -2.03475E-02
   20  2.00000E+01  8.52630E-01  9.68420E-01  8.12991E-02
   21  2.20421E+01  8.52630E-01  9.68420E-01  2.58474E-01
   22  2.40842E+01  8.52630E-01  9.68420E-01  2.45262E-01
   23  2.61263E+01  8.52630E-01  9.68420E-01  1.32730E-02
   24  2.81684E+01  8.52630E-01  9.68420E-01 -1.40855E-01
   25  3.02105E+01  8.52630E-01  9.68420E-01 -7.13038E-02
   26  3.22526E+01  8.52630E-01  9.68420E-01  1.09339E-01
   27  3.42947E+01  8.52630E-01  9.68420E-01  1.92452E-01
   28  3.63368E+01  8.52630E-01  9.68420E-01  7.29735E-02
   29  3.83790E+01  8.52630E-01  9.68420E-01 -7.58206E-02
   30  4.04211E+01  8.52630E-01  9.68420E-01 -9.96846E-02
   31  4.24632E+01  8.52630E-01  9.68420E-01  7.94022E-03
   32  4.45053E+01  8.52630E-01  9.68420E-01  1.16484E-01
   33  4.65474E+01  8.52630E-01  9.68420E-01  9.69188E-02
   34  4.85895E+01  8.52630E-01  9.68420E-01 -1.54393E-02
   35  5.06316E+01  8.52630E-01  9.68420E-01 -8.04835E-02
   36  5.26737E+01  8.52630E-01  9.68420E-01 -3.98532E-02
   37  5.47158E+01  8.52630E-01  9.68420E-01  4.82254E-02
   38  5.67579E+01  8.52630E-01  9.68420E-01  7.71301E-02
   39  5.88000E+01  8.52630E-01  9.68420E-01  4.68246E-02
   40  5.94947E+01  8.07760E-01  9.70080E-01  4.80870E-02
   41  6.01895E+01  7.62880E-01  9.71750E-01  1.05882E-01
   42  6.08842E+01  7.18010E-01  9.73410E-01  8.79043E-02
   43  6.15789E+01  6.73130E-01  9.75070E-01  2.13488E-03
   44  6.22737E+01  6.28250E-01  9.76730E-01 -8.11658E-04
   45  6.29684E+01  5.83380E-01  9.78390E-01 -2.79212E-02
   46  6.36632E+01  5.38500E-01  9.80060E-01 -1.18142E-01
   47  6.43579E+01  4.93630E-01  9.81720E-01 -1.50096E-01
   48  6.50526E+01  4.48750E-01  9.83380E-01 -1.64250E-01
   49  6.57474E+01  4.03880E-01  9.85040E-01 -9.88727E-02
   50  6.64421E+01  3.59000E-01  9.86700E-01  2.18630E-02
   51  6.71368E+01  3.14130E-01  9.88370E-01  2.83024E-02
   52  6.78316E+01  2.69250E-01  9.90030E-01 -1.41371E-01
   53  6.85263E+01  2.24380E-01  9.91690E-01 -3.64927E-01
   54  6.92211E+01  1.79500E-01  9.93350E-01 -2.76046E-01
   55  6.99158E+01  1.34630E-01  9.95010E-01 -1.82502E-01
   56  7.06105E+01  8.97500E-02  9.96680E-01 -3.89567E+00
   57  7.13053E+01  4.48800E-02  9.98340E-01  6.86554E+00
   58  7.20000E+01  0.00000E+00  1.00000E+00  3.28118E+01
*eof
n01c014
    1  0.00000E+00  0.00000E+00 -1.00000E+00 -1.78305E-02
    2  1.05263E+00  4.86100E-02 -8.96540E-01 -1.78446E-02
    3  2.10526E+00  9.72300E-02 -7.93070E-01 -1.78524E-02
    4  3.15789E+00  1.45840E-01 -6.89610E-01 -1.78470E-02
    5  4.21053E+00  1.94460E-01 -5.86150E-01 -1.78352E-02
    6  5.26316E+00  2.43070E-01 -4.82690E-01 -1.78260E-02
    7  6.31579E+00  2.91690E-01 -3.79220E-01 -1.78224E-02
    8  7.36842E+00  3.40300E-01 -2.75760E-01 -1.78429E-02
    9  8.42105E+00  3.88920E-01 -1.72300E-01 -1.78653E-02
   10  9.47368E+00  4.37530E-01 -6.88400E-02 -1.78574E-02
   11  1.05263E+01  4.86150E-01  3.46300E-02 -1.78296E-02
   12  1.15790E+01  5.34760E-01  1.38090E-01 -1.78127E-02
   13  1.26316E+01  5.83380E-01  2.41550E-01 -1.78184E-02
   14  1.36842E+01  6.31990E-01  3.45010E-01 -1.78368E-02
   15  1.47368E+01  6.80610E-01  4.48480E-01 -1.78709E-02
   16  1.57895E+01  7.29220E-01  5.51940E-01 -1.78872E-02
   17  1.68421E+01  7.77840E-01  6.55400E-01 -1.70834E-02
   18  1.78947E+01  8.26450E-01  7.58860E-01 -2.54472E-02
   19  1.89474E+01  8.75070E-01  8.62330E-01 -1.97831E-02
   20  2.00000E+01  9.23680E-01  9.65790E-01  8.44562E-02
   21  2.20421E+01  9.23680E-01  9.65790E-01  2.58630E-01
   22  2.40842E+01  9.23680E-01  9.65790E-01  2.44923E-01
   23  2.61263E+01  9.23680E-01  9.65790E-01  1.47970E-02
   24  2.81684E+01  9.23680E-01  9.65790E-01 -1.39396E-01
   25  3.02105E+01  9.23680E-01  9.65790E-01 -7.11945E-02
   26  3.22526E+01  9.23680E-01  9.65790E-01  1.09852E-01
   27  3.42947E+01  9.23680E-01  9.65790E-01  1.92915E-01
   28  3.63368E+01  9.23680E-01  9.65790E-01  7.30500E-02
   29  3.83790E+01  9.23680E-01  9.65790E-01 -7.55211E-02
   30  4.04211E+01  9.23680E-01  9.65790E-01 -1.00099E-01
   31  4.24632E+01  9.23680E-01  9.65790E-01  7.28514E-03
   32  4.45053E+01  9.23680E-01  9.65790E-01  1.15938E-01
   33  4.65474E+01  9.23680E-01  9.65790E-01  9.67177E-02
   34  4.85895E+01  9.23680E-01  9.65790E-01 -1.61195E-02
   35  5.06316E+01  9.23680E-01  9.65790E-01 -8.12485E-02
   36  5.26737E+01  9.23680E-01  9.65790E-01 -4.09160E-02
   37  5.47158E+01  9.23680E-01  9.65790E-01  4.68529E-02
   38  5.67579E+01  9.23680E-01  9.65790E-01  7.49701E-02
   39  5.88000E+01  9.23680E-01  9.65790E-01  5.14835E-02
   40  5.94947E+01  8.75070E-01  9.67590E-01  5.91890E-02
   41  6.01895E+01  8.26450E-01  9.69390E-01  1.08684E-01
   42  6.08842E+01  7.77840E-01  9.71190E-01  7.95544E-02
   43  6.15789E+01  7.29220E-01  9.72990E-01 -6.07116E-03
   44  6.22737E+01  6.80610E-01  9.74790E-01  5.04552E-03
   45  6.29684E+01  6.31990E-01  9.76590E-01 -2.04123E-02
   46  6.36632E+01  5.83380E-01  9.78390E-01 -1.29220E-01
   47  6.43579E+01  5.34760E-01  9.80190E-01 -1.55737E-01
   48  6.50526E+01  4.86150E-01  9.81990E-01 -1.66110E-01
   49  6.57474E+01  4.37530E-01  9.83790E-01 -1.09896E-01
   50  6.64421E+01  3.88920E-01  9.85600E-01  2.28468E-02
   51  6.71368E+01  3.40300E-01  9.87400E-01  1.70125E-02
   52  6.78316E+01  2.91690E-01  9.89200E-01 -1.69243E-01
   53  6.85263E+01  2.43070E-01  9.91000E-01 -3.92809E-01
   54  6.92211E+01  1.94460E-01  9.92800E-01 -3.15486E-01
   55  6.99158E+01  1.45840E-01  9.94600E-01 -2.40926E-01
   56  7.06105E+01  9.72300E-02  9.96400E-01 -3.60764E+00
   57  7.13053E+01  4.86100E-02  9.98200E-01  4.90235E+00
   58  7.20000E+01  0.00000E+00  1.00000E+00  2.61731E+01
*eof
n01c015
    1  0.00000E+00  0.00000E+00 -1.00000E+00 -1.79685E-02
    2  1.05263E+00  5.23500E-02 -8.96680E-01 -1.79834E-02
    3  2.10526E+00  1.04710E-01 -7.93350E-01 -1.79906E-02
    4  3.15789E+00  1.57060E-01 -6.90030E-01 -1.79839E-02
    5  4.21053E+00  2.09420E-01 -5.86700E-01 -1.79710E-02
    6  5.26316E+00  2.61770E-01 -4.83380E-01 -1.79619E-02
    7  6.31579E+00  3.14130E-01 -3.80060E-01 -1.79586E-02
    8  7.36842E+00  3.66480E-01 -2.76730E-01 -1.79808E-02
    9  8.42105E+00  4.18840E-01 -1.73410E-01 -1.80043E-02
   10  9.47368E+00  4.71190E-01 -7.00800E-02 -1.79958E-02
   11  1.05263E+01  5.23550E-01  3.32400E-02 -1.79652E-02
   12  1.15790E+01  5.75900E-01  1.36570E-01 -1.79483E-02
   13  1.26316E+01  6.28250E-01  2.39890E-01 -1.79572E-02
   14  1.36842E+01  6.80610E-01  3.43210E-01 -1.79799E-02
   15  1.47368E+01  7.32960E-01  4.46540E-01 -1.80106E-02
   16  1.57895E+01  7.85320E-01  5.49860E-01 -1.80237E-02
   17  1.68421E+01  8.37670E-01  6.53190E-01 -1.71081E-02
   18  1.78947E+01  8.90030E-01  7.56510E-01 -2.61244E-02
   19  1.89474E+01  9.42380E-01  8.59830E-01 -1.97720E-02
   20  2.00000E+01  9.94740E-01  9.63160E-01  8.76799E-02
   21  2.20421E+01  9.94740E-01  9.63160E-01  2.59258E-01
   22  2.40842E+01  9.94740E-01  9.63160E-01  2.44502E-01
   23  2.61263E+01  9.94740E-01  9.63160E-01  1.64288E-02
   24  2.81684E+01  9.94740E-01  9.63160E-01 -1.37700E-01
   25  3.02105E+01  9.94740E-01  9.63160E-01 -7.09953E-02
   26  3.22526E+01  9.94740E-01  9.63160E-01  1.10219E-01
   27  3.42947E+01  9.94740E-01  9.63160E-01  1.93317E-01
   28  3.63368E+01  9.94740E-01  9.63160E-01  7.32964E-02
   29  3.83790E+01  9.94740E-01  9.63160E-01 -7.52141E-02
   30  4.04211E+01  9.94740E-01  9.63160E-01 -1.00544E-01
   31  4.24632E+01  9.94740E-01  9.63160E-01  6.54576E-03
   32  4.45053E+01  9.94740E-01  9.63160E-01  1.15257E-01
   33  4.65474E+01  9.94740E-01  9.63160E-01  9.64047E-02
   34  4.85895E+01  9.94740E-01  9.63160E-01 -1.68131E-02
   35  5.06316E+01  9.94740E-01  9.63160E-01 -8.21156E-02
   36  5.26737E+01  9.94740E-01  9.63160E-01 -4.21586E-02
   37  5.47158E+01  9.94740E-01  9.63160E-01  4.53359E-02
   38  5.67579E+01  9.94740E-01  9.63160E-01  7.27527E-02
   39  5.88000E+01  9.94740E-01  9.63160E-01  5.64024E-02
   40  5.94947E+01  9.42380E-01  9.65100E-01  7.07574E-02
   41  6.01895E+01  8.90030E-01  9.67040E-01  1.10291E-01
   42  6.08842E+01  8.37670E-01  9.68980E-01  7.13676E-02
   43  6.15789E+01  7.85320E-01  9.70910E-01 -1.48816E-02
   44  6.22737E+01  7.32960E-01  9.72850E-01  7.00592E-03
   45  6.29684E+01  6.80610E-01  9.74790E-01 -1.66228E-02
   46  6.36632E+01  6.28250E-01  9.76730E-01 -1.42516E-01
   47  6.43579E+01  5.75900E-01  9.78670E-01 -1.60037E-01
   48  6.50526E+01  5.23550E-01  9.80610E-01 -1.64066E-01
   49  6.57474E+01  4.71190E-01  9.82550E-01 -1.30917E-01
   50  6.64421E+01  4.18840E-01  9.84490E-01  1.63208E-02
   51  6.71368E+01  3.66480E-01  9.86430E-01  9.91099E-03
   52  6.78316E+01  3.14130E-01  9.88370E-01 -2.00507E-01
   53  6.85263E+01  2.61770E-01  9.90300E-01 -4.25434E-01
   54  6.92211E+01  2.09420E-01  9.92240E-01 -3.58922E-01
   55  6.99158E+01  1.57060E-01  9.94180E-01 -3.10178E-01
   56  7.06105E+01  1.04710E-01  9.96120E-01 -3.25999E+00
   57  7.13053E+01  5.23500E-02  9.98060E-01  2.53158E+00
   58  7.20000E+01  0.00000E+00  1.00000E+00  1.82290E+01
*eof
n01c016
    1  0.00000E+00  0.00000E+00 -1.00000E+00 -1.81258E-02
    2  1.05263E+00  5.60900E-02 -8.96810E-01 -1.81426E-02
    3  2.10526E+00  1.12190E-01 -7.93630E-01 -1.81498E-02
    4  3.15789E+00  1.68280E-01 -6.90440E-01 -1.81411E-02
    5  4.21053E+00  2.24380E-01 -5.87260E-01 -1.81258E-02
    6  5.26316E+00  2.80470E-01 -4.84070E-01 -1.81165E-02
    7  6.31579E+00  3.36570E-01 -3.80890E-01 -1.81148E-02
    8  7.36842E+00  3.92660E-01 -2.77700E-01 -1.81401E-02
    9  8.42105E+00  4.48750E-01 -1.74520E-01 -1.81643E-02
   10  9.47368E+00  5.04850E-01 -7.13300E-02 -1.81526E-02
   11  1.05263E+01  5.60940E-01  3.18600E-02 -1.81189E-02
   12  1.15790E+01  6.17040E-01  1.35040E-01 -1.81028E-02
   13  1.26316E+01  6.73130E-01  2.38230E-01 -1.81135E-02
   14  1.36842E+01  7.29220E-01  3.41410E-01 -1.81406E-02
   15  1.47368E+01  7.85320E-01  4.44600E-01 -1.81657E-02
   16  1.57895E+01  8.41410E-01  5.47780E-01 -1.81802E-02
   17  1.68421E+01  8.97510E-01  6.50970E-01 -1.71697E-02
   18  1.78947E+01  9.53600E-01  7.54160E-01 -2.69239E-02
   19  1.89474E+01  1.00970E+00  8.57340E-01 -1.96598E-02
   20  2.00000E+01  1.06579E+00  9.60530E-01  9.12047E-02
   21  2.20421E+01  1.06579E+00  9.60530E-01  2.60243E-01
   22  2.40842E+01  1.06579E+00  9.60530E-01  2.44002E-01
   23  2.61263E+01  1.06579E+00  9.60530E-01  1.80531E-02
   24  2.81684E+01  1.06579E+00  9.60530E-01 -1.35789E-01
   25  3.02105E+01  1.06579E+00  9.60530E-01 -7.07496E-02
   26  3.22526E+01  1.06579E+00  9.60530E-01  1.10463E-01
   27  3.42947E+01  1.06579E+00  9.60530E-01  1.93628E-01
   28  3.63368E+01  1.06579E+00  9.60530E-01  7.36276E-02
   29  3.83790E+01  1.06579E+00  9.60530E-01 -7.48986E-02
   30  4.04211E+01  1.06579E+00  9.60530E-01 -1.01010E-01
   31  4.24632E+01  1.06579E+00  9.60530E-01  5.65911E-03
   32  4.45053E+01  1.06579E+00  9.60530E-01  1.14344E-01
   33  4.65474E+01  1.06579E+00  9.60530E-01  9.58915E-02
   34  4.85895E+01  1.06579E+00  9.60530E-01 -1.75868E-02
   35  5.06316E+01  1.06579E+00  9.60530E-01 -8.31154E-02
   36  5.26737E+01  1.06579E+00  9.60530E-01 -4.36430E-02
   37  5.47158E+01  1.06579E+00  9.60530E-01  4.35214E-02
   38  5.67579E+01  1.06579E+00  9.60530E-01  7.03488E-02
   39  5.88000E+01  1.06579E+00  9.60530E-01  6.12836E-02
   40  5.94947E+01  1.00970E+00  9.62600E-01  8.31519E-02
   41  6.01895E+01  9.53600E-01  9.64680E-01  1.11180E-01
   42  6.08842E+01  8.97510E-01  9.66760E-01  6.33174E-02
   43  6.15789E+01  8.41410E-01  9.68840E-01 -2.13991E-02
   44  6.22737E+01  7.85320E-01  9.70910E-01  6.94734E-03
   45  6.29684E+01  7.29220E-01  9.72990E-01 -1.63683E-02
   46  6.36632E+01  6.73130E-01  9.75070E-01 -1.60368E-01
   47  6.43579E+01  6.17040E-01  9.77150E-01 -1.71346E-01
   48  6.50526E+01  5.60940E-01  9.79220E-01 -1.51116E-01
   49  6.57474E+01  5.04850E-01  9.81300E-01 -1.47319E-01
   50  6.64421E+01  4.48750E-01  9.83380E-01  2.63953E-03
   51  6.71368E+01  3.92660E-01  9.85460E-01  4.87259E-03
   52  6.78316E+01  3.36570E-01  9.87530E-01 -2.35195E-01
   53  6.85263E+01  2.80470E-01  9.89610E-01 -4.72082E-01
   54  6.92211E+01  2.24380E-01  9.91690E-01 -4.19240E-01
   55  6.99158E+01  1.68280E-01  9.93770E-01 -4.07174E-01
   56  7.06105E+01  1.12190E-01  9.95840E-01 -2.79699E+00
   57  7.13053E+01  5.60900E-02  9.97920E-01 -5.02970E-01
   58  7.20000E+01  0.00000E+00  1.00000E+00  8.08840E+00
*eof
n01c017
    1  0.00000E+00  0.00000E+00 -1.00000E+00 -1.83057E-02
    2  1.05263E+00  5.98300E-02 -8.96950E-01 -1.83278E-02
    3  2.10526E+00  1.19670E-01 -7.93910E-01 -1.83287E-02
    4  3.15789E+00  1.79500E-01 -6.90860E-01 -1.83178E-02
    5  4.21053E+00  2.39340E-01 -5.87810E-01 -1.83020E-02
    6  5.26316E+00  2.99170E-01 -4.84760E-01 -1.82925E-02
    7  6.31579E+00  3.59000E-01 -3.81720E-01 -1.82927E-02
    8  7.36842E+00  4.18840E-01 -2.78670E-01 -1.83200E-02
    9  8.42105E+00  4.78670E-01 -1.75620E-01 -1.83439E-02
   10  9.47368E+00  5.38500E-01 -7.25800E-02 -1.83291E-02
   11  1.05263E+01  5.98340E-01  3.04700E-02 -1.82933E-02
   12  1.15790E+01  6.58170E-01  1.33520E-01 -1.82810E-02
   13  1.26316E+01  7.18010E-01  2.36570E-01 -1.82944E-02
   14  1.36842E+01  7.77840E-01  3.39610E-01 -1.83279E-02
   15  1.47368E+01  8.37670E-01  4.42660E-01 -1.83457E-02
   16  1.57895E+01  8.97510E-01  5.45710E-01 -1.83549E-02
   17  1.68421E+01  9.57340E-01  6.48750E-01 -1.72858E-02
   18  1.78947E+01  1.01717E+00  7.51800E-01 -2.75606E-02
   19  1.89474E+01  1.07701E+00  8.54850E-01 -1.88397E-02
   20  2.00000E+01  1.13684E+00  9.57890E-01  9.48324E-02
   21  2.20421E+01  1.13684E+00  9.57890E-01  2.61244E-01
   22  2.40842E+01  1.13684E+00  9.57890E-01  2.43433E-01
   23  2.61263E+01  1.13684E+00  9.57890E-01  1.96110E-02
   24  2.81684E+01  1.13684E+00  9.57890E-01 -1.33642E-01
   25  3.02105E+01  1.13684E+00  9.57890E-01 -7.04095E-02
   26  3.22526E+01  1.13684E+00  9.57890E-01  1.10666E-01
   27  3.42947E+01  1.13684E+00  9.57890E-01  1.93862E-01
   28  3.63368E+01  1.13684E+00  9.57890E-01  7.39846E-02
   29  3.83790E+01  1.13684E+00  9.57890E-01 -7.46090E-02
   30  4.04211E+01  1.13684E+00  9.57890E-01 -1.01498E-01
   31  4.24632E+01  1.13684E+00  9.57890E-01  4.64223E-03
   32  4.45053E+01  1.13684E+00  9.57890E-01  1.13189E-01
   33  4.65474E+01  1.13684E+00  9.57890E-01  9.51177E-02
   34  4.85895E+01  1.13684E+00  9.57890E-01 -1.85229E-02
   35  5.06316E+01  1.13684E+00  9.57890E-01 -8.42966E-02
   36  5.26737E+01  1.13684E+00  9.57890E-01 -4.53932E-02
   37  5.47158E+01  1.13684E+00  9.57890E-01  4.13309E-02
   38  5.67579E+01  1.13684E+00  9.57890E-01  6.79565E-02
   39  5.88000E+01  1.13684E+00  9.57890E-01  6.49675E-02
   40  5.94947E+01  1.07701E+00  9.60110E-01  9.46802E-02
   41  6.01895E+01  1.01717E+00  9.62330E-01  1.11651E-01
   42  6.08842E+01  9.57340E-01  9.64540E-01  5.52051E-02
   43  6.15789E+01  8.97510E-01  9.66760E-01 -2.62810E-02
   44  6.22737E+01  8.37670E-01  9.68980E-01  8.03743E-03
   45  6.29684E+01  7.77840E-01  9.71190E-01 -9.84922E-03
   46  6.36632E+01  7.18010E-01  9.73410E-01 -1.74561E-01
   47  6.43579E+01  6.58170E-01  9.75620E-01 -1.91879E-01
   48  6.50526E+01  5.98340E-01  9.77840E-01 -1.38392E-01
   49  6.57474E+01  5.38500E-01  9.80060E-01 -1.63031E-01
   50  6.64421E+01  4.78670E-01  9.82270E-01 -2.42462E-02
   51  6.71368E+01  4.18840E-01  9.84490E-01 -1.17750E-02
   52  6.78316E+01  3.59000E-01  9.86700E-01 -2.76200E-01
   53  6.85263E+01  2.99170E-01  9.88920E-01 -5.37279E-01
   54  6.92211E+01  2.39340E-01  9.91140E-01 -4.97711E-01
   55  6.99158E+01  1.79500E-01  9.93350E-01 -5.29679E-01
   56  7.06105E+01  1.19670E-01  9.95570E-01 -1.87746E+00
   57  7.13053E+01  5.98300E-02  9.97780E-01 -4.67255E+00
   58  7.20000E+01  0.00000E+00  1.00000E+00 -6.13804E+00
*eof
n01c018
    1  0.00000E+00  0.00000E+00 -1.00000E+00 -1.85323E-02
    2  1.05263E+00  6.35700E-02 -8.97090E-01 -1.85660E-02
    3  2.10526E+00  1.27150E-01 -7.94180E-01 -1.85426E-02
    4  3.15789E+00  1.90720E-01 -6.91270E-01 -1.85291E-02
    5  4.21053E+00  2.54290E-01 -5.88370E-01 -1.85120E-02
    6  5.26316E+00  3.17870E-01 -4.85460E-01 -1.85006E-02
    7  6.31579E+00  3.81440E-01 -3.82550E-01 -1.85012E-02
    8  7.36842E+00  4.45010E-01 -2.79640E-01 -1.85294E-02
    9  8.42105E+00  5.08590E-01 -1.76730E-01 -1.85551E-02
   10  9.47368E+00  5.72160E-01 -7.38200E-02 -1.85380E-02
   11  1.05263E+01  6.35730E-01  2.90900E-02 -1.85023E-02
   12  1.15790E+01  6.99310E-01  1.31990E-01 -1.84973E-02
   13  1.26316E+01  7.62880E-01  2.34900E-01 -1.85041E-02
   14  1.36842E+01  8.26450E-01  3.37810E-01 -1.85383E-02
   15  1.47368E+01  8.90030E-01  4.40720E-01 -1.85540E-02
   16  1.57895E+01  9.53600E-01  5.43630E-01 -1.85537E-02
   17  1.68421E+01  1.01717E+00  6.46540E-01 -1.74847E-02
   18  1.78947E+01  1.08075E+00  7.49450E-01 -2.79667E-02
   19  1.89474E+01  1.14432E+00  8.52350E-01 -1.76583E-02
   20  2.00000E+01  1.20789E+00  9.55260E-01  9.82321E-02
   21  2.20421E+01  1.20789E+00  9.55260E-01  2.62385E-01
   22  2.40842E+01  1.20789E+00  9.55260E-01  2.42673E-01
   23  2.61263E+01  1.20789E+00  9.55260E-01  2.10635E-02
   24  2.81684E+01  1.20789E+00  9.55260E-01 -1.31191E-01
   25  3.02105E+01  1.20789E+00  9.55260E-01 -6.99290E-02
   26  3.22526E+01  1.20789E+00  9.55260E-01  1.10934E-01
   27  3.42947E+01  1.20789E+00  9.55260E-01  1.94052E-01
   28  3.63368E+01  1.20789E+00  9.55260E-01  7.42674E-02
   29  3.83790E+01  1.20789E+00  9.55260E-01 -7.44849E-02
   30  4.04211E+01  1.20789E+00  9.55260E-01 -1.02118E-01
   31  4.24632E+01  1.20789E+00  9.55260E-01  3.44475E-03
   32  4.45053E+01  1.20789E+00  9.55260E-01  1.11742E-01
   33  4.65474E+01  1.20789E+00  9.55260E-01  9.39454E-02
   34  4.85895E+01  1.20789E+00  9.55260E-01 -1.98463E-02
   35  5.06316E+01  1.20789E+00  9.55260E-01 -8.58844E-02
   36  5.26737E+01  1.20789E+00  9.55260E-01 -4.75799E-02
   37  5.47158E+01  1.20789E+00  9.55260E-01  3.85064E-02
   38  5.67579E+01  1.20789E+00  9.55260E-01  6.57050E-02
   39  5.88000E+01  1.20789E+00  9.55260E-01  6.61140E-02
   40  5.94947E+01  1.14432E+00  9.57620E-01  1.02408E-01
   41  6.01895E+01  1.08075E+00  9.59970E-01  1.10663E-01
   42  6.08842E+01  1.01717E+00  9.62330E-01  4.90151E-02
   43  6.15789E+01  9.53600E-01  9.64680E-01 -3.14418E-02
   44  6.22737E+01  8.90030E-01  9.67040E-01  5.65741E-03
   45  6.29684E+01  8.26450E-01  9.69390E-01 -1.27927E-03
   46  6.36632E+01  7.62880E-01  9.71750E-01 -1.85545E-01
   47  6.43579E+01  6.99310E-01  9.74100E-01 -2.16990E-01
   48  6.50526E+01  6.35730E-01  9.76450E-01 -1.29770E-01
   49  6.57474E+01  5.72160E-01  9.78810E-01 -1.85982E-01
   50  6.64421E+01  5.08590E-01  9.81160E-01 -7.02617E-02
   51  6.71368E+01  4.45010E-01  9.83520E-01 -5.22238E-02
   52  6.78316E+01  3.81440E-01  9.85870E-01 -3.30287E-01
   53  6.85263E+01  3.17870E-01  9.88230E-01 -6.21988E-01
   54  6.92211E+01  2.54290E-01  9.90580E-01 -5.82764E-01
   55  6.99158E+01  1.90720E-01  9.92940E-01 -6.42830E-01
   56  7.06105E+01  1.27150E-01  9.95290E-01  5.49038E-01
   57  7.13053E+01  6.35700E-02  9.97650E-01 -1.21175E+01
   58  7.20000E+01  0.00000E+00  1.00000E+00 -3.14347E+01
*eof
n01c019
    1  0.00000E+00  0.00000E+00 -1.00000E+00 -1.89737E-02
    2  1.05263E+00  6.73100E-02 -8.97230E-01 -1.90151E-02
    3  2.10526E+00  1.34630E-01 -7.94460E-01 -1.90227E-02
    4  3.15789E+00  2.01940E-01 -6.91690E-01 -1.90182E-02
    5  4.21053E+00  2.69250E-01 -5.88920E-01 -1.90002E-02
    6  5.26316E+00  3.36570E-01 -4.86150E-01 -1.89872E-02
    7  6.31579E+00  4.03880E-01 -3.83380E-01 -1.89900E-02
    8  7.36842E+00  4.71190E-01 -2.80610E-01 -1.90204E-02
    9  8.42105E+00  5.38500E-01 -1.77840E-01 -1.90460E-02
   10  9.47368E+00  6.05820E-01 -7.50700E-02 -1.90270E-02
   11  1.05263E+01  6.73130E-01  2.77000E-02 -1.89934E-02
   12  1.15790E+01  7.40440E-01  1.30470E-01 -1.89915E-02
   13  1.26316E+01  8.07760E-01  2.33240E-01 -1.89931E-02
   14  1.36842E+01  8.75070E-01  3.36010E-01 -1.90240E-02
   15  1.47368E+01  9.42380E-01  4.38780E-01 -1.90388E-02
   16  1.57895E+01  1.00970E+00  5.41550E-01 -1.90255E-02
   17  1.68421E+01  1.07701E+00  6.44320E-01 -1.82914E-02
   18  1.78947E+01  1.14432E+00  7.47090E-01 -2.64853E-02
   19  1.89474E+01  1.21163E+00  8.49860E-01 -1.20874E-02
   20  2.00000E+01  1.27895E+00  9.52630E-01  9.84698E-02
   21  2.20421E+01  1.27895E+00  9.52630E-01  2.52245E-01
   22  2.40842E+01  1.27895E+00  9.52630E-01  2.29499E-01
   23  2.61263E+01  1.27895E+00  9.52630E-01  2.59876E-02
   24  2.81684E+01  1.27895E+00  9.52630E-01 -1.15288E-01
   25  3.02105E+01  1.27895E+00  9.52630E-01 -6.15207E-02
   26  3.22526E+01  1.27895E+00  9.52630E-01  1.04577E-01
   27  3.42947E+01  1.27895E+00  9.52630E-01  1.80448E-01
   28  3.63368E+01  1.27895E+00  9.52630E-01  6.99534E-02
   29  3.83790E+01  1.27895E+00  9.52630E-01 -6.98625E-02
   30  4.04211E+01  1.27895E+00  9.52630E-01 -9.79707E-02
   31  4.24632E+01  1.27895E+00  9.52630E-01 -1.96358E-03
   32  4.45053E+01  1.27895E+00  9.52630E-01  9.72259E-02
   33  4.65474E+01  1.27895E+00  9.52630E-01  8.05102E-02
   34  4.85895E+01  1.27895E+00  9.52630E-01 -2.54286E-02
   35  5.06316E+01  1.27895E+00  9.52630E-01 -8.85273E-02
   36  5.26737E+01  1.27895E+00  9.52630E-01 -5.47923E-02
   37  5.47158E+01  1.27895E+00  9.52630E-01  2.43584E-02
   38  5.67579E+01  1.27895E+00  9.52630E-01  5.46650E-02
   39  5.88000E+01  1.27895E+00  9.52630E-01  5.93394E-02
   40  5.94947E+01  1.21163E+00  9.55120E-01  9.55374E-02
   41  6.01895E+01  1.14432E+00  9.57620E-01  9.48833E-02
   42  6.08842E+01  1.07701E+00  9.60110E-01  3.52407E-02
   43  6.15789E+01  1.00970E+00  9.62600E-01 -4.14878E-02
   44  6.22737E+01  9.42380E-01  9.65100E-01 -1.98480E-02
   45  6.29684E+01  8.75070E-01  9.67590E-01 -3.52979E-02
   46  6.36632E+01  8.07760E-01  9.70080E-01 -2.27809E-01
   47  6.43579E+01  7.40440E-01  9.72580E-01 -2.83478E-01
   48  6.50526E+01  6.73130E-01  9.75070E-01 -2.00575E-01
   49  6.57474E+01  6.05820E-01  9.77560E-01 -2.87759E-01
   50  6.64421E+01  5.38500E-01  9.80060E-01 -2.29328E-01
   51  6.71368E+01  4.71190E-01  9.82550E-01 -2.59277E-01
   52  6.78316E+01  4.03880E-01  9.85040E-01 -5.91654E-01
   53  6.85263E+01  3.36570E-01  9.87530E-01 -9.87481E-01
   54  6.92211E+01  2.69250E-01  9.90030E-01 -1.17357E+00
   55  6.99158E+01  2.01940E-01  9.92520E-01 -1.82656E+00
   56  7.06105E+01  1.34630E-01  9.95010E-01 -1.56871E+00
   57  7.13053E+01  6.73100E-02  9.97510E-01 -3.22858E+01
   58  7.20000E+01  0.00000E+00  1.00000E+00 -9.36609E+01
*eof
n01c020
    1  0.00000E+00  0.00000E+00 -1.00000E+00 -1.92833E-02
    2  1.05263E+00  7.10500E-02 -8.97370E-01 -1.95927E-02
    3  2.10526E+00  1.42110E-01 -7.94740E-01 -1.97282E-02
    4  3.15789E+00  2.13160E-01 -6.92110E-01 -1.97319E-02
    5  4.21053E+00  2.84210E-01 -5.89470E-01 -1.97028E-02
    6  5.26316E+00  3.55260E-01 -4.86840E-01 -1.96836E-02
    7  6.31579E+00  4.26320E-01 -3.84210E-01 -1.96879E-02
    8  7.36842E+00  4.97370E-01 -2.81580E-01 -1.97309E-02
    9  8.42105E+00  5.68420E-01 -1.78950E-01 -1.97661E-02
   10  9.47368E+00  6.39470E-01 -7.63200E-02 -1.97348E-02
   11  1.05263E+01  7.10530E-01  2.63200E-02 -1.96888E-02
   12  1.15790E+01  7.81580E-01  1.28950E-01 -1.96912E-02
   13  1.26316E+01  8.52630E-01  2.31580E-01 -1.96939E-02
   14  1.36842E+01  9.23680E-01  3.34210E-01 -1.97354E-02
   15  1.47368E+01  9.94740E-01  4.36840E-01 -1.97521E-02
   16  1.57895E+01  1.06579E+00  5.39470E-01 -1.97407E-02
   17  1.68421E+01  1.13684E+00  6.42110E-01 -1.81727E-02
   18  1.78947E+01  1.20789E+00  7.44740E-01 -3.33395E-02
   19  1.89474E+01  1.27895E+00  8.47370E-01 -2.75505E-02
   20  2.00000E+01  1.35000E+00  9.50000E-01  1.06656E-01
   21  2.20421E+01  1.35000E+00  9.50000E-01  2.92810E-01
   22  2.40842E+01  1.35000E+00  9.50000E-01  2.65145E-01
   23  2.61263E+01  1.35000E+00  9.50000E-01  1.42708E-02
   24  2.81684E+01  1.35000E+00  9.50000E-01 -1.54170E-01
   25  3.02105E+01  1.35000E+00  9.50000E-01 -8.49602E-02
   26  3.22526E+01  1.35000E+00  9.50000E-01  1.22748E-01
   27  3.42947E+01  1.35000E+00  9.50000E-01  2.16776E-01
   28  3.63368E+01  1.35000E+00  9.50000E-01  7.37358E-02
   29  3.83790E+01  1.35000E+00  9.50000E-01 -9.88131E-02
   30  4.04211E+01  1.35000E+00  9.50000E-01 -1.31997E-01
   31  4.24632E+01  1.35000E+00  9.50000E-01 -1.21672E-02
   32  4.45053E+01  1.35000E+00  9.50000E-01  1.10518E-01
   33  4.65474E+01  1.35000E+00  9.50000E-01  8.71813E-02
   34  4.85895E+01  1.35000E+00  9.50000E-01 -4.75175E-02
   35  5.06316E+01  1.35000E+00  9.50000E-01 -1.24578E-01
   36  5.26737E+01  1.35000E+00  9.50000E-01 -8.19160E-02
   37  5.47158E+01  1.35000E+00  9.50000E-01  1.48697E-02
   38  5.67579E+01  1.35000E+00  9.50000E-01  4.49612E-02
   39  5.88000E+01  1.35000E+00  9.50000E-01  4.13122E-02
   40  5.94947E+01  1.27895E+00  9.52630E-01  9.16007E-02
   41  6.01895E+01  1.20789E+00  9.55260E-01  8.65459E-02
   42  6.08842E+01  1.13684E+00  9.57890E-01  1.90383E-02
   43  6.15789E+01  1.06579E+00  9.60530E-01 -8.32974E-02
   44  6.22737E+01  9.94740E-01  9.63160E-01 -4.59285E-02
   45  6.29684E+01  9.23680E-01  9.65790E-01 -5.24765E-02
   46  6.36632E+01  8.52630E-01  9.68420E-01 -3.36291E-01
   47  6.43579E+01  7.81580E-01  9.71050E-01 -4.23552E-01
   48  6.50526E+01  7.10530E-01  9.73680E-01 -2.91524E-01
   49  6.57474E+01  6.39470E-01  9.76320E-01 -4.97138E-01
   50  6.64421E+01  5.68420E-01  9.78950E-01 -4.31151E-01
   51  6.71368E+01  4.97370E-01  9.81580E-01 -5.04249E-01
   52  6.78316E+01  4.26320E-01  9.84210E-01 -9.87913E-01
   53  6.85263E+01  3.55260E-01  9.86840E-01 -1.62216E+00
   54  6.92211E+01  2.84210E-01  9.89470E-01 -1.89651E+00
   55  6.99158E+01  2.13160E-01  9.92110E-01 -2.99324E+00
   56  7.06105E+01  1.42110E-01  9.94740E-01  3.22534E+00
   57  7.13053E+01  7.10500E-02  9.97370E-01 -5.27053E+01
   58  7.20000E+01  0.00000E+00  1.00000E+00 -1.39037E+02
*eof
n02c001
    1  7.20000E+01  0.00000E+00  1.00000E+00 -6.61724E+01
    2  7.20000E+01  0.00000E+00  1.00000E+00 -2.81407E+01
    3  7.20000E+01  0.00000E+00  1.00000E+00  2.00153E+01
    4  7.20000E+01  0.00000E+00  1.00000E+00  3.37754E+01
    5  7.20000E+01  0.00000E+00  1.00000E+00  3.90396E+01
    6  7.20000E+01  0.00000E+00  1.00000E+00  4.13968E+01
    7  7.20000E+01  0.00000E+00  1.00000E+00  4.20947E+01
    8  7.20000E+01  0.00000E+00  1.00000E+00  4.19979E+01
    9  7.20000E+01  0.00000E+00  1.00000E+00  4.20498E+01
   10  7.20000E+01  0.00000E+00  1.00000E+00  4.20050E+01
   11  7.20000E+01  0.00000E+00  1.00000E+00  4.17271E+01
   12  7.20000E+01  0.00000E+00  1.00000E+00  4.16350E+01
   13  7.20000E+01  0.00000E+00  1.00000E+00  4.19051E+01
   14  7.20000E+01  0.00000E+00  1.00000E+00  4.28236E+01
   15  7.20000E+01  0.00000E+00  1.00000E+00  4.48746E+01
   16  7.20000E+01  0.00000E+00  1.00000E+00  4.87535E+01
   17  7.20000E+01  0.00000E+00  1.00000E+00  5.58900E+01
   18  7.20000E+01  0.00000E+00  1.00000E+00  4.72493E+02
   19  7.20000E+01  0.00000E+00  1.00000E+00 -5.87505E+04
   20  7.20000E+01  0.00000E+00  1.00000E+00 -1.18385E+05
*eof
n02c002
    1  7.13053E+01  7.10500E-02  9.97370E-01 -3.12405E+01
    2  7.13053E+01  7.10500E-02  9.92110E-01 -1.22423E+01
    3  7.13053E+01  7.10500E-02  9.86840E-01  2.40278E+00
    4  7.13053E+01  7.10500E-02  9.81580E-01  6.62708E+00
    5  7.13053E+01  7.10500E-02  9.76320E-01  8.24060E+00
    6  7.13053E+01  7.10500E-02  9.71050E-01  8.94671E+00
    7  7.13053E+01  7.10500E-02  9.65790E-01  9.15735E+00
    8  7.13053E+01  7.10500E-02  9.60530E-01  9.15109E+00
    9  7.13053E+01  7.10500E-02  9.55260E-01  9.16219E+00
   10  7.13053E+01  7.10500E-02  9.50000E-01  9.13973E+00
   11  7.13053E+01  7.10500E-02  9.44740E-01  9.06015E+00
   12  7.13053E+01  7.10500E-02  9.39470E-01  9.02891E+00
   13  7.13053E+01  7.10500E-02  9.34210E-01  9.10051E+00
   14  7.13053E+01  7.10500E-02  9.28950E-01  9.35739E+00
   15  7.13053E+01  7.10500E-02  9.23680E-01  9.93463E+00
   16  7.13053E+01  7.10500E-02  9.18420E-01  1.10513E+01
   17  7.13053E+01  7.10500E-02  9.13160E-01  1.30554E+01
   18  7.13053E+01  7.10500E-02  9.07890E-01 -3.22772E+02
   19  7.13053E+01  7.10500E-02  9.02630E-01 -1.85362E+04
   20  7.13053E+01  7.10500E-02  8.97370E-01 -4.57755E+04
*eof
n02c003
    1  7.06105E+01  1.42110E-01  9.94740E-01 -4.56400E+00
    2  7.06105E+01  1.42110E-01  9.84210E-01 -3.30568E+00
    3  7.06105E+01  1.42110E-01  9.73680E-01 -2.53284E+00
    4  7.06105E+01  1.42110E-01  9.63160E-01 -4.37617E+00
    5  7.06105E+01  1.42110E-01  9.52630E-01 -4.82973E+00
    6  7.06105E+01  1.42110E-01  9.42110E-01 -4.98275E+00
    7  7.06105E+01  1.42110E-01  9.31580E-01 -5.05460E+00
    8  7.06105E+01  1.42110E-01  9.21050E-01 -5.08072E+00
    9  7.06105E+01  1.42110E-01  9.10530E-01 -5.09032E+00
   10  7.06105E+01  1.42110E-01  9.00000E-01 -5.11382E+00
   11  7.06105E+01  1.42110E-01  8.89470E-01 -5.13937E+00
   12  7.06105E+01  1.42110E-01  8.78950E-01 -5.16589E+00
   13  7.06105E+01  1.42110E-01  8.68420E-01 -5.21522E+00
   14  7.06105E+01  1.42110E-01  8.57890E-01 -5.30211E+00
   15  7.06105E+01  1.42110E-01  8.47370E-01 -5.45078E+00
   16  7.06105E+01  1.42110E-01  8.36840E-01 -5.63847E+00
   17  7.06105E+01  1.42110E-01  8.26320E-01 -4.77351E+00
   18  7.06105E+01  1.42110E-01  8.15790E-01  2.61367E+03
   19  7.06105E+01  1.42110E-01  8.05260E-01  1.31934E+03
   20  7.06105E+01  1.42110E-01  7.94740E-01  3.01960E+03
*eof
n02c004
    1  6.99158E+01  2.13160E-01  9.92110E-01 -2.42054E+00
    2  6.99158E+01  2.13160E-01  9.76320E-01 -1.30614E+00
    3  6.99158E+01  2.13160E-01  9.60530E-01 -4.43865E-01
    4  6.99158E+01  2.13160E-01  9.44740E-01 -5.16140E-01
    5  6.99158E+01  2.13160E-01  9.28950E-01 -5.17948E-01
    6  6.99158E+01  2.13160E-01  9.13160E-01 -5.14653E-01
    7  6.99158E+01  2.13160E-01  8.97370E-01 -5.21709E-01
    8  6.99158E+01  2.13160E-01  8.81580E-01 -5.16258E-01
    9  6.99158E+01  2.13160E-01  8.65790E-01 -5.16233E-01
   10  6.99158E+01  2.13160E-01  8.50000E-01 -5.50720E-01
   11  6.99158E+01  2.13160E-01  8.34210E-01 -5.97835E-01
   12  6.99158E+01  2.13160E-01  8.18420E-01 -6.47507E-01
   13  6.99158E+01  2.13160E-01  8.02630E-01 -6.96549E-01
   14  6.99158E+01  2.13160E-01  7.86840E-01 -7.30904E-01
   15  6.99158E+01  2.13160E-01  7.71050E-01 -7.48491E-01
   16  6.99158E+01  2.13160E-01  7.55260E-01 -7.08453E-01
   17  6.99158E+01  2.13160E-01  7.39470E-01 -1.51155E-01
   18  6.99158E+01  2.13160E-01  7.23680E-01  2.66881E+02
   19  6.99158E+01  2.13160E-01  7.07890E-01 -4.92191E+02
   20  6.99158E+01  2.13160E-01  6.92110E-01 -2.06797E+03
*eof
n02c005
    1  6.92211E+01  2.84210E-01  9.89470E-01 -1.30246E+00
    2  6.92211E+01  2.84210E-01  9.68420E-01 -7.10826E-01
    3  6.92211E+01  2.84210E-01  9.47370E-01 -2.43870E-01
    4  6.92211E+01  2.84210E-01  9.26320E-01 -2.37587E-01
    5  6.92211E+01  2.84210E-01  9.05260E-01 -2.10854E-01
    6  6.92211E+01  2.84210E-01  8.84210E-01 -1.94509E-01
    7  6.92211E+01  2.84210E-01  8.63160E-01 -1.82398E-01
    8  6.92211E+01  2.84210E-01  8.42110E-01 -1.53186E-01
    9  6.92211E+01  2.84210E-01  8.21050E-01 -1.32098E-01
   10  6.92211E+01  2.84210E-01  8.00000E-01 -1.54916E-01
   11  6.92211E+01  2.84210E-01  7.78950E-01 -1.89424E-01
   12  6.92211E+01  2.84210E-01  7.57890E-01 -2.15149E-01
   13  6.92211E+01  2.84210E-01  7.36840E-01 -2.36705E-01
   14  6.92211E+01  2.84210E-01  7.15790E-01 -2.46499E-01
   15  6.92211E+01  2.84210E-01  6.94740E-01 -2.54341E-01
   16  6.92211E+01  2.84210E-01  6.73680E-01 -2.62878E-01
   17  6.92211E+01  2.84210E-01  6.52630E-01  2.15584E-02
   18  6.92211E+01  2.84210E-01  6.31580E-01  1.37265E+02
   19  6.92211E+01  2.84210E-01  6.10530E-01 -3.58128E+02
   20  6.92211E+01  2.84210E-01  5.89470E-01 -1.43093E+03
*eof
n02c006
    1  6.85263E+01  3.55260E-01  9.86840E-01 -1.24095E+00
    2  6.85263E+01  3.55260E-01  9.60530E-01 -6.95798E-01
    3  6.85263E+01  3.55260E-01  9.34210E-01 -4.24425E-01
    4  6.85263E+01  3.55260E-01  9.07890E-01 -4.01931E-01
    5  6.85263E+01  3.55260E-01  8.81580E-01 -3.78131E-01
    6  6.85263E+01  3.55260E-01  8.55260E-01 -3.65659E-01
    7  6.85263E+01  3.55260E-01  8.28950E-01 -3.57030E-01
    8  6.85263E+01  3.55260E-01  8.02630E-01 -3.42122E-01
    9  6.85263E+01  3.55260E-01  7.76320E-01 -3.35671E-01
   10  6.85263E+01  3.55260E-01  7.50000E-01 -3.53377E-01
   11  6.85263E+01  3.55260E-01  7.23680E-01 -3.72380E-01
   12  6.85263E+01  3.55260E-01  6.97370E-01 -3.85425E-01
   13  6.85263E+01  3.55260E-01  6.71050E-01 -4.00195E-01
   14  6.85263E+01  3.55260E-01  6.44740E-01 -3.97918E-01
   15  6.85263E+01  3.55260E-01  6.18420E-01 -3.77094E-01
   16  6.85263E+01  3.55260E-01  5.92110E-01 -3.46158E-01
   17  6.85263E+01  3.55260E-01  5.65790E-01 -8.77726E-02
   18  6.85263E+01  3.55260E-01  5.39470E-01  8.74894E+01
   19  6.85263E+01  3.55260E-01  5.13160E-01 -2.98586E+02
   20  6.85263E+01  3.55260E-01  4.86840E-01 -1.17616E+03
*eof
n02c007
    1  6.78316E+01  4.26320E-01  9.84210E-01 -7.39512E-01
    2  6.78316E+01  4.26320E-01  9.52630E-01 -4.12055E-01
    3  6.78316E+01  4.26320E-01  9.21050E-01 -2.38451E-01
    4  6.78316E+01  4.26320E-01  8.89470E-01 -2.46692E-01
    5  6.78316E+01  4.26320E-01  8.57890E-01 -2.55145E-01
    6  6.78316E+01  4.26320E-01  8.26320E-01 -2.67092E-01
    7  6.78316E+01  4.26320E-01  7.94740E-01 -2.72042E-01
    8  6.78316E+01  4.26320E-01  7.63160E-01 -2.70640E-01
    9  6.78316E+01  4.26320E-01  7.31580E-01 -2.72864E-01
   10  6.78316E+01  4.26320E-01  7.00000E-01 -2.80990E-01
   11  6.78316E+01  4.26320E-01  6.68420E-01 -2.92422E-01
   12  6.78316E+01  4.26320E-01  6.36840E-01 -3.13736E-01
   13  6.78316E+01  4.26320E-01  6.05260E-01 -3.49174E-01
   14  6.78316E+01  4.26320E-01  5.73680E-01 -3.73442E-01
   15  6.78316E+01  4.26320E-01  5.42110E-01 -3.71396E-01
   16  6.78316E+01  4.26320E-01  5.10530E-01 -3.57673E-01
   17  6.78316E+01  4.26320E-01  4.78950E-01 -1.60595E-01
   18  6.78316E+01  4.26320E-01  4.47370E-01  6.90885E+01
   19  6.78316E+01  4.26320E-01  4.15790E-01 -1.97786E+02
   20  6.78316E+01  4.26320E-01  3.84210E-01 -7.90952E+02
*eof
n02c008
    1  6.71368E+01  4.97370E-01  9.81580E-01 -2.88069E-01
    2  6.71368E+01  4.97370E-01  9.44740E-01 -1.15393E-01
    3  6.71368E+01  4.97370E-01  9.07890E-01  2.17788E-02
    4  6.71368E+01  4.97370E-01  8.71050E-01  8.06143E-03
    5  6.71368E+01  4.97370E-01  8.34210E-01 -1.15983E-02
    6  6.71368E+01  4.97370E-01  7.97370E-01 -3.70314E-02
    7  6.71368E+01  4.97370E-01  7.60530E-01 -5.36634E-02
    8  6.71368E+01  4.97370E-01  7.23680E-01 -6.78650E-02
    9  6.71368E+01  4.97370E-01  6.86840E-01 -8.87672E-02
   10  6.71368E+01  4.97370E-01  6.50000E-01 -1.11578E-01
   11  6.71368E+01  4.97370E-01  6.13160E-01 -1.34150E-01
   12  6.71368E+01  4.97370E-01  5.76320E-01 -1.56147E-01
   13  6.71368E+01  4.97370E-01  5.39470E-01 -1.82114E-01
   14  6.71368E+01  4.97370E-01  5.02630E-01 -1.99009E-01
   15  6.71368E+01  4.97370E-01  4.65790E-01 -1.93375E-01
   16  6.71368E+01  4.97370E-01  4.28950E-01 -1.94026E-01
   17  6.71368E+01  4.97370E-01  3.92110E-01 -1.01671E-01
   18  6.71368E+01  4.97370E-01  3.55260E-01  5.14250E+01
   19  6.71368E+01  4.97370E-01  3.18420E-01 -1.35076E+02
   20  6.71368E+01  4.97370E-01  2.81580E-01 -5.45132E+02
*eof
n02c009
    1  6.64421E+01  5.68420E-01  9.78950E-01 -2.96094E-01
    2  6.64421E+01  5.68420E-01  9.36840E-01 -1.30053E-01
    3  6.64421E+01  5.68420E-01  8.94740E-01 -2.09471E-02
    4  6.64421E+01  5.68420E-01  8.52630E-01 -1.11995E-02
    5  6.64421E+01  5.68420E-01  8.10530E-01 -7.78604E-03
    6  6.64421E+01  5.68420E-01  7.68420E-01 -2.02094E-02
    7  6.64421E+01  5.68420E-01  7.26320E-01 -3.43331E-02
    8  6.64421E+01  5.68420E-01  6.84210E-01 -4.70932E-02
    9  6.64421E+01  5.68420E-01  6.42110E-01 -6.39153E-02
   10  6.64421E+01  5.68420E-01  6.00000E-01 -8.33281E-02
   11  6.64421E+01  5.68420E-01  5.57890E-01 -1.04808E-01
   12  6.64421E+01  5.68420E-01  5.15790E-01 -1.26819E-01
   13  6.64421E+01  5.68420E-01  4.73680E-01 -1.54201E-01
   14  6.64421E+01  5.68420E-01  4.31580E-01 -1.71946E-01
   15  6.64421E+01  5.68420E-01  3.89470E-01 -1.62238E-01
   16  6.64421E+01  5.68420E-01  3.47370E-01 -1.55370E-01
   17  6.64421E+01  5.68420E-01  3.05260E-01 -8.22950E-02
   18  6.64421E+01  5.68420E-01  2.63160E-01  4.01943E+01
   19  6.64421E+01  5.68420E-01  2.21050E-01 -1.10935E+02
   20  6.64421E+01  5.68420E-01  1.78950E-01 -4.43297E+02
*eof
n02c010
    1  6.57474E+01  6.39470E-01  9.76320E-01 -3.52382E-01
    2  6.57474E+01  6.39470E-01  9.28950E-01 -1.80095E-01
    3  6.57474E+01  6.39470E-01  8.81580E-01 -1.03161E-01
    4  6.57474E+01  6.39470E-01  8.34210E-01 -1.00901E-01
    5  6.57474E+01  6.39470E-01  7.86840E-01 -9.56774E-02
    6  6.57474E+01  6.39470E-01  7.39470E-01 -9.19044E-02
    7  6.57474E+01  6.39470E-01  6.92110E-01 -9.02613E-02
    8  6.57474E+01  6.39470E-01  6.44740E-01 -8.94486E-02
    9  6.57474E+01  6.39470E-01  5.97370E-01 -9.08428E-02
   10  6.57474E+01  6.39470E-01  5.50000E-01 -9.31767E-02
   11  6.57474E+01  6.39470E-01  5.02630E-01 -9.48283E-02
   12  6.57474E+01  6.39470E-01  4.55260E-01 -9.77305E-02
   13  6.57474E+01  6.39470E-01  4.07890E-01 -1.14654E-01
   14  6.57474E+01  6.39470E-01  3.60530E-01 -1.39572E-01
   15  6.57474E+01  6.39470E-01  3.13160E-01 -1.49659E-01
   16  6.57474E+01  6.39470E-01  2.65790E-01 -1.51871E-01
   17  6.57474E+01  6.39470E-01  2.18420E-01 -7.05672E-02
   18  6.57474E+01  6.39470E-01  1.71050E-01  3.34120E+01
   19  6.57474E+01  6.39470E-01  1.23680E-01 -1.07321E+02
   20  6.57474E+01  6.39470E-01  7.63200E-02 -4.22921E+02
*eof
n02c011
    1  6.50526E+01  7.10530E-01  9.73680E-01 -2.04913E-01
    2  6.50526E+01  7.10530E-01  9.21050E-01 -1.27778E-01
    3  6.50526E+01  7.10530E-01  8.68420E-01 -6.53838E-02
    4  6.50526E+01  7.10530E-01  8.15790E-01 -7.80867E-02
    5  6.50526E+01  7.10530E-01  7.63160E-01 -9.02689E-02
    6  6.50526E+01  7.10530E-01  7.10530E-01 -9.44374E-02
    7  6.50526E+01  7.10530E-01  6.57890E-01 -9.43697E-02
    8  6.50526E+01  7.10530E-01  6.05260E-01 -9.45091E-02
    9  6.50526E+01  7.10530E-01  5.52630E-01 -9.56379E-02
   10  6.50526E+01  7.10530E-01  5.00000E-01 -9.58724E-02
   11  6.50526E+01  7.10530E-01  4.47370E-01 -9.01316E-02
   12  6.50526E+01  7.10530E-01  3.94740E-01 -8.22409E-02
   13  6.50526E+01  7.10530E-01  3.42110E-01 -8.43338E-02
   14  6.50526E+01  7.10530E-01  2.89470E-01 -9.60928E-02
   15  6.50526E+01  7.10530E-01  2.36840E-01 -1.05985E-01
   16  6.50526E+01  7.10530E-01  1.84210E-01 -1.13194E-01
   17  6.50526E+01  7.10530E-01  1.31580E-01 -3.77366E-02
   18  6.50526E+01  7.10530E-01  7.89500E-02  3.06454E+01
   19  6.50526E+01  7.10530E-01  2.63200E-02 -9.78680E+01
   20  6.50526E+01  7.10530E-01 -2.63200E-02 -3.86242E+02
*eof
n02c012
    1  6.43579E+01  7.81580E-01  9.71050E-01 -3.70643E-01
    2  6.43579E+01  7.81580E-01  9.13160E-01 -2.44534E-01
    3  6.43579E+01  7.81580E-01  8.55260E-01 -1.99293E-01
    4  6.43579E+01  7.81580E-01  7.97370E-01 -1.89277E-01
    5  6.43579E+01  7.81580E-01  7.39470E-01 -1.87617E-01
    6  6.43579E+01  7.81580E-01  6.81580E-01 -1.88851E-01
    7  6.43579E+01  7.81580E-01  6.23680E-01 -1.87422E-01
    8  6.43579E+01  7.81580E-01  5.65790E-01 -1.84265E-01
    9  6.43579E+01  7.81580E-01  5.07890E-01 -1.84712E-01
   10  6.43579E+01  7.81580E-01  4.50000E-01 -1.86918E-01
   11  6.43579E+01  7.81580E-01  3.92110E-01 -1.76572E-01
   12  6.43579E+01  7.81580E-01  3.34210E-01 -1.57584E-01
   13  6.43579E+01  7.81580E-01  2.76320E-01 -1.44582E-01
   14  6.43579E+01  7.81580E-01  2.18420E-01 -1.36749E-01
   15  6.43579E+01  7.81580E-01  1.60530E-01 -1.27927E-01
   16  6.43579E+01  7.81580E-01  1.02630E-01 -1.20710E-01
   17  6.43579E+01  7.81580E-01  4.47400E-02 -5.55764E-02
   18  6.43579E+01  7.81580E-01 -1.31600E-02  2.76000E+01
   19  6.43579E+01  7.81580E-01 -7.10500E-02 -8.66825E+01
   20  6.43579E+01  7.81580E-01 -1.28950E-01 -3.42594E+02
*eof
n02c013
    1  6.36632E+01  8.52630E-01  9.68420E-01 -2.58662E-01
    2  6.36632E+01  8.52630E-01  9.05260E-01 -1.73364E-01
    3  6.36632E+01  8.52630E-01  8.42110E-01 -1.44084E-01
    4  6.36632E+01  8.52630E-01  7.78950E-01 -1.39269E-01
    5  6.36632E+01  8.52630E-01  7.15790E-01 -1.36479E-01
    6  6.36632E+01  8.52630E-01  6.52630E-01 -1.40642E-01
    7  6.36632E+01  8.52630E-01  5.89470E-01 -1.49805E-01
    8  6.36632E+01  8.52630E-01  5.26320E-01 -1.60573E-01
    9  6.36632E+01  8.52630E-01  4.63160E-01 -1.77171E-01
   10  6.36632E+01  8.52630E-01  4.00000E-01 -1.97429E-01
   11  6.36632E+01  8.52630E-01  3.36840E-01 -2.04119E-01
   12  6.36632E+01  8.52630E-01  2.73680E-01 -1.97265E-01
   13  6.36632E+01  8.52630E-01  2.10530E-01 -1.88632E-01
   14  6.36632E+01  8.52630E-01  1.47370E-01 -1.77578E-01
   15  6.36632E+01  8.52630E-01  8.42100E-02 -1.60660E-01
   16  6.36632E+01  8.52630E-01  2.10500E-02 -1.49109E-01
   17  6.36632E+01  8.52630E-01 -4.21100E-02 -9.91683E-02
   18  6.36632E+01  8.52630E-01 -1.05260E-01  2.37357E+01
   19  6.36632E+01  8.52630E-01 -1.68420E-01 -7.63146E+01
   20  6.36632E+01  8.52630E-01 -2.31580E-01 -3.01204E+02
*eof
n02c014
    1  6.29684E+01  9.23680E-01  9.65790E-01 -8.26518E-05
    2  6.29684E+01  9.23680E-01  8.97370E-01  2.46800E-03
    3  6.29684E+01  9.23680E-01  8.28950E-01  2.75134E-02
    4  6.29684E+01  9.23680E-01  7.60530E-01  1.90627E-02
    5  6.29684E+01  9.23680E-01  6.92110E-01  1.46859E-02
    6  6.29684E+01  9.23680E-01  6.23680E-01  1.00375E-02
    7  6.29684E+01  9.23680E-01  5.55260E-01  2.05294E-03
    8  6.29684E+01  9.23680E-01  4.86840E-01 -5.94145E-03
    9  6.29684E+01  9.23680E-01  4.18420E-01 -1.73411E-02
   10  6.29684E+01  9.23680E-01  3.50000E-01 -3.69220E-02
   11  6.29684E+01  9.23680E-01  2.81580E-01 -5.65782E-02
   12  6.29684E+01  9.23680E-01  2.13160E-01 -7.32777E-02
   13  6.29684E+01  9.23680E-01  1.44740E-01 -8.92438E-02
   14  6.29684E+01  9.23680E-01  7.63200E-02 -1.00040E-01
   15  6.29684E+01  9.23680E-01  7.89000E-03 -1.01444E-01
   16  6.29684E+01  9.23680E-01 -6.05300E-02 -1.03282E-01
   17  6.29684E+01  9.23680E-01 -1.28950E-01 -7.61602E-02
   18  6.29684E+01  9.23680E-01 -1.97370E-01  2.03545E+01
   19  6.29684E+01  9.23680E-01 -2.65790E-01 -6.27890E+01
   20  6.29684E+01  9.23680E-01 -3.34210E-01 -2.49247E+02
*eof
n02c015
    1  6.22737E+01  9.94740E-01  9.63160E-01 -2.45099E-02
    2  6.22737E+01  9.94740E-01  8.89470E-01 -5.36397E-03
    3  6.22737E+01  9.94740E-01  8.15790E-01  8.29063E-03
    4  6.22737E+01  9.94740E-01  7.42110E-01  4.75989E-03
    5  6.22737E+01  9.94740E-01  6.68420E-01  1.56535E-03
    6  6.22737E+01  9.94740E-01  5.94740E-01  1.80947E-03
    7  6.22737E+01  9.94740E-01  5.21050E-01  3.73138E-03
    8  6.22737E+01  9.94740E-01  4.47370E-01  8.18138E-03
    9  6.22737E+01  9.94740E-01  3.73680E-01  1.33211E-02
   10  6.22737E+01  9.94740E-01  3.00000E-01  1.14707E-02
   11  6.22737E+01  9.94740E-01  2.26320E-01  3.34281E-03
   12  6.22737E+01  9.94740E-01  1.52630E-01 -9.31953E-03
   13  6.22737E+01  9.94740E-01  7.89500E-02 -2.56673E-02
   14  6.22737E+01  9.94740E-01  5.26000E-03 -3.99154E-02
   15  6.22737E+01  9.94740E-01 -6.84200E-02 -4.86967E-02
   16  6.22737E+01  9.94740E-01 -1.42110E-01 -5.47810E-02
   17  6.22737E+01  9.94740E-01 -2.15790E-01 -4.02981E-02
   18  6.22737E+01  9.94740E-01 -2.89470E-01  1.72323E+01
   19  6.22737E+01  9.94740E-01 -3.63160E-01 -5.02070E+01
   20  6.22737E+01  9.94740E-01 -4.36840E-01 -2.00294E+02
*eof
n02c016
    1  6.15789E+01  1.06579E+00  9.60530E-01 -5.25879E-02
    2  6.15789E+01  1.06579E+00  8.81580E-01 -2.35378E-02
    3  6.15789E+01  1.06579E+00  8.02630E-01 -2.05913E-02
    4  6.15789E+01  1.06579E+00  7.23680E-01 -2.00883E-02
    5  6.15789E+01  1.06579E+00  6.44740E-01 -2.41489E-02
    6  6.15789E+01  1.06579E+00  5.65790E-01 -2.95325E-02
    7  6.15789E+01  1.06579E+00  4.86840E-01 -3.71307E-02
    8  6.15789E+01  1.06579E+00  4.07890E-01 -4.63595E-02
    9  6.15789E+01  1.06579E+00  3.28950E-01 -4.96184E-02
   10  6.15789E+01  1.06579E+00  2.50000E-01 -5.02183E-02
   11  6.15789E+01  1.06579E+00  1.71050E-01 -5.41484E-02
   12  6.15789E+01  1.06579E+00  9.21100E-02 -6.16923E-02
   13  6.15789E+01  1.06579E+00  1.31600E-02 -7.12487E-02
   14  6.15789E+01  1.06579E+00 -6.57900E-02 -7.67612E-02
   15  6.15789E+01  1.06579E+00 -1.44740E-01 -7.57570E-02
   16  6.15789E+01  1.06579E+00 -2.23680E-01 -7.26689E-02
   17  6.15789E+01  1.06579E+00 -3.02630E-01 -5.47298E-02
   18  6.15789E+01  1.06579E+00 -3.81580E-01  1.41441E+01
   19  6.15789E+01  1.06579E+00 -4.60530E-01 -4.26167E+01
   20  6.15789E+01  1.06579E+00 -5.39470E-01 -1.69421E+02
*eof
n02c017
    1  6.08842E+01  1.13684E+00  9.57890E-01  4.07769E-02
    2  6.08842E+01  1.13684E+00  8.73680E-01  4.60098E-02
    3  6.08842E+01  1.13684E+00  7.89470E-01  4.90274E-02
    4  6.08842E+01  1.13684E+00  7.05260E-01  4.47786E-02
    5  6.08842E+01  1.13684E+00  6.21050E-01  3.66789E-02
    6  6.08842E+01  1.13684E+00  5.36840E-01  2.82529E-02
    7  6.08842E+01  1.13684E+00  4.52630E-01  1.86165E-02
    8  6.08842E+01  1.13684E+00  3.68420E-01  4.33180E-04
    9  6.08842E+01  1.13684E+00  2.84210E-01 -1.67453E-02
   10  6.08842E+01  1.13684E+00  2.00000E-01 -2.64978E-02
   11  6.08842E+01  1.13684E+00  1.15790E-01 -3.45202E-02
   12  6.08842E+01  1.13684E+00  3.15800E-02 -4.20596E-02
   13  6.08842E+01  1.13684E+00 -5.26300E-02 -5.70397E-02
   14  6.08842E+01  1.13684E+00 -1.36840E-01 -7.65164E-02
   15  6.08842E+01  1.13684E+00 -2.21050E-01 -8.54790E-02
   16  6.08842E+01  1.13684E+00 -3.05260E-01 -8.69519E-02
   17  6.08842E+01  1.13684E+00 -3.89470E-01 -7.09216E-02
   18  6.08842E+01  1.13684E+00 -4.73680E-01  1.17926E+01
   19  6.08842E+01  1.13684E+00 -5.57890E-01 -3.65101E+01
   20  6.08842E+01  1.13684E+00 -6.42110E-01 -1.44873E+02
*eof
n02c018
    1  6.01895E+01  1.20789E+00  9.55260E-01  9.90760E-02
    2  6.01895E+01  1.20789E+00  8.65790E-01  1.03168E-01
    3  6.01895E+01  1.20789E+00  7.76320E-01  1.11366E-01
    4  6.01895E+01  1.20789E+00  6.86840E-01  1.08542E-01
    5  6.01895E+01  1.20789E+00  5.97370E-01  1.04916E-01
    6  6.01895E+01  1.20789E+00  5.07890E-01  1.02267E-01
    7  6.01895E+01  1.20789E+00  4.18420E-01  1.02747E-01
    8  6.01895E+01  1.20789E+00  3.28950E-01  9.56875E-02
    9  6.01895E+01  1.20789E+00  2.39470E-01  8.15858E-02
   10  6.01895E+01  1.20789E+00  1.50000E-01  6.97395E-02
   11  6.01895E+01  1.20789E+00  6.05300E-02  6.07612E-02
   12  6.01895E+01  1.20789E+00 -2.89500E-02  6.18593E-02
   13  6.01895E+01  1.20789E+00 -1.18420E-01  6.00925E-02
   14  6.01895E+01  1.20789E+00 -2.07890E-01  3.92827E-02
   15  6.01895E+01  1.20789E+00 -2.97370E-01  1.94795E-02
   16  6.01895E+01  1.20789E+00 -3.86840E-01  9.07791E-03
   17  6.01895E+01  1.20789E+00 -4.76320E-01  1.54782E-02
   18  6.01895E+01  1.20789E+00 -5.65790E-01  9.74970E+00
   19  6.01895E+01  1.20789E+00 -6.55260E-01 -3.03629E+01
   20  6.01895E+01  1.20789E+00 -7.44740E-01 -1.20506E+02
*eof
n02c019
    1  5.94947E+01  1.27895E+00  9.52630E-01  1.12013E-01
    2  5.94947E+01  1.27895E+00  8.57890E-01  1.17432E-01
    3  5.94947E+01  1.27895E+00  7.63160E-01  1.26096E-01
    4  5.94947E+01  1.27895E+00  6.68420E-01  1.23906E-01
    5  5.94947E+01  1.27895E+00  5.73680E-01  1.23936E-01
    6  5.94947E+01  1.27895E+00  4.78950E-01  1.24673E-01
    7  5.94947E+01  1.27895E+00  3.84210E-01  1.27645E-01
    8  5.94947E+01  1.27895E+00  2.89470E-01  1.28722E-01
    9  5.94947E+01  1.27895E+00  1.94740E-01  1.24992E-01
   10  5.94947E+01  1.27895E+00  1.00000E-01  1.19019E-01
   11  5.94947E+01  1.27895E+00  5.26000E-03  1.11118E-01
   12  5.94947E+01  1.27895E+00 -8.94700E-02  1.10587E-01
   13  5.94947E+01  1.27895E+00 -1.84210E-01  1.16584E-01
   14  5.94947E+01  1.27895E+00 -2.78950E-01  1.09741E-01
   15  5.94947E+01  1.27895E+00 -3.73680E-01  9.35091E-02
   16  5.94947E+01  1.27895E+00 -4.68420E-01  8.27794E-02
   17  5.94947E+01  1.27895E+00 -5.63160E-01  9.78687E-02
   18  5.94947E+01  1.27895E+00 -6.57890E-01  8.32579E+00
   19  5.94947E+01  1.27895E+00 -7.52630E-01 -1.98798E+01
   20  5.94947E+01  1.27895E+00 -8.47370E-01 -8.40049E+01
*eof
n02c020
    1  5.88000E+01  1.35000E+00  9.50000E-01  6.69681E-02
    2  5.88000E+01  1.35000E+00  8.50000E-01  8.85940E-02
    3  5.88000E+01  1.35000E+00  7.50000E-01  9.65346E-02
    4  5.88000E+01  1.35000E+00  6.50000E-01  9.70022E-02
    5  5.88000E+01  1.35000E+00  5.50000E-01  9.76764E-02
    6  5.88000E+01  1.35000E+00  4.50000E-01  9.84732E-02
    7  5.88000E+01  1.35000E+00  3.50000E-01  9.91740E-02
    8  5.88000E+01  1.35000E+00  2.50000E-01  9.83197E-02
    9  5.88000E+01  1.35000E+00  1.50000E-01  9.55072E-02
   10  5.88000E+01  1.35000E+00  5.00000E-02  9.17766E-02
   11  5.88000E+01  1.35000E+00 -5.00000E-02  8.66581E-02
   12  5.88000E+01  1.35000E+00 -1.50000E-01  8.15178E-02
   13  5.88000E+01  1.35000E+00 -2.50000E-01  7.84695E-02
   14  5.88000E+01  1.35000E+00 -3.50000E-01  7.29896E-02
   15  5.88000E+01  1.35000E+00 -4.50000E-01  6.25040E-02
   16  5.88000E+01  1.35000E+00 -5.50000E-01  5.37891E-02
   17  5.88000E+01  1.35000E+00 -6.50000E-01  7.02458E-02
   18  5.88000E+01  1.35000E+00 -7.50000E-01  2.53004E+00
   19  5.88000E+01  1.35000E+00 -8.50000E-01 -2.43706E+01
   20  5.88000E+01  1.35000E+00 -9.50000E-01 -7.08739E+01
*eof
n02c021
    1  5.67579E+01  1.35000E+00  9.50000E-01  5.03765E-02
    2  5.67579E+01  1.35000E+00  8.50000E-01  6.42901E-02
    3  5.67579E+01  1.35000E+00  7.50000E-01  7.28290E-02
    4  5.67579E+01  1.35000E+00  6.50000E-01  7.18034E-02
    5  5.67579E+01  1.35000E+00  5.50000E-01  7.00606E-02
    6  5.67579E+01  1.35000E+00  4.50000E-01  6.79332E-02
    7  5.67579E+01  1.35000E+00  3.50000E-01  6.58361E-02
    8  5.67579E+01  1.35000E+00  2.50000E-01  6.32156E-02
    9  5.67579E+01  1.35000E+00  1.50000E-01  5.96687E-02
   10  5.67579E+01  1.35000E+00  5.00000E-02  5.55049E-02
   11  5.67579E+01  1.35000E+00 -5.00000E-02  5.08429E-02
   12  5.67579E+01  1.35000E+00 -1.50000E-01  4.58687E-02
   13  5.67579E+01  1.35000E+00 -2.50000E-01  4.08164E-02
   14  5.67579E+01  1.35000E+00 -3.50000E-01  3.49658E-02
   15  5.67579E+01  1.35000E+00 -4.50000E-01  2.81028E-02
   16  5.67579E+01  1.35000E+00 -5.50000E-01  2.01145E-02
   17  5.67579E+01  1.35000E+00 -6.50000E-01  3.69681E-02
   18  5.67579E+01  1.35000E+00 -7.50000E-01  5.10709E+00
   19  5.67579E+01  1.35000E+00 -8.50000E-01 -1.43590E+01
   20  5.67579E+01  1.35000E+00 -9.50000E-01 -5.56192E+01
*eof
n02c022
    1  5.47158E+01  1.35000E+00  9.50000E-01  3.05926E-02
    2  5.47158E+01  1.35000E+00  8.50000E-01  3.60440E-02
    3  5.47158E+01  1.35000E+00  7.50000E-01  4.54681E-02
    4  5.47158E+01  1.35000E+00  6.50000E-01  4.31909E-02
    5  5.47158E+01  1.35000E+00  5.50000E-01  4.02074E-02
    6  5.47158E+01  1.35000E+00  4.50000E-01  3.64653E-02
    7  5.47158E+01  1.35000E+00  3.50000E-01  3.27426E-02
    8  5.47158E+01  1.35000E+00  2.50000E-01  2.95185E-02
    9  5.47158E+01  1.35000E+00  1.50000E-01  2.63286E-02
   10  5.47158E+01  1.35000E+00  5.00000E-02  2.28395E-02
   11  5.47158E+01  1.35000E+00 -5.00000E-02  1.90063E-02
   12  5.47158E+01  1.35000E+00 -1.50000E-01  1.50348E-02
   13  5.47158E+01  1.35000E+00 -2.50000E-01  1.11435E-02
   14  5.47158E+01  1.35000E+00 -3.50000E-01  7.09036E-03
   15  5.47158E+01  1.35000E+00 -4.50000E-01  2.74775E-03
   16  5.47158E+01  1.35000E+00 -5.50000E-01 -2.11756E-03
   17  5.47158E+01  1.35000E+00 -6.50000E-01  2.49533E-02
   18  5.47158E+01  1.35000E+00 -7.50000E-01  5.49205E+00
   19  5.47158E+01  1.35000E+00 -8.50000E-01 -1.67178E+01
   20  5.47158E+01  1.35000E+00 -9.50000E-01 -6.56989E+01
*eof
n02c023
    1  5.26737E+01  1.35000E+00  9.50000E-01 -6.53893E-02
    2  5.26737E+01  1.35000E+00  8.50000E-01 -4.13894E-02
    3  5.26737E+01  1.35000E+00  7.50000E-01 -3.64188E-02
    4  5.26737E+01  1.35000E+00  6.50000E-01 -3.59160E-02
    5  5.26737E+01  1.35000E+00  5.50000E-01 -3.55938E-02
    6  5.26737E+01  1.35000E+00  4.50000E-01 -3.57472E-02
    7  5.26737E+01  1.35000E+00  3.50000E-01 -3.61535E-02
    8  5.26737E+01  1.35000E+00  2.50000E-01 -3.61419E-02
    9  5.26737E+01  1.35000E+00  1.50000E-01 -3.55016E-02
   10  5.26737E+01  1.35000E+00  5.00000E-02 -3.44449E-02
   11  5.26737E+01  1.35000E+00 -5.00000E-02 -3.30661E-02
   12  5.26737E+01  1.35000E+00 -1.50000E-01 -3.12561E-02
   13  5.26737E+01  1.35000E+00 -2.50000E-01 -2.86598E-02
   14  5.26737E+01  1.35000E+00 -3.50000E-01 -2.55351E-02
   15  5.26737E+01  1.35000E+00 -4.50000E-01 -2.25605E-02
   16  5.26737E+01  1.35000E+00 -5.50000E-01 -2.00857E-02
   17  5.26737E+01  1.35000E+00 -6.50000E-01  1.49558E-02
   18  5.26737E+01  1.35000E+00 -7.50000E-01  5.42135E+00
   19  5.26737E+01  1.35000E+00 -8.50000E-01 -1.97924E+01
   20  5.26737E+01  1.35000E+00 -9.50000E-01 -7.65796E+01
*eof
n02c024
    1  5.06316E+01  1.35000E+00  9.50000E-01 -1.10546E-01
    2  5.06316E+01  1.35000E+00  8.50000E-01 -7.60866E-02
    3  5.06316E+01  1.35000E+00  7.50000E-01 -7.37197E-02
    4  5.06316E+01  1.35000E+00  6.50000E-01 -7.07962E-02
    5  5.06316E+01  1.35000E+00  5.50000E-01 -6.72914E-02
    6  5.06316E+01  1.35000E+00  4.50000E-01 -6.34310E-02
    7  5.06316E+01  1.35000E+00  3.50000E-01 -5.96861E-02
    8  5.06316E+01  1.35000E+00  2.50000E-01 -5.61858E-02
    9  5.06316E+01  1.35000E+00  1.50000E-01 -5.22750E-02
   10  5.06316E+01  1.35000E+00  5.00000E-02 -4.76426E-02
   11  5.06316E+01  1.35000E+00 -5.00000E-02 -4.24201E-02
   12  5.06316E+01  1.35000E+00 -1.50000E-01 -3.67996E-02
   13  5.06316E+01  1.35000E+00 -2.50000E-01 -3.03561E-02
   14  5.06316E+01  1.35000E+00 -3.50000E-01 -2.26341E-02
   15  5.06316E+01  1.35000E+00 -4.50000E-01 -1.40936E-02
   16  5.06316E+01  1.35000E+00 -5.50000E-01 -5.11093E-03
   17  5.06316E+01  1.35000E+00 -6.50000E-01  3.54869E-02
   18  5.06316E+01  1.35000E+00 -7.50000E-01  5.23207E+00
   19  5.06316E+01  1.35000E+00 -8.50000E-01 -1.96648E+01
   20  5.06316E+01  1.35000E+00 -9.50000E-01 -7.60973E+01
*eof
n02c025
    1  4.85895E+01  1.35000E+00  9.50000E-01 -3.69479E-02
    2  4.85895E+01  1.35000E+00  8.50000E-01 -1.60767E-02
    3  4.85895E+01  1.35000E+00  7.50000E-01 -1.12336E-02
    4  4.85895E+01  1.35000E+00  6.50000E-01 -9.04747E-03
    5  4.85895E+01  1.35000E+00  5.50000E-01 -6.24640E-03
    6  4.85895E+01  1.35000E+00  4.50000E-01 -2.69440E-03
    7  4.85895E+01  1.35000E+00  3.50000E-01  1.19193E-03
    8  4.85895E+01  1.35000E+00  2.50000E-01  4.17273E-03
    9  4.85895E+01  1.35000E+00  1.50000E-01  6.38987E-03
   10  4.85895E+01  1.35000E+00  5.00000E-02  8.64274E-03
   11  4.85895E+01  1.35000E+00 -5.00000E-02  1.09767E-02
   12  4.85895E+01  1.35000E+00 -1.50000E-01  1.29663E-02
   13  4.85895E+01  1.35000E+00 -2.50000E-01  1.47447E-02
   14  4.85895E+01  1.35000E+00 -3.50000E-01  1.73788E-02
   15  4.85895E+01  1.35000E+00 -4.50000E-01  2.12039E-02
   16  4.85895E+01  1.35000E+00 -5.50000E-01  2.61025E-02
   17  4.85895E+01  1.35000E+00 -6.50000E-01  6.05412E-02
   18  4.85895E+01  1.35000E+00 -7.50000E-01  4.88654E+00
   19  4.85895E+01  1.35000E+00 -8.50000E-01 -1.52189E+01
   20  4.85895E+01  1.35000E+00 -9.50000E-01 -5.99879E+01
*eof
n02c026
    1  4.65474E+01  1.35000E+00  9.50000E-01  9.64072E-02
    2  4.65474E+01  1.35000E+00  8.50000E-01  8.73825E-02
    3  4.65474E+01  1.35000E+00  7.50000E-01  9.78075E-02
    4  4.65474E+01  1.35000E+00  6.50000E-01  9.61495E-02
    5  4.65474E+01  1.35000E+00  5.50000E-01  9.40549E-02
    6  4.65474E+01  1.35000E+00  4.50000E-01  9.19799E-02
    7  4.65474E+01  1.35000E+00  3.50000E-01  9.06012E-02
    8  4.65474E+01  1.35000E+00  2.50000E-01  8.87524E-02
    9  4.65474E+01  1.35000E+00  1.50000E-01  8.54914E-02
   10  4.65474E+01  1.35000E+00  5.00000E-02  8.13437E-02
   11  4.65474E+01  1.35000E+00 -5.00000E-02  7.66474E-02
   12  4.65474E+01  1.35000E+00 -1.50000E-01  7.12439E-02
   13  4.65474E+01  1.35000E+00 -2.50000E-01  6.47135E-02
   14  4.65474E+01  1.35000E+00 -3.50000E-01  5.75331E-02
   15  4.65474E+01  1.35000E+00 -4.50000E-01  5.05409E-02
   16  4.65474E+01  1.35000E+00 -5.50000E-01  4.41015E-02
   17  4.65474E+01  1.35000E+00 -6.50000E-01  6.52315E-02
   18  4.65474E+01  1.35000E+00 -7.50000E-01  4.41440E+00
   19  4.65474E+01  1.35000E+00 -8.50000E-01 -1.09228E+01
   20  4.65474E+01  1.35000E+00 -9.50000E-01 -4.40490E+01
*eof
n02c027
    1  4.45053E+01  1.35000E+00  9.50000E-01  1.20518E-01
    2  4.45053E+01  1.35000E+00  8.50000E-01  1.03788E-01
    3  4.45053E+01  1.35000E+00  7.50000E-01  1.13788E-01
    4  4.45053E+01  1.35000E+00  6.50000E-01  1.09777E-01
    5  4.45053E+01  1.35000E+00  5.50000E-01  1.04590E-01
    6  4.45053E+01  1.35000E+00  4.50000E-01  9.83786E-02
    7  4.45053E+01  1.35000E+00  3.50000E-01  9.24532E-02
    8  4.45053E+01  1.35000E+00  2.50000E-01  8.69591E-02
    9  4.45053E+01  1.35000E+00  1.50000E-01  8.08018E-02
   10  4.45053E+01  1.35000E+00  5.00000E-02  7.37883E-02
   11  4.45053E+01  1.35000E+00 -5.00000E-02  6.60437E-02
   12  4.45053E+01  1.35000E+00 -1.50000E-01  5.75171E-02
   13  4.45053E+01  1.35000E+00 -2.50000E-01  4.81051E-02
   14  4.45053E+01  1.35000E+00 -3.50000E-01  3.80603E-02
   15  4.45053E+01  1.35000E+00 -4.50000E-01  2.76962E-02
   16  4.45053E+01  1.35000E+00 -5.50000E-01  1.70388E-02
   17  4.45053E+01  1.35000E+00 -6.50000E-01  3.38964E-02
   18  4.45053E+01  1.35000E+00 -7.50000E-01  4.14898E+00
   19  4.45053E+01  1.35000E+00 -8.50000E-01 -1.07202E+01
   20  4.45053E+01  1.35000E+00 -9.50000E-01 -4.27997E+01
*eof
n02c028
    1  4.24632E+01  1.35000E+00  9.50000E-01 -9.85382E-04
    2  4.24632E+01  1.35000E+00  8.50000E-01  6.27213E-03
    3  4.24632E+01  1.35000E+00  7.50000E-01  8.71953E-03
    4  4.24632E+01  1.35000E+00  6.50000E-01  6.41891E-03
    5  4.24632E+01  1.35000E+00  5.50000E-01  3.39961E-03
    6  4.24632E+01  1.35000E+00  4.50000E-01 -3.91112E-04
    7  4.24632E+01  1.35000E+00  3.50000E-01 -4.09652E-03
    8  4.24632E+01  1.35000E+00  2.50000E-01 -7.10094E-03
    9  4.24632E+01  1.35000E+00  1.50000E-01 -9.81493E-03
   10  4.24632E+01  1.35000E+00  5.00000E-02 -1.25258E-02
   11  4.24632E+01  1.35000E+00 -5.00000E-02 -1.53007E-02
   12  4.24632E+01  1.35000E+00 -1.50000E-01 -1.80910E-02
   13  4.24632E+01  1.35000E+00 -2.50000E-01 -2.04497E-02
   14  4.24632E+01  1.35000E+00 -3.50000E-01 -2.24028E-02
   15  4.24632E+01  1.35000E+00 -4.50000E-01 -2.46170E-02
   16  4.24632E+01  1.35000E+00 -5.50000E-01 -2.76415E-02
   17  4.24632E+01  1.35000E+00 -6.50000E-01 -4.68135E-03
   18  4.24632E+01  1.35000E+00 -7.50000E-01  4.03664E+00
   19  4.24632E+01  1.35000E+00 -8.50000E-01 -1.42697E+01
   20  4.24632E+01  1.35000E+00 -9.50000E-01 -5.52046E+01
*eof
n02c029
    1  4.04211E+01  1.35000E+00  9.50000E-01 -1.22240E-01
    2  4.04211E+01  1.35000E+00  8.50000E-01 -8.91639E-02
    3  4.04211E+01  1.35000E+00  7.50000E-01 -9.31000E-02
    4  4.04211E+01  1.35000E+00  6.50000E-01 -9.13275E-02
    5  4.04211E+01  1.35000E+00  5.50000E-01 -8.91250E-02
    6  4.04211E+01  1.35000E+00  4.50000E-01 -8.65117E-02
    7  4.04211E+01  1.35000E+00  3.50000E-01 -8.36098E-02
    8  4.04211E+01  1.35000E+00  2.50000E-01 -8.04890E-02
    9  4.04211E+01  1.35000E+00  1.50000E-01 -7.67231E-02
   10  4.04211E+01  1.35000E+00  5.00000E-02 -7.20483E-02
   11  4.04211E+01  1.35000E+00 -5.00000E-02 -6.64731E-02
   12  4.04211E+01  1.35000E+00 -1.50000E-01 -5.99253E-02
   13  4.04211E+01  1.35000E+00 -2.50000E-01 -5.20111E-02
   14  4.04211E+01  1.35000E+00 -3.50000E-01 -4.29663E-02
   15  4.04211E+01  1.35000E+00 -4.50000E-01 -3.37244E-02
   16  4.04211E+01  1.35000E+00 -5.50000E-01 -2.48208E-02
   17  4.04211E+01  1.35000E+00 -6.50000E-01  8.53508E-03
   18  4.04211E+01  1.35000E+00 -7.50000E-01  3.85515E+00
   19  4.04211E+01  1.35000E+00 -8.50000E-01 -1.64523E+01
   20  4.04211E+01  1.35000E+00 -9.50000E-01 -6.29350E+01
*eof
n02c030
    1  3.83790E+01  1.35000E+00  9.50000E-01 -9.26573E-02
    2  3.83790E+01  1.35000E+00  8.50000E-01 -6.31206E-02
    3  3.83790E+01  1.35000E+00  7.50000E-01 -6.59588E-02
    4  3.83790E+01  1.35000E+00  6.50000E-01 -6.25331E-02
    5  3.83790E+01  1.35000E+00  5.50000E-01 -5.81634E-02
    6  3.83790E+01  1.35000E+00  4.50000E-01 -5.26864E-02
    7  3.83790E+01  1.35000E+00  3.50000E-01 -4.66744E-02
    8  3.83790E+01  1.35000E+00  2.50000E-01 -4.13572E-02
    9  3.83790E+01  1.35000E+00  1.50000E-01 -3.63124E-02
   10  3.83790E+01  1.35000E+00  5.00000E-02 -3.06961E-02
   11  3.83790E+01  1.35000E+00 -5.00000E-02 -2.45597E-02
   12  3.83790E+01  1.35000E+00 -1.50000E-01 -1.83860E-02
   13  3.83790E+01  1.35000E+00 -2.50000E-01 -1.18179E-02
   14  3.83790E+01  1.35000E+00 -3.50000E-01 -3.63056E-03
   15  3.83790E+01  1.35000E+00 -4.50000E-01  6.17536E-03
   16  3.83790E+01  1.35000E+00 -5.50000E-01  1.71873E-02
   17  3.83790E+01  1.35000E+00 -6.50000E-01  5.16428E-02
   18  3.83790E+01  1.35000E+00 -7.50000E-01  3.56626E+00
   19  3.83790E+01  1.35000E+00 -8.50000E-01 -1.29241E+01
   20  3.83790E+01  1.35000E+00 -9.50000E-01 -5.02719E+01
*eof
n02c031
    1  3.63368E+01  1.35000E+00  9.50000E-01  7.74855E-02
    2  3.63368E+01  1.35000E+00  8.50000E-01  7.34415E-02
    3  3.63368E+01  1.35000E+00  7.50000E-01  7.76304E-02
    4  3.63368E+01  1.35000E+00  6.50000E-01  7.77346E-02
    5  3.63368E+01  1.35000E+00  5.50000E-01  7.80684E-02
    6  3.63368E+01  1.35000E+00  4.50000E-01  7.91878E-02
    7  3.63368E+01  1.35000E+00  3.50000E-01  8.11423E-02
    8  3.63368E+01  1.35000E+00  2.50000E-01  8.20401E-02
    9  3.63368E+01  1.35000E+00  1.50000E-01  8.12083E-02
   10  3.63368E+01  1.35000E+00  5.00000E-02  7.95620E-02
   11  3.63368E+01  1.35000E+00 -5.00000E-02  7.73870E-02
   12  3.63368E+01  1.35000E+00 -1.50000E-01  7.41683E-02
   13  3.63368E+01  1.35000E+00 -2.50000E-01  6.95681E-02
   14  3.63368E+01  1.35000E+00 -3.50000E-01  6.49019E-02
   15  3.63368E+01  1.35000E+00 -4.50000E-01  6.11759E-02
   16  3.63368E+01  1.35000E+00 -5.50000E-01  5.85204E-02
   17  3.63368E+01  1.35000E+00 -6.50000E-01  7.50639E-02
   18  3.63368E+01  1.35000E+00 -7.50000E-01  3.00071E+00
   19  3.63368E+01  1.35000E+00 -8.50000E-01 -6.94225E+00
   20  3.63368E+01  1.35000E+00 -9.50000E-01 -2.83282E+01
*eof
n02c032
    1  3.42947E+01  1.35000E+00  9.50000E-01  2.19251E-01
    2  3.42947E+01  1.35000E+00  8.50000E-01  1.80876E-01
    3  3.42947E+01  1.35000E+00  7.50000E-01  1.90956E-01
    4  3.42947E+01  1.35000E+00  6.50000E-01  1.85701E-01
    5  3.42947E+01  1.35000E+00  5.50000E-01  1.79089E-01
    6  3.42947E+01  1.35000E+00  4.50000E-01  1.71454E-01
    7  3.42947E+01  1.35000E+00  3.50000E-01  1.64141E-01
    8  3.42947E+01  1.35000E+00  2.50000E-01  1.56783E-01
    9  3.42947E+01  1.35000E+00  1.50000E-01  1.48142E-01
   10  3.42947E+01  1.35000E+00  5.00000E-02  1.38366E-01
   11  3.42947E+01  1.35000E+00 -5.00000E-02  1.27659E-01
   12  3.42947E+01  1.35000E+00 -1.50000E-01  1.15610E-01
   13  3.42947E+01  1.35000E+00 -2.50000E-01  1.01669E-01
   14  3.42947E+01  1.35000E+00 -3.50000E-01  8.65689E-02
   15  3.42947E+01  1.35000E+00 -4.50000E-01  7.10912E-02
   16  3.42947E+01  1.35000E+00 -5.50000E-01  5.53148E-02
   17  3.42947E+01  1.35000E+00 -6.50000E-01  5.62225E-02
   18  3.42947E+01  1.35000E+00 -7.50000E-01  2.36218E+00
   19  3.42947E+01  1.35000E+00 -8.50000E-01 -4.28093E+00
   20  3.42947E+01  1.35000E+00 -9.50000E-01 -1.79088E+01
*eof
n02c033
    1  3.22526E+01  1.35000E+00  9.50000E-01  1.25614E-01
    2  3.22526E+01  1.35000E+00  8.50000E-01  1.04607E-01
    3  3.22526E+01  1.35000E+00  7.50000E-01  1.06660E-01
    4  3.22526E+01  1.35000E+00  6.50000E-01  1.00086E-01
    5  3.22526E+01  1.35000E+00  5.50000E-01  9.17152E-02
    6  3.22526E+01  1.35000E+00  4.50000E-01  8.20666E-02
    7  3.22526E+01  1.35000E+00  3.50000E-01  7.33288E-02
    8  3.22526E+01  1.35000E+00  2.50000E-01  6.55436E-02
    9  3.22526E+01  1.35000E+00  1.50000E-01  5.70360E-02
   10  3.22526E+01  1.35000E+00  5.00000E-02  4.76908E-02
   11  3.22526E+01  1.35000E+00 -5.00000E-02  3.74494E-02
   12  3.22526E+01  1.35000E+00 -1.50000E-01  2.58612E-02
   13  3.22526E+01  1.35000E+00 -2.50000E-01  1.37775E-02
   14  3.22526E+01  1.35000E+00 -3.50000E-01  2.53247E-03
   15  3.22526E+01  1.35000E+00 -4.50000E-01 -8.36578E-03
   16  3.22526E+01  1.35000E+00 -5.50000E-01 -1.98730E-02
   17  3.22526E+01  1.35000E+00 -6.50000E-01 -1.59141E-02
   18  3.22526E+01  1.35000E+00 -7.50000E-01  2.03481E+00
   19  3.22526E+01  1.35000E+00 -8.50000E-01 -6.02590E+00
   20  3.22526E+01  1.35000E+00 -9.50000E-01 -2.35249E+01
*eof
n02c034
    1  3.02105E+01  1.35000E+00  9.50000E-01 -8.31473E-02
    2  3.02105E+01  1.35000E+00  8.50000E-01 -6.05660E-02
    3  3.02105E+01  1.35000E+00  7.50000E-01 -7.03393E-02
    4  3.02105E+01  1.35000E+00  6.50000E-01 -7.24009E-02
    5  3.02105E+01  1.35000E+00  5.50000E-01 -7.48585E-02
    6  3.02105E+01  1.35000E+00  4.50000E-01 -7.68708E-02
    7  3.02105E+01  1.35000E+00  3.50000E-01 -7.71649E-02
    8  3.02105E+01  1.35000E+00  2.50000E-01 -7.67165E-02
    9  3.02105E+01  1.35000E+00  1.50000E-01 -7.65036E-02
   10  3.02105E+01  1.35000E+00  5.00000E-02 -7.59695E-02
   11  3.02105E+01  1.35000E+00 -5.00000E-02 -7.48357E-02
   12  3.02105E+01  1.35000E+00 -1.50000E-01 -7.29585E-02
   13  3.02105E+01  1.35000E+00 -2.50000E-01 -6.95392E-02
   14  3.02105E+01  1.35000E+00 -3.50000E-01 -6.46306E-02
   15  3.02105E+01  1.35000E+00 -4.50000E-01 -5.94938E-02
   16  3.02105E+01  1.35000E+00 -5.50000E-01 -5.50217E-02
   17  3.02105E+01  1.35000E+00 -6.50000E-01 -3.80676E-02
   18  3.02105E+01  1.35000E+00 -7.50000E-01  1.67379E+00
   19  3.02105E+01  1.35000E+00 -8.50000E-01 -9.11123E+00
   20  3.02105E+01  1.35000E+00 -9.50000E-01 -3.41461E+01
*eof
n02c035
    1  2.81684E+01  1.35000E+00  9.50000E-01 -1.53321E-01
    2  2.81684E+01  1.35000E+00  8.50000E-01 -1.12481E-01
    3  2.81684E+01  1.35000E+00  7.50000E-01 -1.25050E-01
    4  2.81684E+01  1.35000E+00  6.50000E-01 -1.21918E-01
    5  2.81684E+01  1.35000E+00  5.50000E-01 -1.17006E-01
    6  2.81684E+01  1.35000E+00  4.50000E-01 -1.10262E-01
    7  2.81684E+01  1.35000E+00  3.50000E-01 -1.02390E-01
    8  2.81684E+01  1.35000E+00  2.50000E-01 -9.48200E-02
    9  2.81684E+01  1.35000E+00  1.50000E-01 -8.70060E-02
   10  2.81684E+01  1.35000E+00  5.00000E-02 -7.78682E-02
   11  2.81684E+01  1.35000E+00 -5.00000E-02 -6.72166E-02
   12  2.81684E+01  1.35000E+00 -1.50000E-01 -5.51103E-02
   13  2.81684E+01  1.35000E+00 -2.50000E-01 -4.15552E-02
   14  2.81684E+01  1.35000E+00 -3.50000E-01 -2.66574E-02
   15  2.81684E+01  1.35000E+00 -4.50000E-01 -1.09475E-02
   16  2.81684E+01  1.35000E+00 -5.50000E-01  5.10318E-03
   17  2.81684E+01  1.35000E+00 -6.50000E-01  3.48337E-02
   18  2.81684E+01  1.35000E+00 -7.50000E-01  1.51397E+00
   19  2.81684E+01  1.35000E+00 -8.50000E-01 -7.22299E+00
   20  2.81684E+01  1.35000E+00 -9.50000E-01 -2.75120E+01
*eof
n02c036
    1  2.61263E+01  1.35000E+00  9.50000E-01  1.53918E-02
    2  2.61263E+01  1.35000E+00  8.50000E-01  2.95030E-02
    3  2.61263E+01  1.35000E+00  7.50000E-01  2.84271E-02
    4  2.61263E+01  1.35000E+00  6.50000E-01  3.19857E-02
    5  2.61263E+01  1.35000E+00  5.50000E-01  3.61221E-02
    6  2.61263E+01  1.35000E+00  4.50000E-01  4.15662E-02
    7  2.61263E+01  1.35000E+00  3.50000E-01  4.84853E-02
    8  2.61263E+01  1.35000E+00  2.50000E-01  5.49123E-02
    9  2.61263E+01  1.35000E+00  1.50000E-01  6.01038E-02
   10  2.61263E+01  1.35000E+00  5.00000E-02  6.48354E-02
   11  2.61263E+01  1.35000E+00 -5.00000E-02  6.91107E-02
   12  2.61263E+01  1.35000E+00 -1.50000E-01  7.23017E-02
   13  2.61263E+01  1.35000E+00 -2.50000E-01  7.42514E-02
   14  2.61263E+01  1.35000E+00 -3.50000E-01  7.65603E-02
   15  2.61263E+01  1.35000E+00 -4.50000E-01  8.02320E-02
   16  2.61263E+01  1.35000E+00 -5.50000E-01  8.50441E-02
   17  2.61263E+01  1.35000E+00 -6.50000E-01  1.00037E-01
   18  2.61263E+01  1.35000E+00 -7.50000E-01  1.42679E+00
   19  2.61263E+01  1.35000E+00 -8.50000E-01 -1.60636E+00
   20  2.61263E+01  1.35000E+00 -9.50000E-01 -7.52094E+00
*eof
n02c037
    1  2.40842E+01  1.35000E+00  9.50000E-01  2.68004E-01
    2  2.40842E+01  1.35000E+00  8.50000E-01  2.32092E-01
    3  2.40842E+01  1.35000E+00  7.50000E-01  2.46164E-01
    4  2.40842E+01  1.35000E+00  6.50000E-01  2.45603E-01
    5  2.40842E+01  1.35000E+00  5.50000E-01  2.42653E-01
    6  2.40842E+01  1.35000E+00  4.50000E-01  2.38451E-01
    7  2.40842E+01  1.35000E+00  3.50000E-01  2.33963E-01
    8  2.40842E+01  1.35000E+00  2.50000E-01  2.27948E-01
    9  2.40842E+01  1.35000E+00  1.50000E-01  2.19310E-01
   10  2.40842E+01  1.35000E+00  5.00000E-02  2.08221E-01
   11  2.40842E+01  1.35000E+00 -5.00000E-02  1.95001E-01
   12  2.40842E+01  1.35000E+00 -1.50000E-01  1.80144E-01
   13  2.40842E+01  1.35000E+00 -2.50000E-01  1.63197E-01
   14  2.40842E+01  1.35000E+00 -3.50000E-01  1.45621E-01
   15  2.40842E+01  1.35000E+00 -4.50000E-01  1.29150E-01
   16  2.40842E+01  1.35000E+00 -5.50000E-01  1.13598E-01
   17  2.40842E+01  1.35000E+00 -6.50000E-01  1.00327E-01
   18  2.40842E+01  1.35000E+00 -7.50000E-01  7.41333E-01
   19  2.40842E+01  1.35000E+00 -8.50000E-01 -1.78660E-02
   20  2.40842E+01  1.35000E+00 -9.50000E-01 -1.02831E+00
*eof
n02c038
    1  2.20421E+01  1.35000E+00  9.50000E-01  2.90758E-01
    2  2.20421E+01  1.35000E+00  8.50000E-01  2.46730E-01
    3  2.20421E+01  1.35000E+00  7.50000E-01  2.50328E-01
    4  2.20421E+01  1.35000E+00  6.50000E-01  2.40464E-01
    5  2.20421E+01  1.35000E+00  5.50000E-01  2.29565E-01
    6  2.20421E+01  1.35000E+00  4.50000E-01  2.17450E-01
    7  2.20421E+01  1.35000E+00  3.50000E-01  2.03306E-01
    8  2.20421E+01  1.35000E+00  2.50000E-01  1.87658E-01
    9  2.20421E+01  1.35000E+00  1.50000E-01  1.71544E-01
   10  2.20421E+01  1.35000E+00  5.00000E-02  1.54632E-01
   11  2.20421E+01  1.35000E+00 -5.00000E-02  1.38279E-01
   12  2.20421E+01  1.35000E+00 -1.50000E-01  1.22919E-01
   13  2.20421E+01  1.35000E+00 -2.50000E-01  1.06700E-01
   14  2.20421E+01  1.35000E+00 -3.50000E-01  9.16446E-02
   15  2.20421E+01  1.35000E+00 -4.50000E-01  7.83627E-02
   16  2.20421E+01  1.35000E+00 -5.50000E-01  6.47862E-02
   17  2.20421E+01  1.35000E+00 -6.50000E-01  4.99779E-02
   18  2.20421E+01  1.35000E+00 -7.50000E-01  3.35083E-01
   19  2.20421E+01  1.35000E+00 -8.50000E-01 -1.07835E+00
   20  2.20421E+01  1.35000E+00 -9.50000E-01 -4.25358E+00
*eof
n02c039
    1  2.00000E+01  1.35000E+00  9.50000E-01  1.03843E-01
    2  2.00000E+01  1.35000E+00  8.50000E-01  9.12779E-02
    3  2.00000E+01  1.35000E+00  7.50000E-01  8.27344E-02
    4  2.00000E+01  1.35000E+00  6.50000E-01  7.13870E-02
    5  2.00000E+01  1.35000E+00  5.50000E-01  6.14437E-02
    6  2.00000E+01  1.35000E+00  4.50000E-01  5.15846E-02
    7  2.00000E+01  1.35000E+00  3.50000E-01  4.10474E-02
    8  2.00000E+01  1.35000E+00  2.50000E-01  3.15073E-02
    9  2.00000E+01  1.35000E+00  1.50000E-01  2.39634E-02
   10  2.00000E+01  1.35000E+00  5.00000E-02  1.72743E-02
   11  2.00000E+01  1.35000E+00 -5.00000E-02  1.26429E-02
   12  2.00000E+01  1.35000E+00 -1.50000E-01  9.23444E-03
   13  2.00000E+01  1.35000E+00 -2.50000E-01  4.92271E-03
   14  2.00000E+01  1.35000E+00 -3.50000E-01  1.85368E-03
   15  2.00000E+01  1.35000E+00 -4.50000E-01 -6.55268E-04
   16  2.00000E+01  1.35000E+00 -5.50000E-01 -4.88625E-03
   17  2.00000E+01  1.35000E+00 -6.50000E-01 -1.19097E-02
   18  2.00000E+01  1.35000E+00 -7.50000E-01  4.50505E-01
   19  2.00000E+01  1.35000E+00 -8.50000E-01 -1.50642E+00
   20  2.00000E+01  1.35000E+00 -9.50000E-01 -6.02663E+00
*eof
n02c040
    1  1.89474E+01  1.27895E+00  8.47370E-01 -2.65338E-02
    2  1.89474E+01  1.27895E+00  7.52630E-01 -1.34326E-02
    3  1.89474E+01  1.27895E+00  6.57890E-01 -2.06422E-02
    4  1.89474E+01  1.27895E+00  5.63160E-01 -2.21010E-02
    5  1.89474E+01  1.27895E+00  4.68420E-01 -2.25546E-02
    6  1.89474E+01  1.27895E+00  3.73680E-01 -2.37630E-02
    7  1.89474E+01  1.27895E+00  2.78950E-01 -2.51510E-02
    8  1.89474E+01  1.27895E+00  1.84210E-01 -2.57395E-02
    9  1.89474E+01  1.27895E+00  8.94700E-02 -2.58328E-02
   10  1.89474E+01  1.27895E+00 -5.26000E-03 -2.60142E-02
   11  1.89474E+01  1.27895E+00 -1.00000E-01 -2.60915E-02
   12  1.89474E+01  1.27895E+00 -1.94740E-01 -2.66645E-02
   13  1.89474E+01  1.27895E+00 -2.89470E-01 -2.77688E-02
   14  1.89474E+01  1.27895E+00 -3.84210E-01 -2.88086E-02
   15  1.89474E+01  1.27895E+00 -4.78950E-01 -3.05397E-02
   16  1.89474E+01  1.27895E+00 -5.73680E-01 -3.31432E-02
   17  1.89474E+01  1.27895E+00 -6.68420E-01 -3.90279E-02
   18  1.89474E+01  1.27895E+00 -7.63160E-01  4.99807E-01
   19  1.89474E+01  1.27895E+00 -8.57890E-01 -1.66066E+00
   20  1.89474E+01  1.27895E+00 -9.52630E-01 -6.58938E+00
*eof
n02c041
    1  1.78947E+01  1.20789E+00  7.44740E-01 -3.20758E-02
    2  1.78947E+01  1.20789E+00  6.55260E-01 -2.58863E-02
    3  1.78947E+01  1.20789E+00  5.65790E-01 -2.71052E-02
    4  1.78947E+01  1.20789E+00  4.76320E-01 -2.61360E-02
    5  1.78947E+01  1.20789E+00  3.86840E-01 -2.52964E-02
    6  1.78947E+01  1.20789E+00  2.97370E-01 -2.51024E-02
    7  1.78947E+01  1.20789E+00  2.07890E-01 -2.51524E-02
    8  1.78947E+01  1.20789E+00  1.18420E-01 -2.54074E-02
    9  1.78947E+01  1.20789E+00  2.89500E-02 -2.59894E-02
   10  1.78947E+01  1.20789E+00 -6.05300E-02 -2.68780E-02
   11  1.78947E+01  1.20789E+00 -1.50000E-01 -2.79747E-02
   12  1.78947E+01  1.20789E+00 -2.39470E-01 -2.92696E-02
   13  1.78947E+01  1.20789E+00 -3.28950E-01 -3.06791E-02
   14  1.78947E+01  1.20789E+00 -4.18420E-01 -3.21633E-02
   15  1.78947E+01  1.20789E+00 -5.07890E-01 -3.37931E-02
   16  1.78947E+01  1.20789E+00 -5.97370E-01 -3.55410E-02
   17  1.78947E+01  1.20789E+00 -6.86840E-01 -4.09110E-02
   18  1.78947E+01  1.20789E+00 -7.76320E-01  5.07327E-01
   19  1.78947E+01  1.20789E+00 -8.65790E-01 -1.61754E+00
   20  1.78947E+01  1.20789E+00 -9.55260E-01 -6.42649E+00
*eof
n02c042
    1  1.68421E+01  1.13684E+00  6.42110E-01 -1.78118E-02
    2  1.68421E+01  1.13684E+00  5.57890E-01 -1.83474E-02
    3  1.68421E+01  1.13684E+00  4.73680E-01 -1.80506E-02
    4  1.68421E+01  1.13684E+00  3.89470E-01 -1.84467E-02
    5  1.68421E+01  1.13684E+00  3.05260E-01 -1.89889E-02
    6  1.68421E+01  1.13684E+00  2.21050E-01 -1.96131E-02
    7  1.68421E+01  1.13684E+00  1.36840E-01 -2.02832E-02
    8  1.68421E+01  1.13684E+00  5.26300E-02 -2.10519E-02
    9  1.68421E+01  1.13684E+00 -3.15800E-02 -2.19285E-02
   10  1.68421E+01  1.13684E+00 -1.15790E-01 -2.29274E-02
   11  1.68421E+01  1.13684E+00 -2.00000E-01 -2.40736E-02
   12  1.68421E+01  1.13684E+00 -2.84210E-01 -2.53443E-02
   13  1.68421E+01  1.13684E+00 -3.68420E-01 -2.67749E-02
   14  1.68421E+01  1.13684E+00 -4.52630E-01 -2.84073E-02
   15  1.68421E+01  1.13684E+00 -5.36840E-01 -3.02558E-02
   16  1.68421E+01  1.13684E+00 -6.21050E-01 -3.23707E-02
   17  1.68421E+01  1.13684E+00 -7.05260E-01 -3.82140E-02
   18  1.68421E+01  1.13684E+00 -7.89470E-01  5.06234E-01
   19  1.68421E+01  1.13684E+00 -8.73680E-01 -1.61708E+00
   20  1.68421E+01  1.13684E+00 -9.57890E-01 -6.42345E+00
*eof
n02c043
    1  1.57895E+01  1.06579E+00  5.39470E-01 -1.93678E-02
    2  1.57895E+01  1.06579E+00  4.60530E-01 -1.90441E-02
    3  1.57895E+01  1.06579E+00  3.81580E-01 -1.89781E-02
    4  1.57895E+01  1.06579E+00  3.02630E-01 -1.92385E-02
    5  1.57895E+01  1.06579E+00  2.23680E-01 -1.96149E-02
    6  1.57895E+01  1.06579E+00  1.44740E-01 -2.01080E-02
    7  1.57895E+01  1.06579E+00  6.57900E-02 -2.07176E-02
    8  1.57895E+01  1.06579E+00 -1.31600E-02 -2.14498E-02
    9  1.57895E+01  1.06579E+00 -9.21100E-02 -2.23060E-02
   10  1.57895E+01  1.06579E+00 -1.71050E-01 -2.33033E-02
   11  1.57895E+01  1.06579E+00 -2.50000E-01 -2.44414E-02
   12  1.57895E+01  1.06579E+00 -3.28950E-01 -2.56984E-02
   13  1.57895E+01  1.06579E+00 -4.07890E-01 -2.71181E-02
   14  1.57895E+01  1.06579E+00 -4.86840E-01 -2.87345E-02
   15  1.57895E+01  1.06579E+00 -5.65790E-01 -3.05618E-02
   16  1.57895E+01  1.06579E+00 -6.44740E-01 -3.26261E-02
   17  1.57895E+01  1.06579E+00 -7.23680E-01 -3.84025E-02
   18  1.57895E+01  1.06579E+00 -8.02630E-01  5.05499E-01
   19  1.57895E+01  1.06579E+00 -8.81580E-01 -1.61653E+00
   20  1.57895E+01  1.06579E+00 -9.60530E-01 -6.42015E+00
*eof
n02c044
    1  1.47368E+01  9.94740E-01  4.36840E-01 -1.93640E-02
    2  1.47368E+01  9.94740E-01  3.63160E-01 -1.90546E-02
    3  1.47368E+01  9.94740E-01  2.89470E-01 -1.89837E-02
    4  1.47368E+01  9.94740E-01  2.15790E-01 -1.92406E-02
    5  1.47368E+01  9.94740E-01  1.42110E-01 -1.96139E-02
    6  1.47368E+01  9.94740E-01  6.84200E-02 -2.01026E-02
    7  1.47368E+01  9.94740E-01 -5.26000E-03 -2.07076E-02
    8  1.47368E+01  9.94740E-01 -7.89500E-02 -2.14388E-02
    9  1.47368E+01  9.94740E-01 -1.52630E-01 -2.22959E-02
   10  1.47368E+01  9.94740E-01 -2.26320E-01 -2.32872E-02
   11  1.47368E+01  9.94740E-01 -3.00000E-01 -2.44068E-02
   12  1.47368E+01  9.94740E-01 -3.73680E-01 -2.56615E-02
   13  1.47368E+01  9.94740E-01 -4.47370E-01 -2.70908E-02
   14  1.47368E+01  9.94740E-01 -5.21050E-01 -2.87166E-02
   15  1.47368E+01  9.94740E-01 -5.94740E-01 -3.05499E-02
   16  1.47368E+01  9.94740E-01 -6.68420E-01 -3.26115E-02
   17  1.47368E+01  9.94740E-01 -7.42110E-01 -3.83829E-02
   18  1.47368E+01  9.94740E-01 -8.15790E-01  5.05017E-01
   19  1.47368E+01  9.94740E-01 -8.89470E-01 -1.61531E+00
   20  1.47368E+01  9.94740E-01 -9.63160E-01 -6.41576E+00
*eof
n02c045
    1  1.36842E+01  9.23680E-01  3.34210E-01 -1.93465E-02
    2  1.36842E+01  9.23680E-01  2.65790E-01 -1.90393E-02
    3  1.36842E+01  9.23680E-01  1.97370E-01 -1.89585E-02
    4  1.36842E+01  9.23680E-01  1.28950E-01 -1.92125E-02
    5  1.36842E+01  9.23680E-01  6.05300E-02 -1.95868E-02
    6  1.36842E+01  9.23680E-01 -7.89000E-03 -2.00753E-02
    7  1.36842E+01  9.23680E-01 -7.63200E-02 -2.06837E-02
    8  1.36842E+01  9.23680E-01 -1.44740E-01 -2.14148E-02
    9  1.36842E+01  9.23680E-01 -2.13160E-01 -2.22712E-02
   10  1.36842E+01  9.23680E-01 -2.81580E-01 -2.32593E-02
   11  1.36842E+01  9.23680E-01 -3.50000E-01 -2.43774E-02
   12  1.36842E+01  9.23680E-01 -4.18420E-01 -2.56412E-02
   13  1.36842E+01  9.23680E-01 -4.86840E-01 -2.70804E-02
   14  1.36842E+01  9.23680E-01 -5.55260E-01 -2.87130E-02
   15  1.36842E+01  9.23680E-01 -6.23680E-01 -3.05440E-02
   16  1.36842E+01  9.23680E-01 -6.92110E-01 -3.26049E-02
   17  1.36842E+01  9.23680E-01 -7.60530E-01 -3.83691E-02
   18  1.36842E+01  9.23680E-01 -8.28950E-01  5.04430E-01
   19  1.36842E+01  9.23680E-01 -8.97370E-01 -1.61501E+00
   20  1.36842E+01  9.23680E-01 -9.65790E-01 -6.41308E+00
*eof
n02c046
    1  1.26316E+01  8.52630E-01  2.31580E-01 -1.93096E-02
    2  1.26316E+01  8.52630E-01  1.68420E-01 -1.90074E-02
    3  1.26316E+01  8.52630E-01  1.05260E-01 -1.89251E-02
    4  1.26316E+01  8.52630E-01  4.21100E-02 -1.91866E-02
    5  1.26316E+01  8.52630E-01 -2.10500E-02 -1.95660E-02
    6  1.26316E+01  8.52630E-01 -8.42100E-02 -2.00579E-02
    7  1.26316E+01  8.52630E-01 -1.47370E-01 -2.06710E-02
    8  1.26316E+01  8.52630E-01 -2.10530E-01 -2.14048E-02
    9  1.26316E+01  8.52630E-01 -2.73680E-01 -2.22638E-02
   10  1.26316E+01  8.52630E-01 -3.36840E-01 -2.32515E-02
   11  1.26316E+01  8.52630E-01 -4.00000E-01 -2.43744E-02
   12  1.26316E+01  8.52630E-01 -4.63160E-01 -2.56447E-02
   13  1.26316E+01  8.52630E-01 -5.26320E-01 -2.70839E-02
   14  1.26316E+01  8.52630E-01 -5.89470E-01 -2.87115E-02
   15  1.26316E+01  8.52630E-01 -6.52630E-01 -3.05345E-02
   16  1.26316E+01  8.52630E-01 -7.15790E-01 -3.25952E-02
   17  1.26316E+01  8.52630E-01 -7.78950E-01 -3.83482E-02
   18  1.26316E+01  8.52630E-01 -8.42110E-01  5.03759E-01
   19  1.26316E+01  8.52630E-01 -9.05260E-01 -1.61434E+00
   20  1.26316E+01  8.52630E-01 -9.68420E-01 -6.41041E+00
*eof
n02c047
    1  1.15790E+01  7.81580E-01  1.28950E-01 -1.93085E-02
    2  1.15790E+01  7.81580E-01  7.10500E-02 -1.90058E-02
    3  1.15790E+01  7.81580E-01  1.31600E-02 -1.89270E-02
    4  1.15790E+01  7.81580E-01 -4.47400E-02 -1.91840E-02
    5  1.15790E+01  7.81580E-01 -1.02630E-01 -1.95550E-02
    6  1.15790E+01  7.81580E-01 -1.60530E-01 -2.00439E-02
    7  1.15790E+01  7.81580E-01 -2.18420E-01 -2.06578E-02
    8  1.15790E+01  7.81580E-01 -2.76320E-01 -2.13949E-02
    9  1.15790E+01  7.81580E-01 -3.34210E-01 -2.22538E-02
   10  1.15790E+01  7.81580E-01 -3.92110E-01 -2.32410E-02
   11  1.15790E+01  7.81580E-01 -4.50000E-01 -2.43706E-02
   12  1.15790E+01  7.81580E-01 -5.07890E-01 -2.56455E-02
   13  1.15790E+01  7.81580E-01 -5.65790E-01 -2.70853E-02
   14  1.15790E+01  7.81580E-01 -6.23680E-01 -2.87121E-02
   15  1.15790E+01  7.81580E-01 -6.81580E-01 -3.05349E-02
   16  1.15790E+01  7.81580E-01 -7.39470E-01 -3.25990E-02
   17  1.15790E+01  7.81580E-01 -7.97370E-01 -3.83367E-02
   18  1.15790E+01  7.81580E-01 -8.55260E-01  5.03024E-01
   19  1.15790E+01  7.81580E-01 -9.13160E-01 -1.61394E+00
   20  1.15790E+01  7.81580E-01 -9.71050E-01 -6.40652E+00
*eof
n02c048
    1  1.05263E+01  7.10530E-01  2.63200E-02 -1.93056E-02
    2  1.05263E+01  7.10530E-01 -2.63200E-02 -1.90095E-02
    3  1.05263E+01  7.10530E-01 -7.89500E-02 -1.89335E-02
    4  1.05263E+01  7.10530E-01 -1.31580E-01 -1.91938E-02
    5  1.05263E+01  7.10530E-01 -1.84210E-01 -1.95690E-02
    6  1.05263E+01  7.10530E-01 -2.36840E-01 -2.00624E-02
    7  1.05263E+01  7.10530E-01 -2.89470E-01 -2.06815E-02
    8  1.05263E+01  7.10530E-01 -3.42110E-01 -2.14212E-02
    9  1.05263E+01  7.10530E-01 -3.94740E-01 -2.22774E-02
   10  1.05263E+01  7.10530E-01 -4.47370E-01 -2.32705E-02
   11  1.05263E+01  7.10530E-01 -5.00000E-01 -2.44096E-02
   12  1.05263E+01  7.10530E-01 -5.52630E-01 -2.56790E-02
   13  1.05263E+01  7.10530E-01 -6.05260E-01 -2.71094E-02
   14  1.05263E+01  7.10530E-01 -6.57890E-01 -2.87334E-02
   15  1.05263E+01  7.10530E-01 -7.10530E-01 -3.05578E-02
   16  1.05263E+01  7.10530E-01 -7.63160E-01 -3.26234E-02
   17  1.05263E+01  7.10530E-01 -8.15790E-01 -3.83392E-02
   18  1.05263E+01  7.10530E-01 -8.68420E-01  5.01820E-01
   19  1.05263E+01  7.10530E-01 -9.21050E-01 -1.61224E+00
   20  1.05263E+01  7.10530E-01 -9.73680E-01 -6.39950E+00
*eof
n02c049
    1  9.47368E+00  6.39470E-01 -7.63200E-02 -1.93482E-02
    2  9.47368E+00  6.39470E-01 -1.23680E-01 -1.90435E-02
    3  9.47368E+00  6.39470E-01 -1.71050E-01 -1.89699E-02
    4  9.47368E+00  6.39470E-01 -2.18420E-01 -1.92265E-02
    5  9.47368E+00  6.39470E-01 -2.65790E-01 -1.95987E-02
    6  9.47368E+00  6.39470E-01 -3.13160E-01 -2.00944E-02
    7  9.47368E+00  6.39470E-01 -3.60530E-01 -2.07143E-02
    8  9.47368E+00  6.39470E-01 -4.07890E-01 -2.14501E-02
    9  9.47368E+00  6.39470E-01 -4.55260E-01 -2.23033E-02
   10  9.47368E+00  6.39470E-01 -5.02630E-01 -2.32951E-02
   11  9.47368E+00  6.39470E-01 -5.50000E-01 -2.44257E-02
   12  9.47368E+00  6.39470E-01 -5.97370E-01 -2.56863E-02
   13  9.47368E+00  6.39470E-01 -6.44740E-01 -2.71143E-02
   14  9.47368E+00  6.39470E-01 -6.92110E-01 -2.87369E-02
   15  9.47368E+00  6.39470E-01 -7.39470E-01 -3.05598E-02
   16  9.47368E+00  6.39470E-01 -7.86840E-01 -3.26228E-02
   17  9.47368E+00  6.39470E-01 -8.34210E-01 -3.83089E-02
   18  9.47368E+00  6.39470E-01 -8.81580E-01  5.00414E-01
   19  9.47368E+00  6.39470E-01 -9.28950E-01 -1.61003E+00
   20  9.47368E+00  6.39470E-01 -9.76320E-01 -6.38938E+00
*eof
n02c050
    1  8.42105E+00  5.68420E-01 -1.78950E-01 -1.93766E-02
    2  8.42105E+00  5.68420E-01 -2.21050E-01 -1.90631E-02
    3  8.42105E+00  5.68420E-01 -2.63160E-01 -1.89841E-02
    4  8.42105E+00  5.68420E-01 -3.05260E-01 -1.92324E-02
    5  8.42105E+00  5.68420E-01 -3.47370E-01 -1.96063E-02
    6  8.42105E+00  5.68420E-01 -3.89470E-01 -2.01039E-02
    7  8.42105E+00  5.68420E-01 -4.31580E-01 -2.07184E-02
    8  8.42105E+00  5.68420E-01 -4.73680E-01 -2.14493E-02
    9  8.42105E+00  5.68420E-01 -5.15790E-01 -2.22995E-02
   10  8.42105E+00  5.68420E-01 -5.57890E-01 -2.32805E-02
   11  8.42105E+00  5.68420E-01 -6.00000E-01 -2.44008E-02
   12  8.42105E+00  5.68420E-01 -6.42110E-01 -2.56693E-02
   13  8.42105E+00  5.68420E-01 -6.84210E-01 -2.71066E-02
   14  8.42105E+00  5.68420E-01 -7.26320E-01 -2.87286E-02
   15  8.42105E+00  5.68420E-01 -7.68420E-01 -3.05497E-02
   16  8.42105E+00  5.68420E-01 -8.10530E-01 -3.26111E-02
   17  8.42105E+00  5.68420E-01 -8.52630E-01 -3.82597E-02
   18  8.42105E+00  5.68420E-01 -8.94740E-01  4.98425E-01
   19  8.42105E+00  5.68420E-01 -9.36840E-01 -1.60748E+00
   20  8.42105E+00  5.68420E-01 -9.78950E-01 -6.37873E+00
*eof
n02c051
    1  7.36842E+00  4.97370E-01 -2.81580E-01 -1.93426E-02
    2  7.36842E+00  4.97370E-01 -3.18420E-01 -1.90372E-02
    3  7.36842E+00  4.97370E-01 -3.55260E-01 -1.89534E-02
    4  7.36842E+00  4.97370E-01 -3.92110E-01 -1.92056E-02
    5  7.36842E+00  4.97370E-01 -4.28950E-01 -1.95868E-02
    6  7.36842E+00  4.97370E-01 -4.65790E-01 -2.00820E-02
    7  7.36842E+00  4.97370E-01 -5.02630E-01 -2.06915E-02
    8  7.36842E+00  4.97370E-01 -5.39470E-01 -2.14211E-02
    9  7.36842E+00  4.97370E-01 -5.76320E-01 -2.22720E-02
   10  7.36842E+00  4.97370E-01 -6.13160E-01 -2.32550E-02
   11  7.36842E+00  4.97370E-01 -6.50000E-01 -2.43802E-02
   12  7.36842E+00  4.97370E-01 -6.86840E-01 -2.56546E-02
   13  7.36842E+00  4.97370E-01 -7.23680E-01 -2.70929E-02
   14  7.36842E+00  4.97370E-01 -7.60530E-01 -2.87141E-02
   15  7.36842E+00  4.97370E-01 -7.97370E-01 -3.05365E-02
   16  7.36842E+00  4.97370E-01 -8.34210E-01 -3.25988E-02
   17  7.36842E+00  4.97370E-01 -8.71050E-01 -3.81978E-02
   18  7.36842E+00  4.97370E-01 -9.07890E-01  4.96089E-01
   19  7.36842E+00  4.97370E-01 -9.44740E-01 -1.60554E+00
   20  7.36842E+00  4.97370E-01 -9.81580E-01 -6.36645E+00
*eof
n02c052
    1  6.31579E+00  4.26320E-01 -3.84210E-01 -1.93014E-02
    2  6.31579E+00  4.26320E-01 -4.15790E-01 -1.90067E-02
    3  6.31579E+00  4.26320E-01 -4.47370E-01 -1.89262E-02
    4  6.31579E+00  4.26320E-01 -4.78950E-01 -1.91834E-02
    5  6.31579E+00  4.26320E-01 -5.10530E-01 -1.95627E-02
    6  6.31579E+00  4.26320E-01 -5.42110E-01 -2.00534E-02
    7  6.31579E+00  4.26320E-01 -5.73680E-01 -2.06627E-02
    8  6.31579E+00  4.26320E-01 -6.05260E-01 -2.13945E-02
    9  6.31579E+00  4.26320E-01 -6.36840E-01 -2.22521E-02
   10  6.31579E+00  4.26320E-01 -6.68420E-01 -2.32417E-02
   11  6.31579E+00  4.26320E-01 -7.00000E-01 -2.43696E-02
   12  6.31579E+00  4.26320E-01 -7.31580E-01 -2.56448E-02
   13  6.31579E+00  4.26320E-01 -7.63160E-01 -2.70831E-02
   14  6.31579E+00  4.26320E-01 -7.94740E-01 -2.87044E-02
   15  6.31579E+00  4.26320E-01 -8.26320E-01 -3.05280E-02
   16  6.31579E+00  4.26320E-01 -8.57890E-01 -3.25901E-02
   17  6.31579E+00  4.26320E-01 -8.89470E-01 -3.81142E-02
   18  6.31579E+00  4.26320E-01 -9.21050E-01  4.92449E-01
   19  6.31579E+00  4.26320E-01 -9.52630E-01 -1.60218E+00
   20  6.31579E+00  4.26320E-01 -9.84210E-01 -6.35109E+00
*eof
n02c053
    1  5.26316E+00  3.55260E-01 -4.86840E-01 -1.92976E-02
    2  5.26316E+00  3.55260E-01 -5.13160E-01 -1.90036E-02
    3  5.26316E+00  3.55260E-01 -5.39470E-01 -1.89261E-02
    4  5.26316E+00  3.55260E-01 -5.65790E-01 -1.91832E-02
    5  5.26316E+00  3.55260E-01 -5.92110E-01 -1.95617E-02
    6  5.26316E+00  3.55260E-01 -6.18420E-01 -2.00543E-02
    7  5.26316E+00  3.55260E-01 -6.44740E-01 -2.06671E-02
    8  5.26316E+00  3.55260E-01 -6.71050E-01 -2.14025E-02
    9  5.26316E+00  3.55260E-01 -6.97370E-01 -2.22631E-02
   10  5.26316E+00  3.55260E-01 -7.23680E-01 -2.32521E-02
   11  5.26316E+00  3.55260E-01 -7.50000E-01 -2.43781E-02
   12  5.26316E+00  3.55260E-01 -7.76320E-01 -2.56523E-02
   13  5.26316E+00  3.55260E-01 -8.02630E-01 -2.70898E-02
   14  5.26316E+00  3.55260E-01 -8.28950E-01 -2.87110E-02
   15  5.26316E+00  3.55260E-01 -8.55260E-01 -3.05336E-02
   16  5.26316E+00  3.55260E-01 -8.81580E-01 -3.25943E-02
   17  5.26316E+00  3.55260E-01 -9.07890E-01 -3.79966E-02
   18  5.26316E+00  3.55260E-01 -9.34210E-01  4.86686E-01
   19  5.26316E+00  3.55260E-01 -9.60530E-01 -1.59891E+00
   20  5.26316E+00  3.55260E-01 -9.86840E-01 -6.32987E+00
*eof
n02c054
    1  4.21053E+00  2.84210E-01 -5.89470E-01 -1.93111E-02
    2  4.21053E+00  2.84210E-01 -6.10530E-01 -1.90157E-02
    3  4.21053E+00  2.84210E-01 -6.31580E-01 -1.89391E-02
    4  4.21053E+00  2.84210E-01 -6.52630E-01 -1.91942E-02
    5  4.21053E+00  2.84210E-01 -6.73680E-01 -1.95732E-02
    6  4.21053E+00  2.84210E-01 -6.94740E-01 -2.00672E-02
    7  4.21053E+00  2.84210E-01 -7.15790E-01 -2.06805E-02
    8  4.21053E+00  2.84210E-01 -7.36840E-01 -2.14176E-02
    9  4.21053E+00  2.84210E-01 -7.57890E-01 -2.22768E-02
   10  4.21053E+00  2.84210E-01 -7.78950E-01 -2.32652E-02
   11  4.21053E+00  2.84210E-01 -8.00000E-01 -2.43912E-02
   12  4.21053E+00  2.84210E-01 -8.21050E-01 -2.56644E-02
   13  4.21053E+00  2.84210E-01 -8.42110E-01 -2.71020E-02
   14  4.21053E+00  2.84210E-01 -8.63160E-01 -2.87220E-02
   15  4.21053E+00  2.84210E-01 -8.84210E-01 -3.05433E-02
   16  4.21053E+00  2.84210E-01 -9.05260E-01 -3.26000E-02
   17  4.21053E+00  2.84210E-01 -9.26320E-01 -3.77947E-02
   18  4.21053E+00  2.84210E-01 -9.47370E-01  4.76847E-01
   19  4.21053E+00  2.84210E-01 -9.68420E-01 -1.59163E+00
   20  4.21053E+00  2.84210E-01 -9.89470E-01 -6.29293E+00
*eof
n02c055
    1  3.15789E+00  2.13160E-01 -6.92110E-01 -1.93358E-02
    2  3.15789E+00  2.13160E-01 -7.07890E-01 -1.90374E-02
    3  3.15789E+00  2.13160E-01 -7.23680E-01 -1.89602E-02
    4  3.15789E+00  2.13160E-01 -7.39470E-01 -1.92098E-02
    5  3.15789E+00  2.13160E-01 -7.55260E-01 -1.95898E-02
    6  3.15789E+00  2.13160E-01 -7.71050E-01 -2.00847E-02
    7  3.15789E+00  2.13160E-01 -7.86840E-01 -2.07026E-02
    8  3.15789E+00  2.13160E-01 -8.02630E-01 -2.14448E-02
    9  3.15789E+00  2.13160E-01 -8.18420E-01 -2.22957E-02
   10  3.15789E+00  2.13160E-01 -8.34210E-01 -2.32760E-02
   11  3.15789E+00  2.13160E-01 -8.50000E-01 -2.44020E-02
   12  3.15789E+00  2.13160E-01 -8.65790E-01 -2.56745E-02
   13  3.15789E+00  2.13160E-01 -8.81580E-01 -2.71106E-02
   14  3.15789E+00  2.13160E-01 -8.97370E-01 -2.87297E-02
   15  3.15789E+00  2.13160E-01 -9.13160E-01 -3.05502E-02
   16  3.15789E+00  2.13160E-01 -9.28950E-01 -3.26040E-02
   17  3.15789E+00  2.13160E-01 -9.44740E-01 -3.75614E-02
   18  3.15789E+00  2.13160E-01 -9.60530E-01  4.59927E-01
   19  3.15789E+00  2.13160E-01 -9.76320E-01 -1.58008E+00
   20  3.15789E+00  2.13160E-01 -9.92110E-01 -6.22585E+00
*eof
n02c056
    1  2.10526E+00  1.42110E-01 -7.94740E-01 -1.93385E-02
    2  2.10526E+00  1.42110E-01 -8.05260E-01 -1.90473E-02
    3  2.10526E+00  1.42110E-01 -8.15790E-01 -1.89741E-02
    4  2.10526E+00  1.42110E-01 -8.26320E-01 -1.92207E-02
    5  2.10526E+00  1.42110E-01 -8.36840E-01 -1.96004E-02
    6  2.10526E+00  1.42110E-01 -8.47370E-01 -2.00938E-02
    7  2.10526E+00  1.42110E-01 -8.57890E-01 -2.07121E-02
    8  2.10526E+00  1.42110E-01 -8.68420E-01 -2.14554E-02
    9  2.10526E+00  1.42110E-01 -8.78950E-01 -2.23012E-02
   10  2.10526E+00  1.42110E-01 -8.89470E-01 -2.32777E-02
   11  2.10526E+00  1.42110E-01 -9.00000E-01 -2.44044E-02
   12  2.10526E+00  1.42110E-01 -9.10530E-01 -2.56769E-02
   13  2.10526E+00  1.42110E-01 -9.21050E-01 -2.71118E-02
   14  2.10526E+00  1.42110E-01 -9.31580E-01 -2.87308E-02
   15  2.10526E+00  1.42110E-01 -9.42110E-01 -3.05512E-02
   16  2.10526E+00  1.42110E-01 -9.52630E-01 -3.25994E-02
   17  2.10526E+00  1.42110E-01 -9.63160E-01 -3.71925E-02
   18  2.10526E+00  1.42110E-01 -9.73680E-01  4.19437E-01
   19  2.10526E+00  1.42110E-01 -9.84210E-01 -1.57705E+00
   20  2.10526E+00  1.42110E-01 -9.94740E-01 -6.15287E+00
*eof
n02c057
    1  1.05263E+00  7.10500E-02 -8.97370E-01 -1.92870E-02
    2  1.05263E+00  7.10500E-02 -9.02630E-01 -1.90584E-02
    3  1.05263E+00  7.10500E-02 -9.07890E-01 -1.90065E-02
    4  1.05263E+00  7.10500E-02 -9.13160E-01 -1.92374E-02
    5  1.05263E+00  7.10500E-02 -9.18420E-01 -1.96080E-02
    6  1.05263E+00  7.10500E-02 -9.23680E-01 -2.00971E-02
    7  1.05263E+00  7.10500E-02 -9.28950E-01 -2.07158E-02
    8  1.05263E+00  7.10500E-02 -9.34210E-01 -2.14593E-02
    9  1.05263E+00  7.10500E-02 -9.39470E-01 -2.23093E-02
   10  1.05263E+00  7.10500E-02 -9.44740E-01 -2.32880E-02
   11  1.05263E+00  7.10500E-02 -9.50000E-01 -2.44120E-02
   12  1.05263E+00  7.10500E-02 -9.55260E-01 -2.56846E-02
   13  1.05263E+00  7.10500E-02 -9.60530E-01 -2.71230E-02
   14  1.05263E+00  7.10500E-02 -9.65790E-01 -2.87402E-02
   15  1.05263E+00  7.10500E-02 -9.71050E-01 -3.05502E-02
   16  1.05263E+00  7.10500E-02 -9.76320E-01 -3.25454E-02
   17  1.05263E+00  7.10500E-02 -9.81580E-01 -3.53627E-02
   18  1.05263E+00  7.10500E-02 -9.86840E-01  1.36780E-01
   19  1.05263E+00  7.10500E-02 -9.92110E-01 -1.74790E+00
   20  1.05263E+00  7.10500E-02 -9.97370E-01 -5.49056E+00
*eof
n02c058
    1  0.00000E+00  0.00000E+00 -1.00000E+00 -1.91746E-02
    2  0.00000E+00  0.00000E+00 -1.00000E+00 -1.90318E-02
    3  0.00000E+00  0.00000E+00 -1.00000E+00 -1.89743E-02
    4  0.00000E+00  0.00000E+00 -1.00000E+00 -1.92136E-02
    5  0.00000E+00  0.00000E+00 -1.00000E+00 -1.95815E-02
    6  0.00000E+00  0.00000E+00 -1.00000E+00 -2.00688E-02
    7  0.00000E+00  0.00000E+00 -1.00000E+00 -2.06958E-02
    8  0.00000E+00  0.00000E+00 -1.00000E+00 -2.14533E-02
    9  0.00000E+00  0.00000E+00 -1.00000E+00 -2.22965E-02
   10  0.00000E+00  0.00000E+00 -1.00000E+00 -2.32587E-02
   11  0.00000E+00  0.00000E+00 -1.00000E+00 -2.43771E-02
   12  0.00000E+00  0.00000E+00 -1.00000E+00 -2.56468E-02
   13  0.00000E+00  0.00000E+00 -1.00000E+00 -2.70808E-02
   14  0.00000E+00  0.00000E+00 -1.00000E+00 -2.86936E-02
   15  0.00000E+00  0.00000E+00 -1.00000E+00 -3.04962E-02
   16  0.00000E+00  0.00000E+00 -1.00000E+00 -3.24785E-02
   17  0.00000E+00  0.00000E+00 -1.00000E+00 -3.60657E-02
   18  0.00000E+00  0.00000E+00 -1.00000E+00  3.13298E-01
   19  0.00000E+00  0.00000E+00 -1.00000E+00 -1.52810E+00
   20  0.00000E+00  0.00000E+00 -1.00000E+00 -3.72141E+00
*eof
n03c001
    1  0.00000E+00  0.00000E+00 -1.00000E+00 -1.25212E-02
    2  1.05263E+00  0.00000E+00 -1.00000E+00 -1.25132E-02
    3  2.10526E+00  0.00000E+00 -1.00000E+00 -1.25092E-02
    4  3.15789E+00  0.00000E+00 -1.00000E+00 -1.25088E-02
    5  4.21053E+00  0.00000E+00 -1.00000E+00 -1.25152E-02
    6  5.26316E+00  0.00000E+00 -1.00000E+00 -1.25227E-02
    7  6.31579E+00  0.00000E+00 -1.00000E+00 -1.25027E-02
    8  7.36842E+00  0.00000E+00 -1.00000E+00 -1.24800E-02
    9  8.42105E+00  0.00000E+00 -1.00000E+00 -1.24996E-02
   10  9.47368E+00  0.00000E+00 -1.00000E+00 -1.25248E-02
   11  1.05263E+01  0.00000E+00 -1.00000E+00 -1.25358E-02
   12  1.15790E+01  0.00000E+00 -1.00000E+00 -1.25234E-02
   13  1.26316E+01  0.00000E+00 -1.00000E+00 -1.24920E-02
   14  1.36842E+01  0.00000E+00 -1.00000E+00 -1.25001E-02
   15  1.47368E+01  0.00000E+00 -1.00000E+00 -1.24798E-02
   16  1.57895E+01  0.00000E+00 -1.00000E+00 -1.24287E-02
   17  1.68421E+01  0.00000E+00 -1.00000E+00 -1.24854E-02
   18  1.78947E+01  0.00000E+00 -1.00000E+00 -1.19355E-02
   19  1.89474E+01  0.00000E+00 -1.00000E+00 -1.71707E-02
   20  2.00000E+01  0.00000E+00 -1.00000E+00 -4.48042E-02
   21  2.20421E+01  0.00000E+00 -1.00000E+00  4.31604E-02
   22  2.40842E+01  0.00000E+00 -1.00000E+00  3.64338E-01
   23  2.61263E+01  0.00000E+00 -1.00000E+00  4.56966E-01
   24  2.81684E+01  0.00000E+00 -1.00000E+00  1.22152E-01
   25  3.02105E+01  0.00000E+00 -1.00000E+00 -1.53307E-01
   26  3.22526E+01  0.00000E+00 -1.00000E+00 -1.53721E-01
   27  3.42947E+01  0.00000E+00 -1.00000E+00  7.40282E-02
   28  3.63368E+01  0.00000E+00 -1.00000E+00  2.63327E-01
   29  3.83790E+01  0.00000E+00 -1.00000E+00  1.75606E-01
   30  4.04211E+01  0.00000E+00 -1.00000E+00 -5.24077E-02
   31  4.24632E+01  0.00000E+00 -1.00000E+00 -1.44115E-01
   32  4.45053E+01  0.00000E+00 -1.00000E+00 -4.10369E-02
   33  4.65474E+01  0.00000E+00 -1.00000E+00  1.33919E-01
   34  4.85895E+01  0.00000E+00 -1.00000E+00  1.69610E-01
   35  5.06316E+01  0.00000E+00 -1.00000E+00  3.40875E-02
   36  5.26737E+01  0.00000E+00 -1.00000E+00 -9.12967E-02
   37  5.47158E+01  0.00000E+00 -1.00000E+00 -7.47799E-02
   38  5.67579E+01  0.00000E+00 -1.00000E+00  4.72914E-02
   39  5.88000E+01  0.00000E+00 -1.00000E+00  9.73423E-02
   40  5.94947E+01  0.00000E+00 -8.94740E-01  4.19202E-02
   41  6.01895E+01  0.00000E+00 -7.89470E-01  4.11862E-02
   42  6.08842E+01  0.00000E+00 -6.84210E-01  3.13165E-02
   43  6.15789E+01  0.00000E+00 -5.78950E-01  6.69851E-02
   44  6.22737E+01  0.00000E+00 -4.73680E-01  1.26219E-01
   45  6.29684E+01  0.00000E+00 -3.68420E-01  8.78317E-02
   46  6.36632E+01  0.00000E+00 -2.63160E-01  2.32412E-04
   47  6.43579E+01  0.00000E+00 -1.57890E-01 -6.58155E-02
   48  6.50526E+01  0.00000E+00 -5.26300E-02 -1.50312E-01
   49  6.57474E+01  0.00000E+00  5.26300E-02 -2.22355E-01
   50  6.64421E+01  0.00000E+00  1.57890E-01 -1.19601E-01
   51  6.71368E+01  0.00000E+00  2.63160E-01  5.87573E-02
   52  6.78316E+01  0.00000E+00  3.68420E-01  2.10481E-01
   53  6.85263E+01  0.00000E+00  4.73680E-01 -5.21132E-02
   54  6.92211E+01  0.00000E+00  5.78950E-01 -3.51930E-01
   55  6.99158E+01  0.00000E+00  6.84210E-01 -1.08037E-01
   56  7.06105E+01  0.00000E+00  7.89470E-01 -7.69886E+00
   57  7.13053E+01  0.00000E+00  8.94740E-01  1.09146E+01
   58  7.20000E+01  0.00000E+00  1.00000E+00  4.70457E+01
*eof
n03c002
    1  0.00000E+00  0.00000E+00 -1.00000E+00 -1.25285E-02
    2  1.05263E+00  3.74000E-03 -9.99860E-01 -1.25255E-02
    3  2.10526E+00  7.48000E-03 -9.99720E-01 -1.25243E-02
    4  3.15789E+00  1.12200E-02 -9.99580E-01 -1.25268E-02
    5  4.21053E+00  1.49600E-02 -9.99450E-01 -1.25329E-02
    6  5.26316E+00  1.87000E-02 -9.99310E-01 -1.25338E-02
    7  6.31579E+00  2.24400E-02 -9.99170E-01 -1.25185E-02
    8  7.36842E+00  2.61800E-02 -9.99030E-01 -1.25042E-02
    9  8.42105E+00  2.99200E-02 -9.98890E-01 -1.25181E-02
   10  9.47368E+00  3.36600E-02 -9.98750E-01 -1.25398E-02
   11  1.05263E+01  3.74000E-02 -9.98610E-01 -1.25480E-02
   12  1.15790E+01  4.11400E-02 -9.98480E-01 -1.25354E-02
   13  1.26316E+01  4.48800E-02 -9.98340E-01 -1.25122E-02
   14  1.36842E+01  4.86100E-02 -9.98200E-01 -1.25112E-02
   15  1.47368E+01  5.23500E-02 -9.98060E-01 -1.24989E-02
   16  1.57895E+01  5.60900E-02 -9.97920E-01 -1.24942E-02
   17  1.68421E+01  5.98300E-02 -9.97780E-01 -1.25274E-02
   18  1.78947E+01  6.35700E-02 -9.97650E-01 -1.22619E-02
   19  1.89474E+01  6.73100E-02 -9.97510E-01 -1.55399E-02
   20  2.00000E+01  7.10500E-02 -9.97370E-01 -2.73178E-02
   21  2.20421E+01  7.10500E-02 -9.97370E-01  7.03821E-02
   22  2.40842E+01  7.10500E-02 -9.97370E-01  3.24249E-01
   23  2.61263E+01  7.10500E-02 -9.97370E-01  3.90569E-01
   24  2.81684E+01  7.10500E-02 -9.97370E-01  1.26028E-01
   25  3.02105E+01  7.10500E-02 -9.97370E-01 -1.05663E-01
   26  3.22526E+01  7.10500E-02 -9.97370E-01 -1.13185E-01
   27  3.42947E+01  7.10500E-02 -9.97370E-01  6.79175E-02
   28  3.63368E+01  7.10500E-02 -9.97370E-01  2.18766E-01
   29  3.83790E+01  7.10500E-02 -9.97370E-01  1.51249E-01
   30  4.04211E+01  7.10500E-02 -9.97370E-01 -3.15224E-02
   31  4.24632E+01  7.10500E-02 -9.97370E-01 -1.09943E-01
   32  4.45053E+01  7.10500E-02 -9.97370E-01 -2.85541E-02
   33  4.65474E+01  7.10500E-02 -9.97370E-01  1.11451E-01
   34  4.85895E+01  7.10500E-02 -9.97370E-01  1.41415E-01
   35  5.06316E+01  7.10500E-02 -9.97370E-01  3.45659E-02
   36  5.26737E+01  7.10500E-02 -9.97370E-01 -6.76612E-02
   37  5.47158E+01  7.10500E-02 -9.97370E-01 -5.67022E-02
   38  5.67579E+01  7.10500E-02 -9.97370E-01  3.82324E-02
   39  5.88000E+01  7.10500E-02 -9.97370E-01  8.34998E-02
   40  5.94947E+01  6.73100E-02 -8.92240E-01  4.65872E-02
   41  6.01895E+01  6.35700E-02 -7.87120E-01  4.25849E-02
   42  6.08842E+01  5.98300E-02 -6.81990E-01  3.98999E-02
   43  6.15789E+01  5.60900E-02 -5.76870E-01  6.81250E-02
   44  6.22737E+01  5.23500E-02 -4.71750E-01  1.10394E-01
   45  6.29684E+01  4.86100E-02 -3.66620E-01  7.84676E-02
   46  6.36632E+01  4.48800E-02 -2.61500E-01  1.52429E-03
   47  6.43579E+01  4.11400E-02 -1.56370E-01 -6.60780E-02
   48  6.50526E+01  3.74000E-02 -5.12500E-02 -1.39984E-01
   49  6.57474E+01  3.36600E-02  5.38800E-02 -1.92389E-01
   50  6.64421E+01  2.99200E-02  1.59000E-01 -1.06924E-01
   51  6.71368E+01  2.61800E-02  2.64130E-01  4.45546E-02
   52  6.78316E+01  2.24400E-02  3.69250E-01  1.50191E-01
   53  6.85263E+01  1.87000E-02  4.74380E-01 -4.31281E-02
   54  6.92211E+01  1.49600E-02  5.79500E-01 -2.73657E-01
   55  6.99158E+01  1.12200E-02  6.84630E-01 -9.78942E-02
   56  7.06105E+01  7.48000E-03  7.89750E-01 -2.69282E+00
   57  7.13053E+01  3.74000E-03  8.94880E-01  1.34071E+01
   58  7.20000E+01  0.00000E+00  1.00000E+00  4.83232E+01
*eof
n03c003
    1  0.00000E+00  0.00000E+00 -1.00000E+00 -1.25398E-02
    2  1.05263E+00  7.48000E-03 -9.99720E-01 -1.25361E-02
    3  2.10526E+00  1.49600E-02 -9.99450E-01 -1.25361E-02
    4  3.15789E+00  2.24400E-02 -9.99170E-01 -1.25408E-02
    5  4.21053E+00  2.99200E-02 -9.98890E-01 -1.25477E-02
    6  5.26316E+00  3.74000E-02 -9.98610E-01 -1.25450E-02
    7  6.31579E+00  4.48800E-02 -9.98340E-01 -1.25297E-02
    8  7.36842E+00  5.23500E-02 -9.98060E-01 -1.25162E-02
    9  8.42105E+00  5.98300E-02 -9.97780E-01 -1.25313E-02
   10  9.47368E+00  6.73100E-02 -9.97510E-01 -1.25569E-02
   11  1.05263E+01  7.47900E-02 -9.97230E-01 -1.25615E-02
   12  1.15790E+01  8.22700E-02 -9.96950E-01 -1.25456E-02
   13  1.26316E+01  8.97500E-02 -9.96680E-01 -1.25230E-02
   14  1.36842E+01  9.72300E-02 -9.96400E-01 -1.25159E-02
   15  1.47368E+01  1.04710E-01 -9.96120E-01 -1.25104E-02
   16  1.57895E+01  1.12190E-01 -9.95840E-01 -1.25409E-02
   17  1.68421E+01  1.19670E-01 -9.95570E-01 -1.25727E-02
   18  1.78947E+01  1.27150E-01 -9.95290E-01 -1.21086E-02
   19  1.89474E+01  1.34630E-01 -9.95010E-01 -1.62753E-02
   20  2.00000E+01  1.42110E-01 -9.94740E-01 -3.36849E-02
   21  2.20421E+01  1.42110E-01 -9.94740E-01  6.26307E-02
   22  2.40842E+01  1.42110E-01 -9.94740E-01  3.38216E-01
   23  2.61263E+01  1.42110E-01 -9.94740E-01  4.12446E-01
   24  2.81684E+01  1.42110E-01 -9.94740E-01  1.24616E-01
   25  3.02105E+01  1.42110E-01 -9.94740E-01 -1.21306E-01
   26  3.22526E+01  1.42110E-01 -9.94740E-01 -1.26521E-01
   27  3.42947E+01  1.42110E-01 -9.94740E-01  7.00454E-02
   28  3.63368E+01  1.42110E-01 -9.94740E-01  2.33670E-01
   29  3.83790E+01  1.42110E-01 -9.94740E-01  1.59438E-01
   30  4.04211E+01  1.42110E-01 -9.94740E-01 -3.83613E-02
   31  4.24632E+01  1.42110E-01 -9.94740E-01 -1.21124E-01
   32  4.45053E+01  1.42110E-01 -9.94740E-01 -3.25717E-02
   33  4.65474E+01  1.42110E-01 -9.94740E-01  1.19040E-01
   34  4.85895E+01  1.42110E-01 -9.94740E-01  1.50924E-01
   35  5.06316E+01  1.42110E-01 -9.94740E-01  3.45865E-02
   36  5.26737E+01  1.42110E-01 -9.94740E-01 -7.53376E-02
   37  5.47158E+01  1.42110E-01 -9.94740E-01 -6.25570E-02
   38  5.67579E+01  1.42110E-01 -9.94740E-01  4.05751E-02
   39  5.88000E+01  1.42110E-01 -9.94740E-01  8.94315E-02
   40  5.94947E+01  1.34630E-01 -8.89750E-01  4.67687E-02
   41  6.01895E+01  1.27150E-01 -7.84760E-01  4.08235E-02
   42  6.08842E+01  1.19670E-01 -6.79780E-01  3.86574E-02
   43  6.15789E+01  1.12190E-01 -5.74790E-01  6.88626E-02
   44  6.22737E+01  1.04710E-01 -4.69810E-01  1.14724E-01
   45  6.29684E+01  9.72300E-02 -3.64820E-01  8.27421E-02
   46  6.36632E+01  8.97500E-02 -2.59830E-01  1.07055E-03
   47  6.43579E+01  8.22700E-02 -1.54850E-01 -6.57144E-02
   48  6.50526E+01  7.47900E-02 -4.98600E-02 -1.40401E-01
   49  6.57474E+01  6.73100E-02  5.51200E-02 -2.01038E-01
   50  6.64421E+01  5.98300E-02  1.60110E-01 -1.12824E-01
   51  6.71368E+01  5.23500E-02  2.65100E-01  5.03178E-02
   52  6.78316E+01  4.48800E-02  3.70080E-01  1.71326E-01
   53  6.85263E+01  3.74000E-02  4.75070E-01 -4.04336E-02
   54  6.92211E+01  2.99200E-02  5.80060E-01 -2.97516E-01
   55  6.99158E+01  2.24400E-02  6.85040E-01 -1.02791E-01
   56  7.06105E+01  1.49600E-02  7.90030E-01 -3.89834E+00
   57  7.13053E+01  7.48000E-03  8.95010E-01  1.25957E+01
   58  7.20000E+01  0.00000E+00  1.00000E+00  4.96940E+01
*eof
n03c004
    1  0.00000E+00  0.00000E+00 -1.00000E+00 -1.25444E-02
    2  1.05263E+00  1.12200E-02 -9.99580E-01 -1.25418E-02
    3  2.10526E+00  2.24400E-02 -9.99170E-01 -1.25426E-02
    4  3.15789E+00  3.36600E-02 -9.98750E-01 -1.25481E-02
    5  4.21053E+00  4.48800E-02 -9.98340E-01 -1.25542E-02
    6  5.26316E+00  5.60900E-02 -9.97920E-01 -1.25468E-02
    7  6.31579E+00  6.73100E-02 -9.97510E-01 -1.25326E-02
    8  7.36842E+00  7.85300E-02 -9.97090E-01 -1.25233E-02
    9  8.42105E+00  8.97500E-02 -9.96680E-01 -1.25403E-02
   10  9.47368E+00  1.00970E-01 -9.96260E-01 -1.25674E-02
   11  1.05263E+01  1.12190E-01 -9.95840E-01 -1.25667E-02
   12  1.15790E+01  1.23410E-01 -9.95430E-01 -1.25467E-02
   13  1.26316E+01  1.34630E-01 -9.95010E-01 -1.25197E-02
   14  1.36842E+01  1.45840E-01 -9.94600E-01 -1.25104E-02
   15  1.47368E+01  1.57060E-01 -9.94180E-01 -1.25277E-02
   16  1.57895E+01  1.68280E-01 -9.93770E-01 -1.25708E-02
   17  1.68421E+01  1.79500E-01 -9.93350E-01 -1.25941E-02
   18  1.78947E+01  1.90720E-01 -9.92940E-01 -1.21104E-02
   19  1.89474E+01  2.01940E-01 -9.92520E-01 -1.64559E-02
   20  2.00000E+01  2.13160E-01 -9.92110E-01 -3.36528E-02
   21  2.20421E+01  2.13160E-01 -9.92110E-01  6.36310E-02
   22  2.40842E+01  2.13160E-01 -9.92110E-01  3.38072E-01
   23  2.61263E+01  2.13160E-01 -9.92110E-01  4.10680E-01
   24  2.81684E+01  2.13160E-01 -9.92110E-01  1.24207E-01
   25  3.02105E+01  2.13160E-01 -9.92110E-01 -1.20520E-01
   26  3.22526E+01  2.13160E-01 -9.92110E-01 -1.25922E-01
   27  3.42947E+01  2.13160E-01 -9.92110E-01  6.98421E-02
   28  3.63368E+01  2.13160E-01 -9.92110E-01  2.32841E-01
   29  3.83790E+01  2.13160E-01 -9.92110E-01  1.58867E-01
   30  4.04211E+01  2.13160E-01 -9.92110E-01 -3.81826E-02
   31  4.24632E+01  2.13160E-01 -9.92110E-01 -1.20542E-01
   32  4.45053E+01  2.13160E-01 -9.92110E-01 -3.23770E-02
   33  4.65474E+01  2.13160E-01 -9.92110E-01  1.18633E-01
   34  4.85895E+01  2.13160E-01 -9.92110E-01  1.50374E-01
   35  5.06316E+01  2.13160E-01 -9.92110E-01  3.45300E-02
   36  5.26737E+01  2.13160E-01 -9.92110E-01 -7.49776E-02
   37  5.47158E+01  2.13160E-01 -9.92110E-01 -6.22091E-02
   38  5.67579E+01  2.13160E-01 -9.92110E-01  4.02405E-02
   39  5.88000E+01  2.13160E-01 -9.92110E-01  8.96720E-02
   40  5.94947E+01  2.01940E-01 -8.87260E-01  4.72215E-02
   41  6.01895E+01  1.90720E-01 -7.82410E-01  3.73549E-02
   42  6.08842E+01  1.79500E-01 -6.77560E-01  4.03225E-02
   43  6.15789E+01  1.68280E-01 -5.72710E-01  7.11523E-02
   44  6.22737E+01  1.57060E-01 -4.67870E-01  1.13493E-01
   45  6.29684E+01  1.45840E-01 -3.63020E-01  8.42041E-02
   46  6.36632E+01  1.34630E-01 -2.58170E-01 -7.61788E-04
   47  6.43579E+01  1.23410E-01 -1.53320E-01 -6.63672E-02
   48  6.50526E+01  1.12190E-01 -4.84800E-02 -1.36878E-01
   49  6.57474E+01  1.00970E-01  5.63700E-02 -1.99743E-01
   50  6.64421E+01  8.97500E-02  1.61220E-01 -1.15383E-01
   51  6.71368E+01  7.85300E-02  2.66070E-01  5.13245E-02
   52  6.78316E+01  6.73100E-02  3.70910E-01  1.72179E-01
   53  6.85263E+01  5.60900E-02  4.75760E-01 -4.09660E-02
   54  6.92211E+01  4.48800E-02  5.80610E-01 -2.95753E-01
   55  6.99158E+01  3.36600E-02  6.85460E-01 -1.01852E-01
   56  7.06105E+01  2.24400E-02  7.90300E-01 -3.94583E+00
   57  7.13053E+01  1.12200E-02  8.95150E-01  1.26373E+01
   58  7.20000E+01  0.00000E+00  1.00000E+00  4.98098E+01
*eof
n03c005
    1  0.00000E+00  0.00000E+00 -1.00000E+00 -1.25415E-02
    2  1.05263E+00  1.49600E-02 -9.99450E-01 -1.25423E-02
    3  2.10526E+00  2.99200E-02 -9.98890E-01 -1.25468E-02
    4  3.15789E+00  4.48800E-02 -9.98340E-01 -1.25521E-02
    5  4.21053E+00  5.98300E-02 -9.97780E-01 -1.25549E-02
    6  5.26316E+00  7.47900E-02 -9.97230E-01 -1.25448E-02
    7  6.31579E+00  8.97500E-02 -9.96680E-01 -1.25321E-02
    8  7.36842E+00  1.04710E-01 -9.96120E-01 -1.25253E-02
    9  8.42105E+00  1.19670E-01 -9.95570E-01 -1.25436E-02
   10  9.47368E+00  1.34630E-01 -9.95010E-01 -1.25712E-02
   11  1.05263E+01  1.49580E-01 -9.94460E-01 -1.25689E-02
   12  1.15790E+01  1.64540E-01 -9.93910E-01 -1.25455E-02
   13  1.26316E+01  1.79500E-01 -9.93350E-01 -1.25105E-02
   14  1.36842E+01  1.94460E-01 -9.92800E-01 -1.25108E-02
   15  1.47368E+01  2.09420E-01 -9.92240E-01 -1.25481E-02
   16  1.57895E+01  2.24380E-01 -9.91690E-01 -1.25761E-02
   17  1.68421E+01  2.39340E-01 -9.91140E-01 -1.25903E-02
   18  1.78947E+01  2.54290E-01 -9.90580E-01 -1.21181E-02
   19  1.89474E+01  2.69250E-01 -9.90030E-01 -1.66200E-02
   20  2.00000E+01  2.84210E-01 -9.89470E-01 -3.34480E-02
   21  2.20421E+01  2.84210E-01 -9.89470E-01  6.47222E-02
   22  2.40842E+01  2.84210E-01 -9.89470E-01  3.37188E-01
   23  2.61263E+01  2.84210E-01 -9.89470E-01  4.07926E-01
   24  2.81684E+01  2.84210E-01 -9.89470E-01  1.23821E-01
   25  3.02105E+01  2.84210E-01 -9.89470E-01 -1.19265E-01
   26  3.22526E+01  2.84210E-01 -9.89470E-01 -1.25155E-01
   27  3.42947E+01  2.84210E-01 -9.89470E-01  6.92633E-02
   28  3.63368E+01  2.84210E-01 -9.89470E-01  2.31386E-01
   29  3.83790E+01  2.84210E-01 -9.89470E-01  1.58000E-01
   30  4.04211E+01  2.84210E-01 -9.89470E-01 -3.78437E-02
   31  4.24632E+01  2.84210E-01 -9.89470E-01 -1.19709E-01
   32  4.45053E+01  2.84210E-01 -9.89470E-01 -3.22624E-02
   33  4.65474E+01  2.84210E-01 -9.89470E-01  1.17805E-01
   34  4.85895E+01  2.84210E-01 -9.89470E-01  1.49426E-01
   35  5.06316E+01  2.84210E-01 -9.89470E-01  3.44338E-02
   36  5.26737E+01  2.84210E-01 -9.89470E-01 -7.44615E-02
   37  5.47158E+01  2.84210E-01 -9.89470E-01 -6.18221E-02
   38  5.67579E+01  2.84210E-01 -9.89470E-01  3.95998E-02
   39  5.88000E+01  2.84210E-01 -9.89470E-01  8.98787E-02
   40  5.94947E+01  2.69250E-01 -8.84760E-01  4.85968E-02
   41  6.01895E+01  2.54290E-01 -7.80060E-01  3.62678E-02
   42  6.08842E+01  2.39340E-01 -6.75350E-01  4.38549E-02
   43  6.15789E+01  2.24380E-01 -5.70640E-01  7.09525E-02
   44  6.22737E+01  2.09420E-01 -4.65930E-01  1.10064E-01
   45  6.29684E+01  1.94460E-01 -3.61220E-01  8.67132E-02
   46  6.36632E+01  1.79500E-01 -2.56510E-01 -2.61490E-03
   47  6.43579E+01  1.64540E-01 -1.51800E-01 -6.75270E-02
   48  6.50526E+01  1.49580E-01 -4.70900E-02 -1.32576E-01
   49  6.57474E+01  1.34630E-01  5.76200E-02 -1.97602E-01
   50  6.64421E+01  1.19670E-01  1.62330E-01 -1.18125E-01
   51  6.71368E+01  1.04710E-01  2.67040E-01  5.21803E-02
   52  6.78316E+01  8.97500E-02  3.71750E-01  1.71842E-01
   53  6.85263E+01  7.47900E-02  4.76450E-01 -4.29126E-02
   54  6.92211E+01  5.98300E-02  5.81160E-01 -2.93802E-01
   55  6.99158E+01  4.48800E-02  6.85870E-01 -1.00798E-01
   56  7.06105E+01  2.99200E-02  7.90580E-01 -3.93275E+00
   57  7.13053E+01  1.49600E-02  8.95290E-01  1.26124E+01
   58  7.20000E+01  0.00000E+00  1.00000E+00  4.96906E+01
*eof
n03c006
    1  0.00000E+00  0.00000E+00 -1.00000E+00 -1.25344E-02
    2  1.05263E+00  1.87000E-02 -9.99310E-01 -1.25368E-02
    3  2.10526E+00  3.74000E-02 -9.98610E-01 -1.25457E-02
    4  3.15789E+00  5.60900E-02 -9.97920E-01 -1.25513E-02
    5  4.21053E+00  7.47900E-02 -9.97230E-01 -1.25511E-02
    6  5.26316E+00  9.34900E-02 -9.96540E-01 -1.25408E-02
    7  6.31579E+00  1.12190E-01 -9.95840E-01 -1.25277E-02
    8  7.36842E+00  1.30890E-01 -9.95150E-01 -1.25205E-02
    9  8.42105E+00  1.49580E-01 -9.94460E-01 -1.25407E-02
   10  9.47368E+00  1.68280E-01 -9.93770E-01 -1.25696E-02
   11  1.05263E+01  1.86980E-01 -9.93070E-01 -1.25666E-02
   12  1.15790E+01  2.05680E-01 -9.92380E-01 -1.25372E-02
   13  1.26316E+01  2.24380E-01 -9.91690E-01 -1.24990E-02
   14  1.36842E+01  2.43070E-01 -9.91000E-01 -1.25173E-02
   15  1.47368E+01  2.61770E-01 -9.90300E-01 -1.25547E-02
   16  1.57895E+01  2.80470E-01 -9.89610E-01 -1.25676E-02
   17  1.68421E+01  2.99170E-01 -9.88920E-01 -1.25864E-02
   18  1.78947E+01  3.17870E-01 -9.88230E-01 -1.21099E-02
   19  1.89474E+01  3.36570E-01 -9.87530E-01 -1.67236E-02
   20  2.00000E+01  3.55260E-01 -9.86840E-01 -3.30291E-02
   21  2.20421E+01  3.55260E-01 -9.86840E-01  6.58639E-02
   22  2.40842E+01  3.55260E-01 -9.86840E-01  3.35496E-01
   23  2.61263E+01  3.55260E-01 -9.86840E-01  4.04208E-01
   24  2.81684E+01  3.55260E-01 -9.86840E-01  1.23470E-01
   25  3.02105E+01  3.55260E-01 -9.86840E-01 -1.17568E-01
   26  3.22526E+01  3.55260E-01 -9.86840E-01 -1.24219E-01
   27  3.42947E+01  3.55260E-01 -9.86840E-01  6.83288E-02
   28  3.63368E+01  3.55260E-01 -9.86840E-01  2.29315E-01
   29  3.83790E+01  3.55260E-01 -9.86840E-01  1.56839E-01
   30  4.04211E+01  3.55260E-01 -9.86840E-01 -3.73558E-02
   31  4.24632E+01  3.55260E-01 -9.86840E-01 -1.18637E-01
   32  4.45053E+01  3.55260E-01 -9.86840E-01 -3.22240E-02
   33  4.65474E+01  3.55260E-01 -9.86840E-01  1.16565E-01
   34  4.85895E+01  3.55260E-01 -9.86840E-01  1.48083E-01
   35  5.06316E+01  3.55260E-01 -9.86840E-01  3.42857E-02
   36  5.26737E+01  3.55260E-01 -9.86840E-01 -7.37956E-02
   37  5.47158E+01  3.55260E-01 -9.86840E-01 -6.13958E-02
   38  5.67579E+01  3.55260E-01 -9.86840E-01  3.86695E-02
   39  5.88000E+01  3.55260E-01 -9.86840E-01  9.02565E-02
   40  5.94947E+01  3.36570E-01 -8.82270E-01  5.18762E-02
   41  6.01895E+01  3.17870E-01 -7.77700E-01  3.90064E-02
   42  6.08842E+01  2.99170E-01 -6.73130E-01  4.82744E-02
   43  6.15789E+01  2.80470E-01 -5.68560E-01  6.67420E-02
   44  6.22737E+01  2.61770E-01 -4.63990E-01  1.04105E-01
   45  6.29684E+01  2.43070E-01 -3.59420E-01  9.09486E-02
   46  6.36632E+01  2.24380E-01 -2.54850E-01 -2.87773E-03
   47  6.43579E+01  2.05680E-01 -1.50280E-01 -7.07161E-02
   48  6.50526E+01  1.86980E-01 -4.57100E-02 -1.30034E-01
   49  6.57474E+01  1.68280E-01  5.88600E-02 -1.94949E-01
   50  6.64421E+01  1.49580E-01  1.63430E-01 -1.21329E-01
   51  6.71368E+01  1.30890E-01  2.68010E-01  5.26626E-02
   52  6.78316E+01  1.12190E-01  3.72580E-01  1.70422E-01
   53  6.85263E+01  9.34900E-02  4.77150E-01 -4.61620E-02
   54  6.92211E+01  7.47900E-02  5.81720E-01 -2.91335E-01
   55  6.99158E+01  5.60900E-02  6.86290E-01 -9.99001E-02
   56  7.06105E+01  3.74000E-02  7.90860E-01 -3.91267E+00
   57  7.13053E+01  1.87000E-02  8.95430E-01  1.25354E+01
   58  7.20000E+01  0.00000E+00  1.00000E+00  4.93592E+01
*eof
n03c007
    1  0.00000E+00  0.00000E+00 -1.00000E+00 -1.25266E-02
    2  1.05263E+00  2.24400E-02 -9.99170E-01 -1.25267E-02
    3  2.10526E+00  4.48800E-02 -9.98340E-01 -1.25364E-02
    4  3.15789E+00  6.73100E-02 -9.97510E-01 -1.25434E-02
    5  4.21053E+00  8.97500E-02 -9.96680E-01 -1.25430E-02
    6  5.26316E+00  1.12190E-01 -9.95840E-01 -1.25334E-02
    7  6.31579E+00  1.34630E-01 -9.95010E-01 -1.25200E-02
    8  7.36842E+00  1.57060E-01 -9.94180E-01 -1.25130E-02
    9  8.42105E+00  1.79500E-01 -9.93350E-01 -1.25321E-02
   10  9.47368E+00  2.01940E-01 -9.92520E-01 -1.25612E-02
   11  1.05263E+01  2.24380E-01 -9.91690E-01 -1.25595E-02
   12  1.15790E+01  2.46810E-01 -9.90860E-01 -1.25277E-02
   13  1.26316E+01  2.69250E-01 -9.90030E-01 -1.24920E-02
   14  1.36842E+01  2.91690E-01 -9.89200E-01 -1.25148E-02
   15  1.47368E+01  3.14130E-01 -9.88370E-01 -1.25421E-02
   16  1.57895E+01  3.36570E-01 -9.87530E-01 -1.25549E-02
   17  1.68421E+01  3.59000E-01 -9.86700E-01 -1.25862E-02
   18  1.78947E+01  3.81440E-01 -9.85870E-01 -1.21108E-02
   19  1.89474E+01  4.03880E-01 -9.85040E-01 -1.67938E-02
   20  2.00000E+01  4.26320E-01 -9.84210E-01 -3.23901E-02
   21  2.20421E+01  4.26320E-01 -9.84210E-01  6.70720E-02
   22  2.40842E+01  4.26320E-01 -9.84210E-01  3.33004E-01
   23  2.61263E+01  4.26320E-01 -9.84210E-01  3.99563E-01
   24  2.81684E+01  4.26320E-01 -9.84210E-01  1.23133E-01
   25  3.02105E+01  4.26320E-01 -9.84210E-01 -1.15491E-01
   26  3.22526E+01  4.26320E-01 -9.84210E-01 -1.23122E-01
   27  3.42947E+01  4.26320E-01 -9.84210E-01  6.70613E-02
   28  3.63368E+01  4.26320E-01 -9.84210E-01  2.26638E-01
   29  3.83790E+01  4.26320E-01 -9.84210E-01  1.55370E-01
   30  4.04211E+01  4.26320E-01 -9.84210E-01 -3.67512E-02
   31  4.24632E+01  4.26320E-01 -9.84210E-01 -1.17353E-01
   32  4.45053E+01  4.26320E-01 -9.84210E-01 -3.22638E-02
   33  4.65474E+01  4.26320E-01 -9.84210E-01  1.14924E-01
   34  4.85895E+01  4.26320E-01 -9.84210E-01  1.46344E-01
   35  5.06316E+01  4.26320E-01 -9.84210E-01  3.40556E-02
   36  5.26737E+01  4.26320E-01 -9.84210E-01 -7.30087E-02
   37  5.47158E+01  4.26320E-01 -9.84210E-01 -6.09574E-02
   38  5.67579E+01  4.26320E-01 -9.84210E-01  3.74723E-02
   39  5.88000E+01  4.26320E-01 -9.84210E-01  9.08113E-02
   40  5.94947E+01  4.03880E-01 -8.79780E-01  5.65255E-02
   41  6.01895E+01  3.81440E-01 -7.75350E-01  4.31137E-02
   42  6.08842E+01  3.59000E-01 -6.70910E-01  5.25020E-02
   43  6.15789E+01  3.36570E-01 -5.66480E-01  6.15714E-02
   44  6.22737E+01  3.14130E-01 -4.62050E-01  9.77096E-02
   45  6.29684E+01  2.91690E-01 -3.57620E-01  9.66070E-02
   46  6.36632E+01  2.69250E-01 -2.53190E-01 -2.55158E-03
   47  6.43579E+01  2.46810E-01 -1.48750E-01 -7.63772E-02
   48  6.50526E+01  2.24380E-01 -4.43200E-02 -1.28454E-01
   49  6.57474E+01  2.01940E-01  6.01100E-02 -1.91314E-01
   50  6.64421E+01  1.79500E-01  1.64540E-01 -1.24804E-01
   51  6.71368E+01  1.57060E-01  2.68980E-01  5.27917E-02
   52  6.78316E+01  1.34630E-01  3.73410E-01  1.67438E-01
   53  6.85263E+01  1.12190E-01  4.77840E-01 -5.06458E-02
   54  6.92211E+01  8.97500E-02  5.82270E-01 -2.88477E-01
   55  6.99158E+01  6.73100E-02  6.86700E-01 -1.00330E-01
   56  7.06105E+01  4.48800E-02  7.91140E-01 -3.88195E+00
   57  7.13053E+01  2.24400E-02  8.95570E-01  1.24693E+01
   58  7.20000E+01  0.00000E+00  1.00000E+00  4.90909E+01
*eof
n03c008
    1  0.00000E+00  0.00000E+00 -1.00000E+00 -1.25160E-02
    2  1.05263E+00  2.61800E-02 -9.99030E-01 -1.25149E-02
    3  2.10526E+00  5.23500E-02 -9.98060E-01 -1.25246E-02
    4  3.15789E+00  7.85300E-02 -9.97090E-01 -1.25320E-02
    5  4.21053E+00  1.04710E-01 -9.96120E-01 -1.25304E-02
    6  5.26316E+00  1.30890E-01 -9.95150E-01 -1.25212E-02
    7  6.31579E+00  1.57060E-01 -9.94180E-01 -1.25089E-02
    8  7.36842E+00  1.83240E-01 -9.93210E-01 -1.25027E-02
    9  8.42105E+00  2.09420E-01 -9.92240E-01 -1.25188E-02
   10  9.47368E+00  2.35600E-01 -9.91270E-01 -1.25470E-02
   11  1.05263E+01  2.61770E-01 -9.90300E-01 -1.25477E-02
   12  1.15790E+01  2.87950E-01 -9.89340E-01 -1.25188E-02
   13  1.26316E+01  3.14130E-01 -9.88370E-01 -1.24953E-02
   14  1.36842E+01  3.40300E-01 -9.87400E-01 -1.25087E-02
   15  1.47368E+01  3.66480E-01 -9.86430E-01 -1.25199E-02
   16  1.57895E+01  3.92660E-01 -9.85460E-01 -1.25379E-02
   17  1.68421E+01  4.18840E-01 -9.84490E-01 -1.25755E-02
   18  1.78947E+01  4.45010E-01 -9.83520E-01 -1.21276E-02
   19  1.89474E+01  4.71190E-01 -9.82550E-01 -1.68396E-02
   20  2.00000E+01  4.97370E-01 -9.81580E-01 -3.15449E-02
   21  2.20421E+01  4.97370E-01 -9.81580E-01  6.83024E-02
   22  2.40842E+01  4.97370E-01 -9.81580E-01  3.29732E-01
   23  2.61263E+01  4.97370E-01 -9.81580E-01  3.94109E-01
   24  2.81684E+01  4.97370E-01 -9.81580E-01  1.22826E-01
   25  3.02105E+01  4.97370E-01 -9.81580E-01 -1.13082E-01
   26  3.22526E+01  4.97370E-01 -9.81580E-01 -1.21841E-01
   27  3.42947E+01  4.97370E-01 -9.81580E-01  6.55160E-02
   28  3.63368E+01  4.97370E-01 -9.81580E-01  2.23376E-01
   29  3.83790E+01  4.97370E-01 -9.81580E-01  1.53581E-01
   30  4.04211E+01  4.97370E-01 -9.81580E-01 -3.60513E-02
   31  4.24632E+01  4.97370E-01 -9.81580E-01 -1.15868E-01
   32  4.45053E+01  4.97370E-01 -9.81580E-01 -3.23578E-02
   33  4.65474E+01  4.97370E-01 -9.81580E-01  1.12910E-01
   34  4.85895E+01  4.97370E-01 -9.81580E-01  1.44209E-01
   35  5.06316E+01  4.97370E-01 -9.81580E-01  3.37183E-02
   36  5.26737E+01  4.97370E-01 -9.81580E-01 -7.21150E-02
   37  5.47158E+01  4.97370E-01 -9.81580E-01 -6.04947E-02
   38  5.67579E+01  4.97370E-01 -9.81580E-01  3.61095E-02
   39  5.88000E+01  4.97370E-01 -9.81580E-01  9.15961E-02
   40  5.94947E+01  4.71190E-01 -8.77290E-01  6.15977E-02
   41  6.01895E+01  4.45010E-01 -7.72990E-01  4.57827E-02
   42  6.08842E+01  4.18840E-01 -6.68700E-01  5.35304E-02
   43  6.15789E+01  3.92660E-01 -5.64400E-01  5.64050E-02
   44  6.22737E+01  3.66480E-01 -4.60110E-01  9.42600E-02
   45  6.29684E+01  3.40300E-01 -3.55820E-01  1.03580E-01
   46  6.36632E+01  3.14130E-01 -2.51520E-01 -2.83050E-03
   47  6.43579E+01  2.87950E-01 -1.47230E-01 -8.14408E-02
   48  6.50526E+01  2.61770E-01 -4.29400E-02 -1.25709E-01
   49  6.57474E+01  2.35600E-01  6.13600E-02 -1.87674E-01
   50  6.64421E+01  2.09420E-01  1.65650E-01 -1.28253E-01
   51  6.71368E+01  1.83240E-01  2.69940E-01  5.30867E-02
   52  6.78316E+01  1.57060E-01  3.74240E-01  1.63152E-01
   53  6.85263E+01  1.30890E-01  4.78530E-01 -5.56785E-02
   54  6.92211E+01  1.04710E-01  5.82830E-01 -2.84760E-01
   55  6.99158E+01  7.85300E-02  6.87120E-01 -1.02528E-01
   56  7.06105E+01  5.23500E-02  7.91410E-01 -3.84100E+00
   57  7.13053E+01  2.61800E-02  8.95710E-01  1.23598E+01
   58  7.20000E+01  0.00000E+00  1.00000E+00  4.86503E+01
*eof
n03c009
    1  0.00000E+00  0.00000E+00 -1.00000E+00 -1.25033E-02
    2  1.05263E+00  2.99200E-02 -9.98890E-01 -1.25035E-02
    3  2.10526E+00  5.98300E-02 -9.97780E-01 -1.25136E-02
    4  3.15789E+00  8.97500E-02 -9.96680E-01 -1.25197E-02
    5  4.21053E+00  1.19670E-01 -9.95570E-01 -1.25144E-02
    6  5.26316E+00  1.49580E-01 -9.94460E-01 -1.25088E-02
    7  6.31579E+00  1.79500E-01 -9.93350E-01 -1.25005E-02
    8  7.36842E+00  2.09420E-01 -9.92240E-01 -1.24877E-02
    9  8.42105E+00  2.39340E-01 -9.91140E-01 -1.24982E-02
   10  9.47368E+00  2.69250E-01 -9.90030E-01 -1.25232E-02
   11  1.05263E+01  2.99170E-01 -9.88920E-01 -1.25308E-02
   12  1.15790E+01  3.29090E-01 -9.87810E-01 -1.25130E-02
   13  1.26316E+01  3.59000E-01 -9.86700E-01 -1.24957E-02
   14  1.36842E+01  3.88920E-01 -9.85600E-01 -1.25006E-02
   15  1.47368E+01  4.18840E-01 -9.84490E-01 -1.25055E-02
   16  1.57895E+01  4.48750E-01 -9.83380E-01 -1.25250E-02
   17  1.68421E+01  4.78670E-01 -9.82270E-01 -1.25496E-02
   18  1.78947E+01  5.08590E-01 -9.81160E-01 -1.21393E-02
   19  1.89474E+01  5.38500E-01 -9.80060E-01 -1.68339E-02
   20  2.00000E+01  5.68420E-01 -9.78950E-01 -3.04824E-02
   21  2.20421E+01  5.68420E-01 -9.78950E-01  6.95041E-02
   22  2.40842E+01  5.68420E-01 -9.78950E-01  3.25575E-01
   23  2.61263E+01  5.68420E-01 -9.78950E-01  3.87880E-01
   24  2.81684E+01  5.68420E-01 -9.78950E-01  1.22565E-01
   25  3.02105E+01  5.68420E-01 -9.78950E-01 -1.10461E-01
   26  3.22526E+01  5.68420E-01 -9.78950E-01 -1.20436E-01
   27  3.42947E+01  5.68420E-01 -9.78950E-01  6.36595E-02
   28  3.63368E+01  5.68420E-01 -9.78950E-01  2.19412E-01
   29  3.83790E+01  5.68420E-01 -9.78950E-01  1.51320E-01
   30  4.04211E+01  5.68420E-01 -9.78950E-01 -3.54127E-02
   31  4.24632E+01  5.68420E-01 -9.78950E-01 -1.14330E-01
   32  4.45053E+01  5.68420E-01 -9.78950E-01 -3.26037E-02
   33  4.65474E+01  5.68420E-01 -9.78950E-01  1.10402E-01
   34  4.85895E+01  5.68420E-01 -9.78950E-01  1.41494E-01
   35  5.06316E+01  5.68420E-01 -9.78950E-01  3.30687E-02
   36  5.26737E+01  5.68420E-01 -9.78950E-01 -7.13012E-02
   37  5.47158E+01  5.68420E-01 -9.78950E-01 -6.01787E-02
   38  5.67579E+01  5.68420E-01 -9.78950E-01  3.44995E-02
   39  5.88000E+01  5.68420E-01 -9.78950E-01  9.24044E-02
   40  5.94947E+01  5.38500E-01 -8.74790E-01  6.63306E-02
   41  6.01895E+01  5.08590E-01 -7.70640E-01  4.76212E-02
   42  6.08842E+01  4.78670E-01 -6.66480E-01  5.31278E-02
   43  6.15789E+01  4.48750E-01 -5.62330E-01  5.26345E-02
   44  6.22737E+01  4.18840E-01 -4.58170E-01  9.36081E-02
   45  6.29684E+01  3.88920E-01 -3.54020E-01  1.09940E-01
   46  6.36632E+01  3.59000E-01 -2.49860E-01 -3.85625E-03
   47  6.43579E+01  3.29090E-01 -1.45710E-01 -8.60781E-02
   48  6.50526E+01  2.99170E-01 -4.15500E-02 -1.23565E-01
   49  6.57474E+01  2.69250E-01  6.26000E-02 -1.84906E-01
   50  6.64421E+01  2.39340E-01  1.66760E-01 -1.31703E-01
   51  6.71368E+01  2.09420E-01  2.70910E-01  5.29927E-02
   52  6.78316E+01  1.79500E-01  3.75070E-01  1.57465E-01
   53  6.85263E+01  1.49580E-01  4.79220E-01 -6.23675E-02
   54  6.92211E+01  1.19670E-01  5.83380E-01 -2.81261E-01
   55  6.99158E+01  8.97500E-02  6.87530E-01 -1.06511E-01
   56  7.06105E+01  5.98300E-02  7.91690E-01 -3.78577E+00
   57  7.13053E+01  2.99200E-02  8.95840E-01  1.21662E+01
   58  7.20000E+01  0.00000E+00  1.00000E+00  4.78695E+01
*eof
n03c010
    1  0.00000E+00  0.00000E+00 -1.00000E+00 -1.24953E-02
    2  1.05263E+00  3.36600E-02 -9.98750E-01 -1.24934E-02
    3  2.10526E+00  6.73100E-02 -9.97510E-01 -1.25023E-02
    4  3.15789E+00  1.00970E-01 -9.96260E-01 -1.25088E-02
    5  4.21053E+00  1.34630E-01 -9.95010E-01 -1.24989E-02
    6  5.26316E+00  1.68280E-01 -9.93770E-01 -1.24944E-02
    7  6.31579E+00  2.01940E-01 -9.92520E-01 -1.24942E-02
    8  7.36842E+00  2.35600E-01 -9.91270E-01 -1.24787E-02
    9  8.42105E+00  2.69250E-01 -9.90030E-01 -1.24869E-02
   10  9.47368E+00  3.02910E-01 -9.88780E-01 -1.25014E-02
   11  1.05263E+01  3.36570E-01 -9.87530E-01 -1.24975E-02
   12  1.15790E+01  3.70220E-01 -9.86290E-01 -1.25003E-02
   13  1.26316E+01  4.03880E-01 -9.85040E-01 -1.24960E-02
   14  1.36842E+01  4.37530E-01 -9.83790E-01 -1.24944E-02
   15  1.47368E+01  4.71190E-01 -9.82550E-01 -1.25012E-02
   16  1.57895E+01  5.04850E-01 -9.81300E-01 -1.25179E-02
   17  1.68421E+01  5.38500E-01 -9.80060E-01 -1.25248E-02
   18  1.78947E+01  5.72160E-01 -9.78810E-01 -1.21957E-02
   19  1.89474E+01  6.05820E-01 -9.77560E-01 -1.68067E-02
   20  2.00000E+01  6.39470E-01 -9.76320E-01 -2.91201E-02
   21  2.20421E+01  6.39470E-01 -9.76320E-01  7.06436E-02
   22  2.40842E+01  6.39470E-01 -9.76320E-01  3.20257E-01
   23  2.61263E+01  6.39470E-01 -9.76320E-01  3.81030E-01
   24  2.81684E+01  6.39470E-01 -9.76320E-01  1.22945E-01
   25  3.02105E+01  6.39470E-01 -9.76320E-01 -1.07299E-01
   26  3.22526E+01  6.39470E-01 -9.76320E-01 -1.18875E-01
   27  3.42947E+01  6.39470E-01 -9.76320E-01  6.14859E-02
   28  3.63368E+01  6.39470E-01 -9.76320E-01  2.14978E-01
   29  3.83790E+01  6.39470E-01 -9.76320E-01  1.49179E-01
   30  4.04211E+01  6.39470E-01 -9.76320E-01 -3.42356E-02
   31  4.24632E+01  6.39470E-01 -9.76320E-01 -1.12490E-01
   32  4.45053E+01  6.39470E-01 -9.76320E-01 -3.29237E-02
   33  4.65474E+01  6.39470E-01 -9.76320E-01  1.07592E-01
   34  4.85895E+01  6.39470E-01 -9.76320E-01  1.38684E-01
   35  5.06316E+01  6.39470E-01 -9.76320E-01  3.27496E-02
   36  5.26737E+01  6.39470E-01 -9.76320E-01 -7.01080E-02
   37  5.47158E+01  6.39470E-01 -9.76320E-01 -5.97757E-02
   38  5.67579E+01  6.39470E-01 -9.76320E-01  3.30229E-02
   39  5.88000E+01  6.39470E-01 -9.76320E-01  9.27902E-02
   40  5.94947E+01  6.05820E-01 -8.72300E-01  6.79125E-02
   41  6.01895E+01  5.72160E-01 -7.68280E-01  4.86756E-02
   42  6.08842E+01  5.38500E-01 -6.64270E-01  5.37956E-02
   43  6.15789E+01  5.04850E-01 -5.60250E-01  4.84065E-02
   44  6.22737E+01  4.71190E-01 -4.56230E-01  9.18154E-02
   45  6.29684E+01  4.37530E-01 -3.52220E-01  1.13687E-01
   46  6.36632E+01  4.03880E-01 -2.48200E-01 -5.66570E-03
   47  6.43579E+01  3.70220E-01 -1.44180E-01 -9.13496E-02
   48  6.50526E+01  3.36570E-01 -4.01700E-02 -1.22552E-01
   49  6.57474E+01  3.02910E-01  6.38500E-02 -1.82109E-01
   50  6.64421E+01  2.69250E-01  1.67870E-01 -1.35135E-01
   51  6.71368E+01  2.35600E-01  2.71880E-01  5.21400E-02
   52  6.78316E+01  2.01940E-01  3.75900E-01  1.52348E-01
   53  6.85263E+01  1.68280E-01  4.79920E-01 -6.97822E-02
   54  6.92211E+01  1.34630E-01  5.83930E-01 -2.78913E-01
   55  6.99158E+01  1.00970E-01  6.87950E-01 -1.12595E-01
   56  7.06105E+01  6.73100E-02  7.91970E-01 -3.70818E+00
   57  7.13053E+01  3.36600E-02  8.95980E-01  1.19205E+01
   58  7.20000E+01  0.00000E+00  1.00000E+00  4.69001E+01
*eof
n03c011
    1  0.00000E+00  0.00000E+00 -1.00000E+00 -1.25053E-02
    2  1.05263E+00  3.74000E-02 -9.98610E-01 -1.24948E-02
    3  2.10526E+00  7.47900E-02 -9.97230E-01 -1.24997E-02
    4  3.15789E+00  1.12190E-01 -9.95840E-01 -1.25070E-02
    5  4.21053E+00  1.49580E-01 -9.94460E-01 -1.24953E-02
    6  5.26316E+00  1.86980E-01 -9.93070E-01 -1.24875E-02
    7  6.31579E+00  2.24380E-01 -9.91690E-01 -1.24858E-02
    8  7.36842E+00  2.61770E-01 -9.90300E-01 -1.24743E-02
    9  8.42105E+00  2.99170E-01 -9.88920E-01 -1.24912E-02
   10  9.47368E+00  3.36570E-01 -9.87530E-01 -1.25044E-02
   11  1.05263E+01  3.73960E-01 -9.86150E-01 -1.24768E-02
   12  1.15790E+01  4.11360E-01 -9.84760E-01 -1.24704E-02
   13  1.26316E+01  4.48750E-01 -9.83380E-01 -1.24770E-02
   14  1.36842E+01  4.86150E-01 -9.81990E-01 -1.24899E-02
   15  1.47368E+01  5.23550E-01 -9.80610E-01 -1.25139E-02
   16  1.57895E+01  5.60940E-01 -9.79220E-01 -1.25249E-02
   17  1.68421E+01  5.98340E-01 -9.77840E-01 -1.25084E-02
   18  1.78947E+01  6.35730E-01 -9.76450E-01 -1.23179E-02
   19  1.89474E+01  6.73130E-01 -9.75070E-01 -1.66196E-02
   20  2.00000E+01  7.10530E-01 -9.73680E-01 -2.72676E-02
   21  2.20421E+01  7.10530E-01 -9.73680E-01  7.14723E-02
   22  2.40842E+01  7.10530E-01 -9.73680E-01  3.13618E-01
   23  2.61263E+01  7.10530E-01 -9.73680E-01  3.73958E-01
   24  2.81684E+01  7.10530E-01 -9.73680E-01  1.24315E-01
   25  3.02105E+01  7.10530E-01 -9.73680E-01 -1.03556E-01
   26  3.22526E+01  7.10530E-01 -9.73680E-01 -1.17306E-01
   27  3.42947E+01  7.10530E-01 -9.73680E-01  5.90134E-02
   28  3.63368E+01  7.10530E-01 -9.73680E-01  2.10462E-01
   29  3.83790E+01  7.10530E-01 -9.73680E-01  1.47598E-01
   30  4.04211E+01  7.10530E-01 -9.73680E-01 -3.22689E-02
   31  4.24632E+01  7.10530E-01 -9.73680E-01 -1.10304E-01
   32  4.45053E+01  7.10530E-01 -9.73680E-01 -3.33052E-02
   33  4.65474E+01  7.10530E-01 -9.73680E-01  1.04724E-01
   34  4.85895E+01  7.10530E-01 -9.73680E-01  1.36214E-01
   35  5.06316E+01  7.10530E-01 -9.73680E-01  3.31290E-02
   36  5.26737E+01  7.10530E-01 -9.73680E-01 -6.83330E-02
   37  5.47158E+01  7.10530E-01 -9.73680E-01 -5.91592E-02
   38  5.67579E+01  7.10530E-01 -9.73680E-01  3.14555E-02
   39  5.88000E+01  7.10530E-01 -9.73680E-01  9.10895E-02
   40  5.94947E+01  6.73130E-01 -8.69810E-01  6.43420E-02
   41  6.01895E+01  6.35730E-01 -7.65930E-01  5.05536E-02
   42  6.08842E+01  5.98340E-01 -6.62050E-01  5.66245E-02
   43  6.15789E+01  5.60940E-01 -5.58170E-01  4.18256E-02
   44  6.22737E+01  5.23550E-01 -4.54290E-01  8.81487E-02
   45  6.29684E+01  4.86150E-01 -3.50420E-01  1.15467E-01
   46  6.36632E+01  4.48750E-01 -2.46540E-01 -8.37732E-03
   47  6.43579E+01  4.11360E-01 -1.42660E-01 -9.65373E-02
   48  6.50526E+01  3.73960E-01 -3.87800E-02 -1.21355E-01
   49  6.57474E+01  3.36570E-01  6.51000E-02 -1.79339E-01
   50  6.64421E+01  2.99170E-01  1.68980E-01 -1.39071E-01
   51  6.71368E+01  2.61770E-01  2.72850E-01  5.17589E-02
   52  6.78316E+01  2.24380E-01  3.76730E-01  1.49890E-01
   53  6.85263E+01  1.86980E-01  4.80610E-01 -7.60192E-02
   54  6.92211E+01  1.49580E-01  5.84490E-01 -2.76414E-01
   55  6.99158E+01  1.12190E-01  6.88370E-01 -1.20881E-01
   56  7.06105E+01  7.47900E-02  7.92240E-01 -3.60707E+00
   57  7.13053E+01  3.74000E-02  8.96120E-01  1.15824E+01
   58  7.20000E+01  0.00000E+00  1.00000E+00  4.55753E+01
*eof
n03c012
    1  0.00000E+00  0.00000E+00 -1.00000E+00 -1.25156E-02
    2  1.05263E+00  4.11400E-02 -9.98480E-01 -1.25103E-02
    3  2.10526E+00  8.22700E-02 -9.96950E-01 -1.25147E-02
    4  3.15789E+00  1.23410E-01 -9.95430E-01 -1.25202E-02
    5  4.21053E+00  1.64540E-01 -9.93910E-01 -1.25047E-02
    6  5.26316E+00  2.05680E-01 -9.92380E-01 -1.24993E-02
    7  6.31579E+00  2.46810E-01 -9.90860E-01 -1.24943E-02
    8  7.36842E+00  2.87950E-01 -9.89340E-01 -1.24809E-02
    9  8.42105E+00  3.29090E-01 -9.87810E-01 -1.25021E-02
   10  9.47368E+00  3.70220E-01 -9.86290E-01 -1.25239E-02
   11  1.05263E+01  4.11360E-01 -9.84760E-01 -1.24987E-02
   12  1.15790E+01  4.52490E-01 -9.83240E-01 -1.24679E-02
   13  1.26316E+01  4.93630E-01 -9.81720E-01 -1.24498E-02
   14  1.36842E+01  5.34760E-01 -9.80190E-01 -1.24625E-02
   15  1.47368E+01  5.75900E-01 -9.78670E-01 -1.25159E-02
   16  1.57895E+01  6.17040E-01 -9.77150E-01 -1.25500E-02
   17  1.68421E+01  6.58170E-01 -9.75620E-01 -1.25234E-02
   18  1.78947E+01  6.99310E-01 -9.74100E-01 -1.25130E-02
   19  1.89474E+01  7.40440E-01 -9.72580E-01 -1.61761E-02
   20  2.00000E+01  7.81580E-01 -9.71050E-01 -2.48872E-02
   21  2.20421E+01  7.81580E-01 -9.71050E-01  7.18907E-02
   22  2.40842E+01  7.81580E-01 -9.71050E-01  3.05843E-01
   23  2.61263E+01  7.81580E-01 -9.71050E-01  3.66105E-01
   24  2.81684E+01  7.81580E-01 -9.71050E-01  1.25116E-01
   25  3.02105E+01  7.81580E-01 -9.71050E-01 -1.00143E-01
   26  3.22526E+01  7.81580E-01 -9.71050E-01 -1.15901E-01
   27  3.42947E+01  7.81580E-01 -9.71050E-01  5.61137E-02
   28  3.63368E+01  7.81580E-01 -9.71050E-01  2.05115E-01
   29  3.83790E+01  7.81580E-01 -9.71050E-01  1.44942E-01
   30  4.04211E+01  7.81580E-01 -9.71050E-01 -3.10137E-02
   31  4.24632E+01  7.81580E-01 -9.71050E-01 -1.08436E-01
   32  4.45053E+01  7.81580E-01 -9.71050E-01 -3.40619E-02
   33  4.65474E+01  7.81580E-01 -9.71050E-01  1.01150E-01
   34  4.85895E+01  7.81580E-01 -9.71050E-01  1.32715E-01
   35  5.06316E+01  7.81580E-01 -9.71050E-01  3.25275E-02
   36  5.26737E+01  7.81580E-01 -9.71050E-01 -6.71559E-02
   37  5.47158E+01  7.81580E-01 -9.71050E-01 -5.90838E-02
   38  5.67579E+01  7.81580E-01 -9.71050E-01  2.89450E-02
   39  5.88000E+01  7.81580E-01 -9.71050E-01  8.89604E-02
   40  5.94947E+01  7.40440E-01 -8.67310E-01  6.39637E-02
   41  6.01895E+01  6.99310E-01 -7.63570E-01  5.83422E-02
   42  6.08842E+01  6.58170E-01 -6.59830E-01  6.05585E-02
   43  6.15789E+01  6.17040E-01 -5.56090E-01  3.52433E-02
   44  6.22737E+01  5.75900E-01 -4.52350E-01  8.49375E-02
   45  6.29684E+01  5.34760E-01 -3.48610E-01  1.15861E-01
   46  6.36632E+01  4.93630E-01 -2.44880E-01 -1.16494E-02
   47  6.43579E+01  4.52490E-01 -1.41140E-01 -1.01501E-01
   48  6.50526E+01  4.11360E-01 -3.74000E-02 -1.20742E-01
   49  6.57474E+01  3.70220E-01  6.63400E-02 -1.77831E-01
   50  6.64421E+01  3.29090E-01  1.70080E-01 -1.42537E-01
   51  6.71368E+01  2.87950E-01  2.73820E-01  5.32724E-02
   52  6.78316E+01  2.46810E-01  3.77560E-01  1.44630E-01
   53  6.85263E+01  2.05680E-01  4.81300E-01 -8.70652E-02
   54  6.92211E+01  1.64540E-01  5.85040E-01 -2.73972E-01
   55  6.99158E+01  1.23410E-01  6.88780E-01 -1.32501E-01
   56  7.06105E+01  8.22700E-02  7.92520E-01 -3.47161E+00
   57  7.13053E+01  4.11400E-02  8.96260E-01  1.11070E+01
   58  7.20000E+01  0.00000E+00  1.00000E+00  4.37378E+01
*eof
n03c013
    1  0.00000E+00  0.00000E+00 -1.00000E+00 -1.25352E-02
    2  1.05263E+00  4.48800E-02 -9.98340E-01 -1.25436E-02
    3  2.10526E+00  8.97500E-02 -9.96680E-01 -1.25502E-02
    4  3.15789E+00  1.34630E-01 -9.95010E-01 -1.25615E-02
    5  4.21053E+00  1.79500E-01 -9.93350E-01 -1.25411E-02
    6  5.26316E+00  2.24380E-01 -9.91690E-01 -1.25320E-02
    7  6.31579E+00  2.69250E-01 -9.90030E-01 -1.25297E-02
    8  7.36842E+00  3.14130E-01 -9.88370E-01 -1.25190E-02
    9  8.42105E+00  3.59000E-01 -9.86700E-01 -1.25388E-02
   10  9.47368E+00  4.03880E-01 -9.85040E-01 -1.25616E-02
   11  1.05263E+01  4.48750E-01 -9.83380E-01 -1.25486E-02
   12  1.15790E+01  4.93630E-01 -9.81720E-01 -1.25172E-02
   13  1.26316E+01  5.38500E-01 -9.80060E-01 -1.24825E-02
   14  1.36842E+01  5.83380E-01 -9.78390E-01 -1.24613E-02
   15  1.47368E+01  6.28250E-01 -9.76730E-01 -1.24828E-02
   16  1.57895E+01  6.73130E-01 -9.75070E-01 -1.25290E-02
   17  1.68421E+01  7.18010E-01 -9.73410E-01 -1.25400E-02
   18  1.78947E+01  7.62880E-01 -9.71750E-01 -1.28065E-02
   19  1.89474E+01  8.07760E-01 -9.70080E-01 -1.56763E-02
   20  2.00000E+01  8.52630E-01 -9.68420E-01 -2.22101E-02
   21  2.20421E+01  8.52630E-01 -9.68420E-01  7.20318E-02
   22  2.40842E+01  8.52630E-01 -9.68420E-01  2.97008E-01
   23  2.61263E+01  8.52630E-01 -9.68420E-01  3.56984E-01
   24  2.81684E+01  8.52630E-01 -9.68420E-01  1.25035E-01
   25  3.02105E+01  8.52630E-01 -9.68420E-01 -9.67306E-02
   26  3.22526E+01  8.52630E-01 -9.68420E-01 -1.14294E-01
   27  3.42947E+01  8.52630E-01 -9.68420E-01  5.27752E-02
   28  3.63368E+01  8.52630E-01 -9.68420E-01  1.98485E-01
   29  3.83790E+01  8.52630E-01 -9.68420E-01  1.40805E-01
   30  4.04211E+01  8.52630E-01 -9.68420E-01 -3.03746E-02
   31  4.24632E+01  8.52630E-01 -9.68420E-01 -1.06565E-01
   32  4.45053E+01  8.52630E-01 -9.68420E-01 -3.50367E-02
   33  4.65474E+01  8.52630E-01 -9.68420E-01  9.66866E-02
   34  4.85895E+01  8.52630E-01 -9.68420E-01  1.27828E-01
   35  5.06316E+01  8.52630E-01 -9.68420E-01  3.08236E-02
   36  5.26737E+01  8.52630E-01 -9.68420E-01 -6.63786E-02
   37  5.47158E+01  8.52630E-01 -9.68420E-01 -5.93523E-02
   38  5.67579E+01  8.52630E-01 -9.68420E-01  2.58974E-02
   39  5.88000E+01  8.52630E-01 -9.68420E-01  8.89095E-02
   40  5.94947E+01  8.07760E-01 -8.64820E-01  6.91082E-02
   41  6.01895E+01  7.62880E-01 -7.61220E-01  6.70919E-02
   42  6.08842E+01  7.18010E-01 -6.57620E-01  6.07214E-02
   43  6.15789E+01  6.73130E-01 -5.54020E-01  2.87870E-02
   44  6.22737E+01  6.28250E-01 -4.50420E-01  8.19519E-02
   45  6.29684E+01  5.83380E-01 -3.46810E-01  1.13658E-01
   46  6.36632E+01  5.38500E-01 -2.43210E-01 -1.71591E-02
   47  6.43579E+01  4.93630E-01 -1.39610E-01 -1.08314E-01
   48  6.50526E+01  4.48750E-01 -3.60100E-02 -1.22357E-01
   49  6.57474E+01  4.03880E-01  6.75900E-02 -1.77044E-01
   50  6.64421E+01  3.59000E-01  1.71190E-01 -1.44323E-01
   51  6.71368E+01  3.14130E-01  2.74790E-01  5.46228E-02
   52  6.78316E+01  2.69250E-01  3.78390E-01  1.31747E-01
   53  6.85263E+01  2.24380E-01  4.81990E-01 -1.06647E-01
   54  6.92211E+01  1.79500E-01  5.85600E-01 -2.72499E-01
   55  6.99158E+01  1.34630E-01  6.89200E-01 -1.49943E-01
   56  7.06105E+01  8.97500E-02  7.92800E-01 -3.27625E+00
   57  7.13053E+01  4.48800E-02  8.96400E-01  1.04306E+01
   58  7.20000E+01  0.00000E+00  1.00000E+00  4.11634E+01
*eof
n03c014
    1  0.00000E+00  0.00000E+00 -1.00000E+00 -1.26237E-02
    2  1.05263E+00  4.86100E-02 -9.98200E-01 -1.26351E-02
    3  2.10526E+00  9.72300E-02 -9.96400E-01 -1.26300E-02
    4  3.15789E+00  1.45840E-01 -9.94600E-01 -1.26492E-02
    5  4.21053E+00  1.94460E-01 -9.92800E-01 -1.26335E-02
    6  5.26316E+00  2.43070E-01 -9.91000E-01 -1.26168E-02
    7  6.31579E+00  2.91690E-01 -9.89200E-01 -1.26119E-02
    8  7.36842E+00  3.40300E-01 -9.87400E-01 -1.26081E-02
    9  8.42105E+00  3.88920E-01 -9.85600E-01 -1.26269E-02
   10  9.47368E+00  4.37530E-01 -9.83790E-01 -1.26488E-02
   11  1.05263E+01  4.86150E-01 -9.81990E-01 -1.26443E-02
   12  1.15790E+01  5.34760E-01 -9.80190E-01 -1.26201E-02
   13  1.26316E+01  5.83380E-01 -9.78390E-01 -1.25948E-02
   14  1.36842E+01  6.31990E-01 -9.76590E-01 -1.25704E-02
   15  1.47368E+01  6.80610E-01 -9.74790E-01 -1.25450E-02
   16  1.57895E+01  7.29220E-01 -9.72990E-01 -1.25397E-02
   17  1.68421E+01  7.77840E-01 -9.71190E-01 -1.25038E-02
   18  1.78947E+01  8.26450E-01 -9.69390E-01 -1.30406E-02
   19  1.89474E+01  8.75070E-01 -9.67590E-01 -1.50796E-02
   20  2.00000E+01  9.23680E-01 -9.65790E-01 -1.93263E-02
   21  2.20421E+01  9.23680E-01 -9.65790E-01  7.19702E-02
   22  2.40842E+01  9.23680E-01 -9.65790E-01  2.86887E-01
   23  2.61263E+01  9.23680E-01 -9.65790E-01  3.46530E-01
   24  2.81684E+01  9.23680E-01 -9.65790E-01  1.24695E-01
   25  3.02105E+01  9.23680E-01 -9.65790E-01 -9.27705E-02
   26  3.22526E+01  9.23680E-01 -9.65790E-01 -1.12340E-01
   27  3.42947E+01  9.23680E-01 -9.65790E-01  4.89431E-02
   28  3.63368E+01  9.23680E-01 -9.65790E-01  1.90579E-01
   29  3.83790E+01  9.23680E-01 -9.65790E-01  1.35651E-01
   30  4.04211E+01  9.23680E-01 -9.65790E-01 -2.96441E-02
   31  4.24632E+01  9.23680E-01 -9.65790E-01 -1.04324E-01
   32  4.45053E+01  9.23680E-01 -9.65790E-01 -3.61368E-02
   33  4.65474E+01  9.23680E-01 -9.65790E-01  9.14048E-02
   34  4.85895E+01  9.23680E-01 -9.65790E-01  1.21865E-01
   35  5.06316E+01  9.23680E-01 -9.65790E-01  2.86161E-02
   36  5.26737E+01  9.23680E-01 -9.65790E-01 -6.54462E-02
   37  5.47158E+01  9.23680E-01 -9.65790E-01 -5.96660E-02
   38  5.67579E+01  9.23680E-01 -9.65790E-01  2.25477E-02
   39  5.88000E+01  9.23680E-01 -9.65790E-01  8.95551E-02
   40  5.94947E+01  8.75070E-01 -8.62330E-01  7.29143E-02
   41  6.01895E+01  8.26450E-01 -7.58860E-01  6.95028E-02
   42  6.08842E+01  7.77840E-01 -6.55400E-01  5.63699E-02
   43  6.15789E+01  7.29220E-01 -5.51940E-01  2.32146E-02
   44  6.22737E+01  6.80610E-01 -4.48480E-01  7.75675E-02
   45  6.29684E+01  6.31990E-01 -3.45010E-01  1.04993E-01
   46  6.36632E+01  5.83380E-01 -2.41550E-01 -2.69619E-02
   47  6.43579E+01  5.34760E-01 -1.38090E-01 -1.15123E-01
   48  6.50526E+01  4.86150E-01 -3.46300E-02 -1.21169E-01
   49  6.57474E+01  4.37530E-01  6.88400E-02 -1.72777E-01
   50  6.64421E+01  3.88920E-01  1.72300E-01 -1.47227E-01
   51  6.71368E+01  3.40300E-01  2.75760E-01  5.09657E-02
   52  6.78316E+01  2.91690E-01  3.79220E-01  1.11906E-01
   53  6.85263E+01  2.43070E-01  4.82690E-01 -1.32804E-01
   54  6.92211E+01  1.94460E-01  5.86150E-01 -2.69664E-01
   55  6.99158E+01  1.45840E-01  6.89610E-01 -1.73197E-01
   56  7.06105E+01  9.72300E-02  7.93070E-01 -2.94933E+00
   57  7.13053E+01  4.86100E-02  8.96540E-01  9.38361E+00
   58  7.20000E+01  0.00000E+00  1.00000E+00  3.71910E+01
*eof
n03c015
    1  0.00000E+00  0.00000E+00 -1.00000E+00 -1.28854E-02
    2  1.05263E+00  5.23500E-02 -9.98060E-01 -1.28747E-02
    3  2.10526E+00  1.04710E-01 -9.96120E-01 -1.28226E-02
    4  3.15789E+00  1.57060E-01 -9.94180E-01 -1.28394E-02
    5  4.21053E+00  2.09420E-01 -9.92240E-01 -1.28295E-02
    6  5.26316E+00  2.61770E-01 -9.90300E-01 -1.28104E-02
    7  6.31579E+00  3.14130E-01 -9.88370E-01 -1.27980E-02
    8  7.36842E+00  3.66480E-01 -9.86430E-01 -1.27978E-02
    9  8.42105E+00  4.18840E-01 -9.84490E-01 -1.28155E-02
   10  9.47368E+00  4.71190E-01 -9.82550E-01 -1.28346E-02
   11  1.05263E+01  5.23550E-01 -9.80610E-01 -1.28346E-02
   12  1.15790E+01  5.75900E-01 -9.78670E-01 -1.28126E-02
   13  1.26316E+01  6.28250E-01 -9.76730E-01 -1.27960E-02
   14  1.36842E+01  6.80610E-01 -9.74790E-01 -1.27932E-02
   15  1.47368E+01  7.32960E-01 -9.72850E-01 -1.27783E-02
   16  1.57895E+01  7.85320E-01 -9.70910E-01 -1.27532E-02
   17  1.68421E+01  8.37670E-01 -9.68980E-01 -1.26451E-02
   18  1.78947E+01  8.90030E-01 -9.67040E-01 -1.34880E-02
   19  1.89474E+01  9.42380E-01 -9.65100E-01 -1.45076E-02
   20  2.00000E+01  9.94740E-01 -9.63160E-01 -1.61929E-02
   21  2.20421E+01  9.94740E-01 -9.63160E-01  7.18208E-02
   22  2.40842E+01  9.94740E-01 -9.63160E-01  2.75079E-01
   23  2.61263E+01  9.94740E-01 -9.63160E-01  3.33900E-01
   24  2.81684E+01  9.94740E-01 -9.63160E-01  1.23304E-01
   25  3.02105E+01  9.94740E-01 -9.63160E-01 -8.86572E-02
   26  3.22526E+01  9.94740E-01 -9.63160E-01 -1.10046E-01
   27  3.42947E+01  9.94740E-01 -9.63160E-01  4.44856E-02
   28  3.63368E+01  9.94740E-01 -9.63160E-01  1.80667E-01
   29  3.83790E+01  9.94740E-01 -9.63160E-01  1.28379E-01
   30  4.04211E+01  9.94740E-01 -9.63160E-01 -2.95566E-02
   31  4.24632E+01  9.94740E-01 -9.63160E-01 -1.01991E-01
   32  4.45053E+01  9.94740E-01 -9.63160E-01 -3.75490E-02
   33  4.65474E+01  9.94740E-01 -9.63160E-01  8.47665E-02
   34  4.85895E+01  9.94740E-01 -9.63160E-01  1.13819E-01
   35  5.06316E+01  9.94740E-01 -9.63160E-01  2.48921E-02
   36  5.26737E+01  9.94740E-01 -9.63160E-01 -6.49473E-02
   37  5.47158E+01  9.94740E-01 -9.63160E-01 -6.03155E-02
   38  5.67579E+01  9.94740E-01 -9.63160E-01  1.96550E-02
   39  5.88000E+01  9.94740E-01 -9.63160E-01  8.92675E-02
   40  5.94947E+01  9.42380E-01 -8.59830E-01  7.55297E-02
   41  6.01895E+01  8.90030E-01 -7.56510E-01  6.99568E-02
   42  6.08842E+01  8.37670E-01 -6.53190E-01  5.08680E-02
   43  6.15789E+01  7.85320E-01 -5.49860E-01  1.72492E-02
   44  6.22737E+01  7.32960E-01 -4.46540E-01  7.05460E-02
   45  6.29684E+01  6.80610E-01 -3.43210E-01  9.37565E-02
   46  6.36632E+01  6.28250E-01 -2.39890E-01 -3.15160E-02
   47  6.43579E+01  5.75900E-01 -1.36570E-01 -1.14364E-01
   48  6.50526E+01  5.23550E-01 -3.32400E-02 -1.16963E-01
   49  6.57474E+01  4.71190E-01  7.00800E-02 -1.68640E-01
   50  6.64421E+01  4.18840E-01  1.73410E-01 -1.54864E-01
   51  6.71368E+01  3.66480E-01  2.76730E-01  4.10231E-02
   52  6.78316E+01  3.14130E-01  3.80060E-01  8.24752E-02
   53  6.85263E+01  2.61770E-01  4.83380E-01 -1.69673E-01
   54  6.92211E+01  2.09420E-01  5.86700E-01 -2.65719E-01
   55  6.99158E+01  1.57060E-01  6.90030E-01 -2.14577E-01
   56  7.06105E+01  1.04710E-01  7.93350E-01 -2.34446E+00
   57  7.13053E+01  5.23500E-02  8.96680E-01  7.51668E+00
   58  7.20000E+01  0.00000E+00  1.00000E+00  3.02277E+01
*eof
n03c016
    1  0.00000E+00  0.00000E+00 -1.00000E+00 -1.34929E-02
    2  1.05263E+00  5.60900E-02 -9.97920E-01 -1.34650E-02
    3  2.10526E+00  1.12190E-01 -9.95840E-01 -1.32807E-02
    4  3.15789E+00  1.68280E-01 -9.93770E-01 -1.32917E-02
    5  4.21053E+00  2.24380E-01 -9.91690E-01 -1.32853E-02
    6  5.26316E+00  2.80470E-01 -9.89610E-01 -1.32670E-02
    7  6.31579E+00  3.36570E-01 -9.87530E-01 -1.32458E-02
    8  7.36842E+00  3.92660E-01 -9.85460E-01 -1.32417E-02
    9  8.42105E+00  4.48750E-01 -9.83380E-01 -1.32569E-02
   10  9.47368E+00  5.04850E-01 -9.81300E-01 -1.32740E-02
   11  1.05263E+01  5.60940E-01 -9.79220E-01 -1.32754E-02
   12  1.15790E+01  6.17040E-01 -9.77150E-01 -1.32521E-02
   13  1.26316E+01  6.73130E-01 -9.75070E-01 -1.32327E-02
   14  1.36842E+01  7.29220E-01 -9.72990E-01 -1.32357E-02
   15  1.47368E+01  7.85320E-01 -9.70910E-01 -1.32434E-02
   16  1.57895E+01  8.41410E-01 -9.68840E-01 -1.32399E-02
   17  1.68421E+01  8.97510E-01 -9.66760E-01 -1.31217E-02
   18  1.78947E+01  9.53600E-01 -9.64680E-01 -1.44513E-02
   19  1.89474E+01  1.00970E+00 -9.62600E-01 -1.43231E-02
   20  2.00000E+01  1.06579E+00 -9.60530E-01 -1.32116E-02
   21  2.20421E+01  1.06579E+00 -9.60530E-01  7.15070E-02
   22  2.40842E+01  1.06579E+00 -9.60530E-01  2.61347E-01
   23  2.61263E+01  1.06579E+00 -9.60530E-01  3.18093E-01
   24  2.81684E+01  1.06579E+00 -9.60530E-01  1.19706E-01
   25  3.02105E+01  1.06579E+00 -9.60530E-01 -8.45865E-02
   26  3.22526E+01  1.06579E+00 -9.60530E-01 -1.07044E-01
   27  3.42947E+01  1.06579E+00 -9.60530E-01  3.93232E-02
   28  3.63368E+01  1.06579E+00 -9.60530E-01  1.67478E-01
   29  3.83790E+01  1.06579E+00 -9.60530E-01  1.17022E-01
   30  4.04211E+01  1.06579E+00 -9.60530E-01 -3.12648E-02
   31  4.24632E+01  1.06579E+00 -9.60530E-01 -9.97595E-02
   32  4.45053E+01  1.06579E+00 -9.60530E-01 -3.94008E-02
   33  4.65474E+01  1.06579E+00 -9.60530E-01  7.58341E-02
   34  4.85895E+01  1.06579E+00 -9.60530E-01  1.01830E-01
   35  5.06316E+01  1.06579E+00 -9.60530E-01  1.78675E-02
   36  5.26737E+01  1.06579E+00 -9.60530E-01 -6.57429E-02
   37  5.47158E+01  1.06579E+00 -9.60530E-01 -6.12721E-02
   38  5.67579E+01  1.06579E+00 -9.60530E-01  1.59877E-02
   39  5.88000E+01  1.06579E+00 -9.60530E-01  7.44392E-02
   40  5.94947E+01  1.00970E+00 -8.57340E-01  6.24678E-02
   41  6.01895E+01  9.53600E-01 -7.54160E-01  6.38924E-02
   42  6.08842E+01  8.97510E-01 -6.50970E-01  4.30745E-02
   43  6.15789E+01  8.41410E-01 -5.47780E-01  1.13644E-02
   44  6.22737E+01  7.85320E-01 -4.44600E-01  6.37055E-02
   45  6.29684E+01  7.29220E-01 -3.41410E-01  8.34333E-02
   46  6.36632E+01  6.73130E-01 -2.38230E-01 -3.51765E-02
   47  6.43579E+01  6.17040E-01 -1.35040E-01 -1.19434E-01
   48  6.50526E+01  5.60940E-01 -3.18600E-02 -1.27821E-01
   49  6.57474E+01  5.04850E-01  7.13300E-02 -1.75386E-01
   50  6.64421E+01  4.48750E-01  1.74520E-01 -1.68278E-01
   51  6.71368E+01  3.92660E-01  2.77700E-01  2.22432E-02
   52  6.78316E+01  3.36570E-01  3.80890E-01  3.15785E-02
   53  6.85263E+01  2.80470E-01  4.84070E-01 -2.32891E-01
   54  6.92211E+01  2.24380E-01  5.87260E-01 -2.63672E-01
   55  6.99158E+01  1.68280E-01  6.90440E-01 -2.65665E-01
   56  7.06105E+01  1.12190E-01  7.93630E-01 -5.75668E-01
   57  7.13053E+01  5.60900E-02  8.96810E-01  3.59411E+00
   58  7.20000E+01  0.00000E+00  1.00000E+00  1.62391E+01
*eof
n03c017
    1  0.00000E+00  0.00000E+00 -1.00000E+00 -1.35908E-02
    2  1.05263E+00  5.98300E-02 -9.97780E-01 -1.41751E-02
    3  2.10526E+00  1.19670E-01 -9.95570E-01 -1.21725E-02
    4  3.15789E+00  1.79500E-01 -9.93350E-01 -1.19470E-02
    5  4.21053E+00  2.39340E-01 -9.91140E-01 -1.19243E-02
    6  5.26316E+00  2.99170E-01 -9.88920E-01 -1.19577E-02
    7  6.31579E+00  3.59000E-01 -9.86700E-01 -1.19769E-02
    8  7.36842E+00  4.18840E-01 -9.84490E-01 -1.20013E-02
    9  8.42105E+00  4.78670E-01 -9.82270E-01 -1.20350E-02
   10  9.47368E+00  5.38500E-01 -9.80060E-01 -1.20692E-02
   11  1.05263E+01  5.98340E-01 -9.77840E-01 -1.20933E-02
   12  1.15790E+01  6.58170E-01 -9.75620E-01 -1.20920E-02
   13  1.26316E+01  7.18010E-01 -9.73410E-01 -1.20749E-02
   14  1.36842E+01  7.77840E-01 -9.71190E-01 -1.20738E-02
   15  1.47368E+01  8.37670E-01 -9.68980E-01 -1.20943E-02
   16  1.57895E+01  8.97510E-01 -9.66760E-01 -1.21123E-02
   17  1.68421E+01  9.57340E-01 -9.64540E-01 -1.19652E-02
   18  1.78947E+01  1.01717E+00 -9.62330E-01 -1.37135E-02
   19  1.89474E+01  1.07701E+00 -9.60110E-01 -1.24420E-02
   20  2.00000E+01  1.13684E+00 -9.57890E-01 -1.05574E-02
   21  2.20421E+01  1.13684E+00 -9.57890E-01  7.26538E-02
   22  2.40842E+01  1.13684E+00 -9.57890E-01  2.50143E-01
   23  2.61263E+01  1.13684E+00 -9.57890E-01  3.02791E-01
   24  2.81684E+01  1.13684E+00 -9.57890E-01  1.16469E-01
   25  3.02105E+01  1.13684E+00 -9.57890E-01 -7.34186E-02
   26  3.22526E+01  1.13684E+00 -9.57890E-01 -9.38365E-02
   27  3.42947E+01  1.13684E+00 -9.57890E-01  4.32628E-02
   28  3.63368E+01  1.13684E+00 -9.57890E-01  1.61532E-01
   29  3.83790E+01  1.13684E+00 -9.57890E-01  1.12422E-01
   30  4.04211E+01  1.13684E+00 -9.57890E-01 -2.13372E-02
   31  4.24632E+01  1.13684E+00 -9.57890E-01 -8.19610E-02
   32  4.45053E+01  1.13684E+00 -9.57890E-01 -2.59956E-02
   33  4.65474E+01  1.13684E+00 -9.57890E-01  8.01714E-02
   34  4.85895E+01  1.13684E+00 -9.57890E-01  1.01718E-01
   35  5.06316E+01  1.13684E+00 -9.57890E-01  2.46459E-02
   36  5.26737E+01  1.13684E+00 -9.57890E-01 -4.84821E-02
   37  5.47158E+01  1.13684E+00 -9.57890E-01 -4.17036E-02
   38  5.67579E+01  1.13684E+00 -9.57890E-01  2.55811E-02
   39  5.88000E+01  1.13684E+00 -9.57890E-01  4.36185E-02
   40  5.94947E+01  1.07701E+00 -8.54850E-01  6.05657E-02
   41  6.01895E+01  1.01717E+00 -7.51800E-01  8.52724E-02
   42  6.08842E+01  9.57340E-01 -6.48750E-01  7.01821E-02
   43  6.15789E+01  8.97510E-01 -5.45710E-01  4.88913E-02
   44  6.22737E+01  8.37670E-01 -4.42660E-01  1.01494E-01
   45  6.29684E+01  7.77840E-01 -3.39610E-01  1.11669E-01
   46  6.36632E+01  7.18010E-01 -2.36570E-01  5.00310E-03
   47  6.43579E+01  6.58170E-01 -1.33520E-01 -6.28629E-02
   48  6.50526E+01  5.98340E-01 -3.04700E-02 -7.42749E-02
   49  6.57474E+01  5.38500E-01  7.25800E-02 -1.02573E-01
   50  6.64421E+01  4.78670E-01  1.75620E-01 -7.00434E-02
   51  6.71368E+01  4.18840E-01  2.78670E-01  1.43655E-01
   52  6.78316E+01  3.59000E-01  3.81720E-01  1.31514E-01
   53  6.85263E+01  2.99170E-01  4.84760E-01 -1.11033E-01
   54  6.92211E+01  2.39340E-01  5.87810E-01  1.78818E-01
   55  6.99158E+01  1.79500E-01  6.90860E-01  5.67955E-01
   56  7.06105E+01  1.19670E-01  7.93910E-01  1.74045E+01
   57  7.13053E+01  5.98300E-02  8.96950E-01 -1.06740E+01
   58  7.20000E+01  0.00000E+00  1.00000E+00 -2.67579E+01
*eof
n03c018
    1  0.00000E+00  0.00000E+00 -1.00000E+00  3.82995E-02
    2  1.05263E+00  6.35700E-02 -9.97650E-01  3.78582E-03
    3  2.10526E+00  1.27150E-01 -9.95290E-01  6.11234E-02
    4  3.15789E+00  1.90720E-01 -9.92940E-01  7.04113E-02
    5  4.21053E+00  2.54290E-01 -9.90580E-01  7.42792E-02
    6  5.26316E+00  3.17870E-01 -9.88230E-01  7.62767E-02
    7  6.31579E+00  3.81440E-01 -9.85870E-01  7.75248E-02
    8  7.36842E+00  4.45010E-01 -9.83520E-01  7.83080E-02
    9  8.42105E+00  5.08590E-01 -9.81160E-01  7.87503E-02
   10  9.47368E+00  5.72160E-01 -9.78810E-01  7.91216E-02
   11  1.05263E+01  6.35730E-01 -9.76450E-01  7.94390E-02
   12  1.15790E+01  6.99310E-01 -9.74100E-01  7.96254E-02
   13  1.26316E+01  7.62880E-01 -9.71750E-01  7.98309E-02
   14  1.36842E+01  8.26450E-01 -9.69390E-01  8.00045E-02
   15  1.47368E+01  8.90030E-01 -9.67040E-01  8.01046E-02
   16  1.57895E+01  9.53600E-01 -9.64680E-01  8.01976E-02
   17  1.68421E+01  1.01717E+00 -9.62330E-01  8.04488E-02
   18  1.78947E+01  1.08075E+00 -9.59970E-01  7.63883E-02
   19  1.89474E+01  1.14432E+00 -9.57620E-01  7.65380E-02
   20  2.00000E+01  1.20789E+00 -9.55260E-01  1.27159E-02
   21  2.20421E+01  1.20789E+00 -9.55260E-01  1.25767E-01
   22  2.40842E+01  1.20789E+00 -9.55260E-01  3.90720E-01
   23  2.61263E+01  1.20789E+00 -9.55260E-01  5.53118E-01
   24  2.81684E+01  1.20789E+00 -9.55260E-01  3.84343E-01
   25  3.02105E+01  1.20789E+00 -9.55260E-01  3.14406E-01
   26  3.22526E+01  1.20789E+00 -9.55260E-01  4.01959E-01
   27  3.42947E+01  1.20789E+00 -9.55260E-01  5.65813E-01
   28  3.63368E+01  1.20789E+00 -9.55260E-01  7.62604E-01
   29  3.83790E+01  1.20789E+00 -9.55260E-01  8.04403E-01
   30  4.04211E+01  1.20789E+00 -9.55260E-01  7.84137E-01
   31  4.24632E+01  1.20789E+00 -9.55260E-01  8.17686E-01
   32  4.45053E+01  1.20789E+00 -9.55260E-01  8.86151E-01
   33  4.65474E+01  1.20789E+00 -9.55260E-01  9.99505E-01
   34  4.85895E+01  1.20789E+00 -9.55260E-01  1.07944E+00
   35  5.06316E+01  1.20789E+00 -9.55260E-01  1.08724E+00
   36  5.26737E+01  1.20789E+00 -9.55260E-01  1.10723E+00
   37  5.47158E+01  1.20789E+00 -9.55260E-01  1.15034E+00
   38  5.67579E+01  1.20789E+00 -9.55260E-01  1.08697E+00
   39  5.88000E+01  1.20789E+00 -9.55260E-01  4.66831E-01
   40  5.94947E+01  1.14432E+00 -8.52350E-01  1.67811E+00
   41  6.01895E+01  1.08075E+00 -7.49450E-01  1.92097E+00
   42  6.08842E+01  1.01717E+00 -6.46540E-01  2.26881E+00
   43  6.15789E+01  9.53600E-01 -5.43630E-01  2.71562E+00
   44  6.22737E+01  8.90030E-01 -4.40720E-01  3.34901E+00
   45  6.29684E+01  8.26450E-01 -3.37810E-01  3.87037E+00
   46  6.36632E+01  7.62880E-01 -2.34900E-01  4.43163E+00
   47  6.43579E+01  6.99310E-01 -1.31990E-01  5.18894E+00
   48  6.50526E+01  6.35730E-01 -2.90900E-02  5.66416E+00
   49  6.57474E+01  5.72160E-01  7.38200E-02  6.20917E+00
   50  6.64421E+01  5.08590E-01  1.76730E-01  7.64002E+00
   51  6.71368E+01  4.45010E-01  2.79640E-01  9.99984E+00
   52  6.78316E+01  3.81440E-01  3.82550E-01  1.29742E+01
   53  6.85263E+01  3.17870E-01  4.85460E-01  1.60066E+01
   54  6.92211E+01  2.54290E-01  5.88370E-01  2.69586E+01
   55  6.99158E+01  1.90720E-01  6.91270E-01  5.17421E+01
   56  7.06105E+01  1.27150E-01  7.94180E-01  5.59197E+02
   57  7.13053E+01  6.35700E-02  8.97090E-01 -2.00665E+02
   58  7.20000E+01  0.00000E+00  1.00000E+00 -4.07177E+02
*eof
n03c019
    1  0.00000E+00  0.00000E+00 -1.00000E+00 -3.40770E-01
    2  1.05263E+00  6.73100E-02 -9.97510E-01 -3.92474E-01
    3  2.10526E+00  1.34630E-01 -9.95010E-01 -3.65835E-01
    4  3.15789E+00  2.01940E-01 -9.92520E-01 -3.65748E-01
    5  4.21053E+00  2.69250E-01 -9.90030E-01 -3.66988E-01
    6  5.26316E+00  3.36570E-01 -9.87530E-01 -3.67928E-01
    7  6.31579E+00  4.03880E-01 -9.85040E-01 -3.68089E-01
    8  7.36842E+00  4.71190E-01 -9.82550E-01 -3.68207E-01
    9  8.42105E+00  5.38500E-01 -9.80060E-01 -3.68441E-01
   10  9.47368E+00  6.05820E-01 -9.77560E-01 -3.68887E-01
   11  1.05263E+01  6.73130E-01 -9.75070E-01 -3.68887E-01
   12  1.15790E+01  7.40440E-01 -9.72580E-01 -3.68956E-01
   13  1.26316E+01  8.07760E-01 -9.70080E-01 -3.69278E-01
   14  1.36842E+01  8.75070E-01 -9.67590E-01 -3.69345E-01
   15  1.47368E+01  9.42380E-01 -9.65100E-01 -3.69250E-01
   16  1.57895E+01  1.00970E+00 -9.62600E-01 -3.69336E-01
   17  1.68421E+01  1.07701E+00 -9.60110E-01 -3.69306E-01
   18  1.78947E+01  1.14432E+00 -9.57620E-01 -3.72710E-01
   19  1.89474E+01  1.21163E+00 -9.55120E-01 -3.22581E-01
   20  2.00000E+01  1.27895E+00 -9.52630E-01 -4.13684E-01
   21  2.20421E+01  1.27895E+00 -9.52630E-01 -1.20913E-01
   22  2.40842E+01  1.27895E+00 -9.52630E-01  1.67530E-01
   23  2.61263E+01  1.27895E+00 -9.52630E-01 -4.03285E-01
   24  2.81684E+01  1.27895E+00 -9.52630E-01 -1.91633E+00
   25  3.02105E+01  1.27895E+00 -9.52630E-01 -2.22873E+00
   26  3.22526E+01  1.27895E+00 -9.52630E-01 -1.39442E+00
   27  3.42947E+01  1.27895E+00 -9.52630E-01 -1.03553E+00
   28  3.63368E+01  1.27895E+00 -9.52630E-01 -1.81927E+00
   29  3.83790E+01  1.27895E+00 -9.52630E-01 -3.34591E+00
   30  4.04211E+01  1.27895E+00 -9.52630E-01 -4.04320E+00
   31  4.24632E+01  1.27895E+00 -9.52630E-01 -3.34758E+00
   32  4.45053E+01  1.27895E+00 -9.52630E-01 -2.51979E+00
   33  4.65474E+01  1.27895E+00 -9.52630E-01 -2.70689E+00
   34  4.85895E+01  1.27895E+00 -9.52630E-01 -3.85626E+00
   35  5.06316E+01  1.27895E+00 -9.52630E-01 -4.86515E+00
   36  5.26737E+01  1.27895E+00 -9.52630E-01 -4.71741E+00
   37  5.47158E+01  1.27895E+00 -9.52630E-01 -3.91823E+00
   38  5.67579E+01  1.27895E+00 -9.52630E-01 -3.51453E+00
   39  5.88000E+01  1.27895E+00 -9.52630E-01 -5.83609E+00
   40  5.94947E+01  1.21163E+00 -8.49860E-01 -4.65107E+00
   41  6.01895E+01  1.14432E+00 -7.47090E-01 -6.72617E+00
   42  6.08842E+01  1.07701E+00 -6.44320E-01 -8.09613E+00
   43  6.15789E+01  1.00970E+00 -5.41550E-01 -9.38041E+00
   44  6.22737E+01  9.42380E-01 -4.38780E-01 -1.10896E+01
   45  6.29684E+01  8.75070E-01 -3.36010E-01 -1.41292E+01
   46  6.36632E+01  8.07760E-01 -2.33240E-01 -1.69958E+01
   47  6.43579E+01  7.40440E-01 -1.30470E-01 -1.88098E+01
   48  6.50526E+01  6.73130E-01 -2.77000E-02 -2.11959E+01
   49  6.57474E+01  6.05820E-01  7.50700E-02 -2.28979E+01
   50  6.64421E+01  5.38500E-01  1.77840E-01 -2.35312E+01
   51  6.71368E+01  4.71190E-01  2.80610E-01 -2.91967E+01
   52  6.78316E+01  4.03880E-01  3.83380E-01 -4.42994E+01
   53  6.85263E+01  3.36570E-01  4.86150E-01 -6.60414E+01
   54  6.92211E+01  2.69250E-01  5.88920E-01 -7.59382E+01
   55  6.99158E+01  2.01940E-01  6.91690E-01 -1.07912E+02
   56  7.06105E+01  1.34630E-01  7.94460E-01  2.83608E+02
   57  7.13053E+01  6.73100E-02  8.97230E-01 -4.02816E+03
   58  7.20000E+01  0.00000E+00  1.00000E+00 -1.28433E+04
*eof
n03c020
    1  0.00000E+00  0.00000E+00 -1.00000E+00 -7.71414E-01
    2  1.05263E+00  7.10500E-02 -9.97370E-01 -1.14953E+00
    3  2.10526E+00  1.42110E-01 -9.94740E-01 -1.29989E+00
    4  3.15789E+00  2.13160E-01 -9.92110E-01 -1.31429E+00
    5  4.21053E+00  2.84210E-01 -9.89470E-01 -1.32514E+00
    6  5.26316E+00  3.55260E-01 -9.86840E-01 -1.33109E+00
    7  6.31579E+00  4.26320E-01 -9.84210E-01 -1.33445E+00
    8  7.36842E+00  4.97370E-01 -9.81580E-01 -1.33631E+00
    9  8.42105E+00  5.68420E-01 -9.78950E-01 -1.33827E+00
   10  9.47368E+00  6.39470E-01 -9.76320E-01 -1.33997E+00
   11  1.05263E+01  7.10530E-01 -9.73680E-01 -1.34095E+00
   12  1.15790E+01  7.81580E-01 -9.71050E-01 -1.34173E+00
   13  1.26316E+01  8.52630E-01 -9.68420E-01 -1.34284E+00
   14  1.36842E+01  9.23680E-01 -9.65790E-01 -1.34353E+00
   15  1.47368E+01  9.94740E-01 -9.63160E-01 -1.34380E+00
   16  1.57895E+01  1.06579E+00 -9.60530E-01 -1.34395E+00
   17  1.68421E+01  1.13684E+00 -9.57890E-01 -1.34417E+00
   18  1.78947E+01  1.20789E+00 -9.55260E-01 -1.35076E+00
   19  1.89474E+01  1.27895E+00 -9.52630E-01 -1.20625E+00
   20  2.00000E+01  1.35000E+00 -9.50000E-01 -1.19516E+00
   21  2.20421E+01  1.35000E+00 -9.50000E-01 -6.50246E-01
   22  2.40842E+01  1.35000E+00 -9.50000E-01 -4.78331E-02
   23  2.61263E+01  1.35000E+00 -9.50000E-01 -2.17874E+00
   24  2.81684E+01  1.35000E+00 -9.50000E-01 -7.14015E+00
   25  3.02105E+01  1.35000E+00 -9.50000E-01 -8.07231E+00
   26  3.22526E+01  1.35000E+00 -9.50000E-01 -5.25510E+00
   27  3.42947E+01  1.35000E+00 -9.50000E-01 -4.23078E+00
   28  3.63368E+01  1.35000E+00 -9.50000E-01 -7.18947E+00
   29  3.83790E+01  1.35000E+00 -9.50000E-01 -1.25133E+01
   30  4.04211E+01  1.35000E+00 -9.50000E-01 -1.49006E+01
   31  4.24632E+01  1.35000E+00 -9.50000E-01 -1.25221E+01
   32  4.45053E+01  1.35000E+00 -9.50000E-01 -9.72886E+00
   33  4.65474E+01  1.35000E+00 -9.50000E-01 -1.05128E+01
   34  4.85895E+01  1.35000E+00 -9.50000E-01 -1.45821E+01
   35  5.06316E+01  1.35000E+00 -9.50000E-01 -1.80907E+01
   36  5.26737E+01  1.35000E+00 -9.50000E-01 -1.76112E+01
   37  5.47158E+01  1.35000E+00 -9.50000E-01 -1.48844E+01
   38  5.67579E+01  1.35000E+00 -9.50000E-01 -1.30441E+01
   39  5.88000E+01  1.35000E+00 -9.50000E-01 -1.66550E+01
   40  5.94947E+01  1.27895E+00 -8.47370E-01 -1.85225E+01
   41  6.01895E+01  1.20789E+00 -7.44740E-01 -2.55763E+01
   42  6.08842E+01  1.13684E+00 -6.42110E-01 -3.07240E+01
   43  6.15789E+01  1.06579E+00 -5.39470E-01 -3.56755E+01
   44  6.22737E+01  9.94740E-01 -4.36840E-01 -4.23218E+01
   45  6.29684E+01  9.23680E-01 -3.34210E-01 -5.35003E+01
   46  6.36632E+01  8.52630E-01 -2.31580E-01 -6.40764E+01
   47  6.43579E+01  7.81580E-01 -1.28950E-01 -7.13764E+01
   48  6.50526E+01  7.10530E-01 -2.63200E-02 -8.03533E+01
   49  6.57474E+01  6.39470E-01  7.63200E-02 -8.68912E+01
   50  6.64421E+01  5.68420E-01  1.78950E-01 -9.06157E+01
   51  6.71368E+01  4.97370E-01  2.81580E-01 -1.13085E+02
   52  6.78316E+01  4.26320E-01  3.84210E-01 -1.68923E+02
   53  6.85263E+01  3.55260E-01  4.86840E-01 -2.48753E+02
   54  6.92211E+01  2.84210E-01  5.89470E-01 -2.92435E+02
   55  6.99158E+01  2.13160E-01  6.92110E-01 -4.30525E+02
   56  7.06105E+01  1.42110E-01  7.94740E-01  7.32248E+02
   57  7.13053E+01  7.10500E-02  8.97370E-01 -9.51887E+03
   58  7.20000E+01  0.00000E+00  1.00000E+00 -2.49326E+04
*eof
