  0.000000000000000E+000  0.0000000E+00
  1.039567956795680E-002  0.0000000E+00
  2.079135913591359E-002  4.7265466E-06
  3.118703870387039E-002  1.6137439E-05
  4.158271827182718E-002  3.5734953E-05
  5.197839783978398E-002  6.4785556E-05
  6.237407740774077E-002  1.0440504E-04
  7.276975697569757E-002  1.5560216E-04
  8.316543654365437E-002  2.1930452E-04
  9.356111611161116E-002  2.9637560E-04
  0.103956795679568       3.8762629E-04
  0.114352475247525       4.9382367E-04
  0.124748154815482       6.1569724E-04
  0.135143834383438       7.5394404E-04
  0.145539513951395       9.0923259E-04
  0.155935193519352       1.0822063E-03
  0.166330873087309       1.2734858E-03
  0.176726552655266       1.4836716E-03
  0.187122232223222       1.7133453E-03
  0.197517911791179       1.9630722E-03
  0.207913591359136       2.2334014E-03
  0.218309270927093       2.5248688E-03
  0.228704950495050       2.8379955E-03
  0.239100630063006       3.1732919E-03
  0.249496309630963       3.5312558E-03
  0.259891989198920       3.9123753E-03
  0.270287668766877       4.3171272E-03
  0.280683348334833       4.7459798E-03
  0.291079027902790       5.1993928E-03
  0.301474707470747       5.6778160E-03
  0.311870387038704       6.1816927E-03
  0.322266066606661       6.7114574E-03
  0.332661746174617       7.2675385E-03
  0.343057425742574       7.8503564E-03
  0.353453105310531       8.4603280E-03
  0.363848784878488       9.0978583E-03
  0.374244464446445       9.7633507E-03
  0.384640144014401       1.0457205E-02
  0.395035823582358       1.1179807E-02
  0.405431503150315       1.1931547E-02
  0.415827182718272       1.2712804E-02
  0.426222862286229       1.3523953E-02
  0.436618541854185       1.4365368E-02
  0.447014221422142       1.5237414E-02
  0.457409900990099       1.6140454E-02
  0.467805580558056       1.7074846E-02
  0.478201260126013       1.8040948E-02
  0.488596939693969       1.9039102E-02
  0.498992619261926       2.0069662E-02
  0.509388298829883       2.1132970E-02
  0.519783978397840       2.2229362E-02
  0.530179657965797       2.3359176E-02
  0.540575337533753       2.4522742E-02
  0.550971017101710       2.5720391E-02
  0.561366696669667       2.6952457E-02
  0.571762376237624       2.8219251E-02
  0.582158055805581       2.9521096E-02
  0.592553735373537       3.0858314E-02
  0.602949414941494       3.2231219E-02
  0.613345094509451       3.3640113E-02
  0.623740774077408       3.5085320E-02
  0.634136453645365       3.6567133E-02
  0.644532133213321       3.8085863E-02
  0.654927812781278       3.9641812E-02
  0.665323492349235       4.1235279E-02
  0.675719171917192       4.2866558E-02
  0.686114851485149       4.4535935E-02
  0.696510531053105       4.6243716E-02
  0.706906210621062       4.7990188E-02
  0.717301890189019       4.9775638E-02
  0.727697569756976       5.1600337E-02
  0.738093249324932       5.3464603E-02
  0.748488928892889       5.5368669E-02
  0.758884608460846       5.7312857E-02
  0.769280288028803       5.9297428E-02
  0.779675967596760       6.1322656E-02
  0.790071647164716       6.3388824E-02
  0.800467326732673       6.5496191E-02
  0.810863006300630       6.7645028E-02
  0.821258685868587       6.9835611E-02
  0.831654365436544       7.2068214E-02
  0.842050045004500       7.4343078E-02
  0.852445724572457       7.6660484E-02
  0.862841404140414       7.9020694E-02
  0.873237083708371       8.1423968E-02
  0.883632763276328       8.3870560E-02
  0.894028442844284       8.6360723E-02
  0.904424122412241       8.8894747E-02
  0.914819801980198       9.1472834E-02
  0.925215481548155       9.4095245E-02
  0.935611161116112       9.6762255E-02
  0.946006840684068       9.9474110E-02
  0.956402520252025       0.1022311    
  0.966798199819982       0.1050333    
  0.977193879387939       0.1078812    
  0.987589558955896       0.1107749    
  0.997985238523852       0.1137147    
   1.00838091809181       0.1167007    
   1.01877659765977       0.1197333    
   1.02917227722772       0.1228127    
   1.03956795679568       0.1259392    
   1.04996363636364       0.1291129    
   1.06035931593159       0.1323341    
   1.07075499549955       0.1356030    
   1.08115067506751       0.1389199    
   1.09154635463546       0.1422850    
   1.10194203420342       0.1456985    
   1.11233771377138       0.1491608    
   1.12273339333933       0.1526719    
   1.13312907290729       0.1562321    
   1.14352475247525       0.1598416    
   1.15392043204320       0.1635008    
   1.16431611161116       0.1672097    
   1.17471179117912       0.1709687    
   1.18510747074707       0.1747779    
   1.19550315031503       0.1786375    
   1.20589882988299       0.1825479    
   1.21629450945095       0.1865091    
   1.22669018901890       0.1905215    
   1.23708586858686       0.1945852    
   1.24748154815482       0.1987005    
   1.25787722772277       0.2028676    
   1.26827290729073       0.2070867    
   1.27866858685869       0.2113579    
   1.28906426642664       0.2156816    
   1.29945994599460       0.2200579    
   1.30985562556256       0.2244870    
   1.32025130513051       0.2289692    
   1.33064698469847       0.2335047    
   1.34104266426643       0.2380937    
   1.35143834383438       0.2427363    
   1.36183402340234       0.2474329    
   1.37222970297030       0.2521835    
   1.38262538253825       0.2569884    
   1.39302106210621       0.2618479    
   1.40341674167417       0.2667620    
   1.41381242124212       0.2717310    
   1.42420810081008       0.2767553    
   1.43460378037804       0.2818348    
   1.44499945994599       0.2869698    
   1.45539513951395       0.2921606    
   1.46579081908191       0.2974073    
   1.47618649864986       0.3027100    
   1.48658217821782       0.3080692    
   1.49697785778578       0.3134848    
   1.50737353735374       0.3189572    
   1.51776921692169       0.3244865    
   1.52816489648965       0.3300729    
   1.53856057605761       0.3357166    
   1.54895625562556       0.3414178    
   1.55935193519352       0.3471768    
   1.56974761476148       0.3529935    
   1.58014329432943       0.3588684    
   1.59053897389739       0.3648015    
   1.60093465346535       0.3707932    
   1.61133033303330       0.3768434    
   1.62172601260126       0.3829525    
   1.63212169216922       0.3891208    
   1.64251737173717       0.3953481    
   1.65291305130513       0.4016349    
   1.66330873087309       0.4079812    
   1.67370441044104       0.4143873    
   1.68410009000900       0.4208534    
   1.69449576957696       0.4273798    
   1.70489144914491       0.4339664    
   1.71528712871287       0.4406135    
   1.72568280828083       0.4473215    
   1.73607848784878       0.4540903    
   1.74647416741674       0.4609202    
   1.75686984698470       0.4678113    
   1.76726552655266       0.4747638    
   1.77766120612061       0.4817781    
   1.78805688568857       0.4888541    
   1.79845256525653       0.4959920    
   1.80884824482448       0.5031922    
   1.81924392439244       0.5104547    
   1.82963960396040       0.5177797    
   1.84003528352835       0.5251675    
   1.85043096309631       0.5326181    
   1.86082664266427       0.5401318    
   1.87122232223222       0.5477086    
   1.88161800180018       0.5553491    
   1.89201368136814       0.5630530    
   1.90240936093609       0.5708207    
   1.91280504050405       0.5786521    
   1.92320072007201       0.5865480    
   1.93359639963996       0.5945079    
   1.94399207920792       0.6025326    
   1.95438775877588       0.6106217    
   1.96478343834383       0.6187756    
   1.97517911791179       0.6269945    
   1.98557479747975       0.6352785    
   1.99597047704770       0.6436279    
   2.00636615661566       0.6520428    
   2.01676183618362       0.6597255    
   2.02715751575158       0.6671394    
   2.03755319531953       0.6743585    
   2.04794887488749       0.6814222    
   2.05834455445545       0.6883544    
   2.06874023402340       0.6951725    
   2.07913591359136       0.7018893    
   2.08953159315932       0.7085146    
   2.09992727272727       0.7150567    
   2.11032295229523       0.7215225    
   2.12071863186319       0.7279178    
   2.13111431143114       0.7342474    
   2.14150999099910       0.7405153    
   2.15190567056706       0.7467258    
   2.16230135013501       0.7528819    
   2.17269702970297       0.7589866    
   2.18309270927093       0.7650427    
   2.19348838883888       0.7710528    
   2.20388406840684       0.7770184    
   2.21427974797480       0.7829424    
   2.22467542754275       0.7888261    
   2.23507110711071       0.7946717    
   2.24546678667867       0.8004802    
   2.25586246624662       0.8062532    
   2.26625814581458       0.8119925    
   2.27665382538254       0.8176991    
   2.28704950495050       0.8233741    
   2.29744518451845       0.8290190    
   2.30784086408641       0.8346344    
   2.31823654365437       0.8402215    
   2.32863222322232       0.8457812    
   2.33902790279028       0.8513146    
   2.34942358235824       0.8568224    
   2.35981926192619       0.8623050    
   2.37021494149415       0.8677639    
   2.38061062106211       0.8731993    
   2.39100630063006       0.8786120    
   2.40140198019802       0.8840028    
   2.41179765976598       0.8893722    
   2.42219333933393       0.8947205    
   2.43258901890189       0.9000489    
   2.44298469846985       0.9053574    
   2.45338037803780       0.9106469    
   2.46377605760576       0.9159178    
   2.47417173717372       0.9211705    
   2.48456741674167       0.9264054    
   2.49496309630963       0.9316231    
   2.50535877587759       0.9368238    
   2.51575445544554       0.9420083    
   2.52615013501350       0.9471768    
   2.53654581458146       0.9523293    
   2.54694149414942       0.9574666    
   2.55733717371737       0.9625895    
   2.56773285328533       0.9676971    
   2.57812853285329       0.9727910    
   2.58852421242124       0.9778706    
   2.59891989198920       0.9829365    
   2.60931557155716       0.9879895    
   2.61971125112511       0.9930292    
   2.63010693069307       0.9980564    
   2.64050261026103        1.003071    
   2.65089828982898        1.008073    
   2.66129396939694        1.013063    
   2.67168964896490        1.018042    
   2.68208532853285        1.023009    
   2.69248100810081        1.027965    
   2.70287668766877        1.032911    
   2.71327236723672        1.037845    
   2.72366804680468        1.042769    
   2.73406372637264        1.047681    
   2.74445940594059        1.052585    
   2.75485508550855        1.057478    
   2.76525076507651        1.062362    
   2.77564644464446        1.067236    
   2.78604212421242        1.072100    
   2.79643780378038        1.076956    
   2.80683348334833        1.081802    
   2.81722916291629        1.086639    
   2.82762484248425        1.091469    
   2.83802052205221        1.096289    
   2.84841620162016        1.101101    
   2.85881188118812        1.105905    
   2.86920756075608        1.110700    
   2.87960324032403        1.115488    
   2.88999891989199        1.120268    
   2.90039459945995        1.125041    
   2.91079027902790        1.129806    
   2.92118595859586        1.134563    
   2.93158163816382        1.139314    
   2.94197731773177        1.144057    
   2.95237299729973        1.148793    
   2.96276867686769        1.153523    
   2.97316435643564        1.158246    
   2.98356003600360        1.162962    
   2.99395571557156        1.167671    
   3.00435139513951        1.172375    
   3.01474707470747        1.177072    
   3.02514275427543        1.181763    
   3.03553843384338        1.186448    
   3.04593411341134        1.191127    
   3.05632979297930        1.195800    
   3.06672547254725        1.200467    
   3.07712115211521        1.205129    
   3.08751683168317        1.209785    
   3.09791251125112        1.214435    
   3.10830819081908        1.219081    
   3.11870387038704        1.223721    
   3.12909954995500        1.228356    
   3.13949522952295        1.232986    
   3.14989090909091        1.237611    
   3.16028658865887        1.242231    
   3.17068226822682        1.246846    
   3.18107794779478        1.251456    
   3.19147362736274        1.256062    
   3.20186930693069        1.260663    
   3.21226498649865        1.265259    
   3.22266066606661        1.269851    
   3.23305634563456        1.274439    
   3.24345202520252        1.279022    
   3.25384770477048        1.283602    
   3.26424338433843        1.288177    
   3.27463906390639        1.292748    
   3.28503474347435        1.297315    
   3.29543042304230        1.301878    
   3.30582610261026        1.306437    
   3.31622178217822        1.310992    
   3.32661746174617        1.315544    
   3.33701314131413        1.320092    
   3.34740882088209        1.324636    
   3.35780450045005        1.329177    
   3.36820018001800        1.333714    
   3.37859585958596        1.338248    
   3.38899153915392        1.342778    
   3.39938721872187        1.347305    
   3.40978289828983        1.351828    
   3.42017857785779        1.356349    
   3.43057425742574        1.360867    
   3.44096993699370        1.365381    
   3.45136561656166        1.369891    
   3.46176129612961        1.374400    
   3.47215697569757        1.378905    
   3.48255265526553        1.383408    
   3.49294833483348        1.387907    
   3.50334401440144        1.392404    
   3.51373969396940        1.396897    
   3.52413537353735        1.401389    
   3.53453105310531        1.405877    
   3.54492673267327        1.410363    
   3.55532241224122        1.414846    
   3.56571809180918        1.419326    
   3.57611377137714        1.423805    
   3.58650945094509        1.428281    
   3.59690513051305        1.432755    
   3.60730081008101        1.437225    
   3.61769648964896        1.441694    
   3.62809216921692        1.446160    
   3.63848784878488        1.450625    
   3.64888352835284        1.455087    
   3.65927920792079        1.459546    
   3.66967488748875        1.464005    
   3.68007056705671        1.468461    
   3.69046624662466        1.472914    
   3.70086192619262        1.477366    
   3.71125760576058        1.481815    
   3.72165328532853        1.486263    
   3.73204896489649        1.490709    
   3.74244464446445        1.495153    
   3.75284032403240        1.499595    
   3.76323600360036        1.504035    
   3.77363168316832        1.508474    
   3.78402736273627        1.512911    
   3.79442304230423        1.517347    
   3.80481872187219        1.521780    
   3.81521440144014        1.526213    
   3.82561008100810        1.530643    
   3.83600576057606        1.535071    
   3.84640144014401        1.539499    
   3.85679711971197        1.543924    
   3.86719279927993        1.548349    
   3.87758847884788        1.552772    
   3.88798415841584        1.557194    
   3.89837983798380        1.561614    
   3.90877551755176        1.566033    
   3.91917119711971        1.570450    
   3.92956687668767        1.574866    
   3.93996255625563        1.579281    
   3.95035823582358        1.583694    
   3.96075391539154        1.588107    
   3.97114959495950        1.592519    
   3.98154527452745        1.596929    
   3.99194095409541        1.601338    
   4.00233663366337        1.605746    
   4.01273231323132        1.610153    
   4.02312799279928        1.614558    
   4.03352367236724        1.618964    
   4.04391935193519        1.623367    
   4.05431503150315        1.627770    
   4.06471071107111        1.632172    
   4.07510639063906        1.636574    
   4.08550207020702        1.640973    
   4.09589774977498        1.645373    
   4.10629342934293        1.649772    
   4.11668910891089        1.654169    
   4.12708478847885        1.658566    
   4.13748046804680        1.662962    
   4.14787614761476        1.667357    
   4.15827182718272        1.671751    
   4.16866750675068        1.676145    
   4.17906318631863        1.680538    
   4.18945886588659        1.684930    
   4.19985454545455        1.689322    
   4.21025022502250        1.693713    
   4.22064590459046        1.698104    
   4.23104158415842        1.702494    
   4.24143726372637        1.706883    
   4.25183294329433        1.711272    
   4.26222862286229        1.715659    
   4.27262430243024        1.720048    
   4.28301998199820        1.724435    
   4.29341566156616        1.728821    
   4.30381134113411        1.733207    
   4.31420702070207        1.737593    
   4.32460270027003        1.741979    
   4.33499837983798        1.746364    
   4.34539405940594        1.750749    
   4.35578973897390        1.755133    
   4.36618541854185        1.759516    
   4.37658109810981        1.763901    
   4.38697677767777        1.768284    
   4.39737245724572        1.772667    
   4.40776813681368        1.777050    
   4.41816381638164        1.781433    
   4.42855949594960        1.785815    
   4.43895517551755        1.790196    
   4.44935085508551        1.794578    
   4.45974653465347        1.798960    
   4.47014221422142        1.803342    
   4.48053789378938        1.807723    
   4.49093357335734        1.812104    
   4.50132925292529        1.816485    
   4.51172493249325        1.820866    
   4.52212061206121        1.825246    
   4.53251629162916        1.829627    
   4.54291197119712        1.834008    
   4.55330765076508        1.838389    
   4.56370333033303        1.842770    
   4.57409900990099        1.847150    
   4.58449468946895        1.851530    
   4.59489036903690        1.855911    
   4.60528604860486        1.860292    
   4.61568172817282        1.864672    
   4.62607740774077        1.869053    
   4.63647308730873        1.873434    
   4.64686876687669        1.877815    
   4.65726444644464        1.882196    
   4.66766012601260        1.886577    
   4.67805580558056        1.890958    
   4.68845148514851        1.895339    
   4.69884716471647        1.899720    
   4.70924284428443        1.904102    
   4.71963852385239        1.908484    
   4.73003420342034        1.912866    
   4.74042988298830        1.917247    
   4.75082556255626        1.921630    
   4.76122124212421        1.926013    
   4.77161692169217        1.930395    
   4.78201260126013        1.934778    
   4.79240828082808        1.939161    
   4.80280396039604        1.943545    
   4.81319963996400        1.947929    
   4.82359531953195        1.952314    
   4.83399099909991        1.956698    
   4.84438667866787        1.961083    
   4.85478235823582        1.965467    
   4.86517803780378        1.969853    
   4.87557371737174        1.974239    
   4.88596939693969        1.978625    
   4.89636507650765        1.983011    
   4.90676075607561        1.987399    
   4.91715643564356        1.991786    
   4.92755211521152        1.996173    
   4.93794779477948        2.000562    
   4.94834347434743        2.004950    
   4.95873915391539        2.009340    
   4.96913483348335        2.013729    
   4.97953051305131        2.018119    
   4.98992619261926        2.022509    
   5.00032187218722        2.026900    
   5.01071755175518        2.031291    
   5.02111323132313        2.035684    
   5.03150891089109        2.040075    
   5.04190459045905        2.044468    
   5.05230027002700        2.048861    
   5.06269594959496        2.053256    
   5.07309162916292        2.057650    
   5.08348730873087        2.062045    
   5.09388298829883        2.066441    
   5.10427866786679        2.070837    
   5.11467434743474        2.075234    
   5.12507002700270        2.079631    
   5.13546570657066        2.084029    
   5.14586138613861        2.088428    
   5.15625706570657        2.092826    
   5.16665274527453        2.097227    
   5.17704842484248        2.101627    
   5.18744410441044        2.106029    
   5.19783978397840        2.110429    
   5.20823546354635        2.114833    
   5.21863114311431        2.119236    
   5.22902682268227        2.123639    
   5.23942250225022        2.128045    
   5.24981818181818        2.132449    
   5.26021386138614        2.136856    
   5.27060954095410        2.141261    
   5.28100522052205        2.145668    
   5.29140090009001        2.150078    
   5.30179657965797        2.154486    
   5.31219225922592        2.158896    
   5.32258793879388        2.163307    
   5.33298361836184        2.167717    
   5.34337929792979        2.172131    
   5.35377497749775        2.176543    
   5.36417065706571        2.180956    
   5.37456633663366        2.185371    
   5.38496201620162        2.189785    
   5.39535769576958        2.194201    
   5.40575337533753        2.198617    
   5.41614905490549        2.203036    
   5.42654473447345        2.207454    
   5.43694041404140        2.211872    
   5.44733609360936        2.216293    
   5.45773177317732        2.220713    
   5.46812745274528        2.225136    
   5.47852313231323        2.229558    
   5.48891881188119        2.233981    
   5.49931449144915        2.238406    
   5.50971017101710        2.242832    
   5.52010585058506        2.247257    
   5.53050153015302        2.251685    
   5.54089720972097        2.256113    
   5.55129288928893        2.260542    
   5.56168856885689        2.264972    
   5.57208424842484        2.269402    
   5.58247992799280        2.273834    
   5.59287560756076        2.278267    
   5.60327128712871        2.282701    
   5.61366696669667        2.287136    
   5.62406264626463        2.291572    
   5.63445832583258        2.296008    
   5.64485400540054        2.300446    
   5.65524968496850        2.304885    
   5.66564536453645        2.309323    
   5.67604104410441        2.313765    
   5.68643672367237        2.318206    
   5.69683240324032        2.322649    
   5.70722808280828        2.327092    
   5.71762376237624        2.331536    
   5.72801944194419        2.335983    
   5.73841512151215        2.340429    
   5.74881080108011        2.344875    
   5.75920648064807        2.349326    
   5.76960216021602        2.353776    
   5.77999783978398        2.358227    
   5.79039351935194        2.362679    
   5.80078919891989        2.367131    
   5.81118487848785        2.371586    
   5.82158055805581        2.376041    
   5.83197623762376        2.380497    
   5.84237191719172        2.384953    
   5.85276759675968        2.389413    
   5.86316327632763        2.393872    
   5.87355895589559        2.398332    
   5.88395463546355        2.402795    
   5.89435031503150        2.407256    
   5.90474599459946        2.411721    
   5.91514167416742        2.416186    
   5.92553735373537        2.420653    
   5.93593303330333        2.425120    
   5.94632871287129        2.429589    
   5.95672439243924        2.434059    
   5.96712007200720        2.438530    
   5.97751575157516        2.443002    
   5.98791143114311        2.447476    
   5.99830711071107        2.451950    
   6.00870279027903        2.456426    
   6.01909846984698        2.460903    
   6.02949414941494        2.465381    
   6.03988982898290        2.469858    
   6.05028550855086        2.474339    
   6.06068118811881        2.478822    
   6.07107686768677        2.483304    
   6.08147254725473        2.487788    
   6.09186822682268        2.492273    
   6.10226390639064        2.496759    
   6.11265958595860        2.501246    
   6.12305526552655        2.505736    
   6.13345094509451        2.510227    
   6.14384662466247        2.514718    
   6.15424230423042        2.519210    
   6.16463798379838        2.523705    
   6.17503366336634        2.528199    
   6.18542934293429        2.532697    
   6.19582502250225        2.537191    
   6.20622070207021        2.541692    
   6.21661638163816        2.546192    
   6.22701206120612        2.550694    
   6.23740774077408        2.555197    
   6.24780342034203        2.559700    
   6.25819909990999        2.564206    
   6.26859477947795        2.568712    
   6.27899045904590        2.573220    
   6.28938613861386        2.577731    
   6.29978181818182        2.582239    
   6.31017749774978        2.586753    
   6.32057317731773        2.591265    
   6.33096885688569        2.595780    
   6.34136453645365        2.600295    
   6.35176021602160        2.604813    
   6.36215589558956        2.609332    
   6.37255157515752        2.613852    
   6.38294725472547        2.618372    
   6.39334293429343        2.622893    
   6.40373861386139        2.627418    
   6.41413429342934        2.631943    
   6.42452997299730        2.636470    
   6.43492565256526        2.640997    
   6.44532133213321        2.645528    
   6.45571701170117        2.650058    
   6.46611269126913        2.654588    
   6.47650837083708        2.659122    
   6.48690405040504        2.663658    
   6.49729972997300        2.668194    
   6.50769540954095        2.672731    
   6.51809108910891        2.677270    
   6.52848676867687        2.681809    
   6.53888244824482        2.686352    
   6.54927812781278        2.690895    
   6.55967380738074        2.695439    
   6.57006948694869        2.699985    
   6.58046516651665        2.704533    
   6.59086084608461        2.709082    
   6.60125652565257        2.713631    
   6.61165220522052        2.718183    
   6.62204788478848        2.722736    
   6.63244356435644        2.727291    
   6.64283924392439        2.731846    
   6.65323492349235        2.736403    
   6.66363060306031        2.740962    
   6.67402628262826        2.745522    
   6.68442196219622        2.750084    
   6.69481764176418        2.754647    
   6.70521332133213        2.759211    
   6.71560900090009        2.763779    
   6.72600468046805        2.768346    
   6.73640036003600        2.772915    
   6.74679603960396        2.777484    
   6.75719171917192        2.782055    
   6.76758739873987        2.786630    
   6.77798307830783        2.791205    
   6.78837875787579        2.795781    
   6.79877443744374        2.800359    
   6.80917011701170        2.804938    
   6.81956579657966        2.809520    
   6.82996147614761        2.814101    
   6.84035715571557        2.818685    
   6.85075283528353        2.823270    
   6.86114851485149        2.827856    
   6.87154419441944        2.832445    
   6.88193987398740        2.837035    
   6.89233555355536        2.841624    
   6.90273123312331        2.846218    
   6.91312691269127        2.850813    
   6.92352259225923        2.855408    
   6.93391827182718        2.860007    
   6.94431395139514        2.864604    
   6.95470963096310        2.869205    
   6.96510531053105        2.873808    
   6.97550099009901        2.878410    
   6.98589666966697        2.883017    
   6.99629234923492        2.887622    
   7.00668802880288        2.892231    
   7.01708370837084        2.896839    
   7.02747938793879        2.901452    
   7.03787506750675        2.906064    
   7.04827074707471        2.910677    
   7.05866642664266        2.915294    
   7.06906210621062        2.919911    
   7.07945778577858        2.924531    
   7.08985346534653        2.929150    
   7.10024914491449        2.933773    
   7.11064482448245        2.938396    
   7.12104050405040        2.943022    
   7.13143618361836        2.947649    
   7.14183186318632        2.952278    
   7.15222754275428        2.956909    
   7.16262322232223        2.961539    
   7.17301890189019        2.966172    
   7.18341458145815        2.970807    
   7.19381026102610        2.975444    
   7.20420594059406        2.980081    
   7.21460162016202        2.984721    
   7.22499729972997        2.989363    
   7.23539297929793        2.994004    
   7.24578865886589        2.998650    
   7.25618433843384        3.003294    
   7.26658001800180        3.007943    
   7.27697569756976        3.012591    
   7.28737137713771        3.017241    
   7.29776705670567        3.021895    
   7.30816273627363        3.026548    
   7.31855841584158        3.031204    
   7.32895409540954        3.035861    
   7.33934977497750        3.040519    
   7.34974545454546        3.045182    
   7.36014113411341        3.049843    
   7.37053681368137        3.054507    
   7.38093249324933        3.059171    
   7.39132817281728        3.063840    
   7.40172385238524        3.068509    
   7.41211953195320        3.073176    
   7.42251521152115        3.077851    
   7.43291089108911        3.082524    
   7.44330657065707        3.087200    
   7.45370225022502        3.091875    
   7.46409792979298        3.096557    
   7.47449360936094        3.101236    
   7.48488928892889        3.105917    
   7.49528496849685        3.110602    
   7.50568064806481        3.115286    
   7.51607632763276        3.119974    
   7.52647200720072        3.124662    
   7.53686768676868        3.129353    
   7.54726336633663        3.134045    
   7.55765904590459        3.138737    
   7.56805472547255        3.143434    
   7.57845040504050        3.148131    
   7.58884608460846        3.152829    
   7.59924176417642        3.157530    
   7.60963744374437        3.162231    
   7.62003312331233        3.166936    
   7.63042880288029        3.171642    
   7.64082448244825        3.176350    
   7.65122016201620        3.181058    
   7.66161584158416        3.185768    
   7.67201152115212        3.190479    
   7.68240720072007        3.195194    
   7.69280288028803        3.199910    
   7.70319855985599        3.204626    
   7.71359423942394        3.209347    
   7.72398991899190        3.214067    
   7.73438559855986        3.218789    
   7.74478127812781        3.223513    
   7.75517695769577        3.228240    
   7.76557263726373        3.232967    
   7.77596831683168        3.237696    
   7.78636399639964        3.242428    
   7.79675967596760        3.247161    
   7.80715535553555        3.251893    
   7.81755103510351        3.256632    
   7.82794671467147        3.261370    
   7.83834239423942        3.266108    
   7.84873807380738        3.270850    
   7.85913375337534        3.275593    
   7.86952943294329        3.280338    
   7.87992511251125        3.285084    
   7.89032079207921        3.289834    
   7.90071647164716        3.294585    
   7.91111215121512        3.299335    
   7.92150783078308        3.304089    
   7.93190351035104        3.308845    
   7.94229918991899        3.313601    
   7.95269486948695        3.318361    
   7.96309054905491        3.323120    
   7.97348622862286        3.327883    
   7.98388190819082        3.332647    
   7.99427758775878        3.337414    
   8.00467326732673        3.342182    
   8.01506894689469        3.346950    
   8.02546462646265        3.351724    
   8.03586030603060        3.356495    
   8.04625598559856        3.361271    
   8.05665166516652        3.366045    
   8.06704734473447        3.370826    
   8.07744302430243        3.375604    
   8.08783870387039        3.380386    
   8.09823438343834        3.385170    
   8.10863006300630        3.389956    
   8.11902574257426        3.394744    
   8.12942142214222        3.399533    
   8.13981710171017        3.404323    
   8.15021278127813        3.409117    
   8.16060846084608        3.413908    
   8.17100414041404        3.418706    
   8.18139981998200        3.423505    
   8.19179549954996        3.428305    
   8.20219117911791        3.433104    
   8.21258685868587        3.437910    
   8.22298253825383        3.442714    
   8.23337821782178        3.447522    
   8.24377389738974        3.452331    
   8.25416957695770        3.457141    
   8.26456525652565        3.461951    
   8.27496093609361        3.466766    
   8.28535661566157        3.471585    
   8.29575229522952        3.476401    
   8.30614797479748        3.481220    
   8.31654365436544        3.486042    
   8.32693933393339        3.490864    
   8.33733501350135        3.495691    
   8.34773069306931        3.500517    
   8.35812637263726        3.505345    
   8.36852205220522        3.510176    
   8.37891773177318        3.515009    
   8.38931341134113        3.519841    
   8.39970909090909        3.524678    
   8.41010477047705        3.529516    
   8.42050045004500        3.534355    
   8.43089612961296        3.539196    
   8.44129180918092        3.544041    
   8.45168748874888        3.548885    
   8.46208316831683        3.553732    
   8.47247884788479        3.558582    
   8.48287452745275        3.563430    
   8.49327020702070        3.568285    
   8.50366588658866        3.573139    
   8.51406156615662        3.577996    
   8.52445724572457        3.582852    
   8.53485292529253        3.587714    
   8.54524860486049        3.592574    
   8.55564428442844        3.597437    
   8.56603996399640        3.602303    
   8.57643564356436        3.607170    
   8.58683132313231        3.612040    
   8.59722700270027        3.616911    
   8.60762268226823        3.621783    
   8.61801836183618        3.626659    
   8.62841404140414        3.631534    
   8.63880972097210        3.636413    
   8.64920540054005        3.641293    
   8.65960108010801        3.646172    
   8.66999675967597        3.651059    
   8.68039243924392        3.655945    
   8.69078811881188        3.660833    
   8.70118379837984        3.665721    
   8.71157947794780        3.670614    
   8.72197515751575        3.675507    
   8.73237083708371        3.680401    
   8.74276651665167        3.685299    
   8.75316219621962        3.690197    
   8.76355787578758        3.695100    
   8.77395355535554        3.700001    
   8.78434923492349        3.704906    
   8.79474491449145        3.709810    
   8.80514059405941        3.714722    
   8.81553627362736        3.719631    
   8.82593195319532        3.724543    
   8.83632763276328        3.729457    
   8.84672331233123        3.734372    
   8.85711899189919        3.739292    
   8.86751467146715        3.744208    
   8.87791035103510        3.749133    
   8.88830603060306        3.754056    
   8.89870171017102        3.758981    
   8.90909738973897        3.763907    
   8.91949306930693        3.768837    
   8.92988874887489        3.773767    
   8.94028442844284        3.778699    
   8.95068010801080        3.783635    
   8.96107578757876        3.788572    
   8.97147146714672        3.793509    
   8.98186714671467        3.798449    
   8.99226282628263        3.803392    
   9.00265850585058        3.808338    
   9.01305418541854        3.813283    
   9.02344986498650        3.818232    
   9.03384554455446        3.823182    
   9.04424122412241        3.828134    
   9.05463690369037        3.833086    
   9.06503258325833        3.838043    
   9.07542826282628        3.843000    
   9.08582394239424        3.847960    
   9.09621962196220        3.852920    
   9.10661530153015        3.857884    
   9.11701098109811        3.862852    
   9.12740666066607        3.867816    
   9.13780234023402        3.872786    
   9.14819801980198        3.877758    
   9.15859369936994        3.882730    
   9.16898937893789        3.887706    
   9.17938505850585        3.892682    
   9.18978073807381        3.897661    
   9.20017641764176        3.902641    
   9.21057209720972        3.907626    
   9.22096777677768        3.912609    
   9.23136345634564        3.917596    
   9.24175913591359        3.922586    
   9.25215481548155        3.927575    
   9.26255049504950        3.932567    
   9.27294617461746        3.937562    
   9.28334185418542        3.942557    
   9.29373753375338        3.947556    
   9.30413321332133        3.952555    
   9.31452889288929        3.957558    
   9.32492457245725        3.962561    
   9.33532025202520        3.967567    
   9.34571593159316        3.972579    
   9.35611161116112        3.977585    
   9.36650729072907        3.982596    
   9.37690297029703        3.987611    
   9.38729864986499        3.992626    
   9.39769432943294        3.997644    
   9.40809000900090        4.002662    
   9.41848568856886        4.007684    
   9.42888136813681        4.012705    
   9.43927704770477        4.017733    
   9.44967272727273        4.022759    
   9.46006840684068        4.027790    
   9.47046408640864        4.032817    
   9.48085976597660        4.037855    
   9.49125544554455        4.042888    
   9.50165112511251        4.047927    
   9.51204680468047        4.052965    
   9.52244248424842        4.058009    
   9.53283816381638        4.063049    
   9.54323384338434        4.068095    
   9.55362952295230        4.073143    
   9.56402520252025        4.078190    
   9.57442088208821        4.083243    
   9.58481656165617        4.088293    
   9.59521224122412        4.093349    
   9.60560792079208        4.098406    
   9.61600360036004        4.103467    
   9.62639927992799        4.108524    
   9.63679495949595        4.113588    
   9.64719063906391        4.118652    
   9.65758631863186        4.123717    
   9.66798199819982        4.128785    
   9.67837767776778        4.133856    
   9.68877335733573        4.138929    
   9.69916903690369        4.144004    
   9.70956471647165        4.149082    
   9.71996039603960        4.154160    
   9.73035607560756        4.159240    
   9.74075175517552        4.164324    
   9.75114743474347        4.169405    
   9.76154311431143        4.174493    
   9.77193879387939        4.179582    
   9.78233447344734        4.184672    
   9.79273015301530        4.189767    
   9.80312583258326        4.194859    
   9.81352151215122        4.199955    
   9.82391719171917        4.205052    
   9.83431287128713        4.210153    
   9.84470855085508        4.215255    
   9.85510423042304        4.220361    
   9.86549990999100        4.225467    
   9.87589558955896        4.230575    
   9.88629126912691        4.235683    
   9.89668694869487        4.240797    
   9.90708262826283        4.245911    
   9.91747830783078        4.251024    
   9.92787398739874        4.256144    
   9.93826966696670        4.261264    
   9.94866534653465        4.266388    
   9.95906102610261        4.271513    
   9.96945670567057        4.276638    
   9.97985238523852        4.281767    
   9.99024806480648        4.286896    
   10.0006437443744        4.292028    
   10.0110394239424        4.297165    
   10.0214351035104        4.302301    
   10.0318307830783        4.307440    
   10.0422264626463        4.312578    
   10.0526221422142        4.317720    
   10.0630178217822        4.322863    
   10.0734135013501        4.328011    
   10.0838091809181        4.333160    
   10.0942048604860        4.338307    
   10.1046005400540        4.343460    
   10.1149962196220        4.348616    
   10.1253918991899        4.353774    
   10.1357875787579        4.358931    
   10.1461832583258        4.364092    
   10.1565789378938        4.369255    
   10.1669746174617        4.374418    
   10.1773702970297        4.379584    
   10.1877659765977        4.384752    
   10.1981616561656        4.389925    
   10.2085573357336        4.395095    
   10.2189530153015        4.400271    
   10.2293486948695        4.405449    
   10.2397443744374        4.410626    
   10.2501400540054        4.415806    
   10.2605357335734        4.420987    
   10.2709314131413        4.426173    
   10.2813270927093        4.431358    
   10.2917227722772        4.436548    
   10.3021184518452        4.441739    
   10.3125141314131        4.446931    
   10.3229098109811        4.452127    
   10.3333054905491        4.457325    
   10.3437011701170        4.462523    
   10.3540968496850        4.467726    
   10.3644925292529        4.472928    
   10.3748882088209        4.478131    
   10.3852838883888        4.483337    
   10.3956795679568        4.488544    
   10.4060752475248        4.493760    
   10.4164709270927        4.498973    
   10.4268666066607        4.504187    
   10.4372622862286        4.509404    
   10.4476579657966        4.514623    
   10.4580536453645        4.519843    
   10.4684493249325        4.525069    
   10.4788450045004        4.530293    
   10.4892406840684        4.535519    
   10.4996363636364        4.540750    
   10.5100320432043        4.545982    
   10.5204277227723        4.551214    
   10.5308234023402        4.556452    
   10.5412190819082        4.561688    
   10.5516147614761        4.566926    
   10.5620104410441        4.572169    
   10.5724061206121        4.577415    
   10.5828018001800        4.582658    
   10.5931974797480        4.587905    
   10.6035931593159        4.593157    
   10.6139888388839        4.598412    
   10.6243845184518        4.603662    
   10.6347801980198        4.608918    
   10.6451758775878        4.614176    
   10.6555715571557        4.619436    
   10.6659672367237        4.624702    
   10.6763629162916        4.629965    
   10.6867585958596        4.635231    
   10.6971542754275        4.640499    
   10.7075499549955        4.645766    
   10.7179456345635        4.651039    
   10.7283413141314        4.656313    
   10.7387369936994        4.661592    
   10.7491326732673        4.666869    
   10.7595283528353        4.672149    
   10.7699240324032        4.677434    
   10.7803197119712        4.682719    
   10.7907153915392        4.688009    
   10.8011110711071        4.693296    
   10.8115067506751        4.698584    
   10.8219024302430        4.703881    
   10.8322981098110        4.709176    
   10.8426937893789        4.714473    
   10.8530894689469        4.719770    
   10.8634851485149        4.725072    
   10.8738808280828        4.730375    
   10.8842765076508        4.735683    
   10.8946721872187        4.740989    
   10.9050678667867        4.746302    
   10.9154635463546        4.751608    
   10.9258592259226        4.756928    
   10.9362549054906        4.762241    
   10.9466505850585        4.767558    
   10.9570462646265        4.772879    
   10.9674419441944        4.778202    
   10.9778376237624        4.783525    
   10.9882333033303        4.788850    
   10.9986289828983        4.794183    
   11.0090246624662        4.799507    
   11.0194203420342        4.804843    
   11.0298160216022        4.810176    
   11.0402117011701        4.815518    
   11.0506073807381        4.820851    
   11.0610030603060        4.826195    
   11.0713987398740        4.831536    
   11.0817944194419        4.836879    
   11.0921900990099        4.842230    
   11.1025857785779        4.847578    
   11.1129814581458        4.852927    
   11.1233771377138        4.858282    
   11.1337728172817        4.863637    
   11.1441684968497        4.868994    
   11.1545641764176        4.874353    
   11.1649598559856        4.879717    
   11.1753555355536        4.885077    
   11.1857512151215        4.890449    
   11.1961468946895        4.895815    
   11.2065425742574        4.901185    
   11.2169382538254        4.906558    
   11.2273339333933        4.911931    
   11.2377296129613        4.917305    
   11.2481252925293        4.922686    
   11.2585209720972        4.928065    
   11.2689166516652        4.933448    
   11.2793123312331        4.938834    
   11.2897080108011        4.944219    
   11.3001036903690        4.949607    
   11.3104993699370        4.954998    
   11.3208950495050        4.960395    
   11.3312907290729        4.965787    
   11.3416864086409        4.971186    
   11.3520820882088        4.976583    
   11.3624777677768        4.981987    
   11.3728734473447        4.987388    
   11.3832691269127        4.992793    
   11.3936648064806        4.998202    
   11.4040604860486        5.003612    
   11.4144561656166        5.009025    
   11.4248518451845        5.014437    
   11.4352475247525        5.019854    
   11.4456432043204        5.025272    
   11.4560388838884        5.030694    
   11.4664345634563        5.036115    
   11.4768302430243        5.041541    
   11.4872259225923        5.046968    
   11.4976216021602        5.052395    
   11.5080172817282        5.057826    
   11.5184129612961        5.063262    
   11.5288086408641        5.068695    
   11.5392043204320        5.074133    
   11.5496000000000        5.079573    
   11.5599956795680        5.085011    
   11.5703913591359        5.090455    
   11.5807870387039        5.095901    
   11.5911827182718        5.101351    
   11.6015783978398        5.106800    
   11.6119740774077        5.112254    
   11.6223697569757        5.117705    
   11.6327654365437        5.123166    
   11.6431611161116        5.128619    
   11.6535567956796        5.134079    
   11.6639524752475        5.139542    
   11.6743481548155        5.145009    
   11.6847438343834        5.150477    
   11.6951395139514        5.155942    
   11.7055351935194        5.161414    
   11.7159308730873        5.166889    
   11.7263265526553        5.172364    
   11.7367222322232        5.177844    
   11.7471179117912        5.183321    
   11.7575135913591        5.188802    
   11.7679092709271        5.194289    
   11.7783049504951        5.199770    
   11.7887006300630        5.205259    
   11.7990963096310        5.210750    
   11.8094919891989        5.216242    
   11.8198876687669        5.221737    
   11.8302833483348        5.227231    
   11.8406790279028        5.232733    
   11.8510747074707        5.238233    
   11.8614703870387        5.243736    
   11.8718660666067        5.249240    
   11.8822617461746        5.254749    
   11.8926574257426        5.260258    
   11.9030531053105        5.265769    
   11.9134487848785        5.271280    
   11.9238444644464        5.276798    
   11.9342401440144        5.282315    
   11.9446358235824        5.287837    
   11.9550315031503        5.293358    
   11.9654271827183        5.298878    
   11.9758228622862        5.304411    
   11.9862185418542        5.309935    
   11.9966142214221        5.315469    
   12.0070099009901        5.321002    
   12.0174055805581        5.326537    
   12.0278012601260        5.332076    
   12.0381969396940        5.337612    
   12.0485926192619        5.343151    
   12.0589882988299        5.348697    
   12.0693839783978        5.354239    
   12.0797796579658        5.359786    
   12.0901753375338        5.365340    
   12.1005710171017        5.370889    
   12.1109666966697        5.376446    
   12.1213623762376        5.381999    
   12.1317580558056        5.387560    
   12.1421537353735        5.393118    
   12.1525494149415        5.398683    
   12.1629450945095        5.404245    
   12.1733407740774        5.409814    
   12.1837364536454        5.415380    
   12.1941321332133        5.420953    
   12.2045278127813        5.426526    
   12.2149234923492        5.432103    
   12.2253191719172        5.437682    
   12.2357148514851        5.443261    
   12.2461105310531        5.448842    
   12.2565062106211        5.454427    
   12.2669018901890        5.460012    
   12.2772975697570        5.465599    
   12.2876932493249        5.471188    
   12.2980889288929        5.476784    
   12.3084846084608        5.482379    
   12.3188802880288        5.487979    
   12.3292759675968        5.493575    
   12.3396716471647        5.499178    
   12.3500673267327        5.504779    
   12.3604630063006        5.510385    
   12.3708586858686        5.515990    
   12.3812543654365        5.521604    
   12.3916500450045        5.527216    
   12.4020457245725        5.532831    
   12.4124414041404        5.538447    
   12.4228370837084        5.544063    
   12.4332327632763        5.549685    
   12.4436284428443        5.555305    
   12.4540241224122        5.560930    
   12.4644198019802        5.566559    
   12.4748154815482        5.572186    
   12.4852111611161        5.577824    
   12.4956068406841        5.583452    
   12.5060025202520        5.589092    
   12.5163981998200        5.594728    
   12.5267938793879        5.600370    
   12.5371895589559        5.606008    
   12.5475852385239        5.611653    
   12.5579809180918        5.617299    
   12.5683765976598        5.622949    
   12.5787722772277        5.628599    
   12.5891679567957        5.634252    
   12.5995636363636        5.639911    
   12.6099593159316        5.645567    
   12.6203549954996        5.651223    
   12.6307506750675        5.656889    
   12.6411463546355        5.662551    
   12.6515420342034        5.668217    
   12.6619377137714        5.673885    
   12.6723333933393        5.679558    
   12.6827290729073        5.685232    
   12.6931247524752        5.690903    
   12.7035204320432        5.696582    
   12.7139161116112        5.702256    
   12.7243117911791        5.707940    
   12.7347074707471        5.713622    
   12.7451031503150        5.719309    
   12.7554988298830        5.724996    
   12.7658945094509        5.730684    
   12.7762901890189        5.736375    
   12.7866858685869        5.742073    
   12.7970815481548        5.747769    
   12.8074772277228        5.753469    
   12.8178729072907        5.759170    
   12.8282685868587        5.764874    
   12.8386642664266        5.770577    
   12.8490599459946        5.776284    
   12.8594556255626        5.781991    
   12.8698513051305        5.787705    
   12.8802469846985        5.793414    
   12.8906426642664        5.799136    
   12.9010383438344        5.804852    
   12.9114340234023        5.810573    
   12.9218297029703        5.816298    
   12.9322253825383        5.822023    
   12.9426210621062        5.827747    
   12.9530167416742        5.833476    
   12.9634124212421        5.839210    
   12.9738081008101        5.844940    
   12.9842037803780        5.850675    
   12.9945994599460        5.856411    
   13.0049951395140        5.862151    
   13.0153908190819        5.867893    
   13.0257864986499        5.873640    
   13.0361821782178        5.879383    
   13.0465778577858        5.885134    
   13.0569735373537        5.890883    
   13.0673692169217        5.896636    
   13.0777648964896        5.902396    
   13.0881605760576        5.908149    
   13.0985562556256        5.913904    
   13.1089519351935        5.919672    
   13.1193476147615        5.925436    
   13.1297432943294        5.931200    
   13.1401389738974        5.936970    
   13.1505346534653        5.942743    
   13.1609303330333        5.948513    
   13.1713260126013        5.954285    
   13.1817216921692        5.960068    
   13.1921173717372        5.965842    
   13.2025130513051        5.971625    
   13.2129087308731        5.977406    
   13.2233044104410        5.983191    
   13.2337000900090        5.988980    
   13.2440957695770        5.994773    
   13.2544914491449        6.000564    
   13.2648871287129        6.006358    
   13.2752828082808        6.012158    
   13.2856784878488        6.017952    
   13.2960741674167        6.023756    
   13.3064698469847        6.029557    
   13.3168655265527        6.035363    
   13.3272612061206        6.041173    
   13.3376568856886        6.046980    
   13.3480525652565        6.052795    
   13.3584482448245        6.058610    
   13.3688439243924        6.064422    
   13.3792396039604        6.070239    
   13.3896352835284        6.076064    
   13.4000309630963        6.081887    
   13.4104266426643        6.087711    
   13.4208223222322        6.093540    
   13.4312180018002        6.099368    
   13.4416136813681        6.105198    
   13.4520093609361        6.111033    
   13.4624050405041        6.116872    
   13.4728007200720        6.122710    
   13.4831963996400        6.128549    
   13.4935920792079        6.134389    
   13.5039877587759        6.140237    
   13.5143834383438        6.146081    
   13.5247791179118        6.151935    
   13.5351747974797        6.157786    
   13.5455704770477        6.163637    
   13.5559661566157        6.169495    
   13.5663618361836        6.175352    
   13.5767575157516        6.181213    
   13.5871531953195        6.187073    
   13.5975488748875        6.192944    
   13.6079445544554        6.198809    
   13.6183402340234        6.204676    
   13.6287359135914        6.210546    
   13.6391315931593        6.216419    
   13.6495272727273        6.222297    
   13.6599229522952        6.228174    
   13.6703186318632        6.234053    
   13.6807143114311        6.239935    
   13.6911099909991        6.245821    
   13.7015056705671        6.251713    
   13.7119013501350        6.257600    
   13.7222970297030        6.263486    
   13.7326927092709        6.269381    
   13.7430883888389        6.275275    
   13.7534840684068        6.281176    
   13.7638797479748        6.287082    
   13.7742754275428        6.292979    
   13.7846711071107        6.298882    
   13.7950667866787        6.304790    
   13.8054624662466        6.310699    
   13.8158581458146        6.316609    
   13.8262538253825        6.322520    
   13.8366495049505        6.328436    
   13.8470451845185        6.334358    
   13.8574408640864        6.340277    
   13.8678365436544        6.346199    
   13.8782322232223        6.352119    
   13.8886279027903        6.358046    
   13.8990235823582        6.363978    
   13.9094192619262        6.369908    
   13.9198149414941        6.375842    
   13.9302106210621        6.381776    
   13.9406063006301        6.387718    
   13.9510019801980        6.393655    
   13.9613976597660        6.399596    
   13.9717933393339        6.405541    
   13.9821890189019        6.411484    
   13.9925846984698        6.417440    
   14.0029803780378        6.423386    
   14.0133760576058        6.429344    
   14.0237717371737        6.435297    
   14.0341674167417        6.441246    
   14.0445630963096        6.447215    
   14.0549587758776        6.453176    
   14.0653544554455        6.459139    
   14.0757501350135        6.465106    
   14.0861458145815        6.471073    
   14.0965414941494        6.477047    
   14.1069371737174        6.483017    
   14.1173328532853        6.488996    
   14.1277285328533        6.494972    
   14.1381242124212        6.500951    
   14.1485198919892        6.506933    
   14.1589155715572        6.512919    
   14.1693112511251        6.518904    
   14.1797069306931        6.524894    
   14.1901026102610        6.530881    
   14.2004982898290        6.536873    
   14.2108939693969        6.542871    
   14.2212896489649        6.548870    
   14.2316853285329        6.554870    
   14.2420810081008        6.560869    
   14.2524766876688        6.566872    
   14.2628723672367        6.572883    
   14.2732680468047        6.578892    
   14.2836637263726        6.584898    
   14.2940594059406        6.590912    
   14.3044550855086        6.596926    
   14.3148507650765        6.602944    
   14.3252464446445        6.608969    
   14.3356421242124        6.614990    
   14.3460378037804        6.621012    
   14.3564334833483        6.627039    
   14.3668291629163        6.633069    
   14.3772248424842        6.639100    
   14.3876205220522        6.645133    
   14.3980162016202        6.651167    
   14.4084118811881        6.657205    
   14.4188075607561        6.663251    
   14.4292032403240        6.669286    
   14.4395989198920        6.675333    
   14.4499945994599        6.681378    
   14.4603902790279        6.687430    
   14.4707859585959        6.693480    
   14.4811816381638        6.699533    
   14.4915773177318        6.705586    
   14.5019729972997        6.711645    
   14.5123686768677        6.717703    
   14.5227643564356        6.723767    
   14.5331600360036        6.729837    
   14.5435557155716        6.735900    
   14.5539513951395        6.741964    
   14.5643470747075        6.748037    
   14.5747427542754        6.754114    
   14.5851384338434        6.760186    
   14.5955341134113        6.766264    
   14.6059297929793        6.772348    
   14.6163254725473        6.778429    
   14.6267211521152        6.784509    
   14.6371168316832        6.790601    
   14.6475125112511        6.796688    
   14.6579081908191        6.802780    
   14.6683038703870        6.808873    
   14.6786995499550        6.814969    
   14.6890952295230        6.821067    
   14.6994909090909        6.827168    
   14.7098865886589        6.833273    
   14.7202822682268        6.839377    
   14.7306779477948        6.845480    
   14.7410736273627        6.851589    
   14.7514693069307        6.857702    
   14.7618649864987        6.863819    
   14.7722606660666        6.869934    
   14.7826563456346        6.876050    
   14.7930520252025        6.882174    
   14.8034477047705        6.888297    
   14.8138433843384        6.894415    
   14.8242390639064        6.900543    
   14.8346347434743        6.906672    
   14.8450304230423        6.912804    
   14.8554261026103        6.918943    
   14.8658217821782        6.925073    
   14.8762174617462        6.931209    
   14.8866131413141        6.937352    
   14.8970088208821        6.943495    
   14.9074045004500        6.949646    
   14.9178001800180        6.955792    
   14.9281958595860        6.961940    
   14.9385915391539        6.968090    
   14.9489872187219        6.974244    
   14.9593828982898        6.980403    
   14.9697785778578        6.986560    
   14.9801742574257        6.992724    
   14.9905699369937        6.998889    
   15.0009656165617        7.005051    
   15.0113612961296        7.011220    
   15.0217569756976        7.017384    
   15.0321526552655        7.023560    
   15.0425483348335        7.029731    
   15.0529440144014        7.035913    
   15.0633396939694        7.042087    
   15.0737353735374        7.048275    
   15.0841310531053        7.054455    
   15.0945267326733        7.060642    
   15.1049224122412        7.066828    
   15.1153180918092        7.073023    
   15.1257137713771        7.079214    
   15.1361094509451        7.085406    
   15.1465051305131        7.091598    
   15.1569008100810        7.097797    
   15.1672964896490        7.104006    
   15.1776921692169        7.110206    
   15.1880878487849        7.116411    
   15.1984835283528        7.122625    
   15.2088792079208        7.128827    
   15.2192748874887        7.135045    
   15.2296705670567        7.141255    
   15.2400662466247        7.147471    
   15.2504619261926        7.153691    
   15.2608576057606        7.159916    
   15.2712532853285        7.166141    
   15.2816489648965        7.172366    
   15.2920446444644        7.178599    
   15.3024403240324        7.184829    
   15.3128360036004        7.191058    
   15.3232316831683        7.197290    
   15.3336273627363        7.203531    
   15.3440230423042        7.209769    
   15.3544187218722        7.216011    
   15.3648144014401        7.222260    
   15.3752100810081        7.228503    
   15.3856057605761        7.234752    
   15.3960014401440        7.241008    
   15.4063971197120        7.247254    
   15.4167927992799        7.253514    
   15.4271884788479        7.259773    
   15.4375841584158        7.266031    
   15.4479798379838        7.272293    
   15.4583755175518        7.278559    
   15.4687711971197        7.284825    
   15.4791668766877        7.291094    
   15.4895625562556        7.297363    
   15.4999582358236        7.303638    
   15.5103539153915        7.309913    
   15.5207495949595        7.316194    
   15.5311452745275        7.322476    
   15.5415409540954        7.328756    
   15.5519366336634        7.335046    
   15.5623323132313        7.341328    
   15.5727279927993        7.347619    
   15.5831236723672        7.353910    
   15.5935193519352        7.360201    
   15.6039150315032        7.366499    
   15.6143107110711        7.372800    
   15.6247063906391        7.379098    
   15.6351020702070        7.385403    
   15.6454977497750        7.391708    
   15.6558934293429        7.398016    
   15.6662891089109        7.404328    
   15.6766847884788        7.410637    
   15.6870804680468        7.416948    
   15.6974761476148        7.423273    
   15.7078718271827        7.429590    
   15.7182675067507        7.435912    
   15.7286631863186        7.442237    
   15.7390588658866        7.448558    
   15.7494545454545        7.454884    
   15.7598502250225        7.461219    
   15.7702459045905        7.467542    
   15.7806415841584        7.473884    
   15.7910372637264        7.480227    
   15.8014329432943        7.486562    
   15.8118286228623        7.492904    
   15.8222243024302        7.499253    
   15.8326199819982        7.505594    
   15.8430156615662        7.511944    
   15.8534113411341        7.518292    
   15.8638070207021        7.524647    
   15.8742027002700        7.531002    
   15.8845983798380        7.537360    
   15.8949940594059        7.543717    
   15.9053897389739        7.550083    
   15.9157854185419        7.556441    
   15.9261810981098        7.562813    
   15.9365767776778        7.569189    
   15.9469724572457        7.575554    
   15.9573681368137        7.581926    
   15.9677638163816        7.588304    
   15.9781594959496        7.594681    
   15.9885551755176        7.601064    
   15.9989508550855        7.607449    
   16.0093465346535        7.613832    
   16.0197422142214        7.620216    
   16.0301378937894        7.626604    
   16.0405335733573        7.632998    
   16.0509292529253        7.639390    
   16.0613249324932        7.645781    
   16.0717206120612        7.652188    
   16.0821162916292        7.658588    
   16.0925119711971        7.664992    
   16.1029076507651        7.671395    
   16.1133033303330        7.677808    
   16.1236990099010        7.684212    
   16.1340946894689        7.690629    
   16.1444903690369        7.697045    
   16.1548860486049        7.703458    
   16.1652817281728        7.709872    
   16.1756774077408        7.716301    
   16.1860730873087        7.722723    
   16.1964687668767        7.729147    
   16.2068644464446        7.735579    
   16.2172601260126        7.742006    
   16.2276558055806        7.748440    
   16.2380514851485        7.754876    
   16.2484471647165        7.761310    
   16.2588428442844        7.767749    
   16.2692385238524        7.774189    
   16.2796342034203        7.780635    
   16.2900298829883        7.787087    
   16.3004255625563        7.793534    
   16.3108212421242        7.799987    
   16.3212169216922        7.806434    
   16.3316126012601        7.812894    
   16.3420082808281        7.819355    
   16.3524039603960        7.825815    
   16.3627996399640        7.832279    
   16.3731953195320        7.838744    
   16.3835909990999        7.845209    
   16.3939866786679        7.851676    
   16.4043823582358        7.858145    
   16.4147780378038        7.864625    
   16.4251737173717        7.871092    
   16.4355693969397        7.877579    
   16.4459650765077        7.884060    
   16.4563607560756        7.890544    
   16.4667564356436        7.897030    
   16.4771521152115        7.903512    
   16.4875477947795        7.910005    
   16.4979434743474        7.916495    
   16.5083391539154        7.922995    
   16.5187348334834        7.929488    
   16.5291305130513        7.935987    
   16.5395261926193        7.942490    
   16.5499218721872        7.948994    
   16.5603175517552        7.955500    
   16.5707132313231        7.962007    
   16.5811089108911        7.968522    
   16.5915045904590        7.975030    
   16.6019002700270        7.981549    
   16.6122959495950        7.988068    
   16.6226916291629        7.994587    
   16.6330873087309        8.001107    
   16.6434829882988        8.007632    
   16.6538786678668        8.014158    
   16.6642743474347        8.020686    
   16.6746700270027        8.027223    
   16.6850657065707        8.033753    
   16.6954613861386        8.040285    
   16.7058570657066        8.046826    
   16.7162527452745        8.053369    
   16.7266484248425        8.059911    
   16.7370441044104        8.066453    
   16.7474397839784        8.073003    
   16.7578354635464        8.079548    
   16.7682311431143        8.086112    
   16.7786268226823        8.092660    
   16.7890225022502        8.099219    
   16.7994181818182        8.105775    
   16.8098138613861        8.112332    
   16.8202095409541        8.118898    
   16.8306052205221        8.125463    
   16.8410009000900        8.132035    
   16.8513965796580        8.138599    
   16.8617922592259        8.145170    
   16.8721879387939        8.151750    
   16.8825836183618        8.158330    
   16.8929792979298        8.164905    
   16.9033749774978        8.171488    
   16.9137706570657        8.178071    
   16.9241663366337        8.184656    
   16.9345620162016        8.191252    
   16.9449576957696        8.197842    
   16.9553533753375        8.204436    
   16.9657490549055        8.211029    
   16.9761447344734        8.217628    
   16.9865404140414        8.224227    
   16.9969360936094        8.230832    
   17.0073317731773        8.237442    
   17.0177274527453        8.244037    
   17.0281231323132        8.250654    
   17.0385188118812        8.257264    
   17.0489144914491        8.263872    
   17.0593101710171        8.270491    
   17.0697058505851        8.277115    
   17.0801015301530        8.283731    
   17.0904972097210        8.290358    
   17.1008928892889        8.296991    
   17.1112885688569        8.303608    
   17.1216842484248        8.310240    
   17.1320799279928        8.316872    
   17.1424756075608        8.323509    
   17.1528712871287        8.330147    
   17.1632669666967        8.336789    
   17.1736626462646        8.343431    
   17.1840583258326        8.350071    
   17.1944540054005        8.356718    
   17.2048496849685        8.363371    
   17.2152453645365        8.370020    
   17.2256410441044        8.376672    
   17.2360367236724        8.383327    
   17.2464324032403        8.389982    
   17.2568280828083        8.396648    
   17.2672237623762        8.403313    
   17.2776194419442        8.409973    
   17.2880151215122        8.416645    
   17.2984108010801        8.423315    
   17.3088064806481        8.429980    
   17.3192021602160        8.436655    
   17.3295978397840        8.443335    
   17.3399935193519        8.450012    
   17.3503891989199        8.456696    
   17.3607848784878        8.463379    
   17.3711805580558        8.470060    
   17.3815762376238        8.476747    
   17.3919719171917        8.483437    
   17.4023675967597        8.490132    
   17.4127632763276        8.496830    
   17.4231589558956        8.503529    
   17.4335546354635        8.510225    
   17.4439503150315        8.516933    
   17.4543459945995        8.523632    
   17.4647416741674        8.530342    
   17.4751373537354        8.537046    
   17.4855330333033        8.543762    
   17.4959287128713        8.550473    
   17.5063243924392        8.557186    
   17.5167200720072        8.563904    
   17.5271157515752        8.570629    
   17.5375114311431        8.577348    
   17.5479071107111        8.584075    
   17.5583027902790        8.590806    
   17.5686984698470        8.597529    
   17.5790941494149        8.604265    
   17.5894898289829        8.610994    
   17.5998855085509        8.617733    
   17.6102811881188        8.624472    
   17.6206768676868        8.631226    
   17.6310725472547        8.637959    
   17.6414682268227        8.644709    
   17.6518639063906        8.651459    
   17.6622595859586        8.658203    
   17.6726552655266        8.664959    
   17.6830509450945        8.671711    
   17.6934466246625        8.678471    
   17.7038423042304        8.685238    
   17.7142379837984        8.691994    
   17.7246336633663        8.698752    
   17.7350293429343        8.705526    
   17.7454250225022        8.712300    
   17.7558207020702        8.719061    
   17.7662163816382        8.725833    
   17.7766120612061        8.732613    
   17.7870077407741        8.739398    
   17.7974034203420        8.746173    
   17.8077990999100        8.752952    
   17.8181947794779        8.759738    
   17.8285904590459        8.766528    
   17.8389861386139        8.773315    
   17.8493818181818        8.780112    
   17.8597774977498        8.786900    
   17.8701731773177        8.793703    
   17.8805688568857        8.800510    
   17.8909645364536        8.807311    
   17.9013602160216        8.814108    
   17.9117558955896        8.820914    
   17.9221515751575        8.827723    
   17.9325472547255        8.834538    
   17.9429429342934        8.841347    
   17.9533386138614        8.848163    
   17.9637342934293        8.854982    
   17.9741299729973        8.861808    
   17.9845256525653        8.868628    
   17.9949213321332        8.875453    
   18.0053170117012        8.882277    
   18.0157126912691        8.889110    
   18.0261083708371        8.895938    
   18.0365040504050        8.902768    
   18.0468997299730        8.909613    
   18.0572954095410        8.916444    
   18.0676910891089        8.923287    
   18.0780867686769        8.930130    
   18.0884824482448        8.936975    
   18.0988781278128        8.943826    
   18.1092738073807        8.950678    
   18.1196694869487        8.957535    
   18.1300651665167        8.964380    
   18.1404608460846        8.971246    
   18.1508565256526        8.978104    
   18.1612522052205        8.984963    
   18.1716478847885        8.991832    
   18.1820435643564        8.998706    
   18.1924392439244        9.005568    
   18.2028349234924        9.012443    
   18.2132306030603        9.019311    
   18.2236262826283        9.026195    
   18.2340219621962        9.033066    
   18.2444176417642        9.039947    
   18.2548133213321        9.046837    
   18.2652090009001        9.053720    
   18.2756046804680        9.060612    
   18.2860003600360        9.067498    
   18.2963960396040        9.074389    
   18.3067917191719        9.081292    
   18.3171873987399        9.088178    
   18.3275830783078        9.095071    
   18.3379787578758        9.101982    
   18.3483744374437        9.108890    
   18.3587701170117        9.115791    
   18.3691657965797        9.122705    
   18.3795614761476        9.129614    
   18.3899571557156        9.136524    
   18.4003528352835        9.143440    
   18.4107485148515        9.150362    
   18.4211441944194        9.157283    
   18.4315398739874        9.164207    
   18.4419355535554        9.171131    
   18.4523312331233        9.178057    
   18.4627269126913        9.184982    
   18.4731225922592        9.191923    
   18.4835182718272        9.198855    
   18.4939139513951        9.205796    
   18.5043096309631        9.212730    
   18.5147053105311        9.219675    
   18.5251009900990        9.226616    
   18.5354966696670        9.233560    
   18.5458923492349        9.240505    
   18.5562880288029        9.247464    
   18.5666837083708        9.254421    
   18.5770793879388        9.261372    
   18.5874750675068        9.268328    
   18.5978707470747        9.275295    
   18.6082664266427        9.282253    
   18.6186621062106        9.289221    
   18.6290577857786        9.296182    
   18.6394534653465        9.303158    
   18.6498491449145        9.310126    
   18.6602448244824        9.317094    
   18.6706405040504        9.324080    
   18.6810361836184        9.331063    
   18.6914318631863        9.338039    
   18.7018275427543        9.345024    
   18.7122232223222        9.352001    
   18.7226189018902        9.358999    
   18.7330145814581        9.365986    
   18.7434102610261        9.372974    
   18.7538059405941        9.379972    
   18.7642016201620        9.386969    
   18.7745972997300        9.393975    
   18.7849929792979        9.400978    
   18.7953886588659        9.407986    
   18.8057843384338        9.414998    
   18.8161800180018        9.422001    
   18.8265756975698        9.429010    
   18.8369713771377        9.436026    
   18.8473670567057        9.443048    
   18.8577627362736        9.450066    
   18.8681584158416        9.457083    
   18.8785540954095        9.464111    
   18.8889497749775        9.471138    
   18.8993454545455        9.478163    
   18.9097411341134        9.485197    
   18.9201368136814        9.492231    
   18.9305324932493        9.499264    
   18.9409281728173        9.506302    
   18.9513238523852        9.513334    
   18.9617195319532        9.520382    
   18.9721152115212        9.527426    
   18.9825108910891        9.534475    
   18.9929065706571        9.541526    
   19.0033022502250        9.548571    
   19.0136979297930        9.555637    
   19.0240936093609        9.562684    
   19.0344892889289        9.569743    
   19.0448849684968        9.576810    
   19.0552806480648        9.583874    
   19.0656763276328        9.590929    
   19.0760720072007        9.598001    
   19.0864676867687        9.605076    
   19.0968633663366        9.612149    
   19.1072590459046        9.619223    
   19.1176547254725        9.626298    
   19.1280504050405        9.633385    
   19.1384460846085        9.640468    
   19.1488417641764        9.647549    
   19.1592374437444        9.654635    
   19.1696331233123        9.661723    
   19.1800288028803        9.668817    
   19.1904244824482        9.675913    
   19.2008201620162        9.683002    
   19.2112158415842        9.690104    
   19.2216115211521        9.697213    
   19.2320072007201        9.704310    
   19.2424028802880        9.711415    
   19.2527985598560        9.718523    
   19.2631942394239        9.725640    
   19.2735899189919        9.732752    
   19.2839855985599        9.739866    
   19.2943812781278        9.746982    
   19.3047769576958        9.754107    
   19.3151726372637        9.761230    
   19.3255683168317        9.768355    
   19.3359639963996        9.775484    
   19.3463596759676        9.782607    
   19.3567553555356        9.789740    
   19.3671510351035        9.796878    
   19.3775467146715        9.804008    
   19.3879423942394        9.811147    
   19.3983380738074        9.818296    
   19.4087337533753        9.825435    
   19.4191294329433        9.832577    
   19.4295251125113        9.839725    
   19.4399207920792        9.846884    
   19.4503164716472        9.854032    
   19.4607121512151        9.861189    
   19.4711078307831        9.868348    
   19.4815035103510        9.875512    
   19.4918991899190        9.882670    
   19.5022948694869        9.889836    
   19.5126905490549        9.897008    
   19.5230862286229        9.904168    
   19.5334819081908        9.911351    
   19.5438775877588        9.918513    
   19.5542732673267        9.925696    
   19.5646689468947        9.932875    
   19.5750646264626        9.940047    
   19.5854603060306        9.947239    
   19.5958559855986        9.954427    
   19.6062516651665        9.961617    
   19.6166473447345        9.968801    
   19.6270430243024        9.976002    
   19.6374387038704        9.983199    
   19.6478343834383        9.990385    
   19.6582300630063        9.997586    
   19.6686257425743        10.00480    
   19.6790214221422        10.01200    
   19.6894171017102        10.01921    
   19.6998127812781        10.02641    
   19.7102084608461        10.03363    
   19.7206041404140        10.04085    
   19.7309998199820        10.04805    
   19.7413954995500        10.05529    
   19.7517911791179        10.06250    
   19.7621868586859        10.06973    
   19.7725825382538        10.07695    
   19.7829782178218        10.08419    
   19.7933738973897        10.09141    
   19.8037695769577        10.09864    
   19.8141652565257        10.10588    
   19.8245609360936        10.11312    
   19.8349566156616        10.12036    
   19.8453522952295        10.12761    
   19.8557479747975        10.13485    
   19.8661436543654        10.14210    
   19.8765393339334        10.14935    
   19.8869350135014        10.15659    
   19.8973306930693        10.16386    
   19.9077263726373        10.17111    
   19.9181220522052        10.17837    
   19.9285177317732        10.18564    
   19.9389134113411        10.19290    
   19.9493090909091        10.20016    
   19.9597047704770        10.20742    
   19.9701004500450        10.21471    
   19.9804961296130        10.22198    
   19.9908918091809        10.22925    
   20.0012874887489        10.23653    
   20.0116831683168        10.24382    
   20.0220788478848        10.25110    
   20.0324745274527        10.25839    
   20.0428702070207        10.26567    
   20.0532658865887        10.27296    
   20.0636615661566        10.28025    
   20.0740572457246        10.28754    
   20.0844529252925        10.29485    
   20.0948486048605        10.30215    
   20.1052442844284        10.30946    
   20.1156399639964        10.31675    
   20.1260356435644        10.32406    
   20.1364313231323        10.33137    
   20.1468270027003        10.33868    
   20.1572226822682        10.34600    
   20.1676183618362        10.35331    
   20.1780140414041        10.36063    
   20.1884097209721        10.36795    
   20.1988054005401        10.37528    
   20.2092010801080        10.38261    
   20.2195967596760        10.38993    
   20.2299924392439        10.39727    
   20.2403881188119        10.40459    
   20.2507837983798        10.41194    
   20.2611794779478        10.41927    
   20.2715751575158        10.42661    
   20.2819708370837        10.43395    
   20.2923665166517        10.44130    
   20.3027621962196        10.44864    
   20.3131578757876        10.45599    
   20.3235535553555        10.46335    
   20.3339492349235        10.47069    
   20.3443449144915        10.47806    
   20.3547405940594        10.48542    
   20.3651362736274        10.49278    
   20.3755319531953        10.50014    
   20.3859276327633        10.50750    
   20.3963233123312        10.51488    
   20.4067189918992        10.52225    
   20.4171146714671        10.52962    
   20.4275103510351        10.53700    
   20.4379060306031        10.54438    
   20.4483017101710        10.55176    
   20.4586973897390        10.55914    
   20.4690930693069        10.56652    
   20.4794887488749        10.57391    
   20.4898844284428        10.58130    
   20.5002801080108        10.58870    
   20.5106757875788        10.59610    
   20.5210714671467        10.60349    
   20.5314671467147        10.61089    
   20.5418628262826        10.61829    
   20.5522585058506        10.62569    
   20.5626541854185        10.63310    
   20.5730498649865        10.64051    
   20.5834455445545        10.64792    
   20.5938412241224        10.65533    
   20.6042369036904        10.66276    
   20.6146325832583        10.67017    
   20.6250282628263        10.67759    
   20.6354239423942        10.68503    
   20.6458196219622        10.69245    
   20.6562153015302        10.69987    
   20.6666109810981        10.70730    
   20.6770066606661        10.71474    
   20.6874023402340        10.72217    
   20.6977980198020        10.72961    
   20.7081936993699        10.73705    
   20.7185893789379        10.74448    
   20.7289850585059        10.75193    
   20.7393807380738        10.75938    
   20.7497764176418        10.76684    
   20.7601720972097        10.77428    
   20.7705677767777        10.78174    
   20.7809634563456        10.78919    
   20.7913591359136        10.79666    
   20.8017548154815        10.80412    
   20.8121504950495        10.81158    
   20.8225461746175        10.81905    
   20.8329418541854        10.82652    
   20.8433375337534        10.83399    
   20.8537332133213        10.84146    
   20.8641288928893        10.84894    
   20.8745245724572        10.85642    
   20.8849202520252        10.86390    
   20.8953159315932        10.87138    
   20.9057116111611        10.87887    
   20.9161072907291        10.88636    
   20.9265029702970        10.89385    
   20.9368986498650        10.90134    
   20.9472943294329        10.90883    
   20.9576900090009        10.91634    
   20.9680856885689        10.92384    
   20.9784813681368        10.93133    
   20.9888770477048        10.93884    
   20.9992727272727        10.94635    
   21.0096684068407        10.95385    
   21.0200640864086        10.96136    
   21.0304597659766        10.96887    
   21.0408554455446        10.97640    
   21.0512511251125        10.98392    
   21.0616468046805        10.99143    
   21.0720424842484        10.99896    
   21.0824381638164        11.00648    
   21.0928338433843        11.01403    
   21.1032295229523        11.02155    
   21.1136252025203        11.02908    
   21.1240208820882        11.03662    
   21.1344165616562        11.04416    
   21.1448122412241        11.05171    
   21.1552079207921        11.05924    
   21.1656036003600        11.06679    
   21.1759992799280        11.07433    
   21.1863949594959        11.08188    
   21.1967906390639        11.08944    
   21.2071863186319        11.09699    
   21.2175819981998        11.10456    
   21.2279776777678        11.11210    
   21.2383733573357        11.11967    
   21.2487690369037        11.12724    
   21.2591647164716        11.13479    
   21.2695603960396        11.14237    
   21.2799560756076        11.14993    
   21.2903517551755        11.15752    
   21.3007474347435        11.16510    
   21.3111431143114        11.17268    
   21.3215387938794        11.18025    
   21.3319344734473        11.18784    
   21.3423301530153        11.19542    
   21.3527258325833        11.20300    
   21.3631215121512        11.21060    
   21.3735171917192        11.21819    
   21.3839128712871        11.22580    
   21.3943085508551        11.23339    
   21.4047042304230        11.24099    
   21.4150999099910        11.24860    
   21.4254955895590        11.25620    
   21.4358912691269        11.26382    
   21.4462869486949        11.27142    
   21.4566826282628        11.27904    
   21.4670783078308        11.28665    
   21.4774739873987        11.29427    
   21.4878696669667        11.30190    
   21.4982653465347        11.30950    
   21.5086610261026        11.31713    
   21.5190567056706        11.32476    
   21.5294523852385        11.33238    
   21.5398480648065        11.34002    
   21.5502437443744        11.34765    
   21.5606394239424        11.35530    
   21.5710351035104        11.36293    
   21.5814307830783        11.37057    
   21.5918264626463        11.37821    
   21.6022221422142        11.38586    
   21.6126178217822        11.39351    
   21.6230135013501        11.40116    
   21.6334091809181        11.40882    
   21.6438048604860        11.41648    
   21.6542005400540        11.42413    
   21.6645962196220        11.43179    
   21.6749918991899        11.43945    
   21.6853875787579        11.44712    
   21.6957832583258        11.45479    
   21.7061789378938        11.46245    
   21.7165746174617        11.47013    
   21.7269702970297        11.47781    
   21.7373659765977        11.48548    
   21.7477616561656        11.49317    
   21.7581573357336        11.50084    
   21.7685530153015        11.50853    
   21.7789486948695        11.51622    
   21.7893443744374        11.52392    
   21.7997400540054        11.53159    
   21.8101357335734        11.53930    
   21.8205314131413        11.54700    
   21.8309270927093        11.55469    
   21.8413227722772        11.56240    
   21.8517184518452        11.57009    
   21.8621141314131        11.57780    
   21.8725098109811        11.58551    
   21.8829054905491        11.59322    
   21.8933011701170        11.60093    
   21.9036968496850        11.60864    
   21.9140925292529        11.61636    
   21.9244882088209        11.62408    
   21.9348838883888        11.63180    
   21.9452795679568        11.63953    
   21.9556752475248        11.64726    
   21.9660709270927        11.65499    
   21.9764666066607        11.66272    
   21.9868622862286        11.67045    
   21.9972579657966        11.67820    
   22.0076536453645        11.68595    
   22.0180493249325        11.69368    
   22.0284450045005        11.70142    
   22.0388406840684        11.70917    
   22.0492363636364        11.71693    
   22.0596320432043        11.72468    
   22.0700277227723        11.73243    
   22.0804234023402        11.74019    
   22.0908190819082        11.74795    
   22.1012147614761        11.75571    
   22.1116104410441        11.76347    
   22.1220061206121        11.77124    
   22.1324018001800        11.77901    
   22.1427974797480        11.78679    
   22.1531931593159        11.79456    
   22.1635888388839        11.80233    
   22.1739845184518        11.81011    
   22.1843801980198        11.81790    
   22.1947758775878        11.82568    
   22.2051715571557        11.83346    
   22.2155672367237        11.84125    
   22.2259629162916        11.84904    
   22.2363585958596        11.85684    
   22.2467542754275        11.86463    
   22.2571499549955        11.87243    
   22.2675456345635        11.88023    
   22.2779413141314        11.88803    
   22.2883369936994        11.89584    
   22.2987326732673        11.90364    
   22.3091283528353        11.91145    
   22.3195240324032        11.91927    
   22.3299197119712        11.92708    
   22.3403153915392        11.93490    
   22.3507110711071        11.94271    
   22.3611067506751        11.95054    
   22.3715024302430        11.95836    
   22.3818981098110        11.96619    
   22.3922937893789        11.97402    
   22.4026894689469        11.98185    
   22.4130851485149        11.98969    
   22.4234808280828        11.99752    
   22.4338765076508        12.00536    
   22.4442721872187        12.01321    
   22.4546678667867        12.02104    
   22.4650635463546        12.02890    
   22.4754592259226        12.03674    
   22.4858549054905        12.04459    
   22.4962505850585        12.05245    
   22.5066462646265        12.06030    
   22.5170419441944        12.06816    
   22.5274376237624        12.07602    
   22.5378333033303        12.08389    
   22.5482289828983        12.09176    
   22.5586246624662        12.09962    
   22.5690203420342        12.10749    
   22.5794160216022        12.11536    
   22.5898117011701        12.12324    
   22.6002073807381        12.13112    
   22.6106030603060        12.13899    
   22.6209987398740        12.14688    
   22.6313944194419        12.15477    
   22.6417900990099        12.16264    
   22.6521857785779        12.17053    
   22.6625814581458        12.17844    
   22.6729771377138        12.18633    
   22.6833728172817        12.19422    
   22.6937684968497        12.20212    
   22.7041641764176        12.21003    
   22.7145598559856        12.21793    
   22.7249555355536        12.22584    
   22.7353512151215        12.23375    
   22.7457468946895        12.24166    
   22.7561425742574        12.24958    
   22.7665382538254        12.25749    
   22.7769339333933        12.26541    
   22.7873296129613        12.27334    
   22.7977252925293        12.28125    
   22.8081209720972        12.28918    
   22.8185166516652        12.29711    
   22.8289123312331        12.30505    
   22.8393080108011        12.31297    
   22.8497036903690        12.32092    
   22.8600993699370        12.32886    
   22.8704950495049        12.33679    
   22.8808907290729        12.34474    
   22.8912864086409        12.35268    
   22.9016820882088        12.36063    
   22.9120777677768        12.36858    
   22.9224734473447        12.37655    
   22.9328691269127        12.38448    
   22.9432648064806        12.39245    
   22.9536604860486        12.40040    
   22.9640561656166        12.40838    
   22.9744518451845        12.41635    
   22.9848475247525        12.42430    
   22.9952432043204        12.43226    
   23.0056388838884        12.44025    
   23.0160345634563        12.44823    
   23.0264302430243        12.45620    
   23.0368259225923        12.46417    
   23.0472216021602        12.47217    
   23.0576172817282        12.48016    
   23.0680129612961        12.48813    
   23.0784086408641        12.49613    
   23.0888043204320        12.50411    
   23.0992000000000        12.51211    
   23.1095956795680        12.52011    
   23.1199913591359        12.52810    
   23.1303870387039        12.53611    
   23.1407827182718        12.54411    
   23.1511783978398        12.55212    
   23.1615740774077        12.56013    
   23.1719697569757        12.56814    
   23.1823654365437        12.57614    
   23.1927611161116        12.58417    
   23.2031567956796        12.59218    
   23.2135524752475        12.60021    
   23.2239481548155        12.60824    
   23.2343438343834        12.61625    
   23.2447395139514        12.62428    
   23.2551351935194        12.63232    
   23.2655308730873        12.64036    
   23.2759265526553        12.64839    
   23.2863222322232        12.65642    
   23.2967179117912        12.66447    
   23.3071135913591        12.67251    
   23.3175092709271        12.68056    
   23.3279049504950        12.68860    
   23.3383006300630        12.69663    
   23.3486963096310        12.70471    
   23.3590919891989        12.71276    
   23.3694876687669        12.72081    
   23.3798833483348        12.72888    
   23.3902790279028        12.73694    
   23.4006747074707        12.74500    
   23.4110703870387        12.75307    
   23.4214660666067        12.76113    
   23.4318617461746        12.76922    
   23.4422574257426        12.77728    
   23.4526531053105        12.78536    
   23.4630487848785        12.79344    
   23.4734444644464        12.80152    
   23.4838401440144        12.80961    
   23.4942358235824        12.81769    
   23.5046315031503        12.82577    
   23.5150271827183        12.83388    
   23.5254228622862        12.84198    
   23.5358185418542        12.85007    
   23.5462142214221        12.85816    
   23.5566099009901        12.86626    
   23.5670055805581        12.87437    
   23.5774012601260        12.88248    
   23.5877969396940        12.89058    
   23.5981926192619        12.89870    
   23.6085882988299        12.90682    
   23.6189839783978        12.91493    
   23.6293796579658        12.92305    
   23.6397753375338        12.93117    
   23.6501710171017        12.93929    
   23.6605666966697        12.94742    
   23.6709623762376        12.95555    
   23.6813580558056        12.96368    
   23.6917537353735        12.97182    
   23.7021494149415        12.97995    
   23.7125450945095        12.98808    
   23.7229407740774        12.99624    
   23.7333364536454        13.00437    
   23.7437321332133        13.01252    
   23.7541278127813        13.02067    
   23.7645234923492        13.02882    
   23.7749191719172        13.03697    
   23.7853148514852        13.04512    
   23.7957105310531        13.05329    
   23.8061062106211        13.06145    
   23.8165018901890        13.06961    
   23.8268975697570        13.07777    
   23.8372932493249        13.08594    
   23.8476889288929        13.09411    
   23.8580846084608        13.10228    
   23.8684802880288        13.11045    
   23.8788759675968        13.11863    
   23.8892716471647        13.12682    
   23.8996673267327        13.13499    
   23.9100630063006        13.14318    
   23.9204586858686        13.15137    
   23.9308543654365        13.15955    
   23.9412500450045        13.16775    
   23.9516457245725        13.17594    
   23.9620414041404        13.18414    
   23.9724370837084        13.19234    
   23.9828327632763        13.20054    
   23.9932284428443        13.20873    
   24.0036241224122        13.21695    
   24.0140198019802        13.22516    
   24.0244154815482        13.23337    
   24.0348111611161        13.24159    
   24.0452068406841        13.24980    
   24.0556025202520        13.25802    
   24.0659981998200        13.26624    
   24.0763938793879        13.27446    
   24.0867895589559        13.28269    
   24.0971852385239        13.29091    
   24.1075809180918        13.29914    
   24.1179765976598        13.30738    
   24.1283722772277        13.31561    
   24.1387679567957        13.32385    
   24.1491636363636        13.33209    
   24.1595593159316        13.34034    
   24.1699549954996        13.34859    
   24.1803506750675        13.35684    
   24.1907463546355        13.36509    
   24.2011420342034        13.37335    
   24.2115377137714        13.38161    
   24.2219333933393        13.38985    
   24.2323290729073        13.39812    
   24.2427247524752        13.40638    
   24.2531204320432        13.41465    
   24.2635161116112        13.42291    
   24.2739117911791        13.43119    
   24.2843074707471        13.43946    
   24.2947031503150        13.44773    
   24.3050988298830        13.45601    
   24.3154945094509        13.46429    
   24.3258901890189        13.47257    
   24.3362858685869        13.48086    
   24.3466815481548        13.48915    
   24.3570772277228        13.49744    
   24.3674729072907        13.50573    
   24.3778685868587        13.51402    
   24.3882642664266        13.52232    
   24.3986599459946        13.53062    
   24.4090556255626        13.53892    
   24.4194513051305        13.54722    
   24.4298469846985        13.55554    
   24.4402426642664        13.56384    
   24.4506383438344        13.57215    
   24.4610340234023        13.58046    
   24.4714297029703        13.58879    
   24.4818253825383        13.59710    
   24.4922210621062        13.60543    
   24.5026167416742        13.61374    
   24.5130124212421        13.62209    
   24.5234081008101        13.63040    
   24.5338037803780        13.63874    
   24.5441994599460        13.64707    
   24.5545951395140        13.65541    
   24.5649908190819        13.66374    
   24.5753864986499        13.67210    
   24.5857821782178        13.68045    
   24.5961778577858        13.68878    
   24.6065735373537        13.69713    
   24.6169692169217        13.70549    
   24.6273648964896        13.71383    
   24.6377605760576        13.72219    
   24.6481562556256        13.73054    
   24.6585519351935        13.73892    
   24.6689476147615        13.74728    
   24.6793432943294        13.75564    
   24.6897389738974        13.76401    
   24.7001346534653        13.77239    
   24.7105303330333        13.78076    
   24.7209260126013        13.78913    
   24.7313216921692        13.79752    
   24.7417173717372        13.80589    
   24.7521130513051        13.81426    
   24.7625087308731        13.82266    
   24.7729044104410        13.83105    
   24.7833000900090        13.83944    
   24.7936957695770        13.84783    
   24.8040914491449        13.85623    
   24.8144871287129        13.86463    
   24.8248828082808        13.87304    
   24.8352784878488        13.88143    
   24.8456741674167        13.88984    
   24.8560698469847        13.89825    
   24.8664655265527        13.90666    
   24.8768612061206        13.91508    
   24.8872568856886        13.92349    
   24.8976525652565        13.93190    
   24.9080482448245        13.94033    
   24.9184439243924        13.94875    
   24.9288396039604        13.95717    
   24.9392352835284        13.96560    
   24.9496309630963        13.97403    
   24.9600266426643        13.98247    
   24.9704223222322        13.99091    
   24.9808180018002        13.99932    
   24.9912136813681        14.00778    
   25.0016093609361        14.01622    
   25.0120050405041        14.02466    
   25.0224007200720        14.03310    
   25.0327963996400        14.04158    
   25.0431920792079        14.05001    
   25.0535877587759        14.05847    
   25.0639834383438        14.06692    
   25.0743791179118        14.07538    
   25.0847747974797        14.08385    
   25.0951704770477        14.09231    
   25.1055661566157        14.10079    
   25.1159618361836        14.10925    
   25.1263575157516        14.11772    
   25.1367531953195        14.12620    
   25.1471488748875        14.13468    
   25.1575445544554        14.14316    
   25.1679402340234        14.15163    
   25.1783359135914        14.16013    
   25.1887315931593        14.16861    
   25.1991272727273        14.17709    
   25.2095229522952        14.18559    
   25.2199186318632        14.19408    
   25.2303143114311        14.20257    
   25.2407099909991        14.21108    
   25.2511056705671        14.21958    
   25.2615013501350        14.22807    
   25.2718970297030        14.23659    
   25.2822927092709        14.24511    
   25.2926883888389        14.25362    
   25.3030840684068        14.26213    
   25.3134797479748        14.27064    
   25.3238754275428        14.27916    
   25.3342711071107        14.28769    
   25.3446667866787        14.29621    
   25.3550624662466        14.30474    
   25.3654581458146        14.31328    
   25.3758538253825        14.32179    
   25.3862495049505        14.33033    
   25.3966451845185        14.33886    
   25.4070408640864        14.34740    
   25.4174365436544        14.35595    
   25.4278322232223        14.36449    
   25.4382279027903        14.37304    
   25.4486235823582        14.38158    
   25.4590192619262        14.39014    
   25.4694149414942        14.39869    
   25.4798106210621        14.40724    
   25.4902063006301        14.41581    
   25.5006019801980        14.42437    
   25.5109976597660        14.43293    
   25.5213933393339        14.44150    
   25.5317890189019        14.45006    
   25.5421846984698        14.45864    
   25.5525803780378        14.46721    
   25.5629760576058        14.47579    
   25.5733717371737        14.48436    
   25.5837674167417        14.49295    
   25.5941630963096        14.50153    
   25.6045587758776        14.51011    
   25.6149544554455        14.51869    
   25.6253501350135        14.52729    
   25.6357458145815        14.53588    
   25.6461414941494        14.54449    
   25.6565371737174        14.55307    
   25.6669328532853        14.56169    
   25.6773285328533        14.57030    
   25.6877242124212        14.57889    
   25.6981198919892        14.58750    
   25.7085155715572        14.59612    
   25.7189112511251        14.60472    
   25.7293069306931        14.61333    
   25.7397026102610        14.62196    
   25.7500982898290        14.63058    
   25.7604939693969        14.63919    
   25.7708896489649        14.64784    
   25.7812853285329        14.65645    
   25.7916810081008        14.66508    
   25.8020766876688        14.67373    
   25.8124723672367        14.68235    
   25.8228680468047        14.69100    
   25.8332637263726        14.69963    
   25.8436594059406        14.70829    
   25.8540550855086        14.71692    
   25.8644507650765        14.72557    
   25.8748464446445        14.73423    
   25.8852421242124        14.74288    
   25.8956378037804        14.75154    
   25.9060334833483        14.76018    
   25.9164291629163        14.76885    
   25.9268248424842        14.77751    
   25.9372205220522        14.78617    
   25.9476162016202        14.79485    
   25.9580118811881        14.80351    
   25.9684075607561        14.81218    
   25.9788032403240        14.82086    
   25.9891989198920        14.82955    
   25.9995945994599        14.83821    
   26.0099902790279        14.84690    
   26.0203859585959        14.85559    
   26.0307816381638        14.86427    
   26.0411773177318        14.87297    
   26.0515729972997        14.88166    
   26.0619686768677        14.89036    
   26.0723643564356        14.89905    
   26.0827600360036        14.90775    
   26.0931557155716        14.91646    
   26.1035513951395        14.92515    
   26.1139470747075        14.93387    
   26.1243427542754        14.94258    
   26.1347384338434        14.95128    
   26.1451341134113        14.96001    
   26.1555297929793        14.96871    
   26.1659254725473        14.97744    
   26.1763211521152        14.98616    
   26.1867168316832        14.99489    
   26.1971125112511        15.00362    
   26.2075081908191        15.01234    
   26.2179038703870        15.02108    
   26.2282995499550        15.02981    
   26.2386952295230        15.03855    
   26.2490909090909        15.04730    
   26.2594865886589        15.05603    
   26.2698822682268        15.06477    
   26.2802779477948        15.07352    
   26.2906736273627        15.08228    
   26.3010693069307        15.09103    
   26.3114649864986        15.09978    
   26.3218606660666        15.10854    
   26.3322563456346        15.11729    
   26.3426520252025        15.12606    
   26.3530477047705        15.13484    
   26.3634433843384        15.14360    
   26.3738390639064        15.15237    
   26.3842347434743        15.16113    
   26.3946304230423        15.16991    
   26.4050261026103        15.17869    
   26.4154217821782        15.18746    
   26.4258174617462        15.19625    
   26.4362131413141        15.20503    
   26.4466088208821        15.21383    
   26.4570045004500        15.22262    
   26.4674001800180        15.23139    
   26.4777958595860        15.24020    
   26.4881915391539        15.24899    
   26.4985872187219        15.25779    
   26.5089828982898        15.26659    
   26.5193785778578        15.27540    
   26.5297742574257        15.28420    
   26.5401699369937        15.29301    
   26.5505656165617        15.30183    
   26.5609612961296        15.31064    
   26.5713569756976        15.31946    
   26.5817526552655        15.32830    
   26.5921483348335        15.33710    
   26.6025440144014        15.34593    
   26.6129396939694        15.35476    
   26.6233353735374        15.36358    
   26.6337310531053        15.37241    
   26.6441267326733        15.38125    
   26.6545224122412        15.39009    
   26.6649180918092        15.39892    
   26.6753137713771        15.40777    
   26.6857094509451        15.41662    
   26.6961051305131        15.42546    
   26.7065008100810        15.43431    
   26.7168964896490        15.44316    
   26.7272921692169        15.45201    
   26.7376878487849        15.46087    
   26.7480835283528        15.46974    
   26.7584792079208        15.47860    
   26.7688748874887        15.48746    
   26.7792705670567        15.49633    
   26.7896662466247        15.50519    
   26.8000619261926        15.51407    
   26.8104576057606        15.52295    
   26.8208532853285        15.53182    
   26.8312489648965        15.54071    
   26.8416446444644        15.54959    
   26.8520403240324        15.55847    
   26.8624360036004        15.56736    
   26.8728316831683        15.57625    
   26.8832273627363        15.58513    
   26.8936230423042        15.59403    
   26.9040187218722        15.60292    
   26.9144144014401        15.61182    
   26.9248100810081        15.62073    
   26.9352057605761        15.62963    
   26.9456014401440        15.63854    
   26.9559971197120        15.64745    
   26.9663927992799        15.65637    
   26.9767884788479        15.66528    
   26.9871841584158        15.67421    
   26.9975798379838        15.68312    
   27.0079755175518        15.69204    
   27.0183711971197        15.70096    
   27.0287668766877        15.70989    
   27.0391625562556        15.71880    
   27.0495582358236        15.72775    
   27.0599539153915        15.73667    
   27.0703495949595        15.74561    
   27.0807452745275        15.75456    
   27.0911409540954        15.76351    
   27.1015366336634        15.77245    
   27.1119323132313        15.78139    
   27.1223279927993        15.79034    
   27.1327236723672        15.79929    
   27.1431193519352        15.80824    
   27.1535150315032        15.81721    
   27.1639107110711        15.82616    
   27.1743063906391        15.83512    
   27.1847020702070        15.84410    
   27.1950977497750        15.85307    
   27.2054934293429        15.86204    
   27.2158891089109        15.87100    
   27.2262847884788        15.87998    
   27.2366804680468        15.88896    
   27.2470761476148        15.89793    
   27.2574718271827        15.90692    
   27.2678675067507        15.91590    
   27.2782631863186        15.92489    
   27.2886588658866        15.93388    
   27.2990545454545        15.94286    
   27.3094502250225        15.95187    
   27.3198459045905        15.96086    
   27.3302415841584        15.96987    
   27.3406372637264        15.97886    
   27.3510329432943        15.98786    
   27.3614286228623        15.99688    
   27.3718243024302        16.00589    
   27.3822199819982        16.01489    
   27.3926156615662        16.02390    
   27.4030113411341        16.03293    
   27.4134070207021        16.04194    
   27.4238027002700        16.05098    
   27.4341983798380        16.05999    
   27.4445940594059        16.06903    
   27.4549897389739        16.07806    
   27.4653854185419        16.08708    
   27.4757810981098        16.09612    
   27.4861767776778        16.10515    
   27.4965724572457        16.11419    
   27.5069681368137        16.12325    
   27.5173638163816        16.13229    
   27.5277594959496        16.14133    
   27.5381551755176        16.15039    
   27.5485508550855        16.15944    
   27.5589465346535        16.16850    
   27.5693422142214        16.17753    
   27.5797378937894        16.18660    
   27.5901335733573        16.19566    
   27.6005292529253        16.20473    
   27.6109249324933        16.21381    
   27.6213206120612        16.22288    
   27.6317162916292        16.23195    
   27.6421119711971        16.24102    
   27.6525076507651        16.25009    
   27.6629033303330        16.25919    
   27.6732990099010        16.26825    
   27.6836946894689        16.27734    
   27.6940903690369        16.28644    
   27.7044860486049        16.29552    
   27.7148817281728        16.30460    
   27.7252774077408        16.31372    
   27.7356730873087        16.32281    
   27.7460687668767        16.33191    
   27.7564644464446        16.34101    
   27.7668601260126        16.35011    
   27.7772558055806        16.35922    
   27.7876514851485        16.36835    
   27.7980471647165        16.37745    
   27.8084428442844        16.38655    
   27.8188385238524        16.39568    
   27.8292342034203        16.40480    
   27.8396298829883        16.41392    
   27.8500255625563        16.42303    
   27.8604212421242        16.43217    
   27.8708169216922        16.44131    
   27.8812126012601        16.45045    
   27.8916082808281        16.45957    
   27.9020039603960        16.46870    
   27.9123996399640        16.47785    
   27.9227953195320        16.48699    
   27.9331909990999        16.49615    
   27.9435866786679        16.50529    
   27.9539823582358        16.51443    
   27.9643780378038        16.52359    
   27.9747737173717        16.53274    
   27.9851693969397        16.54190    
   27.9955650765077        16.55107    
   28.0059607560756        16.56022    
   28.0163564356436        16.56939    
   28.0267521152115        16.57857    
   28.0371477947795        16.58774    
   28.0475434743474        16.59690    
   28.0579391539154        16.60609    
   28.0683348334833        16.61526    
   28.0787305130513        16.62444    
   28.0891261926193        16.63363    
   28.0995218721872        16.64281    
   28.1099175517552        16.65199    
   28.1203132313231        16.66120    
   28.1307089108911        16.67037    
   28.1411045904590        16.67959    
   28.1515002700270        16.68878    
   28.1618959495950        16.69799    
   28.1722916291629        16.70717    
   28.1826873087309        16.71638    
   28.1930829882988        16.72559    
   28.2034786678668        16.73481    
   28.2138743474347        16.74401    
   28.2242700270027        16.75322    
   28.2346657065707        16.76246    
   28.2450613861386        16.77166    
   28.2554570657066        16.78090    
   28.2658527452745        16.79012    
   28.2762484248425        16.79933    
   28.2866441044104        16.80859    
   28.2970397839784        16.81781    
   28.3074354635464        16.82705    
   28.3178311431143        16.83629    
   28.3282268226823        16.84554    
   28.3386225022502        16.85478    
   28.3490181818182        16.86402    
   28.3594138613861        16.87327    
   28.3698095409541        16.88253    
   28.3802052205221        16.89179    
   28.3906009000900        16.90103    
   28.4009965796580        16.91029    
   28.4113922592259        16.91953    
   28.4217879387939        16.92882    
   28.4321836183618        16.93809    
   28.4425792979298        16.94734    
   28.4529749774977        16.95662    
   28.4633706570657        16.96591    
   28.4737663366337        16.97518    
   28.4841620162016        16.98445    
   28.4945576957696        16.99372    
   28.5049533753375        17.00301    
   28.5153490549055        17.01230    
   28.5257447344734        17.02159    
   28.5361404140414        17.03088    
   28.5465360936094        17.04018    
   28.5569317731773        17.04948    
   28.5673274527453        17.05878    
   28.5777231323132        17.06809    
   28.5881188118812        17.07739    
   28.5985144914491        17.08668    
   28.6089101710171        17.09601    
   28.6193058505851        17.10531    
   28.6297015301530        17.11462    
   28.6400972097210        17.12395    
   28.6504928892889        17.13326    
   28.6608885688569        17.14260    
   28.6712842484248        17.15191    
   28.6816799279928        17.16123    
   28.6920756075608        17.17057    
   28.7024712871287        17.17991    
   28.7128669666967        17.18923    
   28.7232626462646        17.19858    
   28.7336583258326        17.20792    
   28.7440540054005        17.21725    
   28.7544496849685        17.22660    
   28.7648453645365        17.23594    
   28.7752410441044        17.24531    
   28.7856367236724        17.25464    
   28.7960324032403        17.26400    
   28.8064280828083        17.27337    
   28.8168237623762        17.28272    
   28.8272194419442        17.29209    
   28.8376151215122        17.30145    
   28.8480108010801        17.31082    
   28.8584064806481        17.32018    
   28.8688021602160        17.32957    
   28.8791978397840        17.33891    
   28.8895935193519        17.34832    
   28.8999891989199        17.35769    
   28.9103848784879        17.36707    
   28.9207805580558        17.37646    
   28.9311762376238        17.38583    
   28.9415719171917        17.39524    
   28.9519675967597        17.40463    
   28.9623632763276        17.41403    
   28.9727589558956        17.42344    
   28.9831546354635        17.43282    
   28.9935503150315        17.44222    
   29.0039459945995        17.45163    
   29.0143416741674        17.46105    
   29.0247373537354        17.47045    
   29.0351330333033        17.47986    
   29.0455287128713        17.48929    
   29.0559243924392        17.49871    
   29.0663200720072        17.50813    
   29.0767157515752        17.51756    
   29.0871114311431        17.52697    
   29.0975071107111        17.53640    
   29.1079027902790        17.54584    
   29.1182984698470        17.55526    
   29.1286941494149        17.56469    
   29.1390898289829        17.57415    
   29.1494855085509        17.58357    
   29.1598811881188        17.59305    
   29.1702768676868        17.60247    
   29.1806725472547        17.61191    
   29.1910682268227        17.62138    
   29.2014639063906        17.63084    
   29.2118595859586        17.64028    
   29.2222552655266        17.64975    
   29.2326509450945        17.65921    
   29.2430466246625        17.66866    
   29.2534423042304        17.67813    
   29.2638379837984        17.68760    
   29.2742336633663        17.69707    
   29.2846293429343        17.70655    
   29.2950250225023        17.71604    
   29.3054207020702        17.72550    
   29.3158163816382        17.73499    
   29.3262120612061        17.74447    
   29.3366077407741        17.75395    
   29.3470034203420        17.76345    
   29.3573990999100        17.77295    
   29.3677947794779        17.78243    
   29.3781904590459        17.79194    
   29.3885861386139        17.80142    
   29.3989818181818        17.81093    
   29.4093774977498        17.82044    
   29.4197731773177        17.82995    
   29.4301688568857        17.83944    
   29.4405645364536        17.84896    
   29.4509602160216        17.85848    
   29.4613558955896        17.86799    
   29.4717515751575        17.87753    
   29.4821472547255        17.88704    
   29.4925429342934        17.89655    
   29.5029386138614        17.90611    
   29.5133342934293        17.91563    
   29.5237299729973        17.92517    
   29.5341256525653        17.93468    
   29.5445213321332        17.94423    
   29.5549170117012        17.95375    
   29.5653126912691        17.96332    
   29.5757083708371        17.97287    
   29.5861040504050        17.98241    
   29.5964997299730        17.99197    
   29.6068954095410        18.00151    
   29.6172910891089        18.01107    
   29.6276867686769        18.02063    
   29.6380824482448        18.03018    
   29.6484781278128        18.03975    
   29.6588738073807        18.04933    
   29.6692694869487        18.05888    
   29.6796651665167        18.06845    
   29.6900608460846        18.07803    
   29.7004565256526        18.08758    
   29.7108522052205        18.09717    
   29.7212478847885        18.10677    
   29.7316435643564        18.11635    
   29.7420392439244        18.12592    
   29.7524349234923        18.13554    
   29.7628306030603        18.14511    
   29.7732262826283        18.15471    
   29.7836219621962        18.16433    
   29.7940176417642        18.17390    
   29.8044133213321        18.18350    
   29.8148090009001        18.19313    
   29.8252046804680        18.20273    
   29.8356003600360        18.21232    
   29.8459960396040        18.22193    
   29.8563917191719        18.23156    
   29.8667873987399        18.24117    
   29.8771830783078        18.25080    
   29.8875787578758        18.26041    
   29.8979744374437        18.27002    
   29.9083701170117        18.27966    
   29.9187657965797        18.28929    
   29.9291614761476        18.29892    
   29.9395571557156        18.30857    
   29.9499528352835        18.31820    
   29.9603485148515        18.32782    
   29.9707441944194        18.33749    
   29.9811398739874        18.34714    
   29.9915355535554        18.35675    
   30.0019312331233        18.36643    
   30.0123269126913        18.37607    
   30.0227225922592        18.38572    
   30.0331182718272        18.39539    
   30.0435139513951        18.40504    
   30.0539096309631        18.41468    
   30.0643053105311        18.42436    
   30.0747009900990        18.43405    
   30.0850966696670        18.44371    
   30.0954923492349        18.45338    
   30.1058880288029        18.46307    
   30.1162837083708        18.47273    
   30.1266793879388        18.48241    
   30.1370750675067        18.49210    
   30.1474707470747        18.50178    
   30.1578664266427        18.51147    
   30.1682621062106        18.52116    
   30.1786577857786        18.53088    
   30.1890534653465        18.54055    
   30.1994491449145        18.55026    
   30.2098448244824        18.55994    
   30.2202405040504        18.56965    
   30.2306361836184        18.57937    
   30.2410318631863        18.58907    
   30.2514275427543        18.59878    
   30.2618232223222        18.60849    
   30.2722189018902        18.61822    
   30.2826145814581        18.62793    
   30.2930102610261        18.63767    
   30.3034059405941        18.64738    
   30.3138016201620        18.65709    
   30.3241972997300        18.66684    
   30.3345929792979        18.67656    
   30.3449886588659        18.68630    
   30.3553843384338        18.69605    
   30.3657800180018        18.70577    
   30.3761756975698        18.71550    
   30.3865713771377        18.72527    
   30.3969670567057        18.73502    
   30.4073627362736        18.74475    
   30.4177584158416        18.75452    
   30.4281540954095        18.76426    
   30.4385497749775        18.77403    
   30.4489454545455        18.78379    
   30.4593411341134        18.79354    
   30.4697368136814        18.80331    
   30.4801324932493        18.81307    
   30.4905281728173        18.82286    
   30.5009238523852        18.83261    
   30.5113195319532        18.84240    
   30.5217152115212        18.85217    
   30.5321108910891        18.86195    
   30.5425065706571        18.87175    
   30.5529022502250        18.88152    
   30.5632979297930        18.89132    
   30.5736936093609        18.90108    
   30.5840892889289        18.91088    
   30.5944849684969        18.92069    
   30.6048806480648        18.93050    
   30.6152763276328        18.94029    
   30.6256720072007        18.95008    
   30.6360676867687        18.95990    
   30.6464633663366        18.96971    
   30.6568590459046        18.97953    
   30.6672547254725        18.98934    
   30.6776504050405        18.99914    
   30.6880460846085        19.00896    
   30.6984417641764        19.01879    
   30.7088374437444        19.02862    
   30.7192331233123        19.03845    
   30.7296288028803        19.04827    
   30.7400244824482        19.05810    
   30.7504201620162        19.06793    
   30.7608158415842        19.07777    
   30.7712115211521        19.08761    
   30.7816072007201        19.09745    
   30.7920028802880        19.10730    
   30.8023985598560        19.11715    
   30.8127942394239        19.12700    
   30.8231899189919        19.13684    
   30.8335855985599        19.14671    
   30.8439812781278        19.15654    
   30.8543769576958        19.16641    
   30.8647726372637        19.17628    
   30.8751683168317        19.18613    
   30.8855639963996        19.19601    
   30.8959596759676        19.20588    
   30.9063553555356        19.21575    
   30.9167510351035        19.22564    
   30.9271467146715        19.23552    
   30.9375423942394        19.24540    
   30.9479380738074        19.25525    
   30.9583337533753        19.26517    
   30.9687294329433        19.27506    
   30.9791251125113        19.28494    
   30.9895207920792        19.29484    
   30.9999164716472        19.30473    
   31.0103121512151        19.31460    
   31.0207078307831        19.32451    
   31.0311035103510        19.33444    
   31.0414991899190        19.34435    
   31.0518948694870        19.35424    
   31.0622905490549        19.36416    
   31.0726862286229        19.37407    
   31.0830819081908        19.38398    
   31.0934775877588        19.39391    
   31.1038732673267        19.40381    
   31.1142689468947        19.41374    
   31.1246646264626        19.42368    
   31.1350603060306        19.43360    
   31.1454559855986        19.44353    
   31.1558516651665        19.45347    
   31.1662473447345        19.46341    
   31.1766430243024        19.47335    
   31.1870387038704        19.48330    
   31.1974343834383        19.49325    
   31.2078300630063        19.50318    
   31.2182257425743        19.51312    
   31.2286214221422        19.52309    
   31.2390171017102        19.53304    
   31.2494127812781        19.54300    
   31.2598084608461        19.55296    
   31.2702041404140        19.56291    
   31.2805998199820        19.57288    
   31.2909954995500        19.58284    
   31.3013911791179        19.59282    
   31.3117868586859        19.60281    
   31.3221825382538        19.61277    
   31.3325782178218        19.62274    
   31.3429738973897        19.63272    
   31.3533695769577        19.64272    
   31.3637652565257        19.65269    
   31.3741609360936        19.66269    
   31.3845566156616        19.67269    
   31.3949522952295        19.68266    
   31.4053479747975        19.69266    
   31.4157436543654        19.70267    
   31.4261393339334        19.71267    
   31.4365350135014        19.72267    
   31.4469306930693        19.73269    
   31.4573263726373        19.74270    
   31.4677220522052        19.75268    
   31.4781177317732        19.76272    
   31.4885134113411        19.77274    
   31.4989090909091        19.78275    
   31.5093047704770        19.79277    
   31.5197004500450        19.80281    
   31.5300961296130        19.81281    
   31.5404918091809        19.82285    
   31.5508874887489        19.83287    
   31.5612831683168        19.84294    
   31.5716788478848        19.85295    
   31.5820745274527        19.86301    
   31.5924702070207        19.87303    
   31.6028658865887        19.88309    
   31.6132615661566        19.89314    
   31.6236572457246        19.90318    
   31.6340529252925        19.91324    
   31.6444486048605        19.92331    
   31.6548442844284        19.93336    
   31.6652399639964        19.94341    
   31.6756356435644        19.95349    
   31.6860313231323        19.96355    
   31.6964270027003        19.97361    
   31.7068226822682        19.98371    
   31.7172183618362        19.99375    
   31.7276140414041        20.00384    
   31.7380097209721        20.01392    
   31.7484054005401        20.02400    
   31.7588010801080        20.03409    
   31.7691967596760        20.04416    
   31.7795924392439        20.05427    
   31.7899881188119        20.06433    
   31.8003837983798        20.07445    
   31.8107794779478        20.08454    
   31.8211751575158        20.09464    
   31.8315708370837        20.10473    
   31.8419665166517        20.11485    
   31.8523621962196        20.12496    
   31.8627578757876        20.13506    
   31.8731535553555        20.14518    
   31.8835492349235        20.15528    
   31.8939449144914        20.16540    
   31.9043405940594        20.17552    
   31.9147362736274        20.18564    
   31.9251319531953        20.19577    
   31.9355276327633        20.20589    
   31.9459233123312        20.21602    
   31.9563189918992        20.22615    
   31.9667146714671        20.23629    
   31.9771103510351        20.24642    
   31.9875060306031        20.25657    
   31.9979017101710        20.26670    
   32.0082973897390        20.27686    
   32.0186930693069        20.28699    
   32.0290887488749        20.29717    
   32.0394844284428        20.30731    
   32.0498801080108        20.31746    
   32.0602757875788        20.32761    
   32.0706714671467        20.33779    
   32.0810671467147        20.34795    
   32.0914628262826        20.35812    
   32.1018585058506        20.36829    
   32.1122541854185        20.37846    
   32.1226498649865        20.38861    
   32.1330455445545        20.39882    
   32.1434412241224        20.40899    
   32.1538369036904        20.41917    
   32.1642325832583        20.42934    
   32.1746282628263        20.43954    
   32.1850239423942        20.44974    
   32.1954196219622        20.45991    
   32.2058153015302        20.47012    
   32.2162109810981        20.48032    
   32.2266066606661        20.49051    
   32.2370023402340        20.50072    
   32.2473980198020        20.51092    
   32.2577936993699        20.52114    
   32.2681893789379        20.53136    
   32.2785850585059        20.54157    
   32.2889807380738        20.55177    
   32.2993764176418        20.56199    
   32.3097720972097        20.57222    
   32.3201677767777        20.58245    
   32.3305634563456        20.59267    
   32.3409591359136        20.60290    
   32.3513548154815        20.61312    
   32.3617504950495        20.62336    
   32.3721461746175        20.63361    
   32.3825418541854        20.64384    
   32.3929375337534        20.65409    
   32.4033332133213        20.66433    
   32.4137288928893        20.67459    
   32.4241245724572        20.68481    
   32.4345202520252        20.69507    
   32.4449159315932        20.70533    
   32.4553116111611        20.71559    
   32.4657072907291        20.72584    
   32.4761029702970        20.73611    
   32.4864986498650        20.74636    
   32.4968943294329        20.75664    
   32.5072900090009        20.76691    
   32.5176856885689        20.77718    
   32.5280813681368        20.78745    
   32.5384770477048        20.79774    
   32.5488727272727        20.80801    
   32.5592684068407        20.81830    
   32.5696640864086        20.82859    
   32.5800597659766        20.83887    
   32.5904554455446        20.84916    
   32.6008511251125        20.85946    
   32.6112468046805        20.86977    
   32.6216424842484        20.88006    
   32.6320381638164        20.89035    
   32.6424338433843        20.90066    
   32.6528295229523        20.91096    
   32.6632252025203        20.92128    
   32.6736208820882        20.93160    
   32.6840165616562        20.94191    
   32.6944122412241        20.95221    
   32.7048079207921        20.96254    
   32.7152036003600        20.97286    
   32.7255992799280        20.98318    
   32.7359949594959        20.99353    
   32.7463906390639        21.00383    
   32.7567863186319        21.01419    
   32.7671819981998        21.02451    
   32.7775776777678        21.03485    
   32.7879733573357        21.04520    
   32.7983690369037        21.05554    
   32.8087647164717        21.06587    
   32.8191603960396        21.07623    
   32.8295560756076        21.08657    
   32.8399517551755        21.09694    
   32.8503474347435        21.10730    
   32.8607431143114        21.11763    
   32.8711387938794        21.12801    
   32.8815344734473        21.13836    
   32.8919301530153        21.14872    
   32.9023258325833        21.15910    
   32.9127215121512        21.16948    
   32.9231171917192        21.17985    
   32.9335128712871        21.19022    
   32.9439085508551        21.20061    
   32.9543042304230        21.21101    
   32.9646999099910        21.22139    
   32.9750955895590        21.23177    
   32.9854912691269        21.24215    
   32.9958869486949        21.25254    
   33.0062826282628        21.26293    
   33.0166783078308        21.27335    
   33.0270739873987        21.28375    
   33.0374696669667        21.29415    
   33.0478653465347        21.30454    
   33.0582610261026        21.31496    
   33.0686567056706        21.32537    
   33.0790523852385        21.33577    
   33.0894480648065        21.34619    
   33.0998437443744        21.35661    
   33.1102394239424        21.36703    
   33.1206351035104        21.37746    
   33.1310307830783        21.38788    
   33.1414264626463        21.39831    
   33.1518221422142        21.40874    
   33.1622178217822        21.41919    
   33.1726135013501        21.42960    
   33.1830091809181        21.44007    
   33.1934048604860        21.45048    
   33.2038005400540        21.46095    
   33.2141962196220        21.47138    
   33.2245918991899        21.48184    
   33.2349875787579        21.49228    
   33.2453832583258        21.50274    
   33.2557789378938        21.51320    
   33.2661746174617        21.52365    
   33.2765702970297        21.53412    
   33.2869659765977        21.54457    
   33.2973616561656        21.55506    
   33.3077573357336        21.56553    
   33.3181530153015        21.57601    
   33.3285486948695        21.58647    
   33.3389443744374        21.59695    
   33.3493400540054        21.60743    
   33.3597357335734        21.61794    
   33.3701314131413        21.62839    
   33.3805270927093        21.63890    
   33.3909227722772        21.64938    
   33.4013184518452        21.65989    
   33.4117141314131        21.67037    
   33.4221098109811        21.68087    
   33.4325054905491        21.69138    
   33.4429011701170        21.70188    
   33.4532968496850        21.71239    
   33.4636925292529        21.72290    
   33.4740882088209        21.73339    
   33.4844838883888        21.74392    
   33.4948795679568        21.75446    
   33.5052752475248        21.76496    
   33.5156709270927        21.77549    
   33.5260666066607        21.78601    
   33.5364622862286        21.79654    
   33.5468579657966        21.80706    
   33.5572536453645        21.81760    
   33.5676493249325        21.82813    
   33.5780450045005        21.83868    
   33.5884406840684        21.84921    
   33.5988363636364        21.85975    
   33.6092320432043        21.87030    
   33.6196277227723        21.88086    
   33.6300234023402        21.89141    
   33.6404190819082        21.90197    
   33.6508147614761        21.91252    
   33.6612104410441        21.92308    
   33.6716061206121        21.93364    
   33.6820018001800        21.94419    
   33.6923974797480        21.95477    
   33.7027931593159        21.96534    
   33.7131888388839        21.97591    
   33.7235845184518        21.98648    
   33.7339801980198        21.99705    
   33.7443758775878        22.00764    
   33.7547715571557        22.01823    
   33.7651672367237        22.02882    
   33.7755629162916        22.03942    
   33.7859585958596        22.04997    
   33.7963542754275        22.06058    
   33.8067499549955        22.07120    
   33.8171456345635        22.08179    
   33.8275413141314        22.09239    
   33.8379369936994        22.10298    
   33.8483326732673        22.11357    
   33.8587283528353        22.12419    
   33.8691240324032        22.13480    
   33.8795197119712        22.14542    
   33.8899153915392        22.15602    
   33.9003110711071        22.16667    
   33.9107067506751        22.17728    
   33.9211024302430        22.18791    
   33.9314981098110        22.19852    
   33.9418937893789        22.20919    
   33.9522894689469        22.21981    
   33.9626851485149        22.23044    
   33.9730808280828        22.24107    
   33.9834765076508        22.25172    
   33.9938721872187        22.26236    
   34.0042678667867        22.27301    
   34.0146635463546        22.28366    
   34.0250592259226        22.29430    
   34.0354549054905        22.30496    
   34.0458505850585        22.31561    
   34.0562462646265        22.32629    
   34.0666419441944        22.33693    
   34.0770376237624        22.34760    
   34.0874333033303        22.35827    
   34.0978289828983        22.36892    
   34.1082246624662        22.37959    
   34.1186203420342        22.39029    
   34.1290160216022        22.40095    
   34.1394117011701        22.41163    
   34.1498073807381        22.42231    
   34.1602030603060        22.43300    
   34.1705987398740        22.44370    
   34.1809944194419        22.45438    
   34.1913900990099        22.46509    
   34.2017857785779        22.47577    
   34.2121814581458        22.48648    
   34.2225771377138        22.49716    
   34.2329728172817        22.50787    
   34.2433684968497        22.51857    
   34.2537641764176        22.52930    
   34.2641598559856        22.54000    
   34.2745555355536        22.55072    
   34.2849512151215        22.56141    
   34.2953468946895        22.57215    
   34.3057425742574        22.58288    
   34.3161382538254        22.59360    
   34.3265339333933        22.60433    
   34.3369296129613        22.61508    
   34.3473252925293        22.62579    
   34.3577209720972        22.63651    
   34.3681166516652        22.64725    
   34.3785123312331        22.65800    
   34.3889080108011        22.66872    
   34.3993036903690        22.67949    
   34.4096993699370        22.69024    
   34.4200950495050        22.70097    
   34.4304907290729        22.71173    
   34.4408864086409        22.72250    
   34.4512820882088        22.73325    
   34.4616777677768        22.74401    
   34.4720734473447        22.75478    
   34.4824691269127        22.76555    
   34.4928648064806        22.77630    
   34.5032604860486        22.78708    
   34.5136561656166        22.79785    
   34.5240518451845        22.80863    
   34.5344475247525        22.81941    
   34.5448432043204        22.83017    
   34.5552388838884        22.84098    
   34.5656345634563        22.85175    
   34.5760302430243        22.86255    
   34.5864259225923        22.87335    
   34.5968216021602        22.88415    
   34.6072172817282        22.89494    
   34.6176129612961        22.90573    
   34.6280086408641        22.91653    
   34.6384043204320        22.92735    
   34.6488000000000        22.93815    
   34.6591956795680        22.94896    
   34.6695913591359        22.95978    
   34.6799870387039        22.97059    
   34.6903827182718        22.98143    
   34.7007783978398        22.99222    
   34.7111740774077        23.00307    
   34.7215697569757        23.01389    
   34.7319654365437        23.02473    
   34.7423611161116        23.03553    
   34.7527567956796        23.04638    
   34.7631524752475        23.05722    
   34.7735481548155        23.06808    
   34.7839438343834        23.07891    
   34.7943395139514        23.08975    
   34.8047351935194        23.10061    
   34.8151308730873        23.11144    
   34.8255265526553        23.12231    
   34.8359222322232        23.13316    
   34.8463179117912        23.14402    
   34.8567135913591        23.15488    
   34.8671092709271        23.16576    
   34.8775049504951        23.17660    
   34.8879006300630        23.18747    
   34.8982963096310        23.19835    
   34.9086919891989        23.20923    
   34.9190876687669        23.22009    
   34.9294833483348        23.23099    
   34.9398790279028        23.24184    
   34.9502747074707        23.25275    
   34.9606703870387        23.26363    
   34.9710660666067        23.27453    
   34.9814617461746        23.28543    
   34.9918574257426        23.29630    
   35.0022531053105        23.30722    
   35.0126487848785        23.31810    
   35.0230444644464        23.32901    
   35.0334401440144        23.33991    
   35.0438358235824        23.35080    
   35.0542315031503        23.36172    
   35.0646271827183        23.37266    
   35.0750228622862        23.38356    
   35.0854185418542        23.39449    
   35.0958142214221        23.40541    
   35.1062099009901        23.41635    
   35.1166055805581        23.42725    
   35.1270012601260        23.43815    
   35.1373969396940        23.44911    
   35.1477926192619        23.46006    
   35.1581882988299        23.47099    
   35.1685839783978        23.48192    
   35.1789796579658        23.49287    
   35.1893753375338        23.50381    
   35.1997710171017        23.51477    
   35.2101666966697        23.52568    
   35.2205623762376        23.53667    
   35.2309580558056        23.54763    
   35.2413537353735        23.55859    
   35.2517494149415        23.56954    
   35.2621450945094        23.58052    
   35.2725407740774        23.59149    
   35.2829364536454        23.60244    
   35.2933321332133        23.61341    
   35.3037278127813        23.62441    
   35.3141234923492        23.63536    
   35.3245191719172        23.64636    
   35.3349148514852        23.65734    
   35.3453105310531        23.66831    
   35.3557062106211        23.67931    
   35.3661018901890        23.69029    
   35.3764975697570        23.70129    
   35.3868932493249        23.71228    
   35.3972889288929        23.72331    
   35.4076846084608        23.73428    
   35.4180802880288        23.74527    
   35.4284759675968        23.75627    
   35.4388716471647        23.76731    
   35.4492673267327        23.77832    
   35.4596630063006        23.78931    
   35.4700586858686        23.80036    
   35.4804543654365        23.81137    
   35.4908500450045        23.82238    
   35.5012457245725        23.83339    
   35.5116414041404        23.84444    
   35.5220370837084        23.85548    
   35.5324327632763        23.86649    
   35.5428284428443        23.87752    
   35.5532241224122        23.88858    
   35.5636198019802        23.89960    
   35.5740154815482        23.91064    
   35.5844111611161        23.92169    
   35.5948068406841        23.93277    
   35.6052025202520        23.94380    
   35.6155981998200        23.95482    
   35.6259938793879        23.96591    
   35.6363895589559        23.97697    
   35.6467852385239        23.98801    
   35.6571809180918        23.99910    
   35.6675765976598        24.01018    
   35.6779722772277        24.02124    
   35.6883679567957        24.03229    
   35.6987636363636        24.04337    
   35.7091593159316        24.05447    
   35.7195549954995        24.06554    
   35.7299506750675        24.07661    
   35.7403463546355        24.08769    
   35.7507420342034        24.09880    
   35.7611377137714        24.10989    
   35.7715333933393        24.12098    
   35.7819290729073        24.13206    
   35.7923247524752        24.14318    
   35.8027204320432        24.15427    
   35.8131161116112        24.16538    
   35.8235117911791        24.17648    
   35.8339074707471        24.18759    
   35.8443031503150        24.19871    
   35.8546988298830        24.20981    
   35.8650945094509        24.22094    
   35.8754901890189        24.23207    
   35.8858858685869        24.24317    
   35.8962815481548        24.25429    
   35.9066772277228        24.26542    
   35.9170729072907        24.27656    
   35.9274685868587        24.28770    
   35.9378642664266        24.29881    
   35.9482599459946        24.30997    
   35.9586556255626        24.32109    
   35.9690513051305        24.33223    
   35.9794469846985        24.34337    
   35.9898426642664        24.35455    
   36.0002383438344        24.36570    
   36.0106340234023        24.37686    
   36.0210297029703        24.38801    
   36.0314253825383        24.39918    
   36.0418210621062        24.41032    
   36.0522167416742        24.42149    
   36.0626124212421        24.43267    
   36.0730081008101        24.44385    
   36.0834037803780        24.45502    
   36.0937994599460        24.46618    
   36.1041951395140        24.47738    
   36.1145908190819        24.48854    
   36.1249864986499        24.49972    
   36.1353821782178        24.51091    
   36.1457778577858        24.52211    
   36.1561735373537        24.53329    
   36.1665692169217        24.54448    
   36.1769648964897        24.55567    
   36.1873605760576        24.56688    
   36.1977562556256        24.57808    
   36.2081519351935        24.58928    
   36.2185476147615        24.60049    
   36.2289432943294        24.61172    
   36.2393389738974        24.62292    
   36.2497346534653        24.63413    
   36.2601303330333        24.64535    
   36.2705260126013        24.65657    
   36.2809216921692        24.66779    
   36.2913173717372        24.67901    
   36.3017130513051        24.69025    
   36.3121087308731        24.70149    
   36.3225044104410        24.71271    
   36.3329000900090        24.72392    
   36.3432957695770        24.73519    
   36.3536914491449        24.74643    
   36.3640871287129        24.75769    
   36.3744828082808        24.76893    
   36.3848784878488        24.78019    
   36.3952741674167        24.79142    
   36.4056698469847        24.80268    
   36.4160655265527        24.81397    
   36.4264612061206        24.82521    
   36.4368568856886        24.83647    
   36.4472525652565        24.84774    
   36.4576482448245        24.85901    
   36.4680439243924        24.87028    
   36.4784396039604        24.88154    
   36.4888352835284        24.89280    
   36.4992309630963        24.90410    
   36.5096266426643        24.91540    
   36.5200223222322        24.92668    
   36.5304180018002        24.93796    
   36.5408136813681        24.94925    
   36.5512093609361        24.96052    
   36.5616050405040        24.97182    
   36.5720007200720        24.98311    
   36.5823963996400        24.99445    
   36.5927920792079        25.00574    
   36.6031877587759        25.01703    
   36.6135834383438        25.02834    
   36.6239791179118        25.03966    
   36.6343747974798        25.05098    
   36.6447704770477        25.06226    
   36.6551661566157        25.07362    
   36.6655618361836        25.08494    
   36.6759575157516        25.09626    
   36.6863531953195        25.10758    
   36.6967488748875        25.11891    
   36.7071445544554        25.13026    
   36.7175402340234        25.14155    
   36.7279359135914        25.15292    
   36.7383315931593        25.16427    
   36.7487272727273        25.17561    
   36.7591229522952        25.18693    
   36.7695186318632        25.19830    
   36.7799143114311        25.20963    
   36.7903099909991        25.22098    
   36.8007056705671        25.23235    
   36.8111013501350        25.24372    
   36.8214970297030        25.25509    
   36.8318927092709        25.26642    
   36.8422883888389        25.27779    
   36.8526840684068        25.28918    
   36.8630797479748        25.30053    
   36.8734754275428        25.31190    
   36.8838711071107        25.32332    
   36.8942667866787        25.33468    
   36.9046624662466        25.34607    
   36.9150581458146        25.35743    
   36.9254538253825        25.36884    
   36.9358495049505        25.38023    
   36.9462451845185        25.39162    
   36.9566408640864        25.40303    
   36.9670365436544        25.41445    
   36.9774322232223        25.42583    
   36.9878279027903        25.43721    
   36.9982235823582        25.44863    
   37.0086192619262        25.46003    
   37.0190149414941        25.47145    
   37.0294106210621        25.48285    
   37.0398063006301        25.49430    
   37.0502019801980        25.50572    
   37.0605976597660        25.51712    
   37.0709933393339        25.52856    
   37.0813890189019        25.53998    
   37.0917846984698        25.55141    
   37.1021803780378        25.56283    
   37.1125760576058        25.57428    
   37.1229717371737        25.58572    
   37.1333674167417        25.59715    
   37.1437630963096        25.60858    
   37.1541587758776        25.62007    
   37.1645544554455        25.63149    
   37.1749501350135        25.64297    
   37.1853458145815        25.65442    
   37.1957414941494        25.66589    
   37.2061371737174        25.67734    
   37.2165328532853        25.68879    
   37.2269285328533        25.70026    
   37.2373242124212        25.71174    
   37.2477198919892        25.72320    
   37.2581155715572        25.73468    
   37.2685112511251        25.74616    
   37.2789069306931        25.75763    
   37.2893026102610        25.76909    
   37.2996982898290        25.78058    
   37.3100939693969        25.79207    
   37.3204896489649        25.80357    
   37.3308853285329        25.81503    
   37.3412810081008        25.82658    
   37.3516766876688        25.83806    
   37.3620723672367        25.84956    
   37.3724680468047        25.86103    
   37.3828637263726        25.87256    
   37.3932594059406        25.88406    
   37.4036550855086        25.89557    
   37.4140507650765        25.90711    
   37.4244464446445        25.91864    
   37.4348421242124        25.93014    
   37.4452378037804        25.94166    
   37.4556334833483        25.95317    
   37.4660291629163        25.96471    
   37.4764248424842        25.97624    
   37.4868205220522        25.98779    
   37.4972162016202        25.99932    
   37.5076118811881        26.01085    
   37.5180075607561        26.02237    
   37.5284032403240        26.03393    
   37.5387989198920        26.04548    
   37.5491945994599        26.05702    
   37.5595902790279        26.06858    
   37.5699859585959        26.08013    
   37.5803816381638        26.09166    
   37.5907773177318        26.10322    
   37.6011729972997        26.11480    
   37.6115686768677        26.12635    
   37.6219643564356        26.13792    
   37.6323600360036        26.14951    
   37.6427557155716        26.16107    
   37.6531513951395        26.17266    
   37.6635470747075        26.18424    
   37.6739427542754        26.19584    
   37.6843384338434        26.20740    
   37.6947341134113        26.21896    
   37.7051297929793        26.23058    
   37.7155254725473        26.24218    
   37.7259211521152        26.25375    
   37.7363168316832        26.26537    
   37.7467125112511        26.27697    
   37.7571081908191        26.28855    
   37.7675038703870        26.30017    
   37.7778995499550        26.31174    
   37.7882952295230        26.32339    
   37.7986909090909        26.33500    
   37.8090865886589        26.34660    
   37.8194822682268        26.35822    
   37.8298779477948        26.36984    
   37.8402736273627        26.38145    
   37.8506693069307        26.39306    
   37.8610649864986        26.40474    
   37.8714606660666        26.41637    
   37.8818563456346        26.42800    
   37.8922520252025        26.43964    
   37.9026477047705        26.45128    
   37.9130433843384        26.46293    
   37.9234390639064        26.47454    
   37.9338347434743        26.48621    
   37.9442304230423        26.49787    
   37.9546261026103        26.50949    
   37.9650217821782        26.52116    
   37.9754174617462        26.53283    
   37.9858131413141        26.54449    
   37.9962088208821        26.55614    
   38.0066045004500        26.56780    
   38.0170001800180        26.57947    
   38.0273958595860        26.59115    
   38.0377915391539        26.60279    
   38.0481872187219        26.61452    
   38.0585828982898        26.62620    
   38.0689785778578        26.63786    
   38.0793742574257        26.64956    
   38.0897699369937        26.66124    
   38.1001656165617        26.67293    
   38.1105612961296        26.68464    
   38.1209569756976        26.69634    
   38.1313526552655        26.70803    
   38.1417483348335        26.71973    
   38.1521440144014        26.73143    
   38.1625396939694        26.74313    
   38.1729353735374        26.75485    
   38.1833310531053        26.76654    
   38.1937267326733        26.77827    
   38.2041224122412        26.78999    
   38.2145180918092        26.80171    
   38.2249137713771        26.81343    
   38.2353094509451        26.82514    
   38.2457051305131        26.83686    
   38.2561008100810        26.84862    
   38.2664964896490        26.86036    
   38.2768921692169        26.87209    
   38.2872878487849        26.88381    
   38.2976835283528        26.89557    
   38.3080792079208        26.90733    
   38.3184748874887        26.91906    
   38.3288705670567        26.93080    
   38.3392662466247        26.94255    
   38.3496619261926        26.95432    
   38.3600576057606        26.96606    
   38.3704532853285        26.97785    
   38.3808489648965        26.98960    
   38.3912446444645        27.00136    
   38.4016403240324        27.01311    
   38.4120360036004        27.02491    
   38.4224316831683        27.03667    
   38.4328273627363        27.04842    
   38.4432230423042        27.06023    
   38.4536187218722        27.07203    
   38.4640144014401        27.08381    
   38.4744100810081        27.09561    
   38.4848057605761        27.10740    
   38.4952014401440        27.11920    
   38.5055971197120        27.13095    
   38.5159927992799        27.14277    
   38.5263884788479        27.15456    
   38.5367841584158        27.16638    
   38.5471798379838        27.17817    
   38.5575755175518        27.18999    
   38.5679711971197        27.20181    
   38.5783668766877        27.21360    
   38.5887625562556        27.22543    
   38.5991582358236        27.23723    
   38.6095539153915        27.24907    
   38.6199495949595        27.26088    
   38.6303452745275        27.27271    
   38.6407409540954        27.28456    
   38.6511366336634        27.29639    
   38.6615323132313        27.30822    
   38.6719279927993        27.32007    
   38.6823236723672        27.33189    
   38.6927193519352        27.34375    
   38.7031150315032        27.35562    
   38.7135107110711        27.36744    
   38.7239063906391        27.37929    
   38.7343020702070        27.39117    
   38.7446977497750        27.40301    
   38.7550934293429        27.41484    
   38.7654891089109        27.42674    
   38.7758847884788        27.43860    
   38.7862804680468        27.45045    
   38.7966761476148        27.46232    
   38.8070718271827        27.47419    
   38.8174675067507        27.48609    
   38.8278631863186        27.49795    
   38.8382588658866        27.50984    
   38.8486545454545        27.52174    
   38.8590502250225        27.53362    
   38.8694459045905        27.54552    
   38.8798415841584        27.55740    
   38.8902372637264        27.56929    
   38.9006329432943        27.58118    
   38.9110286228623        27.59311    
   38.9214243024302        27.60500    
   38.9318199819982        27.61691    
   38.9422156615662        27.62881    
   38.9526113411341        27.64071    
   38.9630070207021        27.65264    
   38.9734027002700        27.66451    
   38.9837983798380        27.67648    
   38.9941940594059        27.68840    
   39.0045897389739        27.70031    
   39.0149854185419        27.71227    
   39.0253810981098        27.72419    
   39.0357767776778        27.73610    
   39.0461724572457        27.74807    
   39.0565681368137        27.76000    
   39.0669638163816        27.77195    
   39.0773594959496        27.78389    
   39.0877551755176        27.79580    
   39.0981508550855        27.80778    
   39.1085465346535        27.81971    
   39.1189422142214        27.83167    
   39.1293378937894        27.84364    
   39.1397335733573        27.85558    
   39.1501292529253        27.86753    
   39.1605249324933        27.87953    
   39.1709206120612        27.89150    
   39.1813162916292        27.90346    
   39.1917119711971        27.91545    
   39.2021076507651        27.92741    
   39.2125033303330        27.93938    
   39.2228990099010        27.95139    
   39.2332946894689        27.96336    
   39.2436903690369        27.97536    
   39.2540860486049        27.98733    
   39.2644817281728        27.99933    
   39.2748774077408        28.01131    
   39.2852730873087        28.02329    
   39.2956687668767        28.03530    
   39.3060644464446        28.04730    
   39.3164601260126        28.05931    
   39.3268558055806        28.07133    
   39.3372514851485        28.08336    
   39.3476471647165        28.09537    
   39.3580428442844        28.10738    
   39.3684385238524        28.11940    
   39.3788342034203        28.13142    
   39.3892298829883        28.14344    
   39.3996255625563        28.15546    
   39.4100212421242        28.16751    
   39.4204169216922        28.17952    
   39.4308126012601        28.19159    
   39.4412082808281        28.20361    
   39.4516039603960        28.21567    
   39.4619996399640        28.22765    
   39.4723953195320        28.23973    
   39.4827909990999        28.25178    
   39.4931866786679        28.26382    
   39.5035823582358        28.27591    
   39.5139780378038        28.28795    
   39.5243737173717        28.30001    
   39.5347693969397        28.31207    
   39.5451650765077        28.32415    
   39.5555607560756        28.33621    
   39.5659564356436        28.34827    
   39.5763521152115        28.36036    
   39.5867477947795        28.37243    
   39.5971434743474        28.38452    
   39.6075391539154        28.39658    
   39.6179348334833        28.40870    
   39.6283305130513        28.42075    
   39.6387261926193        28.43285    
   39.6491218721872        28.44493    
   39.6595175517552        28.45704    
   39.6699132313231        28.46914    
   39.6803089108911        28.48126    
   39.6907045904590        28.49335    
   39.7011002700270        28.50545    
   39.7114959495950        28.51758    
   39.7218916291629        28.52968    
   39.7322873087309        28.54176    
   39.7426829882988        28.55389    
   39.7530786678668        28.56602    
   39.7634743474347        28.57817    
   39.7738700270027        28.59023    
   39.7842657065707        28.60239    
   39.7946613861386        28.61452    
   39.8050570657066        28.62665    
   39.8154527452745        28.63879    
   39.8258484248425        28.65095    
   39.8362441044104        28.66307    
   39.8466397839784        28.67523    
   39.8570354635464        28.68739    
   39.8674311431143        28.69953    
   39.8778268226823        28.71168    
   39.8882225022502        28.72384    
   39.8986181818182        28.73598    
   39.9090138613861        28.74813    
   39.9194095409541        28.76031    
   39.9298052205221        28.77246    
   39.9402009000900        28.78461    
   39.9505965796580        28.79681    
   39.9609922592259        28.80898    
   39.9713879387939        28.82118    
   39.9817836183618        28.83333    
   39.9921792979298        28.84553    
   40.0025749774978        28.85771    
   40.0129706570657        28.86990    
   40.0233663366337        28.88209    
   40.0337620162016        28.89428    
   40.0441576957696        28.90647    
   40.0545533753375        28.91869    
   40.0649490549055        28.93089    
   40.0753447344734        28.94308    
   40.0857404140414        28.95528    
   40.0961360936094        28.96749    
   40.1065317731773        28.97968    
   40.1169274527453        28.99190    
   40.1273231323132        29.00415    
   40.1377188118812        29.01636    
   40.1481144914491        29.02858    
   40.1585101710171        29.04083    
   40.1689058505851        29.05305    
   40.1793015301530        29.06529    
   40.1896972097210        29.07750    
   40.2000928892889        29.08973    
   40.2104885688569        29.10196    
   40.2208842484248        29.11422    
   40.2312799279928        29.12646    
   40.2416756075608        29.13870    
   40.2520712871287        29.15097    
   40.2624669666967        29.16323    
   40.2728626462646        29.17549    
   40.2832583258326        29.18772    
   40.2936540054005        29.19999    
   40.3040496849685        29.21227    
   40.3144453645365        29.22451    
   40.3248410441044        29.23678    
   40.3352367236724        29.24907    
   40.3456324032403        29.26134    
   40.3560280828083        29.27360    
   40.3664237623762        29.28591    
   40.3768194419442        29.29818    
   40.3872151215121        29.31045    
   40.3976108010801        29.32275    
   40.4080064806481        29.33505    
   40.4184021602160        29.34733    
   40.4287978397840        29.35964    
   40.4391935193519        29.37195    
   40.4495891989199        29.38423    
   40.4599848784879        29.39655    
   40.4703805580558        29.40887    
   40.4807762376238        29.42115    
   40.4911719171917        29.43345    
   40.5015675967597        29.44578    
   40.5119632763276        29.45810    
   40.5223589558956        29.47040    
   40.5327546354635        29.48274    
   40.5431503150315        29.49508    
   40.5535459945995        29.50740    
   40.5639416741674        29.51976    
   40.5743373537354        29.53206    
   40.5847330333033        29.54440    
   40.5951287128713        29.55675    
   40.6055243924392        29.56909    
   40.6159200720072        29.58142    
   40.6263157515752        29.59377    
   40.6367114311431        29.60614    
   40.6471071107111        29.61850    
   40.6575027902790        29.63083    
   40.6678984698470        29.64318    
   40.6782941494149        29.65556    
   40.6886898289829        29.66793    
   40.6990855085509        29.68029    
   40.7094811881188        29.69267    
   40.7198768676868        29.70502    
   40.7302725472547        29.71742    
   40.7406682268227        29.72979    
   40.7510639063906        29.74216    
   40.7614595859586        29.75456    
   40.7718552655266        29.76695    
   40.7822509450945        29.77933    
   40.7926466246625        29.79170    
   40.8030423042304        29.80411    
   40.8134379837984        29.81650    
   40.8238336633663        29.82890    
   40.8342293429343        29.84131    
   40.8446250225022        29.85371    
   40.8550207020702        29.86613    
   40.8654163816382        29.87855    
   40.8758120612061        29.89097    
   40.8862077407741        29.90337    
   40.8966034203420        29.91579    
   40.9069990999100        29.92820    
   40.9173947794779        29.94060    
   40.9277904590459        29.95307    
   40.9381861386139        29.96547    
   40.9485818181818        29.97792    
   40.9589774977498        29.99035    
   40.9693731773177        30.00282    
   40.9797688568857        30.01526    
   40.9901645364536        30.02767    
   41.0005602160216        30.04013    
   41.0109558955896        30.05258    
   41.0213515751575        30.06502    
   41.0317472547255        30.07749    
   41.0421429342934        30.08994    
   41.0525386138614        30.10239    
   41.0629342934293        30.11485    
   41.0733299729973        30.12734    
   41.0837256525653        30.13980    
   41.0941213321332        30.15227    
   41.1045170117012        30.16474    
   41.1149126912691        30.17722    
   41.1253083708371        30.18971    
   41.1357040504050        30.20217    
   41.1460997299730        30.21465    
   41.1564954095410        30.22714    
   41.1668910891089        30.23964    
   41.1772867686769        30.25212    
   41.1876824482448        30.26461    
   41.1980781278128        30.27714    
   41.2084738073807        30.28962    
   41.2188694869487        30.30212    
   41.2292651665167        30.31465    
   41.2396608460846        30.32717    
   41.2500565256526        30.33968    
   41.2604522052205        30.35221    
   41.2708478847885        30.36470    
   41.2812435643564        30.37720    
   41.2916392439244        30.38975    
   41.3020349234924        30.40226    
   41.3124306030603        30.41475    
   41.3228262826283        30.42732    
   41.3332219621962        30.43987    
   41.3436176417642        30.45241    
   41.3540133213321        30.46490    
   41.3644090009001        30.47749    
   41.3748046804680        30.49003    
   41.3852003600360        30.50258    
   41.3955960396040        30.51514    
   41.4059917191719        30.52765    
   41.4163873987399        30.54021    
   41.4267830783078        30.55279    
   41.4371787578758        30.56533    
   41.4475744374437        30.57788    
   41.4579701170117        30.59048    
   41.4683657965797        30.60305    
   41.4787614761476        30.61561    
   41.4891571557156        30.62820    
   41.4995528352835        30.64077    
   41.5099485148515        30.65335    
   41.5203441944194        30.66593    
   41.5307398739874        30.67851    
   41.5411355535554        30.69111    
   41.5515312331233        30.70369    
   41.5619269126913        30.71630    
   41.5723225922592        30.72887    
   41.5827182718272        30.74146    
   41.5931139513951        30.75412    
   41.6035096309631        30.76670    
   41.6139053105311        30.77930    
   41.6243009900990        30.79191    
   41.6346966696670        30.80453    
   41.6450923492349        30.81713    
   41.6554880288029        30.82978    
   41.6658837083708        30.84239    
   41.6762793879388        30.85500    
   41.6866750675067        30.86765    
   41.6970707470747        30.88027    
   41.7074664266427        30.89288    
   41.7178621062106        30.90555    
   41.7282577857786        30.91818    
   41.7386534653465        30.93080    
   41.7490491449145        30.94347    
   41.7594448244825        30.95612    
   41.7698405040504        30.96874    
   41.7802361836184        30.98141    
   41.7906318631863        30.99407    
   41.8010275427543        31.00670    
   41.8114232223222        31.01939    
   41.8218189018902        31.03204    
   41.8322145814581        31.04469    
   41.8426102610261        31.05734    
   41.8530059405941        31.07005    
   41.8634016201620        31.08271    
   41.8737972997300        31.09539    
   41.8841929792979        31.10808    
   41.8945886588659        31.12076    
   41.9049843384338        31.13343    
   41.9153800180018        31.14612    
   41.9257756975698        31.15880    
   41.9361713771377        31.17149    
   41.9465670567057        31.18420    
   41.9569627362736        31.19690    
   41.9673584158416        31.20955    
   41.9777540954095        31.22231    
   41.9881497749775        31.23502    
   41.9985454545455        31.24771    
   42.0089411341134        31.26044    
   42.0193368136814        31.27314    
   42.0297324932493        31.28585    
   42.0401281728173        31.29859    
   42.0505238523852        31.31130    
   42.0609195319532        31.32400    
   42.0713152115212        31.33676    
   42.0817108910891        31.34951    
   42.0921065706571        31.36222    
   42.1025022502250        31.37498    
   42.1128979297930        31.38772    
   42.1232936093609        31.40044    
   42.1336892889289        31.41319    
   42.1440849684968        31.42595    
   42.1544806480648        31.43868    
   42.1648763276328        31.45143    
   42.1752720072007        31.46419    
   42.1856676867687        31.47694    
   42.1960633663366        31.48972    
   42.2064590459046        31.50251    
   42.2168547254726        31.51527    
   42.2272504050405        31.52804    
   42.2376460846085        31.54080    
   42.2480417641764        31.55358    
   42.2584374437444        31.56634    
   42.2688331233123        31.57915    
   42.2792288028803        31.59189    
   42.2896244824482        31.60468    
   42.3000201620162        31.61750    
   42.3104158415842        31.63027    
   42.3208115211521        31.64308    
   42.3312072007201        31.65585    
   42.3416028802880        31.66868    
   42.3519985598560        31.68148    
   42.3623942394239        31.69429    
   42.3727899189919        31.70709    
   42.3831855985599        31.71987    
   42.3935812781278        31.73272    
   42.4039769576958        31.74553    
   42.4143726372637        31.75833    
   42.4247683168317        31.77117    
   42.4351639963996        31.78398    
   42.4455596759676        31.79682    
   42.4559553555356        31.80966    
   42.4663510351035        31.82248    
   42.4767467146715        31.83531    
   42.4871423942394        31.84816    
   42.4975380738074        31.86099    
   42.5079337533753        31.87383    
   42.5183294329433        31.88668    
   42.5287251125113        31.89954    
   42.5391207920792        31.91238    
   42.5495164716472        31.92526    
   42.5599121512151        31.93810    
   42.5703078307831        31.95097    
   42.5807035103510        31.96383    
   42.5910991899190        31.97670    
   42.6014948694869        31.98959    
   42.6118905490549        32.00243    
   42.6222862286229        32.01530    
   42.6326819081908        32.02819    
   42.6430775877588        32.04107    
   42.6534732673267        32.05393    
   42.6638689468947        32.06683    
   42.6742646264626        32.07972    
   42.6846603060306        32.09262    
   42.6950559855986        32.10551    
   42.7054516651665        32.11838    
   42.7158473447345        32.13132    
   42.7262430243024        32.14422    
   42.7366387038704        32.15712    
   42.7470343834383        32.17003    
   42.7574300630063        32.18291    
   42.7678257425743        32.19585    
   42.7782214221422        32.20875    
   42.7886171017102        32.22164    
   42.7990127812781        32.23459    
   42.8094084608461        32.24751    
   42.8198041404140        32.26043    
   42.8301998199820        32.27337    
   42.8405954995500        32.28629    
   42.8509911791179        32.29925    
   42.8613868586859        32.31220    
   42.8717825382538        32.32513    
   42.8821782178218        32.33805    
   42.8925738973897        32.35103    
   42.9029695769577        32.36394    
   42.9133652565257        32.37692    
   42.9237609360936        32.38987    
   42.9341566156616        32.40283    
   42.9445522952295        32.41579    
   42.9549479747975        32.42871    
   42.9653436543654        32.44173    
   42.9757393339334        32.45469    
   42.9861350135014        32.46766    
   42.9965306930693        32.48066    
   43.0069263726373        32.49359    
   43.0173220522052        32.50658    
   43.0277177317732        32.51956    
   43.0381134113411        32.53252    
   43.0485090909091        32.54553    
   43.0589047704770        32.55855    
   43.0693004500450        32.57150    
   43.0796961296130        32.58452    
   43.0900918091809        32.59752    
   43.1004874887489        32.61053    
   43.1108831683168        32.62352    
   43.1212788478848        32.63654    
   43.1316745274527        32.64952    
   43.1420702070207        32.66253    
   43.1524658865887        32.67556    
   43.1628615661566        32.68858    
   43.1732572457246        32.70163    
   43.1836529252925        32.71463    
   43.1940486048605        32.72765    
   43.2044442844284        32.74071    
   43.2148399639964        32.75372    
   43.2252356435644        32.76675    
   43.2356313231323        32.77980    
   43.2460270027003        32.79282    
   43.2564226822682        32.80584    
   43.2668183618362        32.81892    
   43.2772140414041        32.83194    
   43.2876097209721        32.84503    
   43.2980054005401        32.85805    
   43.3084010801080        32.87111    
   43.3187967596760        32.88420    
   43.3291924392439        32.89725    
   43.3395881188119        32.91033    
   43.3499837983798        32.92337    
   43.3603794779478        32.93645    
   43.3707751575158        32.94952    
   43.3811708370837        32.96259    
   43.3915665166517        32.97568    
   43.4019621962196        32.98874    
   43.4123578757876        33.00181    
   43.4227535553555        33.01495    
   43.4331492349235        33.02803    
   43.4435449144914        33.04110    
   43.4539405940594        33.05422    
   43.4643362736274        33.06733    
   43.4747319531953        33.08041    
   43.4851276327633        33.09354    
   43.4955233123312        33.10662    
   43.5059189918992        33.11974    
   43.5163146714671        33.13285    
   43.5267103510351        33.14592    
   43.5371060306031        33.15904    
   43.5475017101710        33.17219    
   43.5578973897390        33.18531    
   43.5682930693069        33.19847    
   43.5786887488749        33.21157    
   43.5890844284428        33.22467    
   43.5994801080108        33.23787    
   43.6098757875788        33.25098    
   43.6202714671467        33.26411    
   43.6306671467147        33.27727    
   43.6410628262826        33.29040    
   43.6514585058506        33.30353    
   43.6618541854185        33.31671    
   43.6722498649865        33.32982    
   43.6826455445545        33.34302    
   43.6930412241224        33.35618    
   43.7034369036904        33.36935    
   43.7138325832583        33.38250    
   43.7242282628263        33.39567    
   43.7346239423942        33.40883    
   43.7450196219622        33.42201    
   43.7554153015302        33.43519    
   43.7658109810981        33.44836    
   43.7762066606661        33.46156    
   43.7866023402340        33.47474    
   43.7969980198020        33.48790    
   43.8073936993699        33.50110    
   43.8177893789379        33.51429    
   43.8281850585059        33.52750    
   43.8385807380738        33.54068    
   43.8489764176418        33.55387    
   43.8593720972097        33.56710    
   43.8697677767777        33.58030    
   43.8801634563456        33.59352    
   43.8905591359136        33.60673    
   43.9009548154815        33.61994    
   43.9113504950495        33.63316    
   43.9217461746175        33.64638    
   43.9321418541854        33.65959    
   43.9425375337534        33.67281    
   43.9529332133213        33.68606    
   43.9633288928893        33.69927    
   43.9737245724572        33.71253    
   43.9841202520252        33.72576    
   43.9945159315932        33.73901    
   44.0049116111611        33.75226    
   44.0153072907291        33.76550    
   44.0257029702970        33.77875    
   44.0360986498650        33.79198    
   44.0464943294329        33.80522    
   44.0568900090009        33.81847    
   44.0672856885689        33.83176    
   44.0776813681368        33.84500    
   44.0880770477048        33.85831    
   44.0984727272727        33.87158    
   44.1088684068407        33.88479    
   44.1192640864086        33.89808    
   44.1296597659766        33.91139    
   44.1400554455446        33.92463    
   44.1504511251125        33.93791    
   44.1608468046805        33.95124    
   44.1712424842484        33.96449    
   44.1816381638164        33.97778    
   44.1920338433843        33.99109    
   44.2024295229523        34.00437    
   44.2128252025202        34.01767    
   44.2232208820882        34.03097    
   44.2336165616562        34.04427    
   44.2440122412241        34.05759    
   44.2544079207921        34.07087    
   44.2648036003600        34.08422    
   44.2751992799280        34.09753    
   44.2855949594960        34.11082    
   44.2959906390639        34.12416    
   44.3063863186319        34.13748    
   44.3167819981998        34.15078    
   44.3271776777678        34.16412    
   44.3375733573357        34.17743    
   44.3479690369037        34.19079    
   44.3583647164716        34.20414    
   44.3687603960396        34.21750    
   44.3791560756076        34.23082    
   44.3895517551755        34.24417    
   44.3999474347435        34.25752    
   44.4103431143114        34.27088    
   44.4207387938794        34.28424    
   44.4311344734473        34.29755    
   44.4415301530153        34.31095    
   44.4519258325833        34.32436    
   44.4623215121512        34.33766    
   44.4727171917192        34.35100    
   44.4831128712871        34.36443    
   44.4935085508551        34.37775    
   44.5039042304230        34.39112    
   44.5142999099910        34.40458    
   44.5246955895590        34.41786    
   44.5350912691269        34.43130    
   44.5454869486949        34.44471    
   44.5558826282628        34.45806    
   44.5662783078308        34.47148    
   44.5766739873987        34.48489    
   44.5870696669667        34.49830    
   44.5974653465347        34.51167    
   44.6078610261026        34.52505    
   44.6182567056706        34.53844    
   44.6286523852385        34.55187    
   44.6390480648065        34.56528    
   44.6494437443744        34.57869    
   44.6598394239424        34.59215    
   44.6702351035104        34.60556    
   44.6806307830783        34.61896    
   44.6910264626463        34.63242    
   44.7014221422142        34.64582    
   44.7118178217822        34.65926    
   44.7222135013501        34.67273    
   44.7326091809181        34.68612    
   44.7430048604860        34.69959    
   44.7534005400540        34.71302    
   44.7637962196220        34.72644    
   44.7741918991899        34.73992    
   44.7845875787579        34.75333    
   44.7949832583258        34.76680    
   44.8053789378938        34.78028    
   44.8157746174617        34.79369    
   44.8261702970297        34.80720    
   44.8365659765977        34.82068    
   44.8469616561656        34.83413    
   44.8573573357336        34.84762    
   44.8677530153015        34.86105    
   44.8781486948695        34.87452    
   44.8885443744374        34.88800    
   44.8989400540054        34.90153    
   44.9093357335734        34.91498    
   44.9197314131413        34.92846    
   44.9301270927093        34.94196    
   44.9405227722772        34.95543    
   44.9509184518452        34.96896    
   44.9613141314131        34.98246    
   44.9717098109811        34.99593    
   44.9821054905491        35.00946    
   44.9925011701170        35.02299    
   45.0028968496850        35.03649    
   45.0132925292529        35.05002    
   45.0236882088209        35.06350    
   45.0340838883888        35.07706    
   45.0444795679568        35.09056    
   45.0548752475248        35.10406    
   45.0652709270927        35.11758    
   45.0756666066607        35.13112    
   45.0860622862286        35.14464    
   45.0964579657966        35.15818    
   45.1068536453645        35.17178    
   45.1172493249325        35.18528    
   45.1276450045005        35.19880    
   45.1380406840684        35.21236    
   45.1484363636364        35.22589    
   45.1588320432043        35.23947    
   45.1692277227723        35.25303    
   45.1796234023402        35.26658    
   45.1900190819082        35.28017    
   45.2004147614761        35.29370    
   45.2108104410441        35.30726    
   45.2212061206121        35.32085    
   45.2316018001800        35.33439    
   45.2419974797480        35.34796    
   45.2523931593159        35.36156    
   45.2627888388839        35.37511    
   45.2731845184518        35.38870    
   45.2835801980198        35.40233    
   45.2939758775878        35.41591    
   45.3043715571557        35.42947    
   45.3147672367237        35.44306    
   45.3251629162916        35.45670    
   45.3355585958596        35.47026    
   45.3459542754275        35.48388    
   45.3563499549955        35.49750    
   45.3667456345635        35.51105    
   45.3771413141314        35.52470    
   45.3875369936994        35.53833    
   45.3979326732673        35.55193    
   45.4083283528353        35.56554    
   45.4187240324032        35.57917    
   45.4291197119712        35.59280    
   45.4395153915392        35.60643    
   45.4499110711071        35.62006    
   45.4603067506751        35.63370    
   45.4707024302430        35.64732    
   45.4810981098110        35.66094    
   45.4914937893789        35.67458    
   45.5018894689469        35.68829    
   45.5122851485148        35.70189    
   45.5226808280828        35.71553    
   45.5330765076508        35.72923    
   45.5434721872187        35.74283    
   45.5538678667867        35.75651    
   45.5642635463546        35.77021    
   45.5746592259226        35.78379    
   45.5850549054906        35.79750    
   45.5954505850585        35.81120    
   45.6058462646265        35.82486    
   45.6162419441944        35.83852    
   45.6266376237624        35.85220    
   45.6370333033303        35.86587    
   45.6474289828983        35.87957    
   45.6578246624662        35.89323    
   45.6682203420342        35.90690    
   45.6786160216022        35.92063    
   45.6890117011701        35.93435    
   45.6994073807381        35.94802    
   45.7098030603060        35.96175    
   45.7201987398740        35.97543    
   45.7305944194419        35.98910    
   45.7409900990099        36.00286    
   45.7513857785779        36.01654    
   45.7617814581458        36.03026    
   45.7721771377138        36.04399    
   45.7825728172817        36.05769    
   45.7929684968497        36.07142    
   45.8033641764176        36.08517    
   45.8137598559856        36.09890    
   45.8241555355536        36.11259    
   45.8345512151215        36.12630    
   45.8449468946895        36.14009    
   45.8553425742574        36.15381    
   45.8657382538254        36.16757    
   45.8761339333933        36.18130    
   45.8865296129613        36.19501    
   45.8969252925293        36.20880    
   45.9073209720972        36.22258    
   45.9177166516652        36.23632    
   45.9281123312331        36.25008    
   45.9385080108011        36.26385    
   45.9489036903690        36.27761    
   45.9592993699370        36.29139    
   45.9696950495049        36.30515    
   45.9800907290729        36.31892    
   45.9904864086409        36.33268    
   46.0008820882088        36.34647    
   46.0112777677768        36.36021    
   46.0216734473447        36.37406    
   46.0320691269127        36.38783    
   46.0424648064807        36.40159    
   46.0528604860486        36.41543    
   46.0632561656166        36.42921    
   46.0736518451845        36.44299    
   46.0840475247525        36.45681    
   46.0944432043204        36.47059    
   46.1048388838884        36.48439    
   46.1152345634563        36.49825    
   46.1256302430243        36.51207    
   46.1360259225923        36.52585    
   46.1464216021602        36.53965    
   46.1568172817282        36.55351    
   46.1672129612961        36.56732    
   46.1776086408641        36.58116    
   46.1880043204320        36.59497    
   46.1984000000000        36.60879    
   46.2087956795680        36.62263    
   46.2191913591359        36.63649    
   46.2295870387039        36.65031    
   46.2399827182718        36.66414    
   46.2503783978398        36.67802    
   46.2607740774077        36.69186    
   46.2711697569757        36.70571    
   46.2815654365437        36.71960    
   46.2919611161116        36.73342    
   46.3023567956796        36.74726    
   46.3127524752475        36.76115    
   46.3231481548155        36.77498    
   46.3335438343834        36.78893    
   46.3439395139514        36.80280    
   46.3543351935194        36.81661    
   46.3647308730873        36.83051    
   46.3751265526553        36.84438    
   46.3855222322232        36.85828    
   46.3959179117912        36.87216    
   46.4063135913591        36.88602    
   46.4167092709271        36.89994    
   46.4271049504950        36.91385    
   46.4375006300630        36.92773    
   46.4478963096310        36.94161    
   46.4582919891989        36.95550    
   46.4686876687669        36.96947    
   46.4790833483348        36.98332    
   46.4894790279028        36.99725    
   46.4998747074707        37.01120    
   46.5102703870387        37.02507    
   46.5206660666067        37.03901    
   46.5310617461746        37.05295    
   46.5414574257426        37.06685    
   46.5518531053105        37.08076    
   46.5622487848785        37.09471    
   46.5726444644464        37.10863    
   46.5830401440144        37.12253    
   46.5934358235824        37.13654    
   46.6038315031503        37.15045    
   46.6142271827183        37.16441    
   46.6246228622862        37.17836    
   46.6350185418542        37.19229    
   46.6454142214221        37.20628    
   46.6558099009901        37.22023    
   46.6662055805581        37.23415    
   46.6766012601260        37.24818    
   46.6869969396940        37.26209    
   46.6973926192619        37.27605    
   46.7077882988299        37.29004    
   46.7181839783978        37.30396    
   46.7285796579658        37.31798    
   46.7389753375338        37.33197    
   46.7493710171017        37.34597    
   46.7597666966697        37.35994    
   46.7701623762376        37.37392    
   46.7805580558056        37.38794    
   46.7909537353735        37.40187    
   46.8013494149415        37.41589    
   46.8117450945095        37.42993    
   46.8221407740774        37.44386    
   46.8325364536454        37.45789    
   46.8429321332133        37.47191    
   46.8533278127813        37.48592    
   46.8637234923492        37.49992    
   46.8741191719172        37.51392    
   46.8845148514852        37.52795    
   46.8949105310531        37.54197    
   46.9053062106211        37.55606    
   46.9157018901890        37.57006    
   46.9260975697570        37.58405    
   46.9364932493249        37.59811    
   46.9468889288929        37.61213    
   46.9572846084608        37.62618    
   46.9676802880288        37.64021    
   46.9780759675968        37.65427    
   46.9884716471647        37.66831    
   46.9988673267327        37.68234    
   47.0092630063006        37.69642    
   47.0196586858686        37.71044    
   47.0300543654365        37.72449    
   47.0404500450045        37.73863    
   47.0508457245725        37.75263    
   47.0612414041404        37.76674    
   47.0716370837084        37.78080    
   47.0820327632763        37.79484    
   47.0924284428443        37.80891    
   47.1028241224122        37.82297    
   47.1132198019802        37.83708    
   47.1236154815482        37.85118    
   47.1340111611161        37.86526    
   47.1444068406841        37.87935    
   47.1548025202520        37.89343    
   47.1651981998200        37.90754    
   47.1755938793879        37.92160    
   47.1859895589559        37.93572    
   47.1963852385239        37.94982    
   47.2067809180918        37.96389    
   47.2171765976598        37.97806    
   47.2275722772277        37.99216    
   47.2379679567957        38.00626    
   47.2483636363636        38.02035    
   47.2587593159316        38.03448    
   47.2691549954995        38.04863    
   47.2795506750675        38.06277    
   47.2899463546355        38.07694    
   47.3003420342034        38.09099    
   47.3107377137714        38.10513    
   47.3211333933393        38.11932    
   47.3315290729073        38.13343    
   47.3419247524753        38.14759    
   47.3523204320432        38.16172    
   47.3627161116112        38.17584    
   47.3731117911791        38.19002    
   47.3835074707471        38.20417    
   47.3939031503150        38.21837    
   47.4042988298830        38.23246    
   47.4146945094509        38.24665    
   47.4250901890189        38.26085    
   47.4354858685869        38.27494    
   47.4458815481548        38.28916    
   47.4562772277228        38.30335    
   47.4666729072907        38.31747    
   47.4770685868587        38.33168    
   47.4874642664266        38.34586    
   47.4978599459946        38.36006    
   47.5082556255626        38.37423    
   47.5186513051305        38.38845    
   47.5290469846985        38.40262    
   47.5394426642664        38.41681    
   47.5498383438344        38.43102    
   47.5602340234023        38.44522    
   47.5706297029703        38.45941    
   47.5810253825383        38.47367    
   47.5914210621062        38.48785    
   47.6018167416742        38.50207    
   47.6122124212421        38.51628    
   47.6226081008101        38.53048    
   47.6330037803780        38.54471    
   47.6433994599460        38.55891    
   47.6537951395140        38.57319    
   47.6641908190819        38.58738    
   47.6745864986499        38.60161    
   47.6849821782178        38.61588    
   47.6953778577858        38.63009    
   47.7057735373537        38.64433    
   47.7161692169217        38.65863    
   47.7265648964896        38.67284    
   47.7369605760576        38.68710    
   47.7473562556256        38.70134    
   47.7577519351935        38.71563    
   47.7681476147615        38.72984    
   47.7785432943294        38.74412    
   47.7889389738974        38.75841    
   47.7993346534653        38.77263    
   47.8097303330333        38.78695    
   47.8201260126013        38.80119    
   47.8305216921692        38.81550    
   47.8409173717372        38.82980    
   47.8513130513051        38.84404    
   47.8617087308731        38.85833    
   47.8721044104410        38.87253    
   47.8825000900090        38.88689    
   47.8928957695770        38.90118    
   47.9032914491449        38.91546    
   47.9136871287129        38.92979    
   47.9240828082808        38.94402    
   47.9344784878488        38.95842    
   47.9448741674167        38.97271    
   47.9552698469847        38.98700    
   47.9656655265527        39.00134    
   47.9760612061206        39.01563    
   47.9864568856886        39.02996    
   47.9968525652565        39.04425    
   48.0072482448245        39.05862    
   48.0176439243924        39.07291    
   48.0280396039604        39.08727    
   48.0384352835284        39.10158    
   48.0488309630963        39.11593    
   48.0592266426643        39.13028    
   48.0696223222322        39.14458    
   48.0800180018002        39.15895    
   48.0904136813681        39.17324    
   48.1008093609361        39.18766    
   48.1112050405041        39.20200    
   48.1216007200720        39.21633    
   48.1319963996400        39.23074    
   48.1423920792079        39.24504    
   48.1527877587759        39.25943    
   48.1631834383438        39.27378    
   48.1735791179118        39.28817    
   48.1839747974797        39.30254    
   48.1943704770477        39.31692    
   48.2047661566157        39.33130    
   48.2151618361836        39.34568    
   48.2255575157516        39.36006    
   48.2359531953195        39.37444    
   48.2463488748875        39.38887    
   48.2567445544554        39.40317    
   48.2671402340234        39.41767    
   48.2775359135914        39.43202    
   48.2879315931593        39.44637    
   48.2983272727273        39.46079    
   48.3087229522952        39.47520    
   48.3191186318632        39.48965    
   48.3295143114311        39.50407    
   48.3399099909991        39.51848    
   48.3503056705671        39.53290    
   48.3607013501350        39.54728    
   48.3710970297030        39.56176    
   48.3814927092709        39.57611    
   48.3918883888389        39.59059    
   48.4022840684068        39.60504    
   48.4126797479748        39.61943    
   48.4230754275428        39.63388    
   48.4334711071107        39.64832    
   48.4438667866787        39.66280    
   48.4542624662466        39.67717    
   48.4646581458146        39.69168    
   48.4750538253825        39.70615    
   48.4854495049505        39.72051    
   48.4958451845185        39.73503    
   48.5062408640864        39.74949    
   48.5166365436544        39.76397    
   48.5270322232223        39.77842    
   48.5374279027903        39.79291    
   48.5478235823582        39.80740    
   48.5582192619262        39.82179    
   48.5686149414941        39.83636    
   48.5790106210621        39.85080    
   48.5894063006301        39.86528    
   48.5998019801980        39.87976    
   48.6101976597660        39.89426    
   48.6205933393339        39.90874    
   48.6309890189019        39.92319    
   48.6413846984698        39.93777    
   48.6517803780378        39.95221    
   48.6621760576058        39.96674    
   48.6725717371737        39.98129    
   48.6829674167417        39.99574    
   48.6933630963096        40.01028    
   48.7037587758776        40.02478    
   48.7141544554455        40.03930    
   48.7245501350135        40.05378    
   48.7349458145815        40.06836    
   48.7453414941494        40.08290    
   48.7557371737174        40.09737    
   48.7661328532853        40.11194    
   48.7765285328533        40.12648    
   48.7869242124212        40.14099    
   48.7973198919892        40.15555    
   48.8077155715572        40.17008    
   48.8181112511251        40.18465    
   48.8285069306931        40.19920    
   48.8389026102610        40.21373    
   48.8492982898290        40.22828    
   48.8596939693969        40.24284    
   48.8700896489649        40.25740    
   48.8804853285329        40.27199    
   48.8908810081008        40.28651    
   48.9012766876688        40.30112    
   48.9116723672367        40.31569    
   48.9220680468047        40.33024    
   48.9324637263726        40.34485    
   48.9428594059406        40.35941    
   48.9532550855086        40.37401    
   48.9636507650765        40.38857    
   48.9740464446445        40.40318    
   48.9844421242124        40.41781    
   48.9948378037804        40.43230    
   49.0052334833483        40.44700    
   49.0156291629163        40.46152    
   49.0260248424842        40.47614    
   49.0364205220522        40.49077    
   49.0468162016202        40.50538    
   49.0572118811881        40.51998    
   49.0676075607561        40.53455    
   49.0780032403240        40.54922    
   49.0883989198920        40.56384    
   49.0987945994599        40.57845    
   49.1091902790279        40.59312    
   49.1195859585959        40.60770    
   49.1299816381638        40.62234    
   49.1403773177318        40.63700    
   49.1507729972997        40.65166    
   49.1611686768677        40.66625    
   49.1715643564356        40.68090    
   49.1819600360036        40.69558    
   49.1923557155716        40.71014    
   49.2027513951395        40.72486    
   49.2131470747075        40.73951    
   49.2235427542754        40.75417    
   49.2339384338434        40.76883    
   49.2443341134113        40.78346    
   49.2547297929793        40.79819    
   49.2651254725473        40.81274    
   49.2755211521152        40.82750    
   49.2859168316832        40.84219    
   49.2963125112511        40.85686    
   49.3067081908191        40.87155    
   49.3171038703870        40.88615    
   49.3274995499550        40.90092    
   49.3378952295230        40.91556    
   49.3482909090909        40.93026    
   49.3586865886589        40.94499    
   49.3690822682268        40.95961    
   49.3794779477948        40.97438    
   49.3898736273627        40.98903    
   49.4002693069307        41.00382    
   49.4106649864987        41.01849    
   49.4210606660666        41.03316    
   49.4314563456346        41.04795    
   49.4418520252025        41.06260    
   49.4522477047705        41.07740    
   49.4626433843384        41.09205    
   49.4730390639064        41.10677    
   49.4834347434743        41.12154    
   49.4938304230423        41.13626    
   49.5042261026103        41.15103    
   49.5146217821782        41.16571    
   49.5250174617462        41.18045    
   49.5354131413141        41.19525    
   49.5458088208821        41.20994    
   49.5562045004500        41.22474    
   49.5666001800180        41.23945    
   49.5769958595860        41.25421    
   49.5873915391539        41.26897    
   49.5977872187219        41.28374    
   49.6081828982898        41.29852    
   49.6185785778578        41.31328    
   49.6289742574257        41.32804    
   49.6393699369937        41.34284    
   49.6497656165617        41.35759    
   49.6601612961296        41.37235    
   49.6705569756976        41.38713    
   49.6809526552655        41.40190    
   49.6913483348335        41.41668    
   49.7017440144014        41.43155    
   49.7121396939694        41.44627    
   49.7225353735374        41.46103    
   49.7329310531053        41.47588    
   49.7433267326733        41.49068    
   49.7537224122412        41.50549    
   49.7641180918092        41.52028    
   49.7745137713771        41.53515    
   49.7849094509451        41.54989    
   49.7953051305131        41.56474    
   49.8057008100810        41.57957    
   49.8160964896490        41.59433    
   49.8264921692169        41.60920    
   49.8368878487849        41.62401    
   49.8472835283528        41.63885    
   49.8576792079208        41.65362    
   49.8680748874888        41.66854    
   49.8784705670567        41.68341    
   49.8888662466247        41.69815    
   49.8992619261926        41.71305    
   49.9096576057606        41.72789    
   49.9200532853285        41.74273    
   49.9304489648965        41.75759    
   49.9408446444644        41.77244    
   49.9512403240324        41.78734    
   49.9616360036004        41.80214    
   49.9720316831683        41.81702    
   49.9824273627363        41.83189    
   49.9928230423042        41.84675    
   50.0032187218722        41.86167    
   50.0136144014401        41.87650    
   50.0240100810081        41.89139    
   50.0344057605761        41.90625    
   50.0448014401440        41.92114    
   50.0551971197120        41.93607    
   50.0655927992799        41.95090    
   50.0759884788479        41.96587    
   50.0863841584158        41.98070    
   50.0967798379838        41.99564    
   50.1071755175518        42.01048    
   50.1175711971197        42.02541    
   50.1279668766877        42.04035    
   50.1383625562556        42.05519    
   50.1487582358236        42.07012    
   50.1591539153915        42.08507    
   50.1695495949595        42.09999    
   50.1799452745275        42.11489    
   50.1903409540954        42.12981    
   50.2007366336634        42.14481    
   50.2111323132313        42.15966    
   50.2215279927993        42.17457    
   50.2319236723672        42.18954    
   50.2423193519352        42.20451    
   50.2527150315032        42.21945    
   50.2631107110711        42.23440    
   50.2735063906391        42.24930    
   50.2839020702070        42.26424    
   50.2942977497750        42.27922    
   50.3046934293429        42.29423    
   50.3150891089109        42.30911    
   50.3254847884788        42.32411    
   50.3358804680468        42.33906    
   50.3462761476148        42.35404    
   50.3566718271827        42.36897    
   50.3670675067507        42.38400    
   50.3774631863186        42.39898    
   50.3878588658866        42.41391    
   50.3982545454545        42.42890    
   50.4086502250225        42.44392    
   50.4190459045905        42.45888    
   50.4294415841584        42.47387    
   50.4398372637264        42.48886    
   50.4502329432943        42.50389    
   50.4606286228623        42.51887    
   50.4710243024302        42.53389    
   50.4814199819982        42.54883    
   50.4918156615662        42.56387    
   50.5022113411341        42.57892    
   50.5126070207021        42.59391    
   50.5230027002700        42.60891    
   50.5333983798380        42.62391    
   50.5437940594059        42.63896    
   50.5541897389739        42.65400    
   50.5645854185419        42.66899    
   50.5749810981098        42.68405    
   50.5853767776778        42.69907    
   50.5957724572457        42.71410    
   50.6061681368137        42.72912    
   50.6165638163816        42.74420    
   50.6269594959496        42.75925    
   50.6373551755176        42.77424    
   50.6477508550855        42.78931    
   50.6581465346535        42.80439    
   50.6685422142214        42.81943    
   50.6789378937894        42.83449    
   50.6893335733573        42.84954    
   50.6997292529253        42.86465    
   50.7101249324933        42.87967    
   50.7205206120612        42.89476    
   50.7309162916292        42.90983    
   50.7413119711971        42.92490    
   50.7517076507651        42.93999    
   50.7621033303330        42.95506    
   50.7724990099010        42.97018    
   50.7828946894689        42.98521    
   50.7932903690369        43.00036    
   50.8036860486049        43.01546    
   50.8140817281728        43.03049    
   50.8244774077408        43.04566    
   50.8348730873087        43.06073    
   50.8452687668767        43.07584    
   50.8556644464446        43.09092    
   50.8660601260126        43.10607    
   50.8764558055806        43.12119    
   50.8868514851485        43.13629    
   50.8972471647165        43.15140    
   50.9076428442844        43.16653    
   50.9180385238524        43.18169    
   50.9284342034203        43.19678    
   50.9388298829883        43.21189    
   50.9492255625563        43.22711    
   50.9596212421242        43.24218    
   50.9700169216922        43.25733    
   50.9804126012601        43.27245    
   50.9908082808281        43.28762    
   51.0012039603960        43.30279    
   51.0115996399640        43.31791    
   51.0219953195320        43.33312    
   51.0323909990999        43.34823    
   51.0427866786679        43.36336    
   51.0531823582358        43.37859    
   51.0635780378038        43.39372    
   51.0739737173717        43.40889    
   51.0843693969397        43.42403    
   51.0947650765076        43.43925    
   51.1051607560756        43.45441    
   51.1155564356436        43.46959    
   51.1259521152115        43.48486    
   51.1363477947795        43.49995    
   51.1467434743474        43.51515    
   51.1571391539154        43.53038    
   51.1675348334834        43.54552    
   51.1779305130513        43.56077    
   51.1883261926193        43.57590    
   51.1987218721872        43.59120    
   51.2091175517552        43.60631    
   51.2195132313231        43.62157    
   51.2299089108911        43.63679    
   51.2403045904590        43.65195    
   51.2507002700270        43.66727    
   51.2610959495950        43.68238    
   51.2714916291629        43.69765    
   51.2818873087309        43.71289    
   51.2922829882988        43.72807    
   51.3026786678668        43.74335    
   51.3130743474347        43.75854    
   51.3234700270027        43.77386    
   51.3338657065707        43.78899    
   51.3442613861386        43.80428    
   51.3546570657066        43.81957    
   51.3650527452745        43.83476    
   51.3754484248425        43.85007    
   51.3858441044104        43.86520    
   51.3962397839784        43.88055    
   51.4066354635464        43.89579    
   51.4170311431143        43.91110    
   51.4274268226823        43.92635    
   51.4378225022502        43.94155    
   51.4482181818182        43.95693    
   51.4586138613861        43.97215    
   51.4690095409541        43.98743    
   51.4794052205221        44.00273    
   51.4898009000900        44.01801    
   51.5001965796580        44.03334    
   51.5105922592259        44.04855    
   51.5209879387939        44.06388    
   51.5313836183618        44.07916    
   51.5417792979298        44.09449    
   51.5521749774977        44.10978    
   51.5625706570657        44.12505    
   51.5729663366337        44.14041    
   51.5833620162016        44.15565    
   51.5937576957696        44.17098    
   51.6041533753375        44.18636    
   51.6145490549055        44.20165    
   51.6249447344734        44.21696    
   51.6353404140414        44.23226    
   51.6457360936094        44.24765    
   51.6561317731773        44.26296    
   51.6665274527453        44.27827    
   51.6769231323132        44.29364    
   51.6873188118812        44.30895    
   51.6977144914491        44.32430    
   51.7081101710171        44.33965    
   51.7185058505851        44.35502    
   51.7289015301530        44.37037    
   51.7392972097210        44.38568    
   51.7496928892889        44.40107    
   51.7600885688569        44.41639    
   51.7704842484248        44.43179    
   51.7808799279928        44.44714    
   51.7912756075608        44.46247    
   51.8016712871287        44.47790    
   51.8120669666967        44.49323    
   51.8224626462646        44.50862    
   51.8328583258326        44.52402    
   51.8432540054005        44.53938    
   51.8536496849685        44.55479    
   51.8640453645365        44.57021    
   51.8744410441044        44.58559    
   51.8848367236724        44.60093    
   51.8952324032403        44.61634    
   51.9056280828083        44.63177    
   51.9160237623762        44.64720    
   51.9264194419442        44.66254    
   51.9368151215122        44.67801    
   51.9472108010801        44.69341    
   51.9576064806481        44.70881    
   51.9680021602160        44.72420    
   51.9783978397840        44.73964    
   51.9887935193519        44.75506    
   51.9991891989199        44.77048    
   52.0095848784878        44.78595    
   52.0199805580558        44.80135    
   52.0303762376238        44.81678    
   52.0407719171917        44.83224    
   52.0511675967597        44.84766    
   52.0615632763276        44.86316    
   52.0719589558956        44.87854    
   52.0823546354635        44.89402    
   52.0927503150315        44.90947    
   52.1031459945995        44.92491    
   52.1135416741674        44.94038    
   52.1239373537354        44.95581    
   52.1343330333033        44.97133    
   52.1447287128713        44.98678    
   52.1551243924392        45.00225    
   52.1655200720072        45.01773    
   52.1759157515752        45.03319    
   52.1863114311431        45.04867    
   52.1967071107111        45.06414    
   52.2071027902790        45.07965    
   52.2174984698470        45.09513    
   52.2278941494149        45.11060    
   52.2382898289829        45.12612    
   52.2486855085509        45.14157    
   52.2590811881188        45.15715    
   52.2694768676868        45.17261    
   52.2798725472547        45.18809    
   52.2902682268227        45.20365    
   52.3006639063906        45.21909    
   52.3110595859586        45.23468    
   52.3214552655266        45.25018    
   52.3318509450945        45.26568    
   52.3422466246625        45.28119    
   52.3526423042304        45.29671    
   52.3630379837984        45.31231    
   52.3734336633663        45.32777    
   52.3838293429343        45.34333    
   52.3942250225022        45.35884    
   52.4046207020702        45.37437    
   52.4150163816382        45.38993    
   52.4254120612061        45.40548    
   52.4358077407741        45.42105    
   52.4462034203420        45.43658    
   52.4565990999100        45.45211    
   52.4669947794780        45.46770    
   52.4773904590459        45.48322    
   52.4877861386139        45.49884    
   52.4981818181818        45.51439    
   52.5085774977498        45.52994    
   52.5189731773177        45.54554    
   52.5293688568857        45.56107    
   52.5397645364536        45.57664    
   52.5501602160216        45.59229    
   52.5605558955896        45.60785    
   52.5709515751575        45.62341    
   52.5813472547255        45.63899    
   52.5917429342934        45.65462    
   52.6021386138614        45.67020    
   52.6125342934293        45.68578    
   52.6229299729973        45.70140    
   52.6333256525653        45.71697    
   52.6437213321332        45.73262    
   52.6541170117012        45.74824    
   52.6645126912691        45.76382    
   52.6749083708371        45.77947    
   52.6853040504050        45.79501    
   52.6956997299730        45.81070    
   52.7060954095410        45.82632    
   52.7164910891089        45.84193    
   52.7268867686769        45.85755    
   52.7372824482448        45.87317    
   52.7476781278128        45.88886    
   52.7580738073807        45.90446    
   52.7684694869487        45.92011    
   52.7788651665167        45.93579    
   52.7892608460846        45.95137    
   52.7996565256526        45.96706    
   52.8100522052205        45.98266    
   52.8204478847885        45.99833    
   52.8308435643564        46.01401    
   52.8412392439244        46.02965    
   52.8516349234923        46.04539    
   52.8620306030603        46.06094    
   52.8724262826283        46.07671    
   52.8828219621962        46.09233    
   52.8932176417642        46.10799    
   52.9036133213321        46.12374    
   52.9140090009001        46.13937    
   52.9244046804681        46.15510    
   52.9348003600360        46.17076    
   52.9451960396040        46.18646    
   52.9555917191719        46.20215    
   52.9659873987399        46.21782    
   52.9763830783078        46.23356    
   52.9867787578758        46.24926    
   52.9971744374437        46.26496    
   53.0075701170117        46.28067    
   53.0179657965797        46.29637    
   53.0283614761476        46.31213    
   53.0387571557156        46.32780    
   53.0491528352835        46.34351    
   53.0595485148515        46.35923    
   53.0699441944194        46.37499    
   53.0803398739874        46.39069    
   53.0907355535554        46.40645    
   53.1011312331233        46.42217    
   53.1115269126913        46.43790    
   53.1219225922592        46.45364    
   53.1323182718272        46.46941    
   53.1427139513951        46.48516    
   53.1531096309631        46.50084    
   53.1635053105311        46.51668    
   53.1739009900990        46.53238    
   53.1842966696670        46.54816    
   53.1946923492349        46.56392    
   53.2050880288029        46.57969    
   53.2154837083708        46.59543    
   53.2258793879388        46.61119    
   53.2362750675068        46.62703    
   53.2466707470747        46.64275    
   53.2570664266427        46.65860    
   53.2674621062106        46.67433    
   53.2778577857786        46.69010    
   53.2882534653465        46.70593    
   53.2986491449145        46.72163    
   53.3090448244824        46.73748    
   53.3194405040504        46.75327    
   53.3298361836184        46.76909    
   53.3402318631863        46.78490    
   53.3506275427543        46.80061    
   53.3610232223222        46.81651    
   53.3714189018902        46.83230    
   53.3818145814581        46.84814    
   53.3922102610261        46.86394    
   53.4026059405941        46.87975    
   53.4130016201620        46.89557    
   53.4233972997300        46.91140    
   53.4337929792979        46.92722    
   53.4441886588659        46.94304    
   53.4545843384338        46.95888    
   53.4649800180018        46.97467    
   53.4753756975698        46.99059    
   53.4857713771377        47.00643    
   53.4961670567057        47.02227    
   53.5065627362736        47.03808    
   53.5169584158416        47.05393    
   53.5273540954095        47.06986    
   53.5377497749775        47.08565    
   53.5481454545455        47.10152    
   53.5585411341134        47.11737    
   53.5689368136814        47.13327    
   53.5793324932493        47.14916    
   53.5897281728173        47.16500    
   53.6001238523852        47.18091    
   53.6105195319532        47.19674    
   53.6209152115212        47.21264    
   53.6313108910891        47.22851    
   53.6417065706571        47.24440    
   53.6521022502250        47.26031    
   53.6624979297930        47.27613    
   53.6728936093609        47.29211    
   53.6832892889289        47.30799    
   53.6936849684969        47.32393    
   53.7040806480648        47.33978    
   53.7144763276328        47.35566    
   53.7248720072007        47.37161    
   53.7352676867687        47.38752    
   53.7456633663366        47.40343    
   53.7560590459046        47.41934    
   53.7664547254725        47.43526    
   53.7768504050405        47.45119    
   53.7872460846085        47.46709    
   53.7976417641764        47.48307    
   53.8080374437444        47.49899    
   53.8184331233123        47.51491    
   53.8288288028803        47.53083    
   53.8392244824482        47.54682    
   53.8496201620162        47.56274    
   53.8600158415842        47.57872    
   53.8704115211521        47.59461    
   53.8808072007201        47.61061    
   53.8912028802880        47.62658    
   53.9015985598560        47.64253    
   53.9119942394239        47.65849    
   53.9223899189919        47.67445    
   53.9327855985599        47.69046    
   53.9431812781278        47.70638    
   53.9535769576958        47.72231    
   53.9639726372637        47.73837    
   53.9743683168317        47.75431    
   53.9847639963996        47.77031    
   53.9951596759676        47.78631    
   54.0055553555356        47.80228    
   54.0159510351035        47.81826    
   54.0263467146715        47.83422    
   54.0367423942394        47.85026    
   54.0471380738074        47.86624    
   54.0575337533753        47.88228    
   54.0679294329433        47.89824    
   54.0783251125113        47.91423    
   54.0887207920792        47.93030    
   54.0991164716472        47.94629    
   54.1095121512151        47.96229    
   54.1199078307831        47.97837    
   54.1303035103510        47.99435    
   54.1406991899190        48.01040    
   54.1510948694869        48.02639    
   54.1614905490549        48.04250    
   54.1718862286229        48.05851    
   54.1822819081908        48.07454    
   54.1926775877588        48.09054    
   54.2030732673267        48.10659    
   54.2134689468947        48.12267    
   54.2238646264626        48.13873    
   54.2342603060306        48.15474    
   54.2446559855986        48.17082    
   54.2550516651665        48.18694    
   54.2654473447345        48.20293    
   54.2758430243024        48.21902    
   54.2862387038704        48.23504    
   54.2966343834383        48.25119    
   54.3070300630063        48.26722    
   54.3174257425743        48.28328    
   54.3278214221422        48.29942    
   54.3382171017102        48.31542    
   54.3486127812781        48.33159    
   54.3590084608461        48.34764    
   54.3694041404140        48.36376    
   54.3797998199820        48.37983    
   54.3901954995500        48.39590    
   54.4005911791179        48.41204    
   54.4109868586859        48.42809    
   54.4213825382538        48.44423    
   54.4317782178218        48.46036    
   54.4421738973897        48.47649    
   54.4525695769577        48.49260    
   54.4629652565257        48.50871    
   54.4733609360936        48.52481    
   54.4837566156616        48.54091    
   54.4941522952295        48.55708    
   54.5045479747975        48.57322    
   54.5149436543654        48.58939    
   54.5253393339334        48.60545    
   54.5357350135014        48.62166    
   54.5461306930693        48.63771    
   54.5565263726373        48.65390    
   54.5669220522052        48.67007    
   54.5773177317732        48.68618    
   54.5877134113411        48.70238    
   54.5981090909091        48.71847    
   54.6085047704770        48.73466    
   54.6189004500450        48.75080    
   54.6292961296130        48.76697    
   54.6396918091809        48.78320    
   54.6500874887489        48.79923    
   54.6604831683168        48.81553    
   54.6708788478848        48.83169    
   54.6812745274527        48.84786    
   54.6916702070207        48.86408    
   54.7020658865887        48.88020    
   54.7124615661566        48.89642    
   54.7228572457246        48.91264    
   54.7332529252925        48.92880    
   54.7436486048605        48.94501    
   54.7540442844284        48.96121    
   54.7644399639964        48.97745    
   54.7748356435644        48.99357    
   54.7852313231323        49.00981    
   54.7956270027003        49.02607    
   54.8060226822682        49.04222    
   54.8164183618362        49.05846    
   54.8268140414041        49.07473    
   54.8372097209721        49.09090    
   54.8476054005401        49.10720    
   54.8580010801080        49.12335    
   54.8683967596760        49.13957    
   54.8787924392439        49.15589    
   54.8891881188119        49.17204    
   54.8995837983798        49.18828    
   54.9099794779478        49.20454    
   54.9203751575157        49.22080    
   54.9307708370837        49.23706    
   54.9411665166517        49.25327    
   54.9515621962196        49.26959    
   54.9619578757876        49.28582    
   54.9723535553555        49.30209    
   54.9827492349235        49.31834    
   54.9931449144915        49.33464    
   55.0035405940594        49.35093    
   55.0139362736274        49.36717    
   55.0243319531953        49.38345    
   55.0347276327633        49.39973    
   55.0451233123312        49.41602    
   55.0555189918992        49.43228    
   55.0659146714671        49.44859    
   55.0763103510351        49.46489    
   55.0867060306031        49.48122    
   55.0971017101710        49.49744    
   55.1074973897390        49.51372    
   55.1178930693069        49.53010    
   55.1282887488749        49.54636    
   55.1386844284428        49.56272    
   55.1490801080108        49.57894    
   55.1594757875788        49.59536    
   55.1698714671467        49.61169    
   55.1802671467147        49.62796    
   55.1906628262826        49.64429    
   55.2010585058506        49.66058    
   55.2114541854185        49.67696    
   55.2218498649865        49.69328    
   55.2322455445545        49.70963    
   55.2426412241224        49.72594    
   55.2530369036904        49.74230    
   55.2634325832583        49.75864    
   55.2738282628263        49.77496    
   55.2842239423942        49.79136    
   55.2946196219622        49.80771    
   55.3050153015302        49.82405    
   55.3154109810981        49.84039    
   55.3258066606661        49.85677    
   55.3362023402340        49.87309    
   55.3465980198020        49.88950    
   55.3569936993699        49.90587    
   55.3673893789379        49.92222    
   55.3777850585059        49.93861    
   55.3881807380738        49.95499    
   55.3985764176418        49.97139    
   55.4089720972097        49.98777    
   55.4193677767777        50.00417    
   55.4297634563456        50.02058    
   55.4401591359136        50.03690    
   55.4505548154815        50.05336    
   55.4609504950495        50.06976    
   55.4713461746175        50.08615    
   55.4817418541854        50.10256    
   55.4921375337534        50.11890    
   55.5025332133213        50.13542    
   55.5129288928893        50.15181    
   55.5233245724572        50.16821    
   55.5337202520252        50.18462    
   55.5441159315932        50.20107    
   55.5545116111611        50.21751    
   55.5649072907291        50.23391    
   55.5753029702970        50.25032    
   55.5856986498650        50.26678    
   55.5960943294329        50.28324    
   55.6064900090009        50.29967    
   55.6168856885689        50.31617    
   55.6272813681368        50.33256    
   55.6376770477048        50.34908    
   55.6480727272727        50.36547    
   55.6584684068407        50.38191    
   55.6688640864086        50.39843    
   55.6792597659766        50.41484    
   55.6896554455446        50.43133    
   55.7000511251125        50.44778    
   55.7104468046805        50.46424    
   55.7208424842484        50.48072    
   55.7312381638164        50.49718    
   55.7416338433843        50.51370    
   55.7520295229523        50.53017    
   55.7624252025203        50.54668    
   55.7728208820882        50.56315    
   55.7832165616562        50.57960    
   55.7936122412241        50.59613    
   55.8040079207921        50.61268    
   55.8144036003600        50.62909    
   55.8247992799280        50.64569    
   55.8351949594960        50.66210    
   55.8455906390639        50.67861    
   55.8559863186319        50.69518    
   55.8663819981998        50.71165    
   55.8767776777678        50.72819    
   55.8871733573357        50.74472    
   55.8975690369037        50.76130    
   55.9079647164716        50.77779    
   55.9183603960396        50.79428    
   55.9287560756076        50.81084    
   55.9391517551755        50.82735    
   55.9495474347435        50.84391    
   55.9599431143114        50.86046    
   55.9703387938794        50.87693    
   55.9807344734473        50.89361    
   55.9911301530153        50.91013    
   56.0015258325833        50.92667    
   56.0119215121512        50.94320    
   56.0223171917192        50.95982    
   56.0327128712871        50.97632    
   56.0431085508551        50.99297    
   56.0535042304230        51.00944    
   56.0638999099910        51.02606    
   56.0742955895590        51.04263    
   56.0846912691269        51.05922    
   56.0950869486949        51.07578    
   56.1054826282628        51.09233    
   56.1158783078308        51.10900    
   56.1262739873987        51.12552    
   56.1366696669667        51.14219    
   56.1470653465347        51.15875    
   56.1574610261026        51.17530    
   56.1678567056706        51.19197    
   56.1782523852385        51.20858    
   56.1886480648065        51.22514    
   56.1990437443744        51.24178    
   56.2094394239424        51.25837    
   56.2198351035103        51.27498    
   56.2302307830783        51.29163    
   56.2406264626463        51.30820    
   56.2510221422142        51.32487    
   56.2614178217822        51.34146    
   56.2718135013501        51.35813    
   56.2822091809181        51.37474    
   56.2926048604861        51.39135    
   56.3030005400540        51.40807    
   56.3133962196220        51.42465    
   56.3237918991899        51.44134    
   56.3341875787579        51.45802    
   56.3445832583258        51.47461    
   56.3549789378938        51.49129    
   56.3653746174617        51.50793    
   56.3757702970297        51.52458    
   56.3861659765977        51.54129    
   56.3965616561656        51.55788    
   56.4069573357336        51.57460    
   56.4173530153015        51.59129    
   56.4277486948695        51.60798    
   56.4381443744374        51.62460    
   56.4485400540054        51.64132    
   56.4589357335734        51.65801    
   56.4693314131413        51.67470    
   56.4797270927093        51.69137    
   56.4901227722772        51.70811    
   56.5005184518452        51.72475    
   56.5109141314131        51.74147    
   56.5213098109811        51.75823    
   56.5317054905491        51.77483    
   56.5421011701170        51.79160    
   56.5524968496850        51.80826    
   56.5628925292529        51.82504    
   56.5732882088209        51.84177    
   56.5836838883888        51.85845    
   56.5940795679568        51.87517    
   56.6044752475248        51.89193    
   56.6148709270927        51.90865    
   56.6252666066607        51.92537    
   56.6356622862286        51.94208    
   56.6460579657966        51.95884    
   56.6564536453645        51.97562    
   56.6668493249325        51.99229    
   56.6772450045004        52.00908    
   56.6876406840684        52.02580    
   56.6980363636364        52.04260    
   56.7084320432043        52.05936    
   56.7188277227723        52.07607    
   56.7292234023402        52.09288    
   56.7396190819082        52.10966    
   56.7500147614762        52.12640    
   56.7604104410441        52.14323    
   56.7708061206121        52.15992    
   56.7812018001800        52.17672    
   56.7915974797480        52.19350    
   56.8019931593159        52.21028    
   56.8123888388839        52.22710    
   56.8227845184518        52.24382    
   56.8331801980198        52.26063    
   56.8435758775878        52.27747    
   56.8539715571557        52.29424    
   56.8643672367237        52.31099    
   56.8747629162916        52.32785    
   56.8851585958596        52.34465    
   56.8955542754275        52.36151    
   56.9059499549955        52.37825    
   56.9163456345635        52.39511    
   56.9267413141314        52.41192    
   56.9371369936994        52.42876    
   56.9475326732673        52.44555    
   56.9579283528353        52.46231    
   56.9683240324032        52.47924    
   56.9787197119712        52.49603    
   56.9891153915392        52.51288    
   56.9995110711071        52.52972    
   57.0099067506751        52.54655    
   57.0203024302430        52.56339    
   57.0306981098110        52.58033    
   57.0410937893789        52.59707    
   57.0514894689469        52.61391    
   57.0618851485149        52.63083    
   57.0722808280828        52.64769    
   57.0826765076508        52.66459    
   57.0930721872187        52.68136    
   57.1034678667867        52.69831    
   57.1138635463546        52.71518    
   57.1242592259226        52.73200    
   57.1346549054905        52.74890    
   57.1450505850585        52.76573    
   57.1554462646265        52.78270    
   57.1658419441944        52.79955    
   57.1762376237624        52.81641    
   57.1866333033303        52.83334    
   57.1970289828983        52.85025    
   57.2074246624662        52.86715    
   57.2178203420342        52.88404    
   57.2282160216022        52.90092    
   57.2386117011701        52.91780    
   57.2490073807381        52.93477    
   57.2594030603060        52.95165    
   57.2697987398740        52.96859    
   57.2801944194419        52.98544    
   57.2905900990099        53.00249    
   57.3009857785779        53.01939    
   57.3113814581458        53.03631    
   57.3217771377138        53.05325    
   57.3321728172817        53.07011    
   57.3425684968497        53.08713    
   57.3529641764176        53.10404    
   57.3633598559856        53.12095    
   57.3737555355536        53.13791    
   57.3841512151215        53.15493    
   57.3945468946895        53.17183    
   57.4049425742574        53.18883    
   57.4153382538254        53.20571    
   57.4257339333933        53.22269    
   57.4361296129613        53.23972    
   57.4465252925293        53.25662    
   57.4569209720972        53.27362    
   57.4673166516652        53.29060    
   57.4777123312331        53.30760    
   57.4881080108011        53.32455    
   57.4985036903690        53.34150    
   57.5088993699370        53.35852    
   57.5192950495050        53.37546    
   57.5296907290729        53.39247    
   57.5400864086409        53.40948    
   57.5504820882088        53.42642    
   57.5608777677768        53.44347    
   57.5712734473447        53.46052    
   57.5816691269127        53.47745    
   57.5920648064806        53.49453    
   57.6024604860486        53.51153    
   57.6128561656166        53.52848    
   57.6232518451845        53.54560    
   57.6336475247525        53.56252    
   57.6440432043204        53.57959    
   57.6544388838884        53.59660    
   57.6648345634563        53.61365    
   57.6752302430243        53.63068    
   57.6856259225923        53.64770    
   57.6960216021602        53.66477    
   57.7064172817282        53.68182    
   57.7168129612961        53.69883    
   57.7272086408641        53.71593    
   57.7376043204320        53.73299    
   57.7480000000000        53.75000    
   57.7583956795680        53.76702    
   57.7687913591359        53.78405    
   57.7791870387039        53.80119    
   57.7895827182718        53.81826    
   57.7999783978398        53.83528    
   57.8103740774077        53.85244    
   57.8207697569757        53.86942    
   57.8311654365437        53.88655    
   57.8415611161116        53.90365    
   57.8519567956796        53.92070    
   57.8623524752475        53.93780    
   57.8727481548155        53.95489    
   57.8831438343834        53.97198    
   57.8935395139514        53.98905    
   57.9039351935194        54.00616    
   57.9143308730873        54.02326    
   57.9247265526553        54.04040    
   57.9351222322232        54.05745    
   57.9455179117912        54.07463    
   57.9559135913591        54.09173    
   57.9663092709271        54.10884    
   57.9767049504950        54.12593    
   57.9871006300630        54.14302    
   57.9974963096310        54.16021    
   58.0078919891989        54.17729    
   58.0182876687669        54.19444    
   58.0286833483348        54.21157    
   58.0390790279028        54.22870    
   58.0494747074708        54.24585    
   58.0598703870387        54.26307    
   58.0702660666067        54.28016    
   58.0806617461746        54.29734    
   58.0910574257426        54.31450    
   58.1014531053105        54.33160    
   58.1118487848785        54.34880    
   58.1222444644464        54.36593    
   58.1326401440144        54.38311    
   58.1430358235824        54.40030    
   58.1534315031503        54.41744    
   58.1638271827183        54.43464    
   58.1742228622862        54.45178    
   58.1846185418542        54.46899    
   58.1950142214221        54.48616    
   58.2054099009901        54.50335    
   58.2158055805581        54.52050    
   58.2262012601260        54.53770    
   58.2365969396940        54.55493    
   58.2469926192619        54.57213    
   58.2573882988299        54.58923    
   58.2677839783978        54.60649    
   58.2781796579658        54.62374    
   58.2885753375338        54.64089    
   58.2989710171017        54.65819    
   58.3093666966697        54.67533    
   58.3197623762376        54.69260    
   58.3301580558056        54.70983    
   58.3405537353735        54.72702    
   58.3509494149415        54.74427    
   58.3613450945095        54.76150    
   58.3717407740774        54.77872    
   58.3821364536454        54.79597    
   58.3925321332133        54.81317    
   58.4029278127813        54.83041    
   58.4133234923492        54.84771    
   58.4237191719172        54.86494    
   58.4341148514851        54.88221    
   58.4445105310531        54.89949    
   58.4549062106211        54.91668    
   58.4653018901890        54.93395    
   58.4756975697570        54.95118    
   58.4860932493249        54.96851    
   58.4964889288929        54.98575    
   58.5068846084608        55.00304    
   58.5172802880288        55.02034    
   58.5276759675968        55.03759    
   58.5380716471647        55.05489    
   58.5484673267327        55.07219    
   58.5588630063006        55.08940    
   58.5692586858686        55.10674    
   58.5796543654365        55.12408    
   58.5900500450045        55.14125    
   58.6004457245725        55.15862    
   58.6108414041404        55.17589    
   58.6212370837084        55.19324    
   58.6316327632763        55.21054    
   58.6420284428443        55.22780    
   58.6524241224122        55.24516    
   58.6628198019802        55.26253    
   58.6732154815482        55.27980    
   58.6836111611161        55.29711    
   58.6940068406841        55.31443    
   58.7044025202520        55.33173    
   58.7147981998200        55.34910    
   58.7251938793879        55.36646    
   58.7355895589559        55.38381    
   58.7459852385239        55.40112    
   58.7563809180918        55.41847    
   58.7667765976598        55.43586    
   58.7771722772277        55.45310    
   58.7875679567957        55.47055    
   58.7979636363636        55.48786    
   58.8083593159316        55.50523    
   58.8187549954996        55.52264    
   58.8291506750675        55.53996    
   58.8395463546355        55.55732    
   58.8499420342034        55.57476    
   58.8603377137714        55.59207    
   58.8707333933393        55.60944    
   58.8811290729073        55.62690    
   58.8915247524752        55.64418    
   58.9019204320432        55.66164    
   58.9123161116112        55.67896    
   58.9227117911791        55.69638    
   58.9331074707471        55.71381    
   58.9435031503150        55.73120    
   58.9538988298830        55.74859    
   58.9642945094509        55.76602    
   58.9746901890189        55.78341    
   58.9850858685869        55.80079    
   58.9954815481548        55.81820    
   59.0058772277228        55.83565    
   59.0162729072907        55.85308    
   59.0266685868587        55.87048    
   59.0370642664266        55.88792    
   59.0474599459946        55.90533    
   59.0578556255626        55.92276    
   59.0682513051305        55.94025    
   59.0786469846985        55.95759    
   59.0890426642664        55.97511    
   59.0994383438344        55.99253    
   59.1098340234023        56.00994    
   59.1202297029703        56.02741    
   59.1306253825383        56.04490    
   59.1410210621062        56.06227    
   59.1514167416742        56.07983    
   59.1618124212421        56.09726    
   59.1722081008101        56.11475    
   59.1826037803780        56.13220    
   59.1929994599460        56.14960    
   59.2033951395140        56.16713    
   59.2137908190819        56.18462    
   59.2241864986499        56.20211    
   59.2345821782178        56.21955    
   59.2449778577858        56.23703    
   59.2553735373537        56.25452    
   59.2657692169217        56.27205    
   59.2761648964896        56.28955    
   59.2865605760576        56.30704    
   59.2969562556256        56.32456    
   59.3073519351935        56.34199    
   59.3177476147615        56.35954    
   59.3281432943294        56.37700    
   59.3385389738974        56.39456    
   59.3489346534653        56.41208    
   59.3593303330333        56.42961    
   59.3697260126013        56.44717    
   59.3801216921692        56.46466    
   59.3905173717372        56.48216    
   59.4009130513051        56.49970    
   59.4113087308731        56.51722    
   59.4217044104410        56.53477    
   59.4321000900090        56.55236    
   59.4424957695770        56.56982    
   59.4528914491449        56.58742    
   59.4632871287129        56.60492    
   59.4736828082808        56.62250    
   59.4840784878488        56.64010    
   59.4944741674167        56.65756    
   59.5048698469847        56.67515    
   59.5152655265527        56.69271    
   59.5256612061206        56.71028    
   59.5360568856886        56.72789    
   59.5464525652565        56.74548    
   59.5568482448245        56.76302    
   59.5672439243924        56.78060    
   59.5776396039604        56.79817    
   59.5880352835284        56.81576    
   59.5984309630963        56.83338    
   59.6088266426643        56.85093    
   59.6192223222322        56.86858    
   59.6296180018002        56.88612    
   59.6400136813681        56.90377    
   59.6504093609361        56.92131    
   59.6608050405041        56.93900    
   59.6712007200720        56.95659    
   59.6815963996400        56.97420    
   59.6919920792079        56.99178    
   59.7023877587759        57.00942    
   59.7127834383438        57.02699    
   59.7231791179118        57.04465    
   59.7335747974797        57.06233    
   59.7439704770477        57.07984    
   59.7543661566157        57.09758    
   59.7647618361836        57.11519    
   59.7751575157516        57.13277    
   59.7855531953195        57.15049    
   59.7959488748875        57.16815    
   59.8063445544554        57.18574    
   59.8167402340234        57.20349    
   59.8271359135914        57.22105    
   59.8375315931593        57.23866    
   59.8479272727273        57.25641    
   59.8583229522952        57.27401    
   59.8687186318632        57.29176    
   59.8791143114311        57.30938    
   59.8895099909991        57.32704    
   59.8999056705671        57.34475    
   59.9103013501350        57.36239    
   59.9206970297030        57.38012    
   59.9310927092709        57.39783    
   59.9414883888389        57.41548    
   59.9518840684068        57.43316    
   59.9622797479748        57.45083    
   59.9726754275428        57.46851    
   59.9830711071107        57.48627    
   59.9934667866787        57.50393    
   60.0038624662466        57.52169    
   60.0142581458146        57.53938    
   60.0246538253825        57.55706    
   60.0350495049505        57.57478    
   60.0454451845184        57.59250    
   60.0558408640864        57.61027    
   60.0662365436544        57.62794    
   60.0766322232223        57.64562    
   60.0870279027903        57.66339    
   60.0974235823582        57.68116    
   60.1078192619262        57.69887    
   60.1182149414942        57.71664    
   60.1286106210621        57.73434    
   60.1390063006301        57.75215    
   60.1494019801980        57.76988    
   60.1597976597660        57.78749    
   60.1701933393339        57.80537    
   60.1805890189019        57.82312    
   60.1909846984698        57.84089    
   60.2013803780378        57.85863    
   60.2117760576058        57.87644    
   60.2221717371737        57.89411    
   60.2325674167417        57.91196    
   60.2429630963096        57.92975    
   60.2533587758776        57.94752    
   60.2637544554455        57.96532    
   60.2741501350135        57.98301    
   60.2845458145815        58.00085    
   60.2949414941494        58.01865    
   60.3053371737174        58.03648    
   60.3157328532853        58.05419    
   60.3261285328533        58.07201    
   60.3365242124212        58.08981    
   60.3469198919892        58.10764    
   60.3573155715572        58.12543    
   60.3677112511251        58.14328    
   60.3781069306931        58.16106    
   60.3885026102610        58.17884    
   60.3988982898290        58.19670    
   60.4092939693969        58.21453    
   60.4196896489649        58.23238    
   60.4300853285329        58.25019    
   60.4404810081008        58.26803    
   60.4508766876688        58.28588    
   60.4612723672367        58.30371    
   60.4716680468047        58.32153    
   60.4820637263726        58.33939    
   60.4924594059406        58.35723    
   60.5028550855085        58.37509    
   60.5132507650765        58.39300    
   60.5236464446445        58.41068    
   60.5340421242124        58.42866    
   60.5444378037804        58.44655    
   60.5548334833483        58.46440    
   60.5652291629163        58.48227    
   60.5756248424843        58.50016    
   60.5860205220522        58.51796    
   60.5964162016202        58.53586    
   60.6068118811881        58.55369    
   60.6172075607561        58.57163    
   60.6276032403240        58.58957    
   60.6379989198920        58.60740    
   60.6483945994599        58.62531    
   60.6587902790279        58.64319    
   60.6691859585959        58.66114    
   60.6795816381638        58.67905    
   60.6899773177318        58.69692    
   60.7003729972997        58.71481    
   60.7107686768677        58.73277    
   60.7211643564356        58.75061    
   60.7315600360036        58.76858    
   60.7419557155716        58.78654    
   60.7523513951395        58.80439    
   60.7627470747075        58.82233    
   60.7731427542754        58.84028    
   60.7835384338434        58.85825    
   60.7939341134113        58.87615    
   60.8043297929793        58.89410    
   60.8147254725473        58.91201    
   60.8251211521152        58.92996    
   60.8355168316832        58.94782    
   60.8459125112511        58.96584    
   60.8563081908191        58.98377    
   60.8667038703870        59.00167    
   60.8770995499550        59.01964    
   60.8874952295230        59.03748    
   60.8978909090909        59.05541    
   60.9082865886589        59.07330    
   60.9186822682268        59.09113    
   60.9290779477948        59.10901    
   60.9394736273627        59.12678    
   60.9498693069307        59.14459    
   60.9602649864987        59.16241    
   60.9706606660666        59.18016    
   60.9810563456346        59.19795    
   60.9914520252025        59.21571    
   61.0018477047705        59.23335    
   61.0122433843384        59.25111    
   61.0226390639064        59.26867    
   61.0330347434743        59.28642    
   61.0434304230423        59.30404    
   61.0538261026103        59.32161    
   61.0642217821782        59.33908    
   61.0746174617462        59.35669    
   61.0850131413141        59.37418    
   61.0954088208821        59.39170    
   61.1058045004500        59.40921    
   61.1162001800180        59.42657    
   61.1265958595860        59.44403    
   61.1369915391539        59.46136    
   61.1473872187219        59.47872    
   61.1577828982898        59.49596    
   61.1681785778578        59.51323    
   61.1785742574257        59.53048    
   61.1889699369937        59.54777    
   61.1993656165617        59.56489    
   61.2097612961296        59.58210    
   61.2201569756976        59.59924    
   61.2305526552655        59.61627    
   61.2409483348335        59.63334    
   61.2513440144014        59.65031    
   61.2617396939694        59.66732    
   61.2721353735374        59.68422    
   61.2825310531053        59.70108    
   61.2929267326733        59.71798    
   61.3033224122412        59.73486    
   61.3137180918092        59.75163    
   61.3241137713771        59.76837    
   61.3345094509451        59.78513    
   61.3449051305131        59.80178    
   61.3553008100810        59.81845    
   61.3656964896490        59.83496    
   61.3760921692169        59.85152    
   61.3864878487849        59.86800    
   61.3968835283528        59.88450    
   61.4072792079208        59.90092    
   61.4176748874888        59.91736    
   61.4280705670567        59.93363    
   61.4384662466247        59.95002    
   61.4488619261926        59.96624    
   61.4592576057606        59.98247    
   61.4696532853285        59.99863    
   61.4800489648965        60.01472    
   61.4904446444644        60.03075    
   61.5008403240324        60.04679    
   61.5112360036004        60.06277    
   61.5216316831683        60.07880    
   61.5320273627363        60.09468    
   61.5424230423042        60.11052    
   61.5528187218722        60.12634    
   61.5632144014401        60.14206    
   61.5736100810081        60.15781    
   61.5840057605761        60.17347    
   61.5944014401440        60.18900    
   61.6047971197120        60.20456    
   61.6151927992799        60.22004    
   61.6255884788479        60.23553    
   61.6359841584158        60.25097    
   61.6463798379838        60.26637    
   61.6567755175518        60.28162    
   61.6671711971197        60.29697    
   61.6775668766877        60.31213    
   61.6879625562556        60.32731    
   61.6983582358236        60.34244    
   61.7087539153915        60.35741    
   61.7191495949595        60.37240    
   61.7295452745275        60.38736    
   61.7399409540954        60.40226    
   61.7503366336634        60.41714    
   61.7607323132313        60.43195    
   61.7711279927993        60.44663    
   61.7815236723672        60.46136    
   61.7919193519352        60.47597    
   61.8023150315031        60.49057    
   61.8127107110711        60.50507    
   61.8231063906391        60.51951    
   61.8335020702070        60.53384    
   61.8438977497750        60.54824    
   61.8542934293429        60.56254    
   61.8646891089109        60.57682    
   61.8750847884789        60.59107    
   61.8854804680468        60.60522    
   61.8958761476148        60.61935    
   61.9062718271827        60.63346    
   61.9166675067507        60.64751    
   61.9270631863186        60.66156    
   61.9374588658866        60.67548    
   61.9478545454545        60.68937    
   61.9582502250225        60.70329    
   61.9686459045905        60.71721    
   61.9790415841584        60.73102    
   61.9894372637264        60.74479    
   61.9998329432943        60.75854    
   62.0102286228623        60.77227    
   62.0206243024302        60.78586    
   62.0310199819982        60.79958    
   62.0414156615662        60.81314    
   62.0518113411341        60.82671    
   62.0622070207021        60.84022    
   62.0726027002700        60.85376    
   62.0829983798380        60.86722    
   62.0933940594059        60.88070    
   62.1037897389739        60.89409    
   62.1141854185419        60.90746    
   62.1245810981098        60.92085    
   62.1349767776778        60.93406    
   62.1453724572457        60.94742    
   62.1557681368137        60.96064    
   62.1661638163816        60.97386    
   62.1765594959496        60.98693    
   62.1869551755176        61.00017    
   62.1973508550855        61.01329    
   62.2077465346535        61.02646    
   62.2181422142214        61.03943    
   62.2285378937894        61.05251    
   62.2389335733573        61.06552    
   62.2493292529253        61.07850    
   62.2597249324932        61.09151    
   62.2701206120612        61.10439    
   62.2805162916292        61.11721    
   62.2909119711971        61.13004    
   62.3013076507651        61.14296    
   62.3117033303330        61.15567    
   62.3220990099010        61.16858    
   62.3324946894689        61.18130    
   62.3428903690369        61.19405    
   62.3532860486049        61.20676    
   62.3636817281728        61.21939    
   62.3740774077408        61.23210    
   62.3844730873087        61.24475    
   62.3948687668767        61.25730    
   62.4052644464446        61.26979    
   62.4156601260126        61.28233    
   62.4260558055806        61.29486    
   62.4364514851485        61.30739    
   62.4468471647165        61.31984    
   62.4572428442844        61.33227    
   62.4676385238524        61.34472    
   62.4780342034203        61.35713    
   62.4884298829883        61.36951    
   62.4988255625563        61.38181    
   62.5092212421242        61.39405    
   62.5196169216922        61.40639    
   62.5300126012601        61.41869    
   62.5404082808281        61.43085    
   62.5508039603960        61.44313    
   62.5611996399640        61.45528    
   62.5715953195320        61.46747    
   62.5819909990999        61.47961    
   62.5923866786679        61.49177    
   62.6027823582358        61.50387    
   62.6131780378038        61.51601    
   62.6235737173717        61.52795    
   62.6339693969397        61.54001    
   62.6443650765077        61.55199    
   62.6547607560756        61.56394    
   62.6651564356436        61.57596    
   62.6755521152115        61.58788    
   62.6859477947795        61.59977    
   62.6963434743474        61.61168    
   62.7067391539154        61.62356    
   62.7171348334833        61.63539    
   62.7275305130513        61.64727    
   62.7379261926193        61.65903    
   62.7483218721872        61.67085    
   62.7587175517552        61.68254    
   62.7691132313231        61.69425    
   62.7795089108911        61.70596    
   62.7899045904590        61.71770    
   62.8003002700270        61.72938    
   62.8106959495950        61.74109    
   62.8210916291629        61.75270    
   62.8314873087309        61.76428    
   62.8418829882988        61.77585    
   62.8522786678668        61.78738    
   62.8626743474347        61.79900    
   62.8730700270027        61.81052    
   62.8834657065707        61.82196    
   62.8938613861386        61.83342    
   62.9042570657066        61.84491    
   62.9146527452745        61.85636    
   62.9250484248425        61.86784    
   62.9354441044104        61.87922    
   62.9458397839784        61.89055    
   62.9562354635464        61.90193    
   62.9666311431143        61.91329    
   62.9770268226823        61.92462    
   62.9874225022502        61.93587    
   62.9978181818182        61.94714    
   63.0082138613861        61.95836    
   63.0186095409541        61.96963    
   63.0290052205221        61.98082    
   63.0394009000900        61.99212    
   63.0497965796580        62.00322    
   63.0601922592259        62.01442    
   63.0705879387939        62.02555    
   63.0809836183618        62.03672    
   63.0913792979298        62.04779    
   63.1017749774977        62.05888    
   63.1121706570657        62.06991    
   63.1225663366337        62.08092    
   63.1329620162016        62.09193    
   63.1433576957696        62.10292    
   63.1537533753375        62.11398    
   63.1641490549055        62.12490    
   63.1745447344735        62.13588    
   63.1849404140414        62.14684    
   63.1953360936094        62.15776    
   63.2057317731773        62.16862    
   63.2161274527453        62.17949    
   63.2265231323132        62.19036    
   63.2369188118812        62.20118    
   63.2473144914491        62.21196    
   63.2577101710171        62.22278    
   63.2681058505851        62.23360    
   63.2785015301530        62.24434    
   63.2888972097210        62.25511    
   63.2992928892889        62.26587    
   63.3096885688569        62.27657    
   63.3200842484248        62.28722    
   63.3304799279928        62.29792    
   63.3408756075608        62.30857    
   63.3512712871287        62.31921    
   63.3616669666967        62.32986    
   63.3720626462646        62.34032    
   63.3824583258326        62.35097    
   63.3928540054005        62.36153    
   63.4032496849685        62.37217    
   63.4136453645365        62.38274    
   63.4240410441044        62.39320    
   63.4344367236724        62.40364    
   63.4448324032403        62.41417    
   63.4552280828083        62.42462    
   63.4656237623762        62.43511    
   63.4760194419442        62.44553    
   63.4864151215122        62.45588    
   63.4968108010801        62.46624    
   63.5072064806481        62.47667    
   63.5176021602160        62.48703    
   63.5279978397840        62.49739    
   63.5383935193519        62.50771    
   63.5487891989199        62.51799    
   63.5591848784878        62.52836    
   63.5695805580558        62.53861    
   63.5799762376238        62.54887    
   63.5903719171917        62.55911    
   63.6007675967597        62.56934    
   63.6111632763276        62.57950    
   63.6215589558956        62.58974    
   63.6319546354636        62.59984    
   63.6423503150315        62.61005    
   63.6527459945995        62.62020    
   63.6631416741674        62.63034    
   63.6735373537354        62.64051    
   63.6839330333033        62.65059    
   63.6943287128713        62.66063    
   63.7047243924392        62.67072    
   63.7151200720072        62.68076    
   63.7255157515752        62.69078    
   63.7359114311431        62.70082    
   63.7463071107111        62.71071    
   63.7567027902790        62.72072    
   63.7670984698470        62.73071    
   63.7774941494149        62.74064    
   63.7878898289829        62.75062    
   63.7982855085509        62.76059    
   63.8086811881188        62.77043    
   63.8190768676868        62.78041    
   63.8294725472547        62.79026    
   63.8398682268227        62.80011    
   63.8502639063906        62.80996    
   63.8606595859586        62.81969    
   63.8710552655266        62.82952    
   63.8814509450945        62.83935    
   63.8918466246625        62.84911    
   63.9022423042304        62.85888    
   63.9126379837984        62.86867    
   63.9230336633663        62.87835    
   63.9334293429343        62.88814    
   63.9438250225023        62.89785    
   63.9542207020702        62.90754    
   63.9646163816382        62.91721    
   63.9750120612061        62.92683    
   63.9854077407741        62.93648    
   63.9958034203420        62.94609    
   64.0061990999100        62.95568    
   64.0165947794780        62.96527    
   64.0269904590459        62.97490    
   64.0373861386139        62.98444    
   64.0477818181818        62.99403    
   64.0581774977498        63.00362    
   64.0685731773177        63.01309    
   64.0789688568857        63.02259    
   64.0893645364536        63.03214    
   64.0997602160216        63.04160    
   64.1101558955896        63.05107    
   64.1205515751575        63.06046    
   64.1309472547255        63.06988    
   64.1413429342934        63.07932    
   64.1517386138614        63.08878    
   64.1621342934293        63.09814    
   64.1725299729973        63.10755    
   64.1829256525653        63.11691    
   64.1933213321332        63.12626    
   64.2037170117012        63.13564    
   64.2141126912691        63.14490    
   64.2245083708371        63.15424    
   64.2349040504050        63.16348    
   64.2452997299730        63.17275    
   64.2556954095410        63.18195    
   64.2660910891089        63.19122    
   64.2764867686769        63.20045    
   64.2868824482448        63.20977    
   64.2972781278128        63.21897    
   64.3076738073807        63.22812    
   64.3180694869487        63.23730    
   64.3284651665167        63.24648    
   64.3388608460846        63.25565    
   64.3492565256526        63.26482    
   64.3596522052205        63.27394    
   64.3700478847885        63.28302    
   64.3804435643564        63.29207    
   64.3908392439244        63.30116    
   64.4012349234924        63.31025    
   64.4116306030603        63.31926    
   64.4220262826283        63.32831    
   64.4324219621962        63.33737    
   64.4428176417642        63.34646    
   64.4532133213321        63.35537    
   64.4636090009001        63.36439    
   64.4740046804680        63.37341    
   64.4844003600360        63.38232    
   64.4947960396040        63.39128    
   64.5051917191719        63.40025    
   64.5155873987399        63.40906    
   64.5259830783078        63.41798    
   64.5363787578758        63.42687    
   64.5467744374437        63.43581    
   64.5571701170117        63.44466    
   64.5675657965797        63.45346    
   64.5779614761476        63.46231    
   64.5883571557156        63.47118    
   64.5987528352835        63.48001    
   64.6091485148515        63.48883    
   64.6195441944194        63.49759    
   64.6299398739874        63.50632    
   64.6403355535554        63.51509    
   64.6507312331233        63.52384    
   64.6611269126913        63.53255    
   64.6715225922592        63.54128    
   64.6819182718272        63.55000    
   64.6923139513951        63.55866    
   64.7027096309631        63.56744    
   64.7131053105310        63.57610    
   64.7235009900990        63.58474    
   64.7338966696670        63.59338    
   64.7442923492349        63.60199    
   64.7546880288029        63.61063    
   64.7650837083708        63.61920    
   64.7754793879388        63.62776    
   64.7858750675068        63.63630    
   64.7962707470747        63.64497    
   64.8066664266427        63.65343    
   64.8170621062106        63.66205    
   64.8274577857786        63.67056    
   64.8378534653465        63.67908    
   64.8482491449145        63.68759    
   64.8586448244825        63.69610    
   64.8690405040504        63.70454    
   64.8794361836184        63.71309    
   64.8898318631863        63.72148    
   64.9002275427543        63.72995    
   64.9106232223222        63.73832    
   64.9210189018902        63.74665    
   64.9314145814581        63.75506    
   64.9418102610261        63.76349    
   64.9522059405941        63.77191    
   64.9626016201620        63.78029    
   64.9729972997300        63.78863    
   64.9833929792979        63.79696    
   64.9937886588659        63.80534    
   65.0041843384338        63.81364    
   65.0145800180018        63.82191    
   65.0249756975698        63.83022    
   65.0353713771377        63.83850    
   65.0457670567057        63.84674    
   65.0561627362736        63.85498    
   65.0665584158416        63.86317    
   65.0769540954095        63.87146    
   65.0873497749775        63.87972    
   65.0977454545455        63.88791    
   65.1081411341134        63.89607    
   65.1185368136814        63.90429    
   65.1289324932493        63.91242    
   65.1393281728173        63.92060    
   65.1497238523852        63.92879    
   65.1601195319532        63.93690    
   65.1705152115211        63.94501    
   65.1809108910891        63.95308    
   65.1913065706571        63.96122    
   65.2017022502250        63.96925    
   65.2120979297930        63.97740    
   65.2224936093609        63.98537    
   65.2328892889289        63.99345    
   65.2432849684969        64.00151    
   65.2536806480648        64.00957    
   65.2640763276328        64.01758    
   65.2744720072007        64.02560    
   65.2848676867687        64.03359    
   65.2952633663366        64.04161    
   65.3056590459046        64.04949    
   65.3160547254726        64.05745    
   65.3264504050405        64.06538    
   65.3368460846085        64.07329    
   65.3472417641764        64.08121    
   65.3576374437444        64.08914    
   65.3680331233123        64.09705    
   65.3784288028803        64.10488    
   65.3888244824482        64.11289    
   65.3992201620162        64.12065    
   65.4096158415842        64.12857    
   65.4200115211521        64.13639    
   65.4304072007201        64.14420    
   65.4408028802880        64.15205    
   65.4511985598560        64.15982    
   65.4615942394239        64.16754    
   65.4719899189919        64.17534    
   65.4823855985599        64.18315    
   65.4927812781278        64.19093    
   65.5031769576958        64.19870    
   65.5135726372637        64.20636    
   65.5239683168317        64.21415    
   65.5343639963996        64.22187    
   65.5447596759676        64.22961    
   65.5551553555356        64.23729    
   65.5655510351035        64.24499    
   65.5759467146715        64.25261    
   65.5863423942394        64.26035    
   65.5967380738074        64.26795    
   65.6071337533753        64.27550    
   65.6175294329433        64.28314    
   65.6279251125112        64.29083    
   65.6383207920792        64.29839    
   65.6487164716472        64.30604    
   65.6591121512151        64.31358    
   65.6695078307831        64.32113    
   65.6799035103510        64.32877    
   65.6902991899190        64.33630    
   65.7006948694870        64.34387    
   65.7110905490549        64.35136    
   65.7214862286229        64.35887    
   65.7318819081908        64.36635    
   65.7422775877588        64.37378    
   65.7526732673267        64.38121    
   65.7630689468947        64.38872    
   65.7734646264626        64.39625    
   65.7838603060306        64.40367    
   65.7942559855986        64.41113    
   65.8046516651665        64.41856    
   65.8150473447345        64.42603    
   65.8254430243024        64.43352    
   65.8358387038704        64.44080    
   65.8462343834383        64.44820    
   65.8566300630063        64.45552    
   65.8670257425743        64.46292    
   65.8774214221422        64.47028    
   65.8878171017102        64.47757    
   65.8982127812781        64.48497    
   65.9086084608461        64.49220    
   65.9190041404140        64.49957    
   65.9293998199820        64.50684    
   65.9397954995500        64.51414    
   65.9501911791179        64.52141    
   65.9605868586859        64.52869    
   65.9709825382538        64.53595    
   65.9813782178218        64.54330    
   65.9917738973897        64.55043    
   66.0021695769577        64.55769    
   66.0125652565256        64.56490    
   66.0229609360936        64.57208    
   66.0333566156616        64.57926    
   66.0437522952295        64.58649    
   66.0541479747975        64.59361    
   66.0645436543654        64.60077    
   66.0749393339334        64.60797    
   66.0853350135013        64.61506    
   66.0957306930693        64.62224    
   66.1061263726373        64.62937    
   66.1165220522052        64.63647    
   66.1269177317732        64.64359    
   66.1373134113411        64.65065    
   66.1477090909091        64.65773    
   66.1581047704771        64.66484    
   66.1685004500450        64.67184    
   66.1788961296130        64.67886    
   66.1892918091809        64.68588    
   66.1996874887489        64.69295    
   66.2100831683168        64.70004    
   66.2204788478848        64.70706    
   66.2308745274527        64.71396    
   66.2412702070207        64.72105    
   66.2516658865887        64.72797    
   66.2620615661566        64.73491    
   66.2724572457246        64.74194    
   66.2828529252925        64.74890    
   66.2932486048605        64.75577    
   66.3036442844284        64.76277    
   66.3140399639964        64.76961    
   66.3244356435644        64.77640    
   66.3348313231323        64.78339    
   66.3452270027003        64.79034    
   66.3556226822682        64.79714    
   66.3660183618362        64.80402    
   66.3764140414041        64.81082    
   66.3868097209721        64.81773    
   66.3972054005401        64.82471    
   66.4076010801080        64.83153    
   66.4179967596760        64.83824    
   66.4283924392439        64.84505    
   66.4387881188119        64.85184    
   66.4491837983798        64.85863    
   66.4595794779478        64.86533    
   66.4699751575157        64.87206    
   66.4803708370837        64.87889    
   66.4907665166517        64.88559    
   66.5011621962196        64.89229    
   66.5115578757876        64.89908    
   66.5219535553555        64.90591    
   66.5323492349235        64.91258    
   66.5427449144915        64.91922    
   66.5531405940594        64.92592    
   66.5635362736274        64.93261    
   66.5739319531953        64.93933    
   66.5843276327633        64.94595    
   66.5947233123312        64.95258    
   66.6051189918992        64.95926    
   66.6155146714672        64.96579    
   66.6259103510351        64.97241    
   66.6363060306031        64.97899    
   66.6467017101710        64.98572    
   66.6570973897390        64.99226    
   66.6674930693069        64.99887    
   66.6778887488749        65.00540    
   66.6882844284428        65.01199    
   66.6986801080108        65.01855    
   66.7090757875788        65.02509    
   66.7194714671467        65.03164    
   66.7298671467147        65.03822    
   66.7402628262826        65.04466    
   66.7506585058506        65.05110    
   66.7610541854185        65.05756    
   66.7714498649865        65.06407    
   66.7818455445545        65.07069    
   66.7922412241224        65.07710    
   66.8026369036904        65.08347    
   66.8130325832583        65.08997    
   66.8234282628263        65.09647    
   66.8338239423942        65.10287    
   66.8442196219622        65.10931    
   66.8546153015302        65.11568    
   66.8650109810981        65.12210    
   66.8754066606661        65.12851    
   66.8858023402340        65.13484    
   66.8961980198020        65.14108    
   66.9065936993699        65.14761    
   66.9169893789379        65.15396    
   66.9273850585058        65.16019    
   66.9377807380738        65.16653    
   66.9481764176418        65.17297    
   66.9585720972097        65.17931    
   66.9689677767777        65.18562    
   66.9793634563456        65.19188    
   66.9897591359136        65.19820    
   67.0001548154816        65.20448    
   67.0105504950495        65.21072    
   67.0209461746175        65.21693    
   67.0313418541854        65.22329    
   67.0417375337534        65.22958    
   67.0521332133213        65.23573    
   67.0625288928893        65.24187    
   67.0729245724573        65.24800    
   67.0833202520252        65.25438    
   67.0937159315932        65.26058    
   67.1041116111611        65.26672    
   67.1145072907291        65.27282    
   67.1249029702970        65.27914    
   67.1352986498650        65.28526    
   67.1456943294329        65.29140    
   67.1560900090009        65.29752    
   67.1664856885689        65.30368    
   67.1768813681368        65.30984    
   67.1872770477048        65.31591    
   67.1976727272727        65.32189    
   67.2080684068407        65.32808    
   67.2184640864086        65.33421    
   67.2288597659766        65.34027    
   67.2392554455446        65.34627    
   67.2496511251125        65.35246    
   67.2600468046805        65.35844    
   67.2704424842484        65.36446    
   67.2808381638164        65.37051    
   67.2912338433843        65.37658    
   67.3016295229523        65.38260    
   67.3120252025202        65.38863    
   67.3224208820882        65.39456    
   67.3328165616562        65.40054    
   67.3432122412241        65.40659    
   67.3536079207921        65.41257    
   67.3640036003600        65.41847    
   67.3743992799280        65.42435    
   67.3847949594959        65.43033    
   67.3951906390639        65.43630    
   67.4055863186319        65.44220    
   67.4159819981998        65.44814    
   67.4263776777678        65.45407    
   67.4367733573357        65.45993    
   67.4471690369037        65.46585    
   67.4575647164717        65.47175    
   67.4679603960396        65.47765    
   67.4783560756076        65.48354    
   67.4887517551755        65.48942    
   67.4991474347435        65.49512    
   67.5095431143114        65.50105    
   67.5199387938794        65.50684    
   67.5303344734473        65.51266    
   67.5407301530153        65.51846    
   67.5511258325833        65.52435    
   67.5615215121512        65.53011    
   67.5719171917192        65.53587    
   67.5823128712871        65.54161    
   67.5927085508551        65.54739    
   67.6031042304230        65.55320    
   67.6134999099910        65.55899    
   67.6238955895590        65.56464    
   67.6342912691269        65.57037    
   67.6446869486949        65.57617    
   67.6550826282628        65.58188    
   67.6654783078308        65.58755    
   67.6758739873987        65.59328    
   67.6862696669667        65.59903    
   67.6966653465347        65.60463    
   67.7070610261026        65.61021    
   67.7174567056706        65.61588    
   67.7278523852385        65.62165    
   67.7382480648065        65.62734    
   67.7486437443744        65.63294    
   67.7590394239424        65.63857    
   67.7694351035103        65.64424    
   67.7798307830783        65.64984    
   67.7902264626463        65.65544    
   67.8006221422142        65.66106    
   67.8110178217822        65.66669    
   67.8214135013501        65.67229    
   67.8318091809181        65.67778    
   67.8422048604860        65.68332    
   67.8526005400540        65.68891    
   67.8629962196220        65.69446    
   67.8733918991899        65.69999    
   67.8837875787579        65.70546    
   67.8941832583258        65.71104    
   67.9045789378938        65.71652    
   67.9149746174618        65.72202    
   67.9253702970297        65.72753    
   67.9357659765977        65.73306    
   67.9461616561656        65.73860    
   67.9565573357336        65.74406    
   67.9669530153015        65.74944    
   67.9773486948695        65.75491    
   67.9877443744374        65.76040    
   67.9981400540054        65.76587    
   68.0085357335734        65.77121    
   68.0189314131413        65.77651    
   68.0293270927093        65.78204    
   68.0397227722772        65.78746    
   68.0501184518452        65.79280    
   68.0605141314131        65.79826    
   68.0709098109811        65.80376    
   68.0813054905491        65.80910    
   68.0917011701170        65.81439    
   68.1020968496850        65.81976    
   68.1124925292529        65.82509    
   68.1228882088209        65.83053    
   68.1332838883888        65.83589    
   68.1436795679568        65.84107    
   68.1540752475248        65.84644    
   68.1644709270927        65.85178    
   68.1748666066607        65.85704    
   68.1852622862286        65.86228    
   68.1956579657966        65.86760    
   68.2060536453645        65.87292    
   68.2164493249325        65.87814    
   68.2268450045004        65.88338    
   68.2372406840684        65.88850    
   68.2476363636364        65.89397    
   68.2580320432043        65.89925    
   68.2684277227723        65.90443    
   68.2788234023402        65.90956    
   68.2892190819082        65.91488    
   68.2996147614761        65.92004    
   68.3100104410441        65.92528    
   68.3204061206121        65.93040    
   68.3308018001800        65.93563    
   68.3411974797480        65.94078    
   68.3515931593159        65.94587    
   68.3619888388839        65.95093    
   68.3723845184519        65.95621    
   68.3827801980198        65.96149    
   68.3931758775878        65.96659    
   68.4035715571557        65.97163    
   68.4139672367237        65.97679    
   68.4243629162916        65.98184    
   68.4347585958596        65.98699    
   68.4451542754275        65.99203    
   68.4555499549955        65.99717    
   68.4659456345635        66.00223    
   68.4763413141314        66.00733    
   68.4867369936994        66.01234    
   68.4971326732673        66.01743    
   68.5075283528353        66.02249    
   68.5179240324032        66.02753    
   68.5283197119712        66.03242    
   68.5387153915392        66.03742    
   68.5491110711071        66.04251    
   68.5595067506751        66.04755    
   68.5699024302430        66.05252    
   68.5802981098110        66.05759    
   68.5906937893789        66.06260    
   68.6010894689469        66.06757    
   68.6114851485149        66.07242    
   68.6218808280828        66.07732    
   68.6322765076508        66.08238    
   68.6426721872187        66.08735    
   68.6530678667867        66.09232    
   68.6634635463546        66.09715    
   68.6738592259226        66.10215    
   68.6842549054905        66.10706    
   68.6946505850585        66.11191    
   68.7050462646265        66.11672    
   68.7154419441944        66.12176    
   68.7258376237624        66.12663    
   68.7362333033303        66.13145    
   68.7466289828983        66.13631    
   68.7570246624663        66.14117    
   68.7674203420342        66.14613    
   68.7778160216022        66.15097    
   68.7882117011701        66.15569    
   68.7986073807381        66.16058    
   68.8090030603060        66.16544    
   68.8193987398740        66.17022    
   68.8297944194419        66.17495    
   68.8401900990099        66.17989    
   68.8505857785779        66.18468    
   68.8609814581458        66.18933    
   68.8713771377138        66.19408    
   68.8817728172817        66.19875    
   68.8921684968497        66.20367    
   68.9025641764176        66.20850    
   68.9129598559856        66.21315    
   68.9233555355536        66.21789    
   68.9337512151215        66.22266    
   68.9441468946895        66.22738    
   68.9545425742574        66.23204    
   68.9649382538254        66.23679    
   68.9753339333933        66.24159    
   68.9857296129613        66.24629    
   68.9961252925293        66.25091    
   69.0065209720972        66.25543    
   69.0169166516652        66.26025    
   69.0273123312331        66.26493    
   69.0377080108011        66.26947    
   69.0481036903690        66.27394    
   69.0584993699370        66.27854    
   69.0688950495049        66.28305    
   69.0792907290729        66.28751    
   69.0896864086409        66.29189    
   69.1000820882088        66.29627    
   69.1104777677768        66.30070    
   69.1208734473447        66.30500    
   69.1312691269127        66.30903    
   69.1416648064806        66.31329    
   69.1520604860486        66.31738    
   69.1624561656166        66.32140    
   69.1728518451845        66.32536    
   69.1832475247525        66.32928    
   69.1936432043204        66.33316    
   69.2040388838884        66.33689    
   69.2144345634564        66.34060    
   69.2248302430243        66.34422    
   69.2352259225923        66.34793    
   69.2456216021602        66.35146    
   69.2560172817282        66.35477    
   69.2664129612961        66.35812    
   69.2768086408641        66.36143    
   69.2872043204320        66.36465    
   69.2976000000000        66.36782    
   69.3079956795680        66.37092    
   69.3183913591359        66.37385    
   69.3287870387039        66.37675    
   69.3391827182718        66.37960    
   69.3495783978398        66.38210    
   69.3599740774077        66.38494    
   69.3703697569757        66.38752    
   69.3807654365437        66.38994    
   69.3911611161116        66.39236    
   69.4015567956796        66.39478    
   69.4119524752475        66.39705    
   69.4223481548155        66.39936    
   69.4327438343834        66.40157    
   69.4431395139514        66.40385    
   69.4535351935194        66.40598    
   69.4639308730873        66.40807    
   69.4743265526553        66.41011    
   69.4847222322232        66.41223    
   69.4951179117912        66.41436    
   69.5055135913591        66.41619    
   69.5159092709271        66.41817    
   69.5263049504950        66.42015    
   69.5367006300630        66.42198    
   69.5470963096310        66.42388    
   69.5574919891989        66.42576    
   69.5678876687669        66.42750    
   69.5782833483348        66.42941    
   69.5886790279028        66.43105    
   69.5990747074707        66.43265    
   69.6094703870387        66.43452    
   69.6198660666067        66.43627    
   69.6302617461746        66.43802    
   69.6406574257426        66.43967    
   69.6510531053105        66.44138    
   69.6614487848785        66.44302    
   69.6718444644465        66.44463    
   69.6822401440144        66.44627    
   69.6926358235824        66.44800    
   69.7030315031503        66.44955    
   69.7134271827183        66.45117    
   69.7238228622862        66.45258    
   69.7342185418542        66.45423    
   69.7446142214221        66.45584    
   69.7550099009901        66.45737    
   69.7654055805581        66.45889    
   69.7758012601260        66.46031    
   69.7861969396940        66.46186    
   69.7965926192619        66.46330    
   69.8069882988299        66.46483    
   69.8173839783978        66.46629    
   69.8277796579658        66.46788    
   69.8381753375338        66.46931    
   69.8485710171017        66.47069    
   69.8589666966697        66.47210    
   69.8693623762376        66.47357    
   69.8797580558056        66.47492    
   69.8901537353735        66.47643    
   69.9005494149415        66.47780    
   69.9109450945095        66.47923    
   69.9213407740774        66.48051    
   69.9317364536454        66.48183    
   69.9421321332133        66.48318    
   69.9525278127813        66.48459    
   69.9629234923492        66.48592    
   69.9733191719172        66.48721    
   69.9837148514851        66.48846    
   69.9941105310531        66.48988    
   70.0045062106211        66.49117    
   70.0149018901890        66.49252    
   70.0252975697570        66.49379    
   70.0356932493249        66.49510    
   70.0460889288929        66.49638    
   70.0564846084608        66.49763    
   70.0668802880288        66.49883    
   70.0772759675968        66.50015    
   70.0876716471647        66.50154    
   70.0980673267327        66.50271    
   70.1084630063006        66.50386    
   70.1188586858686        66.50522    
   70.1292543654366        66.50636    
   70.1396500450045        66.50757    
   70.1500457245725        66.50877    
   70.1604414041404        66.51003    
   70.1708370837084        66.51121    
   70.1812327632763        66.51240    
   70.1916284428443        66.51360    
   70.2020241224122        66.51472    
   70.2124198019802        66.51604    
   70.2228154815482        66.51727    
   70.2332111611161        66.51834    
   70.2436068406841        66.51955    
   70.2540025202520        66.52066    
   70.2643981998200        66.52183    
   70.2747938793879        66.52296    
   70.2851895589559        66.52415    
   70.2955852385239        66.52534    
   70.3059809180918        66.52646    
   70.3163765976598        66.52753    
   70.3267722772277        66.52858    
   70.3371679567957        66.52979    
   70.3475636363636        66.53091    
   70.3579593159316        66.53201    
   70.3683549954995        66.53305    
   70.3787506750675        66.53423    
   70.3891463546355        66.53529    
   70.3995420342034        66.53639    
   70.4099377137714        66.53750    
   70.4203333933393        66.53865    
   70.4307290729073        66.53976    
   70.4411247524752        66.54080    
   70.4515204320432        66.54179    
   70.4619161116112        66.54291    
   70.4723117911791        66.54403    
   70.4827074707471        66.54500    
   70.4931031503150        66.54615    
   70.5034988298830        66.54720    
   70.5138945094509        66.54823    
   70.5242901890189        66.54924    
   70.5346858685869        66.55023    
   70.5450815481548        66.55127    
   70.5554772277228        66.55240    
   70.5658729072907        66.55341    
   70.5762685868587        66.55435    
   70.5866642664266        66.55537    
   70.5970599459946        66.55649    
   70.6074556255626        66.55740    
   70.6178513051305        66.55847    
   70.6282469846985        66.55957    
   70.6386426642664        66.56051    
   70.6490383438344        66.56161    
   70.6594340234023        66.56257    
   70.6698297029703        66.56352    
   70.6802253825383        66.56455    
   70.6906210621062        66.56566    
   70.7010167416742        66.56651    
   70.7114124212421        66.56744    
   70.7218081008101        66.56850    
   70.7322037803780        66.56941    
   70.7425994599460        66.57043    
   70.7529951395140        66.57138    
   70.7633908190819        66.57233    
   70.7737864986499        66.57327    
   70.7841821782178        66.57430    
   70.7945778577858        66.57523    
   70.8049735373537        66.57620    
   70.8153692169217        66.57713    
   70.8257648964896        66.57819    
   70.8361605760576        66.57909    
   70.8465562556256        66.58006    
   70.8569519351935        66.58098    
   70.8673476147615        66.58194    
   70.8777432943294        66.58290    
   70.8881389738974        66.58386    
   70.8985346534653        66.58478    
   70.9089303330333        66.58569    
   70.9193260126013        66.58662    
   70.9297216921692        66.58750    
   70.9401173717372        66.58838    
   70.9505130513051        66.58929    
   70.9609087308731        66.59027    
   70.9713044104410        66.59112    
   70.9817000900090        66.59206    
   70.9920957695770        66.59302    
   71.0024914491449        66.59387    
   71.0128871287129        66.59478    
   71.0232828082808        66.59581    
   71.0336784878488        66.59670    
   71.0440741674167        66.59747    
   71.0544698469847        66.59837    
   71.0648655265527        66.59928    
   71.0752612061206        66.60023    
   71.0856568856886        66.60117    
   71.0960525652565        66.60201    
   71.1064482448245        66.60286    
   71.1168439243924        66.60378    
   71.1272396039604        66.60457    
   71.1376352835284        66.60546    
   71.1480309630963        66.60645    
   71.1584266426643        66.60726    
   71.1688223222322        66.60809    
   71.1792180018002        66.60896    
   71.1896136813681        66.60986    
   71.2000093609361        66.61062    
   71.2104050405041        66.61150    
   71.2208007200720        66.61246    
   71.2311963996400        66.61339    
   71.2415920792079        66.61420    
   71.2519877587759        66.61507    
   71.2623834383438        66.61584    
   71.2727791179118        66.61674    
   71.2831747974797        66.61763    
   71.2935704770477        66.61850    
   71.3039661566157        66.61932    
   71.3143618361836        66.62020    
   71.3247575157516        66.62088    
   71.3351531953195        66.62181    
   71.3455488748875        66.62265    
   71.3559445544554        66.62344    
   71.3663402340234        66.62431    
   71.3767359135914        66.62508    
   71.3871315931593        66.62589    
   71.3975272727273        66.62669    
   71.4079229522952        66.62756    
   71.4183186318632        66.62836    
   71.4287143114312        66.62931    
   71.4391099909991        66.63010    
   71.4495056705671        66.63087    
   71.4599013501350        66.63165    
   71.4702970297030        66.63258    
   71.4806927092709        66.63327    
   71.4910883888389        66.63419    
   71.5014840684068        66.63503    
   71.5118797479748        66.63579    
   71.5222754275428        66.63652    
   71.5326711071107        66.63742    
   71.5430667866787        66.63815    
   71.5534624662466        66.63904    
   71.5638581458146        66.63986    
   71.5742538253825        66.64062    
   71.5846495049505        66.64140    
   71.5950451845185        66.64213    
   71.6054408640864        66.64285    
   71.6158365436544        66.64361    
   71.6262322232223        66.64455    
   71.6366279027903        66.64536    
   71.6470235823582        66.64607    
   71.6574192619262        66.64688    
   71.6678149414942        66.64764    
   71.6782106210621        66.64839    
   71.6886063006301        66.64926    
   71.6990019801980        66.65010    
   71.7093976597660        66.65089    
   71.7197933393339        66.65154    
   71.7301890189019        66.65239    
   71.7405846984698        66.65305    
   71.7509803780378        66.65390    
   71.7613760576058        66.65468    
   71.7717717371737        66.65546    
   71.7821674167417        66.65630    
   71.7925630963096        66.65698    
   71.8029587758776        66.65765    
   71.8133544554455        66.65839    
   71.8237501350135        66.65918    
   71.8341458145815        66.65994    
   71.8445414941494        66.66073    
   71.8549371737174        66.66148    
   71.8653328532853        66.66227    
   71.8757285328533        66.66290    
   71.8861242124212        66.66385    
   71.8965198919892        66.66451    
   71.9069155715572        66.66534    
   71.9173112511251        66.66603    
   71.9277069306931        66.66679    
   71.9381026102610        66.66757    
   71.9484982898290        66.66828    
   71.9588939693969        66.66907    
   71.9692896489649        66.66981    
   71.9796853285329        66.67058    
   71.9900810081008        66.67126    
   72.0004766876688        66.67188    
   72.0108723672367        66.67270    
   72.0212680468047        66.67342    
   72.0316637263726        66.67416    
   72.0420594059406        66.67491    
   72.0524550855086        66.67565    
   72.0628507650765        66.67624    
   72.0732464446445        66.67706    
   72.0836421242124        66.67778    
   72.0940378037804        66.67844    
   72.1044334833483        66.67929    
   72.1148291629163        66.67999    
   72.1252248424842        66.68073    
   72.1356205220522        66.68140    
   72.1460162016202        66.68217    
   72.1564118811881        66.68281    
   72.1668075607561        66.68361    
   72.1772032403240        66.68439    
   72.1875989198920        66.68507    
   72.1979945994599        66.68577    
   72.2083902790279        66.68643    
   72.2187859585959        66.68715    
   72.2291816381638        66.68781    
   72.2395773177318        66.68866    
   72.2499729972997        66.68927    
   72.2603686768677        66.69001    
   72.2707643564356        66.69066    
   72.2811600360036        66.69141    
   72.2915557155716        66.69203    
   72.3019513951395        66.69283    
   72.3123470747075        66.69354    
   72.3227427542754        66.69422    
   72.3331384338434        66.69481    
   72.3435341134113        66.69557    
   72.3539297929793        66.69623    
   72.3643254725473        66.69701    
   72.3747211521152        66.69767    
   72.3851168316832        66.69839    
   72.3955125112511        66.69913    
   72.4059081908191        66.69977    
   72.4163038703870        66.70043    
   72.4266995499550        66.70116    
   72.4370952295230        66.70187    
   72.4474909090909        66.70261    
   72.4578865886589        66.70328    
   72.4682822682268        66.70393    
   72.4786779477948        66.70462    
   72.4890736273627        66.70522    
   72.4994693069307        66.70596    
   72.5098649864987        66.70663    
   72.5202606660666        66.70731    
   72.5306563456346        66.70790    
   72.5410520252025        66.70861    
   72.5514477047705        66.70926    
   72.5618433843384        66.70991    
   72.5722390639064        66.71069    
   72.5826347434743        66.71129    
   72.5930304230423        66.71202    
   72.6034261026103        66.71268    
   72.6138217821782        66.71336    
   72.6242174617462        66.71404    
   72.6346131413141        66.71472    
   72.6450088208821        66.71542    
   72.6554045004500        66.71616    
   72.6658001800180        66.71677    
   72.6761958595860        66.71738    
   72.6865915391539        66.71812    
   72.6969872187219        66.71873    
   72.7073828982898        66.71937    
   72.7177785778578        66.72004    
   72.7281742574257        66.72077    
   72.7385699369937        66.72136    
   72.7489656165617        66.72195    
   72.7593612961296        66.72256    
   72.7697569756976        66.72333    
   72.7801526552655        66.72395    
   72.7905483348335        66.72463    
   72.8009440144014        66.72530    
   72.8113396939694        66.72590    
   72.8217353735374        66.72655    
   72.8321310531053        66.72720    
   72.8425267326733        66.72784    
   72.8529224122412        66.72855    
   72.8633180918092        66.72918    
   72.8737137713771        66.72978    
   72.8841094509451        66.73051    
   72.8945051305131        66.73114    
   72.9049008100810        66.73179    
   72.9152964896490        66.73241    
   72.9256921692169        66.73316    
   72.9360878487849        66.73366    
   72.9464835283528        66.73438    
   72.9568792079208        66.73500    
   72.9672748874888        66.73563    
   72.9776705670567        66.73630    
   72.9880662466247        66.73685    
   72.9984619261926        66.73759    
   73.0088576057606        66.73804    
   73.0192532853285        66.73882    
   73.0296489648965        66.73942    
   73.0400446444644        66.74005    
   73.0504403240324        66.74072    
   73.0608360036004        66.74136    
   73.0712316831683        66.74192    
   73.0816273627363        66.74259    
   73.0920230423042        66.74324    
   73.1024187218722        66.74385    
   73.1128144014401        66.74449    
   73.1232100810081        66.74510    
   73.1336057605761        66.74577    
   73.1440014401440        66.74638    
   73.1543971197120        66.74701    
   73.1647927992799        66.74765    
   73.1751884788479        66.74826    
   73.1855841584158        66.74889    
   73.1959798379838        66.74956    
   73.2063755175518        66.75016    
   73.2167711971197        66.75076    
   73.2271668766877        66.75134    
   73.2375625562556        66.75200    
   73.2479582358236        66.75260    
   73.2583539153915        66.75322    
   73.2687495949595        66.75372    
   73.2791452745275        66.75444    
   73.2895409540954        66.75504    
   73.2999366336634        66.75560    
   73.3103323132313        66.75620    
   73.3207279927993        66.75691    
   73.3311236723672        66.75742    
   73.3415193519352        66.75803    
   73.3519150315032        66.75880    
   73.3623107110711        66.75926    
   73.3727063906391        66.76000    
   73.3831020702070        66.76057    
   73.3934977497750        66.76117    
   73.4038934293429        66.76176    
   73.4142891089109        66.76239    
   73.4246847884788        66.76301    
   73.4350804680468        66.76358    
   73.4454761476148        66.76425    
   73.4558718271827        66.76483    
   73.4662675067507        66.76543    
   73.4766631863186        66.76598    
   73.4870588658866        66.76662    
   73.4974545454545        66.76720    
   73.5078502250225        66.76776    
   73.5182459045905        66.76836    
   73.5286415841584        66.76888    
   73.5390372637264        66.76961    
   73.5494329432943        66.77015    
   73.5598286228623        66.77069    
   73.5702243024302        66.77132    
   73.5806199819982        66.77199    
   73.5910156615662        66.77254    
   73.6014113411341        66.77312    
   73.6118070207021        66.77377    
   73.6222027002700        66.77440    
   73.6325983798380        66.77490    
   73.6429940594059        66.77557    
   73.6533897389739        66.77614    
   73.6637854185418        66.77672    
   73.6741810981098        66.77730    
   73.6845767776778        66.77795    
   73.6949724572457        66.77849    
   73.7053681368137        66.77902    
   73.7157638163816        66.77978    
   73.7261594959496        66.78020    
   73.7365551755176        66.78091    
   73.7469508550855        66.78137    
   73.7573465346535        66.78201    
   73.7677422142214        66.78255    
   73.7781378937894        66.78313    
   73.7885335733573        66.78372    
   73.7989292529253        66.78420    
   73.8093249324933        66.78487    
   73.8197206120612        66.78536    
   73.8301162916292        66.78600    
   73.8405119711971        66.78663    
   73.8509076507651        66.78719    
   73.8613033303330        66.78773    
   73.8716990099010        66.78833    
   73.8820946894689        66.78886    
   73.8924903690369        66.78944    
   73.9028860486049        66.79009    
   73.9132817281728        66.79069    
   73.9236774077408        66.79113    
   73.9340730873087        66.79184    
   73.9444687668767        66.79246    
   73.9548644464446        66.79297    
   73.9652601260126        66.79350    
   73.9756558055806        66.79414    
   73.9860514851485        66.79473    
   73.9964471647165        66.79517    
   74.0068428442844        66.79585    
   74.0172385238524        66.79640    
   74.0276342034203        66.79690    
   74.0380298829883        66.79750    
   74.0484255625563        66.79804    
   74.0588212421242        66.79861    
   74.0692169216922        66.79910    
   74.0796126012601        66.79968    
   74.0900082808281        66.80022    
   74.1004039603960        66.80089    
   74.1107996399640        66.80143    
   74.1211953195319        66.80196    
   74.1315909990999        66.80257    
   74.1419866786679        66.80312    
   74.1523823582358        66.80366    
   74.1627780378038        66.80424    
   74.1731737173717        66.80476    
   74.1835693969397        66.80534    
   74.1939650765077        66.80589    
   74.2043607560756        66.80654    
   74.2147564356436        66.80706    
   74.2251521152115        66.80753    
   74.2355477947795        66.80820    
   74.2459434743474        66.80867    
   74.2563391539154        66.80933    
   74.2667348334834        66.80986    
   74.2771305130513        66.81042    
   74.2875261926193        66.81087    
   74.2979218721872        66.81144    
   74.3083175517552        66.81201    
   74.3187132313231        66.81253    
   74.3291089108911        66.81317    
   74.3395045904590        66.81360    
   74.3499002700270        66.81421    
   74.3602959495950        66.81473    
   74.3706916291629        66.81530    
   74.3810873087309        66.81586    
   74.3914829882988        66.81627    
   74.4018786678668        66.81701    
   74.4122743474347        66.81738    
   74.4226700270027        66.81805    
   74.4330657065707        66.81853    
   74.4434613861386        66.81915    
   74.4538570657066        66.81961    
   74.4642527452745        66.82020    
   74.4746484248425        66.82076    
   74.4850441044104        66.82140    
   74.4954397839784        66.82178    
   74.5058354635464        66.82242    
   74.5162311431143        66.82300    
   74.5266268226823        66.82348    
   74.5370225022502        66.82410    
   74.5474181818182        66.82457    
   74.5578138613861        66.82515    
   74.5682095409541        66.82569    
   74.5786052205220        66.82623    
   74.5890009000900        66.82668    
   74.5993965796580        66.82726    
   74.6097922592259        66.82777    
   74.6201879387939        66.82835    
   74.6305836183618        66.82888    
   74.6409792979298        66.82937    
   74.6513749774978        66.82997    
   74.6617706570657        66.83038    
   74.6721663366337        66.83096    
   74.6825620162016        66.83153    
   74.6929576957696        66.83205    
   74.7033533753375        66.83262    
   74.7137490549055        66.83311    
   74.7241447344735        66.83359    
   74.7345404140414        66.83413    
   74.7449360936094        66.83468    
   74.7553317731773        66.83516    
   74.7657274527453        66.83585    
   74.7761231323132        66.83632    
   74.7865188118812        66.83688    
   74.7969144914491        66.83740    
   74.8073101710171        66.83796    
   74.8177058505851        66.83847    
   74.8281015301530        66.83893    
   74.8384972097210        66.83952    
   74.8488928892889        66.84006    
   74.8592885688569        66.84049    
   74.8696842484248        66.84106    
   74.8800799279928        66.84161    
   74.8904756075608        66.84210    
   74.9008712871287        66.84270    
   74.9112669666967        66.84317    
   74.9216626462646        66.84362    
   74.9320583258326        66.84413    
   74.9424540054005        66.84475    
   74.9528496849685        66.84528    
   74.9632453645365        66.84573    
   74.9736410441044        66.84628    
   74.9840367236724        66.84678    
   74.9944324032403        66.84724    
   75.0048280828083        66.84777    
   75.0152237623762        66.84835    
   75.0256194419442        66.84885    
   75.0360151215122        66.84938    
   75.0464108010801        66.84992    
   75.0568064806481        66.85033    
   75.0672021602160        66.85093    
   75.0775978397840        66.85143    
   75.0879935193519        66.85192    
   75.0983891989199        66.85249    
   75.1087848784879        66.85308    
   75.1191805580558        66.85350    
   75.1295762376238        66.85398    
   75.1399719171917        66.85454    
   75.1503675967597        66.85509    
   75.1607632763276        66.85551    
   75.1711589558956        66.85606    
   75.1815546354635        66.85668    
   75.1919503150315        66.85711    
   75.2023459945995        66.85759    
   75.2127416741674        66.85812    
   75.2231373537354        66.85860    
   75.2335330333033        66.85918    
   75.2439287128713        66.85967    
   75.2543243924392        66.86018    
   75.2647200720072        66.86064    
   75.2751157515752        66.86121    
   75.2855114311431        66.86163    
   75.2959071107111        66.86219    
   75.3063027902790        66.86259    
   75.3166984698470        66.86315    
   75.3270941494149        66.86363    
   75.3374898289829        66.86411    
   75.3478855085509        66.86472    
   75.3582811881188        66.86504    
   75.3686768676868        66.86569    
   75.3790725472547        66.86622    
   75.3894682268227        66.86666    
   75.3998639063906        66.86721    
   75.4102595859586        66.86779    
   75.4206552655265        66.86825    
   75.4310509450945        66.86873    
   75.4414466246625        66.86926    
   75.4518423042304        66.86975    
   75.4622379837984        66.87022    
   75.4726336633663        66.87068    
   75.4830293429343        66.87125    
   75.4934250225023        66.87174    
   75.5038207020702        66.87229    
   75.5142163816382        66.87282    
   75.5246120612061        66.87316    
   75.5350077407741        66.87366    
   75.5454034203420        66.87418    
   75.5557990999100        66.87480    
   75.5661947794780        66.87523    
   75.5765904590459        66.87576    
   75.5869861386139        66.87619    
   75.5973818181818        66.87665    
   75.6077774977498        66.87719    
   75.6181731773177        66.87769    
   75.6285688568857        66.87820    
   75.6389645364536        66.87862    
   75.6493602160216        66.87909    
   75.6597558955896        66.87960    
   75.6701515751575        66.88011    
   75.6805472547255        66.88058    
   75.6909429342934        66.88116    
   75.7013386138614        66.88152    
   75.7117342934293        66.88210    
   75.7221299729973        66.88255    
   75.7325256525653        66.88302    
   75.7429213321332        66.88359    
   75.7533170117012        66.88403    
   75.7637126912691        66.88449    
   75.7741083708371        66.88495    
   75.7845040504050        66.88554    
   75.7948997299730        66.88597    
   75.8052954095410        66.88644    
   75.8156910891089        66.88698    
   75.8260867686769        66.88747    
   75.8364824482448        66.88797    
   75.8468781278128        66.88845    
   75.8572738073807        66.88896    
   75.8676694869487        66.88941    
   75.8780651665166        66.88993    
   75.8884608460846        66.89038    
   75.8988565256526        66.89085    
   75.9092522052205        66.89134    
   75.9196478847885        66.89185    
   75.9300435643564        66.89240    
   75.9404392439244        66.89284    
   75.9508349234924        66.89336    
   75.9612306030603        66.89364    
   75.9716262826283        66.89418    
   75.9820219621962        66.89469    
   75.9924176417642        66.89517    
   76.0028133213321        66.89561    
   76.0132090009001        66.89616    
   76.0236046804681        66.89667    
   76.0340003600360        66.89700    
   76.0443960396040        66.89760    
   76.0547917191719        66.89799    
   76.0651873987399        66.89857    
   76.0755830783078        66.89897    
   76.0859787578758        66.89954    
   76.0963744374437        66.90001    
   76.1067701170117        66.90038    
   76.1171657965797        66.90083    
   76.1275614761476        66.90135    
   76.1379571557156        66.90192    
   76.1483528352835        66.90234    
   76.1587485148515        66.90277    
   76.1691441944194        66.90323    
   76.1795398739874        66.90369    
   76.1899355535554        66.90421    
   76.2003312331233        66.90468    
   76.2107269126913        66.90524    
   76.2211225922592        66.90565    
   76.2315182718272        66.90623    
   76.2419139513951        66.90660    
   76.2523096309631        66.90709    
   76.2627053105311        66.90760    
   76.2731009900990        66.90800    
   76.2834966696670        66.90852    
   76.2938923492349        66.90901    
   76.3042880288029        66.90944    
   76.3146837083708        66.90990    
   76.3250793879388        66.91040    
   76.3354750675067        66.91086    
   76.3458707470747        66.91127    
   76.3562664266427        66.91179    
   76.3666621062106        66.91216    
   76.3770577857786        66.91266    
   76.3874534653465        66.91305    
   76.3978491449145        66.91364    
   76.4082448244825        66.91412    
   76.4186405040504        66.91452    
   76.4290361836184        66.91506    
   76.4394318631863        66.91552    
   76.4498275427543        66.91596    
   76.4602232223222        66.91640    
   76.4706189018902        66.91689    
   76.4810145814581        66.91729    
   76.4914102610261        66.91780    
   76.5018059405941        66.91832    
   76.5122016201620        66.91869    
   76.5225972997300        66.91927    
   76.5329929792979        66.91974    
   76.5433886588659        66.92010    
   76.5537843384338        66.92059    
   76.5641800180018        66.92106    
   76.5745756975698        66.92162    
   76.5849713771377        66.92197    
   76.5953670567057        66.92249    
   76.6057627362736        66.92296    
   76.6161584158416        66.92339    
   76.6265540954095        66.92382    
   76.6369497749775        66.92442    
   76.6473454545455        66.92472    
   76.6577411341134        66.92516    
   76.6681368136814        66.92568    
   76.6785324932493        66.92613    
   76.6889281728173        66.92657    
   76.6993238523852        66.92712    
   76.7097195319532        66.92757    
   76.7201152115211        66.92798    
   76.7305108910891        66.92837    
   76.7409065706571        66.92888    
   76.7513022502250        66.92930    
   76.7616979297930        66.92978    
   76.7720936093609        66.93026    
   76.7824892889289        66.93067    
   76.7928849684968        66.93108    
   76.8032806480648        66.93150    
   76.8136763276328        66.93202    
   76.8240720072007        66.93254    
   76.8344676867687        66.93291    
   76.8448633663366        66.93338    
   76.8552590459046        66.93378    
   76.8656547254726        66.93429    
   76.8760504050405        66.93481    
   76.8864460846085        66.93525    
   76.8968417641764        66.93563    
   76.9072374437444        66.93613    
   76.9176331233123        66.93659    
   76.9280288028803        66.93698    
   76.9384244824482        66.93745    
   76.9488201620162        66.93802    
   76.9592158415842        66.93844    
   76.9696115211521        66.93885    
   76.9800072007201        66.93920    
   76.9904028802880        66.93971    
   77.0007985598560        66.94018    
   77.0111942394239        66.94070    
   77.0215899189919        66.94111    
   77.0319855985599        66.94153    
   77.0423812781278        66.94205    
   77.0527769576958        66.94240    
   77.0631726372637        66.94289    
   77.0735683168317        66.94336    
   77.0839639963996        66.94387    
   77.0943596759676        66.94424    
   77.1047553555356        66.94469    
   77.1151510351035        66.94510    
   77.1255467146715        66.94558    
   77.1359423942394        66.94606    
   77.1463380738074        66.94651    
   77.1567337533753        66.94682    
   77.1671294329433        66.94729    
   77.1775251125112        66.94773    
   77.1879207920792        66.94817    
   77.1983164716472        66.94867    
   77.2087121512151        66.94906    
   77.2191078307831        66.94939    
   77.2295035103510        66.95000    
   77.2398991899190        66.95027    
   77.2502948694870        66.95075    
   77.2606905490549        66.95132    
   77.2710862286229        66.95166    
   77.2814819081908        66.95213    
   77.2918775877588        66.95261    
   77.3022732673267        66.95297    
   77.3126689468947        66.95353    
   77.3230646264627        66.95400    
   77.3334603060306        66.95434    
   77.3438559855986        66.95480    
   77.3542516651665        66.95528    
   77.3646473447345        66.95567    
   77.3750430243024        66.95619    
   77.3854387038704        66.95657    
   77.3958343834383        66.95698    
   77.4062300630063        66.95753    
   77.4166257425743        66.95789    
   77.4270214221422        66.95830    
   77.4374171017102        66.95884    
   77.4478127812781        66.95921    
   77.4582084608461        66.95970    
   77.4686041404140        66.96006    
   77.4789998199820        66.96043    
   77.4893954995500        66.96098    
   77.4997911791179        66.96144    
   77.5101868586859        66.96181    
   77.5205825382538        66.96220    
   77.5309782178218        66.96270    
   77.5413738973897        66.96311    
   77.5517695769577        66.96362    
   77.5621652565257        66.96415    
   77.5725609360936        66.96441    
   77.5829566156616        66.96489    
   77.5933522952295        66.96528    
   77.6037479747975        66.96580    
   77.6141436543654        66.96617    
   77.6245393339334        66.96661    
   77.6349350135013        66.96712    
   77.6453306930693        66.96746    
   77.6557263726373        66.96790    
   77.6661220522052        66.96830    
   77.6765177317732        66.96881    
   77.6869134113411        66.96918    
   77.6973090909091        66.96959    
   77.7077047704771        66.97006    
   77.7181004500450        66.97034    
   77.7284961296130        66.97087    
   77.7388918091809        66.97125    
   77.7492874887489        66.97179    
   77.7596831683168        66.97211    
   77.7700788478848        66.97259    
   77.7804745274528        66.97298    
   77.7908702070207        66.97340    
   77.8012658865887        66.97394    
   77.8116615661566        66.97436    
   77.8220572457246        66.97476    
   77.8324529252925        66.97520    
   77.8428486048605        66.97560    
   77.8532442844284        66.97597    
   77.8636399639964        66.97639    
   77.8740356435644        66.97684    
   77.8844313231323        66.97733    
   77.8948270027003        66.97763    
   77.9052226822682        66.97821    
   77.9156183618362        66.97865    
   77.9260140414041        66.97903    
   77.9364097209721        66.97938    
   77.9468054005401        66.97995    
   77.9572010801080        66.98029    
   77.9675967596760        66.98077    
   77.9779924392439        66.98120    
   77.9883881188119        66.98163    
   77.9987837983798        66.98185    
   78.0091794779478        66.98241    
   78.0195751575157        66.98283    
   78.0299708370837        66.98331    
   78.0403665166517        66.98366    
   78.0507621962196        66.98421    
   78.0611578757876        66.98454    
   78.0715535553555        66.98499    
   78.0819492349235        66.98538    
   78.0923449144914        66.98580    
   78.1027405940594        66.98616    
   78.1131362736274        66.98666    
   78.1235319531953        66.98703    
   78.1339276327633        66.98750    
   78.1443233123312        66.98781    
   78.1547189918992        66.98836    
   78.1651146714672        66.98875    
   78.1755103510351        66.98909    
   78.1859060306031        66.98956    
   78.1963017101710        66.99004    
   78.2066973897390        66.99037    
   78.2170930693069        66.99078    
   78.2274887488749        66.99126    
   78.2378844284428        66.99152    
   78.2482801080108        66.99203    
   78.2586757875788        66.99239    
   78.2690714671467        66.99288    
   78.2794671467147        66.99317    
   78.2898628262826        66.99367    
   78.3002585058506        66.99414    
   78.3106541854185        66.99451    
   78.3210498649865        66.99495    
   78.3314455445545        66.99545    
   78.3418412241224        66.99588    
   78.3522369036904        66.99609    
   78.3626325832583        66.99666    
   78.3730282628263        66.99704    
   78.3834239423942        66.99734    
   78.3938196219622        66.99779    
   78.4042153015302        66.99829    
   78.4146109810981        66.99873    
   78.4250066606661        66.99905    
   78.4354023402340        66.99954    
   78.4457980198020        66.99988    
   78.4561936993699        67.00040    
   78.4665893789379        67.00079    
   78.4769850585058        67.00114    
   78.4873807380738        67.00163    
   78.4977764176418        67.00198    
   78.5081720972097        67.00246    
   78.5185677767777        67.00283    
   78.5289634563456        67.00321    
   78.5393591359136        67.00359    
   78.5497548154815        67.00400    
   78.5601504950495        67.00452    
   78.5705461746175        67.00487    
   78.5809418541854        67.00539    
   78.5913375337534        67.00580    
   78.6017332133213        67.00607    
   78.6121288928893        67.00652    
   78.6225245724573        67.00687    
   78.6329202520252        67.00739    
   78.6433159315932        67.00781    
   78.6537116111611        67.00821    
   78.6641072907291        67.00851    
   78.6745029702970        67.00899    
   78.6848986498650        67.00954    
   78.6952943294329        67.00983    
   78.7056900090009        67.01016    
   78.7160856885689        67.01065    
   78.7264813681368        67.01093    
   78.7368770477048        67.01143    
   78.7472727272727        67.01187    
   78.7576684068407        67.01226    
   78.7680640864086        67.01267    
   78.7784597659766        67.01297    
   78.7888554455446        67.01350    
   78.7992511251125        67.01391    
   78.8096468046805        67.01421    
   78.8200424842484        67.01469    
   78.8304381638164        67.01509    
   78.8408338433843        67.01535    
   78.8512295229523        67.01586    
   78.8616252025203        67.01622    
   78.8720208820882        67.01660    
   78.8824165616562        67.01701    
   78.8928122412241        67.01744    
   78.9032079207921        67.01789    
   78.9136036003600        67.01822    
   78.9239992799280        67.01863    
   78.9343949594959        67.01917    
   78.9447906390639        67.01948    
   78.9551863186319        67.01978    
   78.9655819981998        67.02037    
   78.9759776777678        67.02065    
   78.9863733573357        67.02104    
   78.9967690369037        67.02161    
   79.0071647164716        67.02190    
   79.0175603960396        67.02217    
   79.0279560756076        67.02274    
   79.0383517551755        67.02314    
   79.0487474347435        67.02356    
   79.0591431143114        67.02395    
   79.0695387938794        67.02428    
   79.0799344734474        67.02471    
   79.0903301530153        67.02505    
   79.1007258325833        67.02560    
   79.1111215121512        67.02594    
   79.1215171917192        67.02628    
   79.1319128712871        67.02669    
   79.1423085508551        67.02714    
   79.1527042304230        67.02764    
   79.1630999099910        67.02784    
   79.1734955895590        67.02829    
   79.1838912691269        67.02874    
   79.1942869486949        67.02906    
   79.2046826282628        67.02953    
   79.2150783078308        67.02998    
   79.2254739873987        67.03027    
   79.2358696669667        67.03061    
   79.2462653465347        67.03118    
   79.2566610261026        67.03145    
   79.2670567056706        67.03181    
   79.2774523852385        67.03232    
   79.2878480648065        67.03265    
   79.2982437443744        67.03305    
   79.3086394239424        67.03352    
   79.3190351035104        67.03391    
   79.3294307830783        67.03423    
   79.3398264626463        67.03471    
   79.3502221422142        67.03510    
   79.3606178217822        67.03534    
   79.3710135013501        67.03585    
   79.3814091809181        67.03620    
   79.3918048604860        67.03656    
   79.4022005400540        67.03706    
   79.4125962196220        67.03738    
   79.4229918991899        67.03781    
   79.4333875787579        67.03819    
   79.4437832583258        67.03857    
   79.4541789378938        67.03900    
   79.4645746174617        67.03938    
   79.4749702970297        67.03974    
   79.4853659765977        67.04016    
   79.4957616561656        67.04047    
   79.5061573357336        67.04091    
   79.5165530153015        67.04119    
   79.5269486948695        67.04176    
   79.5373443744374        67.04207    
   79.5477400540054        67.04244    
   79.5581357335734        67.04294    
   79.5685314131413        67.04316    
   79.5789270927093        67.04366    
   79.5893227722772        67.04389    
   79.5997184518452        67.04443    
   79.6101141314131        67.04475    
   79.6205098109811        67.04507    
   79.6309054905491        67.04562    
   79.6413011701170        67.04597    
   79.6516968496850        67.04646    
   79.6620925292529        67.04674    
   79.6724882088209        67.04711    
   79.6828838883888        67.04755    
   79.6932795679568        67.04781    
   79.7036752475248        67.04829    
   79.7140709270927        67.04871    
   79.7244666066607        67.04917    
   79.7348622862286        67.04935    
   79.7452579657966        67.04990    
   79.7556536453645        67.05031    
   79.7660493249325        67.05054    
   79.7764450045004        67.05117    
   79.7868406840684        67.05146    
   79.7972363636364        67.05173    
   79.8076320432043        67.05211    
   79.8180277227723        67.05253    
   79.8284234023402        67.05303    
   79.8388190819082        67.05323    
   79.8492147614761        67.05372    
   79.8596104410441        67.05415    
   79.8700061206121        67.05445    
   79.8804018001800        67.05493    
   79.8907974797480        67.05535    
   79.9011931593159        67.05565    
   79.9115888388839        67.05604    
   79.9219845184519        67.05641    
   79.9323801980198        67.05697    
   79.9427758775878        67.05710    
   79.9531715571557        67.05749    
   79.9635672367237        67.05807    
   79.9739629162916        67.05830    
   79.9843585958596        67.05872    
   79.9947542754275        67.05924    
   80.0051499549955        67.05956    
   80.0155456345635        67.05981    
   80.0259413141314        67.06024    
   80.0363369936994        67.06063    
   80.0467326732673        67.06104    
   80.0571283528353        67.06140    
   80.0675240324032        67.06180    
   80.0779197119712        67.06218    
   80.0883153915392        67.06255    
   80.0987110711071        67.06291    
   80.1091067506751        67.06332    
   80.1195024302430        67.06374    
   80.1298981098110        67.06409    
   80.1402937893789        67.06446    
   80.1506894689469        67.06488    
   80.1610851485149        67.06519    
   80.1714808280828        67.06561    
   80.1818765076508        67.06599    
   80.1922721872187        67.06623    
   80.2026678667867        67.06675    
   80.2130635463546        67.06715    
   80.2234592259226        67.06745    
   80.2338549054905        67.06784    
   80.2442505850585        67.06829    
   80.2546462646265        67.06862    
   80.2650419441944        67.06901    
   80.2754376237624        67.06941    
   80.2858333033303        67.06976    
   80.2962289828983        67.07008    
   80.3066246624662        67.07055    
   80.3170203420342        67.07091    
   80.3274160216022        67.07133    
   80.3378117011701        67.07168    
   80.3482073807381        67.07204    
   80.3586030603060        67.07243    
   80.3689987398740        67.07280    
   80.3793944194420        67.07314    
   80.3897900990099        67.07349    
   80.4001857785779        67.07385    
   80.4105814581458        67.07427    
   80.4209771377138        67.07461    
   80.4313728172817        67.07496    
   80.4417684968497        67.07548    
   80.4521641764176        67.07567    
   80.4625598559856        67.07608    
   80.4729555355536        67.07652    
   80.4833512151215        67.07679    
   80.4937468946895        67.07719    
   80.5041425742574        67.07766    
   80.5145382538254        67.07791    
   80.5249339333933        67.07822    
   80.5353296129613        67.07873    
   80.5457252925293        67.07920    
   80.5561209720972        67.07938    
   80.5665166516652        67.07982    
   80.5769123312331        67.08014    
   80.5873080108011        67.08054    
   80.5977036903690        67.08094    
   80.6080993699370        67.08134    
   80.6184950495050        67.08172    
   80.6288907290729        67.08208    
   80.6392864086409        67.08244    
   80.6496820882088        67.08279    
   80.6600777677768        67.08327    
   80.6704734473447        67.08357    
   80.6808691269127        67.08395    
   80.6912648064806        67.08434    
   80.7016604860486        67.08463    
   80.7120561656166        67.08501    
   80.7224518451845        67.08548    
   80.7328475247525        67.08580    
   80.7432432043204        67.08617    
   80.7536388838884        67.08656    
   80.7640345634563        67.08698    
   80.7744302430243        67.08721    
   80.7848259225923        67.08763    
   80.7952216021602        67.08799    
   80.8056172817282        67.08842    
   80.8160129612961        67.08874    
   80.8264086408641        67.08911    
   80.8368043204321        67.08953    
   80.8472000000000        67.08981    
   80.8575956795680        67.09024    
   80.8679913591359        67.09062    
   80.8783870387039        67.09097    
   80.8887827182718        67.09138    
   80.8991783978398        67.09167    
   80.9095740774077        67.09207    
   80.9199697569757        67.09244    
   80.9303654365437        67.09290    
   80.9407611161116        67.09322    
   80.9511567956796        67.09349    
   80.9615524752475        67.09389    
   80.9719481548155        67.09433    
   80.9823438343834        67.09467    
   80.9927395139514        67.09500    
   81.0031351935194        67.09543    
   81.0135308730873        67.09579    
   81.0239265526553        67.09621    
   81.0343222322232        67.09644    
   81.0447179117912        67.09676    
   81.0551135913591        67.09724    
   81.0655092709271        67.09761    
   81.0759049504950        67.09796    
   81.0863006300630        67.09837    
   81.0966963096310        67.09868    
   81.1070919891989        67.09910    
   81.1174876687669        67.09943    
   81.1278833483348        67.09975    
   81.1382790279028        67.10020    
   81.1486747074707        67.10043    
   81.1590703870387        67.10092    
   81.1694660666067        67.10120    
   81.1798617461746        67.10156    
   81.1902574257426        67.10201    
   81.2006531053105        67.10236    
   81.2110487848785        67.10269    
   81.2214444644464        67.10317    
   81.2318401440144        67.10349    
   81.2422358235824        67.10378    
   81.2526315031503        67.10414    
   81.2630271827183        67.10448    
   81.2734228622862        67.10481    
   81.2838185418542        67.10519    
   81.2942142214221        67.10565    
   81.3046099009901        67.10600    
   81.3150055805581        67.10629    
   81.3254012601260        67.10672    
   81.3357969396940        67.10700    
   81.3461926192619        67.10744    
   81.3565882988299        67.10781    
   81.3669839783978        67.10812    
   81.3773796579658        67.10861    
   81.3877753375338        67.10880    
   81.3981710171017        67.10919    
   81.4085666966697        67.10965    
   81.4189623762376        67.10995    
   81.4293580558056        67.11021    
   81.4397537353735        67.11059    
   81.4501494149415        67.11107    
   81.4605450945095        67.11134    
   81.4709407740774        67.11172    
   81.4813364536454        67.11209    
   81.4917321332133        67.11237    
   81.5021278127813        67.11288    
   81.5125234923492        67.11320    
   81.5229191719172        67.11357    
   81.5333148514851        67.11386    
   81.5437105310531        67.11427    
   81.5541062106211        67.11465    
   81.5645018901890        67.11495    
   81.5748975697570        67.11534    
   81.5852932493249        67.11567    
   81.5956889288929        67.11605    
   81.6060846084608        67.11644    
   81.6164802880288        67.11676    
   81.6268759675968        67.11703    
   81.6372716471647        67.11742    
   81.6476673267327        67.11778    
   81.6580630063006        67.11809    
   81.6684586858686        67.11848    
   81.6788543654365        67.11882    
   81.6892500450045        67.11913    
   81.6996457245725        67.11964    
   81.7100414041404        67.11987    
   81.7204370837084        67.12029    
   81.7308327632763        67.12068    
   81.7412284428443        67.12097    
   81.7516241224122        67.12140    
   81.7620198019802        67.12169    
   81.7724154815482        67.12202    
   81.7828111611161        67.12242    
   81.7932068406841        67.12280    
   81.8036025202520        67.12311    
   81.8139981998200        67.12350    
   81.8243938793879        67.12382    
   81.8347895589559        67.12413    
   81.8451852385239        67.12463    
   81.8555809180918        67.12498    
   81.8659765976598        67.12531    
   81.8763722772277        67.12568    
   81.8867679567957        67.12602    
   81.8971636363636        67.12625    
   81.9075593159316        67.12677    
   81.9179549954996        67.12708    
   81.9283506750675        67.12735    
   81.9387463546355        67.12778    
   81.9491420342034        67.12811    
   81.9595377137714        67.12844    
   81.9699333933393        67.12886    
   81.9803290729073        67.12920    
   81.9907247524752        67.12946    
   82.0011204320432        67.12987    
   82.0115161116112        67.13023    
   82.0219117911791        67.13062    
   82.0323074707471        67.13099    
   82.0427031503150        67.13121    
   82.0530988298830        67.13161    
   82.0634945094509        67.13196    
   82.0738901890189        67.13234    
   82.0842858685869        67.13266    
   82.0946815481548        67.13303    
   82.1050772277228        67.13334    
   82.1154729072907        67.13377    
   82.1258685868587        67.13403    
   82.1362642664267        67.13451    
   82.1466599459946        67.13479    
   82.1570556255626        67.13508    
   82.1674513051305        67.13550    
   82.1778469846985        67.13583    
   82.1882426642664        67.13615    
   82.1986383438344        67.13652    
   82.2090340234023        67.13688    
   82.2194297029703        67.13719    
   82.2298253825383        67.13754    
   82.2402210621062        67.13795    
   82.2506167416742        67.13829    
   82.2610124212421        67.13863    
   82.2714081008101        67.13893    
   82.2818037803780        67.13931    
   82.2921994599460        67.13966    
   82.3025951395140        67.14001    
   82.3129908190819        67.14038    
   82.3233864986499        67.14064    
   82.3337821782178        67.14099    
   82.3441778577858        67.14134    
   82.3545735373537        67.14171    
   82.3649692169217        67.14197    
   82.3753648964897        67.14236    
   82.3857605760576        67.14268    
   82.3961562556256        67.14308    
   82.4065519351935        67.14346    
   82.4169476147615        67.14377    
   82.4273432943294        67.14412    
   82.4377389738974        67.14439    
   82.4481346534653        67.14476    
   82.4585303330333        67.14510    
   82.4689260126013        67.14552    
   82.4793216921692        67.14584    
   82.4897173717372        67.14618    
   82.5001130513051        67.14660    
   82.5105087308731        67.14687    
   82.5209044104410        67.14734    
   82.5313000900090        67.14757    
   82.5416957695770        67.14796    
   82.5520914491449        67.14835    
   82.5624871287129        67.14861    
   82.5728828082808        67.14896    
   82.5832784878488        67.14931    
   82.5936741674167        67.14970    
   82.6040698469847        67.14997    
   82.6144655265527        67.15038    
   82.6248612061206        67.15068    
   82.6352568856886        67.15105    
   82.6456525652565        67.15135    
   82.6560482448245        67.15174    
   82.6664439243924        67.15205    
   82.6768396039604        67.15240    
   82.6872352835284        67.15262    
   82.6976309630963        67.15298    
   82.7080266426643        67.15338    
   82.7184223222322        67.15385    
   82.7288180018002        67.15412    
   82.7392136813681        67.15443    
   82.7496093609361        67.15485    
   82.7600050405041        67.15517    
   82.7704007200720        67.15562    
   82.7807963996400        67.15586    
   82.7911920792079        67.15614    
   82.8015877587759        67.15651    
   82.8119834383438        67.15688    
   82.8223791179118        67.15717    
   82.8327747974797        67.15756    
   82.8431704770477        67.15786    
   82.8535661566157        67.15814    
   82.8639618361836        67.15852    
   82.8743575157516        67.15881    
   82.8847531953195        67.15916    
   82.8951488748875        67.15962    
   82.9055445544554        67.15986    
   82.9159402340234        67.16029    
   82.9263359135914        67.16065    
   82.9367315931593        67.16095    
   82.9471272727273        67.16129    
   82.9575229522952        67.16162    
   82.9679186318632        67.16199    
   82.9783143114311        67.16235    
   82.9887099909991        67.16260    
   82.9991056705671        67.16284    
   83.0095013501350        67.16328    
   83.0198970297030        67.16368    
   83.0302927092709        67.16409    
   83.0406883888389        67.16434    
   83.0510840684068        67.16465    
   83.0614797479748        67.16512    
   83.0718754275428        67.16536    
   83.0822711071107        67.16568    
   83.0926667866787        67.16608    
   83.1030624662466        67.16646    
   83.1134581458146        67.16663    
   83.1238538253825        67.16702    
   83.1342495049505        67.16737    
   83.1446451845185        67.16762    
   83.1550408640864        67.16805    
   83.1654365436544        67.16839    
   83.1758322232223        67.16878    
   83.1862279027903        67.16908    
   83.1966235823582        67.16943    
   83.2070192619262        67.16985    
   83.2174149414942        67.17008    
   83.2278106210621        67.17044    
   83.2382063006301        67.17078    
   83.2486019801980        67.17104    
   83.2589976597660        67.17141    
   83.2693933393339        67.17174    
   83.2797890189019        67.17200    
   83.2901846984698        67.17250    
   83.3005803780378        67.17277    
   83.3109760576058        67.17314    
   83.3213717371737        67.17349    
   83.3317674167417        67.17375    
   83.3421630963096        67.17410    
   83.3525587758776        67.17439    
   83.3629544554455        67.17474    
   83.3733501350135        67.17516    
   83.3837458145815        67.17544    
   83.3941414941494        67.17577    
   83.4045371737174        67.17614    
   83.4149328532853        67.17647    
   83.4253285328533        67.17679    
   83.4357242124212        67.17712    
   83.4461198919892        67.17745    
   83.4565155715572        67.17773    
   83.4669112511251        67.17815    
   83.4773069306931        67.17841    
   83.4877026102610        67.17876    
   83.4980982898290        67.17906    
   83.5084939693969        67.17943    
   83.5188896489649        67.17978    
   83.5292853285329        67.18008    
   83.5396810081008        67.18041    
   83.5500766876688        67.18075    
   83.5604723672367        67.18104    
   83.5708680468047        67.18140    
   83.5812637263726        67.18172    
   83.5916594059406        67.18199    
   83.6020550855086        67.18241    
   83.6124507650765        67.18279    
   83.6228464446445        67.18309    
   83.6332421242124        67.18343    
   83.6436378037804        67.18365    
   83.6540334833483        67.18409    
   83.6644291629163        67.18446    
   83.6748248424843        67.18479    
   83.6852205220522        67.18512    
   83.6956162016202        67.18537    
   83.7060118811881        67.18581    
   83.7164075607561        67.18613    
   83.7268032403240        67.18645    
   83.7371989198920        67.18671    
   83.7475945994599        67.18703    
   83.7579902790279        67.18739    
   83.7683859585959        67.18777    
   83.7787816381638        67.18803    
   83.7891773177318        67.18837    
   83.7995729972997        67.18871    
   83.8099686768677        67.18906    
   83.8203643564356        67.18940    
   83.8307600360036        67.18965    
   83.8411557155716        67.18994    
   83.8515513951395        67.19029    
   83.8619470747075        67.19075    
   83.8723427542754        67.19102    
   83.8827384338434        67.19131    
   83.8931341134113        67.19171    
   83.9035297929793        67.19199    
   83.9139254725473        67.19238    
   83.9243211521152        67.19274    
   83.9347168316832        67.19296    
   83.9451125112511        67.19333    
   83.9555081908191        67.19366    
   83.9659038703870        67.19401    
   83.9762995499550        67.19427    
   83.9866952295230        67.19459    
   83.9970909090909        67.19484    
   84.0074865886589        67.19531    
   84.0178822682268        67.19556    
   84.0282779477948        67.19588    
   84.0386736273627        67.19622    
   84.0490693069307        67.19657    
   84.0594649864987        67.19700    
   84.0698606660666        67.19734    
   84.0802563456346        67.19763    
   84.0906520252025        67.19791    
   84.1010477047705        67.19826    
   84.1114433843384        67.19855    
   84.1218390639064        67.19879    
   84.1322347434743        67.19919    
   84.1426304230423        67.19948    
   84.1530261026103        67.19976    
   84.1634217821782        67.20013    
   84.1738174617462        67.20046    
   84.1842131413141        67.20078    
   84.1946088208821        67.20107    
   84.2050045004500        67.20137    
   84.2154001800180        67.20176    
   84.2257958595860        67.20210    
   84.2361915391539        67.20242    
   84.2465872187219        67.20278    
   84.2569828982898        67.20311    
   84.2673785778578        67.20342    
   84.2777742574257        67.20375    
   84.2881699369937        67.20404    
   84.2985656165617        67.20438    
   84.3089612961296        67.20472    
   84.3193569756976        67.20501    
   84.3297526552655        67.20535    
   84.3401483348335        67.20558    
   84.3505440144014        67.20599    
   84.3609396939694        67.20635    
   84.3713353735373        67.20660    
   84.3817310531053        67.20698    
   84.3921267326733        67.20734    
   84.4025224122412        67.20762    
   84.4129180918092        67.20796    
   84.4233137713771        67.20827    
   84.4337094509451        67.20848    
   84.4441051305131        67.20884    
   84.4545008100810        67.20914    
   84.4648964896490        67.20950    
   84.4752921692169        67.20982    
   84.4856878487849        67.21019    
   84.4960835283528        67.21061    
   84.5064792079208        67.21087    
   84.5168748874888        67.21109    
   84.5272705670567        67.21144    
   84.5376662466247        67.21178    
   84.5480619261926        67.21216    
   84.5584576057606        67.21234    
   84.5688532853285        67.21265    
   84.5792489648965        67.21304    
   84.5896446444644        67.21335    
   84.6000403240324        67.21375    
   84.6104360036004        67.21412    
   84.6208316831683        67.21433    
   84.6312273627363        67.21479    
   84.6416230423042        67.21498    
   84.6520187218722        67.21532    
   84.6624144014401        67.21562    
   84.6728100810081        67.21592    
   84.6832057605761        67.21637    
   84.6936014401440        67.21658    
   84.7039971197120        67.21680    
   84.7143927992799        67.21720    
   84.7247884788479        67.21744    
   84.7351841584158        67.21777    
   84.7455798379838        67.21820    
   84.7559755175518        67.21848    
   84.7663711971197        67.21891    
   84.7767668766877        67.21912    
   84.7871625562556        67.21944    
   84.7975582358236        67.21983    
   84.8079539153915        67.22012    
   84.8183495949595        67.22044    
   84.8287452745274        67.22076    
   84.8391409540954        67.22102    
   84.8495366336634        67.22150    
   84.8599323132313        67.22173    
   84.8703279927993        67.22206    
   84.8807236723672        67.22239    
   84.8911193519352        67.22269    
   84.9015150315032        67.22305    
   84.9119107110711        67.22331    
   84.9223063906391        67.22369    
   84.9327020702070        67.22401    
   84.9430977497750        67.22420    
   84.9534934293429        67.22455    
   84.9638891089109        67.22488    
   84.9742847884789        67.22530    
   84.9846804680468        67.22553    
   84.9950761476148        67.22583    
   85.0054718271827        67.22616    
   85.0158675067507        67.22651    
   85.0262631863186        67.22679    
   85.0366588658866        67.22715    
   85.0470545454545        67.22752    
   85.0574502250225        67.22771    
   85.0678459045905        67.22813    
   85.0782415841584        67.22845    
   85.0886372637264        67.22865    
   85.0990329432943        67.22911    
   85.1094286228623        67.22930    
   85.1198243024302        67.22980    
   85.1302199819982        67.22988    
   85.1406156615662        67.23024    
   85.1510113411341        67.23055    
   85.1614070207021        67.23091    
   85.1718027002700        67.23129    
   85.1821983798380        67.23157    
   85.1925940594059        67.23186    
   85.2029897389739        67.23221    
   85.2133854185419        67.23257    
   85.2237810981098        67.23279    
   85.2341767776778        67.23310    
   85.2445724572457        67.23344    
   85.2549681368137        67.23376    
   85.2653638163816        67.23415    
   85.2757594959496        67.23441    
   85.2861551755175        67.23474    
   85.2965508550855        67.23494    
   85.3069465346535        67.23532    
   85.3173422142214        67.23566    
   85.3277378937894        67.23589    
   85.3381335733573        67.23626    
   85.3485292529253        67.23656    
   85.3589249324933        67.23695    
   85.3693206120612        67.23721    
   85.3797162916292        67.23753    
   85.3901119711971        67.23776    
   85.4005076507651        67.23818    
   85.4109033303330        67.23846    
   85.4212990099010        67.23876    
   85.4316946894690        67.23900    
   85.4420903690369        67.23940    
   85.4524860486049        67.23973    
   85.4628817281728        67.24009    
   85.4732774077408        67.24039    
   85.4836730873087        67.24053    
   85.4940687668767        67.24098    
   85.5044644464446        67.24123    
   85.5148601260126        67.24161    
   85.5252558055806        67.24182    
   85.5356514851485        67.24218    
   85.5460471647165        67.24243    
   85.5564428442844        67.24286    
   85.5668385238524        67.24303    
   85.5772342034203        67.24336    
   85.5876298829883        67.24374    
   85.5980255625563        67.24403    
   85.6084212421242        67.24430    
   85.6188169216922        67.24467    
   85.6292126012601        67.24491    
   85.6396082808281        67.24519    
   85.6500039603960        67.24552    
   85.6603996399640        67.24593    
   85.6707953195319        67.24617    
   85.6811909990999        67.24655    
   85.6915866786679        67.24683    
   85.7019823582358        67.24715    
   85.7123780378038        67.24744    
   85.7227737173717        67.24775    
   85.7331693969397        67.24819    
   85.7435650765077        67.24847    
   85.7539607560756        67.24870    
   85.7643564356436        67.24898    
   85.7747521152115        67.24937    
   85.7851477947795        67.24967    
   85.7955434743474        67.24998    
   85.8059391539154        67.25029    
   85.8163348334834        67.25066    
   85.8267305130513        67.25085    
   85.8371261926193        67.25121    
   85.8475218721872        67.25153    
   85.8579175517552        67.25186    
   85.8683132313231        67.25213    
   85.8787089108911        67.25250    
   85.8891045904590        67.25282    
   85.8995002700270        67.25308    
   85.9098959495950        67.25337    
   85.9202916291629        67.25372    
   85.9306873087309        67.25403    
   85.9410829882988        67.25430    
   85.9514786678668        67.25452    
   85.9618743474347        67.25496    
   85.9722700270027        67.25508    
   85.9826657065707        67.25555    
   85.9930613861386        67.25583    
   86.0034570657066        67.25615    
   86.0138527452745        67.25633    
   86.0242484248425        67.25676    
   86.0346441044104        67.25711    
   86.0450397839784        67.25743    
   86.0554354635464        67.25754    
   86.0658311431143        67.25803    
   86.0762268226823        67.25820    
   86.0866225022502        67.25864    
   86.0970181818182        67.25884    
   86.1074138613861        67.25920    
   86.1178095409541        67.25953    
   86.1282052205220        67.25983    
   86.1386009000900        67.26006    
   86.1489965796580        67.26045    
   86.1593922592259        67.26072    
   86.1697879387939        67.26109    
   86.1801836183618        67.26134    
   86.1905792979298        67.26163    
   86.2009749774978        67.26194    
   86.2113706570657        67.26228    
   86.2217663366337        67.26262    
   86.2321620162016        67.26289    
   86.2425576957696        67.26322    
   86.2529533753375        67.26350    
   86.2633490549055        67.26385    
   86.2737447344735        67.26410    
   86.2841404140414        67.26448    
   86.2945360936094        67.26477    
   86.3049317731773        67.26510    
   86.3153274527453        67.26527    
   86.3257231323132        67.26559    
   86.3361188118812        67.26598    
   86.3465144914491        67.26630    
   86.3569101710171        67.26645    
   86.3673058505851        67.26694    
   86.3777015301530        67.26714    
   86.3880972097210        67.26757    
   86.3984928892889        67.26755    
   86.4088885688569        67.26813    
   86.4192842484248        67.26839    
   86.4296799279928        67.26875    
   86.4400756075608        67.26887    
   86.4504712871287        67.26929    
   86.4608669666967        67.26955    
   86.4712626462646        67.27002    
   86.4816583258326        67.27010    
   86.4920540054005        67.27058    
   86.5024496849685        67.27075    
   86.5128453645365        67.27119    
   86.5232410441044        67.27127    
   86.5336367236724        67.27177    
   86.5440324032403        67.27190    
   86.5544280828083        67.27232    
   86.5648237623762        67.27253    
   86.5752194419442        67.27290    
   86.5856151215121        67.27307    
   86.5960108010801        67.27354    
   86.6064064806481        67.27370    
   86.6168021602160        67.27423    
   86.6271978397840        67.27434    
   86.6375935193519        67.27477    
   86.6479891989199        67.27484    
   86.6583848784879        67.27543    
   86.6687805580558        67.27558    
   86.6791762376238        67.27594    
   86.6895719171917        67.27592    
   86.6999675967597        67.27666    
   86.7103632763276        67.27671    
   86.7207589558956        67.27711    
   86.7311546354636        67.27717    
   86.7415503150315        67.27777    
   86.7519459945995        67.27799    
   86.7623416741674        67.27841    
   86.7727373537354        67.27858    
   86.7831330333033        67.27899    
   86.7935287128713        67.27916    
   86.8039243924392        67.27953    
   86.8143200720072        67.27979    
   86.8247157515752        67.28008    
   86.8351114311431        67.28040    
   86.8455071107111        67.28069    
   86.8559027902790        67.28109    
   86.8662984698470        67.28140    
   86.8766941494149        67.28168    
   86.8870898289829        67.28191    
   86.8974855085509        67.28233    
   86.9078811881188        67.28256    
   86.9182768676868        67.28281    
   86.9286725472547        67.28320    
   86.9390682268227        67.28354    
   86.9494639063906        67.28376    
   86.9598595859586        67.28402    
   86.9702552655266        67.28439    
   86.9806509450945        67.28471    
   86.9910466246625        67.28493    
   87.0014423042304        67.28523    
   87.0118379837984        67.28563    
   87.0222336633663        67.28600    
   87.0326293429343        67.28608    
   87.0430250225022        67.28648    
   87.0534207020702        67.28672    
   87.0638163816382        67.28711    
   87.0742120612061        67.28725    
   87.0846077407741        67.28775    
   87.0950034203420        67.28793    
   87.1053990999100        67.28825    
   87.1157947794780        67.28844    
   87.1261904590459        67.28893    
   87.1365861386139        67.28900    
   87.1469818181818        67.28957    
   87.1573774977498        67.28969    
   87.1677731773177        67.29006    
   87.1781688568857        67.29024    
   87.1885645364536        67.29062    
   87.1989602160216        67.29089    
   87.2093558955896        67.29128    
   87.2197515751575        67.29131    
   87.2301472547255        67.29184    
   87.2405429342934        67.29196    
   87.2509386138614        67.29250    
   87.2613342934293        67.29254    
   87.2717299729973        67.29298    
   87.2821256525653        67.29317    
   87.2925213321332        67.29369    
   87.3029170117012        67.29381    
   87.3133126912691        67.29418    
   87.3237083708371        67.29440    
   87.3341040504050        67.29480    
   87.3444997299730        67.29507    
   87.3548954095410        67.29539    
   87.3652910891089        67.29559    
   87.3756867686769        67.29604    
   87.3860824482448        67.29631    
   87.3964781278128        67.29657    
   87.4068738073807        67.29682    
   87.4172694869487        67.29726    
   87.4276651665166        67.29741    
   87.4380608460846        67.29765    
   87.4484565256526        67.29802    
   87.4588522052205        67.29836    
   87.4692478847885        67.29863    
   87.4796435643564        67.29875    
   87.4900392439244        67.29929    
   87.5004349234923        67.29939    
   87.5108306030603        67.29982    
   87.5212262826283        67.30006    
   87.5316219621962        67.30040    
   87.5420176417642        67.30061    
   87.5524133213321        67.30096    
   87.5628090009001        67.30127    
   87.5732046804681        67.30159    
   87.5836003600360        67.30168    
   87.5939960396040        67.30224    
   87.6043917191719        67.30239    
   87.6147873987399        67.30273    
   87.6251830783078        67.30295    
   87.6355787578758        67.30328    
   87.6459744374437        67.30350    
   87.6563701170117        67.30402    
   87.6667657965797        67.30409    
   87.6771614761476        67.30457    
   87.6875571557156        67.30463    
   87.6979528352835        67.30509    
   87.7083485148515        67.30522    
   87.7187441944194        67.30576    
   87.7291398739874        67.30583    
   87.7395355535554        67.30630    
   87.7499312331233        67.30640    
   87.7603269126913        67.30684    
   87.7707225922592        67.30705    
   87.7811182718272        67.30740    
   87.7915139513951        67.30750    
   87.8019096309631        67.30806    
   87.8123053105311        67.30812    
   87.8227009900990        67.30865    
   87.8330966696670        67.30877    
   87.8434923492349        67.30923    
   87.8538880288029        67.30945    
   87.8642837083708        67.30974    
   87.8746793879388        67.31002    
   87.8850750675067        67.31035    
   87.8954707470747        67.31068    
   87.9058664266427        67.31093    
   87.9162621062106        67.31121    
   87.9266577857786        67.31142    
   87.9370534653465        67.31184    
   87.9474491449145        67.31207    
   87.9578448244825        67.31236    
   87.9682405040504        67.31256    
   87.9786361836184        67.31295    
   87.9890318631863        67.31329    
   87.9994275427543        67.31365    
   88.0098232223222        67.31377    
   88.0202189018902        67.31410    
   88.0306145814582        67.31433    
   88.0410102610261        67.31479    
   88.0514059405941        67.31496    
   88.0618016201620        67.31532    
   88.0721972997300        67.31539    
   88.0825929792979        67.31592    
   88.0929886588659        67.31606    
   88.1033843384338        67.31647    
   88.1137800180018        67.31659    
   88.1241756975698        67.31702    
   88.1345713771377        67.31726    
   88.1449670567057        67.31771    
   88.1553627362736        67.31774    
   88.1657584158416        67.31828    
   88.1761540954095        67.31837    
   88.1865497749775        67.31880    
   88.1969454545455        67.31892    
   88.2073411341134        67.31941    
   88.2177368136814        67.31948    
   88.2281324932493        67.31994    
   88.2385281728173        67.32008    
   88.2489238523852        67.32050    
   88.2593195319532        67.32062    
   88.2697152115212        67.32129    
   88.2801108910891        67.32126    
   88.2905065706571        67.32156    
   88.3009022502250        67.32178    
   88.3112979297930        67.32241    
   88.3216936093609        67.32253    
   88.3320892889289        67.32265    
   88.3424849684968        67.32318    
   88.3528806480648        67.32345    
   88.3632763276328        67.32372    
   88.3736720072007        67.32375    
   88.3840676867687        67.32425    
   88.3944633663366        67.32461    
   88.4048590459046        67.32471    
   88.4152547254726        67.32500    
   88.4256504050405        67.32542    
   88.4360460846085        67.32564    
   88.4464417641764        67.32603    
   88.4568374437444        67.32623    
   88.4672331233123        67.32650    
   88.4776288028803        67.32684    
   88.4880244824483        67.32732    
   88.4984201620162        67.32730    
   88.5088158415842        67.32761    
   88.5192115211521        67.32799    
   88.5296072007201        67.32832    
   88.5400028802880        67.32846    
   88.5503985598560        67.32889    
   88.5607942394239        67.32896    
   88.5711899189919        67.32948    
   88.5815855985599        67.32967    
   88.5919812781278        67.33005    
   88.6023769576958        67.33006    
   88.6127726372637        67.33072    
   88.6231683168317        67.33081    
   88.6335639963996        67.33104    
   88.6439596759676        67.33131    
   88.6543553555356        67.33170    
   88.6647510351035        67.33176    
   88.6751467146715        67.33237    
   88.6855423942394        67.33241    
   88.6959380738074        67.33281    
   88.7063337533753        67.33302    
   88.7167294329433        67.33336    
   88.7271251125112        67.33366    
   88.7375207920792        67.33406    
   88.7479164716472        67.33420    
   88.7583121512151        67.33454    
   88.7687078307831        67.33495    
   88.7791035103510        67.33516    
   88.7894991899190        67.33543    
   88.7998948694869        67.33567    
   88.8102905490549        67.33588    
   88.8206862286229        67.33634    
   88.8310819081908        67.33670    
   88.8414775877588        67.33662    
   88.8518732673267        67.33720    
   88.8622689468947        67.33742    
   88.8726646264627        67.33766    
   88.8830603060306        67.33801    
   88.8934559855986        67.33836    
   88.9038516651665        67.33852    
   88.9142473447345        67.33882    
   88.9246430243024        67.33896    
   88.9350387038704        67.33960    
   88.9454343834383        67.33966    
   88.9558300630063        67.33982    
   88.9662257425743        67.34007    
   88.9766214221422        67.34065    
   88.9870171017102        67.34070    
   88.9974127812781        67.34129    
   89.0078084608461        67.34119    
   89.0182041404140        67.34172    
   89.0285998199820        67.34178    
   89.0389954995500        67.34212    
   89.0493911791179        67.34256    
   89.0597868586859        67.34283    
   89.0701825382538        67.34276    
   89.0805782178218        67.34328    
   89.0909738973897        67.34346    
   89.1013695769577        67.34409    
   89.1117652565257        67.34422    
   89.1221609360936        67.34444    
   89.1325566156616        67.34462    
   89.1429522952295        67.34511    
   89.1533479747975        67.34526    
   89.1637436543654        67.34575    
   89.1741393339334        67.34595    
   89.1845350135013        67.34614    
   89.1949306930693        67.34637    
   89.2053263726373        67.34659    
   89.2157220522052        67.34709    
   89.2261177317732        67.34735    
   89.2365134113411        67.34753    
   89.2469090909091        67.34785    
   89.2573047704770        67.34814    
   89.2677004500450        67.34842    
   89.2780961296130        67.34880    
   89.2884918091809        67.34888    
   89.2988874887489        67.34937    
   89.3092831683168        67.34942    
   89.3196788478848        67.34988    
   89.3300745274528        67.35007    
   89.3404702070207        67.35045    
   89.3508658865887        67.35072    
   89.3612615661566        67.35100    
   89.3716572457246        67.35108    
   89.3820529252925        67.35159    
   89.3924486048605        67.35168    
   89.4028442844284        67.35220    
   89.4132399639964        67.35229    
   89.4236356435644        67.35265    
   89.4340313231323        67.35278    
   89.4444270027003        67.35310    
   89.4548226822682        67.35338    
   89.4652183618362        67.35391    
   89.4756140414041        67.35392    
   89.4860097209721        67.35432    
   89.4964054005401        67.35455    
   89.5068010801080        67.35495    
   89.5171967596760        67.35513    
   89.5275924392439        67.35534    
   89.5379881188119        67.35578    
   89.5483837983798        67.35609    
   89.5587794779478        67.35635    
   89.5691751575158        67.35649    
   89.5795708370837        67.35677    
   89.5899665166517        67.35719    
   89.6003621962196        67.35760    
   89.6107578757876        67.35774    
   89.6211535553555        67.35806    
   89.6315492349235        67.35806    
   89.6419449144914        67.35862    
   89.6523405940594        67.35873    
   89.6627362736274        67.35925    
   89.6731319531953        67.35943    
   89.6835276327633        67.35967    
   89.6939233123312        67.35988    
   89.7043189918992        67.36029    
   89.7147146714671        67.36044    
   89.7251103510351        67.36085    
   89.7355060306031        67.36096    
   89.7459017101710        67.36147    
   89.7562973897390        67.36140    
   89.7666930693069        67.36201    
   89.7770887488749        67.36195    
   89.7874844284429        67.36251    
   89.7978801080108        67.36264    
   89.8082757875788        67.36298    
   89.8186714671467        67.36321    
   89.8290671467147        67.36356    
   89.8394628262826        67.36368    
   89.8498585058506        67.36413    
   89.8602541854185        67.36432    
   89.8706498649865        67.36478    
   89.8810455445545        67.36488    
   89.8914412241224        67.36521    
   89.9018369036904        67.36548    
   89.9122325832583        67.36583    
   89.9226282628263        67.36601    
   89.9330239423942        67.36626    
   89.9434196219622        67.36679    
   89.9538153015302        67.36687    
   89.9642109810981        67.36726    
   89.9746066606661        67.36739    
   89.9850023402340        67.36771    
   89.9953980198020        67.36789    
   90.0057936993699        67.36823    
   90.0161893789379        67.36863    
   90.0265850585059        67.36887    
   90.0369807380738        67.36906    
   90.0473764176418        67.36945    
   90.0577720972097        67.36942    
   90.0681677767777        67.36995    
   90.0785634563456        67.37009    
   90.0889591359136        67.37062    
   90.0993548154815        67.37064    
   90.1097504950495        67.37115    
   90.1201461746175        67.37113    
   90.1305418541854        67.37148    
   90.1409375337534        67.37170    
   90.1513332133213        67.37213    
   90.1617288928893        67.37231    
   90.1721245724572        67.37267    
   90.1825202520252        67.37289    
   90.1929159315932        67.37332    
   90.2033116111611        67.37337    
   90.2137072907291        67.37384    
   90.2241029702970        67.37402    
   90.2344986498650        67.37443    
   90.2448943294329        67.37461    
   90.2552900090009        67.37489    
   90.2656856885689        67.37519    
   90.2760813681368        67.37540    
   90.2864770477048        67.37573    
   90.2968727272727        67.37589    
   90.3072684068407        67.37638    
   90.3176640864086        67.37641    
   90.3280597659766        67.37688    
   90.3384554455446        67.37706    
   90.3488511251125        67.37743    
   90.3592468046805        67.37761    
   90.3696424842484        67.37783    
   90.3800381638164        67.37813    
   90.3904338433843        67.37849    
   90.4008295229523        67.37871    
   90.4112252025203        67.37904    
   90.4216208820882        67.37907    
   90.4320165616562        67.37962    
   90.4424122412241        67.37968    
   90.4528079207921        67.38012    
   90.4632036003600        67.38022    
   90.4735992799280        67.38070    
   90.4839949594959        67.38068    
   90.4943906390639        67.38132    
   90.5047863186319        67.38133    
   90.5151819981998        67.38183    
   90.5255776777678        67.38199    
   90.5359733573357        67.38229    
   90.5463690369037        67.38255    
   90.5567647164716        67.38277    
   90.5671603960396        67.38318    
   90.5775560756076        67.38342    
   90.5879517551755        67.38364    
   90.5983474347435        67.38387    
   90.6087431143114        67.38428    
   90.6191387938794        67.38454    
   90.6295344734474        67.38480    
   90.6399301530153        67.38496    
   90.6503258325833        67.38525    
   90.6607215121512        67.38551    
   90.6711171917192        67.38579    
   90.6815128712871        67.38615    
   90.6919085508551        67.38641    
   90.7023042304230        67.38670    
   90.7126999099910        67.38702    
   90.7230955895590        67.38705    
   90.7334912691269        67.38756    
   90.7438869486949        67.38756    
   90.7542826282628        67.38800    
   90.7646783078308        67.38799    
   90.7750739873987        67.38860    
   90.7854696669667        67.38873    
   90.7958653465347        67.38919    
   90.8062610261026        67.38905    
   90.8166567056706        67.38967    
   90.8270523852385        67.38978    
   90.8374480648065        67.39017    
   90.8478437443744        67.39040    
   90.8582394239424        67.39061    
   90.8686351035104        67.39108    
   90.8790307830783        67.39117    
   90.8894264626463        67.39155    
   90.8998221422142        67.39169    
   90.9102178217822        67.39214    
   90.9206135013501        67.39240    
   90.9310091809181        67.39271    
   90.9414048604860        67.39279    
   90.9518005400540        67.39332    
   90.9621962196220        67.39335    
   90.9725918991899        67.39379    
   90.9829875787579        67.39390    
   90.9933832583258        67.39421    
   91.0037789378938        67.39439    
   91.0141746174617        67.39472    
   91.0245702970297        67.39501    
   91.0349659765977        67.39530    
   91.0453616561656        67.39550    
   91.0557573357336        67.39596    
   91.0661530153015        67.39602    
   91.0765486948695        67.39643    
   91.0869443744375        67.39650    
   91.0973400540054        67.39690    
   91.1077357335734        67.39702    
   91.1181314131413        67.39745    
   91.1285270927093        67.39781    
   91.1389227722772        67.39812    
   91.1493184518452        67.39815    
   91.1597141314131        67.39861    
   91.1701098109811        67.39880    
   91.1805054905491        67.39919    
   91.1909011701170        67.39944    
   91.2012968496850        67.39960    
   91.2116925292529        67.39992    
   91.2220882088209        67.40015    
   91.2324838883888        67.40056    
   91.2428795679568        67.40070    
   91.2532752475248        67.40096    
   91.2636709270927        67.40118    
   91.2740666066607        67.40145    
   91.2844622862286        67.40169    
   91.2948579657966        67.40204    
   91.3052536453645        67.40220    
   91.3156493249325        67.40273    
   91.3260450045005        67.40260    
   91.3364406840684        67.40321    
   91.3468363636364        67.40319    
   91.3572320432043        67.40372    
   91.3676277227723        67.40379    
   91.3780234023402        67.40421    
   91.3884190819082        67.40432    
   91.3988147614761        67.40483    
   91.4092104410441        67.40485    
   91.4196061206121        67.40529    
   91.4300018001800        67.40551    
   91.4403974797480        67.40583    
   91.4507931593159        67.40611    
   91.4611888388839        67.40621    
   91.4715845184518        67.40668    
   91.4819801980198        67.40680    
   91.4923758775878        67.40722    
   91.5027715571557        67.40736    
   91.5131672367237        67.40779    
   91.5235629162916        67.40785    
   91.5339585958596        67.40826    
   91.5443542754276        67.40838    
   91.5547499549955        67.40882    
   91.5651456345635        67.40888    
   91.5755413141314        67.40936    
   91.5859369936994        67.40946    
   91.5963326732673        67.40997    
   91.6067283528353        67.40987    
   91.6171240324032        67.41048    
   91.6275197119712        67.41052    
   91.6379153915392        67.41086    
   91.6483110711071        67.41095    
   91.6587067506751        67.41154    
   91.6691024302430        67.41153    
   91.6794981098110        67.41206    
   91.6898937893789        67.41206    
   91.7002894689469        67.41257    
   91.7106851485149        67.41272    
   91.7210808280828        67.41306    
   91.7314765076508        67.41322    
   91.7418721872187        67.41353    
   91.7522678667867        67.41378    
   91.7626635463546        67.41404    
   91.7730592259226        67.41446    
   91.7834549054905        67.41463    
   91.7938505850585        67.41494    
   91.8042462646265        67.41511    
   91.8146419441944        67.41550    
   91.8250376237624        67.41549    
   91.8354333033303        67.41600    
   91.8458289828983        67.41604    
   91.8562246624662        67.41655    
   91.8666203420342        67.41648    
   91.8770160216022        67.41713    
   91.8874117011701        67.41712    
   91.8978073807381        67.41763    
   91.9082030603060        67.41766    
   91.9185987398740        67.41814    
   91.9289944194419        67.41814    
   91.9393900990099        67.41862    
   91.9497857785779        67.41860    
   91.9601814581458        67.41911    
   91.9705771377138        67.41925    
   91.9809728172817        67.41977    
   91.9913684968497        67.41976    
   92.0017641764176        67.42021    
   92.0121598559856        67.42036    
   92.0225555355536        67.42067    
   92.0329512151215        67.42101    
   92.0433468946895        67.42113    
   92.0537425742574        67.42146    
   92.0641382538254        67.42172    
   92.0745339333933        67.42207    
   92.0849296129613        67.42227    
   92.0953252925293        67.42258    
   92.1057209720972        67.42282    
   92.1161166516652        67.42306    
   92.1265123312331        67.42336    
   92.1369080108011        67.42361    
   92.1473036903690        67.42376    
   92.1576993699370        67.42411    
   92.1680950495050        67.42426    
   92.1784907290729        67.42463    
   92.1888864086409        67.42484    
   92.1992820882088        67.42524    
   92.2096777677768        67.42527    
   92.2200734473447        67.42570    
   92.2304691269127        67.42583    
   92.2408648064806        67.42628    
   92.2512604860486        67.42638    
   92.2616561656166        67.42666    
   92.2720518451845        67.42700    
   92.2824475247525        67.42722    
   92.2928432043204        67.42762    
   92.3032388838884        67.42774    
   92.3136345634563        67.42821    
   92.3240302430243        67.42826    
   92.3344259225923        67.42861    
   92.3448216021602        67.42886    
   92.3552172817282        67.42915    
   92.3656129612961        67.42934    
   92.3760086408641        67.42967    
   92.3864043204320        67.42986    
   92.3968000000000        67.43031    
   92.4071956795680        67.43035    
   92.4175913591359        67.43077    
   92.4279870387039        67.43089    
   92.4383827182718        67.43124    
   92.4487783978398        67.43125    
   92.4591740774077        67.43189    
   92.4695697569757        67.43173    
   92.4799654365437        67.43227    
   92.4903611161116        67.43230    
   92.5007567956796        67.43282    
   92.5111524752475        67.43295    
   92.5215481548155        67.43349    
   92.5319438343834        67.43351    
   92.5423395139514        67.43385    
   92.5527351935194        67.43407    
   92.5631308730873        67.43436    
   92.5735265526553        67.43450    
   92.5839222322232        67.43491    
   92.5943179117912        67.43511    
   92.6047135913591        67.43530    
   92.6151092709271        67.43578    
   92.6255049504951        67.43591    
   92.6359006300630        67.43615    
   92.6462963096310        67.43637    
   92.6566919891989        67.43671    
   92.6670876687669        67.43690    
   92.6774833483348        67.43734    
   92.6878790279028        67.43734    
   92.6982747074707        67.43769    
   92.7086703870387        67.43787    
   92.7190660666067        67.43826    
   92.7294617461746        67.43843    
   92.7398574257426        67.43888    
   92.7502531053105        67.43890    
   92.7606487848785        67.43932    
   92.7710444644464        67.43951    
   92.7814401440144        67.43978    
   92.7918358235824        67.44006    
   92.8022315031503        67.44030    
   92.8126271827183        67.44061    
   92.8230228622862        67.44090    
   92.8334185418542        67.44110    
   92.8438142214222        67.44143    
   92.8542099009901        67.44170    
   92.8646055805581        67.44185    
   92.8750012601260        67.44216    
   92.8853969396940        67.44244    
   92.8957926192619        67.44275    
   92.9061882988299        67.44289    
   92.9165839783978        67.44312    
   92.9269796579658        67.44337    
   92.9373753375338        67.44371    
   92.9477710171017        67.44384    
   92.9581666966697        67.44427    
   92.9685623762376        67.44447    
   92.9789580558056        67.44471    
   92.9893537353735        67.44492    
   92.9997494149415        67.44524    
   93.0101450945095        67.44547    
   93.0205407740774        67.44572    
   93.0309364536454        67.44605    
   93.0413321332133        67.44624    
   93.0517278127813        67.44653    
   93.0621234923492        67.44681    
   93.0725191719172        67.44709    
   93.0829148514852        67.44737    
   93.0933105310531        67.44773    
   93.1037062106211        67.44786    
   93.1141018901890        67.44823    
   93.1244975697570        67.44828    
   93.1348932493249        67.44863    
   93.1452889288929        67.44881    
   93.1556846084608        67.44915    
   93.1660802880288        67.44931    
   93.1764759675968        67.44970    
   93.1868716471647        67.44984    
   93.1972673267327        67.45023    
   93.2076630063006        67.45042    
   93.2180586858686        67.45065    
   93.2284543654365        67.45085    
   93.2388500450045        67.45117    
   93.2492457245725        67.45146    
   93.2596414041404        67.45167    
   93.2700370837084        67.45197    
   93.2804327632763        67.45220    
   93.2908284428443        67.45242    
   93.3012241224122        67.45274    
   93.3116198019802        67.45293    
   93.3220154815482        67.45329    
   93.3324111611161        67.45355    
   93.3428068406841        67.45380    
   93.3532025202520        67.45400    
   93.3635981998200        67.45421    
   93.3739938793879        67.45456    
   93.3843895589559        67.45470    
   93.3947852385239        67.45506    
   93.4051809180918        67.45516    
   93.4155765976598        67.45551    
   93.4259722772277        67.45567    
   93.4363679567957        67.45612    
   93.4467636363636        67.45626    
   93.4571593159316        67.45675    
   93.4675549954996        67.45683    
   93.4779506750675        67.45717    
   93.4883463546355        67.45736    
   93.4987420342034        67.45766    
   93.5091377137714        67.45792    
   93.5195333933393        67.45812    
   93.5299290729073        67.45841    
   93.5403247524752        67.45854    
   93.5507204320432        67.45881    
   93.5611161116112        67.45915    
   93.5715117911791        67.45941    
   93.5819074707471        67.45966    
   93.5923031503150        67.45991    
   93.6026988298830        67.46013    
   93.6130945094509        67.46052    
   93.6234901890189        67.46069    
   93.6338858685869        67.46098    
   93.6442815481548        67.46111    
   93.6546772277228        67.46142    
   93.6650729072907        67.46155    
   93.6754685868587        67.46195    
   93.6858642664266        67.46202    
   93.6962599459946        67.46263    
   93.7066556255626        67.46268    
   93.7170513051305        67.46296    
   93.7274469846985        67.46317    
   93.7378426642664        67.46365    
   93.7482383438344        67.46375    
   93.7586340234023        67.46404    
   93.7690297029703        67.46423    
   93.7794253825382        67.46442    
   93.7898210621062        67.46486    
   93.8002167416742        67.46489    
   93.8106124212421        67.46532    
   93.8210081008101        67.46542    
   93.8314037803780        67.46597    
   93.8417994599460        67.46607    
   93.8521951395140        67.46651    
   93.8625908190819        67.46639    
   93.8729864986499        67.46686    
   93.8833821782178        67.46676    
   93.8937778577858        67.46746    
   93.9041735373537        67.46743    
   93.9145692169217        67.46785    
   93.9249648964897        67.46802    
   93.9353605760576        67.46838    
   93.9457562556256        67.46860    
   93.9561519351935        67.46877    
   93.9665476147615        67.46907    
   93.9769432943294        67.46921    
   93.9873389738974        67.46967    
   93.9977346534653        67.46985    
   94.0081303330333        67.47028    
   94.0185260126013        67.47041    
   94.0289216921692        67.47062    
   94.0393173717372        67.47083    
   94.0497130513051        67.47109    
   94.0601087308731        67.47126    
   94.0705044104410        67.47164    
   94.0809000900090        67.47180    
   94.0912957695770        67.47218    
   94.1016914491449        67.47232    
   94.1120871287129        67.47265    
   94.1224828082808        67.47275    
   94.1328784878488        67.47316    
   94.1432741674167        67.47321    
   94.1536698469847        67.47370    
   94.1640655265527        67.47391    
   94.1744612061206        67.47421    
   94.1848568856886        67.47438    
   94.1952525652565        67.47470    
   94.2056482448245        67.47491    
   94.2160439243924        67.47511    
   94.2264396039604        67.47533    
   94.2368352835284        67.47569    
   94.2472309630963        67.47603    
   94.2576266426643        67.47617    
   94.2680223222322        67.47649    
   94.2784180018002        67.47652    
   94.2888136813681        67.47701    
   94.2992093609361        67.47698    
   94.3096050405041        67.47758    
   94.3200007200720        67.47753    
   94.3303963996400        67.47801    
   94.3407920792079        67.47796    
   94.3511877587759        67.47847    
   94.3615834383438        67.47854    
   94.3719791179118        67.47899    
   94.3823747974798        67.47929    
   94.3927704770477        67.47947    
   94.4031661566157        67.47976    
   94.4135618361836        67.47980    
   94.4239575157516        67.48028    
   94.4343531953195        67.48035    
   94.4447488748875        67.48087    
   94.4551445544554        67.48092    
   94.4655402340234        67.48129    
   94.4759359135914        67.48138    
   94.4863315931593        67.48179    
   94.4967272727273        67.48183    
   94.5071229522952        67.48220    
   94.5175186318632        67.48247    
   94.5279143114311        67.48273    
   94.5383099909991        67.48293    
   94.5487056705671        67.48317    
   94.5591013501350        67.48333    
   94.5694970297030        67.48376    
   94.5798927092709        67.48385    
   94.5902883888389        67.48418    
   94.6006840684068        67.48442    
   94.6110797479748        67.48475    
   94.6214754275428        67.48497    
   94.6318711071107        67.48525    
   94.6422667866787        67.48549    
   94.6526624662466        67.48581    
   94.6630581458146        67.48599    
   94.6734538253825        67.48625    
   94.6838495049505        67.48659    
   94.6942451845185        67.48669    
   94.7046408640864        67.48703    
   94.7150365436544        67.48709    
   94.7254322232223        67.48754    
   94.7358279027903        67.48761    
   94.7462235823582        67.48794    
   94.7566192619262        67.48808    
   94.7670149414942        67.48853    
   94.7774106210621        67.48859    
   94.7878063006301        67.48901    
   94.7982019801980        67.48916    
   94.8085976597660        67.48946    
   94.8189933393339        67.48980    
   94.8293890189019        67.49003    
   94.8397846984698        67.49026    
   94.8501803780378        67.49046    
   94.8605760576058        67.49069    
   94.8709717371737        67.49102    
   94.8813674167417        67.49126    
   94.8917630963096        67.49142    
   94.9021587758776        67.49167    
   94.9125544554455        67.49190    
   94.9229501350135        67.49223    
   94.9333458145815        67.49231    
   94.9437414941494        67.49285    
   94.9541371737174        67.49290    
   94.9645328532853        67.49329    
   94.9749285328533        67.49333    
   94.9853242124212        67.49375    
   94.9957198919892        67.49373    
   95.0061155715572        67.49432    
   95.0165112511251        67.49448    
   95.0269069306931        67.49466    
   95.0373026102610        67.49501    
   95.0476982898290        67.49512    
   95.0580939693969        67.49540    
   95.0684896489649        67.49570    
   95.0788853285328        67.49605    
   95.0892810081008        67.49620    
   95.0996766876688        67.49651    
   95.1100723672367        67.49666    
   95.1204680468047        67.49695    
   95.1308637263726        67.49721    
   95.1412594059406        67.49741    
   95.1516550855086        67.49762    
   95.1620507650765        67.49796    
   95.1724464446445        67.49812    
   95.1828421242124        67.49845    
   95.1932378037804        67.49857    
   95.2036334833483        67.49893    
   95.2140291629163        67.49913    
   95.2244248424843        67.49950    
   95.2348205220522        67.49970    
   95.2452162016202        67.49995    
   95.2556118811881        67.50026    
   95.2660075607561        67.50041    
   95.2764032403240        67.50070    
   95.2867989198920        67.50089    
   95.2971945994599        67.50117    
   95.3075902790279        67.50123    
   95.3179859585959        67.50164    
   95.3283816381638        67.50181    
   95.3387773177318        67.50209    
   95.3491729972997        67.50232    
   95.3595686768677        67.50253    
   95.3699643564356        67.50273    
   95.3803600360036        67.50305    
   95.3907557155716        67.50323    
   95.4011513951395        67.50357    
   95.4115470747075        67.50389    
   95.4219427542754        67.50415    
   95.4323384338434        67.50441    
   95.4427341134113        67.50468    
   95.4531297929793        67.50483    
   95.4635254725473        67.50510    
   95.4739211521152        67.50549    
   95.4843168316832        67.50565    
   95.4947125112511        67.50597    
   95.5051081908191        67.50603    
   95.5155038703870        67.50641    
   95.5258995499550        67.50648    
   95.5362952295229        67.50691    
   95.5466909090909        67.50693    
   95.5570865886589        67.50731    
   95.5674822682268        67.50742    
   95.5778779477948        67.50780    
   95.5882736273627        67.50798    
   95.5986693069307        67.50832    
   95.6090649864987        67.50854    
   95.6194606660666        67.50880    
   95.6298563456346        67.50899    
   95.6402520252025        67.50930    
   95.6506477047705        67.50958    
   95.6610433843384        67.50985    
   95.6714390639064        67.51006    
   95.6818347434744        67.51028    
   95.6922304230423        67.51054    
   95.7026261026103        67.51062    
   95.7130217821782        67.51105    
   95.7234174617462        67.51108    
   95.7338131413141        67.51152    
   95.7442088208821        67.51151    
   95.7546045004500        67.51205    
   95.7650001800180        67.51215    
   95.7753958595860        67.51256    
   95.7857915391539        67.51266    
   95.7961872187219        67.51300    
   95.8065828982898        67.51324    
   95.8169785778578        67.51343    
   95.8273742574257        67.51369    
   95.8377699369937        67.51401    
   95.8481656165617        67.51424    
   95.8585612961296        67.51448    
   95.8689569756976        67.51457    
   95.8793526552655        67.51486    
   95.8897483348335        67.51514    
   95.9001440144014        67.51532    
   95.9105396939694        67.51567    
   95.9209353735374        67.51578    
   95.9313310531053        67.51633    
   95.9417267326733        67.51620    
   95.9521224122412        67.51683    
   95.9625180918092        67.51671    
   95.9729137713771        67.51715    
   95.9833094509451        67.51729    
   95.9937051305130        67.51759    
   96.0041008100810        67.51786    
   96.0144964896490        67.51801    
   96.0248921692169        67.51841    
   96.0352878487849        67.51852    
   96.0456835283528        67.51875    
   96.0560792079208        67.51900    
   96.0664748874888        67.51935    
   96.0768705670567        67.51949    
   96.0872662466247        67.51991    
   96.0976619261926        67.52000    
   96.1080576057606        67.52040    
   96.1184532853285        67.52048    
   96.1288489648965        67.52092    
   96.1392446444645        67.52075    
   96.1496403240324        67.52130    
   96.1600360036004        67.52134    
   96.1704316831683        67.52177    
   96.1808273627363        67.52196    
   96.1912230423042        67.52217    
   96.2016187218722        67.52251    
   96.2120144014401        67.52273    
   96.2224100810081        67.52302    
   96.2328057605761        67.52318    
   96.2432014401440        67.52345    
   96.2535971197120        67.52368    
   96.2639927992799        67.52397    
   96.2743884788479        67.52412    
   96.2847841584158        67.52460    
   96.2951798379838        67.52454    
   96.3055755175518        67.52504    
   96.3159711971197        67.52489    
   96.3263668766877        67.52551    
   96.3367625562556        67.52559    
   96.3471582358236        67.52593    
   96.3575539153915        67.52608    
   96.3679495949595        67.52640    
   96.3783452745274        67.52663    
   96.3887409540954        67.52676    
   96.3991366336634        67.52709    
   96.4095323132313        67.52736    
   96.4199279927993        67.52753    
   96.4303236723672        67.52776    
   96.4407193519352        67.52808    
   96.4511150315032        67.52827    
   96.4615107110711        67.52869    
   96.4719063906391        67.52879    
   96.4823020702070        67.52916    
   96.4926977497750        67.52906    
   96.5030934293429        67.52969    
   96.5134891089109        67.52956    
   96.5238847884789        67.53004    
   96.5342804680468        67.53010    
   96.5446761476148        67.53035    
   96.5550718271827        67.53075    
   96.5654675067507        67.53082    
   96.5758631863186        67.53119    
   96.5862588658866        67.53141    
   96.5966545454545        67.53172    
   96.6070502250225        67.53189    
   96.6174459045905        67.53212    
   96.6278415841584        67.53243    
   96.6382372637264        67.53278    
   96.6486329432943        67.53283    
   96.6590286228623        67.53329    
   96.6694243024302        67.53312    
   96.6798199819982        67.53374    
   96.6902156615662        67.53378    
   96.7006113411341        67.53418    
   96.7110070207021        67.53417    
   96.7214027002700        67.53464    
   96.7317983798380        67.53474    
   96.7421940594059        67.53500    
   96.7525897389739        67.53525    
   96.7629854185419        67.53555    
   96.7733810981098        67.53571    
   96.7837767776778        67.53605    
   96.7941724572457        67.53627    
   96.8045681368137        67.53653    
   96.8149638163816        67.53680    
   96.8253594959496        67.53697    
   96.8357551755175        67.53745    
   96.8461508550855        67.53725    
   96.8565465346535        67.53770    
   96.8669422142214        67.53780    
   96.8773378937894        67.53816    
   96.8877335733573        67.53830    
   96.8981292529253        67.53875    
   96.9085249324933        67.53883    
   96.9189206120612        67.53917    
   96.9293162916292        67.53941    
   96.9397119711971        67.53962    
   96.9501076507651        67.53970    
   96.9605033303330        67.54007    
   96.9708990099010        67.54044    
   96.9812946894690        67.54057    
   96.9916903690369        67.54101    
   97.0020860486049        67.54099    
   97.0124817281728        67.54140    
   97.0228774077408        67.54150    
   97.0332730873087        67.54182    
   97.0436687668767        67.54188    
   97.0540644464446        67.54231    
   97.0644601260126        67.54240    
   97.0748558055806        67.54279    
   97.0852514851485        67.54286    
   97.0956471647165        67.54338    
   97.1060428442844        67.54327    
   97.1164385238524        67.54373    
   97.1268342034203        67.54388    
   97.1372298829883        67.54422    
   97.1476255625563        67.54449    
   97.1580212421242        67.54454    
   97.1684169216922        67.54492    
   97.1788126012601        67.54510    
   97.1892082808281        67.54546    
   97.1996039603960        67.54550    
   97.2099996399640        67.54585    
   97.2203953195320        67.54599    
   97.2307909990999        67.54636    
   97.2411866786679        67.54639    
   97.2515823582358        67.54686    
   97.2619780378038        67.54689    
   97.2723737173717        67.54723    
   97.2827693969397        67.54745    
   97.2931650765076        67.54778    
   97.3035607560756        67.54791    
   97.3139564356436        67.54813    
   97.3243521152115        67.54843    
   97.3347477947795        67.54872    
   97.3451434743474        67.54897    
   97.3555391539154        67.54922    
   97.3659348334834        67.54935    
   97.3763305130513        67.54955    
   97.3867261926193        67.54997    
   97.3971218721872        67.54994    
   97.4075175517552        67.55050    
   97.4179132313231        67.55046    
   97.4283089108911        67.55093    
   97.4387045904591        67.55101    
   97.4491002700270        67.55138    
   97.4594959495950        67.55162    
   97.4698916291629        67.55176    
   97.4802873087309        67.55214    
   97.4906829882988        67.55212    
   97.5010786678668        67.55251    
   97.5114743474347        67.55275    
   97.5218700270027        67.55298    
   97.5322657065707        67.55319    
   97.5426613861386        67.55350    
   97.5530570657066        67.55353    
   97.5634527452745        67.55396    
   97.5738484248425        67.55408    
   97.5842441044104        67.55446    
   97.5946397839784        67.55455    
   97.6050354635464        67.55489    
   97.6154311431143        67.55517    
   97.6258268226823        67.55534    
   97.6362225022502        67.55562    
   97.6466181818182        67.55588    
   97.6570138613861        67.55603    
   97.6674095409541        67.55629    
   97.6778052205221        67.55656    
   97.6882009000900        67.55668    
   97.6985965796580        67.55707    
   97.7089922592259        67.55716    
   97.7193879387939        67.55757    
   97.7297836183618        67.55753    
   97.7401792979298        67.55798    
   97.7505749774977        67.55801    
   97.7609706570657        67.55850    
   97.7713663366337        67.55849    
   97.7817620162016        67.55891    
   97.7921576957696        67.55908    
   97.8025533753375        67.55940    
   97.8129490549055        67.55962    
   97.8233447344735        67.55984    
   97.8337404140414        67.56020    
   97.8441360936094        67.56020    
   97.8545317731773        67.56079    
   97.8649274527453        67.56063    
   97.8753231323132        67.56105    
   97.8857188118812        67.56107    
   97.8961144914491        67.56153    
   97.9065101710171        67.56164    
   97.9169058505851        67.56197    
   97.9273015301530        67.56203    
   97.9376972097210        67.56245    
   97.9480928892889        67.56252    
   97.9584885688569        67.56294    
   97.9688842484248        67.56305    
   97.9792799279928        67.56335    
   97.9896756075608        67.56369    
   98.0000712871287        67.56386    
   98.0104669666967        67.56410    
   98.0208626462646        67.56421    
   98.0312583258326        67.56461    
   98.0416540054005        67.56480    
   98.0520496849685        67.56508    
   98.0624453645365        67.56523    
   98.0728410441044        67.56553    
   98.0832367236724        67.56554    
   98.0936324032403        67.56602    
   98.1040280828083        67.56589    
   98.1144237623762        67.56654    
   98.1248194419442        67.56671    
   98.1352151215121        67.56693    
   98.1456108010801        67.56715    
   98.1560064806481        67.56734    
   98.1664021602160        67.56760    
   98.1767978397840        67.56778    
   98.1871935193519        67.56807    
   98.1975891989199        67.56830    
   98.2079848784878        67.56854    
   98.2183805580558        67.56870    
   98.2287762376238        67.56904    
   98.2391719171917        67.56911    
   98.2495675967597        67.56958    
   98.2599632763276        67.56962    
   98.2703589558956        67.56996    
   98.2807546354636        67.57019    
   98.2911503150315        67.57042    
   98.3015459945995        67.57074    
   98.3119416741674        67.57090    
   98.3223373537354        67.57115    
   98.3327330333033        67.57130    
   98.3431287128713        67.57162    
   98.3535243924392        67.57179    
   98.3639200720072        67.57213    
   98.3743157515752        67.57210    
   98.3847114311431        67.57263    
   98.3951071107111        67.57263    
   98.4055027902790        67.57307    
   98.4158984698470        67.57312    
   98.4262941494149        67.57344    
   98.4366898289829        67.57364    
   98.4470855085509        67.57398    
   98.4574811881188        67.57426    
   98.4678768676868        67.57440    
   98.4782725472547        67.57472    
   98.4886682268227        67.57489    
   98.4990639063906        67.57526    
   98.5094595859586        67.57523    
   98.5198552655266        67.57570    
   98.5302509450945        67.57582    
   98.5406466246625        67.57608    
   98.5510423042304        67.57620    
   98.5614379837984        67.57651    
   98.5718336633663        67.57655    
   98.5822293429343        67.57698    
   98.5926250225022        67.57700    
   98.6030207020702        67.57748    
   98.6134163816382        67.57773    
   98.6238120612061        67.57784    
   98.6342077407741        67.57822    
   98.6446034203420        67.57835    
   98.6549990999100        67.57867    
   98.6653947794779        67.57884    
   98.6757904590459        67.57907    
   98.6861861386139        67.57927    
   98.6965818181818        67.57954    
   98.7069774977498        67.57967    
   98.7173731773177        67.57997    
   98.7277688568857        67.58006    
   98.7381645364537        67.58049    
   98.7485602160216        67.58058    
   98.7589558955896        67.58086    
   98.7693515751575        67.58116    
   98.7797472547255        67.58124    
   98.7901429342934        67.58162    
   98.8005386138614        67.58186    
   98.8109342934293        67.58205    
   98.8213299729973        67.58231    
   98.8317256525653        67.58262    
   98.8421213321332        67.58261    
   98.8525170117012        67.58304    
   98.8629126912691        67.58309    
   98.8733083708371        67.58350    
   98.8837040504050        67.58357    
   98.8940997299730        67.58389    
   98.9044954095410        67.58406    
   98.9148910891089        67.58446    
   98.9252867686769        67.58463    
   98.9356824482448        67.58502    
   98.9460781278128        67.58517    
   98.9564738073807        67.58533    
   98.9668694869487        67.58565    
   98.9772651665167        67.58560    
   98.9876608460846        67.58613    
   98.9980565256526        67.58616    
   99.0084522052205        67.58652    
   99.0188478847885        67.58665    
   99.0292435643564        67.58699    
   99.0396392439244        67.58704    
   99.0500349234923        67.58743    
   99.0604306030603        67.58745    
   99.0708262826283        67.58794    
   99.0812219621962        67.58811    
   99.0916176417642        67.58821    
   99.1020133213321        67.58855    
   99.1124090009001        67.58867    
   99.1228046804681        67.58904    
   99.1332003600360        67.58925    
   99.1435960396040        67.58954    
   99.1539917191719        67.58971    
   99.1643873987399        67.58998    
   99.1747830783078        67.59021    
   99.1851787578758        67.59053    
   99.1955744374438        67.59060    
   99.2059701170117        67.59085    
   99.2163657965797        67.59099    
   99.2267614761476        67.59128    
   99.2371571557156        67.59152    
   99.2475528352835        67.59177    
   99.2579485148515        67.59207    
   99.2683441944194        67.59216    
   99.2787398739874        67.59253    
   99.2891355535554        67.59267    
   99.2995312331233        67.59301    
   99.3099269126913        67.59302    
   99.3203225922592        67.59345    
   99.3307182718272        67.59358    
   99.3411139513951        67.59392    
   99.3515096309631        67.59402    
   99.3619053105311        67.59438    
   99.3723009900990        67.59444    
   99.3826966696670        67.59477    
   99.3930923492349        67.59499    
   99.4034880288029        67.59529    
   99.4138837083708        67.59560    
   99.4242793879388        67.59564    
   99.4346750675067        67.59599    
   99.4450707470747        67.59616    
   99.4554664266427        67.59644    
   99.4658621062106        67.59672    
   99.4762577857786        67.59692    
   99.4866534653465        67.59703    
   99.4970491449145        67.59737    
   99.5074448244824        67.59744    
   99.5178405040504        67.59786    
   99.5282361836184        67.59795    
   99.5386318631863        67.59816    
   99.5490275427543        67.59846    
   99.5594232223222        67.59868    
   99.5698189018902        67.59892    
   99.5802145814582        67.59921    
   99.5906102610261        67.59927    
   99.6010059405941        67.59959    
   99.6114016201620        67.59991    
   99.6217972997300        67.59998    
   99.6321929792979        67.60037    
   99.6425886588659        67.60045    
   99.6529843384338        67.60080    
   99.6633800180018        67.60091    
   99.6737756975698        67.60118    
   99.6841713771377        67.60138    
   99.6945670567057        67.60176    
   99.7049627362736        67.60189    
   99.7153584158416        67.60220    
   99.7257540954095        67.60246    
   99.7361497749775        67.60258    
   99.7465454545455        67.60283    
   99.7569411341134        67.60298    
   99.7673368136814        67.60335    
   99.7777324932493        67.60351    
   99.7881281728173        67.60374    
   99.7985238523852        67.60384    
   99.8089195319532        67.60428    
   99.8193152115212        67.60424    
   99.8297108910891        67.60472    
   99.8401065706571        67.60492    
   99.8505022502250        67.60519    
   99.8608979297930        67.60530    
   99.8712936093609        67.60558    
   99.8816892889289        67.60580    
   99.8920849684968        67.60603    
   99.9024806480648        67.60627    
   99.9128763276328        67.60638    
   99.9232720072007        67.60686    
   99.9336676867687        67.60686    
   99.9440633663366        67.60732    
   99.9544590459046        67.60733    
   99.9648547254725        67.60766    
   99.9752504050405        67.60766    
   99.9856460846085        67.60808    
   99.9960417641764        67.60828    
   100.006437443744        67.60852    
   100.016833123312        67.60869    
   100.027228802880        67.60899    
   100.037624482448        67.60931    
   100.048020162016        67.60941    
   100.058415841584        67.60981    
   100.068811521152        67.60988    
   100.079207200720        67.61018    
   100.089602880288        67.61017    
   100.099998559856        67.61060    
   100.110394239424        67.61063    
   100.120789918992        67.61110    
   100.131185598560        67.61116    
   100.141581278128        67.61147    
   100.151976957696        67.61179    
   100.162372637264        67.61192    
   100.172768316832        67.61227    
   100.183163996400        67.61243    
   100.193559675968        67.61263    
   100.203955355536        67.61279    
   100.214351035104        67.61319    
   100.224746714671        67.61317    
   100.235142394239        67.61362    
   100.245538073807        67.61359    
   100.255933753375        67.61401    
   100.266329432943        67.61401    
   100.276725112511        67.61441    
   100.287120792079        67.61465    
   100.297516471647        67.61494    
   100.307912151215        67.61502    
   100.318307830783        67.61531    
   100.328703510351        67.61561    
   100.339099189919        67.61565    
   100.349494869487        67.61612    
   100.359890549055        67.61604    
   100.370286228623        67.61652    
   100.380681908191        67.61662    
   100.391077587759        67.61687    
   100.401473267327        67.61705    
   100.411868946895        67.61748    
   100.422264626463        67.61758    
   100.432660306031        67.61795    
   100.443055985599        67.61816    
   100.453451665167        67.61824    
   100.463847344734        67.61858    
   100.474243024302        67.61876    
   100.484638703870        67.61900    
   100.495034383438        67.61917    
   100.505430063006        67.61933    
   100.515825742574        67.61954    
   100.526221422142        67.61996    
   100.536617101710        67.61991    
   100.547012781278        67.62041    
   100.557408460846        67.62032    
   100.567804140414        67.62071    
   100.578199819982        67.62093    
   100.588595499550        67.62123    
   100.598991179118        67.62144    
   100.609386858686        67.62163    
   100.619782538254        67.62193    
   100.630178217822        67.62210    
   100.640573897390        67.62242    
   100.650969576958        67.62248    
   100.661365256526        67.62288    
   100.671760936094        67.62293    
   100.682156615662        67.62320    
   100.692552295230        67.62335    
   100.702947974797        67.62382    
   100.713343654365        67.62392    
   100.723739333933        67.62422    
   100.734135013501        67.62459    
   100.744530693069        67.62454    
   100.754926372637        67.62492    
   100.765322052205        67.62505    
   100.775717731773        67.62537    
   100.786113411341        67.62546    
   100.796509090909        67.62573    
   100.806904770477        67.62588    
   100.817300450045        67.62621    
   100.827696129613        67.62611    
   100.838091809181        67.62660    
   100.848487488749        67.62676    
   100.858883168317        67.62704    
   100.869278847885        67.62723    
   100.879674527453        67.62756    
   100.890070207021        67.62769    
   100.900465886589        67.62795    
   100.910861566157        67.62822    
   100.921257245725        67.62825    
   100.931652925293        67.62866    
   100.942048604860        67.62878    
   100.952444284428        67.62910    
   100.962839963996        67.62920    
   100.973235643564        67.62964    
   100.983631323132        67.62958    
   100.994027002700        67.63000    
   101.004422682268        67.63019    
   101.014818361836        67.63040    
   101.025214041404        67.63077    
   101.035609720972        67.63078    
   101.046005400540        67.63104    
   101.056401080108        67.63130    
   101.066796759676        67.63156    
   101.077192439244        67.63174    
   101.087588118812        67.63197    
   101.097983798380        67.63204    
   101.108379477948        67.63253    
   101.118775157516        67.63252    
   101.129170837084        67.63293    
   101.139566516652        67.63312    
   101.149962196220        67.63329    
   101.160357875788        67.63351    
   101.170753555356        67.63382    
   101.181149234923        67.63396    
   101.191544914491        67.63420    
   101.201940594059        67.63461    
   101.212336273627        67.63451    
   101.222731953195        67.63501    
   101.233127632763        67.63503    
   101.243523312331        67.63536    
   101.253918991899        67.63551    
   101.264314671467        67.63596    
   101.274710351035        67.63606    
   101.285106030603        67.63630    
   101.295501710171        67.63658    
   101.305897389739        67.63661    
   101.316293069307        67.63701    
   101.326688748875        67.63708    
   101.337084428443        67.63744    
   101.347480108011        67.63749    
   101.357875787579        67.63789    
   101.368271467147        67.63789    
   101.378667146715        67.63828    
   101.389062826283        67.63835    
   101.399458505851        67.63866    
   101.409854185419        67.63898    
   101.420249864987        67.63908    
   101.430645544554        67.63927    
   101.441041224122        67.63961    
   101.451436903690        67.63972    
   101.461832583258        67.64000    
   101.472228262826        67.64027    
   101.482623942394        67.64038    
   101.493019621962        67.64074    
   101.503415301530        67.64085    
   101.513810981098        67.64111    
   101.524206660666        67.64120    
   101.534602340234        67.64165    
   101.544998019802        67.64175    
   101.555393699370        67.64204    
   101.565789378938        67.64223    
   101.576185058506        67.64261    
   101.586580738074        67.64281    
   101.596976417642        67.64287    
   101.607372097210        67.64322    
   101.617767776778        67.64330    
   101.628163456346        67.64376    
   101.638559135914        67.64366    
   101.648954815482        67.64407    
   101.659350495050        67.64407    
   101.669746174617        67.64459    
   101.680141854185        67.64474    
   101.690537533753        67.64478    
   101.700933213321        67.64521    
   101.711328892889        67.64539    
   101.721724572457        67.64554    
   101.732120252025        67.64575    
   101.742515931593        67.64615    
   101.752911611161        67.64610    
   101.763307290729        67.64650    
   101.773702970297        67.64655    
   101.784098649865        67.64691    
   101.794494329433        67.64708    
   101.804890009001        67.64734    
   101.815285688569        67.64751    
   101.825681368137        67.64783    
   101.836077047705        67.64807    
   101.846472727273        67.64822    
   101.856868406841        67.64859    
   101.867264086409        67.64865    
   101.877659765977        67.64900    
   101.888055445545        67.64909    
   101.898451125113        67.64938    
   101.908846804680        67.64946    
   101.919242484248        67.64990    
   101.929638163816        67.64980    
   101.940033843384        67.65030    
   101.950429522952        67.65045    
   101.960825202520        67.65063    
   101.971220882088        67.65097    
   101.981616561656        67.65108    
   101.992012241224        67.65131    
   102.002407920792        67.65154    
   102.012803600360        67.65182    
   102.023199279928        67.65189    
   102.033594959496        67.65236    
   102.043990639064        67.65231    
   102.054386318632        67.65256    
   102.064781998200        67.65285    
   102.075177677768        67.65315    
   102.085573357336        67.65318    
   102.095969036904        67.65343    
   102.106364716472        67.65386    
   102.116760396040        67.65399    
   102.127156075608        67.65418    
   102.137551755176        67.65442    
   102.147947434743        67.65477    
   102.158343114311        67.65484    
   102.168738793879        67.65495    
   102.179134473447        67.65514    
   102.189530153015        67.65564    
   102.199925832583        67.65554    
   102.210321512151        67.65596    
   102.220717191719        67.65620    
   102.231112871287        67.65643    
   102.241508550855        67.65671    
   102.251904230423        67.65685    
   102.262299909991        67.65715    
   102.272695589559        67.65722    
   102.283091269127        67.65765    
   102.293486948695        67.65758    
   102.303882628263        67.65794    
   102.314278307831        67.65806    
   102.324673987399        67.65852    
   102.335069666967        67.65833    
   102.345465346535        67.65888    
   102.355861026103        67.65898    
   102.366256705671        67.65919    
   102.376652385239        67.65962    
   102.387048064806        67.65971    
   102.397443744374        67.65974    
   102.407839423942        67.66015    
   102.418235103510        67.66042    
   102.428630783078        67.66039    
   102.439026462646        67.66089    
   102.449422142214        67.66081    
   102.459817821782        67.66127    
   102.470213501350        67.66145    
   102.480609180918        67.66165    
   102.491004860486        67.66184    
   102.501400540054        67.66217    
   102.511796219622        67.66236    
   102.522191899190        67.66243    
   102.532587578758        67.66297    
   102.542983258326        67.66293    
   102.553378937894        67.66331    
   102.563774617462        67.66335    
   102.574170297030        67.66375    
   102.584565976598        67.66357    
   102.594961656166        67.66422    
   102.605357335734        67.66428    
   102.615753015302        67.66451    
   102.626148694869        67.66481    
   102.636544374437        67.66488    
   102.646940054005        67.66508    
   102.657335733573        67.66544    
   102.667731413141        67.66562    
   102.678127092709        67.66567    
   102.688522772277        67.66600    
   102.698918451845        67.66613    
   102.709314131413        67.66653    
   102.719709810981        67.66666    
   102.730105490549        67.66685    
   102.740501170117        67.66711    
   102.750896849685        67.66732    
   102.761292529253        67.66761    
   102.771688208821        67.66775    
   102.782083888389        67.66817    
   102.792479567957        67.66808    
   102.802875247525        67.66848    
   102.813270927093        67.66859    
   102.823666606661        67.66886    
   102.834062286229        67.66898    
   102.844457965797        67.66945    
   102.854853645365        67.66941    
   102.865249324932        67.66989    
   102.875645004500        67.67005    
   102.886040684068        67.67013    
   102.896436363636        67.67049    
   102.906832043204        67.67062    
   102.917227722772        67.67101    
   102.927623402340        67.67103    
   102.938019081908        67.67142    
   102.948414761476        67.67137    
   102.958810441044        67.67175    
   102.969206120612        67.67182    
   102.979601800180        67.67222    
   102.989997479748        67.67228    
   103.000393159316        67.67257    
   103.010788838884        67.67284    
   103.021184518452        67.67300    
   103.031580198020        67.67329    
   103.041975877588        67.67339    
   103.052371557156        67.67361    
   103.062767236724        67.67390    
   103.073162916292        67.67416    
   103.083558595860        67.67415    
   103.093954275428        67.67463    
   103.104349954995        67.67461    
   103.114745634563        67.67495    
   103.125141314131        67.67519    
   103.135536993699        67.67536    
   103.145932673267        67.67574    
   103.156328352835        67.67577    
   103.166724032403        67.67609    
   103.177119711971        67.67619    
   103.187515391539        67.67667    
   103.197911071107        67.67657    
   103.208306750675        67.67697    
   103.218702430243        67.67701    
   103.229098109811        67.67737    
   103.239493789379        67.67760    
   103.249889468947        67.67780    
   103.260285148515        67.67803    
   103.270680828083        67.67830    
   103.281076507651        67.67844    
   103.291472187219        67.67873    
   103.301867866787        67.67893    
   103.312263546355        67.67913    
   103.322659225923        67.67950    
   103.333054905491        67.67929    
   103.343450585059        67.67976    
   103.353846264626        67.67973    
   103.364241944194        67.68018    
   103.374637623762        67.68042    
   103.385033303330        67.68054    
   103.395428982898        67.68085    
   103.405824662466        67.68102    
   103.416220342034        67.68132    
   103.426616021602        67.68142    
   103.437011701170        67.68177    
   103.447407380738        67.68184    
   103.457803060306        67.68201    
   103.468198739874        67.68218    
   103.478594419442        67.68268    
   103.488990099010        67.68278    
   103.499385778578        67.68288    
   103.509781458146        67.68337    
   103.520177137714        67.68338    
   103.530572817282        67.68378    
   103.540968496850        67.68387    
   103.551364176418        67.68403    
   103.561759855986        67.68433    
   103.572155535554        67.68465    
   103.582551215122        67.68446    
   103.592946894689        67.68505    
   103.603342574257        67.68495    
   103.613738253825        67.68545    
   103.624133933393        67.68550    
   103.634529612961        67.68577    
   103.644925292529        67.68614    
   103.655320972097        67.68616    
   103.665716651665        67.68668    
   103.676112331233        67.68654    
   103.686508010801        67.68687    
   103.696903690369        67.68713    
   103.707299369937        67.68727    
   103.717695049505        67.68737    
   103.728090729073        67.68768    
   103.738486408641        67.68780    
   103.748882088209        67.68819    
   103.759277767777        67.68842    
   103.769673447345        67.68871    
   103.780069126913        67.68873    
   103.790464806481        67.68896    
   103.800860486049        67.68931    
   103.811256165617        67.68925    
   103.821651845185        67.68969    
   103.832047524752        67.68977    
   103.842443204320        67.69016    
   103.852838883888        67.69031    
   103.863234563456        67.69070    
   103.873630243024        67.69072    
   103.884025922592        67.69094    
   103.894421602160        67.69128    
   103.904817281728        67.69130    
   103.915212961296        67.69162    
   103.925608640864        67.69181    
   103.936004320432        67.69197    
   103.946400000000        67.69213    
   123.946400000000        67.69213    
