 variables=x-Bh,<greek>D</greek>p/p<sub>0</sub>
   -26.51792100000000        0.000000000000000    
   -26.49870324955397        0.000000000000000    
   -26.47948549910793        0.000000000000000    
   -26.46026774866190        0.000000000000000    
   -26.44104999821587        0.000000000000000    
   -26.42183224776984        0.000000000000000    
   -26.40261449732381        0.000000000000000    
   -26.38339674687778        0.000000000000000    
   -26.36417899643174        0.000000000000000    
   -26.34496124598571        0.000000000000000    
   -26.32574349553968        0.000000000000000    
   -26.30652574509365        0.000000000000000    
   -26.28730799464762        0.000000000000000    
   -26.26809024420158        0.000000000000000    
   -26.24887249375555        0.000000000000000    
   -26.22965474330952        0.000000000000000    
   -26.21043699286349        0.000000000000000    
   -26.19121924241746        0.000000000000000    
   -26.17200149197143        0.000000000000000    
   -26.15278374152539        0.000000000000000    
   -26.13356599107936        0.000000000000000    
   -26.11434824063333        0.000000000000000    
   -26.09513049018730        0.000000000000000    
   -26.07591273974127        0.000000000000000    
   -26.05669498929523        0.000000000000000    
   -26.03747723884920        0.000000000000000    
   -26.01825948840317        0.000000000000000    
   -25.99904173795714        0.000000000000000    
   -25.97982398751111        0.000000000000000    
   -25.96060623706508        0.000000000000000    
   -25.94138848661904        0.000000000000000    
   -25.92217073617301        0.000000000000000    
   -25.90295298572698        0.000000000000000    
   -25.88373523528095        0.000000000000000    
   -25.86451748483492        0.000000000000000    
   -25.84529973438888        0.000000000000000    
   -25.82608198394285        0.000000000000000    
   -25.80686423349682        0.000000000000000    
   -25.78764648305079        0.000000000000000    
   -25.76842873260476        0.000000000000000    
   -25.74921098215873        0.000000000000000    
   -25.72999323171269        0.000000000000000    
   -25.71077548126666        0.000000000000000    
   -25.69155773082063        0.000000000000000    
   -25.67233998037460        0.000000000000000    
   -25.65312222992857        0.000000000000000    
   -25.63390447948253        0.000000000000000    
   -25.61468672903650        0.000000000000000    
   -25.59546897859047        0.000000000000000    
   -25.57625122814444        0.000000000000000    
   -25.55703347769841        0.000000000000000    
   -25.53781572725238        0.000000000000000    
   -25.51859797680634        0.000000000000000    
   -25.49938022636031        0.000000000000000    
   -25.48016247591428        0.000000000000000    
   -25.46094472546825        0.000000000000000    
   -25.44172697502222        0.000000000000000    
   -25.42250922457619        0.000000000000000    
   -25.40329147413015        0.000000000000000    
   -25.38407372368412        0.000000000000000    
   -25.36485597323809        0.000000000000000    
   -25.34563822279206        0.000000000000000    
   -25.32642047234603        0.000000000000000    
   -25.30720272189999        0.000000000000000    
   -25.28798497145396        0.000000000000000    
   -25.26876722100793        0.000000000000000    
   -25.24954947056190        0.000000000000000    
   -25.23033172011587        0.000000000000000    
   -25.21111396966984        0.000000000000000    
   -25.19189621922380        0.000000000000000    
   -25.17267846877777        0.000000000000000    
   -25.15346071833174        0.000000000000000    
   -25.13424296788571        0.000000000000000    
   -25.11502521743968        0.000000000000000    
   -25.09580746699364        0.000000000000000    
   -25.07658971654761        0.000000000000000    
   -25.05737196610158        0.000000000000000    
   -25.03815421565555        0.000000000000000    
   -25.01893646520952        0.000000000000000    
   -24.99971871476349        0.000000000000000    
   -24.98050096431745        0.000000000000000    
   -24.96128321387142        0.000000000000000    
   -24.94206546342539        0.000000000000000    
   -24.92284771297936        0.000000000000000    
   -24.90362996253333        0.000000000000000    
   -24.88441221208729        0.000000000000000    
   -24.86519446164126        0.000000000000000    
   -24.84597671119523        0.000000000000000    
   -24.82675896074920        0.000000000000000    
   -24.80754121030317        0.000000000000000    
   -24.78832345985714        0.000000000000000    
   -24.76910570941110        0.000000000000000    
   -24.74988795896507        0.000000000000000    
   -24.73067020851904        0.000000000000000    
   -24.71145245807301        0.000000000000000    
   -24.69223470762698        0.000000000000000    
   -24.67301695718094        0.000000000000000    
   -24.65379920673491        0.000000000000000    
   -24.63458145628888        0.000000000000000    
   -24.61536370584285        0.000000000000000    
   -24.59614595539682        0.000000000000000    
   -24.57692820495079        0.000000000000000    
   -24.55771045450475        0.000000000000000    
   -24.53849270405872        0.000000000000000    
   -24.51927495361269        0.000000000000000    
   -24.50005720316666        0.000000000000000    
   -24.48083945272063        0.000000000000000    
   -24.46162170227459        0.000000000000000    
   -24.44240395182856        0.000000000000000    
   -24.42318620138253        0.000000000000000    
   -24.40396845093650        0.000000000000000    
   -24.38475070049047        0.000000000000000    
   -24.36553295004444        0.000000000000000    
   -24.34631519959840        0.000000000000000    
   -24.32709744915237        0.000000000000000    
   -24.30787969870634        0.000000000000000    
   -24.28866194826031        0.000000000000000    
   -24.26944419781428        0.000000000000000    
   -24.25022644736825        0.000000000000000    
   -24.23100869692221        0.000000000000000    
   -24.21179094647618        0.000000000000000    
   -24.19257319603015        0.000000000000000    
   -24.17335544558412        0.000000000000000    
   -24.15413769513809        0.000000000000000    
   -24.13491994469205        0.000000000000000    
   -24.11570219424602        0.000000000000000    
   -24.09648444379999        0.000000000000000    
   -24.07726669335396        0.000000000000000    
   -24.05804894290793        0.000000000000000    
   -24.03883119246190        0.000000000000000    
   -24.01961344201586        0.000000000000000    
   -24.00039569156983        0.000000000000000    
   -23.98117794112380        0.000000000000000    
   -23.96196019067777        0.000000000000000    
   -23.94274244023174        0.000000000000000    
   -23.92352468978570        0.000000000000000    
   -23.90430693933967        0.000000000000000    
   -23.88508918889364        0.000000000000000    
   -23.86587143844761        0.000000000000000    
   -23.84665368800158        0.000000000000000    
   -23.82743593755555        0.000000000000000    
   -23.80821818710951        0.000000000000000    
   -23.78900043666348        0.000000000000000    
   -23.76978268621745        0.000000000000000    
   -23.75056493577142        0.000000000000000    
   -23.73134718532539        0.000000000000000    
   -23.71212943487935        0.000000000000000    
   -23.69291168443332        0.000000000000000    
   -23.67369393398729        0.000000000000000    
   -23.65447618354126        0.000000000000000    
   -23.63525843309523        0.000000000000000    
   -23.61604068264920        0.000000000000000    
   -23.59682293220316        0.000000000000000    
   -23.57760518175713        0.000000000000000    
   -23.55838743131110        0.000000000000000    
   -23.53916968086507        0.000000000000000    
   -23.51995193041904        0.000000000000000    
   -23.50073417997300        0.000000000000000    
   -23.48151642952697        0.000000000000000    
   -23.46229867908094        0.000000000000000    
   -23.44308092863491        0.000000000000000    
   -23.42386317818888        0.000000000000000    
   -23.40464542774285        0.000000000000000    
   -23.38542767729681        0.000000000000000    
   -23.36620992685078        0.000000000000000    
   -23.34699217640475        0.000000000000000    
   -23.32777442595872        0.000000000000000    
   -23.30855667551269        0.000000000000000    
   -23.28933892506666        0.000000000000000    
   -23.27012117462062        0.000000000000000    
   -23.25090342417459        0.000000000000000    
   -23.23168567372856        0.000000000000000    
   -23.21246792328253        0.000000000000000    
   -23.19325017283650        0.000000000000000    
   -23.17403242239046        0.000000000000000    
   -23.15481467194443        0.000000000000000    
   -23.13559692149840        0.000000000000000    
   -23.11637917105237        0.000000000000000    
   -23.09716142060634        0.000000000000000    
   -23.07794367016031        0.000000000000000    
   -23.05872591971427        0.000000000000000    
   -23.03950816926824        0.000000000000000    
   -23.02029041882221        0.000000000000000    
   -23.00107266837618        0.000000000000000    
   -22.98185491793015        0.000000000000000    
   -22.96263716748411        0.000000000000000    
   -22.94341941703808        0.000000000000000    
   -22.92420166659205        0.000000000000000    
   -22.90498391614602        0.000000000000000    
   -22.88576616569999        0.000000000000000    
   -22.86654841525396        0.000000000000000    
   -22.84733066480792        0.000000000000000    
   -22.82811291436189        0.000000000000000    
   -22.80889516391586        0.000000000000000    
   -22.78967741346983        0.000000000000000    
   -22.77045966302380        0.000000000000000    
   -22.75124191257776        0.000000000000000    
   -22.73202416213173        0.000000000000000    
   -22.71280641168570        0.000000000000000    
   -22.69358866123967        0.000000000000000    
   -22.67437091079364        0.000000000000000    
   -22.65515316034761        0.000000000000000    
   -22.63593540990157        0.000000000000000    
   -22.61671765945554        0.000000000000000    
   -22.59749990900951        0.000000000000000    
   -22.57828215856348        0.000000000000000    
   -22.55906440811745        0.000000000000000    
   -22.53984665767141        0.000000000000000    
   -22.52062890722538        0.000000000000000    
   -22.50141115677935        0.000000000000000    
   -22.48219340633332        0.000000000000000    
   -22.46297565588729        0.000000000000000    
   -22.44375790544126        0.000000000000000    
   -22.42454015499522        0.000000000000000    
   -22.40532240454919        0.000000000000000    
   -22.38610465410316        0.000000000000000    
   -22.36688690365713        0.000000000000000    
   -22.34766915321110        0.000000000000000    
   -22.32845140276507        0.000000000000000    
   -22.30923365231903        0.000000000000000    
   -22.29001590187300        0.000000000000000    
   -22.27079815142697        0.000000000000000    
   -22.25158040098094        0.000000000000000    
   -22.23236265053491        0.000000000000000    
   -22.21314490008887        0.000000000000000    
   -22.19392714964284        0.000000000000000    
   -22.17470939919681        0.000000000000000    
   -22.15549164875078        0.000000000000000    
   -22.13627389830475        0.000000000000000    
   -22.11705614785872        0.000000000000000    
   -22.09783839741268        0.000000000000000    
   -22.07862064696665        0.000000000000000    
   -22.05940289652062        0.000000000000000    
   -22.04018514607459        0.000000000000000    
   -22.02096739562856        0.000000000000000    
   -22.00174964518252        0.000000000000000    
   -21.98253189473649        0.000000000000000    
   -21.96331414429046        0.000000000000000    
   -21.94409639384443        0.000000000000000    
   -21.92487864339840        0.000000000000000    
   -21.90566089295237        0.000000000000000    
   -21.88644314250633        0.000000000000000    
   -21.86722539206030        0.000000000000000    
   -21.84800764161427        0.000000000000000    
   -21.82878989116824        0.000000000000000    
   -21.80957214072221        0.000000000000000    
   -21.79035439027617        0.000000000000000    
   -21.77113663983014        0.000000000000000    
   -21.75191888938411        0.000000000000000    
   -21.73270113893808        0.000000000000000    
   -21.71348338849205        0.000000000000000    
   -21.69426563804602        0.000000000000000    
   -21.67504788759998        0.000000000000000    
   -21.65583013715395        0.000000000000000    
   -21.63661238670792        0.000000000000000    
   -21.61739463626189        0.000000000000000    
   -21.59817688581586        0.000000000000000    
   -21.57895913536982        0.000000000000000    
   -21.55974138492379        0.000000000000000    
   -21.54052363447776        0.000000000000000    
   -21.52130588403173        0.000000000000000    
   -21.50208813358570        0.000000000000000    
   -21.48287038313967        0.000000000000000    
   -21.46365263269363        0.000000000000000    
   -21.44443488224760        0.000000000000000    
   -21.42521713180157        0.000000000000000    
   -21.40599938135554        0.000000000000000    
   -21.38678163090951        0.000000000000000    
   -21.36756388046348        0.000000000000000    
   -21.34834613001744        0.000000000000000    
   -21.32912837957141        0.000000000000000    
   -21.30991062912538        0.000000000000000    
   -21.29069287867935        0.000000000000000    
   -21.27147512823332        0.000000000000000    
   -21.25225737778728        0.000000000000000    
   -21.23303962734125        0.000000000000000    
   -21.21382187689522        0.000000000000000    
   -21.19460412644919        0.000000000000000    
   -21.17538637600316        0.000000000000000    
   -21.15616862555713        0.000000000000000    
   -21.13695087511109        0.000000000000000    
   -21.11773312466506        0.000000000000000    
   -21.09851537421903        0.000000000000000    
   -21.07929762377300        0.000000000000000    
   -21.06007987332697        0.000000000000000    
   -21.04086212288093        0.000000000000000    
   -21.02164437243490        0.000000000000000    
   -21.00242662198887        0.000000000000000    
   -20.98320887154284        0.000000000000000    
   -20.96399112109681        0.000000000000000    
   -20.94477337065078        0.000000000000000    
   -20.92555562020474        0.000000000000000    
   -20.90633786975871        0.000000000000000    
   -20.88712011931268        0.000000000000000    
   -20.86790236886665        0.000000000000000    
   -20.84868461842062        0.000000000000000    
   -20.82946686797458        0.000000000000000    
   -20.81024911752855        0.000000000000000    
   -20.79103136708252        0.000000000000000    
   -20.77181361663649        0.000000000000000    
   -20.75259586619046        0.000000000000000    
   -20.73337811574443        0.000000000000000    
   -20.71416036529839        0.000000000000000    
   -20.69494261485236        0.000000000000000    
   -20.67572486440633        0.000000000000000    
   -20.65650711396030        0.000000000000000    
   -20.63728936351427        0.000000000000000    
   -20.61807161306823        0.000000000000000    
   -20.59885386262220        0.000000000000000    
   -20.57963611217617        0.000000000000000    
   -20.56041836173014        0.000000000000000    
   -20.54120061128411        0.000000000000000    
   -20.52198286083808        0.000000000000000    
   -20.50276511039204        0.000000000000000    
   -20.48354735994601        0.000000000000000    
   -20.46432960949998        0.000000000000000    
   -20.44511185905395        0.000000000000000    
   -20.42589410860792        0.000000000000000    
   -20.40667635816189        0.000000000000000    
   -20.38745860771585        0.000000000000000    
   -20.36824085726982        0.000000000000000    
   -20.34902310682379        0.000000000000000    
   -20.32980535637776        0.000000000000000    
   -20.31058760593173        0.000000000000000    
   -20.29136985548569        0.000000000000000    
   -20.27215210503966        0.000000000000000    
   -20.25293435459363        0.000000000000000    
   -20.23371660414760        0.000000000000000    
   -20.21449885370157        0.000000000000000    
   -20.19528110325554        0.000000000000000    
   -20.17606335280950        0.000000000000000    
   -20.15684560236347        0.000000000000000    
   -20.13762785191744        0.000000000000000    
   -20.11841010147141        0.000000000000000    
   -20.09919235102538        0.000000000000000    
   -20.07997460057934        0.000000000000000    
   -20.06075685013331        0.000000000000000    
   -20.04153909968728        0.000000000000000    
   -20.02232134924125        0.000000000000000    
   -20.00310359879522        0.000000000000000    
   -19.98388584834919        0.000000000000000    
   -19.96466809790315        0.000000000000000    
   -19.94545034745712        0.000000000000000    
   -19.92623259701109        0.000000000000000    
   -19.90701484656506        0.000000000000000    
   -19.88779709611903        0.000000000000000    
   -19.86857934567299        0.000000000000000    
   -19.84936159522696        0.000000000000000    
   -19.83014384478093        0.000000000000000    
   -19.81092609433490        0.000000000000000    
   -19.79170834388887        0.000000000000000    
   -19.77249059344284        0.000000000000000    
   -19.75327284299680        0.000000000000000    
   -19.73405509255077        0.000000000000000    
   -19.71483734210474        0.000000000000000    
   -19.69561959165871        0.000000000000000    
   -19.67640184121268        0.000000000000000    
   -19.65718409076664        0.000000000000000    
   -19.63796634032061        0.000000000000000    
   -19.61874858987458        0.000000000000000    
   -19.59953083942855        0.000000000000000    
   -19.58031308898252        0.000000000000000    
   -19.56109533853649        0.000000000000000    
   -19.54187758809045        0.000000000000000    
   -19.52265983764442        0.000000000000000    
   -19.50344208719839        0.000000000000000    
   -19.48422433675236        0.000000000000000    
   -19.46500658630633        0.000000000000000    
   -19.44578883586030        0.000000000000000    
   -19.42657108541426        0.000000000000000    
   -19.40735333496823        0.000000000000000    
   -19.38813558452220        0.000000000000000    
   -19.36891783407617        0.000000000000000    
   -19.34970008363014        0.000000000000000    
   -19.33048233318410        0.000000000000000    
   -19.31126458273807        0.000000000000000    
   -19.29204683229204        0.000000000000000    
   -19.27282908184601        0.000000000000000    
   -19.25361133139998        0.000000000000000    
   -19.23439358095395        0.000000000000000    
   -19.21517583050791        0.000000000000000    
   -19.19595808006188        0.000000000000000    
   -19.17674032961585        0.000000000000000    
   -19.15752257916982        0.000000000000000    
   -19.13830482872379        0.000000000000000    
   -19.11908707827775        0.000000000000000    
   -19.09986932783172        0.000000000000000    
   -19.08065157738569        0.000000000000000    
   -19.06143382693966        0.000000000000000    
   -19.04221607649363        0.000000000000000    
   -19.02299832604760        0.000000000000000    
   -19.00378057560156        0.000000000000000    
   -18.98456282515553        0.000000000000000    
   -18.96534507470950        0.000000000000000    
   -18.94612732426347        0.000000000000000    
   -18.92690957381744        0.000000000000000    
   -18.90769182337140        0.000000000000000    
   -18.88847407292537        0.000000000000000    
   -18.86925632247934        0.000000000000000    
   -18.85003857203331        0.000000000000000    
   -18.83082082158728        0.000000000000000    
   -18.81160307114125        0.000000000000000    
   -18.79238532069521        0.000000000000000    
   -18.77316757024918        0.000000000000000    
   -18.75394981980315        0.000000000000000    
   -18.73473206935712        0.000000000000000    
   -18.71551431891109        0.000000000000000    
   -18.69629656846505        0.000000000000000    
   -18.67707881801902        0.000000000000000    
   -18.65786106757299        0.000000000000000    
   -18.63864331712696        0.000000000000000    
   -18.61942556668093        0.000000000000000    
   -18.60020781623490        0.000000000000000    
   -18.58099006578886        0.000000000000000    
   -18.56177231534283        0.000000000000000    
   -18.54255456489680        0.000000000000000    
   -18.52333681445077        0.000000000000000    
   -18.50411906400474        0.000000000000000    
   -18.48490131355871        0.000000000000000    
   -18.46568356311267        0.000000000000000    
   -18.44646581266664        0.000000000000000    
   -18.42724806222061        0.000000000000000    
   -18.40803031177458        0.000000000000000    
   -18.38881256132855        0.000000000000000    
   -18.36959481088251        0.000000000000000    
   -18.35037706043648        0.000000000000000    
   -18.33115930999045        0.000000000000000    
   -18.31194155954442        0.000000000000000    
   -18.29272380909839        0.000000000000000    
   -18.27350605865236        0.000000000000000    
   -18.25428830820632        0.000000000000000    
   -18.23507055776029        0.000000000000000    
   -18.21585280731426        0.000000000000000    
   -18.19663505686823        0.000000000000000    
   -18.17741730642220        0.000000000000000    
   -18.15819955597616        0.000000000000000    
   -18.13898180553013        0.000000000000000    
   -18.11976405508410        0.000000000000000    
   -18.10054630463807        0.000000000000000    
   -18.08132855419204        0.000000000000000    
   -18.06211080374601        0.000000000000000    
   -18.04289305329997        0.000000000000000    
   -18.02367530285394        0.000000000000000    
   -18.00445755240791        0.000000000000000    
   -17.98523980196188        0.000000000000000    
   -17.96602205151585        0.000000000000000    
   -17.94680430106981        0.000000000000000    
   -17.92758655062378        0.000000000000000    
   -17.90836880017775        0.000000000000000    
   -17.88915104973172        0.000000000000000    
   -17.86993329928569        0.000000000000000    
   -17.85071554883966        0.000000000000000    
   -17.83149779839362        0.000000000000000    
   -17.81228004794759        0.000000000000000    
   -17.79306229750156        0.000000000000000    
   -17.77384454705553        0.000000000000000    
   -17.75462679660950        0.000000000000000    
   -17.73540904616346        0.000000000000000    
   -17.71619129571743        0.000000000000000    
   -17.69697354527140        0.000000000000000    
   -17.67775579482537        0.000000000000000    
   -17.65853804437934        0.000000000000000    
   -17.63932029393331        0.000000000000000    
   -17.62010254348727        0.000000000000000    
   -17.60088479304124        0.000000000000000    
   -17.58166704259521        0.000000000000000    
   -17.56244929214918        0.000000000000000    
   -17.54323154170315        0.000000000000000    
   -17.52401379125712        0.000000000000000    
   -17.50479604081108        0.000000000000000    
   -17.48557829036505        0.000000000000000    
   -17.46636053991902        0.000000000000000    
   -17.44714278947299        0.000000000000000    
   -17.42792503902696        0.000000000000000    
   -17.40870728858092        0.000000000000000    
   -17.38948953813489        0.000000000000000    
   -17.37027178768886        0.000000000000000    
   -17.35105403724283        0.000000000000000    
   -17.33183628679680        0.000000000000000    
   -17.31261853635077        0.000000000000000    
   -17.29340078590473        0.000000000000000    
   -17.27418303545870        0.000000000000000    
   -17.25496528501267        0.000000000000000    
   -17.23574753456664        0.000000000000000    
   -17.21652978412061        0.000000000000000    
   -17.19731203367457        0.000000000000000    
   -17.17809428322854        0.000000000000000    
   -17.15887653278251        0.000000000000000    
   -17.13965878233648        0.000000000000000    
   -17.12044103189045        0.000000000000000    
   -17.10122328144442        0.000000000000000    
   -17.08200553099838        0.000000000000000    
   -17.06278778055235        0.000000000000000    
   -17.04357003010632        0.000000000000000    
   -17.02435227966029        0.000000000000000    
   -17.00513452921426        0.000000000000000    
   -16.98591677876822        0.000000000000000    
   -16.96669902832219        0.000000000000000    
   -16.94748127787616        0.000000000000000    
   -16.92826352743013        0.000000000000000    
   -16.90904577698410        0.000000000000000    
   -16.88982802653807        0.000000000000000    
   -16.87061027609203        0.000000000000000    
   -16.85139252564600        0.000000000000000    
   -16.83217477519997        0.000000000000000    
   -16.81295702475394        0.000000000000000    
   -16.79373927430791        0.000000000000000    
   -16.77452152386187        0.000000000000000    
   -16.75530377341584        0.000000000000000    
   -16.73608602296981        0.000000000000000    
   -16.71686827252378        0.000000000000000    
   -16.69765052207775        0.000000000000000    
   -16.67843277163172        0.000000000000000    
   -16.65921502118568        0.000000000000000    
   -16.63999727073965        0.000000000000000    
   -16.62077952029362        0.000000000000000    
   -16.60156176984759        0.000000000000000    
   -16.58234401940156        0.000000000000000    
   -16.56312626895552        0.000000000000000    
   -16.54390851850949        0.000000000000000    
   -16.52469076806346        0.000000000000000    
   -16.50547301761743        0.000000000000000    
   -16.48625526717140        0.000000000000000    
   -16.46703751672537        0.000000000000000    
   -16.44781976627933        0.000000000000000    
   -16.42860201583330        0.000000000000000    
   -16.40938426538727        0.000000000000000    
   -16.39016651494124        0.000000000000000    
   -16.37094876449521        0.000000000000000    
   -16.35173101404918        0.000000000000000    
   -16.33251326360314        0.000000000000000    
   -16.31329551315711        0.000000000000000    
   -16.29407776271108        0.000000000000000    
   -16.27486001226505        0.000000000000000    
   -16.25564226181902        0.000000000000000    
   -16.23642451137298        0.000000000000000    
   -16.21720676092695        0.000000000000000    
   -16.19798901048092        0.000000000000000    
   -16.17877126003489        0.000000000000000    
   -16.15955350958886        0.000000000000000    
   -16.14033575914283        0.000000000000000    
   -16.12111800869679        0.000000000000000    
   -16.10190025825076        0.000000000000000    
   -16.08268250780473        0.000000000000000    
   -16.06346475735870        0.000000000000000    
   -16.04424700691267        0.000000000000000    
   -16.02502925646663        0.000000000000000    
   -16.00581150602060        0.000000000000000    
   -15.98659375557457        0.000000000000000    
   -15.96737600512854        0.000000000000000    
   -15.94815825468250        0.000000000000000    
   -15.92894050423647        0.000000000000000    
   -15.90972275379043        0.000000000000000    
   -15.89050500334440        0.000000000000000    
   -15.87128725289837        0.000000000000000    
   -15.85206950245233        0.000000000000000    
   -15.83285175200630        0.000000000000000    
   -15.81363400156027        0.000000000000000    
   -15.79441625111423        0.000000000000000    
   -15.77519850066820        0.000000000000000    
   -15.75598075022217        0.000000000000000    
   -15.73676299977613        0.000000000000000    
   -15.71754524933010        0.000000000000000    
   -15.69832749888407        0.000000000000000    
   -15.67910974843803        0.000000000000000    
   -15.65989199799200        0.000000000000000    
   -15.64067424754596        0.000000000000000    
   -15.62145649709993        0.000000000000000    
   -15.60223874665390        0.000000000000000    
   -15.58302099620786        0.000000000000000    
   -15.56380324576183        0.000000000000000    
   -15.54458549531580        0.000000000000000    
   -15.52536774486976        0.000000000000000    
   -15.50614999442373        0.000000000000000    
   -15.48693224397770        0.000000000000000    
   -15.46771449353166        0.000000000000000    
   -15.44849674308563        0.000000000000000    
   -15.42927899263960        0.000000000000000    
   -15.41006124219356        0.000000000000000    
   -15.39084349174753        0.000000000000000    
   -15.37162574130149        0.000000000000000    
   -15.35240799085546        0.000000000000000    
   -15.33319024040943        0.000000000000000    
   -15.31397248996339        0.000000000000000    
   -15.29475473951736        0.000000000000000    
   -15.27553698907133        0.000000000000000    
   -15.25631923862529        0.000000000000000    
   -15.23710148817926        0.000000000000000    
   -15.21788373773323        0.000000000000000    
   -15.19866598728719        0.000000000000000    
   -15.17944823684116        0.000000000000000    
   -15.16023048639513        0.000000000000000    
   -15.14101273594909        0.000000000000000    
   -15.12179498550306        0.000000000000000    
   -15.10257723505702        0.000000000000000    
   -15.08335948461099        0.000000000000000    
   -15.06414173416496        0.000000000000000    
   -15.04492398371892        0.000000000000000    
   -15.02570623327289        0.000000000000000    
   -15.00648848282686        0.000000000000000    
   -14.98727073238082        0.000000000000000    
   -14.96805298193479        0.000000000000000    
   -14.94883523148876        0.000000000000000    
   -14.92961748104272        0.000000000000000    
   -14.91039973059669        0.000000000000000    
   -14.89118198015066        0.000000000000000    
   -14.87196422970462        0.000000000000000    
   -14.85274647925859        0.000000000000000    
   -14.83352872881255        0.000000000000000    
   -14.81431097836652        0.000000000000000    
   -14.79509322792049        0.000000000000000    
   -14.77587547747445        0.000000000000000    
   -14.75665772702842        0.000000000000000    
   -14.73743997658239        0.000000000000000    
   -14.71822222613635        0.000000000000000    
   -14.69900447569032        0.000000000000000    
   -14.67978672524429        0.000000000000000    
   -14.66056897479825        0.000000000000000    
   -14.64135122435222        0.000000000000000    
   -14.62213347390619        0.000000000000000    
   -14.60291572346015        0.000000000000000    
   -14.58369797301412        0.000000000000000    
   -14.56448022256808        0.000000000000000    
   -14.54526247212205        0.000000000000000    
   -14.52604472167602        0.000000000000000    
   -14.50682697122998        0.000000000000000    
   -14.48760922078395        0.000000000000000    
   -14.46839147033792        0.000000000000000    
   -14.44917371989188        0.000000000000000    
   -14.42995596944585        0.000000000000000    
   -14.41073821899982        0.000000000000000    
   -14.39152046855378        0.000000000000000    
   -14.37230271810775        0.000000000000000    
   -14.35308496766172        0.000000000000000    
   -14.33386721721568        0.000000000000000    
   -14.31464946676965        0.000000000000000    
   -14.29543171632361        0.000000000000000    
   -14.27621396587758        0.000000000000000    
   -14.25699621543155        0.000000000000000    
   -14.23777846498551        0.000000000000000    
   -14.21856071453948        0.000000000000000    
   -14.19934296409345        0.000000000000000    
   -14.18012521364741        0.000000000000000    
   -14.16090746320138        0.000000000000000    
   -14.14168971275535        0.000000000000000    
   -14.12247196230931        0.000000000000000    
   -14.10325421186328        0.000000000000000    
   -14.08403646141725        0.000000000000000    
   -14.06481871097121        0.000000000000000    
   -14.04560096052518        0.000000000000000    
   -14.02638321007914        0.000000000000000    
   -14.00716545963311        0.000000000000000    
   -13.98794770918708        0.000000000000000    
   -13.96872995874104        0.000000000000000    
   -13.94951220829501        0.000000000000000    
   -13.93029445784898        0.000000000000000    
   -13.91107670740294        0.000000000000000    
   -13.89185895695691        0.000000000000000    
   -13.87264120651088        0.000000000000000    
   -13.85342345606484        0.000000000000000    
   -13.83420570561881        0.000000000000000    
   -13.81498795517278        0.000000000000000    
   -13.79577020472674        0.000000000000000    
   -13.77655245428071        0.000000000000000    
   -13.75733470383467        0.000000000000000    
   -13.73811695338864        0.000000000000000    
   -13.71889920294261        0.000000000000000    
   -13.69968145249657        0.000000000000000    
   -13.68046370205054        0.000000000000000    
   -13.66124595160451        0.000000000000000    
   -13.64202820115847        0.000000000000000    
   -13.62281045071244        0.000000000000000    
   -13.60359270026641        0.000000000000000    
   -13.58437494982037        0.000000000000000    
   -13.56515719937434        0.000000000000000    
   -13.54593944892830        0.000000000000000    
   -13.52672169848227        0.000000000000000    
   -13.50750394803624        0.000000000000000    
   -13.48828619759020        0.000000000000000    
   -13.46906844714417        0.000000000000000    
   -13.44985069669814        0.000000000000000    
   -13.43063294625210        0.000000000000000    
   -13.41141519580607        0.000000000000000    
   -13.39219744536004        0.000000000000000    
   -13.37297969491400        0.000000000000000    
   -13.35376194446797        0.000000000000000    
   -13.33454419402194        0.000000000000000    
   -13.31532644357590        0.000000000000000    
   -13.29610869312987        0.000000000000000    
   -13.27689094268383        0.000000000000000    
   -13.25767319223780        0.000000000000000    
   -13.23845544179177        0.000000000000000    
   -13.21923769134573        0.000000000000000    
   -13.20001994089970        0.000000000000000    
   -13.18080219045367        0.000000000000000    
   -13.16158444000763        0.000000000000000    
   -13.14236668956160        0.000000000000000    
   -13.12314893911557        0.000000000000000    
   -13.10393118866953        0.000000000000000    
   -13.08471343822350        0.000000000000000    
   -13.06549568777747        0.000000000000000    
   -13.04627793733143        0.000000000000000    
   -13.02706018688540        0.000000000000000    
   -13.00784243643936        0.000000000000000    
   -12.98862468599333        0.000000000000000    
   -12.96940693554730        0.000000000000000    
   -12.95018918510126        0.000000000000000    
   -12.93097143465523        0.000000000000000    
   -12.91175368420920        0.000000000000000    
   -12.89253593376316        0.000000000000000    
   -12.87331818331713        0.000000000000000    
   -12.85410043287110        0.000000000000000    
   -12.83488268242506        0.000000000000000    
   -12.81566493197903        0.000000000000000    
   -12.79644718153300        0.000000000000000    
   -12.77722943108696        0.000000000000000    
   -12.75801168064093        0.000000000000000    
   -12.73879393019489        0.000000000000000    
   -12.71957617974886        0.000000000000000    
   -12.70035842930283        0.000000000000000    
   -12.68114067885679        0.000000000000000    
   -12.66192292841076        0.000000000000000    
   -12.64270517796473        0.000000000000000    
   -12.62348742751869        0.000000000000000    
   -12.60426967707266        0.000000000000000    
   -12.58505192662663        0.000000000000000    
   -12.56583417618059        0.000000000000000    
   -12.54661642573456        0.000000000000000    
   -12.52739867528853        0.000000000000000    
   -12.50818092484249        0.000000000000000    
   -12.48896317439646        0.000000000000000    
   -12.46974542395042        0.000000000000000    
   -12.45052767350439        0.000000000000000    
   -12.43130992305836        0.000000000000000    
   -12.41209217261232        0.000000000000000    
   -12.39287442216629        0.000000000000000    
   -12.37365667172026        0.000000000000000    
   -12.35443892127422        0.000000000000000    
   -12.33522117082819        0.000000000000000    
   -12.31600342038216        0.000000000000000    
   -12.29678566993612        0.000000000000000    
   -12.27756791949009        0.000000000000000    
   -12.25835016904406        0.000000000000000    
   -12.23913241859802        0.000000000000000    
   -12.21991466815199        0.000000000000000    
   -12.20069691770595        0.000000000000000    
   -12.18147916725992        0.000000000000000    
   -12.16226141681389        0.000000000000000    
   -12.14304366636785        0.000000000000000    
   -12.12382591592182        0.000000000000000    
   -12.10460816547579        0.000000000000000    
   -12.08539041502975        0.000000000000000    
   -12.06617266458372        0.000000000000000    
   -12.04695491413769        0.000000000000000    
   -12.02773716369165        0.000000000000000    
   -12.00851941324562        0.000000000000000    
   -11.98930166279959        0.000000000000000    
   -11.97008391235355        0.000000000000000    
   -11.95086616190752        0.000000000000000    
   -11.93164841146148        0.000000000000000    
   -11.91243066101545        0.000000000000000    
   -11.89321291056942        0.000000000000000    
   -11.87399516012338        0.000000000000000    
   -11.85477740967735        0.000000000000000    
   -11.83555965923132        0.000000000000000    
   -11.81634190878528        0.000000000000000    
   -11.79712415833925        0.000000000000000    
   -11.77790640789322        0.000000000000000    
   -11.75868865744718        0.000000000000000    
   -11.73947090700115        0.000000000000000    
   -11.72025315655512        0.000000000000000    
   -11.70103540610908        0.000000000000000    
   -11.68181765566305        0.000000000000000    
   -11.66259990521701        0.000000000000000    
   -11.64338215477098        0.000000000000000    
   -11.62416440432495        0.000000000000000    
   -11.60494665387891        0.000000000000000    
   -11.58572890343288        0.000000000000000    
   -11.56651115298685        0.000000000000000    
   -11.54729340254081        0.000000000000000    
   -11.52807565209478        0.000000000000000    
   -11.50885790164875        0.000000000000000    
   -11.48964015120271        0.000000000000000    
   -11.47042240075668        0.000000000000000    
   -11.45120465031065        0.000000000000000    
   -11.43198689986461        0.000000000000000    
   -11.41276914941858        0.000000000000000    
   -11.39355139897254        0.000000000000000    
   -11.37433364852651        0.000000000000000    
   -11.35511589808048        0.000000000000000    
   -11.33589814763444        0.000000000000000    
   -11.31668039718841        0.000000000000000    
   -11.29746264674238        0.000000000000000    
   -11.27824489629634        0.000000000000000    
   -11.25902714585031        0.000000000000000    
   -11.23980939540428        0.000000000000000    
   -11.22059164495824        0.000000000000000    
   -11.20137389451221        0.000000000000000    
   -11.18215614406617        0.000000000000000    
   -11.16293839362014        0.000000000000000    
   -11.14372064317411        0.000000000000000    
   -11.12450289272807        0.000000000000000    
   -11.10528514228204        0.000000000000000    
   -11.08606739183601        0.000000000000000    
   -11.06684964138997        0.000000000000000    
   -11.04763189094394        0.000000000000000    
   -11.02841414049791        0.000000000000000    
   -11.00919639005187        0.000000000000000    
   -10.98997863960584        0.000000000000000    
   -10.97076088915981        0.000000000000000    
   -10.95154313871377        0.000000000000000    
   -10.93232538826774        0.000000000000000    
   -10.91310763782170        0.000000000000000    
   -10.89388988737567        0.000000000000000    
   -10.87467213692964        0.000000000000000    
   -10.85545438648360        0.000000000000000    
   -10.83623663603757        0.000000000000000    
   -10.81701888559154        0.000000000000000    
   -10.79780113514550        0.000000000000000    
   -10.77858338469947        0.000000000000000    
   -10.75936563425344        0.000000000000000    
   -10.74014788380740        0.000000000000000    
   -10.72093013336137        0.000000000000000    
   -10.70171238291534        0.000000000000000    
   -10.68249463246930        0.000000000000000    
   -10.66327688202327        0.000000000000000    
   -10.64405913157723        0.000000000000000    
   -10.62484138113120        0.000000000000000    
   -10.60562363068517        0.000000000000000    
   -10.58640588023913        0.000000000000000    
   -10.56718812979310        0.000000000000000    
   -10.54797037934707        0.000000000000000    
   -10.52875262890103        0.000000000000000    
   -10.50953487845500        0.000000000000000    
   -10.49031712800897        0.000000000000000    
   -10.47109937756293        0.000000000000000    
   -10.45188162711690        0.000000000000000    
   -10.43266387667087        0.000000000000000    
   -10.41344612622483        0.000000000000000    
   -10.39422837577880        0.000000000000000    
   -10.37501062533276        0.000000000000000    
   -10.35579287488673        0.000000000000000    
   -10.33657512444070        0.000000000000000    
   -10.31735737399466        0.000000000000000    
   -10.29813962354863        0.000000000000000    
   -10.27892187310260        0.000000000000000    
   -10.25970412265656        0.000000000000000    
   -10.24048637221053        0.000000000000000    
   -10.22126862176450        0.000000000000000    
   -10.20205087131846        0.000000000000000    
   -10.18283312087243        0.000000000000000    
   -10.16361537042640        0.000000000000000    
   -10.14439761998036        0.000000000000000    
   -10.12517986953433        0.000000000000000    
   -10.10596211908829        0.000000000000000    
   -10.08674436864226        0.000000000000000    
   -10.06752661819623        0.000000000000000    
   -10.04830886775019        0.000000000000000    
   -10.02909111730416        0.000000000000000    
   -10.00987336685813        0.000000000000000    
   -9.990655616412093        0.000000000000000    
   -9.971437865966060        0.000000000000000    
   -9.952220115520026        0.000000000000000    
   -9.933002365073992        0.000000000000000    
   -9.913784614627959        0.000000000000000    
   -9.894566864181925        0.000000000000000    
   -9.875349113735892        0.000000000000000    
   -9.856131363289858        0.000000000000000    
   -9.836913612843825        0.000000000000000    
   -9.817695862397791        0.000000000000000    
   -9.798478111951757        0.000000000000000    
   -9.779260361505724        0.000000000000000    
   -9.760042611059690        0.000000000000000    
   -9.740824860613657        0.000000000000000    
   -9.721607110167623        0.000000000000000    
   -9.702389359721590        0.000000000000000    
   -9.683171609275556        0.000000000000000    
   -9.663953858829522        0.000000000000000    
   -9.644736108383489        0.000000000000000    
   -9.625518357937455        0.000000000000000    
   -9.606300607491422        0.000000000000000    
   -9.587082857045388        0.000000000000000    
   -9.567865106599355        0.000000000000000    
   -9.548647356153321        0.000000000000000    
   -9.529429605707287        0.000000000000000    
   -9.510211855261254        0.000000000000000    
   -9.490994104815220        0.000000000000000    
   -9.471776354369187        0.000000000000000    
   -9.452558603923153        0.000000000000000    
   -9.433340853477119        0.000000000000000    
   -9.414123103031086        0.000000000000000    
   -9.394905352585052        0.000000000000000    
   -9.375687602139019        0.000000000000000    
   -9.356469851692985        0.000000000000000    
   -9.337252101246952        0.000000000000000    
   -9.318034350800918        0.000000000000000    
   -9.298816600354884        0.000000000000000    
   -9.279598849908851        0.000000000000000    
   -9.260381099462817        0.000000000000000    
   -9.241163349016784        0.000000000000000    
   -9.221945598570750        0.000000000000000    
   -9.202727848124717        0.000000000000000    
   -9.183510097678683        0.000000000000000    
   -9.164292347232649        0.000000000000000    
   -9.145074596786616        0.000000000000000    
   -9.125856846340582        0.000000000000000    
   -9.106639095894549        0.000000000000000    
   -9.087421345448515        0.000000000000000    
   -9.068203595002482        0.000000000000000    
   -9.048985844556448        0.000000000000000    
   -9.029768094110414        0.000000000000000    
   -9.010550343664381        0.000000000000000    
   -8.991332593218347        0.000000000000000    
   -8.972114842772314        0.000000000000000    
   -8.952897092326280        0.000000000000000    
   -8.933679341880246        0.000000000000000    
   -8.914461591434213        0.000000000000000    
   -8.895243840988179        0.000000000000000    
   -8.876026090542146        0.000000000000000    
   -8.856808340096112        0.000000000000000    
   -8.837590589650079        0.000000000000000    
   -8.818372839204045        0.000000000000000    
   -8.799155088758011        0.000000000000000    
   -8.779937338311978        0.000000000000000    
   -8.760719587865944        0.000000000000000    
   -8.741501837419911        0.000000000000000    
   -8.722284086973877        0.000000000000000    
   -8.703066336527844        0.000000000000000    
   -8.683848586081810        0.000000000000000    
   -8.664630835635776        0.000000000000000    
   -8.645413085189743        0.000000000000000    
   -8.626195334743709        0.000000000000000    
   -8.606977584297676        0.000000000000000    
   -8.587759833851642        0.000000000000000    
   -8.568542083405609        0.000000000000000    
   -8.549324332959575        0.000000000000000    
   -8.530106582513541        0.000000000000000    
   -8.510888832067508        0.000000000000000    
   -8.491671081621474        0.000000000000000    
   -8.472453331175441        0.000000000000000    
   -8.453235580729407        0.000000000000000    
   -8.434017830283373        0.000000000000000    
   -8.414800079837340        0.000000000000000    
   -8.395582329391306        0.000000000000000    
   -8.376364578945273        0.000000000000000    
   -8.357146828499239        0.000000000000000    
   -8.337929078053206        0.000000000000000    
   -8.318711327607172        0.000000000000000    
   -8.299493577161138        0.000000000000000    
   -8.280275826715105        0.000000000000000    
   -8.261058076269071        0.000000000000000    
   -8.241840325823038        0.000000000000000    
   -8.222622575377004        0.000000000000000    
   -8.203404824930971        0.000000000000000    
   -8.184187074484937        0.000000000000000    
   -8.164969324038903        0.000000000000000    
   -8.145751573592870        0.000000000000000    
   -8.126533823146836        0.000000000000000    
   -8.107316072700803        0.000000000000000    
   -8.088098322254769        0.000000000000000    
   -8.068880571808736        0.000000000000000    
   -8.049662821362702        0.000000000000000    
   -8.030445070916668        0.000000000000000    
   -8.011227320470635        0.000000000000000    
   -7.992009570024601        0.000000000000000    
   -7.972791819578568        0.000000000000000    
   -7.953574069132534        0.000000000000000    
   -7.934356318686500        0.000000000000000    
   -7.915138568240467        0.000000000000000    
   -7.895920817794433        0.000000000000000    
   -7.876703067348400        0.000000000000000    
   -7.857485316902366        0.000000000000000    
   -7.838267566456333        0.000000000000000    
   -7.819049816010299        0.000000000000000    
   -7.799832065564265        0.000000000000000    
   -7.780614315118232        0.000000000000000    
   -7.761396564672198        0.000000000000000    
   -7.742178814226165        0.000000000000000    
   -7.722961063780131        0.000000000000000    
   -7.703743313334098        0.000000000000000    
   -7.684525562888064        0.000000000000000    
   -7.665307812442030        0.000000000000000    
   -7.646090061995997        0.000000000000000    
   -7.626872311549963        0.000000000000000    
   -7.607654561103930        0.000000000000000    
   -7.588436810657896        0.000000000000000    
   -7.569219060211863        0.000000000000000    
   -7.550001309765829        0.000000000000000    
   -7.530783559319795        0.000000000000000    
   -7.511565808873762        0.000000000000000    
   -7.492348058427728        0.000000000000000    
   -7.473130307981695        0.000000000000000    
   -7.453912557535661        0.000000000000000    
   -7.434694807089627        0.000000000000000    
   -7.415477056643594        0.000000000000000    
   -7.396259306197560        0.000000000000000    
   -7.377041555751527        0.000000000000000    
   -7.357823805305493        0.000000000000000    
   -7.338606054859460        0.000000000000000    
   -7.319388304413426        0.000000000000000    
   -7.300170553967392        0.000000000000000    
   -7.280952803521359        0.000000000000000    
   -7.261735053075325        0.000000000000000    
   -7.242517302629292        0.000000000000000    
   -7.223299552183258        0.000000000000000    
   -7.204081801737225        0.000000000000000    
   -7.184864051291191        0.000000000000000    
   -7.165646300845157        0.000000000000000    
   -7.146428550399124        0.000000000000000    
   -7.127210799953090        0.000000000000000    
   -7.107993049507057        0.000000000000000    
   -7.088775299061023        0.000000000000000    
   -7.069557548614990        0.000000000000000    
   -7.050339798168956        0.000000000000000    
   -7.031122047722922        0.000000000000000    
   -7.011904297276889        0.000000000000000    
   -6.992686546830855        0.000000000000000    
   -6.973468796384822        0.000000000000000    
   -6.954251045938788        0.000000000000000    
   -6.935033295492754        0.000000000000000    
   -6.915815545046721        0.000000000000000    
   -6.896597794600687        0.000000000000000    
   -6.877380044154654        0.000000000000000    
   -6.858162293708620        0.000000000000000    
   -6.838944543262587        0.000000000000000    
   -6.819726792816553        0.000000000000000    
   -6.800509042370519        0.000000000000000    
   -6.781291291924486        0.000000000000000    
   -6.762073541478452        0.000000000000000    
   -6.742855791032419        0.000000000000000    
   -6.723638040586385        0.000000000000000    
   -6.704420290140352        0.000000000000000    
   -6.685202539694318        0.000000000000000    
   -6.665984789248284        0.000000000000000    
   -6.646767038802251        0.000000000000000    
   -6.627549288356217        0.000000000000000    
   -6.608331537910184        0.000000000000000    
   -6.589113787464150        0.000000000000000    
   -6.569896037018117        0.000000000000000    
   -6.550678286572083        0.000000000000000    
   -6.531460536126049        0.000000000000000    
   -6.512242785680016        0.000000000000000    
   -6.493025035233982        0.000000000000000    
   -6.473807284787949        0.000000000000000    
   -6.454589534341915        0.000000000000000    
   -6.435371783895881        0.000000000000000    
   -6.416154033449848        0.000000000000000    
   -6.396936283003814        0.000000000000000    
   -6.377718532557781        0.000000000000000    
   -6.358500782111747        0.000000000000000    
   -6.339283031665714        0.000000000000000    
   -6.320065281219680        0.000000000000000    
   -6.300847530773646        0.000000000000000    
   -6.281629780327613        0.000000000000000    
   -6.262412029881579        0.000000000000000    
   -6.243194279435546        0.000000000000000    
   -6.223976528989512        0.000000000000000    
   -6.204758778543479        0.000000000000000    
   -6.185541028097445        0.000000000000000    
   -6.166323277651411        0.000000000000000    
   -6.147105527205378        0.000000000000000    
   -6.127887776759344        0.000000000000000    
   -6.108670026313311        0.000000000000000    
   -6.089452275867277        0.000000000000000    
   -6.070234525421244        0.000000000000000    
   -6.051016774975210        0.000000000000000    
   -6.031799024529176        0.000000000000000    
   -6.012581274083143        0.000000000000000    
   -5.993363523637109        0.000000000000000    
   -5.974145773191076        0.000000000000000    
   -5.954928022745042        0.000000000000000    
   -5.935710272299008        0.000000000000000    
   -5.916492521852975        0.000000000000000    
   -5.897274771406941        0.000000000000000    
   -5.878057020960908        0.000000000000000    
   -5.858839270514874        0.000000000000000    
   -5.839621520068841        0.000000000000000    
   -5.820403769622807        0.000000000000000    
   -5.801186019176773        0.000000000000000    
   -5.781968268730740        0.000000000000000    
   -5.762750518284706        0.000000000000000    
   -5.743532767838673        0.000000000000000    
   -5.724315017392639        0.000000000000000    
   -5.705097266946606        0.000000000000000    
   -5.685879516500572        0.000000000000000    
   -5.666661766054538        0.000000000000000    
   -5.647444015608505        0.000000000000000    
   -5.628226265162471        0.000000000000000    
   -5.609008514716438        0.000000000000000    
   -5.589790764270404        0.000000000000000    
   -5.570573013824371        0.000000000000000    
   -5.551355263378337        0.000000000000000    
   -5.532137512932303        0.000000000000000    
   -5.512919762486270        0.000000000000000    
   -5.493702012040236        0.000000000000000    
   -5.474484261594203        0.000000000000000    
   -5.455266511148169        0.000000000000000    
   -5.436048760702135        0.000000000000000    
   -5.416831010256102        0.000000000000000    
   -5.397613259810068        0.000000000000000    
   -5.378395509364035        0.000000000000000    
   -5.359177758918001        0.000000000000000    
   -5.339960008471968        0.000000000000000    
   -5.320742258025934        0.000000000000000    
   -5.301524507579900        0.000000000000000    
   -5.282306757133867        0.000000000000000    
   -5.263089006687833        0.000000000000000    
   -5.243871256241800        0.000000000000000    
   -5.224653505795766        0.000000000000000    
   -5.205435755349733        0.000000000000000    
   -5.186218004903699        0.000000000000000    
   -5.167000254457665        0.000000000000000    
   -5.147782504011632        0.000000000000000    
   -5.128564753565598        0.000000000000000    
   -5.109347003119565        0.000000000000000    
   -5.090129252673531        0.000000000000000    
   -5.070911502227498        0.000000000000000    
   -5.051693751781464        0.000000000000000    
   -5.032476001335430        0.000000000000000    
   -5.013258250889397        0.000000000000000    
   -4.994040500443363        0.000000000000000    
   -4.974822749997330        0.000000000000000    
   -4.955604999551296        0.000000000000000    
   -4.936387249105262        0.000000000000000    
   -4.917169498659229        0.000000000000000    
   -4.897951748213195        0.000000000000000    
   -4.878733997767162        0.000000000000000    
   -4.859516247321128        0.000000000000000    
   -4.840298496875095        0.000000000000000    
   -4.821080746429061        0.000000000000000    
   -4.801862995983027        0.000000000000000    
   -4.782645245536994        0.000000000000000    
   -4.763427495090960        0.000000000000000    
   -4.744209744644927        0.000000000000000    
   -4.724991994198893        0.000000000000000    
   -4.705774243752860        0.000000000000000    
   -4.686556493306826        0.000000000000000    
   -4.667338742860792        0.000000000000000    
   -4.648120992414759        0.000000000000000    
   -4.628903241968725        0.000000000000000    
   -4.609685491522692        0.000000000000000    
   -4.590467741076658        0.000000000000000    
   -4.571249990630625        0.000000000000000    
   -4.552032240184591        0.000000000000000    
   -4.532814489738557        0.000000000000000    
   -4.513596739292524        0.000000000000000    
   -4.494378988846490        0.000000000000000    
   -4.475161238400457        0.000000000000000    
   -4.455943487954423        0.000000000000000    
   -4.436725737508389        0.000000000000000    
   -4.417507987062356        0.000000000000000    
   -4.398290236616322        0.000000000000000    
   -4.379072486170289        0.000000000000000    
   -4.359854735724255        0.000000000000000    
   -4.340636985278222        0.000000000000000    
   -4.321419234832188        0.000000000000000    
   -4.302201484386154        0.000000000000000    
   -4.282983733940121        0.000000000000000    
   -4.263765983494087        0.000000000000000    
   -4.244548233048054        0.000000000000000    
   -4.225330482602020        0.000000000000000    
   -4.206112732155987        0.000000000000000    
   -4.186894981709953        0.000000000000000    
   -4.167677231263919        0.000000000000000    
   -4.148459480817886        0.000000000000000    
   -4.129241730371852        0.000000000000000    
   -4.110023979925819        0.000000000000000    
   -4.090806229479785        0.000000000000000    
   -4.071588479033752        0.000000000000000    
   -4.052370728587718        0.000000000000000    
   -4.033152978141684        0.000000000000000    
   -4.013935227695651        0.000000000000000    
   -3.994717477249618        0.000000000000000    
   -3.975499726803585        0.000000000000000    
   -3.956281976357551        0.000000000000000    
   -3.937064225911518        0.000000000000000    
   -3.917846475465485        0.000000000000000    
   -3.898628725019452        0.000000000000000    
   -3.879410974573419        0.000000000000000    
   -3.860193224127386        0.000000000000000    
   -3.840975473681353        0.000000000000000    
   -3.821757723235319        0.000000000000000    
   -3.802539972789286        0.000000000000000    
   -3.783322222343253        0.000000000000000    
   -3.764104471897220        0.000000000000000    
   -3.744886721451187        0.000000000000000    
   -3.725668971005154        0.000000000000000    
   -3.706451220559121        0.000000000000000    
   -3.687233470113088        0.000000000000000    
   -3.668015719667054        0.000000000000000    
   -3.648797969221021        0.000000000000000    
   -3.629580218774988        0.000000000000000    
   -3.610362468328955        0.000000000000000    
   -3.591144717882922        0.000000000000000    
   -3.571926967436889        0.000000000000000    
   -3.552709216990856        0.000000000000000    
   -3.533491466544822        0.000000000000000    
   -3.514273716098789        0.000000000000000    
   -3.495055965652756        0.000000000000000    
   -3.475838215206723        0.000000000000000    
   -3.456620464760690        0.000000000000000    
   -3.437402714314657        0.000000000000000    
   -3.418184963868624        0.000000000000000    
   -3.398967213422591        0.000000000000000    
   -3.379749462976557        0.000000000000000    
   -3.360531712530524        0.000000000000000    
   -3.341313962084491        0.000000000000000    
   -3.322096211638458        0.000000000000000    
   -3.302878461192425        0.000000000000000    
   -3.283660710746392        0.000000000000000    
   -3.264442960300359        0.000000000000000    
   -3.245225209854325        0.000000000000000    
   -3.226007459408292        0.000000000000000    
   -3.206789708962259        0.000000000000000    
   -3.187571958516226        0.000000000000000    
   -3.168354208070193        0.000000000000000    
   -3.149136457624160        0.000000000000000    
   -3.129918707178127        0.000000000000000    
   -3.110700956732094        0.000000000000000    
   -3.091483206286060        0.000000000000000    
   -3.072265455840027        0.000000000000000    
   -3.053047705393994        0.000000000000000    
   -3.033829954947961        0.000000000000000    
   -3.014612204501928        0.000000000000000    
   -2.995394454055895        0.000000000000000    
   -2.976176703609862        0.000000000000000    
   -2.956958953163829        0.000000000000000    
   -2.937741202717795        0.000000000000000    
   -2.918523452271762        0.000000000000000    
   -2.899305701825729        0.000000000000000    
   -2.880087951379696        0.000000000000000    
   -2.860870200933663        0.000000000000000    
   -2.841652450487630        0.000000000000000    
   -2.822434700041597        0.000000000000000    
   -2.803216949595563        0.000000000000000    
   -2.783999199149530        0.000000000000000    
   -2.764781448703497        0.000000000000000    
   -2.745563698257464        0.000000000000000    
   -2.726345947811431        0.000000000000000    
   -2.707128197365398        0.000000000000000    
   -2.687910446919365        0.000000000000000    
   -2.668692696473332        0.000000000000000    
   -2.649474946027298        0.000000000000000    
   -2.630257195581265        0.000000000000000    
   -2.611039445135232        0.000000000000000    
   -2.591821694689199        0.000000000000000    
   -2.572603944243166        0.000000000000000    
   -2.553386193797133        0.000000000000000    
   -2.534168443351100        0.000000000000000    
   -2.514950692905066        0.000000000000000    
   -2.495732942459033        0.000000000000000    
   -2.476515192013000        0.000000000000000    
   -2.457297441566967        0.000000000000000    
   -2.438079691120934        0.000000000000000    
   -2.418861940674901        0.000000000000000    
   -2.399644190228868        0.000000000000000    
   -2.380426439782835        0.000000000000000    
   -2.361208689336801        0.000000000000000    
   -2.341990938890768        0.000000000000000    
   -2.322773188444735        0.000000000000000    
   -2.303555437998702        0.000000000000000    
   -2.284337687552669        0.000000000000000    
   -2.265119937106636        0.000000000000000    
   -2.245902186660603        0.000000000000000    
   -2.226684436214569        0.000000000000000    
   -2.207466685768536        0.000000000000000    
   -2.188248935322503        0.000000000000000    
   -2.169031184876470        0.000000000000000    
   -2.149813434430437        0.000000000000000    
   -2.130595683984404        0.000000000000000    
   -2.111377933538371        0.000000000000000    
   -2.092160183092338        0.000000000000000    
   -2.072942432646304        0.000000000000000    
   -2.053724682200271        0.000000000000000    
   -2.034506931754238        0.000000000000000    
   -2.015289181308205        0.000000000000000    
   -1.996071430862172        0.000000000000000    
   -1.976853680416138        0.000000000000000    
   -1.957635929970105        0.000000000000000    
   -1.938418179524072        0.000000000000000    
   -1.919200429078038        0.000000000000000    
   -1.899982678632005        0.000000000000000    
   -1.880764928185972        0.000000000000000    
   -1.861547177739938        0.000000000000000    
   -1.842329427293905        0.000000000000000    
   -1.823111676847871        0.000000000000000    
   -1.803893926401838        0.000000000000000    
   -1.784676175955805        0.000000000000000    
   -1.765458425509771        0.000000000000000    
   -1.746240675063738        0.000000000000000    
   -1.727022924617705        0.000000000000000    
   -1.707805174171671        0.000000000000000    
   -1.688587423725638        0.000000000000000    
   -1.669369673279605        0.000000000000000    
   -1.650151922833571        0.000000000000000    
   -1.630934172387538        0.000000000000000    
   -1.611716421941505        0.000000000000000    
   -1.592498671495471        0.000000000000000    
   -1.573280921049438        0.000000000000000    
   -1.554063170603404        0.000000000000000    
   -1.534845420157371        0.000000000000000    
   -1.515627669711338        0.000000000000000    
   -1.496409919265304        0.000000000000000    
   -1.477192168819271        0.000000000000000    
   -1.457974418373238        0.000000000000000    
   -1.438756667927204        0.000000000000000    
   -1.419538917481171        0.000000000000000    
   -1.400321167035138        0.000000000000000    
   -1.381103416589104        0.000000000000000    
   -1.361885666143071        0.000000000000000    
   -1.342667915697038        0.000000000000000    
   -1.323450165251004        0.000000000000000    
   -1.304232414804971        0.000000000000000    
   -1.285014664358938        0.000000000000000    
   -1.265796913912904        0.000000000000000    
   -1.246579163466871        0.000000000000000    
   -1.227361413020837        0.000000000000000    
   -1.208143662574804        0.000000000000000    
   -1.188925912128771        0.000000000000000    
   -1.169708161682737        0.000000000000000    
   -1.150490411236704        0.000000000000000    
   -1.131272660790671        0.000000000000000    
   -1.112054910344637        0.000000000000000    
   -1.092837159898604        0.000000000000000    
   -1.073619409452571        0.000000000000000    
   -1.054401659006537        0.000000000000000    
   -1.035183908560504        0.000000000000000    
   -1.015966158114471        0.000000000000000    
  -0.9967484076684372        0.000000000000000    
  -0.9775306572224038        0.000000000000000    
  -0.9583129067763705        0.000000000000000    
  -0.9390951563303371        0.000000000000000    
  -0.9198774058843038        0.000000000000000    
  -0.9006596554382704        0.000000000000000    
  -0.8814419049922371        0.000000000000000    
  -0.8622241545462037        0.000000000000000    
  -0.8430064041001704        0.000000000000000    
  -0.8237886536541370        0.000000000000000    
  -0.8045709032081036        0.000000000000000    
  -0.7853531527620703        0.000000000000000    
  -0.7661354023160369        0.000000000000000    
  -0.7469176518700036        0.000000000000000    
  -0.7276999014239702        0.000000000000000    
  -0.7084821509779369        0.000000000000000    
  -0.6892644005319035        0.000000000000000    
  -0.6700466500858702        0.000000000000000    
  -0.6508288996398368        0.000000000000000    
  -0.6316111491938035        0.000000000000000    
  -0.6123933987477701        0.000000000000000    
  -0.5931756483017367        0.000000000000000    
  -0.5739578978557034        0.000000000000000    
  -0.5547401474096700        0.000000000000000    
  -0.5355223969636367        0.000000000000000    
  -0.5163046465176033        0.000000000000000    
  -0.4970868960715700        0.000000000000000    
  -0.4778691456255366        0.000000000000000    
  -0.4586513951795033        0.000000000000000    
  -0.4394336447334699        0.000000000000000    
  -0.4202158942874366        0.000000000000000    
  -0.4009981438414032        0.000000000000000    
  -0.3817803933953698        0.000000000000000    
  -0.3625626429493365        0.000000000000000    
  -0.3433448925033031        0.000000000000000    
  -0.3241271420572698       0.1014276626646403E-04
  -0.3049093916112364       0.2166472800547859E-04
  -0.2856916411652031       0.3318668974449314E-04
  -0.2664738907191697       0.4470865148350770E-04
  -0.2472561402731364       0.5623061322252225E-04
  -0.2280383898271030       0.6775257496153681E-04
  -0.2088206393810697       0.7927453670055135E-04
  -0.1896028889350363       0.9079649843956591E-04
  -0.1703851384890029       0.1023184601785805E-03
  -0.1511673880429696       0.1138404219175950E-03
  -0.1319496375969362       0.1253623836566096E-03
  -0.1127318871509029       0.1368843453956241E-03
  -0.9351413670486955E-01   0.1381013000000000E-03
  -0.7429638625883621E-01   0.1381013000000000E-03
  -0.5507863581280287E-01   0.1381013000000000E-03
  -0.3586088536676953E-01   0.1381013000000000E-03
  -0.1664313492073618E-01   0.1381013000000000E-03
   0.2574615525297162E-02   0.1381013000000000E-03
   0.2179236597133051E-01   0.1381013000000000E-03
   0.4101011641736385E-01   0.1381013000000000E-03
   0.6022786686339719E-01   0.1381013000000000E-03
   0.7944561730943053E-01   0.1381013000000000E-03
   0.9866336775546387E-01   0.1381013000000000E-03
   0.1178811182014972       0.1381013000000000E-03
   0.1370988686475306       0.1381013000000000E-03
   0.1563166190935639       0.1381013000000000E-03
   0.1755343695395973       0.1381013000000000E-03
   0.1947521199856306       0.1381013000000000E-03
   0.2139698704316640       0.1028965354966096E-02
   0.2331876208776973       0.1067083602466428E-02
   0.2524053713237307       0.1105201849966760E-02
   0.2716231217697641       0.1143320097467091E-02
   0.2908408722157974       0.1181438344967423E-02
   0.3100586226618308       0.1219556592467755E-02
   0.3292763731078641       0.1257674839968087E-02
   0.3484941235538975       0.1290502351645267E-02
   0.3677118739999308       0.1317183504507008E-02
   0.3869296244459642       0.1343864657368750E-02
   0.4061473748919975       0.1370545810230491E-02
   0.4253651253380309       0.1397226963092233E-02
   0.4445828757840642       0.1423908115953974E-02
   0.4638006262300976       0.1450589268815716E-02
   0.4830183766761310       0.1477270421677457E-02
   0.5022361271221643       0.1503611843478828E-02
   0.5214538775681976       0.1524949906217966E-02
   0.5406716280142310       0.1546287968957104E-02
   0.5598893784602643       0.1567626031696242E-02
   0.5791071289062977       0.1588964094435380E-02
   0.5983248793523310       0.1610302157174518E-02
   0.6175426297983644       0.1631640219913657E-02
   0.6367603802443977       0.1652978282652795E-02
   0.6559781306904311       0.1674316345391933E-02
   0.6751958811364644       0.1695654408131072E-02
   0.6944136315824978       0.1714966010886626E-02
   0.7136313820285312       0.1733298400363329E-02
   0.7328491324745645       0.1751630789840032E-02
   0.7520668829205979       0.1769963179316735E-02
   0.7712846333666312       0.1788295568793438E-02
   0.7905023838126646       0.1806627958270141E-02
   0.8097201342586979       0.1824960347746844E-02
   0.8289378847047313       0.1843292737223546E-02
   0.8481556351507646       0.1861625126700249E-02
   0.8673733855967980       0.1879957516176953E-02
   0.8865911360428314       0.1896986469482417E-02
   0.9058088864888647       0.1913208880185095E-02
   0.9250266369348981       0.1929431290887773E-02
   0.9442443873809314       0.1945653701590450E-02
   0.9634621378269648       0.1961876112293128E-02
   0.9826798882729981       0.1978098522995806E-02
    1.001897638719031       0.1994320933698483E-02
    1.021115389165065       0.2010543344401161E-02
    1.040333139611098       0.2026765755103839E-02
    1.059550890057132       0.2042988165806516E-02
    1.078768640503165       0.2059154042971025E-02
    1.097986390949198       0.2073685854617157E-02
    1.117204141395232       0.2088217666263290E-02
    1.136421891841265       0.2102749477909421E-02
    1.155639642287298       0.2117281289555554E-02
    1.174857392733332       0.2131813101201686E-02
    1.194075143179365       0.2146344912847817E-02
    1.213292893625398       0.2160876724493950E-02
    1.232510644071432       0.2175408536140082E-02
    1.251728394517465       0.2189940347786213E-02
    1.270946144963498       0.2204472159432346E-02
    1.290163895409532       0.2219003971078477E-02
    1.309381645855565       0.2232294182148421E-02
    1.328599396301599       0.2245564696791267E-02
    1.347817146747632       0.2258835211434114E-02
    1.367034897193665       0.2272105726076962E-02
    1.386252647639699       0.2285376240719808E-02
    1.405470398085732       0.2298646755362655E-02
    1.424688148531765       0.2311917270005502E-02
    1.443905898977799       0.2325187784648349E-02
    1.463123649423832       0.2338458299291196E-02
    1.482341399869865       0.2351728813934043E-02
    1.501559150315899       0.2364999328576891E-02
    1.520776900761932       0.2359038674998199E-02
    1.539994651207965       0.2338040928873017E-02
    1.559212401653999       0.2317043182747835E-02
    1.578430152100032       0.2296045436622653E-02
    1.597647902546065       0.2275047690497470E-02
    1.616865652992099       0.2254049944372288E-02
    1.636083403438132       0.2233052198247106E-02
    1.655301153884166       0.2212054452121924E-02
    1.674518904330199       0.2191056705996742E-02
    1.693736654776232       0.2170058959871560E-02
    1.712954405222266       0.2149061213746377E-02
    1.732172155668299       0.2128063467621195E-02
    1.751389906114332       0.2107065721496013E-02
    1.770607656560366       0.2086067975370831E-02
    1.789825407006399       0.2065070229245649E-02
    1.809043157452432       0.2044072483120466E-02
    1.828260907898466       0.2023074736995284E-02
    1.847478658344499       0.2002076990870102E-02
    1.866696408790532       0.1981079244744920E-02
    1.885914159236566       0.1960081498619738E-02
    1.905131909682599       0.1939083752494555E-02
    1.924349660128633       0.1918086006369373E-02
    1.943567410574666       0.1897088260244190E-02
    1.962785161020699       0.1876090514119008E-02
    1.982002911466733       0.1855092767993825E-02
    2.001220661912766       0.1834095021868643E-02
    2.020438412358799       0.1813097275743461E-02
    2.039656162804832       0.1792099529618279E-02
    2.058873913250865       0.1771101783493097E-02
    2.078091663696898       0.1750104037367914E-02
    2.097309414142932       0.1729106291242732E-02
    2.116527164588965       0.1708108545117550E-02
    2.135744915034998       0.1687110798992368E-02
    2.154962665481031       0.1666113052867186E-02
    2.174180415927064       0.1645115306742004E-02
    2.193398166373097       0.1624117560616821E-02
    2.212615916819130       0.1603119814491639E-02
    2.231833667265164       0.1582122068366457E-02
    2.251051417711197       0.1561124322241275E-02
    2.270269168157230       0.1540126576116093E-02
    2.289486918603263       0.1519128829990911E-02
    2.308704669049296       0.1498131083865728E-02
    2.327922419495329       0.1477133337740546E-02
    2.347140169941362       0.1456135591615364E-02
    2.366357920387395       0.1435137845490182E-02
    2.385575670833429       0.1414140099365000E-02
    2.404793421279462       0.1393142353239818E-02
    2.424011171725495       0.1372144607114635E-02
    2.443228922171528       0.1351146860989453E-02
    2.462446672617561       0.1330149114864271E-02
    2.481664423063594       0.1309151368739089E-02
    2.500882173509627       0.1288153622613907E-02
    2.520099923955661       0.1267155876488725E-02
    2.539317674401694       0.1246158130363542E-02
    2.558535424847727       0.1225160384238360E-02
    2.577753175293760       0.1204162638113178E-02
    2.596970925739793       0.1183164891987996E-02
    2.616188676185826       0.1162167145862814E-02
    2.635406426631859       0.1141169399737631E-02
    2.654624177077892       0.1120171653612449E-02
    2.673841927523926       0.1099173907487267E-02
    2.693059677969959       0.1078176161362085E-02
    2.712277428415992       0.1057178415236903E-02
    2.731495178862025       0.1036180669111721E-02
    2.750712929308058       0.1015182922986539E-02
    2.769930679754091       0.9941851768613564E-03
    2.789148430200124       0.9731874307361742E-03
    2.808366180646158       0.9521896846109920E-03
    2.827583931092191       0.9311919384858098E-03
    2.846801681538224       0.9101941923606277E-03
    2.866019431984257       0.8891964462354455E-03
    2.885237182430290       0.8681987001102634E-03
    2.904454932876323       0.8472009539850812E-03
    2.923672683322356       0.8262032078598991E-03
    2.942890433768389       0.8052054617347169E-03
    2.962108184214423       0.7842077156095347E-03
    2.981325934660456       0.7632099694843525E-03
    3.000543685106489       0.7422122233591704E-03
    3.019761435552522       0.7212144772339882E-03
    3.038979185998555       0.7002167311088060E-03
    3.058196936444588       0.6792189849836238E-03
    3.077414686890621       0.6582212388584417E-03
    3.096632437336654       0.6372234927332595E-03
    3.115850187782688       0.6162257466080773E-03
    3.135067938228721       0.5952280004828951E-03
    3.154285688674754       0.5742302543577131E-03
    3.173503439120787       0.5532325082325309E-03
    3.192721189566820       0.5322347621073487E-03
    3.211938940012853       0.5112370159821665E-03
    3.231156690458886       0.4902392698569844E-03
    3.250374440904920       0.4692415237318022E-03
    3.269592191350953       0.4482437776066200E-03
    3.288809941796986       0.4272460314814378E-03
    3.308027692243019       0.4062482853562557E-03
    3.327245442689052       0.3852505392310735E-03
    3.346463193135085       0.3642527931058913E-03
    3.365680943581118       0.3432550469807092E-03
    3.384898694027151       0.3222573008555270E-03
    3.404116444473185       0.3012595547303448E-03
    3.423334194919218       0.2802618086051627E-03
    3.442551945365251       0.2592640624799805E-03
    3.461769695811284       0.2382663163547983E-03
    3.480987446257317       0.2172685702296162E-03
    3.500205196703350       0.1962708241044341E-03
    3.519422947149383       0.1752730779792519E-03
    3.538640697595417       0.1542753318540698E-03
    3.557858448041450       0.1332775857288877E-03
    3.577076198487483       0.1122798396037055E-03
    3.596293948933516       0.9128209347852335E-04
    3.615511699379549       0.7028434735334122E-04
    3.634729449825582       0.4928660122815908E-04
    3.653947200271615       0.2828885510297694E-04
    3.673164950717648       0.7291108977794797E-05
    3.692382701163682      -0.1370663714738734E-04
    3.711600451609715      -0.3470438327256948E-04
    3.730818202055748      -0.5570212939775163E-04
    3.750035952501781      -0.7669987552293377E-04
    3.769253702947814      -0.9769762164811590E-04
    3.788471453393847      -0.1186953677732980E-03
    3.807689203839880      -0.1396931138984802E-03
    3.826906954285914      -0.1606908600236623E-03
    3.846124704731947      -0.1816886061488445E-03
    3.865342455177980      -0.2026863522740266E-03
    3.884560205624013      -0.2236840983992088E-03
    3.903777956070046      -0.2446818445243909E-03
    3.922995706516079      -0.2656795906495730E-03
    3.942213456962112      -0.2866773367747552E-03
    3.961431207408145      -0.3076750828999374E-03
    3.980648957854179      -0.3286728290251196E-03
    3.999866708300212      -0.3496705751503021E-03
    4.019084458746245      -0.3706683212754844E-03
    4.038302209192278      -0.3916660674006670E-03
    4.057519959638312      -0.4126638135258497E-03
    4.076737710084346       0.2278826883804603E-02
    4.095955460530379       0.2258113269880311E-02
    4.115173210976413       0.2237399655956019E-02
    4.134390961422446       0.2216686042031728E-02
    4.153608711868480       0.2195972428107436E-02
    4.172826462314513       0.2175258814183144E-02
    4.192044212760547       0.2154545200258852E-02
    4.211261963206581       0.2133831586334561E-02
    4.230479713652614       0.2113117972410269E-02
    4.249697464098648       0.2092404358485977E-02
    4.268915214544681       0.2071690744561685E-02
    4.288132964990715       0.2050977130637394E-02
    4.307350715436749       0.2030263516713102E-02
    4.326568465882782       0.2009549902788811E-02
    4.345786216328816       0.1988836288864519E-02
    4.365003966774849       0.1968122674940227E-02
    4.384221717220883       0.1947409061015935E-02
    4.403439467666916       0.1926695447091644E-02
    4.422657218112950       0.1905981833167352E-02
    4.441874968558984       0.1885268219243060E-02
    4.461092719005017       0.1864554605318768E-02
    4.480310469451051       0.1843840991394477E-02
    4.499528219897084       0.1823127377470185E-02
    4.518745970343118       0.1802413763545894E-02
    4.537963720789151       0.1781700149621602E-02
    4.557181471235185       0.1760986535697310E-02
    4.576399221681219       0.1740272921773018E-02
    4.595616972127252       0.1719559307848727E-02
    4.614834722573286       0.1698845693924435E-02
    4.634052473019319       0.1678132080000143E-02
    4.653270223465353       0.1657418466075851E-02
    4.672487973911386       0.1636704852151560E-02
    4.691705724357420       0.1615991238227268E-02
    4.710923474803454       0.1595277624302976E-02
    4.730141225249487       0.1574564010378685E-02
    4.749358975695521       0.1553850396454393E-02
    4.768576726141554       0.1533136782530101E-02
    4.787794476587588       0.1512423168605809E-02
    4.807012227033622       0.1491709554681518E-02
    4.826229977479655       0.1470995940757226E-02
    4.845447727925689       0.1450282326832934E-02
    4.864665478371722       0.1429568712908643E-02
    4.883883228817756       0.1408855098984351E-02
    4.903100979263789       0.1388141485060059E-02
    4.922318729709823       0.1367427871135768E-02
    4.941536480155857       0.1346714257211476E-02
    4.960754230601890       0.1326000643287184E-02
    4.979971981047924       0.1305287029362892E-02
    4.999189731493957       0.1284573415438601E-02
    5.018407481939991       0.1263859801514309E-02
    5.037625232386024       0.1243146187590017E-02
    5.056842982832058       0.1222432573665725E-02
    5.076060733278092       0.3107521691238248E-02
    5.095278483724125       0.3105749344679272E-02
    5.114496234170159       0.3103976998120297E-02
    5.133713984616192       0.3102204651561322E-02
    5.152931735062226       0.3100432305002346E-02
    5.172149485508259       0.3098659958443371E-02
    5.191367235954293       0.3096887611884395E-02
    5.210584986400327       0.3095115265325420E-02
    5.229802736846360       0.3093342918766445E-02
    5.249020487292394       0.4230250797489155E-02
    5.268238237738427       0.4209740669335092E-02
    5.287455988184461       0.4189230541181027E-02
    5.306673738630495       0.4168720413026964E-02
    5.325891489076528       0.4148210284872900E-02
    5.345109239522562       0.4127700156718836E-02
    5.364326989968595       0.4107190028564772E-02
    5.383544740414629       0.4086679900410708E-02
    5.402762490860662       0.4066169772256645E-02
    5.421980241306696       0.4045659644102580E-02
    5.441197991752730       0.4025149515948517E-02
    5.460415742198763       0.4004639387794453E-02
    5.479633492644797       0.3984129259640389E-02
    5.498851243090830       0.3963619131486325E-02
    5.518068993536864       0.3943109003332262E-02
    5.537286743982897       0.3922598875178198E-02
    5.556504494428931       0.3902088747024134E-02
    5.575722244874965       0.3881578618870071E-02
    5.594939995320998       0.3861068490716007E-02
    5.614157745767032       0.3840558362561944E-02
    5.633375496213065       0.3820048234407880E-02
    5.652593246659099       0.3799538106253817E-02
    5.671810997105132       0.3779027978099753E-02
    5.691028747551166       0.3758517849945690E-02
    5.710246497997200       0.3738007721791627E-02
    5.729464248443233       0.3717497593637563E-02
    5.748681998889267       0.3696987465483500E-02
    5.767899749335300       0.3676477337329437E-02
    5.787117499781334       0.3655967209175373E-02
    5.806335250227368       0.3635457081021309E-02
    5.825553000673401       0.3614946952867246E-02
    5.844770751119435       0.3594436824713183E-02
    5.863988501565468       0.3573926696559119E-02
    5.883206252011502       0.3553416568405056E-02
    5.902424002457535       0.3532906440250992E-02
    5.921641752903569       0.3512396312096929E-02
    5.940859503349603       0.3491886183942866E-02
    5.960077253795636       0.3471376055788802E-02
    5.979295004241670       0.3450865927634739E-02
    5.998512754687703       0.3430355799480675E-02
    6.017730505133737       0.3409845671326612E-02
    6.036948255579770       0.3389335543172548E-02
    6.056166006025804       0.3368825415018485E-02
    6.075383756471838       0.3348315286864422E-02
    6.094601506917871       0.3327805158710358E-02
    6.113819257363905       0.3307295030556295E-02
    6.133037007809938       0.3286784902402232E-02
    6.152254758255972       0.3266274774248168E-02
    6.171472508702005       0.3245764646094104E-02
    6.190690259148039       0.4488404487558203E-02
    6.209908009594073       0.4473209367453124E-02
    6.229125760040106       0.4458014247348045E-02
    6.248343510486140       0.4442819127242967E-02
    6.267561260932173       0.4427624007137888E-02
    6.286779011378207       0.4412428887032809E-02
    6.305996761824241       0.4397233766927730E-02
    6.325214512270274       0.4382038646822651E-02
    6.344432262716308       0.4366843526717573E-02
    6.363650013162341       0.4351648406612494E-02
    6.382867763608375       0.4336453286507415E-02
    6.402085514054408       0.4321258166402336E-02
    6.421303264500442       0.4306063046297257E-02
    6.440521014946476       0.4290867926192179E-02
    6.459738765392509       0.4275672806087098E-02
    6.478956515838543       0.4269551111835751E-02
    6.498174266284576       0.4270869138395143E-02
    6.517392016730610       0.4272187164954536E-02
    6.536609767176643       0.4273505191513929E-02
    6.555827517622677       0.4274823218073322E-02
    6.575045268068711       0.4276141244632715E-02
    6.594263018514744       0.4277459271192108E-02
    6.613480768960778       0.4278777297751501E-02
    6.632698519406811       0.4280095324310893E-02
    6.651916269852845       0.4281413350870285E-02
    6.671134020298878       0.4282731377429678E-02
    6.690351770744912       0.4284049403989071E-02
    6.709569521190946       0.4285367430548464E-02
    6.728787271636979       0.4286685457107857E-02
    6.748005022083013       0.4288003483667250E-02
    6.767222772529046       0.4289321510226643E-02
    6.786440522975080       0.4290639536786035E-02
    6.805658273421114       0.4275613422636665E-02
    6.824876023867147       0.4254472280330494E-02
    6.844093774313181       0.4233331138024323E-02
    6.863311524759214       0.4212189995718153E-02
    6.882529275205248       0.4191048853411982E-02
    6.901747025651281       0.4169907711105811E-02
    6.920964776097315       0.4148766568799641E-02
    6.940182526543349       0.4127625426493470E-02
    6.959400276989382       0.4106484284187299E-02
    6.978618027435416       0.4085343141881129E-02
    6.997835777881449       0.4064201999574958E-02
    7.017053528327483       0.4043060857268787E-02
    7.036271278773516       0.4021919714962617E-02
    7.055489029219550       0.4000778572656447E-02
    7.074706779665584       0.3979637430350276E-02
    7.093924530111617       0.3958496288044105E-02
    7.113142280557651       0.3937355145737935E-02
    7.132360031003684       0.3916214003431764E-02
    7.151577781449718       0.3895072861125593E-02
    7.170795531895751       0.3873931718819423E-02
    7.190013282341785       0.3852790576513252E-02
    7.209231032787819       0.3831649434207082E-02
    7.228448783233852       0.3810508291900911E-02
    7.247666533679886       0.3789367149594740E-02
    7.266884284125919       0.3768226007288569E-02
    7.286102034571953       0.3747084864982399E-02
    7.305319785017987       0.3725943722676229E-02
    7.324537535464020       0.3704802580370058E-02
    7.343755285910054       0.3683661438063887E-02
    7.362973036356087       0.3662520295757717E-02
    7.382190786802121       0.3641379153451546E-02
    7.401408537248154       0.3620238011145375E-02
    7.420626287694188       0.3599096868839205E-02
    7.439844038140222       0.3577955726533034E-02
    7.459061788586255       0.3556814584226864E-02
    7.478279539032289       0.3535673441920693E-02
    7.497497289478322       0.3514532299614522E-02
    7.516715039924356       0.3493391157308352E-02
    7.535932790370389       0.3472250015002181E-02
    7.555150540816423       0.3451108872696011E-02
    7.574368291262457       0.3429967730389840E-02
    7.593586041708490       0.3408826588083669E-02
    7.612803792154524       0.3387685445777499E-02
    7.632021542600557       0.3366544303471328E-02
    7.651239293046591       0.3345403161165157E-02
    7.670457043492624       0.3324262018858987E-02
    7.689674793938658       0.3303120876552816E-02
    7.708892544384692       0.3281979734246646E-02
    7.728110294830725       0.3260838591940475E-02
    7.747328045276759       0.3239697449634304E-02
    7.766545795722792       0.3218556307328134E-02
    7.785763546168826       0.3197415165021963E-02
    7.804981296614860       0.3176274022715793E-02
    7.824199047060893       0.3155132880409622E-02
    7.843416797506927       0.3133991738103451E-02
    7.862634547952960       0.3112850595797281E-02
    7.881852298398994       0.3091709453491110E-02
    7.901070048845027       0.3070568311184939E-02
    7.920287799291061       0.3049427168878769E-02
    7.939505549737095       0.3028286026572598E-02
    7.958723300183128       0.3007144884266428E-02
    7.977941050629162       0.2986003741960257E-02
    7.997158801075195       0.2964862599654086E-02
    8.016376551521228       0.2943721457347917E-02
    8.035594301967262       0.2922580315041748E-02
    8.054812052413295       0.2901439172735578E-02
    8.074029802859329       0.2880298030429408E-02
    8.093247553305362       0.2859156888123239E-02
    8.112465303751396       0.2838015745817069E-02
    8.131683054197429       0.2816874603510900E-02
    8.150900804643463       0.2795733461204730E-02
    8.170118555089497       0.2774592318898560E-02
    8.189336305535530       0.2753451176592391E-02
    8.208554055981564       0.2732310034286221E-02
    8.227771806427597       0.2711168891980051E-02
    8.246989556873631       0.2690027749673882E-02
    8.266207307319664       0.2668886607367712E-02
    8.285425057765698       0.2647745465061543E-02
    8.304642808211732       0.2626604322755373E-02
    8.323860558657765       0.2605463180449203E-02
    8.343078309103799       0.2584322038143033E-02
    8.362296059549832       0.2563180895836864E-02
    8.381513809995866       0.2542039753530694E-02
    8.400731560441900       0.2520898611224525E-02
    8.419949310887933       0.2499757468918355E-02
    8.439167061333967       0.2478616326612186E-02
    8.458384811780000       0.2457475184306016E-02
    8.477602562226034       0.2436334041999846E-02
    8.496820312672067       0.2415192899693676E-02
    8.516038063118101       0.2394051757387507E-02
    8.535255813564135       0.2372910615081337E-02
    8.554473564010168       0.2351769472775168E-02
    8.573691314456202       0.2330628330468998E-02
    8.592909064902235       0.2309487188162828E-02
    8.612126815348269       0.2288346045856658E-02
    8.631344565794302       0.2267204903550489E-02
    8.650562316240336       0.2246063761244319E-02
    8.669780066686370       0.2224922618938150E-02
    8.688997817132403       0.2203781476631980E-02
    8.708215567578437       0.2182640334325811E-02
    8.727433318024470       0.2161499192019641E-02
    8.746651068470504       0.2140358049713471E-02
    8.765868818916537       0.2119216907407301E-02
    8.785086569362571       0.2098075765101132E-02
    8.804304319808605       0.2076934622794962E-02
    8.823522070254638       0.2055793480488793E-02
    8.842739820700672       0.2034652338182623E-02
    8.861957571146705       0.2013511195876453E-02
    8.881175321592739       0.1992370053570284E-02
    8.900393072038773       0.1971228911264114E-02
    8.919610822484806       0.1950087768957944E-02
    8.938828572930840       0.1660142745921307E-01
    8.958046323376873       0.1657817318404829E-01
    8.977264073822907       0.1655491890888352E-01
    8.996481824268940       0.1653166463371874E-01
    9.015699574714974       0.1650841035855397E-01
    9.034917325161008       0.1648515608338919E-01
    9.054135075607041       0.1646190180822441E-01
    9.073352826053075       0.1643864753305964E-01
    9.092570576499108       0.1641539325789486E-01
    9.111788326945142       0.1639213898273008E-01
    9.131006077391175       0.1636888470756531E-01
    9.150223827837209       0.1634563043240053E-01
    9.169441578283243       0.1632237615723576E-01
    9.188659328729276       0.1629912188207098E-01
    9.207877079175310       0.1627586760690620E-01
    9.227094829621343       0.1625261333174143E-01
    9.246312580067377       0.1622935905657665E-01
    9.265530330513410       0.1620610478141187E-01
    9.284748080959444       0.1618285050624710E-01
    9.303965831405478       0.1615959623108232E-01
    9.323183581851511       0.1613634195591754E-01
    9.342401332297545       0.1611308768075277E-01
    9.361619082743578       0.1608983340558799E-01
    9.380836833189612       0.1606657913042321E-01
    9.400054583635645       0.1604332485525844E-01
    9.419272334081679       0.1602007058009366E-01
    9.438490084527713       0.1599681630492889E-01
    9.457707834973746       0.1597356202976411E-01
    9.476925585419780       0.1595030775459933E-01
    9.496143335865813       0.1592705347943456E-01
    9.515361086311847       0.1590379920426978E-01
    9.534578836757881       0.1588054492910500E-01
    9.553796587203914       0.1585729065394023E-01
    9.573014337649948       0.1583403637877545E-01
    9.592232088095981       0.1581078210361068E-01
    9.611449838542015       0.1578752782844590E-01
    9.630667588988048       0.1576427355328112E-01
    9.649885339434082       0.1574101927811635E-01
    9.669103089880116       0.1571776500295157E-01
    9.688320840326149       0.1569451072778680E-01
    9.707538590772183       0.1567125645262202E-01
    9.726756341218216       0.1564800217745724E-01
    9.745974091664250       0.1562474790229247E-01
    9.765191842110283       0.1560149362712769E-01
    9.784409592556317       0.1557823935196292E-01
    9.803627343002351       0.1555498507679814E-01
    9.822845093448384       0.1553173080163336E-01
    9.842062843894418       0.1550847652646859E-01
    9.861280594340451       0.1548522225130381E-01
    9.880498344786485       0.1546196797613903E-01
    9.899716095232518       0.1543871370097426E-01
    9.918933845678552       0.1541545942580948E-01
    9.938151596124586       0.1539220515064471E-01
    9.957369346570619       0.1536895087547993E-01
    9.976587097016653       0.1534569660031515E-01
    9.995804847462686       0.1532244232515038E-01
    10.01502259790872       0.1529918804998560E-01
    10.03424034835475       0.1527593377482082E-01
    10.05345809880079       0.1525267949965605E-01
    10.07267584924682       0.1522942522449127E-01
    10.09189359969285       0.1520617094932650E-01
    10.11111135013889       0.1518291667416172E-01
    10.13032910058492       0.1515966239899694E-01
    10.14954685103095       0.1513640812383217E-01
    10.16876460147699       0.1511315384866739E-01
    10.18798235192302       0.1508989957350262E-01
    10.20720010236906       0.1506664529833784E-01
    10.22641785281509       0.1504339102317306E-01
    10.24563560326112       0.1502013674800829E-01
    10.26485335370716       0.1499688247284351E-01
    10.28407110415319       0.1497362819767873E-01
    10.30328885459922       0.1495037392251396E-01
    10.32250660504526       0.1492711964734918E-01
    10.34172435549129       0.1490386537218441E-01
    10.36094210593732       0.1488061109701963E-01
    10.38015985638336       0.1485735682185485E-01
    10.39937760682939       0.1483410254669008E-01
    10.41859535727543       0.1481084827152530E-01
    10.43781310772146       0.1478759399636052E-01
    10.45703085816749       0.1476433972119575E-01
    10.47624860861353       0.1474108544603097E-01
    10.49546635905956       0.1471783117086620E-01
    10.51468410950559       0.1469457689570142E-01
    10.53390185995163       0.1467132262053664E-01
    10.55311961039766       0.1464806834537187E-01
    10.57233736084369       0.1462481407020709E-01
    10.59155511128973       0.1460155979504232E-01
    10.61077286173576       0.1457830551987754E-01
    10.62999061218179       0.1455505124471276E-01
    10.64920836262783       0.1453179696954799E-01
    10.66842611307386       0.1450854269438321E-01
    10.68764386351990       0.1448528841921843E-01
    10.70686161396593       0.1446203414405366E-01
    10.72607936441196       0.1443877986888888E-01
    10.74529711485800       0.1441552559372410E-01
    10.76451486530403       0.1439227131855933E-01
    10.78373261575006       0.1436901704339455E-01
    10.80295036619610       0.1434576276822978E-01
    10.82216811664213       0.1432250849306500E-01
    10.84138586708816       0.1429925421790022E-01
    10.86060361753420       0.1427599994273545E-01
    10.87982136798023       0.1425274566757067E-01
    10.89903911842626       0.1422949139240589E-01
    10.91825686887230       0.1420623711724112E-01
    10.93747461931833       0.1418298284207634E-01
    10.95669236976437       0.1415972856691157E-01
    10.97591012021040       0.1413647429174679E-01
    10.99512787065643       0.1411322001658201E-01
    11.01434562110247       0.1408996574141724E-01
    11.03356337154850       0.1406671146625246E-01
    11.05278112199453       0.1404345719108769E-01
    11.07199887244057       0.1402020291592291E-01
    11.09121662288660       0.1399694864075813E-01
    11.11043437333263       0.1397369436559336E-01
    11.12965212377867       0.1395044009042858E-01
    11.14886987422470       0.1392718581526380E-01
    11.16808762467073       0.1390393154009903E-01
    11.18730537511677       0.1388067726493425E-01
    11.20652312556280       0.1385742298976948E-01
    11.22574087600884       0.1383416871460470E-01
    11.24495862645487       0.1381091443943992E-01
    11.26417637690090       0.1378766016427515E-01
    11.28339412734694       0.1376440588911037E-01
    11.30261187779297       0.1374115161394559E-01
    11.32182962823900       0.1371789733878082E-01
    11.34104737868504       0.1369464306361604E-01
    11.36026512913107       0.1367138878845127E-01
    11.37948287957710       0.1364813451328649E-01
    11.39870063002314       0.1362488023812171E-01
    11.41791838046917       0.1360162596295694E-01
    11.43713613091520       0.1357837168779216E-01
    11.45635388136124       0.1355511741262739E-01
    11.47557163180727       0.1353186313746261E-01
    11.49478938225331       0.1350860886229783E-01
    11.51400713269934       0.1348535458713306E-01
    11.53322488314537       0.1346210031196828E-01
    11.55244263359141       0.1343884603680350E-01
    11.57166038403744       0.1341559176163873E-01
    11.59087813448347       0.1339233748647395E-01
    11.61009588492951       0.1336908321130918E-01
    11.62931363537554       0.1334582893614440E-01
    11.64853138582157       0.1332257466097962E-01
    11.66774913626761       0.1329932038581485E-01
    11.68696688671364       0.1327606611065007E-01
    11.70618463715967       0.1325281183548529E-01
    11.72540238760571       0.1322955756032052E-01
    11.74462013805174       0.1320630328515574E-01
    11.76383788849778       0.1318304900999097E-01
    11.78305563894381       0.1315979473482619E-01
    11.80227338938984       0.1313654045966141E-01
    11.82149113983588       0.1311328618449664E-01
    11.84070889028191       0.1309003190933186E-01
    11.85992664072794       0.1306677763416709E-01
    11.87914439117398       0.1304352335900231E-01
    11.89836214162001       0.1302026908383753E-01
    11.91757989206604       0.1299701480867276E-01
    11.93679764251208       0.1297376053350798E-01
    11.95601539295811       0.1295050625834320E-01
    11.97523314340414       0.1292725198317843E-01
    11.99445089385018       0.1290399770801365E-01
    12.01366864429621       0.1288074343284887E-01
    12.03288639474225       0.1285748915768410E-01
    12.05210414518828       0.1283423488251932E-01
    12.07132189563431       0.1281098060735455E-01
    12.09053964608035       0.1278772633218977E-01
    12.10975739652638       0.1276447205702499E-01
    12.12897514697241       0.1274121778186022E-01
    12.14819289741845       0.1271796350669544E-01
    12.16741064786448       0.1269470923153066E-01
    12.18662839831051       0.1267145495636589E-01
    12.20584614875655       0.1264820068120111E-01
    12.22506389920258       0.1262494640603634E-01
    12.24428164964861       0.1260169213087156E-01
    12.26349940009465       0.1257843785570678E-01
    12.28271715054068       0.1255518358054201E-01
    12.30193490098672       0.1253192930537723E-01
    12.32115265143275       0.1250867503021246E-01
    12.34037040187878       0.1248542075504768E-01
    12.35958815232482       0.1246216647988290E-01
    12.37880590277085       0.1243891220471813E-01
    12.39802365321688       0.1241565792955335E-01
    12.41724140366292       0.1239240365438857E-01
    12.43645915410895       0.1236914937922380E-01
    12.45567690455498       0.1234589510405902E-01
    12.47489465500102       0.1232264082889425E-01
    12.49411240544705       0.1229938655372947E-01
    12.51333015589308       0.1227613227856469E-01
    12.53254790633912       0.1225287800339992E-01
    12.55176565678515       0.1222962372823514E-01
    12.57098340723119       0.1220636945307036E-01
    12.59020115767722       0.1218311517790559E-01
    12.60941890812325       0.1215986090274081E-01
    12.62863665856929       0.1213660662757604E-01
    12.64785440901532       0.1211335235241126E-01
    12.66707215946135       0.1209009807724648E-01
    12.68628990990739       0.1206684380208171E-01
    12.70550766035342       0.1204358952691693E-01
    12.72472541079945       0.1202033525175216E-01
    12.74394316124549       0.1199708097658738E-01
    12.76316091169152       0.1197382670142260E-01
    12.78237866213756       0.1195057242625783E-01
    12.80159641258359       0.1192731815109305E-01
    12.82081416302962       0.1190406387592827E-01
    12.84003191347566       0.1188080960076350E-01
    12.85924966392169       0.1185755532559872E-01
    12.87846741436772       0.1183430105043395E-01
    12.89768516481376       0.1181104677526917E-01
    12.91690291525979       0.1178779250010439E-01
    12.93612066570582       0.1176453822493962E-01
    12.95533841615186       0.1174128394977484E-01
    12.97455616659789       0.1171802967461006E-01
    12.99377391704392       0.1169477539944529E-01
    13.01299166748996       0.1167152112428051E-01
    13.03220941793599       0.1164826684911574E-01
    13.05142716838203       0.1162501257395096E-01
    13.07064491882806       0.1160175829878618E-01
    13.08986266927409       0.1157850402362141E-01
    13.10908041972013       0.1155524974845663E-01
    13.12829817016616       0.1153199547329186E-01
    13.14751592061219       0.1150874119812708E-01
    13.16673367105823       0.1148548692296230E-01
    13.18595142150426       0.1146223264779753E-01
    13.20516917195029       0.1143897837263275E-01
    13.22438692239633       0.1141572409746797E-01
    13.24360467284236       0.1139246982230320E-01
    13.26282242328839       0.1136921554713842E-01
    13.28204017373443       0.1134596127197364E-01
    13.30125792418046       0.1132270699680887E-01
    13.32047567462650       0.1129945272164409E-01
    13.33969342507253       0.1127619844647932E-01
    13.35891117551856       0.1125294417131454E-01
    13.37812892596460       0.1122968989614976E-01
    13.39734667641063       0.1120643562098499E-01
    13.41656442685666       0.1118318134582021E-01
    13.43578217730270       0.1115992707065543E-01
    13.45499992774873       0.1113667279549066E-01
    13.47421767819476       0.1111341852032588E-01
    13.49343542864080       0.1109016424516111E-01
    13.51265317908683       0.1106690996999633E-01
    13.53187092953286       0.1104365569483155E-01
    13.55108867997890       0.1102040141966678E-01
    13.57030643042493       0.1099714714450200E-01
    13.58952418087097       0.1097389286933723E-01
    13.60874193131700       0.1095063859417245E-01
    13.62795968176303       0.1092738431900767E-01
    13.64717743220907       0.1090413004384290E-01
    13.66639518265510       0.1088087576867812E-01
    13.68561293310113       0.1085762149351334E-01
    13.70483068354717       0.1083436721834857E-01
    13.72404843399320       0.1081111294318379E-01
    13.74326618443923       0.1078785866801902E-01
    13.76248393488527       0.1076460439285424E-01
    13.78170168533130       0.1074135011768946E-01
    13.80091943577733       0.1071809584252469E-01
    13.82013718622337       0.1069484156735991E-01
    13.83935493666940       0.1067158729219513E-01
    13.85857268711544       0.1064833301703036E-01
    13.87779043756147       0.1062507874186558E-01
    13.89700818800750       0.1060182446670081E-01
    13.91622593845354       0.1057857019153603E-01
    13.93544368889957       0.1055531591637125E-01
    13.95466143934560       0.1053206164120648E-01
    13.97387918979164       0.1050880736604170E-01
    13.99309694023767       0.1048555309087693E-01
    14.01231469068370       0.1046229881571215E-01
    14.03153244112974       0.1043904454054737E-01
    14.05075019157577       0.1041579026538260E-01
    14.06996794202180       0.1039253599021782E-01
    14.08918569246784       0.1036928171505304E-01
    14.10840344291387       0.1034602743988827E-01
    14.12762119335991       0.1032277316472349E-01
    14.14683894380594       0.1029951888955872E-01
    14.16605669425197       0.1027626461439394E-01
    14.18527444469801       0.1025301033922916E-01
    14.20449219514404       0.1022975606406439E-01
    14.22370994559007       0.1020650178889961E-01
    14.24292769603611       0.1018324751373483E-01
    14.26214544648214       0.1015999323857006E-01
    14.28136319692817       0.1013673896340528E-01
    14.30058094737421       0.1011348468824051E-01
    14.31979869782024       0.1009023041307573E-01
    14.33901644826627       0.1006697613791095E-01
    14.35823419871231       0.1004372186274618E-01
    14.37745194915834       0.1002046758758140E-01
    14.39666969960438       0.9997213312416625E-02
    14.41588745005041       0.9973959037251848E-02
    14.43510520049644       0.9950704762087072E-02
    14.45432295094248       0.9927450486922297E-02
    14.47354070138851       0.9904196211757520E-02
    14.49275845183454       0.9880941936592743E-02
    14.51197620228058       0.9857687661427968E-02
    14.53119395272661       0.9834433386263192E-02
    14.55041170317264       0.9811179111098415E-02
    14.56962945361868       0.9787924835933638E-02
    14.58884720406471       0.9764670560768863E-02
    14.60806495451074       0.9741416285604087E-02
    14.62728270495678       0.9718162010439310E-02
    14.64650045540281       0.9694907735274535E-02
    14.66571820584885       0.9671653460109758E-02
    14.68493595629488       0.9648399184944981E-02
    14.70415370674091       0.9625144909780205E-02
    14.72337145718695       0.9601890634615430E-02
    14.74258920763298       0.9578636359450653E-02
    14.76180695807901       0.9555382084285876E-02
    14.78102470852505       0.9532127809121101E-02
    14.80024245897108       0.9508873533956325E-02
    14.81946020941711       0.9485619258791548E-02
    14.83867795986315       0.9462364983626771E-02
    14.85789571030918       0.9439110708461996E-02
    14.87711346075521       0.9415856433297220E-02
    14.89633121120125       0.9392602158132443E-02
    14.91554896164728       0.9369347882967668E-02
    14.93476671209332       0.9346093607802891E-02
    14.95398446253935       0.9322839332638114E-02
    14.97320221298538       0.9299585057473338E-02
    14.99241996343142       0.9276330782308563E-02
    15.01163771387745       0.9253076507143786E-02
    15.03085546432348       0.9229822231979009E-02
    15.05007321476952       0.9206567956814234E-02
    15.06929096521555       0.9183313681649458E-02
    15.08850871566158       0.9160059406484681E-02
    15.10772646610762       0.9136805131319904E-02
    15.12694421655365       0.9113550856155129E-02
    15.14616196699968       0.9090296580990352E-02
    15.16537971744572       0.9067042305825576E-02
    15.18459746789175       0.9043788030660801E-02
    15.20381521833779       0.9020533755496024E-02
    15.22303296878382       0.8997279480331247E-02
    15.24225071922985       0.8974025205166471E-02
    15.26146846967589       0.8950770930001696E-02
    15.28068622012192       0.8927516654836919E-02
    15.29990397056795       0.8904262379672142E-02
    15.31912172101399       0.8881008104507367E-02
    15.33833947146002       0.8857753829342591E-02
    15.35755722190605       0.8834499554177814E-02
    15.37677497235209       0.8811245279013037E-02
    15.39599272279812       0.8787991003848262E-02
    15.41521047324416       0.8764736728683485E-02
    15.43442822369019       0.8741482453518709E-02
    15.45364597413622       0.8718228178353934E-02
    15.47286372458226       0.8694973903189157E-02
    15.49208147502829       0.8671719628024380E-02
    15.51129922547432       0.8648465352859604E-02
    15.53051697592036       0.8625211077694829E-02
    15.54973472636639       0.8601956802530052E-02
    15.56895247681242       0.8578702527365275E-02
    15.58817022725846       0.8555448252200500E-02
    15.60738797770449       0.8532193977035724E-02
    15.62660572815052       0.8508939701870947E-02
    15.64582347859656       0.8485685426706170E-02
    15.66504122904259       0.8462431151541395E-02
    15.68425897948863       0.8439176876376618E-02
    15.70347672993466       0.8415922601211842E-02
    15.72269448038069       0.8392668326047067E-02
    15.74191223082673       0.8369414050882290E-02
    15.76112998127276       0.8346159775717513E-02
    15.78034773171879       0.8322905500552737E-02
    15.79956548216483       0.8299651225387962E-02
    15.81878323261086       0.8276396950223185E-02
    15.83800098305689       0.8253142675058408E-02
    15.85721873350293       0.8229888399893633E-02
    15.87643648394896       0.8206634124728857E-02
    15.89565423439499       0.8183379849564080E-02
    15.91487198484103       0.8160125574399305E-02
    15.93408973528706       0.8136871299234528E-02
    15.95330748573310       0.8113617024069751E-02
    15.97252523617913       0.8090362748904975E-02
    15.99174298662516       0.8067108473740200E-02
    16.01096073707119       0.8043854198575427E-02
    16.03017848751723       0.8020599923410655E-02
    16.04939623796326       0.7997345648245882E-02
    16.06861398840929       0.7974091373081110E-02
    16.08783173885532       0.7950837097916339E-02
    16.10704948930135       0.7927582822751567E-02
    16.12626723974738       0.7904328547586794E-02
    16.14548499019342       0.7881074272422023E-02
    16.16470274063945       0.7857819997257251E-02
    16.18392049108548       0.7834565722092479E-02
    16.20313824153151       0.7811311446927707E-02
    16.22235599197754       0.7788057171762935E-02
    16.24157374242358       0.7764802896598163E-02
    16.26079149286961       0.7741548621433391E-02
    16.28000924331564       0.7718294346268619E-02
    16.29922699376167       0.7695040071103847E-02
    16.31844474420770       0.7671785795939075E-02
    16.33766249465373       0.7648531520774303E-02
    16.35688024509977       0.7625277245609532E-02
    16.37609799554580       0.7602022970444760E-02
    16.39531574599183       0.7578768695279988E-02
    16.41453349643786       0.7555514420115216E-02
    16.43375124688389       0.7532260144950444E-02
    16.45296899732993       0.7509005869785672E-02
    16.47218674777596       0.7485751594620900E-02
    16.49140449822199       0.7462497319456128E-02
    16.51062224866802       0.7439243044291356E-02
    16.52983999911405       0.7415988769126585E-02
    16.54905774956008       0.7392734493961812E-02
    16.56827550000612       0.7369480218797041E-02
    16.58749325045215       0.7346225943632268E-02
    16.60671100089818       0.7322971668467497E-02
    16.62592875134421       0.7299717393302724E-02
    16.64514650179024       0.7276463118137953E-02
    16.66436425223628       0.7253208842973181E-02
    16.68358200268231       0.7229954567808409E-02
    16.70279975312834       0.7206700292643638E-02
    16.72201750357437       0.7183446017478865E-02
    16.74123525402040       0.7160191742314094E-02
    16.76045300446643       0.7136937467149321E-02
    16.77967075491247       0.7113683191984550E-02
    16.79888850535850       0.7090428916819777E-02
    16.81810625580453       0.7067174641655006E-02
    16.83732400625056       0.7043920366490234E-02
    16.85654175669659       0.7020666091325462E-02
    16.87575950714263       0.6997411816160690E-02
    16.89497725758866       0.6974157540995918E-02
    16.91419500803469       0.6950903265831146E-02
    16.93341275848072       0.6927648990666374E-02
    16.95263050892675       0.6904394715501602E-02
    16.97184825937278       0.6881140440336830E-02
    16.99106600981882       0.6857886165172058E-02
    17.01028376026485       0.6834631890007286E-02
    17.02950151071088       0.6811377614842514E-02
    17.04871926115691       0.6788123339677743E-02
    17.06793701160294       0.6764869064512971E-02
    17.08715476204897       0.6741614789348199E-02
    17.10637251249501       0.6718360514183427E-02
    17.12559026294104       0.6695106239018655E-02
    17.14480801338707       0.6671851963853883E-02
    17.16402576383310       0.6648597688689111E-02
    17.18324351427913       0.6625343413524339E-02
    17.20246126472517       0.6602089138359567E-02
    17.22167901517120       0.6578834863194796E-02
    17.24089676561723       0.6555580588030023E-02
    17.26011451606326       0.6532326312865252E-02
    17.27933226650929       0.6509072037700479E-02
    17.29855001695532       0.6485817762535708E-02
    17.31776776740136       0.6462563487370935E-02
    17.33698551784739       0.6439309212206164E-02
    17.35620326829342       0.6416054937041392E-02
    17.37542101873945       0.6392800661876620E-02
    17.39463876918548       0.6369546386711849E-02
    17.41385651963152       0.6346292111547076E-02
    17.43307427007755       0.6323037836382305E-02
    17.45229202052358       0.6299783561217532E-02
    17.47150977096961       0.6276529286052761E-02
    17.49072752141564       0.6253275010887988E-02
    17.50994527186167       0.6230020735723217E-02
    17.52916302230771       0.6206766460558445E-02
    17.54838077275374       0.6183512185393673E-02
    17.56759852319977       0.6160257910228901E-02
    17.58681627364580       0.6137003635064129E-02
    17.60603402409183       0.6113749359899357E-02
    17.62525177453787       0.6090495084734585E-02
    17.64446952498390       0.6067240809569813E-02
    17.66368727542993       0.6043986534405107E-02
    17.68290502587596       0.6020797771442855E-02
    17.70212277632199       0.5997744773967665E-02
    17.72134052676802       0.5974691776492475E-02
    17.74055827721406       0.5951638779017286E-02
    17.75977602766009       0.5928585781542096E-02
    17.77899377810612       0.5905532784066906E-02
    17.79821152855215       0.5882479786591717E-02
    17.81742927899818       0.5859426789116527E-02
    17.83664702944422       0.5836373791641337E-02
    17.85586477989025       0.5813320794166147E-02
    17.87508253033628       0.5790267796690957E-02
    17.89430028078231       0.5767214799215768E-02
    17.91351803122834       0.5744161801740578E-02
    17.93273578167437       0.5721108804265388E-02
    17.95195353212041       0.5698055806790198E-02
    17.97117128256644       0.5675002809315008E-02
    17.99038903301247       0.5651949811839819E-02
    18.00960678345850       0.5628896814364629E-02
    18.02882453390453       0.5605843816889439E-02
    18.04804228435057       0.5582790819414250E-02
    18.06726003479660       0.5559737821939060E-02
    18.08647778524263       0.5536684824463870E-02
    18.10569553568866       0.5513631826988680E-02
    18.12491328613469       0.5490578829513490E-02
    18.14413103658072       0.5467525832038301E-02
    18.16334878702676       0.5444472834563111E-02
    18.18256653747279       0.5421419837087921E-02
    18.20178428791882       0.5398366839612732E-02
    18.22100203836485       0.5375313842137542E-02
    18.24021978881088       0.5352260844662352E-02
    18.25943753925691       0.5329207847187162E-02
    18.27865528970295       0.5306154849711972E-02
    18.29787304014898       0.5283101852236783E-02
    18.31709079059501       0.5260048854761593E-02
    18.33630854104104       0.5236995857286403E-02
    18.35552629148707       0.5213942859811214E-02
    18.37474404193311       0.5190889862336024E-02
    18.39396179237914       0.5167836864860834E-02
    18.41317954282517       0.5144783867385644E-02
    18.43239729327120       0.5121730869910454E-02
    18.45161504371723       0.5098677872435265E-02
    18.47083279416326       0.5075624874960075E-02
    18.49005054460930       0.5052571877484885E-02
    18.50926829505533       0.5029518880009696E-02
    18.52848604550136       0.5006465882534505E-02
    18.54770379594739       0.4983412885059316E-02
    18.56692154639342       0.4960359887584126E-02
    18.58613929683946       0.4937306890108936E-02
    18.60535704728549       0.4914253892633747E-02
    18.62457479773152       0.4891200895158557E-02
    18.64379254817755       0.4868147897683367E-02
    18.66301029862358       0.4845094900208177E-02
    18.68222804906961       0.4822041902732987E-02
    18.70144579951565       0.4798988905257798E-02
    18.72066354996168       0.4775935907782608E-02
    18.73988130040771       0.4752882910307418E-02
    18.75909905085374       0.4729829912832229E-02
    18.77831680129977       0.4706776915357039E-02
    18.79753455174581       0.4683723917881849E-02
    18.81675230219184       0.6092233998650454E-02
    18.83597005263787       0.6068517546718064E-02
    18.85518780308390       0.6044801094785674E-02
    18.87440555352993       0.6021084642853284E-02
    18.89362330397596       0.5997368190920893E-02
    18.91284105442200       0.5973651738988503E-02
    18.93205880486803       0.5949935287056113E-02
    18.95127655531406       0.5926218835123723E-02
    18.97049430576009       0.5902502383191333E-02
    18.98971205620612       0.5878785931258943E-02
    19.00892980665216       0.5855069479326553E-02
    19.02814755709819       0.5831353027394163E-02
    19.04736530754422       0.5807636575461773E-02
    19.06658305799025       0.5783920123529383E-02
    19.08580080843628       0.5760203671596993E-02
    19.10501855888231       0.5736487219664604E-02
    19.12423630932835       0.5712770767732214E-02
    19.14345405977438       0.5689054315799824E-02
    19.16267181022041       0.5665337863867434E-02
    19.18188956066644       0.5641621411935044E-02
    19.20110731111247       0.5617904960002654E-02
    19.22032506155850       0.5594188508070263E-02
    19.23954281200454       0.5570472056137873E-02
    19.25876056245057       0.5546755604205483E-02
    19.27797831289660       0.5523039152273093E-02
    19.29719606334263       0.5499322700340703E-02
    19.31641381378866       0.5475606248408313E-02
    19.33563156423470       0.5451889796475923E-02
    19.35484931468073       0.5428173344543533E-02
    19.37406706512676       0.5404456892611143E-02
    19.39328481557279       0.5380740440678753E-02
    19.41250256601882       0.5357023988746363E-02
    19.43172031646485       0.5333307536813973E-02
    19.45093806691089       0.5309591084881583E-02
    19.47015581735692       0.5285874632949193E-02
    19.48937356780295       0.5262158181016803E-02
    19.50859131824898       0.5238441729084413E-02
    19.52780906869501       0.5214725277152023E-02
    19.54702681914105       0.5191008825219633E-02
    19.56624456958708       0.5167292373287243E-02
    19.58546232003311       0.5143575921354853E-02
    19.60468007047914       0.5119859469422463E-02
    19.62389782092517       0.5096143017490073E-02
    19.64311557137120       0.5072426565557683E-02
    19.66233332181724       0.5048710113625293E-02
    19.68155107226327       0.5024993661692903E-02
    19.70076882270930       0.5001277209760513E-02
    19.71998657315533       0.4977560757828123E-02
    19.73920432360136       0.4953844305895733E-02
    19.75842207404740       0.4930127853963343E-02
    19.77763982449343       0.4906411402030953E-02
    19.79685757493946       0.4882694950098563E-02
    19.81607532538549       0.4858978498166173E-02
    19.83529307583152       0.4835262046233783E-02
    19.85451082627755       0.4811545594301393E-02
    19.87372857672359       0.4787829142369002E-02
    19.89294632716962       0.4764112690436612E-02
    19.91216407761565       0.4740396238504222E-02
    19.93138182806168       0.4716679786571833E-02
    19.95059957850771       0.4692963334639443E-02
    19.96981732895375       0.4669246882707053E-02
    19.98903507939978       0.4645530430774663E-02
    20.00825282984581       0.4621813978842273E-02
    20.02747058029184       0.4598097526909883E-02
    20.04668833073787       0.4574381074977493E-02
    20.06590608118390       0.4550664623045103E-02
    20.08512383162994       0.4526948171112713E-02
    20.10434158207597       0.4503231719180323E-02
    20.12355933252200       0.4479515267247933E-02
    20.14277708296803       0.4455798815315543E-02
    20.16199483341406       0.4432082363383153E-02
    20.18121258386009       0.4408365911450762E-02
    20.20043033430613       0.4384649459518372E-02
    20.21964808475216       0.4360933007585982E-02
    20.23886583519819       0.4337216555653592E-02
    20.25808358564422       0.4313500103721202E-02
    20.27730133609025       0.4289783651788812E-02
    20.29651908653629       0.4266067199856422E-02
    20.31573683698232       0.4242350747924032E-02
    20.33495458742835       0.4218634295991642E-02
    20.35417233787438       0.4194917844059252E-02
    20.37339008832041       0.4171201392126862E-02
    20.39260783876644       0.4147484940194473E-02
    20.41182558921248       0.4123768488262083E-02
    20.43104333965851       0.4100052036329693E-02
    20.45026109010454       0.4076335584397303E-02
    20.46947884055057       0.4052619132464913E-02
    20.48869659099660       0.4028902680532523E-02
    20.50791434144264       0.4005186228600132E-02
    20.52713209188867       0.3981469776667742E-02
    20.54634984233470       0.3957753324735352E-02
    20.56556759278073       0.3934036872802962E-02
    20.58478534322676       0.3910320420870572E-02
    20.60400309367279       0.3886603968938182E-02
    20.62322084411883       0.3862887517005791E-02
    20.64243859456486       0.3839171065073400E-02
    20.66165634501089       0.3815454613141010E-02
    20.68087409545692       0.3791738161208620E-02
    20.70009184590295       0.3768021709276229E-02
    20.71930959634899       0.3744305257343839E-02
    20.73852734679502       0.3720588805411448E-02
    20.75774509724105       0.3696872353479058E-02
    20.77696284768708       0.3673155901546667E-02
    20.79618059813311       0.3649439449614277E-02
    20.81539834857914       0.3625722997681886E-02
    20.83461609902518       0.3602006545749496E-02
    20.85383384947121       0.3578290093817106E-02
    20.87305159991724       0.3554573641884715E-02
    20.89226935036327       0.3530857189952325E-02
    20.91148710080930       0.3507140738019934E-02
    20.93070485125534       0.3483424286087544E-02
    20.94992260170137       0.3459707834155153E-02
    20.96914035214740       0.3435991382222763E-02
    20.98835810259343       0.3412274930290372E-02
    21.00757585303946       0.3388558478357982E-02
    21.02679360348549       0.3364842026425592E-02
    21.04601135393153       0.3341125574493201E-02
    21.06522910437756       0.3317409122560811E-02
    21.08444685482359       0.3293692670628420E-02
    21.10366460526962       0.3269976218696030E-02
    21.12288235571565       0.3246259766763639E-02
    21.14210010616168       0.3222543314831249E-02
    21.16131785660772       0.3198826862898858E-02
    21.18053560705375       0.3175110410966468E-02
    21.19975335749978       0.3151393959034078E-02
    21.21897110794581       0.3127677507101687E-02
    21.23818885839184       0.3103961055169297E-02
    21.25740660883788       0.3080244603236906E-02
    21.27662435928391       0.3056528151304516E-02
    21.29584210972994       0.3032811699372125E-02
    21.31505986017597       0.3009095247439735E-02
    21.33427761062200       0.2985378795507344E-02
    21.35349536106803       0.2961662343574954E-02
    21.37271311151407       0.2937945891642564E-02
    21.39193086196010       0.2914229439710173E-02
    21.41114861240613       0.2890512987777783E-02
    21.43036636285216       0.2866796535845392E-02
    21.44958411329819       0.2843080083913002E-02
    21.46880186374423       0.2819363631980611E-02
    21.48801961419026       0.2795647180048221E-02
    21.50723736463629       0.2771930728115830E-02
    21.52645511508232       0.2748214276183440E-02
    21.54567286552835       0.2724497824251050E-02
    21.56489061597438       0.2700781372318659E-02
    21.58410836642042       0.2677064920386268E-02
    21.60332611686645       0.2653348468453878E-02
    21.62254386731248       0.2629632016521488E-02
    21.64176161775851       0.2605915564589097E-02
    21.66097936820454       0.2582199112656707E-02
    21.68019711865058       0.2558482660724316E-02
    21.69941486909661       0.2534766208791926E-02
    21.71863261954264       0.2511049756859536E-02
    21.73785036998867       0.2487333304927145E-02
    21.75706812043470       0.2463616852994754E-02
    21.77628587088073       0.2439900401062364E-02
    21.79550362132677       0.2416183949129974E-02
    21.81472137177280       0.2392467497197583E-02
    21.83393912221883       0.2368751045265193E-02
    21.85315687266486       0.2345034593332802E-02
    21.87237462311089       0.2321318141400412E-02
    21.89159237355693       0.2297601689468022E-02
    21.91081012400296       0.2273885237535631E-02
    21.93002787444899       0.2250168785603240E-02
    21.94924562489502       0.2226452333670850E-02
    21.96846337534105       0.2202735881738460E-02
    21.98768112578708       0.2179019429806069E-02
    22.00689887623312       0.2155302977873679E-02
    22.02611662667915       0.2131586525941288E-02
    22.04533437712518       0.2107870074008898E-02
    22.06455212757121       0.2084153622076508E-02
    22.08376987801724       0.2060437170144117E-02
    22.10298762846327       0.2036720718211726E-02
    22.12220537890931       0.2013004266279336E-02
    22.14142312935534       0.1989287814346946E-02
    22.16064087980137       0.1965571362414555E-02
    22.17985863024740       0.1941854910482165E-02
    22.19907638069343       0.1918138458549774E-02
    22.21829413113947       0.1894422006617384E-02
    22.23751188158550       0.1870705554684993E-02
    22.25672963203153       0.1846989102752603E-02
    22.27594738247756       0.1823272650820212E-02
    22.29516513292359       0.1799556198887822E-02
    22.31438288336962       0.1775839746955432E-02
    22.33360063381566       0.1752123295023041E-02
    22.35281838426169       0.1728406843090651E-02
    22.37203613470772       0.1704690391158260E-02
    22.39125388515375       0.1680973939225870E-02
    22.41047163559978       0.1657257487293479E-02
    22.42968938604582       0.1633541035361089E-02
    22.44890713649185       0.1609824583428698E-02
    22.46812488693788       0.1586108131496308E-02
    22.48734263738391       0.1562391679563918E-02
    22.50656038782994       0.1538675227631527E-02
    22.52577813827597       0.1514958775699136E-02
    22.54499588872201       0.1491242323766746E-02
    22.56421363916804       0.1467525871834356E-02
    22.58343138961407       0.1443809419901965E-02
    22.60264914006010       0.1420092967969575E-02
    22.62186689050613       0.1396376516037184E-02
    22.64108464095217       0.1372660064104794E-02
    22.66030239139820       0.1348943612172403E-02
    22.67952014184423       0.1325227160240013E-02
    22.69873789229026       0.1301510708307622E-02
    22.71795564273629       0.1277794256375232E-02
    22.73717339318232       0.1254077804442842E-02
    22.75639114362836       0.1230361352510451E-02
    22.77560889407439       0.1206644900578061E-02
    22.79482664452042       0.1182928448645670E-02
    22.81404439496645       0.1159211996713280E-02
    22.83326214541248       0.1135495544780889E-02
    22.85247989585852       0.1111779092848499E-02
    22.87169764630455       0.1088062640916108E-02
    22.89091539675058       0.1064346188983718E-02
    22.91013314719661       0.1040629737051328E-02
    22.92935089764264       0.1016913285118937E-02
    22.94856864808867       0.9931968331865467E-03
    22.96778639853471       0.9694803812541563E-03
    22.98700414898074       0.9457639293217658E-03
    23.00622189942677       0.9220474773893754E-03
    23.02543964987280       0.8983310254569849E-03
    23.04465740031883       0.8746145735245945E-03
    23.06387515076486       0.8508981215922040E-03
    23.08309290121090       0.8271816696598136E-03
    23.10231065165693       0.8034652177274231E-03
    23.12152840210296       0.7797487657950327E-03
    23.14074615254899       0.7560323138626422E-03
    23.15996390299502       0.7323158619302518E-03
    23.17918165344106       0.7085994099978613E-03
    23.19839940388709       0.6848829580654709E-03
    23.21761715433312       0.6611665061330804E-03
    23.23683490477915       0.6374500542006900E-03
    23.25605265522518       0.6137336022682996E-03
    23.27527040567121       0.5900171503359091E-03
    23.29448815611725       0.5663006984035187E-03
    23.31370590656328       0.5425842464711282E-03
    23.33292365700931       0.5188677945387378E-03
    23.35214140745534       0.4951513426063473E-03
    23.37135915790137       0.4714348906739569E-03
    23.39057690834741       0.4477184387415665E-03
    23.40979465879344       0.4240019868091761E-03
    23.42901240923947       0.4002855348767857E-03
    23.44823015968550       0.3765690829443953E-03
    23.46744791013153       0.3528526310120049E-03
    23.48666566057756       0.3291361790796145E-03
    23.50588341102360       0.3054197271472241E-03
    23.52510116146963       0.2817032752148337E-03
    23.54431891191566       0.2579868232824433E-03
    23.56353666236169       0.2342703713500529E-03
    23.58275441280772       0.2105539194176625E-03
    23.60197216325376       0.1868374674852721E-03
    23.62118991369979       0.1631210155528817E-03
    23.64040766414582       0.1394045636204914E-03
    23.65962541459185       0.1156881116881009E-03
    23.67884316503788       0.9197165975571056E-04
    23.69806091548391       0.6825520782332016E-04
    23.71727866592995       0.4453875589092976E-04
    23.73649641637598       0.2082230395853937E-04
    23.75571416682201      -0.2894147973851027E-05
    23.77493191726804      -0.2661059990624142E-04
    23.79414966771407      -0.5032705183863182E-04
    23.81336741816011      -0.7404350377102221E-04
    23.83258516860614      -0.9775995570341260E-04
    23.85180291905217      -0.1214764076358030E-03
    23.87102066949820      -0.1451928595681934E-03
    23.89023841994423      -0.1689093115005838E-03
    23.90945617039026      -0.1926257634329742E-03
    23.92867392083630      -0.2163422153653646E-03
    23.94789167128233      -0.2400586672977550E-03
    23.96710942172836      -0.2637751192301453E-03
    23.98632717217439      -0.2874915711625357E-03
    24.00554492262042      -0.3112080230949261E-03
    24.02476267306645      -0.3349244750273165E-03
    24.04398042351249      -0.3586409269597069E-03
    24.06319817395852      -0.3823573788920973E-03
    24.08241592440455      -0.4060738308244877E-03
    24.10163367485058      -0.4297902827568781E-03
    24.12085142529661      -0.4535067346892685E-03
    24.14006917574265      -0.4772231866216589E-03
    24.15928692618868      -0.5009396385540493E-03
    24.17850467663471      -0.5246560904864397E-03
    24.19772242708074      -0.5483725424188301E-03
    24.21694017752677      -0.5720889943512205E-03
    24.23615792797280      -0.5958054462836110E-03
    24.25537567841884      -0.6195218982160014E-03
    24.27459342886487      -0.6432383501483919E-03
    24.29381117931090      -0.6669548020807823E-03
    24.31302892975693      -0.6906712540131728E-03
    24.33224668020296      -0.7143877059455632E-03
    24.35146443064900      -0.7381041578779537E-03
    24.37068218109503      -0.7618206098103441E-03
    24.38989993154106      -0.7855370617427346E-03
    24.40911768198709      -0.8092535136751250E-03
    24.42833543243312      -0.8329699656075155E-03
    24.44755318287915      -0.8566864175399059E-03
    24.46677093332519      -0.8804028694722963E-03
    24.48598868377122      -0.9041193214046868E-03
    24.50520643421725      -0.9278357733370772E-03
    24.52442418466328      -0.9515522252694677E-03
    24.54364193510931      -0.9752686772018581E-03
    24.56285968555535      -0.9989851291342486E-03
    24.58207743600138      -0.1022701581066639E-02
    24.60129518644741      -0.1046418032999029E-02
    24.62051293689344      -0.1070134484931420E-02
    24.63973068733947      -0.1093850936863810E-02
    24.65894843778550      -0.1117567388796201E-02
    24.67816618823154      -0.1141283840728591E-02
    24.69738393867757      -0.1165000292660982E-02
    24.71660168912360      -0.1188716744593372E-02
    24.73581943956963      -0.1212433196525763E-02
    24.75503719001566      -0.1236149648458153E-02
    24.77425494046170      -0.1259866100390544E-02
    24.79347269090773      -0.1283582552322934E-02
    24.81269044135376      -0.1307299004255324E-02
    24.83190819179979      -0.1331015456187715E-02
    24.85112594224582      -0.1354731908120105E-02
    24.87034369269185      -0.1378448360052496E-02
    24.88956144313789      -0.1402164811984886E-02
    24.90877919358392      -0.1425881263917277E-02
    24.92799694402995      -0.1449597715849667E-02
    24.94721469447598      -0.1473314167782058E-02
    24.96643244492201      -0.1497030619714448E-02
    24.98565019536804      -0.1520747071646838E-02
    25.00486794581408      -0.1544463523579229E-02
    25.02408569626011      -0.1568179975511619E-02
    25.04330344670614      -0.1591896427444010E-02
    25.06252119715217      -0.1615612879376400E-02
    25.08173894759820      -0.1639329331308791E-02
    25.10095669804424      -0.1663045783241181E-02
    25.12017444849027      -0.1686762235173572E-02
    25.13939219893630      -0.1710478687105962E-02
    25.15860994938233      -0.1734195139038352E-02
    25.17782769982836      -0.1757911590970743E-02
    25.19704545027439      -0.1781628042903133E-02
    25.21626320072043      -0.1805344494835524E-02
    25.23548095116646      -0.1829060946767914E-02
    25.25469870161249      -0.1852777398700305E-02
    25.27391645205852      -0.1876493850632695E-02
    25.29313420250455      -0.1900210302565086E-02
    25.31235195295059      -0.1923926754497476E-02
    25.33156970339662      -0.1947643206429866E-02
    25.35078745384265      -0.1971359658362257E-02
    25.37000520428868      -0.1995076110294647E-02
    25.38922295473471      -0.2018792562227038E-02
    25.40844070518074      -0.2042509014159428E-02
    25.42765845562678      -0.2066225466091818E-02
    25.44687620607281      -0.2089941918024209E-02
    25.46609395651884      -0.2113658369956600E-02
    25.48531170696487      -0.2137374821888990E-02
    25.50452945741090      -0.2161091273821380E-02
    25.52374720785694      -0.2184807725753771E-02
    25.54296495830297      -0.2208524177686161E-02
    25.56218270874900      -0.2232240629618552E-02
    25.58140045919503      -0.2255957081550942E-02
    25.60061820964106      -0.2279673533483332E-02
    25.61983596008709      -0.2303389985415723E-02
    25.63905371053313      -0.2327106437348114E-02
    25.65827146097916      -0.2350822889280504E-02
    25.67748921142519      -0.2374539341212894E-02
    25.69670696187122      -0.2398255793145285E-02
    25.71592471231725      -0.2421972245077675E-02
    25.73514246276329      -0.2445688697010066E-02
    25.75436021320932      -0.2469405148942456E-02
    25.77357796365535      -0.2493121600874846E-02
    25.79279571410138      -0.2516838052807237E-02
    25.81201346454741      -0.2540554504739628E-02
    25.83123121499344      -0.2564270956672018E-02
    25.85044896543948      -0.2587987408604408E-02
    25.86966671588551      -0.2611703860536799E-02
    25.88888446633154      -0.2635420312469189E-02
    25.90810221677757      -0.2659136764401580E-02
    25.92731996722360      -0.2682853216333970E-02
    25.94653771766964      -0.2706569668266361E-02
    25.96575546811567      -0.2730286120198751E-02
    25.98497321856170      -0.2754002572131142E-02
    26.00419096900773      -0.2777719024063532E-02
    26.02340871945376      -0.2801435475995922E-02
    26.04262646989979      -0.2825151927928313E-02
    26.06184422034583      -0.2848868379860703E-02
    26.08106197079186      -0.2872584831793094E-02
    26.10027972123789      -0.2896301283725484E-02
    26.11949747168392      -0.2920017735657875E-02
    26.13871522212995      -0.2943734187590265E-02
    26.15793297257598      -0.2967450639522656E-02
    26.17715072302202      -0.2991167091455046E-02
    26.19636847346805      -0.3014883543387436E-02
    26.21558622391408      -0.3038599995319827E-02
    26.23480397436011      -0.3062316447252217E-02
    26.25402172480614      -0.3086032899184608E-02
    26.27323947525218      -0.3109749351116999E-02
    26.29245722569821      -0.3133465803049389E-02
    26.31167497614424      -0.3157182254981779E-02
    26.33089272659027      -0.3180898706914170E-02
    26.35011047703630      -0.3204615158846560E-02
    26.36932822748233      -0.3228331610778951E-02
    26.38854597792837      -0.3252048062711341E-02
    26.40776372837440      -0.3275764514643731E-02
    26.42698147882043      -0.3299480966576122E-02
    26.44619922926646      -0.3323197418508513E-02
    26.46541697971249      -0.3346913870440903E-02
    26.48463473015853      -0.3370630322373293E-02
    26.50385248060456      -0.3394346774305684E-02
    26.52307023105059      -0.3418063226238074E-02
    26.54228798149662      -0.3441779678170465E-02
    26.56150573194265      -0.3465496130102855E-02
    26.58072348238868      -0.3489212582035245E-02
    26.59994123283472      -0.3512929033967636E-02
    26.61915898328075      -0.3536645485900027E-02
    26.63837673372678      -0.3560361937832417E-02
    26.65759448417281      -0.3584078389764807E-02
    26.67681223461884      -0.3607794841697198E-02
    26.69602998506488      -0.3631511293629588E-02
    26.71524773551091      -0.3655227745561979E-02
    26.73446548595694      -0.3678944197494369E-02
    26.75368323640297      -0.3702660649426760E-02
    26.77290098684900      -0.3726377101359150E-02
    26.79211873729503      -0.3750093553291541E-02
    26.81133648774107      -0.3773810005223931E-02
    26.83055423818710      -0.3797526457156321E-02
    26.84977198863313      -0.3821242909088712E-02
    26.86898973907916      -0.3844959361021102E-02
    26.88820748952519      -0.3868675812953493E-02
    26.90742523997123      -0.3892392264885883E-02
    26.92664299041726      -0.3916108716818273E-02
    26.94586074086329      -0.3939825168750664E-02
    26.96507849130932      -0.3963541620683054E-02
    26.98429624175535      -0.3987258072615444E-02
    27.00351399220138      -0.4010974524547834E-02
    27.02273174264742      -0.4034690976480224E-02
    27.04194949309345      -0.4058407428412614E-02
    27.06116724353948      -0.4082123880345003E-02
    27.08038499398551      -0.4105840332277393E-02
    27.09960274443154      -0.4129556784209783E-02
    27.11882049487757      -0.4153273236142173E-02
    27.13803824532361      -0.4176989688074563E-02
    27.15725599576964      -0.4200706140006953E-02
    27.17647374621567      -0.4224422591939343E-02
    27.19569149666170      -0.4248139043871733E-02
    27.21490924710773      -0.4271855495804123E-02
    27.23412699755377      -0.4295571947736513E-02
    27.25334474799980      -0.4319288399668903E-02
    27.27256249844583      -0.4343004851601294E-02
    27.29178024889186      -0.4366721303533684E-02
    27.31099799933789      -0.4390437755466074E-02
    27.33021574978392      -0.4414154207398464E-02
    27.34943350022996      -0.4437870659330854E-02
    27.36865125067599      -0.4461587111263244E-02
    27.38786900112202      -0.4485303563195634E-02
    27.40708675156805      -0.4509020015128024E-02
    27.42630450201408      -0.4532736467060414E-02
    27.44552225246012      -0.4556452918992804E-02
    27.46474000290615      -0.4580169370925194E-02
    27.48395775335218      -0.4603885822857584E-02
    27.50317550379821      -0.4627602274789974E-02
    27.52239325424424      -0.4651318726722363E-02
    27.54161100469027      -0.4675035178654753E-02
    27.56082875513631      -0.4698751630587143E-02
    27.58004650558234      -0.4722468082519533E-02
    27.59926425602837      -0.4746184534451924E-02
    27.61848200647440      -0.4769900986384314E-02
    27.63769975692043      -0.4793617438316704E-02
    27.65691750736647      -0.4817333890249094E-02
    27.67613525781250      -0.4841050342181484E-02
    27.69535300825853      -0.4864766794113874E-02
    27.71457075870456      -0.4888483246046264E-02
    27.73378850915059      -0.4912199697978654E-02
    27.75300625959662      -0.4935916149911044E-02
    27.77222401004266      -0.4959632601843434E-02
    27.79144176048869      -0.4983349053775824E-02
    27.81065951093472      -0.5007065505708214E-02
    27.82987726138075      -0.5030781957640604E-02
    27.84909501182678      -0.5054498409572994E-02
    27.86831276227282      -0.5078214861505384E-02
    27.88753051271885      -0.5101931313437774E-02
    27.90674826316488      -0.5125647765370164E-02
    27.92596601361091      -0.5149364217302554E-02
    27.94518376405694      -0.5173080669234944E-02
    27.96440151450297      -0.5196797121167334E-02
    27.98361926494901      -0.5220513573099724E-02
    28.00283701539504      -0.5244230025032114E-02
    28.02205476584107      -0.5267946476964504E-02
    28.04127251628710      -0.5291662928896894E-02
    28.06049026673313      -0.5315379380829284E-02
    28.07970801717916      -0.5339095832761674E-02
    28.09892576762520      -0.5362812284694064E-02
    28.11814351807123      -0.5386528736626454E-02
    28.13736126851726      -0.5410245188558844E-02
    28.15657901896329      -0.5433961640491234E-02
    28.17579676940932      -0.5457678092423624E-02
    28.19501451985536      -0.5481394544356014E-02
    28.21423227030139      -0.5505110996288404E-02
    28.23345002074742      -0.5528827448220795E-02
    28.25266777119345      -0.5552543900153185E-02
    28.27188552163948      -0.5576260352085575E-02
    28.29110327208551      -0.5599976804017965E-02
    28.31032102253155      -0.5623693255950355E-02
    28.32953877297758      -0.5647409707882745E-02
    28.34875652342361      -0.5671126159815135E-02
    28.36797427386964      -0.5694842611747524E-02
    28.38719202431567      -0.5718559063679914E-02
    28.40640977476171      -0.5742275515612304E-02
    28.42562752520774      -0.5765991967544694E-02
    28.44484527565377      -0.5789708419477084E-02
    28.46406302609980      -0.5813424871409474E-02
    28.48328077654583      -0.5837141323341864E-02
    28.50249852699186      -0.5860857775274254E-02
    28.52171627743790      -0.5884574227206644E-02
    28.54093402788393      -0.5908290679139034E-02
    28.56015177832996      -0.5932007131071425E-02
    28.57936952877599      -0.5955723583003815E-02
    28.59858727922202      -0.5979440034936205E-02
    28.61780502966806      -0.6003156486868595E-02
    28.63702278011409      -0.6026872938800985E-02
    28.65624053056012      -0.6050589390733375E-02
    28.67545828100615      -0.6074305842665765E-02
    28.69467603145218      -0.6098022294598155E-02
    28.71389378189821      -0.6121738746530545E-02
    28.73311153234425      -0.6145455198462935E-02
    28.75232928279028      -0.6169171650395325E-02
    28.77154703323631      -0.6192888102327715E-02
    28.79076478368234      -0.6216604554260105E-02
    28.80998253412837      -0.6240321006192494E-02
    28.82920028457441      -0.6264037458124884E-02
    28.84841803502044      -0.6287753910057274E-02
    28.86763578546647      -0.6311470361989664E-02
    28.88685353591250      -0.6335186813922055E-02
    28.90607128635853      -0.6358903265854445E-02
    28.92528903680456      -0.6382619717786835E-02
    28.94450678725060      -0.6406336169719225E-02
    28.96372453769663      -0.6430052621651615E-02
    28.98294228814266      -0.6453769073584005E-02
    29.00216003858869      -0.6477485525516395E-02
    29.02137778903472      -0.6501201977448785E-02
    29.04059553948075      -0.6524918429381175E-02
    29.05981328992679      -0.6548634881313565E-02
    29.07903104037282      -0.6572351333245955E-02
    29.09824879081885      -0.6596067785178345E-02
    29.11746654126488      -0.6619784237110735E-02
    29.13668429171091      -0.6643500689043125E-02
    29.15590204215695      -0.6667217140975515E-02
    29.17511979260298      -0.6690933592907905E-02
    29.19433754304901      -0.6714650044840295E-02
    29.21355529349504      -0.6738366496772685E-02
    29.23277304394107      -0.6762082948705075E-02
    29.25199079438710      -0.6785799400637465E-02
    29.27120854483314      -0.6809515852569855E-02
    29.29042629527917      -0.6833232304502245E-02
    29.30964404572520      -0.6856948756434635E-02
    29.32886179617123      -0.6880665208367025E-02
    29.34807954661726      -0.6904381660299415E-02
    29.36729729706330      -0.6928098112231805E-02
    29.38651504750933      -0.6951814564164195E-02
    29.40573279795536      -0.6975531016096585E-02
    29.42495054840139      -0.6999247468028975E-02
    29.44416829884742      -0.7022963919961365E-02
    29.46338604929345      -0.7046680371893755E-02
    29.48260379973949      -0.7070396823826145E-02
    29.50182155018552      -0.7094113275758535E-02
    29.52103930063155      -0.7117829727690926E-02
    29.54025705107758      -0.7141546179623316E-02
    29.55947480152361      -0.7165262631555706E-02
    29.57869255196965      -0.7188979083488096E-02
    29.59791030241568      -0.7212695535420486E-02
    29.61712805286171      -0.7236411987352876E-02
    29.63634580330774      -0.7260128439285266E-02
    29.65556355375377      -0.7283844891217655E-02
    29.67478130419980      -0.7307561343150045E-02
    29.69399905464584      -0.7331277795082435E-02
    29.71321680509187      -0.7354994247014825E-02
    29.73243455553790      -0.7378710698947215E-02
    29.75165230598393      -0.7402427150879605E-02
    29.77087005642996      -0.7426143602811995E-02
    29.79008780687600      -0.7449860054744385E-02
    29.80930555732203      -0.7473576506676775E-02
    29.82852330776806      -0.7497292958609165E-02
    29.84774105821409      -0.7521009410541556E-02
    29.86695880866012      -0.7544725862473946E-02
    29.88617655910615      -0.7568442314406336E-02
    29.90539430955219      -0.7592158766338726E-02
    29.92461205999822      -0.7615875218271116E-02
    29.94382981044425      -0.7639591670203506E-02
    29.96304756089028      -0.7663308122135896E-02
    29.98226531133631      -0.7687024574068286E-02
    30.00148306178234      -0.7710741026000676E-02
    30.02070081222838      -0.7734457477933066E-02
    30.03991856267441      -0.7758173929865456E-02
    30.05913631312044      -0.7781890381797846E-02
    30.07835406356647      -0.7805606833730236E-02
    30.09757181401250      -0.7829323285662626E-02
    30.11678956445854      -0.7853039737595015E-02
    30.13600731490457      -0.7876756189527406E-02
    30.15522506535060      -0.7900472641459795E-02
    30.17444281579663      -0.7924189093392186E-02
    30.19366056624266      -0.7947905545324575E-02
    30.21287831668869      -0.7971621997256966E-02
    30.23209606713473      -0.7995338449189355E-02
    30.25131381758076      -0.8019054901121746E-02
    30.27053156802679      -0.8042771353054135E-02
    30.28974931847282      -0.8066487804986526E-02
    30.30896706891885      -0.8090204256918915E-02
    30.32818481936489      -0.8113920708851306E-02
    30.34740256981092      -0.8137637160783697E-02
    30.36662032025695      -0.8161353612716086E-02
    30.38583807070298      -0.8185070064648477E-02
    30.40505582114901      -0.8208786516580866E-02
    30.42427357159504      -0.8232502968513257E-02
    30.44349132204108      -0.8256219420445646E-02
    30.46270907248711      -0.8279935872378037E-02
    30.48192682293314      -0.8303652324310426E-02
    30.50114457337917      -0.8327368776242816E-02
    30.52036232382520      -0.8351085228175206E-02
    30.53958007427124      -0.8374801680107596E-02
    30.55879782471727      -0.8398518132039985E-02
    30.57801557516330      -0.8422234583972376E-02
    30.59723332560933      -0.8445951035904765E-02
    30.61645107605536      -0.8469667487837156E-02
    30.63566882650139      -0.8493383939769545E-02
    30.65488657694743      -0.8517100391701936E-02
    30.67410432739346      -0.8540816843634327E-02
    30.69332207783949      -0.8564533295566716E-02
    30.71253982828552      -0.8588249747499107E-02
    30.73175757873155      -0.8611966199431496E-02
    30.75097532917759      -0.8635682651363887E-02
    30.77019307962362      -0.8659399103296276E-02
    30.78941083006965      -0.8683115555228667E-02
    30.80862858051568      -0.8706832007161056E-02
    30.82784633096171      -0.8730548459093447E-02
    30.84706408140774      -0.8754264911025836E-02
    30.86628183185378      -0.8777981362958227E-02
    30.88549958229981      -0.8801697814890616E-02
    30.90471733274584      -0.8825414266823007E-02
    30.92393508319187      -0.8849130718755396E-02
    30.94315283363790      -0.8872847170687786E-02
    30.96237058408393      -0.8896563622620176E-02
    30.98158833452997      -0.8920280074552566E-02
    31.00080608497600      -0.8943996526484957E-02
    31.02002383542203      -0.8967712978417346E-02
    31.03924158586806      -0.8991429430349737E-02
    31.05845933631409      -0.9015145882282126E-02
    31.07767708676013      -0.9038862334214517E-02
    31.09689483720616      -0.9062578786146906E-02
    31.11611258765219      -0.9086295238079297E-02
    31.13533033809822      -0.9110011690011686E-02
    31.15454808854425      -0.9133728141944077E-02
    31.17376583899028      -0.9157444593876466E-02
    31.19298358943632      -0.9181161045808857E-02
    31.21220133988235      -0.9204877497741246E-02
    31.23141909032838      -0.9228593949673637E-02
    31.25063684077441      -0.9252310401606026E-02
    31.26985459122044      -0.9276026853538417E-02
    31.28907234166648      -0.9299743305470808E-02
    31.30829009211251      -0.9323459757403197E-02
    31.32750784255854      -0.9347176209335588E-02
    31.34672559300457      -0.9370892661267977E-02
    31.36594334345060      -0.9394609113200367E-02
    31.38516109389663      -0.9418325565132757E-02
    31.40437884434267      -0.9442042017065147E-02
    31.42359659478870      -0.9465758468997536E-02
    31.44281434523473      -0.9489474920929927E-02
    31.46203209568076      -0.9513191372862316E-02
    31.48124984612679      -0.9536907824794707E-02
    31.50046759657283      -0.9560624276727096E-02
    31.51968534701886      -0.9584340728659487E-02
    31.53890309746489      -0.9608057180591876E-02
    31.55812084791092      -0.9631773632524267E-02
    31.57733859835695      -0.9655490084456656E-02
    31.59655634880298      -0.9679206536389047E-02
    31.61577409924902      -0.9702922988321438E-02
    31.63499184969505      -0.9726639440253827E-02
    31.65420960014108      -0.9750355892186218E-02
    31.67342735058711      -0.9774072344118607E-02
    31.69264510103314      -0.9797788796050998E-02
    31.71186285147918      -0.9821505247983387E-02
    31.73108060192521      -0.9845221699915778E-02
    31.75029835237124      -0.9868938151848167E-02
    31.76951610281727      -0.9892654603780558E-02
    31.78873385326330      -0.9916371055712947E-02
    31.80795160370933      -0.9940087507645337E-02
    31.82716935415537      -0.9963803959577727E-02
    31.84638710460140      -0.9987520411510117E-02
    31.86560485504743      -0.1001123686344251E-01
    31.88482260549346      -0.1003495331537490E-01
    31.90404035593949      -0.1005866976730729E-01
    31.92325810638552      -0.1008238621923968E-01
    31.94247585683156      -0.1010610267117207E-01
    31.96169360727759      -0.1012981912310446E-01
    31.98091135772362      -0.1015353557503685E-01
    32.00012910816965      -0.1017725202696924E-01
    32.01934685861568      -0.1020096847890163E-01
    32.03856460906172      -0.1022468493083402E-01
    32.05778235950775      -0.1024840138276641E-01
    32.07700010995378      -0.1027211783469880E-01
    32.09621786039981      -0.1029583428663119E-01
    32.11543561084584      -0.1031955073856358E-01
    32.13465336129187      -0.1034326719049597E-01
    32.15387111173791      -0.1036698364242836E-01
    32.17308886218394      -0.1039070009436075E-01
    32.19230661262997      -0.1041441654629314E-01
    32.21152436307600      -0.1043813299822553E-01
    32.23074211352203      -0.1046184945015792E-01
    32.24995986396807      -0.1048556590209031E-01
    32.26917761441410      -0.1050928235402270E-01
    32.28839536486013      -0.1053299880595509E-01
    32.30761311530616      -0.1055671525788748E-01
    32.32683086575219      -0.1058043170981987E-01
    32.34604861619822      -0.1060414816175226E-01
    32.36526636664426      -0.1062786461368465E-01
    32.38448411709029      -0.1065158106561704E-01
    32.40370186753632      -0.1067529751754943E-01
    32.42291961798235      -0.1069901396948182E-01
    32.44213736842838      -0.1072273042141421E-01
    32.46135511887442      -0.1074644687334660E-01
    32.48057286932045      -0.1077016332527899E-01
    32.49979061976648      -0.1079387977721138E-01
    32.51900837021251      -0.1081759622914377E-01
    32.53822612065854      -0.1084131268107616E-01
    32.55744387110457      -0.1086502913300855E-01
    32.57666162155061      -0.1088874558494094E-01
    32.59587937199664      -0.1091246203687333E-01
    32.61509712244267      -0.1093617848880572E-01
    32.63431487288870      -0.1095989494073811E-01
    32.65353262333473      -0.1098361139267050E-01
    32.67275037378077      -0.1100732784460289E-01
    32.69196812422680      -0.1103104429653528E-01
    32.71118587467283      -0.1105476074846767E-01
    32.73040362511886      -0.1107847720040006E-01
    32.74962137556489      -0.1110219365233245E-01
    32.76883912601092      -0.1112591010426484E-01
    32.78805687645696      -0.1114962655619723E-01
    32.80727462690299      -0.1117334300812962E-01
    32.82649237734902      -0.1119705946006201E-01
    32.84571012779505      -0.1122077591199440E-01
    32.86492787824108      -0.1124449236392679E-01
    32.88414562868711      -0.1126820881585918E-01
    32.90336337913315      -0.1129192526779157E-01
    32.92258112957918      -0.1131564171972396E-01
    32.94179888002521      -0.1133935817165635E-01
    32.96101663047124      -0.1136307462358874E-01
    32.98023438091727      -0.1138679107552113E-01
    32.99945213136331      -0.1141050752745352E-01
    33.01866988180934      -0.1143422397938591E-01
    33.03788763225537      -0.1145794043131830E-01
    33.05710538270140      -0.1148165688325069E-01
    33.07632313314743      -0.1150537333518308E-01
    33.09554088359346      -0.1152908978711547E-01
    33.11475863403950      -0.1155280623904786E-01
    33.13397638448553      -0.1157652269098025E-01
    33.15319413493156      -0.1160023914291264E-01
    33.17241188537759      -0.1162395559484503E-01
    33.19162963582362      -0.1164767204677742E-01
    33.21084738626966      -0.1167138849870981E-01
    33.23006513671569      -0.1169510495064220E-01
    33.24928288716172      -0.1171882140257459E-01
    33.26850063760775      -0.1174253785450698E-01
    33.28771838805378      -0.1176625430643937E-01
    33.30693613849981      -0.1178997075837176E-01
    33.32615388894585      -0.1181368721030415E-01
    33.34537163939188      -0.1183740366223654E-01
    33.36458938983791      -0.1186112011416893E-01
    33.38380714028394      -0.1188483656610132E-01
    33.40302489072997      -0.1190855301803371E-01
    33.42224264117601      -0.1193226946996610E-01
    33.44146039162204      -0.1195598592189849E-01
    33.46067814206807      -0.1197970237383088E-01
    33.47989589251410      -0.1200341882576327E-01
    33.49911364296013      -0.1202713527769566E-01
    33.51833139340616      -0.1205085172962805E-01
    33.53754914385220      -0.1207456818156044E-01
    33.55676689429823      -0.1209828463349283E-01
    33.57598464474426      -0.1212200108542522E-01
    33.59520239519029      -0.1214571753735761E-01
    33.61442014563632      -0.1216943398929000E-01
    33.63363789608236      -0.1219315044122239E-01
    33.65285564652839      -0.1221686689315478E-01
    33.67207339697442      -0.1224058334508717E-01
    33.69129114742045      -0.1226429979701956E-01
    33.71050889786648      -0.1228801624895195E-01
    33.72972664831251      -0.1231173270088434E-01
    33.74894439875855      -0.1233544915281673E-01
    33.76816214920458      -0.1235916560474912E-01
    33.78737989965061      -0.1238288205668151E-01
    33.80659765009664      -0.1240659850861390E-01
    33.82581540054267      -0.1243031496054629E-01
    33.84503315098871      -0.1245403141247868E-01
    33.86425090143474      -0.1247774786441107E-01
    33.88346865188077      -0.1250146431634346E-01
    33.90268640232680      -0.1252518076827585E-01
    33.92190415277283      -0.1254889722020824E-01
    33.94112190321886      -0.1036093769249534E-01
    33.96033965366490      -0.1038460120679609E-01
    33.97955740411093      -0.1040826472109683E-01
    33.99877515455696      -0.1043192823539758E-01
    34.01799290500299      -0.1045559174969833E-01
    34.03721065544902      -0.1047925526399908E-01
    34.05642840589505      -0.1050291877829983E-01
    34.07564615634109      -0.1052658229260057E-01
    34.09486390678712      -0.1055024580690132E-01
    34.11408165723315      -0.1057390932120207E-01
    34.13329940767918      -0.1059757283550282E-01
    34.15251715812521      -0.1062123634980357E-01
    34.17173490857125      -0.1064489986410431E-01
    34.19095265901728      -0.1066856337840506E-01
    34.21017040946331      -0.1069222689270581E-01
    34.22938815990934      -0.1071589040700656E-01
    34.24860591035537      -0.1073955392130731E-01
    34.26782366080140      -0.1076321743560805E-01
    34.28704141124744      -0.1078688094990880E-01
    34.30625916169347      -0.1081054446420955E-01
    34.32547691213950      -0.1083420797851030E-01
    34.34469466258553      -0.1085787149281105E-01
    34.36391241303156      -0.1088153500711179E-01
    34.38313016347760      -0.1090519852141254E-01
    34.40234791392363      -0.1092886203571329E-01
    34.42156566436966      -0.1095252555001404E-01
    34.44078341481569      -0.1097618906431479E-01
    34.46000116526172      -0.1099985257861553E-01
    34.47921891570775      -0.1102351609291628E-01
    34.49843666615379      -0.1104717960721703E-01
    34.51765441659982      -0.1107084312151778E-01
    34.53687216704585      -0.1109450663581853E-01
    34.55608991749188      -0.1111817015011927E-01
    34.57530766793791      -0.1114183366442002E-01
    34.59452541838395      -0.1116549717872077E-01
    34.61374316882998      -0.1118916069302152E-01
    34.63296091927601      -0.1121282420732226E-01
    34.65217866972204      -0.1123648772162301E-01
    34.67139642016807      -0.1126015123592376E-01
    34.69061417061410      -0.1128381475022451E-01
    34.70983192106014      -0.1130747826452526E-01
    34.72904967150617      -0.1133114177882600E-01
    34.74826742195220      -0.1135480529312675E-01
    34.76748517239823      -0.1137846880742750E-01
    34.78670292284426      -0.1140213232172825E-01
    34.80592067329030      -0.1142579583602900E-01
    34.82513842373633      -0.1144945935032974E-01
    34.84435617418236      -0.1147312286463049E-01
    34.86357392462839      -0.1149678637893124E-01
    34.88279167507442      -0.1152044989323199E-01
    34.90200942552045      -0.1154411340753273E-01
    34.92122717596649      -0.1156777692183348E-01
    34.94044492641252      -0.1159144043613423E-01
    34.95966267685855      -0.1161510395043498E-01
    34.97888042730458      -0.1163876746473573E-01
    34.99809817775061      -0.1166243097903647E-01
    35.01731592819664      -0.1168609449333722E-01
    35.03653367864268      -0.1170975800763797E-01
    35.05575142908871      -0.1173342152193872E-01
    35.07496917953474      -0.1175708503623947E-01
    35.09418692998077      -0.1178074855054021E-01
    35.11340468042680      -0.1180441206484096E-01
    35.13262243087284      -0.1182807557914171E-01
    35.15184018131887      -0.1185173909344246E-01
    35.17105793176490      -0.1187540260774321E-01
    35.19027568221093      -0.1189906612204395E-01
    35.20949343265696      -0.1192272963634470E-01
    35.22871118310299      -0.1194639315064545E-01
    35.24792893354903      -0.1197005666494620E-01
    35.26714668399506      -0.1199372017924695E-01
    35.28636443444109      -0.1201738369354769E-01
    35.30558218488712      -0.1204104720784844E-01
    35.32479993533315      -0.1206471072214919E-01
    35.34401768577919      -0.1208837423644994E-01
    35.36323543622522      -0.1211203775075069E-01
    35.38245318667125      -0.1213570126505143E-01
    35.40167093711728      -0.1215936477935218E-01
    35.42088868756331      -0.1218302829365293E-01
    35.44010643800934      -0.1220669180795368E-01
    35.45932418845538      -0.1223035532225443E-01
    35.47854193890141      -0.1225401883655517E-01
    35.49775968934744      -0.1227768235085592E-01
    35.51697743979347      -0.1230134586515667E-01
    35.53619519023950      -0.1232500937945742E-01
    35.55541294068554      -0.1234867289375817E-01
    35.57463069113157      -0.1237233640805891E-01
    35.59384844157760      -0.1239599992235966E-01
    35.61306619202363      -0.1241966343666041E-01
    35.63228394246966      -0.1244332695096116E-01
    35.65150169291569      -0.1246699046526191E-01
    35.67071944336173      -0.1249065397956265E-01
    35.68993719380776      -0.1251431749386340E-01
    35.70915494425379      -0.1253798100816415E-01
    35.72837269469982      -0.1256164452246490E-01
    35.74759044514585      -0.1258530803676565E-01
    35.76680819559189      -0.1260897155106639E-01
    35.78602594603792      -0.1263263506536714E-01
    35.80524369648395      -0.1265629857966789E-01
    35.82446144692998      -0.1267996209396864E-01
    35.84367919737601      -0.1270362560826939E-01
    35.86289694782204      -0.1272728912257013E-01
    35.88211469826808      -0.1275095263687088E-01
    35.90133244871411      -0.1277461615117163E-01
    35.92055019916014      -0.1279827966547238E-01
    35.93976794960617      -0.1282194317977313E-01
    35.95898570005220      -0.1284560669407387E-01
    35.97820345049823      -0.1286927020837462E-01
    35.99742120094427      -0.1289293372267537E-01
    36.01663895139030      -0.1291659723697612E-01
    36.03585670183633      -0.1294026075127687E-01
    36.05507445228236      -0.1296392426557761E-01
    36.07429220272839      -0.1298758777987836E-01
    36.09350995317443      -0.1301125129417911E-01
    36.11272770362046      -0.1303491480847986E-01
    36.13194545406649      -0.1305857832278061E-01
    36.15116320451252      -0.1308224183708135E-01
    36.17038095495855      -0.1310590535138210E-01
    36.18959870540458      -0.1312956886568285E-01
    36.20881645585062      -0.1315323237998360E-01
    36.22803420629665      -0.1317689589428435E-01
    36.24725195674268      -0.1320055940858509E-01
    36.26646970718871      -0.1322422292288584E-01
    36.28568745763474      -0.1324788643718659E-01
    36.30490520808078      -0.1327154995148734E-01
    36.32412295852681      -0.1329521346578809E-01
    36.34334070897284      -0.1331887698008883E-01
    36.36255845941887      -0.1334254049438958E-01
    36.38177620986490      -0.1336620400869033E-01
    36.40099396031093      -0.1338986752299108E-01
    36.42021171075697      -0.1341353103729183E-01
    36.43942946120300      -0.1343719455159257E-01
    36.45864721164903      -0.1346085806589332E-01
    36.47786496209506      -0.1348452158019407E-01
    36.49708271254109      -0.1350818509449482E-01
    36.51630046298713      -0.1353184860879557E-01
    36.53551821343316      -0.1355551212309631E-01
    36.55473596387919      -0.1357917563739706E-01
    36.57395371432522      -0.1360283915169781E-01
    36.59317146477125      -0.1362650266599856E-01
    36.61238921521728      -0.1365016618029931E-01
    36.63160696566332      -0.1367382969460005E-01
    36.65082471610935      -0.1369749320890080E-01
    36.67004246655538      -0.1372115672320155E-01
    36.68926021700141      -0.1374482023750230E-01
    36.70847796744744      -0.1376848375180304E-01
    36.72769571789348      -0.1379214726610379E-01
    36.74691346833951      -0.1381581078040454E-01
    36.76613121878554      -0.1383947429470529E-01
    36.78534896923157      -0.1386313780900604E-01
    36.80456671967760      -0.1388680132330678E-01
    36.82378447012363      -0.1391046483760753E-01
    36.84300222056967      -0.1393412835190828E-01
    36.86221997101570      -0.1395779186620903E-01
    36.88143772146173      -0.1398145538050978E-01
    36.90065547190776      -0.1400511889481052E-01
    36.91987322235379      -0.1402878240911127E-01
    36.93909097279982      -0.1405244592341202E-01
    36.95830872324586      -0.1407610943771277E-01
    36.97752647369189      -0.1409977295201352E-01
    36.99674422413792      -0.1412343646631426E-01
    37.01596197458395      -0.1414709998061501E-01
    37.03517972502998      -0.1417076349491576E-01
    37.05439747547602      -0.1419442700921651E-01
    37.07361522592205      -0.1421809052351726E-01
    37.09283297636808      -0.1424175403781800E-01
    37.11205072681411      -0.1426541755211875E-01
    37.13126847726014      -0.1428908106641950E-01
    37.15048622770617      -0.1431274458072025E-01
    37.16970397815221      -0.1433640809502100E-01
    37.18892172859824      -0.1436007160932174E-01
    37.20813947904427      -0.1438373512362249E-01
    37.22735722949030      -0.1440739863792324E-01
    37.24657497993633      -0.1443106215222399E-01
    37.26579273038237      -0.1445472566652474E-01
    37.28501048082840      -0.1447838918082548E-01
    37.30422823127443      -0.1450205269512623E-01
    37.32344598172046      -0.1452571620942698E-01
    37.34266373216649      -0.1454937972372773E-01
    37.36188148261252      -0.1457304323802848E-01
    37.38109923305856      -0.1459670675232922E-01
    37.40031698350459      -0.1462037026662997E-01
    37.41953473395062      -0.1464403378093072E-01
    37.43875248439665      -0.1466769729523147E-01
    37.45797023484268      -0.1469136080953222E-01
    37.47718798528872      -0.1471502432383296E-01
    37.49640573573475      -0.1473868783813371E-01
    37.51562348618078      -0.1476235135243446E-01
    37.53484123662681      -0.1478601486673521E-01
    37.55405898707284      -0.1480967838103596E-01
    37.57327673751887      -0.1483334189533670E-01
    37.59249448796491      -0.1485700540963745E-01
    37.61171223841094      -0.1488066892393820E-01
    37.63092998885697      -0.1490433243823895E-01
    37.65014773930300      -0.1492799595253970E-01
    37.66936548974903      -0.1495165946684044E-01
    37.68858324019507      -0.1497532298114119E-01
    37.70780099064110      -0.1499898649544194E-01
    37.72701874108713      -0.1502265000974269E-01
    37.74623649153316      -0.1504631352404344E-01
    37.76545424197919      -0.1506997703834418E-01
    37.78467199242522      -0.1509364055264493E-01
    37.80388974287126      -0.1511730406694568E-01
    37.82310749331729      -0.1514096758124643E-01
    37.84232524376332      -0.1516463109554718E-01
    37.86154299420935      -0.1518829460984792E-01
    37.88076074465538      -0.1521195812414867E-01
    37.89997849510141      -0.1523562163844942E-01
    37.91919624554745      -0.1525928515275017E-01
    37.93841399599348      -0.1528294866705092E-01
    37.95763174643951      -0.1530661218135166E-01
    37.97684949688554      -0.1533027569565241E-01
    37.99606724733157      -0.1535393920995316E-01
    38.01528499777761      -0.1537760272425391E-01
    38.03450274822364      -0.1540126623855466E-01
    38.05372049866967      -0.1542492975285540E-01
    38.07293824911570      -0.1544859326715615E-01
    38.09215599956173      -0.1547225678145690E-01
    38.11137375000776      -0.1549592029575765E-01
    38.13059150045380      -0.1551958381005840E-01
    38.14980925089983      -0.1554324732435914E-01
    38.16902700134586      -0.1556691083865989E-01
    38.18824475179189      -0.1559057435296064E-01
    38.20746250223792      -0.1561423786726139E-01
    38.22668025268396      -0.1563790138156213E-01
    38.24589800312999      -0.1566156489586288E-01
    38.26511575357602      -0.1568522841016362E-01
    38.28433350402205      -0.1570889192446437E-01
    38.30355125446808      -0.1573255543876512E-01
    38.32276900491411      -0.1575621895306586E-01
    38.34198675536015      -0.1577988246736661E-01
    38.36120450580618      -0.1580354598166736E-01
    38.38042225625221      -0.1582720949596810E-01
    38.39964000669824      -0.1585087301026885E-01
    38.41885775714427      -0.1587453652456959E-01
    38.43807550759031      -0.1589820003887034E-01
    38.45729325803634      -0.1592186355317109E-01
    38.47651100848237      -0.1594552706747183E-01
    38.49572875892840      -0.1596919058177258E-01
    38.51494650937443      -0.1599285409607333E-01
    38.53416425982046      -0.1601651761037407E-01
    38.55338201026650      -0.1604018112467482E-01
    38.57259976071253      -0.1606384463897556E-01
    38.59181751115856      -0.1608750815327631E-01
    38.61103526160459      -0.1611117166757706E-01
    38.63025301205062      -0.1613483518187780E-01
    38.64947076249666      -0.1615849869617855E-01
    38.66868851294269      -0.1618216221047930E-01
    38.68790626338872      -0.1620582572478004E-01
    38.70712401383475      -0.1622948923908079E-01
    38.72634176428078      -0.1625315275338153E-01
    38.74555951472681      -0.1627681626768228E-01
    38.76477726517285      -0.1630047978198303E-01
    38.78399501561888      -0.1632414329628377E-01
    38.80321276606491      -0.1634780681058452E-01
    38.82243051651094      -0.1637147032488527E-01
    38.84164826695697      -0.1639513383918601E-01
    38.86086601740300      -0.1641879735348676E-01
    38.88008376784904      -0.1644246086778750E-01
    38.89930151829507      -0.1646612438208825E-01
    38.91851926874110      -0.1648978789638900E-01
    38.93773701918713      -0.1651345141068974E-01
    38.95695476963316      -0.1653711492499049E-01
    38.97617252007920      -0.1656077843929124E-01
    38.99539027052523      -0.1658444195359198E-01
    39.01460802097126      -0.1660810546789273E-01
    39.03382577141729      -0.1663176898219347E-01
    39.05304352186332      -0.1665543249649422E-01
    39.07226127230935      -0.1667909601079497E-01
    39.09147902275539      -0.1670275952509571E-01
    39.11069677320142      -0.1672642303939646E-01
    39.12991452364745      -0.7713106222065102E-02
    39.14913227409348      -0.7736811880221787E-02
    39.16835002453951      -0.7760517538378473E-02
    39.18756777498555      -0.7784223196535159E-02
    39.20678552543158      -0.7807928854691844E-02
    39.22600327587761      -0.7831634512848530E-02
    39.24522102632364      -0.7855340171005216E-02
    39.26443877676967      -0.7879045829161902E-02
    39.28365652721570      -0.7902751487318586E-02
    39.30287427766174      -0.7926457145475272E-02
    39.32209202810777      -0.7950162803631958E-02
    39.34130977855380      -0.7973868461788644E-02
    39.36052752899983      -0.7997574119945330E-02
    39.37974527944586      -0.8021279778102016E-02
    39.39896302989190      -0.8044985436258702E-02
    39.41818078033793      -0.8068691094415388E-02
    39.43739853078396      -0.8092396752572074E-02
    39.45661628122999      -0.8116102410728760E-02
    39.47583403167602      -0.8139808068885446E-02
    39.49505178212205      -0.8163513727042130E-02
    39.51426953256809      -0.8187219385198816E-02
    39.53348728301412      -0.8210925043355502E-02
    39.55270503346015      -0.8234630701512188E-02
    39.57192278390618      -0.8258336359668874E-02
    39.59114053435221      -0.8282042017825560E-02
    39.61035828479825      -0.8305747675982246E-02
    39.62957603524428      -0.8329453334138932E-02
    39.64879378569031      -0.8353158992295618E-02
    39.66801153613634      -0.8376864650452304E-02
    39.68722928658237      -0.8400570308608989E-02
    39.70644703702840      -0.8424275966765675E-02
    39.72566478747444      -0.8447981624922361E-02
    39.74488253792047      -0.8471687283079047E-02
    39.76410028836650      -0.8495392941235733E-02
    39.78331803881253      -0.8519098599392419E-02
    39.80253578925856      -0.8542804257549105E-02
    39.82175353970459      -0.8566509915705791E-02
    39.84097129015063      -0.8590215573862477E-02
    39.86018904059666      -0.8613921232019163E-02
    39.87940679104269      -0.8637626890175849E-02
    39.89862454148872      -0.8661332548332533E-02
    39.91784229193475      -0.8685038206489219E-02
    39.93706004238079      -0.8708743864645905E-02
    39.95627779282682      -0.8732449522802591E-02
    39.97549554327285      -0.8756155180959277E-02
    39.99471329371888      -0.8779860839115963E-02
    40.01393104416491      -0.8803566497272649E-02
    40.03314879461094      -0.8827272155429335E-02
    40.05236654505698      -0.8850977813586021E-02
    40.07158429550301      -0.8874683471742707E-02
    40.09080204594904      -0.8898389129899391E-02
    40.11001979639507      -0.8922094788056077E-02
    40.12923754684110      -0.8945800446212763E-02
    40.14845529728714      -0.8969506104369449E-02
    40.16767304773317      -0.8993211762526135E-02
    40.18689079817920      -0.9016917420682821E-02
    40.20610854862523      -0.9040623078839507E-02
    40.22532629907126      -0.9064328736996193E-02
    40.24454404951729      -0.9088034395152879E-02
    40.26376179996333      -0.9111740053309565E-02
    40.28297955040936      -0.9135445711466249E-02
    40.30219730085539      -0.9159151369622935E-02
    40.32141505130142      -0.9182857027779621E-02
    40.34063280174745      -0.9206562685936307E-02
    40.35985055219349      -0.9230268344092993E-02
    40.37906830263952      -0.9253974002249679E-02
    40.39828605308555      -0.9277679660406365E-02
    40.41750380353158      -0.9301385318563051E-02
    40.43672155397761      -0.9325090976719737E-02
    40.45593930442364      -0.9348796634876423E-02
    40.47515705486968      -0.9372502293033109E-02
    40.49437480531571      -0.9396207951189794E-02
    40.51359255576174      -0.9419913609346480E-02
    40.53281030620777      -0.9443619267503166E-02
    40.55202805665380      -0.9467324925659852E-02
    40.57124580709984      -0.9491030583816538E-02
    40.59046355754587      -0.9514736241973224E-02
    40.60968130799190      -0.9538441900129910E-02
    40.62889905843793      -0.9562147558286596E-02
    40.64811680888396      -0.9585853216443282E-02
    40.66733455932999      -0.9609558874599968E-02
    40.68655230977603      -0.9633264532756652E-02
    40.70577006022206      -0.9656970190913338E-02
    40.72498781066809      -0.9680675849070024E-02
    40.74420556111412      -0.9704381507226710E-02
    40.76342331156015      -0.9728087165383396E-02
    40.78264106200618      -0.9751792823540082E-02
    40.80185881245222      -0.9775498481696768E-02
    40.82107656289825      -0.9799204139853454E-02
    40.84029431334428      -0.9822909798010140E-02
    40.85951206379031      -0.9846615456166826E-02
    40.87872981423634      -0.9870321114323510E-02
    40.89794756468238      -0.9894026772480196E-02
    40.91716531512841      -0.9917732430636882E-02
    40.93638306557444      -0.9941438088793568E-02
    40.95560081602047      -0.9965143746950254E-02
    40.97481856646650      -0.9988849405106940E-02
    40.99403631691253      -0.1001255506326363E-01
    41.01325406735857      -0.1003626072142031E-01
    41.03247181780460      -0.1005996637957700E-01
    41.05168956825063      -0.1008367203773368E-01
    41.07090731869666      -0.1010737769589037E-01
    41.09012506914269      -0.8567989854532288E-02
    41.10934281958873      -0.8591402073193238E-02
    41.12856057003476      -0.8614814291854187E-02
    41.14777832048079      -0.8638226510515138E-02
    41.16699607092682      -0.8661638729176087E-02
    41.18621382137285      -0.8685050947837038E-02
    41.20543157181888      -0.8708463166497987E-02
    41.22464932226492      -0.8731875385158936E-02
    41.24386707271095      -0.8755287603819887E-02
    41.26308482315698      -0.8778699822480836E-02
    41.28230257360301      -0.8802112041141785E-02
    41.30152032404904      -0.8825524259802736E-02
    41.32073807449508      -0.8848936478463685E-02
    41.33995582494111      -0.8872348697124634E-02
    41.35917357538714      -0.8895760915785585E-02
    41.37839132583317      -0.8919173134446534E-02
    41.39760907627920      -0.8942585353107484E-02
    41.41682682672523      -0.8965997571768435E-02
    41.43604457717127      -0.8989409790429384E-02
    41.45526232761730      -0.9012822009090333E-02
    41.47448007806333      -0.9036234227751284E-02
    41.49369782850936      -0.9059646446412233E-02
    41.51291557895539      -0.9083058665073184E-02
    41.53213332940143      -0.9106470883734133E-02
    41.55135107984746      -0.9129883102395082E-02
    41.57056883029349      -0.9153295321056033E-02
    41.58978658073952      -0.9176707539716982E-02
    41.60900433118555      -0.9200119758377931E-02
    41.62822208163158      -0.9223531977038882E-02
    41.64743983207762      -0.9246944195699831E-02
    41.66665758252365      -0.9270356414360780E-02
    41.68587533296968      -0.9293768633021731E-02
    41.70509308341571      -0.9317180851682681E-02
    41.72431083386174      -0.9340593070343630E-02
    41.74352858430778      -0.9364005289004581E-02
    41.76274633475381      -0.9387417507665530E-02
    41.78196408519984      -0.9410829726326479E-02
    41.80118183564587      -0.9434241944987430E-02
    41.82039958609190      -0.9457654163648379E-02
    41.83961733653793      -0.9481066382309330E-02
    41.85883508698397      -0.9504478600970279E-02
    41.87805283743000      -0.9527890819631228E-02
    41.89727058787603      -0.9551303038292179E-02
    41.91648833832206      -0.9574715256953128E-02
    41.93570608876809      -0.9598127475614077E-02
    41.95492383921412      -0.9621539694275028E-02
    41.97414158966016      -0.9644951912935977E-02
    41.99335934010619      -0.9668364131596927E-02
    42.01257709055222      -0.9691776350257877E-02
    42.03179484099825      -0.9715188568918827E-02
    42.05101259144428      -0.9738600787579776E-02
    42.07023034189032      -0.9762013006240727E-02
    42.08944809233635      -0.9785425224901676E-02
    42.10866584278238      -0.9808837443562625E-02
    42.12788359322841      -0.9832249662223576E-02
    42.14710134367444      -0.9855661880884525E-02
    42.16631909412047      -0.9879074099545476E-02
    42.18553684456651      -0.9902486318206425E-02
    42.20475459501254      -0.9925898536867374E-02
    42.22397234545857      -0.9949310755528325E-02
    42.24319009590460      -0.9972722974189274E-02
    42.26240784635063      -0.9996135192850223E-02
    42.28162559679667      -0.1001954741151117E-01
    42.30084334724270      -0.1004295963017212E-01
    42.32006109768873      -0.1006637184883307E-01
    42.33927884813476      -0.1008978406749402E-01
    42.35849659858079      -0.1011319628615497E-01
    42.37771434902682      -0.1013660850481592E-01
    42.39693209947286      -0.1016002072347687E-01
    42.41614984991889      -0.1018343294213782E-01
    42.43536760036492      -0.1020684516079877E-01
    42.45458535081095      -0.1023025737945972E-01
    42.47380310125698      -0.1025366959812067E-01
    42.49302085170302      -0.1027708181678162E-01
    42.51223860214905      -0.1030049403544257E-01
    42.53145635259508      -0.1032390625410352E-01
    42.55067410304111      -0.1034731847276447E-01
    42.56989185348714      -0.1037073069142542E-01
    42.58910960393317      -0.1039414291008637E-01
    42.60832735437921      -0.1041755512874732E-01
    42.62754510482524      -0.1044096734740827E-01
    42.64676285527127      -0.1046437956606922E-01
    42.66598060571730      -0.1048779178473017E-01
    42.68519835616333      -0.1051120400339112E-01
    42.70441610660937      -0.1053461622205207E-01
    42.72363385705540      -0.1055802844071302E-01
    42.74285160750143      -0.1058144065937397E-01
    42.76206935794746      -0.1060485287803492E-01
    42.78128710839349      -0.1062826509669587E-01
    42.80050485883952      -0.1065167731535682E-01
    42.81972260928556      -0.1067508953401777E-01
    42.83894035973159      -0.1069850175267872E-01
    42.85815811017762      -0.1072191397133967E-01
    42.87737586062365      -0.1074532619000062E-01
    42.89659361106968      -0.1076873840866157E-01
    42.91581136151571      -0.1079215062732252E-01
    42.93502911196175      -0.1081556284598347E-01
    42.95424686240778      -0.1083897506464442E-01
    42.97346461285381      -0.1086238728330536E-01
    42.99268236329984      -0.1088579950196632E-01
    43.01190011374587      -0.1090921172062726E-01
    43.03111786419191      -0.1093262393928821E-01
    43.05033561463794      -0.1095603615794916E-01
    43.06955336508397      -0.1097944837661011E-01
    43.08877111553000      -0.1100286059527106E-01
    43.10798886597603      -0.1102627281393201E-01
    43.12720661642206      -0.1104968503259296E-01
    43.14642436686810      -0.1107309725125391E-01
    43.16564211731413      -0.1109650946991486E-01
    43.18485986776016      -0.1111992168857581E-01
    43.20407761820619      -0.1114333390723676E-01
    43.22329536865222      -0.1116674612589771E-01
    43.24251311909826      -0.1119015834455866E-01
    43.26173086954429      -0.1121357056321961E-01
    43.28094861999032      -0.1123698278188056E-01
    43.30016637043635      -0.1126039500054151E-01
    43.31938412088238      -0.1128380721920246E-01
    43.33860187132841      -0.1130721943786341E-01
    43.35781962177445      -0.1133063165652436E-01
    43.37703737222048      -0.1135404387518531E-01
    43.39625512266651      -0.1137745609384626E-01
    43.41547287311254      -0.1140086831250721E-01
    43.43469062355857      -0.1142428053116816E-01
    43.45390837400461      -0.1144769274982911E-01
    43.47312612445064      -0.1147110496849006E-01
    43.49234387489667      -0.1149451718715101E-01
    43.51156162534270      -0.1151792940581196E-01
    43.53077937578873      -0.1154134162447291E-01
    43.54999712623476      -0.1156475384313386E-01
    43.56921487668080      -0.1158816606179481E-01
    43.58843262712683      -0.1161157828045576E-01
    43.60765037757286      -0.1163499049911671E-01
    43.62686812801889      -0.1165840271777766E-01
    43.64608587846492      -0.1168181493643861E-01
    43.66530362891096      -0.1170522715509956E-01
    43.68452137935699      -0.1172863937376051E-01
    43.70373912980302      -0.1175205159242146E-01
    43.72295688024905      -0.1177546381108241E-01
    43.74217463069508      -0.1179887602974336E-01
    43.76139238114111      -0.1182228824840431E-01
    43.78061013158715      -0.1184570046706526E-01
    43.79982788203318      -0.1186911268572621E-01
    43.81904563247921      -0.1189252490438716E-01
    43.83826338292524      -0.1191593712304810E-01
    43.85748113337127      -0.1193934934170906E-01
    43.87669888381730      -0.1196276156037000E-01
    43.89591663426334      -0.1198617377903095E-01
    43.91513438470937      -0.1200958599769190E-01
    43.93435213515540      -0.1203299821635285E-01
    43.95356988560143      -0.1205641043501380E-01
    43.97278763604746      -0.1207982265367475E-01
    43.99200538649350      -0.1210323487233570E-01
    44.01122313693953      -0.1212664709099665E-01
    44.03044088738556      -0.1215005930965760E-01
    44.04965863783159      -0.1217347152831855E-01
    44.06887638827762      -0.1219688374697950E-01
    44.08809413872365      -0.1222029596564045E-01
    44.10731188916969      -0.1224370818430140E-01
    44.12652963961572      -0.1226712040296235E-01
    44.14574739006175      -0.1229053262162330E-01
    44.16496514050778      -0.1231394484028425E-01
    44.18418289095381      -0.1233735705894520E-01
    44.20340064139985      -0.1236076927760615E-01
    44.22261839184588      -0.1238418149626710E-01
    44.24183614229191      -0.1240759371492805E-01
    44.26105389273794      -0.1243100593358900E-01
    44.28027164318397      -0.1245441815224995E-01
    44.29948939363000      -0.1247783037091090E-01
    44.31870714407604      -0.1250124258957185E-01
    44.33792489452207      -0.1252465480823280E-01
    44.35714264496810      -0.1254806702689375E-01
    44.37636039541413      -0.1257147924555470E-01
    44.39557814586016      -0.1259489146421565E-01
    44.41479589630620      -0.1261830368287660E-01
    44.43401364675223      -0.1264171590153755E-01
    44.45323139719826      -0.1266512812019850E-01
    44.47244914764429      -0.1268854033885945E-01
    44.49166689809032      -0.1271195255752040E-01
    44.51088464853635      -0.1273536477618135E-01
    44.53010239898239      -0.1275877699484230E-01
    44.54932014942842      -0.1278218921350325E-01
    44.56853789987445      -0.1280560143216420E-01
    44.58775565032048      -0.1282901365082515E-01
    44.60697340076651      -0.1285242586948610E-01
    44.62619115121255      -0.1287583808814705E-01
    44.64540890165858      -0.1289925030680799E-01
    44.66462665210461      -0.1292266252546895E-01
    44.68384440255064      -0.1294607474412989E-01
    44.70306215299667      -0.1296948696279084E-01
    44.72227990344270      -0.1299289918145180E-01
    44.74149765388874      -0.1301631140011274E-01
    44.76071540433477      -0.1303972361877369E-01
    44.77993315478080      -0.1306313583743464E-01
    44.79915090522683      -0.1308654805609559E-01
    44.81836865567286      -0.1310996027475654E-01
    44.83758640611889      -0.1313337249341749E-01
    44.85680415656493      -0.1315678471207844E-01
    44.87602190701096      -0.1318019693073939E-01
    44.89523965745699      -0.1320360914940034E-01
    44.91445740790302      -0.1322702136806129E-01
    44.93367515834905      -0.1325043358672224E-01
    44.95289290879509      -0.1327384580538319E-01
    44.97211065924112      -0.1329725802404414E-01
    44.99132840968715      -0.1332067024270509E-01
    45.01054616013318      -0.1334408246136604E-01
    45.02976391057921      -0.1336749468002699E-01
    45.04898166102524      -0.1339090689868794E-01
    45.06819941147128      -0.1341431911734889E-01
    45.08741716191731      -0.1343773133600984E-01
    45.10663491236334      -0.1346114355467079E-01
    45.12585266280937      -0.1348455577333174E-01
    45.14507041325540      -0.1350796799199269E-01
    45.16428816370144      -0.1353138021065364E-01
    45.18350591414747      -0.1355479242931459E-01
    45.20272366459350      -0.1357820464797554E-01
    45.22194141503953      -0.1360161686663649E-01
    45.24115916548556      -0.1362502908529744E-01
    45.26037691593159      -0.1364844130395839E-01
    45.27959466637763      -0.1367185352261934E-01
    45.29881241682366      -0.1369526574128029E-01
    45.31803016726969      -0.1371867795994124E-01
    45.33724791771572      -0.1374209017860219E-01
    45.35646566816175      -0.1376550239726314E-01
    45.37568341860779      -0.1378891461592409E-01
    45.39490116905382      -0.1381232683458504E-01
    45.41411891949985      -0.1383573905324599E-01
    45.43333666994588      -0.1385915127190694E-01
    45.45255442039191      -0.1388256349056789E-01
    45.47177217083794      -0.1390597570922883E-01
    45.49098992128398      -0.1392938792788979E-01
    45.51020767173001      -0.1395280014655073E-01
    45.52942542217604      -0.1397621236521168E-01
    45.54864317262207      -0.1399962458387263E-01
    45.56786092306810      -0.1402303680253358E-01
    45.58707867351414      -0.1404644902119453E-01
    45.60629642396017      -0.1406986123985548E-01
    45.62551417440620      -0.1409327345851643E-01
    45.64473192485223      -0.1411668567717738E-01
    45.66394967529826      -0.1414009789583833E-01
    45.68316742574429      -0.1416351011449928E-01
    45.70238517619033      -0.1418692233316023E-01
    45.72160292663636      -0.1421033455182118E-01
    45.74082067708239      -0.1423374677048213E-01
    45.76003842752842      -0.1425715898914308E-01
    45.77925617797445      -0.1428057120780403E-01
    45.79847392842048      -0.1430398342646498E-01
    45.81769167886652      -0.1432739564512593E-01
    45.83690942931255      -0.1435080786378688E-01
    45.85612717975858      -0.1437422008244783E-01
    45.87534493020461      -0.1439763230110878E-01
    45.89456268065064      -0.1442104451976973E-01
    45.91378043109668      -0.1444445673843068E-01
    45.93299818154271      -0.1446786895709163E-01
    45.95221593198874      -0.1449128117575258E-01
    45.97143368243477      -0.1451469339441353E-01
    45.99065143288080      -0.1453810561307448E-01
    46.00986918332683      -0.1456151783173543E-01
    46.02908693377287      -0.1458493005039638E-01
    46.04830468421890      -0.1460834226905733E-01
    46.06752243466493      -0.1463175448771828E-01
    46.08674018511096      -0.1465516670637923E-01
    46.10595793555699      -0.1467857892504018E-01
    46.12517568600303      -0.1470199114370113E-01
    46.14439343644906      -0.1472540336236208E-01
    46.16361118689509      -0.1474881558102303E-01
    46.18282893734112      -0.1477222779968398E-01
    46.20204668778715      -0.1479564001834493E-01
    46.22126443823318      -0.1481905223700588E-01
    46.24048218867922      -0.1484246445566683E-01
    46.25969993912525      -0.1486587667432778E-01
    46.27891768957128      -0.1488928889298873E-01
    46.29813544001731      -0.1491270111164968E-01
    46.31735319046334      -0.1493611333031063E-01
    46.33657094090938      -0.1495952554897157E-01
    46.35578869135541      -0.1498293776763253E-01
    46.37500644180144      -0.1500634998629347E-01
    46.39422419224747      -0.1502976220495442E-01
    46.41344194269350      -0.1505317442361537E-01
    46.43265969313953      -0.1507658664227632E-01
    46.45187744358557      -0.1509999886093727E-01
    46.47109519403160      -0.1512341107959822E-01
    46.49031294447763      -0.1514682329825917E-01
    46.50953069492366      -0.1517023551692012E-01
    46.52874844536969      -0.1519364773558107E-01
    46.54796619581573      -0.1521705995424202E-01
    46.56718394626176      -0.1524047217290297E-01
    46.58640169670779      -0.1526388439156392E-01
    46.60561944715382      -0.1528729661022487E-01
    46.62483719759985      -0.1531070882888582E-01
    46.64405494804588      -0.1533412104754677E-01
    46.66327269849192      -0.1535753326620772E-01
    46.68249044893795      -0.1538094548486867E-01
    46.70170819938398      -0.1540435770352962E-01
    46.72092594983001      -0.1542776992219057E-01
    46.74014370027604      -0.1545118214085152E-01
    46.75936145072207      -0.1547459435951247E-01
    46.77857920116811      -0.1549800657817342E-01
    46.79779695161414      -0.1552141879683437E-01
    46.81701470206017      -0.1554483101549532E-01
    46.83623245250620      -0.1556824323415627E-01
    46.85545020295223      -0.1559165545281722E-01
    46.87466795339827      -0.1561506767147817E-01
    46.89388570384430      -0.1563847989013912E-01
    46.91310345429033      -0.1566189210880007E-01
    46.93232120473636      -0.1568530432746102E-01
    46.95153895518239      -0.1570871654612197E-01
    46.97075670562842      -0.1573212876478292E-01
    46.98997445607446      -0.1575554098344387E-01
    47.00919220652049      -0.1577895320210482E-01
    47.02840995696652      -0.1580236542076577E-01
    47.04762770741255      -0.1582577763942672E-01
    47.06684545785858      -0.1584918985808767E-01
    47.08606320830462      -0.1587260207674862E-01
    47.10528095875065      -0.1589601429540957E-01
    47.12449870919668      -0.1591942651407052E-01
    47.14371645964271      -0.1594283873273147E-01
    47.16293421008874      -0.1596625095139242E-01
    47.18215196053477      -0.1598966317005336E-01
    47.20136971098081      -0.1601307538871432E-01
    47.22058746142684      -0.1603648760737527E-01
    47.23980521187287      -0.1605989982603621E-01
    47.25902296231890      -0.1608331204469717E-01
    47.27824071276493      -0.1610672426335812E-01
    47.29745846321097      -0.1613013648201907E-01
    47.31667621365700      -0.1615354870068001E-01
    47.33589396410303      -0.1617696091934097E-01
    47.35511171454906      -0.1620037313800192E-01
    47.37432946499509      -0.1622378535666286E-01
    47.39354721544112      -0.1624719757532381E-01
    47.41276496588716      -0.1627060979398477E-01
    47.43198271633319      -0.1629402201264571E-01
    47.45120046677922      -0.1631743423130666E-01
    47.47041821722525      -0.1634084644996761E-01
    47.48963596767128      -0.1636425866862856E-01
    47.50885371811732      -0.1638767088728951E-01
    47.52807146856335      -0.1641108310595046E-01
    47.54728921900938      -0.1643449532461141E-01
    47.56650696945541      -0.1645790754327236E-01
    47.58572471990144      -0.1648131976193331E-01
    47.60494247034747      -0.1650473198059426E-01
    47.62416022079351      -0.1652814419925521E-01
    47.64337797123954      -0.1655155641791616E-01
    47.66259572168557      -0.1657496863657711E-01
    47.68181347213160      -0.1659838085523806E-01
    47.70103122257763      -0.1662179307389901E-01
    47.72024897302366      -0.1664520529255996E-01
    47.73946672346970      -0.1666861751122091E-01
    47.75868447391573      -0.1669202972988186E-01
    47.77790222436176      -0.1671544194854281E-01
    47.79711997480779      -0.1673885416720376E-01
    47.81633772525382      -0.1676226638586471E-01
    47.83555547569986      -0.1678567860452566E-01
    47.85477322614589      -0.1680909082318661E-01
    47.87399097659192      -0.1683250304184756E-01
    47.89320872703795      -0.1685591526050851E-01
    47.91242647748398      -0.1687932747916946E-01
    47.93164422793001      -0.1690273969783041E-01
    47.95086197837605      -0.1692615191649136E-01
    47.97007972882208      -0.1694956413515231E-01
    47.98929747926811      -0.1697297635381326E-01
    48.00851522971414      -0.1699638857247421E-01
    48.02773298016017      -0.1701980079113516E-01
    48.04695073060621      -0.1704321300979611E-01
    48.06616848105224      -0.1706662522845706E-01
    48.08538623149827      -0.1709003744711800E-01
    48.10460398194430      -0.1711344966577896E-01
    48.12382173239033      -0.1713686188443991E-01
    48.14303948283636      -0.1716027410310085E-01
    48.16225723328240      -0.1718368632176180E-01
    48.18147498372843      -0.1720709854042276E-01
    48.20069273417446      -0.1723051075908370E-01
    48.21991048462049      -0.1725392297774465E-01
    48.23912823506652      -0.1727733519640560E-01
    48.25834598551256      -0.1730074741506655E-01
    48.27756373595859      -0.1732415963372750E-01
    48.29678148640462      -0.1734757185238845E-01
    48.31599923685065      -0.1737098407104940E-01
    48.33521698729668      -0.1739439628971035E-01
    48.35443473774271      -0.1741780850837130E-01
    48.37365248818875      -0.1744122072703225E-01
    48.39287023863478      -0.1746463294569320E-01
    48.41208798908081      -0.1748804516435415E-01
    48.43130573952684      -0.1751145738301510E-01
    48.45052348997287      -0.1753486960167605E-01
    48.46974124041891      -0.1755828182033700E-01
    48.48895899086494      -0.1758169403899795E-01
    48.50817674131097      -0.1760510625765890E-01
    48.52739449175700      -0.1762851847631985E-01
    48.54661224220303      -0.1765193069498080E-01
    48.56582999264906      -0.1767534291364175E-01
    48.58504774309510      -0.1769875513230270E-01
    48.60426549354113      -0.1772216735096365E-01
    48.62348324398716      -0.1774557956962460E-01
    48.64270099443319      -0.1776899178828555E-01
    48.66191874487922      -0.1779240400694650E-01
    48.68113649532525      -0.1781581622560745E-01
    48.70035424577129      -0.1783922844426840E-01
    48.71957199621732      -0.1786264066292935E-01
    48.73878974666335      -0.1788605288159030E-01
    48.75800749710938      -0.1790946510025125E-01
    48.77722524755541      -0.1793287731891220E-01
    48.79644299800145      -0.1795628953757315E-01
    48.81566074844748      -0.1797970175623410E-01
    48.83487849889351      -0.1800311397489505E-01
    48.85409624933954      -0.1802652619355600E-01
    48.87331399978557      -0.1804993841221695E-01
    48.89253175023160      -0.1807335063087790E-01
    48.91174950067764      -0.1809676284953884E-01
    48.93096725112367      -0.1812017506819980E-01
    48.95018500156970      -0.1814358728686075E-01
    48.96940275201573      -0.1816699950552169E-01
    48.98862050246176      -0.1819041172418264E-01
    49.00783825290780      -0.1821382394284360E-01
    49.02705600335383      -0.1823723616150454E-01
    49.04627375379986      -0.1826064838016549E-01
    49.06549150424589      -0.1828406059882644E-01
    49.08470925469192      -0.1830747281748739E-01
    49.10392700513795      -0.1833088503614834E-01
    49.12314475558399      -0.1835429725480929E-01
    49.14236250603002      -0.1837770947347024E-01
    49.16158025647605      -0.1840112169213119E-01
    49.18079800692208      -0.1842453391079214E-01
    49.20001575736811      -0.1844794612945309E-01
    49.21923350781415      -0.1847135834811404E-01
    49.23845125826018      -0.1849477056677499E-01
    49.25766900870621      -0.1851818278543594E-01
    49.27688675915224      -0.1854159500409689E-01
    49.29610450959827      -0.1856500722275784E-01
    49.31532226004430      -0.1858841944141879E-01
    49.33454001049034      -0.1861183166007974E-01
    49.35375776093637      -0.1863524387874069E-01
    49.37297551138240      -0.1865865609740164E-01
    49.39219326182843      -0.1868206831606259E-01
    49.41141101227446      -0.1870548053472354E-01
    49.43062876272050      -0.1872889275338449E-01
    49.44984651316653      -0.1875230497204544E-01
    49.46906426361256      -0.1877571719070639E-01
    49.48828201405859      -0.1879912940936734E-01
    49.50749976450462      -0.1882254162802829E-01
    49.52671751495065      -0.1884595384668924E-01
    49.54593526539669      -0.1886936606535019E-01
    49.56515301584272      -0.1889277828401114E-01
    49.58437076628875      -0.1891619050267209E-01
    49.60358851673478      -0.1893960272133304E-01
    49.62280626718081      -0.1896301493999399E-01
    49.64202401762685      -0.1898642715865494E-01
    49.66124176807288      -0.1900983937731589E-01
    49.68045951851891      -0.1903325159597683E-01
    49.69967726896494      -0.1905666381463779E-01
    49.71889501941097      -0.1908007603329874E-01
    49.73811276985700      -0.1910348825195969E-01
    49.75733052030304      -0.1912690047062063E-01
    49.77654827074907      -0.1915031268928159E-01
    49.79576602119510      -0.1917372490794254E-01
    49.81498377164113      -0.1919713712660348E-01
    49.83420152208716      -0.1922054934526444E-01
    49.85341927253319      -0.1924396156392539E-01
    49.87263702297923      -0.1926737378258633E-01
    49.89185477342526      -0.1929078600124728E-01
    49.91107252387129      -0.1931419821990824E-01
    49.93029027431732      -0.1933761043856918E-01
    49.94950802476335      -0.1936102265723013E-01
    49.96872577520939      -0.1938443487589108E-01
    49.98794352565542      -0.1940784709455203E-01
    50.00716127610145      -0.1943125931321298E-01
    50.02637902654748      -0.1945467153187393E-01
    50.04559677699351      -0.1947808375053488E-01
    50.06481452743954      -0.1950149596919583E-01
    50.08403227788558      -0.1952490818785678E-01
    50.10325002833161      -0.1954832040651773E-01
    50.12246777877764      -0.1957173262517868E-01
    50.14168552922367      -0.1959514484383963E-01
    50.16090327966970      -0.1961855706250058E-01
    50.18012103011574      -0.1964196928116153E-01
    50.19933878056177      -0.1966538149982248E-01
    50.21855653100780      -0.1968879371848343E-01
    50.23777428145383      -0.1971220593714438E-01
    50.25699203189986      -0.1973561815580533E-01
    50.27620978234589      -0.1975903037446628E-01
    50.29542753279193      -0.1978244259312723E-01
    50.31464528323796      -0.1980585481178818E-01
    50.33386303368399      -0.1982926703044913E-01
    50.35308078413002      -0.1985267924911008E-01
    50.37229853457605      -0.1987609146777103E-01
    50.39151628502209      -0.1989950368643198E-01
    50.41073403546812      -0.1992291590509293E-01
    50.42995178591415      -0.1994632812375388E-01
    50.44916953636018      -0.1996974034241483E-01
    50.46838728680621      -0.1999315256107578E-01
    50.48760503725224      -0.2001656477973673E-01
    50.50682278769828      -0.2003997699839768E-01
    50.52604053814431      -0.2006338921705863E-01
    50.54525828859034      -0.2008680143571958E-01
    50.56447603903637      -0.2011021365438053E-01
    50.58369378948240      -0.2013362587304147E-01
    50.60291153992844      -0.2015703809170243E-01
    50.62212929037447      -0.2018045031036141E-01
    50.64134704082050      -0.2020411892588958E-01
    50.66056479126653      -0.2022780538954508E-01
    50.67978254171256      -0.2025149185320059E-01
    50.69900029215859      -0.2027517831685609E-01
    50.71821804260463      -0.2029886478051160E-01
    50.73743579305066      -0.2032255124416710E-01
    50.75665354349669      -0.2034623770782261E-01
    50.77587129394272      -0.2036992417147811E-01
    50.79508904438875      -0.2039361063513362E-01
    50.81430679483478      -0.2041729709878913E-01
    50.83352454528082      -0.2044098356244463E-01
    50.85274229572685      -0.2046467002610014E-01
    50.87196004617288      -0.2048835648975564E-01
    50.89117779661891      -0.2051204295341115E-01
    50.91039554706494      -0.2053572941706665E-01
    50.92961329751098      -0.2055941588072216E-01
    50.94883104795701      -0.2058310234437766E-01
    50.96804879840304      -0.2060678880803317E-01
    50.98726654884907      -0.2063047527168867E-01
    51.00648429929510      -0.2065416173534418E-01
    51.02570204974113      -0.2067784819899969E-01
    51.04491980018717      -0.2070153466265519E-01
    51.06413755063320      -0.2072522112631070E-01
    51.08335530107923      -0.2074890758996620E-01
    51.10257305152526      -0.2077259405362171E-01
    51.12179080197129      -0.2079628051727721E-01
    51.14100855241733      -0.2081996698093272E-01
    51.16022630286336      -0.2084365344458822E-01
    51.17944405330939      -0.2086733990824373E-01
    51.19866180375542      -0.2089102637189923E-01
    51.21787955420145      -0.2091471283555474E-01
    51.23709730464748      -0.2093839929921025E-01
    51.25631505509352      -0.2096208576286575E-01
    51.27553280553955      -0.2098577222652126E-01
    51.29475055598558      -0.2100945869017676E-01
    51.31396830643161      -0.2103314515383227E-01
    51.33318605687764      -0.2105683161748777E-01
    51.35240380732368      -0.2108051808114328E-01
    51.37162155776971      -0.2110420454479878E-01
    51.39083930821574      -0.2112789100845429E-01
    51.41005705866177      -0.2115157747210979E-01
    51.42927480910780      -0.2117526393576530E-01
    51.44849255955383      -0.2119895039942081E-01
    51.46771030999987      -0.2122263686307631E-01
    51.48692806044590      -0.2124632332673182E-01
    51.50614581089193      -0.2127000979038732E-01
    51.52536356133796      -0.2129369625404283E-01
    51.54458131178399      -0.2131738271769833E-01
    51.56379906223003      -0.2134106918135384E-01
    51.58301681267606      -0.2136475564500934E-01
    51.60223456312209      -0.2138844210866485E-01
    51.62145231356812      -0.2141212857232035E-01
    51.64067006401415      -0.2143581503597586E-01
    51.65988781446018      -0.2145950149963137E-01
    51.67910556490622      -0.2148318796328687E-01
    51.69832331535225      -0.2150687442694238E-01
    51.71754106579828      -0.2153056089059788E-01
    51.73675881624431      -0.2155424735425339E-01
    51.75597656669034      -0.2157793381790889E-01
    51.77519431713637      -0.2160162028156440E-01
    51.79441206758241      -0.2162530674521990E-01
    51.81362981802844      -0.2164899320887541E-01
    51.83284756847447      -0.1086403077656651E-01
    51.85206531892050      -0.1088746304380478E-01
    51.87128306936653      -0.1091089531104304E-01
    51.89050081981257      -0.1093432757828131E-01
    51.90971857025860      -0.1095775984551957E-01
    51.92893632070463      -0.1098119211275784E-01
    51.94815407115066      -0.1100462437999610E-01
    51.96737182159669      -0.1102805664723437E-01
    51.98658957204272      -0.1105148891447263E-01
    52.00580732248876      -0.1107492118171090E-01
    52.02502507293479      -0.1109835344894917E-01
    52.04424282338082      -0.1112178571618743E-01
    52.06346057382685      -0.1114521798342570E-01
    52.08267832427288      -0.1116865025066396E-01
    52.10189607471892      -0.1119208251790223E-01
    52.12111382516495      -0.1121551478514049E-01
    52.14033157561098      -0.1123894705237876E-01
    52.15954932605701      -0.1126237931961702E-01
    52.17876707650304      -0.1128581158685529E-01
    52.19798482694907      -0.1130924385409355E-01
    52.21720257739511      -0.1133267612133182E-01
    52.23642032784114      -0.1135610838857009E-01
    52.25563807828717      -0.1137954065580835E-01
    52.27485582873320      -0.1140297292304662E-01
    52.29407357917923      -0.1142640519028488E-01
    52.31329132962527      -0.1144983745752315E-01
    52.33250908007130      -0.1147326972476141E-01
    52.35172683051733      -0.1149670199199968E-01
    52.37094458096336      -0.1152013425923794E-01
    52.39016233140939      -0.1154356652647621E-01
    52.40938008185542      -0.1156699879371447E-01
    52.42859783230146      -0.1159043106095274E-01
    52.44781558274749      -0.1161386332819101E-01
    52.46703333319352      -0.1163729559542927E-01
    52.48625108363955      -0.1166072786266754E-01
    52.50546883408558      -0.1168416012990580E-01
    52.52468658453162      -0.1170759239714407E-01
    52.54390433497765      -0.1173102466438233E-01
    52.56312208542368      -0.1175445693162060E-01
    52.58233983586971      -0.1177788919885886E-01
    52.60155758631574      -0.1180132146609713E-01
    52.62077533676177      -0.1182475373333540E-01
    52.63999308720781      -0.1184818600057366E-01
    52.65921083765384      -0.1187161826781193E-01
    52.67842858809987      -0.1189505053505019E-01
    52.69764633854590      -0.1191848280228846E-01
    52.71686408899193      -0.1194191506952672E-01
    52.73608183943796      -0.1196534733676499E-01
    52.75529958988400      -0.1198877960400325E-01
    52.77451734033003      -0.1201221187124152E-01
    52.79373509077606      -0.1203564413847978E-01
    52.81295284122209      -0.1205907640571805E-01
    52.83217059166812      -0.1208250867295632E-01
    52.85138834211416      -0.1210594094019458E-01
    52.87060609256019      -0.1212937320743285E-01
    52.88982384300622      -0.1215280547467111E-01
    52.90904159345225      -0.1217623774190938E-01
    52.92825934389828      -0.1219967000914764E-01
    52.94747709434431      -0.1222310227638591E-01
    52.96669484479035      -0.1224653454362418E-01
    52.98591259523638      -0.1226996681086244E-01
    53.00513034568241      -0.1229339907810070E-01
    53.02434809612844      -0.1231683134533897E-01
    53.04356584657447      -0.1234026361257724E-01
    53.06278359702051      -0.1236369587981550E-01
    53.08200134746654      -0.1238712814705377E-01
    53.10121909791257      -0.1241056041429203E-01
    53.12043684835860      -0.1243399268153030E-01
    53.13965459880463      -0.1245742494876856E-01
    53.15887234925066      -0.1248085721600683E-01
    53.17809009969670      -0.1250428948324510E-01
    53.19730785014273      -0.1252772175048336E-01
    53.21652560058876      -0.1255115401772163E-01
    53.23574335103479      -0.1257458628495989E-01
    53.25496110148082      -0.1259801855219816E-01
    53.27417885192686      -0.1262145081943642E-01
    53.29339660237289      -0.1264488308667469E-01
    53.31261435281892      -0.1266831535391295E-01
    53.33183210326495      -0.1269174762115122E-01
    53.35104985371098      -0.1271517988838948E-01
    53.37026760415701      -0.1273861215562775E-01
    53.38948535460305      -0.1276204442286601E-01
    53.40870310504908      -0.1278547669010428E-01
    53.42792085549511      -0.1280890895734255E-01
    53.44713860594114      -0.1283234122458081E-01
    53.46635635638717      -0.1285577349181908E-01
    53.48557410683321      -0.1287920575905734E-01
    53.50479185727924      -0.1290263802629561E-01
    53.52400960772527      -0.1292607029353387E-01
    53.54322735817130      -0.1294950256077214E-01
    53.56244510861733      -0.1297293482801040E-01
    53.58166285906336      -0.1299636709524867E-01
    53.60088060950940      -0.1301979936248693E-01
    53.62009835995543      -0.1304323162972520E-01
    53.63931611040146      -0.1306666389696347E-01
    53.65853386084749      -0.1309009616420173E-01
    53.67775161129352      -0.1311352843144000E-01
    53.69696936173955      -0.1313696069867826E-01
    53.71618711218559      -0.1316039296591653E-01
    53.73540486263162      -0.1318382523315479E-01
    53.75462261307765      -0.1320725750039306E-01
    53.77384036352368      -0.1323068976763133E-01
    53.79305811396971      -0.1325412203486959E-01
    53.81227586441575      -0.1327755430210786E-01
    53.83149361486178      -0.1330098656934612E-01
    53.85071136530781      -0.1332441883658439E-01
    53.86992911575384      -0.1334785110382265E-01
    53.88914686619987      -0.1337128337106092E-01
    53.90836461664590      -0.1339471563829918E-01
    53.92758236709194      -0.1341814790553745E-01
    53.94680011753797      -0.1344158017277571E-01
    53.96601786798400      -0.1346501244001398E-01
    53.98523561843003      -0.1348844470725225E-01
    54.00445336887606      -0.1351187697449051E-01
    54.02367111932210      -0.1353530924172878E-01
    54.04288886976813      -0.1355874150896704E-01
    54.06210662021416      -0.1358217377620531E-01
    54.08132437066019      -0.1360560604344357E-01
    54.10054212110622      -0.1362903831068184E-01
    54.11975987155225      -0.1365247057792010E-01
    54.13897762199829      -0.1367590284515837E-01
    54.15819537244432      -0.1369933511239663E-01
    54.17741312289035      -0.1372276737963490E-01
    54.19663087333638      -0.1374619964687317E-01
    54.21584862378241      -0.1376963191411143E-01
    54.23506637422845      -0.1379306418134970E-01
    54.25428412467448      -0.1381649644858796E-01
    54.27350187512051      -0.1383992871582623E-01
    54.29271962556654      -0.1386336098306449E-01
    54.31193737601257      -0.1388679325030276E-01
    54.33115512645860      -0.1391022551754102E-01
    54.35037287690464      -0.1393365778477929E-01
    54.36959062735067      -0.1395709005201756E-01
    54.38880837779670      -0.1398052231925582E-01
    54.40802612824273      -0.1400395458649408E-01
    54.42724387868876      -0.1402738685373235E-01
    54.44646162913480      -0.1405081912097062E-01
    54.46567937958083      -0.1407425138820888E-01
    54.48489713002686      -0.1409768365544715E-01
    54.50411488047289      -0.1412111592268541E-01
    54.52333263091892      -0.1414454818992368E-01
    54.54255038136495      -0.1416798045716194E-01
    54.56176813181099      -0.1419141272440021E-01
    54.58098588225702      -0.1421484499163848E-01
    54.60020363270305      -0.1423827725887674E-01
    54.61942138314908      -0.1426170952611501E-01
    54.63863913359511      -0.1428514179335327E-01
    54.65785688404114      -0.1430857406059154E-01
    54.67707463448718      -0.1433200632782980E-01
    54.69629238493321      -0.1435543859506807E-01
    54.71551013537924      -0.1437887086230633E-01
    54.73472788582527      -0.1440230312954460E-01
    54.75394563627130      -0.1442573539678286E-01
    54.77316338671734      -0.1444916766402113E-01
    54.79238113716337      -0.1447259993125940E-01
    54.81159888760940      -0.1449603219849766E-01
    54.83081663805543      -0.1451946446573593E-01
    54.85003438850146      -0.1454289673297419E-01
    54.86925213894749      -0.1456632900021246E-01
    54.88846988939353      -0.1458976126745072E-01
    54.90768763983956      -0.1461319353468899E-01
    54.92690539028559      -0.1463662580192725E-01
    54.94612314073162      -0.1466005806916552E-01
    54.96534089117765      -0.1468349033640379E-01
    54.98455864162369      -0.1470692260364205E-01
    55.00377639206972      -0.1473035487088032E-01
    55.02299414251575      -0.1475378713811858E-01
    55.04221189296178      -0.1477721940535685E-01
    55.06142964340781      -0.1480065167259511E-01
    55.08064739385384      -0.1482408393983338E-01
    55.09986514429988      -0.1484751620707164E-01
    55.11908289474591      -0.1487094847430991E-01
    55.13830064519194      -0.1489438074154817E-01
    55.15751839563797      -0.1491781300878644E-01
    55.17673614608400      -0.1494124527602471E-01
    55.19595389653004      -0.1496467754326297E-01
    55.21517164697607      -0.1498810981050124E-01
    55.23438939742210      -0.1501154207773950E-01
    55.25360714786813      -0.1503497434497777E-01
    55.27282489831416      -0.1505840661221603E-01
    55.29204264876019      -0.1508183887945430E-01
    55.31126039920623      -0.1510527114669256E-01
    55.33047814965226      -0.1512870341393083E-01
    55.34969590009829      -0.1515213568116909E-01
    55.36891365054432      -0.1517556794840736E-01
    55.38813140099035      -0.1519900021564563E-01
    55.40734915143639      -0.1522243248288389E-01
    55.42656690188242      -0.1524586475012216E-01
    55.44578465232845      -0.1526929701736042E-01
    55.46500240277448      -0.1529272928459869E-01
    55.48422015322051      -0.1531616155183695E-01
    55.50343790366654      -0.1533959381907522E-01
    55.52265565411258      -0.1536302608631348E-01
    55.54187340455861      -0.1538645835355175E-01
    55.56109115500464      -0.1540989062079002E-01
    55.58030890545067      -0.1543332288802828E-01
    55.59952665589670      -0.1545675515526655E-01
    55.61874440634273      -0.1548018742250481E-01
    55.63796215678877      -0.1550361968974308E-01
    55.65717990723480      -0.1552705195698134E-01
    55.67639765768083      -0.1555048422421961E-01
    55.69561540812686      -0.1557391649145787E-01
    55.71483315857289      -0.1559734875869614E-01
    55.73405090901893      -0.1562078102593440E-01
    55.75326865946496      -0.1564421329317267E-01
    55.77248640991099      -0.1566764556041093E-01
    55.79170416035702      -0.1569107782764920E-01
    55.81092191080305      -0.1571451009488746E-01
    55.83013966124908      -0.1573794236212572E-01
    55.84935741169512      -0.1576137462936399E-01
    55.86857516214115      -0.1578480689660225E-01
    55.88779291258718      -0.1580823916384051E-01
    55.90701066303321      -0.1583167143107878E-01
    55.92622841347924      -0.1585510369831704E-01
    55.94544616392528      -0.1587853596555531E-01
    55.96466391437131      -0.1590196823279357E-01
    55.98388166481734      -0.1592540050003183E-01
    56.00309941526337      -0.1594883276727010E-01
    56.02231716570940      -0.1597226503450836E-01
    56.04153491615543      -0.1599569730174662E-01
    56.06075266660147      -0.1601912956898489E-01
    56.07997041704750      -0.1604256183622315E-01
    56.09918816749353      -0.1606599410346142E-01
    56.11840591793956      -0.1608942637069968E-01
    56.13762366838559      -0.1611285863793794E-01
    56.15684141883163      -0.1613629090517621E-01
    56.17605916927766      -0.1615972317241447E-01
    56.19527691972369      -0.3746046368608557E-02
    56.21449467016972      -0.3769436730516633E-02
    56.23371242061575      -0.3792827092424708E-02
    56.25293017106178      -0.3816217454332783E-02
    56.27214792150782      -0.3839607816240858E-02
    56.29136567195385      -0.3862998178148933E-02
    56.31058342239988      -0.3886388540057008E-02
    56.32980117284591      -0.3909778901965083E-02
    56.34901892329194      -0.3933169263873158E-02
    56.36823667373798      -0.3956559625781233E-02
    56.38745442418401      -0.3979949987689309E-02
    56.40667217463004      -0.4003340349597385E-02
    56.42588992507607      -0.4026730711505461E-02
    56.44510767552210      -0.4050121073413536E-02
    56.46432542596813      -0.4073511435321611E-02
    56.48354317641417      -0.4096901797229687E-02
    56.50276092686020      -0.4120292159137762E-02
    56.52197867730623      -0.4143682521045838E-02
    56.54119642775226      -0.4167072882953913E-02
    56.56041417819829      -0.4190463244861988E-02
    56.57963192864433      -0.4213853606770064E-02
    56.59884967909036      -0.4237243968678140E-02
    56.61806742953639      -0.4260634330585029E-02
    56.63728517998242      -0.4284214586758189E-02
    56.65650293042845      -0.4307950034104258E-02
    56.67572068087448      -0.4331685481450328E-02
    56.69493843132052      -0.4355420928796397E-02
    56.71415618176655      -0.4379156376142467E-02
    56.73337393221258      -0.4402891823488536E-02
    56.75259168265861      -0.4426627270834605E-02
    56.77180943310464      -0.4450362718180675E-02
    56.79102718355067      -0.4474098165526744E-02
    56.81024493399671      -0.4497833612872814E-02
    56.82946268444274      -0.4521569060218883E-02
    56.84868043488877      -0.4545304507564953E-02
    56.86789818533480      -0.4569039954911023E-02
    56.88711593578083      -0.4592775402257093E-02
    56.90633368622687      -0.4616510849603162E-02
    56.92555143667290      -0.4640246296949231E-02
    56.94476918711893      -0.4663981744295301E-02
    56.96398693756496      -0.4687717191641370E-02
    56.98320468801099      -0.4711452638987440E-02
    57.00242243845702      -0.4735188086333509E-02
    57.02164018890306      -0.4758923533679579E-02
    57.04085793934909      -0.4782658981025648E-02
    57.06007568979512      -0.4806394428371718E-02
    57.07929344024115      -0.4830129875717787E-02
    57.09851119068718      -0.4853865323063857E-02
    57.11772894113322      -0.4877600770409926E-02
    57.13694669157925      -0.4901336217755996E-02
    57.15616444202528      -0.4925071665102066E-02
    57.17538219247131      -0.4948807112448135E-02
    57.19459994291734      -0.4972542559794205E-02
    57.21381769336337      -0.4996278007140274E-02
    57.23303544380941      -0.5020013454486344E-02
    57.25225319425544      -0.5043748901832413E-02
    57.27147094470147      -0.5067484349178483E-02
    57.29068869514750      -0.5091219796524552E-02
    57.30990644559353      -0.5114955243870622E-02
    57.32912419603957      -0.5138690691216691E-02
    57.34834194648560      -0.5162426138562761E-02
    57.36755969693163      -0.5186161585908830E-02
    57.38677744737766      -0.5209897033254899E-02
    57.40599519782369      -0.5233632480600969E-02
    57.42521294826972      -0.5257367927947038E-02
    57.44443069871576      -0.5281103375293108E-02
    57.46364844916179      -0.5304838822639178E-02
    57.48286619960782      -0.5328574269985248E-02
    57.50208395005385      -0.5352309717331317E-02
    57.52130170049988      -0.5376045164677387E-02
    57.54051945094592      -0.5399780612023456E-02
    57.55973720139195      -0.5423516059369526E-02
    57.57895495183798      -0.5447251506715595E-02
    57.59817270228401      -0.5470986954061664E-02
    57.61739045273004      -0.5494722401407734E-02
    57.63660820317607      -0.5518457848753803E-02
    57.65582595362211      -0.5542193296099873E-02
    57.67504370406814      -0.5565928743445942E-02
    57.69426145451417      -0.5589664190792012E-02
    57.71347920496020      -0.5613399638138081E-02
    57.73269695540623      -0.5637135085484151E-02
    57.75191470585226      -0.5660870532830221E-02
    57.77113245629830      -0.5684605980176291E-02
    57.79035020674433      -0.5708341427522360E-02
    57.80956795719036      -0.5732076874868429E-02
    57.82878570763639      -0.5755812322214499E-02
    57.84800345808242      -0.5779547769560568E-02
    57.86722120852846      -0.5803283216906638E-02
    57.88643895897449      -0.5827018664252707E-02
    57.90565670942052      -0.5850754111598777E-02
    57.92487445986655      -0.5874489558944846E-02
    57.94409221031258      -0.5898225006290916E-02
    57.96330996075861      -0.5921960453636985E-02
    57.98252771120465      -0.5945695900983055E-02
    58.00174546165068      -0.5969431348329124E-02
    58.02096321209671      -0.5993166795675194E-02
    58.04018096254274      -0.6016902243021264E-02
    58.05939871298877      -0.6040637690367333E-02
    58.07861646343481      -0.6064373137713403E-02
    58.09783421388084      -0.6088108585059472E-02
    58.11705196432687      -0.6111844032405542E-02
    58.13626971477290      -0.6135579479751611E-02
    58.15548746521893      -0.6159314927097681E-02
    58.17470521566496      -0.6183050374443750E-02
    58.19392296611100      -0.6206785821789820E-02
    58.21314071655703      -0.6230521269135889E-02
    58.23235846700306      -0.6254256716481959E-02
    58.25157621744909      -0.6277992163828028E-02
    58.27079396789512      -0.6301727611174097E-02
    58.29001171834116      -0.6325463058520167E-02
    58.30922946878719      -0.6349198505866236E-02
    58.32844721923322      -0.6372933953212306E-02
    58.34766496967925      -0.6396669400558376E-02
    58.36688272012528      -0.6420404847904446E-02
    58.38610047057131      -0.6444140295250515E-02
    58.40531822101735      -0.6467875742596585E-02
    58.42453597146338      -0.6491611189942654E-02
    58.44375372190941      -0.6515346637288724E-02
    58.46297147235544      -0.6539082084634793E-02
    58.48218922280147      -0.6562817531980862E-02
    58.50140697324751      -0.6586552979326932E-02
    58.52062472369354      -0.6610288426673001E-02
    58.53984247413957      -0.6634023874019071E-02
    58.55906022458560      -0.6657759321365140E-02
    58.57827797503163      -0.6681494768711210E-02
    58.59749572547766      -0.6705230216057279E-02
    58.61671347592370      -0.6728965663403349E-02
    58.63593122636973      -0.6752701110749419E-02
    58.65514897681576      -0.6776436558095488E-02
    58.67436672726179      -0.6800172005441558E-02
    58.69358447770782      -0.6823907452787627E-02
    58.71280222815385      -0.6847642900133697E-02
    58.73201997859989      -0.6871378347479766E-02
    58.75123772904592      -0.6895113794825836E-02
    58.77045547949195      -0.6918849242171905E-02
    58.78967322993798      -0.6942584689517975E-02
    58.80889098038401      -0.6966320136864044E-02
    58.82810873083005      -0.6990055584210114E-02
    58.84732648127608      -0.7013791031556183E-02
    58.86654423172211      -0.7037526478902253E-02
    58.88576198216814      -0.7061261926248322E-02
    58.90497973261417      -0.7084997373594392E-02
    58.92419748306020      -0.7108732820940462E-02
    58.94341523350624      -0.7132468268286531E-02
    58.96263298395227      -0.7156203715632601E-02
    58.98185073439830      -0.7179939162978670E-02
    59.00106848484433      -0.7203674610324740E-02
    59.02028623529036      -0.7227410057670809E-02
    59.03950398573640      -0.7251145505016879E-02
    59.05872173618243      -0.7274880952362948E-02
    59.07793948662846      -0.7298616399709018E-02
    59.09715723707449      -0.7322351847055087E-02
    59.11637498752052      -0.7346087294401157E-02
    59.13559273796655      -0.7369822741747226E-02
    59.15481048841259      -0.7393558189093295E-02
    59.17402823885862      -0.7417293636439365E-02
    59.19324598930465      -0.7441029083785434E-02
    59.21246373975068      -0.7464764531131504E-02
    59.23168149019671      -0.7488499978477574E-02
    59.25089924064275      -0.7512235425823644E-02
    59.27011699108878      -0.7535970873169713E-02
    59.28933474153481      -0.7559706320515783E-02
    59.30855249198084      -0.7583441767861852E-02
    59.32777024242687      -0.7607177215207921E-02
    59.34698799287290      -0.7630912662553991E-02
    59.36620574331894      -0.7654648109900060E-02
    59.38542349376497      -0.7678383557246130E-02
    59.40464124421100      -0.7702119004592199E-02
    59.42385899465703      -0.7725854451938269E-02
    59.44307674510306      -0.7749589899284338E-02
    59.46229449554910      -0.7773325346630408E-02
    59.48151224599513      -0.7797060793976477E-02
    59.50072999644116      -0.7820796241322547E-02
    59.51994774688719      -0.7844531688668617E-02
    59.53916549733322      -0.7868267136014686E-02
    59.55838324777925      -0.7892002583360756E-02
    59.57760099822529      -0.7915738030706825E-02
    59.59681874867132      -0.7939473478052895E-02
    59.61603649911735      -0.7963208925398963E-02
    59.63525424956338      -0.7986944372745034E-02
    59.65447200000941      -0.8010679820091102E-02
    59.67368975045544      -0.8034415267437173E-02
    59.69290750090148      -0.8058150714783243E-02
    59.71212525134751      -0.8081886162129312E-02
    59.73134300179354      -0.8105621609475382E-02
    59.75056075223957      -0.8129357056821451E-02
    59.76977850268560      -0.8153092504167521E-02
    59.78899625313164      -0.8176827951513590E-02
    59.80821400357767      -0.8200563398859660E-02
    59.82743175402370      -0.8224298846205728E-02
    59.84664950446973      -0.8248034293551799E-02
    59.86586725491576      -0.8271769740897867E-02
    59.88508500536179      -0.8295505188243938E-02
    59.90430275580783      -0.8319240635590006E-02
    59.92352050625386      -0.8342976082936077E-02
    59.94273825669989      -0.8366711530282145E-02
    59.96195600714592      -0.8390446977628216E-02
    59.98117375759195      -0.8414182424974286E-02
    60.00039150803799      -0.8437917872320354E-02
    60.01960925848402      -0.8461653319666425E-02
    60.03882700893005      -0.8485388767012493E-02
    60.05804475937608      -0.8509124214358564E-02
    60.07726250982211      -0.8532859661704632E-02
    60.09648026026814      -0.8556595109050703E-02
    60.11569801071418      -0.8580330556396771E-02
    60.13491576116021      -0.8604066003742842E-02
    60.15413351160624      -0.8627801451088910E-02
    60.17335126205227      -0.8651536898434981E-02
    60.19256901249830      -0.8675272345781049E-02
    60.21178676294434      -0.8699007793127119E-02
    60.23100451339037      -0.8722743240473188E-02
    60.25022226383640      -0.8746478687819258E-02
    60.26944001428243      -0.8770214135165329E-02
    60.28865776472846      -0.8793949582511397E-02
    60.30787551517449      -0.8817685029857468E-02
    60.32709326562053      -0.8841420477203536E-02
    60.34631101606656      -0.8865155924549607E-02
    60.36552876651259      -0.8888891371895675E-02
    60.38474651695862      -0.8912626819241746E-02
    60.40396426740465      -0.8936362266587814E-02
    60.42318201785069      -0.8960097713933884E-02
    60.44239976829672      -0.8983833161279953E-02
    60.46161751874275      -0.9007568608626023E-02
    60.48083526918878      -0.9031304055972092E-02
    60.50005301963481      -0.9055039503318162E-02
    60.51927077008084      -0.9078774950664231E-02
    60.53848852052688      -0.9102510398010301E-02
    60.55770627097291      -0.9126245845356372E-02
    60.57692402141894      -0.9149981292702440E-02
    60.59614177186497      -0.9173716740048510E-02
    60.61535952231100      -0.9197452187394579E-02
    60.63457727275703      -0.9221187634740649E-02
    60.65379502320307      -0.9244923082086718E-02
    60.67301277364910      -0.9268658529432788E-02
    60.69223052409513      -0.9292393976778857E-02
    60.71144827454116      -0.9316129424124927E-02
    60.73066602498719      -0.9339864871470996E-02
    60.74988377543323      -0.9363600318817066E-02
    60.76910152587926      -0.9387335766163135E-02
    60.78831927632529      -0.9411071213509205E-02
    60.80753702677132      -0.9434806660855274E-02
    60.82675477721735      -0.9458542108201344E-02
    60.84597252766338      -0.9482277555547414E-02
    60.86519027810942      -0.9506013002893483E-02
    60.88440802855545      -0.9529748450239553E-02
    60.90362577900148      -0.9553483897585622E-02
    60.92284352944751      -0.9577219344931692E-02
    60.94206127989354      -0.9600954792277761E-02
    60.96127903033958      -0.9624690239623831E-02
    60.98049678078561      -0.9648425686969900E-02
    60.99971453123164      -0.9672161134315970E-02
    61.01893228167767      -0.9695896581662039E-02
    61.03815003212370      -0.9719632029008109E-02
    61.05736778256973      -0.9743367476354178E-02
    61.07658553301577      -0.9767102923700248E-02
    61.09580328346180      -0.9790838371046317E-02
    61.11502103390783      -0.9814573818392387E-02
    61.13423878435386      -0.9838309265738457E-02
    61.15345653479989      -0.9862044713084526E-02
    61.17267428524593      -0.9885780160430596E-02
    61.19189203569196      -0.9909515607776665E-02
    61.21110978613799      -0.9933251055122735E-02
    61.23032753658402      -0.9956986502468804E-02
    61.24954528703005      -0.9980721949814874E-02
    61.26876303747608      -0.1000445739716094E-01
    61.28798078792212      -0.1002819284450701E-01
    61.30719853836815      -0.1005192829185308E-01
    61.32641628881418      -0.1007566373919915E-01
    61.34563403926021      -0.1009939918654522E-01
    61.36485178970624      -0.1012313463389129E-01
    61.38406954015228      -0.1014687008123736E-01
    61.40328729059831      -0.1017060552858343E-01
    61.42250504104434      -0.1019434097592950E-01
    61.44172279149037      -0.1021807642327557E-01
    61.46094054193640      -0.1024181187062164E-01
    61.48015829238243      -0.1026554731796771E-01
    61.49937604282847      -0.1028928276531378E-01
    61.51859379327450      -0.1031301821265985E-01
    61.53781154372053      -0.1033675366000592E-01
    61.55702929416656      -0.1036048910735199E-01
    61.57624704461259      -0.1038422455469806E-01
    61.59546479505862      -0.1040796000204412E-01
    61.61468254550466      -0.1043169544939019E-01
    61.63390029595069      -0.1045543089673626E-01
    61.65311804639672      -0.1047916634408233E-01
    61.67233579684275      -0.1050290179142840E-01
    61.69155354728878      -0.1052663723877447E-01
    61.71077129773482      -0.1055037268612054E-01
    61.72998904818085      -0.1057410813346661E-01
    61.74920679862688      -0.1059784358081268E-01
    61.76842454907291      -0.1062157902815875E-01
    61.78764229951894      -0.1064531447550482E-01
    61.80686004996497      -0.1066904992285089E-01
    61.82607780041101      -0.1069278537019696E-01
    61.84529555085704      -0.1071652081754303E-01
    61.86451330130307      -0.1074025626488910E-01
    61.88373105174910      -0.1076399171223517E-01
    61.90294880219513      -0.1078772715958124E-01
    61.92216655264117      -0.1081146260692731E-01
    61.94138430308720      -0.1083519805427338E-01
    61.96060205353323      -0.1085893350161945E-01
    61.97981980397926      -0.1088266894896552E-01
    61.99903755442529      -0.1090640439631158E-01
    62.01825530487132      -0.1093013984365765E-01
    62.03747305531736      -0.1095387529100372E-01
    62.05669080576339      -0.1097761073834979E-01
    62.07590855620942      -0.1100134618569586E-01
    62.09512630665545      -0.1102508163304193E-01
    62.11434405710148      -0.1104881708038800E-01
    62.13356180754752      -0.1107255252773407E-01
    62.15277955799355      -0.1109628797508014E-01
    62.17199730843958      -0.1112002342242621E-01
    62.19121505888561      -0.1114375886977228E-01
    62.21043280933164      -0.1116749431711835E-01
    62.22965055977767      -0.1119122976446442E-01
    62.24886831022371      -0.1121496521181049E-01
    62.26808606066974      -0.1123870065915656E-01
    62.28730381111577      -0.1126243610650263E-01
    62.30652156156180      -0.1128617155384870E-01
    62.32573931200783      -0.1130990700119477E-01
    62.34495706245387      -0.1133364244854084E-01
    62.36417481289990      -0.1135737789588691E-01
    62.38339256334593      -0.1138111334323298E-01
    62.40261031379196      -0.1140484879057905E-01
    62.42182806423799      -0.1142858423792511E-01
    62.44104581468402      -0.1145231968527118E-01
    62.46026356513006      -0.1147605513261725E-01
    62.47948131557609      -0.1149979057996332E-01
    62.49869906602212      -0.1152352602730939E-01
    62.51791681646815      -0.1154726147465546E-01
    62.53713456691418      -0.1157099692200153E-01
    62.55635231736021      -0.1159473236934760E-01
    62.57557006780625      -0.1161846781669367E-01
    62.59478781825228      -0.1164220326403974E-01
    62.61400556869831      -0.1166593871138581E-01
    62.63322331914434      -0.1168967415873188E-01
    62.65244106959037      -0.1171340960607795E-01
    62.67165882003641      -0.1173714505342402E-01
    62.69087657048244      -0.1176088050077009E-01
    62.71009432092847      -0.1178461594811616E-01
    62.72931207137450      -0.1180835139546223E-01
    62.74852982182053      -0.1183208684280830E-01
    62.76774757226656      -0.1185582229015437E-01
    62.78696532271260      -0.1187955773750043E-01
    62.80618307315863      -0.1190329318484650E-01
    62.82540082360466      -0.1192702863219257E-01
    62.84461857405069      -0.1195076407953864E-01
    62.86383632449672      -0.1197449952688471E-01
    62.88305407494276      -0.1199823497423078E-01
    62.90227182538879      -0.1202197042157685E-01
    62.92148957583482      -0.1204570586892292E-01
    62.94070732628085      -0.1206944131626899E-01
    62.95992507672688      -0.1209317676361506E-01
    62.97914282717291      -0.1211691221096113E-01
    62.99836057761895      -0.1214064765830720E-01
    63.01757832806498      -0.1216438310565327E-01
    63.03679607851101      -0.1218811855299934E-01
    63.05601382895704      -0.1221185400034541E-01
    63.07523157940307      -0.1223558944769148E-01
    63.09444932984911      -0.1225932489503755E-01
    63.11366708029514      -0.1228306034238362E-01
    63.13288483074117      -0.1230679578972969E-01
    63.15210258118720      -0.1233053123707576E-01
    63.17132033163323      -0.1235426668442183E-01
    63.19053808207926      -0.1237800213176789E-01
    63.20975583252530      -0.1240173757911396E-01
    63.22897358297133      -0.1242547302646003E-01
    63.24819133341736      -0.1244920847380610E-01
    63.26740908386339      -0.1247294392115217E-01
    63.28662683430942      -0.1249667936849824E-01
    63.30584458475546      -0.1252041481584431E-01
    63.32506233520149      -0.1254415026319038E-01
    63.34428008564752      -0.1256788571053645E-01
    63.36349783609355      -0.1259162115788252E-01
    63.38271558653958      -0.1261535660522859E-01
    63.40193333698561      -0.1263909205257466E-01
    63.42115108743165      -0.1266282749992073E-01
    63.44036883787768      -0.1268656294726680E-01
    63.45958658832371      -0.1271029839461287E-01
    63.47880433876974      -0.1273403384195894E-01
    63.49802208921577      -0.1275776928930501E-01
    63.51723983966180      -0.1278150473665108E-01
    63.53645759010784      -0.1280524018399715E-01
    63.55567534055387      -0.1282897563134322E-01
    63.57489309099990      -0.1285271107868929E-01
    63.59411084144593      -0.1287644652603536E-01
    63.61332859189196      -0.1290018197338142E-01
    63.63254634233800      -0.1292391742072749E-01
    63.65176409278403      -0.1294765286807356E-01
    63.67098184323006      -0.1297138831541963E-01
    63.69019959367609      -0.1299512376276570E-01
    63.70941734412212      -0.1301885921011177E-01
    63.72863509456815      -0.1304259465745784E-01
    63.74785284501419      -0.1306633010480391E-01
    63.76707059546022      -0.1309006555214998E-01
    63.78628834590625      -0.1311380099949605E-01
    63.80550609635228      -0.1313753644684212E-01
    63.82472384679831      -0.1316127189418819E-01
    63.84394159724435      -0.1318500734153426E-01
    63.86315934769038      -0.1320874278888033E-01
    63.88237709813641      -0.1323247823622640E-01
    63.90159484858244      -0.1325621368357247E-01
    63.92081259902847      -0.1327994913091854E-01
    63.94003034947450      -0.1330368457826461E-01
    63.95924809992054      -0.1332742002561068E-01
    63.97846585036657      -0.1335115547295674E-01
    63.99768360081260      -0.1337489092030282E-01
    64.01690135125864      -0.1339862636764889E-01
    64.03611910170467      -0.1342236181499496E-01
    64.05533685215070      -0.1344609726234103E-01
    64.07455460259673      -0.1346983270968710E-01
    64.09377235304277      -0.1349356815703317E-01
    64.11299010348880      -0.1351730360437924E-01
    64.13220785393483      -0.1354103905172531E-01
    64.15142560438086      -0.1356477449907138E-01
    64.17064335482689      -0.1358850994641745E-01
    64.18986110527293      -0.1361224539376352E-01
    64.20907885571896      -0.1363598084110959E-01
    64.22829660616499      -0.1365971628845566E-01
    64.24751435661102      -0.1368345173580173E-01
    64.26673210705705      -0.1370718718314780E-01
    64.28594985750308      -0.1373092263049387E-01
    64.30516760794912      -0.1375465807783994E-01
    64.32438535839515      -0.1377839352518601E-01
    64.34360310884118      -0.1380212897253208E-01
    64.36282085928721      -0.1382586441987814E-01
    64.38203860973324      -0.1384959986722421E-01
    64.40125636017927      -0.1387333531457028E-01
    64.42047411062531      -0.1389707076191635E-01
    64.43969186107134      -0.1392080620926242E-01
    64.45890961151737      -0.1394454165660849E-01
    64.47812736196340      -0.1396827710395456E-01
    64.49734511240943      -0.1399201255130063E-01
    64.51656286285547      -0.1401574799864670E-01
    64.53578061330150      -0.1403948344599277E-01
    64.55499836374753      -0.1406321889333884E-01
    64.57421611419356      -0.1408695434068491E-01
    64.59343386463959      -0.1411068978803098E-01
    64.61265161508562      -0.1413442523537705E-01
    64.63186936553166      -0.1415816068272312E-01
    64.65108711597769      -0.1418189613006919E-01
    64.67030486642372      -0.1420563157741526E-01
    64.68952261686975      -0.1422936702476133E-01
    64.70874036731578      -0.1425310247210740E-01
    64.72795811776182      -0.1427683791945347E-01
    64.74717586820785      -0.1430057336679954E-01
    64.76639361865388      -0.1432430881414560E-01
    64.78561136909991      -0.1434804426149167E-01
    64.80482911954594      -0.1437177970883774E-01
    64.82404686999197      -0.1439551515618381E-01
    64.84326462043801      -0.1441925060352988E-01
    64.86248237088404      -0.1444298605087595E-01
    64.88170012133007      -0.1446672149822202E-01
    64.90091787177610      -0.1449045694556809E-01
    64.92013562222213      -0.1451419239291416E-01
    64.93935337266817      -0.1453792784026023E-01
    64.95857112311420      -0.1456166328760630E-01
    64.97778887356023      -0.1458539873495237E-01
    64.99700662400626      -0.1460913418229844E-01
    65.01622437445229      -0.1463286962964451E-01
    65.03544212489832      -0.1465660507699058E-01
    65.05465987534436      -0.1468034052433665E-01
    65.07387762579039      -0.1470407597168272E-01
    65.09309537623642      -0.1472781141902879E-01
    65.11231312668245      -0.1475154686637486E-01
    65.13153087712848      -0.1477528231372092E-01
    65.15074862757452      -0.1479901776106700E-01
    65.16996637802055      -0.1482275320841306E-01
    65.18918412846658      -0.1484648865575913E-01
    65.20840187891261      -0.1487022410310520E-01
    65.22761962935864      -0.1489395955045127E-01
    65.24683737980467      -0.1491769499779734E-01
    65.26605513025071      -0.1494143044514341E-01
    65.28527288069674      -0.1496516589248948E-01
    65.30449063114277      -0.1498890133983555E-01
    65.32370838158880      -0.1501263678718162E-01
    65.34292613203483      -0.1503637223452769E-01
    65.36214388248086      -0.1506010768187376E-01
    65.38136163292690      -0.1508384312921983E-01
    65.40057938337293      -0.1510757857656590E-01
    65.41979713381896      -0.1513131402391197E-01
    65.43901488426499      -0.1515504947125804E-01
    65.45823263471102      -0.1517878491860411E-01
    65.47745038515706      -0.1520252036595018E-01
    65.49666813560309      -0.1522625581329625E-01
    65.51588588604912      -0.1524999126064232E-01
    65.53510363649515      -0.1527372670798839E-01
    65.55432138694118      -0.1529746215533445E-01
    65.57353913738721      -0.1532119760268053E-01
    65.59275688783325      -0.1534493305002659E-01
    65.61197463827928      -0.1536866849737266E-01
    65.63119238872531      -0.1539240394471873E-01
    65.65041013917134      -0.1541613939206480E-01
    65.66962788961737      -0.1543987483941087E-01
    65.68884564006341      -0.1546361028675694E-01
    65.70806339050944      -0.1548734573410301E-01
    65.72728114095547      -0.1551108118144908E-01
    65.74649889140150      -0.1553481662879515E-01
    65.76571664184753      -0.1555855207614122E-01
    65.78493439229356      -0.1558228752348729E-01
    65.80415214273960      -0.1560602297083336E-01
    65.82336989318563      -0.1562975841817943E-01
    65.84258764363166      -0.1565349386552550E-01
    65.86180539407769      -0.1567722931287157E-01
    65.88102314452372      -0.1570096476021764E-01
    65.90024089496976      -0.1572470020756371E-01
    65.91945864541579      -0.1574843565490978E-01
    65.93867639586182      -0.1577217110225585E-01
    65.95789414630785      -0.1579590654960192E-01
    65.97711189675388      -0.1581964199694798E-01
    65.99632964719991      -0.1584337744429406E-01
    66.01554739764595      -0.1586711289164013E-01
    66.03476514809198      -0.1589084833898620E-01
    66.05398289853801      -0.1591458378633226E-01
    66.07320064898404      -0.1593831923367833E-01
    66.09241839943007      -0.1596205468102440E-01
    66.11163614987611      -0.1598579012837047E-01
    66.13085390032214      -0.1600952557571654E-01
    66.15007165076817      -0.1603326102306261E-01
    66.16928940121420      -0.1605699647040868E-01
    66.18850715166023      -0.1608073191775475E-01
    66.20772490210626      -0.1610446736510082E-01
    66.22694265255230      -0.1612820281244689E-01
    66.24616040299833      -0.1615193825979296E-01
    66.26537815344436      -0.1617567370713903E-01
    66.28459590389039      -0.1619940915448510E-01
    66.30381365433642      -0.1622314460183117E-01
    66.32303140478245      -0.1624688004917724E-01
    66.34224915522849      -0.1627061549652331E-01
    66.36146690567452      -0.1629435094386938E-01
    66.38068465612055      -0.1631808639121544E-01
    66.39990240656658      -0.1634182183856151E-01
    66.41912015701261      -0.1636555728590759E-01
    66.43833790745865      -0.1638929273325366E-01
    66.45755565790468      -0.1641302818059973E-01
    66.47677340835071      -0.1643676362794579E-01
    66.49599115879674      -0.1646049907529186E-01
    66.51520890924277      -0.1648423452263793E-01
    66.53442665968880      -0.1650796996998400E-01
    66.55364441013484      -0.1653170541733007E-01
    66.57286216058087      -0.1655544086467614E-01
    66.59207991102690      -0.1657917631202221E-01
    66.61129766147293      -0.1660291175936828E-01
    66.63051541191896      -0.1662664720671435E-01
    66.64973316236500      -0.1665038265406042E-01
    66.66895091281103      -0.1667411810140649E-01
    66.68816866325706      -0.1669785354875256E-01
    66.70738641370309      -0.1672158899609863E-01
    66.72660416414912      -0.1674532444344470E-01
    66.74582191459515      -0.1676905989079077E-01
    66.76503966504119      -0.1679279533813684E-01
    66.78425741548722      -0.1681653078548291E-01
    66.80347516593325      -0.1684026623282897E-01
    66.82269291637928      -0.1686400168017504E-01
    66.84191066682531      -0.1688773712752112E-01
    66.86112841727135      -0.1691147257486719E-01
    66.88034616771738      -0.1693520802221325E-01
    66.89956391816341      -0.1695894346955932E-01
    66.91878166860944      -0.1698267891690539E-01
    66.93799941905547      -0.1700641436425146E-01
    66.95721716950150      -0.1703014981159753E-01
    66.97643491994754      -0.1705388525894360E-01
    66.99565267039357      -0.1707762070628967E-01
    67.01487042083960      -0.1710135615363574E-01
    67.03408817128563      -0.1712509160098181E-01
    67.05330592173166      -0.1714882704832788E-01
    67.07252367217770      -0.1717256249567395E-01
    67.09174142262373      -0.1719629794302002E-01
    67.11095917306976      -0.1722003339036609E-01
    67.13017692351579       0.9391108619984323E-02
    67.14939467396182       0.9380160662029216E-02
    67.16861242440785       0.9369212704074108E-02
    67.18783017485389       0.9358264746119001E-02
    67.20704792529992       0.9347316788163893E-02
    67.22626567574595       0.9336368830208787E-02
    67.24548342619198       0.9325420872253678E-02
    67.26470117663801       0.9314472914298570E-02
    67.28391892708404       0.9303524956343463E-02
    67.30313667753008       0.9292576998388284E-02
    67.32235442797611       0.9282267755758225E-02
    67.34157217842214       0.9272525036993070E-02
    67.36078992886817       0.9262782318227915E-02
    67.38000767931420       0.9253039599462758E-02
    67.39922542976024       0.9243296880697603E-02
    67.41844318020627       0.9233554161932448E-02
    67.43766093065230       0.9223811443167291E-02
    67.45687868109833       0.9214068724402136E-02
    67.47609643154436       0.9204326005636981E-02
    67.49531418199039       0.9194583286871826E-02
    67.51453193243643       0.9184840568106669E-02
    67.53374968288246       0.9175097849341514E-02
    67.55296743332849       0.9165355130576359E-02
    67.57218518377452       0.9155612411811202E-02
    67.59140293422055       0.9145869693046047E-02
    67.61062068466659       0.9136126974280892E-02
    67.62983843511262       0.9126384255515735E-02
    67.64905618555865       0.9116641536750580E-02
    67.66827393600468       0.9106898817985425E-02
    67.68749168645071       0.9097156099220268E-02
    67.70670943689674       0.9087413380455113E-02
    67.72592718734278       0.9077670661689958E-02
    67.74514493778881       0.9067927942924801E-02
    67.76436268823484       0.9058185224159646E-02
    67.78358043868087       0.9048442505394490E-02
    67.80279818912690       0.9038699786629334E-02
    67.82201593957294       0.9028957067864178E-02
    67.84123369001897       0.9019214349099023E-02
    67.86045144046500       0.9009471630333866E-02
    67.87966919091103       0.8999728911568711E-02
    67.89888694135706       0.8989986192803556E-02
    67.91810469180309       0.8980243474038399E-02
    67.93732244224913       0.8970500755273244E-02
    67.95654019269516       0.8960758036508089E-02
    67.97575794314119       0.8951015317742932E-02
    67.99497569358722       0.8941272598977777E-02
    68.01419344403325       0.8931529880212622E-02
    68.03341119447929       0.8921787161447465E-02
    68.05262894492532       0.8912044442682310E-02
    68.07184669537135       0.8902301723917155E-02
    68.09106444581738       0.8892559005152000E-02
    68.11028219626341       0.8882816286386843E-02
    68.12949994670944       0.8873073567621688E-02
    68.14871769715548       0.8863330848856533E-02
    68.16793544760151       0.8853588130091376E-02
    68.18715319804754       0.8843845411326221E-02
    68.20637094849357       0.8834102692561066E-02
    68.22558869893960       0.8824359973795909E-02
    68.24480644938564       0.8814617255030754E-02
    68.26402419983167       0.8804874536265599E-02
    68.28324195027770       0.8795131817500442E-02
    68.30245970072373       0.8785389098735287E-02
    68.32167745116976       0.8775646379970132E-02
    68.34089520161579       0.8765903661204975E-02
    68.36011295206183       0.8756160942439820E-02
    68.37933070250786       0.8746418223674664E-02
    68.39854845295389       0.8736675504909508E-02
    68.41776620339992       0.8726932786144352E-02
    68.43698395384595       0.8717190067379197E-02
    68.45620170429198       0.8707447348614041E-02
    68.47541945473802       0.8697704629848885E-02
    68.49463720518405       0.8687961911083730E-02
    68.51385495563008       0.8678219192318573E-02
    68.53307270607611       0.8668476473553418E-02
    68.55229045652214       0.8658733754788263E-02
    68.57150820696818       0.8648991036023106E-02
    68.59072595741421       0.8639248317257951E-02
    68.60994370786024       0.8629505598492796E-02
    68.62916145830627       0.8619762879727639E-02
    68.64837920875230       0.8610020160962484E-02
    68.66759695919833       0.8600277442197329E-02
    68.68681470964437       0.8590534723432174E-02
    68.70603246009040       0.8580792004667017E-02
    68.72525021053643       0.8571049285901862E-02
    68.74446796098246       0.8561306567136707E-02
    68.76368571142849       0.8551563848371550E-02
    68.78290346187453       0.8541821129606395E-02
    68.80212121232056       0.8532078410841240E-02
    68.82133896276659       0.8522335692076083E-02
    68.84055671321262       0.8512592973310928E-02
    68.85977446365865       0.8502850254545773E-02
    68.87899221410468       0.8493107535780616E-02
    68.89820996455072       0.8483364817015461E-02
    68.91742771499675       0.8473622098250306E-02
    68.93664546544278       0.8463879379485149E-02
    68.95586321588881       0.8454136660719994E-02
    68.97508096633484       0.8444393941954838E-02
    68.99429871678088       0.8434651223189682E-02
    69.01351646722691       0.8424908504424527E-02
    69.03273421767294       0.8415165785659371E-02
    69.05195196811897       0.8405423066894215E-02
    69.07116971856500       0.8395680348129059E-02
    69.09038746901103       0.8385937629363904E-02
    69.10960521945707       0.8376194910598747E-02
    69.12882296990310       0.8366452191833592E-02
    69.14804072034913       0.8356709473068274E-02
    69.16725847079516       0.8347874256286077E-02
    69.18647622124119       0.8339180349937475E-02
    69.20569397168723       0.8330486443588872E-02
    69.22491172213326       0.8321792537240271E-02
    69.24412947257929       0.8313098630891668E-02
    69.26334722302532       0.8304404724543066E-02
    69.28256497347135       0.8295710818194465E-02
    69.30178272391738       0.8287016911845862E-02
    69.32100047436342       0.8278323005497260E-02
    69.34021822480945       0.8269629099148659E-02
    69.35943597525548       0.8260935192800056E-02
    69.37865372570151       0.8252241286451453E-02
    69.39787147614754       0.8243547380102852E-02
    69.41708922659357       0.8234853473754250E-02
    69.43630697703961       0.8226159567405649E-02
    69.45552472748564       0.8217465661057046E-02
    69.47474247793167       0.8208771754708443E-02
    69.49396022837770       0.8200077848359843E-02
    69.51317797882373       0.8191383942011240E-02
    69.53239572926977       0.8182690035662637E-02
    69.55161347971580       0.8173996129314036E-02
    69.57083123016183       0.8165302222965434E-02
    69.59004898060786       0.8156608316616831E-02
    69.60926673105389       0.8147914410268230E-02
    69.62848448149992       0.8139220503919627E-02
    69.64770223194596       0.8130526597571026E-02
    69.66691998239199       0.8121832691222424E-02
    69.68613773283802       0.8113138784873821E-02
    69.70535548328405       0.8104444878525220E-02
    69.72457323373008       0.8095750972176618E-02
    69.74379098417612       0.8087057065828015E-02
    69.76300873462215       0.8078363159479414E-02
    69.78222648506818       0.8069669253130811E-02
    69.80144423551421       0.8060975346782209E-02
    69.82066198596024       0.8052281440433608E-02
    69.83987973640627       0.8043587534085005E-02
    69.85909748685231       0.8034893627736404E-02
    69.87831523729834       0.8026199721387801E-02
    69.89753298774437       0.8017505815039199E-02
    69.91675073819040       0.8008811908690598E-02
    69.93596848863643       0.8000118002341995E-02
    69.95518623908247       0.7991424095993392E-02
    69.97440398952850       0.7982730189644792E-02
    69.99362173997453       0.7974036283296189E-02
    70.01283949042056       0.7965342376947586E-02
    70.03205724086659       0.7956648470598985E-02
    70.05127499131262       0.7947954564250383E-02
    70.07049274175866       0.7939260657901780E-02
    70.08971049220469       0.7930566751553179E-02
    70.10892824265072       0.7921872845204576E-02
    70.12814599309675       0.7913178938855975E-02
    70.14736374354278       0.7904485032507373E-02
    70.16658149398882       0.7895791126158770E-02
    70.18579924443485       0.7887097219810169E-02
    70.20501699488088       0.7878403313461567E-02
    70.22423474532691       0.7869709407112964E-02
    70.24345249577294       0.7861015500764363E-02
    70.26267024621897       0.7852321594415760E-02
    70.28188799666501       0.7843627688067158E-02
    70.30110574711104       0.7834933781718557E-02
    70.32032349755707       0.7826239875369954E-02
    70.33954124800310       0.7817545969021353E-02
    70.35875899844913       0.7808852062672750E-02
    70.37797674889516       0.7800158156324149E-02
    70.39719449934120       0.7791464249975546E-02
    70.41641224978723       0.7782770343626944E-02
    70.43563000023326       0.7774076437278342E-02
    70.45484775067929       0.7765382530929740E-02
    70.47406550112532       0.7756688624581138E-02
    70.49328325157136       0.7747994718232536E-02
    70.51250100201739       0.7739300811883934E-02
    70.53171875246342       0.7730606905535332E-02
    70.55093650290945       0.7721912999186730E-02
    70.57015425335548       0.7713219092838128E-02
    70.58937200380151       0.7704525186489525E-02
    70.60858975424755       0.7695831280140924E-02
    70.62780750469358       0.7687137373792322E-02
    70.64702525513961       0.7678443467443720E-02
    70.66624300558564       0.7669749561095117E-02
    70.68546075603167       0.7661055654746516E-02
    70.70467850647771       0.7652361748397914E-02
    70.72389625692374       0.7643667842049312E-02
    70.74311400736977       0.7634973935700709E-02
    70.76233175781580       0.7626280029352108E-02
    70.78154950826183       0.7617586123003506E-02
    70.80076725870786       0.7608892216654903E-02
    70.81998500915390       0.7600198310306301E-02
    70.83920275959993       0.7591504403957700E-02
    70.85842051004596       0.7582810497609309E-02
    70.87763826049199       0.7574816456950435E-02
    70.89685601093802       0.7567035750376988E-02
    70.91607376138406       0.7559255043803541E-02
    70.93529151183009       0.7551474337230094E-02
    70.95450926227612       0.7543693630656647E-02
    70.97372701272215       0.7535912924083200E-02
    70.99294476316818       0.7528132217509754E-02
    71.01216251361421       0.7520351510936307E-02
    71.03138026406025       0.7512570804362860E-02
    71.05059801450628       0.7504790097789413E-02
    71.06981576495231       0.7497009391215967E-02
    71.08903351539834       0.7489228684642519E-02
    71.10825126584437       0.7481447978069072E-02
    71.12746901629041       0.7473667271495625E-02
    71.14668676673644       0.7465886564922178E-02
    71.16590451718247       0.7458105858348732E-02
    71.18512226762850       0.7450325151775285E-02
    71.20434001807453       0.7442544445201838E-02
    71.22355776852056       0.7434763738628391E-02
    71.24277551896660       0.7426983032054944E-02
    71.26199326941263       0.7419202325481497E-02
    71.28121101985866       0.7411421618908050E-02
    71.30042877030469       0.7403640912334603E-02
    71.31964652075072       0.7395860205761157E-02
    71.33886427119675       0.7388079499187710E-02
    71.35808202164279       0.7380298792614263E-02
    71.37729977208882       0.7372518086040816E-02
    71.39651752253485       0.7364737379467369E-02
    71.41573527298088       0.7356956672893922E-02
    71.43495302342691       0.7349175966320475E-02
    71.45417077387295       0.7341395259747028E-02
    71.47338852431898       0.7333614553173581E-02
    71.49260627476501       0.7325833846600135E-02
    71.51182402521104       0.7318053140026688E-02
    71.53104177565707       0.7310272433453241E-02
    71.55025952610310       0.7302491726879794E-02
    71.56947727654914       0.7294711020306347E-02
    71.58869502699517       0.7286930313732900E-02
    71.60791277744120       0.7279149607159453E-02
    71.62713052788723       0.7271368900586006E-02
    71.64634827833326       0.7263588194012559E-02
    71.66556602877930       0.7255807487439113E-02
    71.68478377922533       0.7248026780865666E-02
    71.70400152967136       0.7240246074292219E-02
    71.72321928011739       0.7232465367718772E-02
    71.74243703056342       0.7224684661145325E-02
    71.76165478100945       0.7216903954571878E-02
    71.78087253145549       0.7209123247998431E-02
    71.80009028190152       0.7201342541424984E-02
    71.81930803234755       0.7193561834851538E-02
    71.83852578279358       0.7185781128278091E-02
    71.85774353323961       0.7178000421704644E-02
    71.87696128368565       0.7170219715131197E-02
    71.89617903413168       0.7162439008557750E-02
    71.91539678457771       0.7154658301984303E-02
    71.93461453502374       0.7146877595410856E-02
    71.95383228546977       0.7139096888837409E-02
    71.97305003591580       0.7131316182263962E-02
    71.99226778636184       0.7123535475690516E-02
    72.01148553680787       0.7115754769117069E-02
    72.03070328725390       0.7107974062543622E-02
    72.04992103769993       0.7100193355970175E-02
    72.06913878814596       0.7092412649396728E-02
    72.08835653859200       0.7084631942823281E-02
    72.10757428903803       0.7076851236249834E-02
    72.12679203948406       0.7069070529676387E-02
    72.14600978993009       0.7061289823102940E-02
    72.16522754037612       0.7053509116529494E-02
    72.18444529082215       0.7045728409956047E-02
    72.20366304126819       0.7037947703382600E-02
    72.22288079171422       0.7030166996809153E-02
    72.24209854216025       0.7022386290235706E-02
    72.26131629260628       0.7014605583662259E-02
    72.28053404305231       0.7006824877088812E-02
    72.29975179349834       0.6999044170515365E-02
    72.31896954394438       0.6991263463941919E-02
    72.33818729439041       0.6983482757368472E-02
    72.35740504483644       0.6975702050795025E-02
    72.37662279528247       0.6967921344221578E-02
    72.39584054572850       0.6960140637648131E-02
    72.41505829617454       0.6952359931074684E-02
    72.43427604662057       0.6944579224501237E-02
    72.45349379706660       0.6936798517927790E-02
    72.47271154751263       0.6929017811354219E-02
    72.49192929795866       0.6921788923403934E-02
    72.51114704840469       0.6914804408388433E-02
    72.53036479885073       0.6907819893372933E-02
    72.54958254929676       0.6900835378357432E-02
    72.56880029974279       0.6893850863341932E-02
    72.58801805018882       0.6886866348326431E-02
    72.60723580063485       0.6879881833310931E-02
    72.62645355108089       0.6872897318295430E-02
    72.64567130152692       0.6865912803279930E-02
    72.66488905197295       0.6858928288264429E-02
    72.68410680241898       0.6851943773248929E-02
    72.70332455286501       0.6844959258233428E-02
    72.72254230331104       0.6837974743217927E-02
    72.74176005375708       0.6830990228202427E-02
    72.76097780420311       0.6824005713186926E-02
    72.78019555464914       0.6817021198171426E-02
    72.79941330509517       0.6810036683155925E-02
    72.81863105554120       0.6803052168140425E-02
    72.83784880598724       0.6796067653124924E-02
    72.85706655643327       0.6789083138109424E-02
    72.87628430687930       0.6782098623093923E-02
    72.89550205732533       0.6775114108078423E-02
    72.91471980777136       0.6768129593062922E-02
    72.93393755821739       0.6761145078047421E-02
    72.95315530866343       0.6754160563031921E-02
    72.97237305910946       0.6747176048016420E-02
    72.99159080955549       0.6740191533000920E-02
    73.01080856000152       0.6733207017985419E-02
    73.03002631044755       0.6726222502969919E-02
    73.04924406089359       0.6719237987954418E-02
    73.06846181133962       0.6712253472938918E-02
    73.08767956178565       0.6705268957923417E-02
    73.10689731223168       0.6698284442907917E-02
    73.12611506267771       0.6691299927892416E-02
    73.14533281312374       0.6684315412876916E-02
    73.16455056356978       0.6677330897861415E-02
    73.18376831401581       0.6670346382845914E-02
    73.20298606446184       0.6663361867830414E-02
    73.22220381490787       0.6656377352814913E-02
    73.24142156535390       0.6649392837799413E-02
    73.26063931579993       0.6642408322783912E-02
    73.27985706624597       0.6635423807768412E-02
    73.29907481669200       0.6628439292752911E-02
    73.31829256713803       0.6621454777737411E-02
    73.33751031758406       0.6614470262721910E-02
    73.35672806803009       0.6607485747706410E-02
    73.37594581847613       0.6600501232690910E-02
    73.39516356892216       0.6593516717675409E-02
    73.41438131936819       0.6586532202659909E-02
    73.43359906981422       0.6579547687644408E-02
    73.45281682026025       0.6572563172628908E-02
    73.47203457070628       0.6565578657613407E-02
    73.49125232115232       0.6558594142597907E-02
    73.51047007159835       0.6551609627582406E-02
    73.52968782204438       0.6544625112566906E-02
    73.54890557249041       0.6537640597551405E-02
    73.56812332293644       0.6530656082535904E-02
    73.58734107338248       0.6523671567520404E-02
    73.60655882382851       0.6516687052504903E-02
    73.62577657427454       0.6509702537489403E-02
    73.64499432472057       0.6502718022473902E-02
    73.66421207516660       0.6495733507458402E-02
    73.68342982561263       0.6488748992442901E-02
    73.70264757605867       0.6481764477427401E-02
    73.72186532650470       0.6474779962411900E-02
    73.74108307695073       0.6467795447396400E-02
    73.76030082739676       0.6460810932380899E-02
    73.77951857784279       0.6453826417365398E-02
    73.79873632828883       0.6446841902349898E-02
    73.81795407873486       0.6439857387334397E-02
    73.83717182918089       0.6432872872318897E-02
    73.85638957962692       0.6425888357303396E-02
    73.87560733007295       0.6418903842287896E-02
    73.89482508051898       0.6411919327272395E-02
    73.91404283096502       0.6404934812256895E-02
    73.93326058141105       0.6397950297241394E-02
    73.95247833185708       0.6390965782225894E-02
    73.97169608230311       0.6383981267210393E-02
    73.99091383274914       0.6376996752194893E-02
    74.01013158319518       0.6370012237179416E-02
    74.02934933364121       0.6363415854305310E-02
    74.04856708408724       0.6357126538719941E-02
    74.06778483453327       0.6350837223134571E-02
    74.08700258497930       0.6344547907549201E-02
    74.10622033542533       0.6338258591963832E-02
    74.12543808587137       0.6331969276378462E-02
    74.14465583631740       0.6325679960793093E-02
    74.16387358676343       0.6319390645207723E-02
    74.18309133720946       0.6313101329622353E-02
    74.20230908765549       0.6306812014036984E-02
    74.22152683810152       0.6300522698451614E-02
    74.24074458854756       0.6294233382866245E-02
    74.25996233899359       0.6287944067280875E-02
    74.27918008943962       0.6281654751695506E-02
    74.29839783988565       0.6275365436110136E-02
    74.31761559033168       0.6269076120524767E-02
    74.33683334077772       0.6262786804939397E-02
    74.35605109122375       0.6256497489354028E-02
    74.37526884166978       0.6250208173768658E-02
    74.39448659211581       0.6243918858183288E-02
    74.41370434256184       0.6237629542597919E-02
    74.43292209300787       0.6231340227012549E-02
    74.45213984345391       0.6225050911427180E-02
    74.47135759389994       0.6218761595841810E-02
    74.49057534434597       0.6212472280256440E-02
    74.50979309479200       0.6206182964671071E-02
    74.52901084523803       0.6199893649085701E-02
    74.54822859568407       0.6193604333500331E-02
    74.56744634613010       0.6187315017914962E-02
    74.58666409657613       0.6181025702329592E-02
    74.60588184702216       0.6174736386744223E-02
    74.62509959746819       0.6168447071158853E-02
    74.64431734791422       0.6162157755573483E-02
    74.66353509836026       0.6155868439988114E-02
    74.68275284880629       0.6149579124402744E-02
    74.70197059925232       0.6143289808817374E-02
    74.72118834969835       0.6137000493232005E-02
    74.74040610014438       0.6130711177646635E-02
    74.75962385059042       0.6124421862061266E-02
    74.77884160103645       0.6118132546475896E-02
    74.79805935148248       0.6111843230890526E-02
    74.81727710192851       0.6105553915305157E-02
    74.83649485237454       0.6099264599719787E-02
    74.85571260282057       0.6092975284134417E-02
    74.87493035326661       0.6086685968549048E-02
    74.89414810371264       0.6080396652963678E-02
    74.91336585415867       0.6074107337378309E-02
    74.93258360460470       0.6067818021792939E-02
    74.95180135505073       0.6061528706207569E-02
    74.97101910549677       0.6055239390622200E-02
    74.99023685594280       0.6048950075036830E-02
    75.00945460638883       0.6042660759451460E-02
    75.02867235683486       0.6036371443866091E-02
    75.04789010728089       0.6030082128280721E-02
    75.06710785772692       0.6023792812695352E-02
    75.08632560817296       0.6017503497109982E-02
    75.10554335861899       0.6011214181524612E-02
    75.12476110906502       0.6004924865939243E-02
    75.14397885951105       0.5998635550353873E-02
    75.16319660995708       0.5992346234768503E-02
    75.18241436040311       0.5986056919183134E-02
    75.20163211084915       0.5979767603597764E-02
    75.22084986129518       0.5973478288012395E-02
    75.24006761174121       0.5967188972427025E-02
    75.25928536218724       0.5960899656841655E-02
    75.27850311263327       0.5954610341256286E-02
    75.29772086307931       0.5948321025670916E-02
    75.31693861352534       0.5942031710085546E-02
    75.33615636397137       0.5935742394500177E-02
    75.35537411441740       0.5929453078914807E-02
    75.37459186486343       0.5923163763329438E-02
    75.39380961530946       0.5916874447744068E-02
    75.41302736575550       0.5910585132158698E-02
    75.43224511620153       0.5904295816573329E-02
    75.45146286664756       0.5898006500987959E-02
    75.47068061709359       0.5891717185402589E-02
    75.48989836753962       0.5885427869817149E-02
    75.50911611798566       0.5879487959478846E-02
    75.52833386843169       0.5873807080922908E-02
    75.54755161887772       0.5868126202366971E-02
    75.56676936932375       0.5862445323811033E-02
    75.58598711976978       0.5856764445255095E-02
    75.60520487021581       0.5851083566699157E-02
    75.62442262066185       0.5845402688143219E-02
    75.64364037110788       0.5839721809587282E-02
    75.66285812155391       0.5834040931031344E-02
    75.68207587199994       0.5828360052475405E-02
    75.70129362244597       0.5822679173919468E-02
    75.72051137289201       0.5816998295363530E-02
    75.73972912333804       0.5811317416807593E-02
    75.75894687378407       0.5805636538251654E-02
    75.77816462423010       0.5799955659695716E-02
    75.79738237467613       0.5794274781139779E-02
    75.81660012512216       0.5788593902583841E-02
    75.83581787556820       0.5782913024027903E-02
    75.85503562601423       0.5777232145471965E-02
    75.87425337646026       0.5771551266916027E-02
    75.89347112690629       0.5765870388360090E-02
    75.91268887735232       0.5760189509804152E-02
    75.93190662779836       0.5754508631248214E-02
    75.95112437824439       0.5748827752692276E-02
    75.97034212869042       0.5743146874136338E-02
    75.98955987913645       0.5737465995580401E-02
    76.00877762958248       0.5731785117024463E-02
    76.02799538002851       0.5726104238468525E-02
    76.04721313047455       0.5720423359912587E-02
    76.06643088092058       0.5714742481356649E-02
    76.08564863136661       0.5709061602800711E-02
    76.10486638181264       0.5703380724244774E-02
    76.12408413225867       0.5697699845688835E-02
    76.14330188270471       0.5692018967132898E-02
    76.16251963315074       0.5686338088576960E-02
    76.18173738359677       0.5680657210021022E-02
    76.20095513404280       0.5674976331465085E-02
    76.22017288448883       0.5669295452909146E-02
    76.23939063493486       0.5663614574353208E-02
    76.25860838538090       0.5657933695797271E-02
    76.27782613582693       0.5652252817241333E-02
    76.29704388627296       0.5646571938685395E-02
    76.31626163671899       0.5640891060129457E-02
    76.33547938716502       0.5635210181573519E-02
    76.35469713761105       0.5629529303017582E-02
    76.37391488805709       0.5623848424461644E-02
    76.39313263850312       0.5618167545905705E-02
    76.41235038894915       0.5612486667349768E-02
    76.43156813939518       0.5606805788793830E-02
    76.45078588984121       0.5601124910237893E-02
    76.47000364028725       0.5595444031681955E-02
    76.48922139073328       0.5589763153126016E-02
    76.50843914117931       0.5584082274570079E-02
    76.52765689162534       0.5578401396014141E-02
    76.54687464207137       0.5572720517458203E-02
    76.56609239251740       0.5567039638902265E-02
    76.58531014296344       0.5561358760346327E-02
    76.60452789340947       0.5555677881790390E-02
    76.62374564385550       0.5549997003234452E-02
    76.64296339430153       0.5544316124678514E-02
    76.66218114474756       0.5538635246122576E-02
    76.68139889519360       0.5532954367566638E-02
    76.70061664563963       0.5527273489010701E-02
    76.71983439608566       0.5521592610454763E-02
    76.73905214653169       0.5515911731898825E-02
    76.75826989697772       0.5510230853342887E-02
    76.77748764742375       0.5504549974786949E-02
    76.79670539786979       0.5498869096231011E-02
    76.81592314831582       0.5493188217675074E-02
    76.83514089876185       0.5487507339119136E-02
    76.85435864920788       0.5481826460563198E-02
    76.87357639965391       0.5476145582007260E-02
    76.89279415009995       0.5470464703451322E-02
    76.91201190054598       0.5464783824895403E-02
    76.93122965099201       0.5459183494138066E-02
    76.95044740143804       0.5454036454825153E-02
    76.96966515188407       0.5448889415512240E-02
    76.98888290233010       0.5443742376199327E-02
    77.00810065277614       0.5438595336886414E-02
    77.02731840322217       0.5433448297573501E-02
    77.04653615366820       0.5428301258260588E-02
    77.06575390411423       0.5423154218947675E-02
    77.08497165456026       0.5418007179634763E-02
    77.10418940500630       0.5412860140321849E-02
    77.12340715545233       0.5407713101008936E-02
    77.14262490589836       0.5402566061696023E-02
    77.16184265634439       0.5397419022383111E-02
    77.18106040679042       0.5392271983070198E-02
    77.20027815723645       0.5387124943757285E-02
    77.21949590768249       0.5381977904444371E-02
    77.23871365812852       0.5376830865131459E-02
    77.25793140857455       0.5371683825818546E-02
    77.27714915902058       0.5366536786505633E-02
    77.29636690946661       0.5361389747192720E-02
    77.31558465991264       0.5356242707879807E-02
    77.33480241035868       0.5351095668566894E-02
    77.35402016080471       0.5345948629253981E-02
    77.37323791125074       0.5340801589941068E-02
    77.39245566169677       0.5335654550628155E-02
    77.41167341214280       0.5330507511315243E-02
    77.43089116258884       0.5325360472002329E-02
    77.45010891303487       0.5320213432689416E-02
    77.46932666348090       0.5315066393376503E-02
    77.48854441392693       0.5309919354063591E-02
    77.50776216437296       0.5304772314750678E-02
    77.52697991481899       0.5299625275437765E-02
    77.54619766526503       0.5294478236124851E-02
    77.56541541571106       0.5289331196811939E-02
    77.58463316615709       0.5284184157499026E-02
    77.60385091660312       0.5279037118186113E-02
    77.62306866704915       0.5273890078873200E-02
    77.64228641749519       0.5268743039560288E-02
    77.66150416794122       0.5263596000247374E-02
    77.68072191838725       0.5258448960934461E-02
    77.69993966883328       0.5253301921621548E-02
    77.71915741927931       0.5248154882308636E-02
    77.73837516972534       0.5243007842995723E-02
    77.75759292017138       0.5237860803682809E-02
    77.77681067061741       0.5232713764369896E-02
    77.79602842106344       0.5227566725056984E-02
    77.81524617150947       0.5222419685744071E-02
    77.83446392195550       0.5217272646431158E-02
    77.85368167240154       0.5212125607118245E-02
    77.87289942284757       0.5206978567805332E-02
    77.89211717329360       0.5201831528492419E-02
    77.91133492373963       0.5196684489179506E-02
    77.93055267418566       0.5191537449866593E-02
    77.94977042463169       0.5186390410553680E-02
    77.96898817507773       0.5181243371240768E-02
    77.98820592552376       0.5176096331927854E-02
    78.00742367596979       0.5170949292614941E-02
    78.02664142641582       0.5165802253302028E-02
    78.04585917686185       0.5160655213989116E-02
    78.06507692730789       0.5155508174676203E-02
    78.08429467775392       0.5150361135363290E-02
    78.10351242819995       0.5145214096050376E-02
    78.12273017864598       0.5140067056737464E-02
    78.14194792909201       0.5134920017424551E-02
    78.16116567953804       0.5129772978111638E-02
    78.18038342998408       0.5124625938798725E-02
    78.19960118043011       0.5119478899485812E-02
    78.21881893087614       0.5114331860172899E-02
    78.23803668132217       0.5109184820859986E-02
    78.25725443176820       0.5104037781547073E-02
    78.27647218221423       0.5098890742234160E-02
    78.29568993266027       0.5093743702921248E-02
    78.31490768310630       0.5088596663608347E-02
    78.33412543355233       0.5083843159723949E-02
    78.35334318399836       0.5079165705140454E-02
    78.37256093444439       0.5074488250556958E-02
    78.39177868489043       0.5069810795973463E-02
    78.41099643533646       0.5065133341389969E-02
    78.43021418578249       0.5060455886806473E-02
    78.44943193622852       0.5055778432222978E-02
    78.46864968667455       0.5051100977639483E-02
    78.48786743712058       0.5046423523055989E-02
    78.50708518756662       0.5041746068472493E-02
    78.52630293801265       0.5037068613888998E-02
    78.54552068845868       0.5032391159305503E-02
    78.56473843890471       0.5027713704722008E-02
    78.58395618935074       0.5023036250138513E-02
    78.60317393979678       0.5018358795555018E-02
    78.62239169024281       0.5013681340971523E-02
    78.64160944068884       0.5009003886388028E-02
    78.66082719113487       0.5004326431804533E-02
    78.68004494158090       0.4999648977221037E-02
    78.69926269202693       0.4994971522637543E-02
    78.71848044247297       0.4990294068054048E-02
    78.73769819291900       0.4985616613470553E-02
    78.75691594336503       0.4980939158887057E-02
    78.77613369381106       0.4976261704303563E-02
    78.79535144425709       0.4971584249720068E-02
    78.81456919470313       0.4966906795136572E-02
    78.83378694514916       0.4962229340553077E-02
    78.85300469559519       0.4957551885969583E-02
    78.87222244604122       0.4952874431386087E-02
    78.89144019648725       0.4948196976802592E-02
    78.91065794693328       0.4943519522219097E-02
    78.92987569737932       0.4938842067635603E-02
    78.94909344782535       0.4934164613052107E-02
    78.96831119827138       0.4929487158468612E-02
    78.98752894871741       0.4924809703885117E-02
    79.00674669916344       0.4920132249301622E-02
    79.02596444960948       0.4915454794718127E-02
    79.04518220005551       0.4910777340134632E-02
    79.06439995050154       0.4906099885551136E-02
    79.08361770094757       0.4901422430967642E-02
    79.10283545139360       0.4896744976384147E-02
    79.12205320183963       0.4892067521800652E-02
    79.14127095228567       0.4887390067217156E-02
    79.16048870273170       0.4882712612633662E-02
    79.17970645317773       0.4878035158050167E-02
    79.19892420362376       0.4873357703466671E-02
    79.21814195406979       0.4868680248883176E-02
    79.23735970451582       0.4864002794299682E-02
    79.25657745496186       0.4859325339716186E-02
    79.27579520540789       0.4854647885132691E-02
    79.29501295585392       0.4849970430549196E-02
    79.31423070629995       0.4845292975965701E-02
    79.33344845674598       0.4840615521382206E-02
    79.35266620719202       0.4835938066798711E-02
    79.37188395763805       0.4831260612215216E-02
    79.39110170808408       0.4826583157631721E-02
    79.41031945853011       0.4821905703048226E-02
    79.42953720897614       0.4817228248464731E-02
    79.44875495942217       0.4812550793881236E-02
    79.46797270986821       0.4807873339297741E-02
    79.48719046031424       0.4803195884714246E-02
    79.50640821076027       0.4798518430130750E-02
    79.52562596120630       0.4793840975547256E-02
    79.54484371165233       0.4789163520963761E-02
    79.56406146209837       0.4784486066380266E-02
    79.58327921254440       0.4779808611796770E-02
    79.60249696299043       0.4775131157213276E-02
    79.62171471343646       0.4770453702629781E-02
    79.64093246388249       0.4765776248046285E-02
    79.66015021432852       0.4761098793462774E-02
    79.67936796477456       0.4756539278807439E-02
    79.69858571522059       0.4752276336789631E-02
    79.71780346566662       0.4748013394771822E-02
    79.73702121611265       0.4743750452754014E-02
    79.75623896655868       0.4739487510736205E-02
    79.77545671700472       0.4735224568718397E-02
    79.79467446745075       0.4730961626700589E-02
    79.81389221789678       0.4726698684682780E-02
    79.83310996834281       0.4722435742664972E-02
    79.85232771878884       0.4718172800647163E-02
    79.87154546923487       0.4713909858629355E-02
    79.89076321968091       0.4709646916611546E-02
    79.90998097012694       0.4705383974593738E-02
    79.92919872057297       0.4701121032575930E-02
    79.94841647101900       0.4696858090558121E-02
    79.96763422146503       0.4692595148540313E-02
    79.98685197191107       0.4688332206522504E-02
    80.00606972235710       0.4684069264504696E-02
    80.02528747280313       0.4679806322486887E-02
    80.04450522324916       0.4675543380469079E-02
    80.06372297369519       0.4671280438451270E-02
    80.08294072414122       0.4667017496433462E-02
    80.10215847458726       0.4662754554415654E-02
    80.12137622503329       0.4658491612397845E-02
    80.14059397547932       0.4654228670380037E-02
    80.15981172592535       0.4649965728362228E-02
    80.17902947637138       0.4645702786344420E-02
    80.19824722681741       0.4641439844326611E-02
    80.21746497726345       0.4637176902308803E-02
    80.23668272770948       0.4632913960290995E-02
    80.25590047815551       0.4628651018273186E-02
    80.27511822860154       0.4624388076255378E-02
    80.29433597904757       0.4620125134237569E-02
    80.31355372949361       0.4615862192219761E-02
    80.33277147993964       0.4611599250201952E-02
    80.35198923038567       0.4607336308184144E-02
    80.37120698083170       0.4603073366166335E-02
    80.39042473127773       0.4598810424148527E-02
    80.40964248172376       0.4594547482130719E-02
    80.42886023216980       0.4590284540112910E-02
    80.44807798261583       0.4586021598095102E-02
    80.46729573306186       0.4581758656077293E-02
    80.48651348350789       0.4577495714059485E-02
    80.50573123395392       0.4573232772041676E-02
    80.52494898439996       0.4568969830023868E-02
    80.54416673484599       0.4564706888006060E-02
    80.56338448529202       0.4560443945988251E-02
    80.58260223573805       0.4556181003970443E-02
    80.60181998618408       0.4551918061952634E-02
    80.62103773663011       0.4547655119934826E-02
    80.64025548707615       0.4543392177917017E-02
    80.65947323752218       0.4539129235899209E-02
    80.67869098796821       0.4534866293881401E-02
    80.69790873841424       0.4530603351863592E-02
    80.71712648886027       0.4526340409845784E-02
    80.73634423930631       0.4522077467827975E-02
    80.75556198975234       0.4517814525810167E-02
    80.77477974019837       0.4513551583792358E-02
    80.79399749064440       0.4509288641774550E-02
    80.81321524109043       0.4505025699756741E-02
    80.83243299153646       0.4500762757738933E-02
    80.85165074198250       0.4496499815721125E-02
    80.87086849242853       0.4492236873703316E-02
    80.89008624287456       0.4487973931685508E-02
    80.90930399332059       0.4483710989667699E-02
    80.92852174376662       0.4479448047649891E-02
    80.94773949421266       0.4475185105632083E-02
    80.96695724465869       0.4470922163614274E-02
    80.98617499510472       0.4466659221596446E-02
    81.00539274555075       0.4462474928319712E-02
    81.02461049599678       0.4458578599245078E-02
    81.04382824644281       0.4454682270170443E-02
    81.06304599688885       0.4450785941095809E-02
    81.08226374733488       0.4446889612021174E-02
    81.10148149778091       0.4442993282946540E-02
    81.12069924822694       0.4439096953871906E-02
    81.13991699867297       0.4435200624797271E-02
    81.15913474911900       0.4431304295722637E-02
    81.17835249956504       0.4427407966648002E-02
    81.19757025001107       0.4423511637573368E-02
    81.21678800045710       0.4419615308498734E-02
    81.23600575090313       0.4415718979424100E-02
    81.25522350134916       0.4411822650349465E-02
    81.27444125179520       0.4407926321274831E-02
    81.29365900224123       0.4404029992200196E-02
    81.31287675268726       0.4400133663125562E-02
    81.33209450313329       0.4396237334050927E-02
    81.35131225357932       0.4392341004976293E-02
    81.37053000402535       0.4388444675901659E-02
    81.38974775447139       0.4384548346827025E-02
    81.40896550491742       0.4380652017752390E-02
    81.42818325536345       0.4376755688677756E-02
    81.44740100580948       0.4372859359603121E-02
    81.46661875625551       0.4368963030528487E-02
    81.48583650670155       0.4365066701453853E-02
    81.50505425714758       0.4361170372379219E-02
    81.52427200759361       0.4357274043304584E-02
    81.54348975803964       0.4353377714229950E-02
    81.56270750848567       0.4349481385155315E-02
    81.58192525893170       0.4345585056080681E-02
    81.60114300937774       0.4341688727006047E-02
    81.62036075982377       0.4337792397931413E-02
    81.63957851026980       0.4333896068856778E-02
    81.65879626071583       0.4329999739782144E-02
    81.67801401116186       0.4326103410707509E-02
    81.69723176160790       0.4322207081632875E-02
    81.71644951205393       0.4318310752558240E-02
    81.73566726249996       0.4314414423483607E-02
    81.75488501294599       0.4310518094408972E-02
    81.77410276339202       0.4306621765334338E-02
    81.79332051383805       0.4302725436259703E-02
    81.81253826428409       0.4298829107185069E-02
    81.83175601473012       0.4294932778110434E-02
    81.85097376517615       0.4291036449035801E-02
    81.87019151562218       0.4287140119961166E-02
    81.88940926606821       0.4283243790886532E-02
    81.90862701651425       0.4279347461811897E-02
    81.92784476696028       0.4275451132737263E-02
    81.94706251740631       0.4271554803662628E-02
    81.96628026785234       0.4267658474587994E-02
    81.98549801829837       0.4263762145513360E-02
    82.00471576874440       0.4259865816438725E-02
    82.02393351919044       0.4255969487364091E-02
    82.04315126963647       0.4252073158289457E-02
    82.06236902008250       0.4248176829214822E-02
    82.08158677052853       0.4244280500140188E-02
    82.10080452097456       0.4240384171065554E-02
    82.12002227142059       0.4236487841990919E-02
    82.13924002186663       0.4232591512916285E-02
    82.15845777231266       0.4228695183841650E-02
    82.17767552275869       0.4224798854767016E-02
    82.19689327320472       0.4220902525692381E-02
    82.21611102365075       0.4217006196617748E-02
    82.23532877409679       0.4213109867543113E-02
    82.25454652454282       0.4209213538468479E-02
    82.27376427498885       0.4205317209393844E-02
    82.29298202543488       0.4201420880319195E-02
    82.31219977588091       0.4197656516595970E-02
    82.33141752632694       0.4194085752368139E-02
    82.35063527677298       0.4190514988140309E-02
    82.36985302721901       0.4186944223912479E-02
    82.38907077766504       0.4183373459684648E-02
    82.40828852811107       0.4179802695456817E-02
    82.42750627855710       0.4176231931228986E-02
    82.44672402900314       0.4172661167001155E-02
    82.46594177944917       0.4169090402773325E-02
    82.48515952989520       0.4165519638545495E-02
    82.50437728034123       0.4161948874317664E-02
    82.52359503078726       0.4158378110089833E-02
    82.54281278123329       0.4154807345862002E-02
    82.56203053167933       0.4151236581634171E-02
    82.58124828212536       0.4147665817406341E-02
    82.60046603257139       0.4144095053178511E-02
    82.61968378301742       0.4140524288950680E-02
    82.63890153346345       0.4136953524722849E-02
    82.65811928390949       0.4133382760495018E-02
    82.67733703435552       0.4129811996267187E-02
    82.69655478480155       0.4126241232039357E-02
    82.71577253524758       0.4122670467811527E-02
    82.73499028569361       0.4119099703583696E-02
    82.75420803613964       0.4115528939355865E-02
    82.77342578658568       0.4111958175128034E-02
    82.79264353703171       0.4108387410900203E-02
    82.81186128747774       0.4104816646672373E-02
    82.83107903792377       0.4101245882444543E-02
    82.85029678836980       0.4097675118216712E-02
    82.86951453881584       0.4094104353988881E-02
    82.88873228926187       0.4090533589761050E-02
    82.90795003970790       0.4086962825533219E-02
    82.92716779015393       0.4083392061305389E-02
    82.94638554059996       0.4079821297077559E-02
    82.96560329104599       0.4076250532849728E-02
    82.98482104149203       0.4072679768621897E-02
    83.00403879193806       0.4069109004394066E-02
    83.02325654238409       0.4065538240166235E-02
    83.04247429283012       0.4061967475938405E-02
    83.06169204327615       0.4058396711710575E-02
    83.08090979372218       0.4054825947482744E-02
    83.10012754416822       0.4051255183254913E-02
    83.11934529461425       0.4047684419027082E-02
    83.13856304506028       0.4044113654799252E-02
    83.15778079550631       0.4040542890571421E-02
    83.17699854595234       0.4036972126343591E-02
    83.19621629639838       0.4033401362115760E-02
    83.21543404684441       0.4029830597887929E-02
    83.23465179729044       0.4026259833660098E-02
    83.25386954773647       0.4022689069432268E-02
    83.27308729818250       0.4019118305204437E-02
    83.29230504862853       0.4015547540976606E-02
    83.31152279907457       0.4011976776748776E-02
    83.33074054952060       0.4008406012520945E-02
    83.34995829996663       0.4004835248293114E-02
    83.36917605041266       0.4001264484065284E-02
    83.38839380085869       0.3997693719837453E-02
    83.40761155130473       0.3994122955609622E-02
    83.42682930175076       0.3990552191381792E-02
    83.44604705219679       0.3986981427153961E-02
    83.46526480264282       0.3983410662926130E-02
    83.48448255308885       0.3979839898698300E-02
    83.50370030353488       0.3976269134470469E-02
    83.52291805398092       0.3972698370242638E-02
    83.54213580442695       0.3969127606014808E-02
    83.56135355487298       0.3965556841786977E-02
    83.58057130531901       0.3961986077559174E-02
    83.59978905576504       0.3958612104787134E-02
    83.61900680621108       0.3955331161459385E-02
    83.63822455665711       0.3952050218131636E-02
    83.65744230710314       0.3948769274803888E-02
    83.67666005754917       0.3945488331476139E-02
    83.69587780799520       0.3942207388148391E-02
    83.71509555844123       0.3938926444820642E-02
    83.73431330888727       0.3935645501492893E-02
    83.75353105933330       0.3932364558165144E-02
    83.77274880977933       0.3929083614837395E-02
    83.79196656022536       0.3925802671509647E-02
    83.81118431067139       0.3922521728181898E-02
    83.83040206111743       0.3919240784854150E-02
    83.84961981156346       0.3915959841526401E-02
    83.86883756200949       0.3912678898198652E-02
    83.88805531245552       0.3909397954870903E-02
    83.90727306290155       0.3906117011543155E-02
    83.92649081334758       0.3902836068215406E-02
    83.94570856379362       0.3899555124887657E-02
    83.96492631423965       0.3896274181559909E-02
    83.98414406468568       0.3892993238232160E-02
    84.00336181513171       0.3889712294904411E-02
    84.02257956557774       0.3886431351576662E-02
    84.04179731602378       0.3883150408248914E-02
    84.06101506646981       0.3879869464921165E-02
    84.08023281691584       0.3876588521593417E-02
    84.09945056736187       0.3873307578265668E-02
    84.11866831780790       0.3870026634937919E-02
    84.13788606825393       0.3866745691610171E-02
    84.15710381869997       0.3863464748282422E-02
    84.17632156914600       0.3860183804954673E-02
    84.19553931959203       0.3856902861626924E-02
    84.21475707003806       0.3853621918299176E-02
    84.23397482048409       0.3850340974971427E-02
    84.25319257093012       0.3847060031643678E-02
    84.27241032137616       0.3843779088315930E-02
    84.29162807182219       0.3840498144988181E-02
    84.31084582226822       0.3837217201660432E-02
    84.33006357271425       0.3833936258332683E-02
    84.34928132316028       0.3830655315004935E-02
    84.36849907360632       0.3827374371677186E-02
    84.38771682405235       0.3824093428349437E-02
    84.40693457449838       0.3820812485021689E-02
    84.42615232494441       0.3817531541693940E-02
    84.44537007539044       0.3814250598366191E-02
    84.46458782583647       0.3810969655038443E-02
    84.48380557628251       0.3807688711710694E-02
    84.50302332672854       0.3804407768382945E-02
    84.52224107717457       0.3801126825055197E-02
    84.54145882762060       0.3797845881727448E-02
    84.56067657806663       0.3794564938399699E-02
    84.57989432851267       0.3791283995071951E-02
    84.59911207895870       0.3788003051744202E-02
    84.61832982940473       0.3784722108416453E-02
    84.63754757985076       0.3781441165088704E-02
    84.65676533029679       0.3778160221760956E-02
    84.67598308074282       0.3774879278433207E-02
    84.69520083118886       0.3771598335105458E-02
    84.71441858163489       0.3768317391777709E-02
    84.73363633208092       0.3765036448449961E-02
    84.75285408252695       0.3761755505122212E-02
    84.77207183297298       0.3758474561794463E-02
    84.79128958341902       0.3755193618466715E-02
    84.81050733386505       0.3751912675138966E-02
    84.82972508431108       0.3748631731811218E-02
    84.84894283475711       0.3745350788483497E-02
    84.86816058520314       0.3742299419102507E-02
    84.88737833564917       0.3739277229053025E-02
    84.90659608609521       0.3736255039003543E-02
    84.92581383654124       0.3733232848954060E-02
    84.94503158698727       0.3730210658904578E-02
    84.96424933743330       0.3727188468855096E-02
    84.98346708787933       0.3724166278805613E-02
    85.00268483832537       0.3721144088756131E-02
    85.02190258877140       0.3718121898706649E-02
    85.04112033921743       0.3715099708657166E-02
    85.06033808966346       0.3712077518607684E-02
    85.07955584010949       0.3709055328558202E-02
    85.09877359055552       0.3706033138508719E-02
    85.11799134100156       0.3703010948459237E-02
    85.13720909144759       0.3699988758409755E-02
    85.15642684189362       0.3696966568360272E-02
    85.17564459233965       0.3693944378310790E-02
    85.19486234278568       0.3690922188261307E-02
    85.21408009323171       0.3687899998211825E-02
    85.23329784367775       0.3684877808162343E-02
    85.25251559412378       0.3681855618112860E-02
    85.27173334456981       0.3678833428063378E-02
    85.29095109501584       0.3675811238013896E-02
    85.31016884546187       0.3672789047964413E-02
    85.32938659590791       0.3669766857914931E-02
    85.34860434635394       0.3666744667865449E-02
    85.36782209679997       0.3663722477815966E-02
    85.38703984724600       0.3660700287766484E-02
    85.40625759769203       0.3657678097717002E-02
    85.42547534813806       0.3654655907667519E-02
    85.44469309858410       0.3651633717618037E-02
    85.46391084903013       0.3648611527568555E-02
    85.48312859947616       0.3645589337519072E-02
    85.50234634992219       0.3642567147469590E-02
    85.52156410036822       0.3639544957420108E-02
    85.54078185081426       0.3636522767370625E-02
    85.55999960126029       0.3633500577321143E-02
    85.57921735170632       0.3630478387271660E-02
    85.59843510215235       0.3627456197222178E-02
    85.61765285259838       0.3624434007172696E-02
    85.63687060304441       0.3621411817123213E-02
    85.65608835349045       0.3618389627073731E-02
    85.67530610393648       0.3615367437024249E-02
    85.69452385438251       0.3612345246974766E-02
    85.71374160482854       0.3609323056925284E-02
    85.73295935527457       0.3606300866875802E-02
    85.75217710572061       0.3603278676826320E-02
    85.77139485616664       0.3600256486776837E-02
    85.79061260661267       0.3597234296727355E-02
    85.80983035705870       0.3594212106677873E-02
    85.82904810750473       0.3591189916628390E-02
    85.84826585795076       0.3588167726578908E-02
    85.86748360839680       0.3585145536529426E-02
    85.88670135884283       0.3582123346479943E-02
    85.90591910928886       0.3579101156430461E-02
    85.92513685973489       0.3576078966380978E-02
    85.94435461018092       0.3573056776331496E-02
    85.96357236062696       0.3570034586282014E-02
    85.98279011107299       0.3567012396232531E-02
    86.00200786151902       0.3563990206183049E-02
    86.02122561196505       0.3560968016133567E-02
    86.04044336241108       0.3557945826084084E-02
    86.05966111285711       0.3554923636034602E-02
    86.07887886330315       0.3551901445985120E-02
    86.09809661374918       0.3548879255935610E-02
    86.11731436419521       0.3546067375771574E-02
    86.13653211464124       0.3543277008508952E-02
    86.15574986508727       0.3540486641246331E-02
    86.17496761553330       0.3537696273983709E-02
    86.19418536597934       0.3534905906721088E-02
    86.21340311642537       0.3532115539458466E-02
    86.23262086687140       0.3529325172195845E-02
    86.25183861731743       0.3526534804933224E-02
    86.27105636776346       0.3523744437670602E-02
    86.29027411820950       0.3520954070407981E-02
    86.30949186865553       0.3518163703145360E-02
    86.32870961910156       0.3515373335882738E-02
    86.34792736954759       0.3512582968620117E-02
    86.36714511999362       0.3509792601357495E-02
    86.38636287043965       0.3507002234094874E-02
    86.40558062088569       0.3504211866832252E-02
    86.42479837133172       0.3501421499569631E-02
    86.44401612177775       0.3498631132307009E-02
    86.46323387222378       0.3495840765044388E-02
    86.48245162266981       0.3493050397781766E-02
    86.50166937311585       0.3490260030519145E-02
    86.52088712356188       0.3487469663256524E-02
    86.54010487400791       0.3484679295993902E-02
    86.55932262445394       0.3481888928731281E-02
    86.57854037489997       0.3479098561468659E-02
    86.59775812534600       0.3476308194206038E-02
    86.61697587579204       0.3473517826943417E-02
    86.63619362623807       0.3470727459680795E-02
    86.65541137668410       0.3467937092418174E-02
    86.67462912713013       0.3465146725155552E-02
    86.69384687757616       0.3462356357892931E-02
    86.71306462802220       0.3459565990630310E-02
    86.73228237846823       0.3456775623367688E-02
    86.75150012891426       0.3453985256105067E-02
    86.77071787936029       0.3451194888842445E-02
    86.78993562980632       0.3448404521579824E-02
    86.80915338025235       0.3445614154317202E-02
    86.82837113069839       0.3442823787054581E-02
    86.84758888114442       0.3440033419791959E-02
    86.86680663159045       0.3437243052529338E-02
    86.88602438203648       0.3434452685266717E-02
    86.90524213248251       0.3431662318004095E-02
    86.92445988292855       0.3428871950741474E-02
    86.94367763337458       0.3426081583478853E-02
    86.96289538382061       0.3423291216216231E-02
    86.98211313426664       0.3420500848953610E-02
    87.00133088471267       0.3417710481690988E-02
    87.02054863515870       0.3414920114428367E-02
    87.03976638560474       0.3412129747165745E-02
    87.05898413605077       0.3409339379903124E-02
    87.07820188649680       0.3406549012640502E-02
    87.09741963694283       0.3403758645377881E-02
    87.11663738738886       0.3400968278115259E-02
    87.13585513783489       0.3398177910852638E-02
    87.15507288828093       0.3395387543590017E-02
    87.17429063872696       0.3392597176327395E-02
    87.19350838917299       0.3389806809064774E-02
    87.21272613961902       0.3387016441802153E-02
    87.23194389006505       0.3384226074539531E-02
    87.25116164051109       0.3381435707276910E-02
    87.27037939095712       0.3378645340014288E-02
    87.28959714140315       0.3375854972751667E-02
    87.30881489184918       0.3373064605489045E-02
    87.32803264229521       0.3370274238226436E-02
    87.34725039274124       0.3367616726483630E-02
    87.36646814318728       0.3365034436034758E-02
    87.38568589363331       0.3362452145585885E-02
    87.40490364407934       0.3359869855137013E-02
    87.42412139452537       0.3357287564688140E-02
    87.44333914497140       0.3354705274239268E-02
    87.46255689541744       0.3352122983790395E-02
    87.48177464586347       0.3349540693341523E-02
    87.50099239630950       0.3346958402892650E-02
    87.52021014675553       0.3344376112443778E-02
    87.53942789720156       0.3341793821994905E-02
    87.55864564764759       0.3339211531546033E-02
    87.57786339809363       0.3336629241097160E-02
    87.59708114853966       0.3334046950648288E-02
    87.61629889898569       0.3331464660199416E-02
    87.63551664943172       0.3328882369750543E-02
    87.65473439987775       0.3326300079301671E-02
    87.67395215032379       0.3323717788852798E-02
    87.69316990076982       0.3321135498403926E-02
    87.71238765121585       0.3318553207955053E-02
    87.73160540166188       0.3315970917506181E-02
    87.75082315210791       0.3313388627057308E-02
    87.77004090255394       0.3310806336608436E-02
    87.78925865299998       0.3308224046159563E-02
    87.80847640344601       0.3305641755710691E-02
    87.82769415389204       0.3303059465261818E-02
    87.84691190433807       0.3300477174812946E-02
    87.86612965478410       0.3297894884364074E-02
    87.88534740523014       0.3295312593915201E-02
    87.90456515567617       0.3292730303466329E-02
    87.92378290612220       0.3290148013017456E-02
    87.94300065656823       0.3287565722568584E-02
    87.96221840701426       0.3284983432119712E-02
    87.98143615746029       0.3282401141670839E-02
    88.00065390790633       0.3279818851221966E-02
    88.01987165835236       0.3277236560773094E-02
    88.03908940879839       0.3274654270324221E-02
    88.05830715924442       0.3272071979875349E-02
    88.07752490969045       0.3269489689426477E-02
    88.09674266013648       0.3266907398977604E-02
    88.11596041058252       0.3264325108528732E-02
    88.13517816102855       0.3261742818079859E-02
    88.15439591147458       0.3259160527630987E-02
    88.17361366192061       0.3256578237182114E-02
    88.19283141236664       0.3253995946733242E-02
    88.21204916281268       0.3251413656284370E-02
    88.23126691325871       0.3248831365835497E-02
    88.25048466370474       0.3246249075386625E-02
    88.26970241415077       0.3243666784937752E-02
    88.28892016459680       0.3241084494488880E-02
    88.30813791504283       0.3238502204040007E-02
    88.32735566548887       0.3235919913591135E-02
    88.34657341593490       0.3233337623142262E-02
    88.36579116638093       0.3230755332693390E-02
    88.38500891682696       0.3228173042244517E-02
    88.40422666727299       0.3225590751795645E-02
    88.42344441771903       0.3223008461346772E-02
    88.44266216816506       0.3220426170897900E-02
    88.46187991861109       0.3217843880449028E-02
    88.48109766905712       0.3215261590000155E-02
    88.50031541950315       0.3212679299551283E-02
    88.51953316994918       0.3210097009102410E-02
    88.53875092039522       0.3207514718653538E-02
    88.55796867084125       0.3204932428204653E-02
    88.57718642128728       0.3202536882046704E-02
    88.59640417173331       0.3200142129545826E-02
    88.61562192217934       0.3197747377044949E-02
    88.63483967262538       0.3195352624544071E-02
    88.65405742307141       0.3192957872043193E-02
    88.67327517351744       0.3190563119542315E-02
    88.69249292396347       0.3188168367041438E-02
    88.71171067440950       0.3185773614540560E-02
    88.73092842485553       0.3183378862039682E-02
    88.75014617530157       0.3180984109538805E-02
    88.76936392574760       0.3178589357037927E-02
    88.78858167619363       0.3176194604537049E-02
    88.80779942663966       0.3173799852036171E-02
    88.82701717708569       0.3171405099535294E-02
    88.84623492753173       0.3169010347034416E-02
    88.86545267797776       0.3166615594533539E-02
    88.88467042842379       0.3164220842032661E-02
    88.90388817886982       0.3161826089531783E-02
    88.92310592931585       0.3159431337030905E-02
    88.94232367976188       0.3157036584530028E-02
    88.96154143020792       0.3154641832029150E-02
    88.98075918065395       0.3152247079528272E-02
    88.99997693109998       0.3149852327027395E-02
    89.01919468154601       0.3147457574526517E-02
    89.03841243199204       0.3145062822025640E-02
    89.05763018243807       0.3142668069524762E-02
    89.07684793288411       0.3140273317023884E-02
    89.09606568333014       0.3137878564523006E-02
    89.11528343377617       0.3135483812022128E-02
    89.13450118422220       0.3133089059521251E-02
    89.15371893466823       0.3130694307020373E-02
    89.17293668511427       0.3128299554519496E-02
    89.19215443556030       0.3125904802018618E-02
    89.21137218600633       0.3123510049517740E-02
    89.23058993645236       0.3121115297016862E-02
    89.24980768689839       0.3118720544515985E-02
    89.26902543734442       0.3116325792015107E-02
    89.28824318779046       0.3113931039514229E-02
    89.30746093823649       0.3111536287013352E-02
    89.32667868868252       0.3109141534512474E-02
    89.34589643912855       0.3106746782011596E-02
    89.36511418957458       0.3104352029510719E-02
    89.38433194002062       0.3101957277009841E-02
    89.40354969046665       0.3099562524508963E-02
    89.42276744091268       0.3097167772008086E-02
    89.44198519135871       0.3094773019507208E-02
    89.46120294180474       0.3092378267006330E-02
    89.48042069225077       0.3089983514505453E-02
    89.49963844269681       0.3087588762004575E-02
    89.51885619314284       0.3085194009503697E-02
    89.53807394358887       0.3082799257002819E-02
    89.55729169403490       0.3080404504501942E-02
    89.57650944448093       0.3078009752001064E-02
    89.59572719492697       0.3075614999500187E-02
    89.61494494537300       0.3073220246999309E-02
    89.63416269581903       0.3070825494498431E-02
    89.65338044626506       0.3068430741997553E-02
    89.67259819671109       0.3066035989496676E-02
    89.69181594715712       0.3063641236995798E-02
    89.71103369760316       0.3061246484494920E-02
    89.73025144804919       0.3058851731994043E-02
    89.74946919849522       0.3056456979493165E-02
    89.76868694894125       0.3054062226992304E-02
    89.78790469938728       0.3051820760204393E-02
    89.80712244983332       0.3049595261220233E-02
    89.82634020027935       0.3047369762236073E-02
    89.84555795072538       0.3045144263251913E-02
    89.86477570117141       0.3042918764267753E-02
    89.88399345161744       0.3040693265283593E-02
    89.90321120206347       0.3038467766299432E-02
    89.92242895250951       0.3036242267315272E-02
    89.94164670295554       0.3034016768331112E-02
    89.96086445340157       0.3031791269346952E-02
    89.98008220384760       0.3029565770362791E-02
    89.99929995429363       0.3027340271378631E-02
    90.01851770473966       0.3025114772394471E-02
    90.03773545518570       0.3022889273410311E-02
    90.05695320563173       0.3020663774426151E-02
    90.07617095607776       0.3018438275441991E-02
    90.09538870652379       0.3016212776457831E-02
    90.11460645696982       0.3013987277473670E-02
    90.13382420741586       0.3011761778489510E-02
    90.15304195786189       0.3009536279505350E-02
    90.17225970830792       0.3007310780521190E-02
    90.19147745875395       0.3005085281537030E-02
    90.21069520919998       0.3002859782552870E-02
    90.22991295964601       0.3000634283568710E-02
    90.24913071009205       0.2998408784584549E-02
    90.26834846053808       0.2996183285600389E-02
    90.28756621098411       0.2993957786616229E-02
    90.30678396143014       0.2991732287632069E-02
    90.32600171187617       0.2989506788647909E-02
    90.34521946232221       0.2987281289663749E-02
    90.36443721276824       0.2985055790679589E-02
    90.38365496321427       0.2982830291695428E-02
    90.40287271366030       0.2980604792711268E-02
    90.42209046410633       0.2978379293727108E-02
    90.44130821455236       0.2976153794742948E-02
    90.46052596499840       0.2973928295758788E-02
    90.47974371544443       0.2971702796774627E-02
    90.49896146589046       0.2969477297790467E-02
    90.51817921633649       0.2967251798806307E-02
    90.53739696678252       0.2965026299822147E-02
    90.55661471722856       0.2962800800837987E-02
    90.57583246767459       0.2960575301853827E-02
    90.59505021812062       0.2958349802869666E-02
    90.61426796856665       0.2956124303885506E-02
    90.63348571901268       0.2953898804901346E-02
    90.65270346945871       0.2951673305917186E-02
    90.67192121990475       0.2949447806933026E-02
    90.69113897035078       0.2947222307948866E-02
    90.71035672079681       0.2944996808964706E-02
    90.72957447124284       0.2942771309980545E-02
    90.74879222168887       0.2940545810996385E-02
    90.76800997213491       0.2938320312012225E-02
    90.78722772258094       0.2936094813028065E-02
    90.80644547302697       0.2933869314043905E-02
    90.82566322347300       0.2931643815059744E-02
    90.84488097391903       0.2929418316075584E-02
    90.86409872436506       0.2927192817091424E-02
    90.88331647481110       0.2924967318107264E-02
    90.90253422525713       0.2922741819123104E-02
    90.92175197570316       0.2920516320138944E-02
    90.94096972614919       0.2918290821154784E-02
    90.96018747659522       0.2916065322170620E-02
    90.97940522704125       0.2913886685668422E-02
    90.99862297748729       0.2911814472927919E-02
    91.01784072793332       0.2909742260187417E-02
    91.03705847837935       0.2907670047446914E-02
    91.05627622882538       0.2905597834706411E-02
    91.07549397927141       0.2903525621965908E-02
    91.09471172971745       0.2901453409225405E-02
    91.11392948016348       0.2899381196484902E-02
    91.13314723060951       0.2897308983744399E-02
    91.15236498105554       0.2895236771003896E-02
    91.17158273150157       0.2893164558263394E-02
    91.19080048194760       0.2891092345522891E-02
    91.21001823239364       0.2889020132782388E-02
    91.22923598283967       0.2886947920041885E-02
    91.24845373328570       0.2884875707301382E-02
    91.26767148373173       0.2882803494560879E-02
    91.28688923417776       0.2880731281820376E-02
    91.30610698462380       0.2878659069079873E-02
    91.32532473506983       0.2876586856339370E-02
    91.34454248551586       0.2874514643598868E-02
    91.36376023596189       0.2872442430858365E-02
    91.38297798640792       0.2870370218117862E-02
    91.40219573685395       0.2868298005377359E-02
    91.42141348729999       0.2866225792636856E-02
    91.44063123774602       0.2864153579896353E-02
    91.45984898819205       0.2862081367155850E-02
    91.47906673863808       0.2860009154415347E-02
    91.49828448908411       0.2857936941674845E-02
    91.51750223953015       0.2855864728934342E-02
    91.53671998997618       0.2853792516193839E-02
    91.55593774042221       0.2851720303453336E-02
    91.57515549086824       0.2849648090712833E-02
    91.59437324131427       0.2847575877972330E-02
    91.61359099176030       0.2845503665231827E-02
    91.63280874220634       0.2843431452491324E-02
    91.65202649265237       0.2841359239750822E-02
    91.67124424309840       0.2839287027010319E-02
    91.69046199354443       0.2837214814269815E-02
    91.70967974399046       0.2835142601529313E-02
    91.72889749443650       0.2833070388788810E-02
    91.74811524488253       0.2830998176048307E-02
    91.76733299532856       0.2828925963307804E-02
    91.78655074577459       0.2826853750567301E-02
    91.80576849622062       0.2824781537826798E-02
    91.82498624666665       0.2822709325086296E-02
    91.84420399711269       0.2820637112345792E-02
    91.86342174755872       0.2818564899605290E-02
    91.88263949800475       0.2816492686864787E-02
    91.90185724845078       0.2814420474124284E-02
    91.92107499889681       0.2812348261383781E-02
    91.94029274934285       0.2810276048643278E-02
    91.95951049978888       0.2808203835902775E-02
    91.97872825023491       0.2806131623162273E-02
    91.99794600068094       0.2804059410421769E-02
    92.01716375112697       0.2801987197681266E-02
    92.03638150157300       0.2799914984940764E-02
    92.05559925201904       0.2797842772200261E-02
    92.07481700246507       0.2795770559459758E-02
    92.09403475291110       0.2793698346719255E-02
    92.11325250335713       0.2791626133978752E-02
    92.13247025380316       0.2789553921238249E-02
    92.15168800424919       0.2787481708497752E-02
    92.17090575469523       0.2785429574361077E-02
    92.19012350514126       0.2783496374479911E-02
    92.20934125558729       0.2781563174598745E-02
    92.22855900603332       0.2779629974717579E-02
    92.24777675647935       0.2777696774836413E-02
    92.26699450692539       0.2775763574955247E-02
    92.28621225737142       0.2773830375074081E-02
    92.30543000781745       0.2771897175192915E-02
    92.32464775826348       0.2769963975311749E-02
    92.34386550870951       0.2768030775430583E-02
    92.36308325915554       0.2766097575549417E-02
    92.38230100960158       0.2764164375668251E-02
    92.40151876004761       0.2762231175787085E-02
    92.42073651049364       0.2760297975905919E-02
    92.43995426093967       0.2758364776024753E-02
    92.45917201138570       0.2756431576143587E-02
    92.47838976183174       0.2754498376262421E-02
    92.49760751227777       0.2752565176381255E-02
    92.51682526272380       0.2750631976500089E-02
    92.53604301316983       0.2748698776618923E-02
    92.55526076361586       0.2746765576737757E-02
    92.57447851406189       0.2744832376856591E-02
    92.59369626450793       0.2742899176975425E-02
    92.61291401495396       0.2740965977094259E-02
    92.63213176539999       0.2739032777213093E-02
    92.65134951584602       0.2737099577331927E-02
    92.67056726629205       0.2735166377450761E-02
    92.68978501673809       0.2733233177569595E-02
    92.70900276718412       0.2731299977688428E-02
    92.72822051763015       0.2729366777807263E-02
    92.74743826807618       0.2727433577926097E-02
    92.76665601852221       0.2725500378044930E-02
    92.78587376896824       0.2723567178163765E-02
    92.80509151941428       0.2721633978282598E-02
    92.82430926986031       0.2719700778401433E-02
    92.84352702030634       0.2717767578520266E-02
    92.86274477075237       0.2715834378639100E-02
    92.88196252119840       0.2713901178757935E-02
    92.90118027164444       0.2711967978876768E-02
    92.92039802209047       0.2710034778995602E-02
    92.93961577253650       0.2708101579114436E-02
    92.95883352298253       0.2706168379233270E-02
    92.97805127342856       0.2704235179352104E-02
    92.99726902387459       0.2702301979470938E-02
    93.01648677432063       0.2700368779589772E-02
    93.03570452476666       0.2698435579708606E-02
    93.05492227521269       0.2696502379827440E-02
    93.07414002565872       0.2694569179946274E-02
    93.09335777610475       0.2692635980065108E-02
    93.11257552655078       0.2690702780183942E-02
    93.13179327699682       0.2688769580302776E-02
    93.15101102744285       0.2686836380421610E-02
    93.17022877788888       0.2684903180540444E-02
    93.18944652833491       0.2682969980659278E-02
    93.20866427878094       0.2681036780778112E-02
    93.22788202922698       0.2679103580896946E-02
    93.24709977967301       0.2677170381015780E-02
    93.26631753011904       0.2675237181134614E-02
    93.28553528056507       0.2673303981253448E-02
    93.30475303101110       0.2671370781372282E-02
    93.32397078145713       0.2669437581491116E-02
    93.34318853190317       0.2667504381609960E-02
    93.36240628234920       0.2665618680927836E-02
    93.38162403279523       0.2663811976617255E-02
    93.40084178324126       0.2662005272306675E-02
    93.42005953368729       0.2660198567996095E-02
    93.43927728413333       0.2658391863685514E-02
    93.45849503457936       0.2656585159374933E-02
    93.47771278502539       0.2654778455064353E-02
    93.49693053547142       0.2652971750753772E-02
    93.51614828591745       0.2651165046443192E-02
    93.53536603636348       0.2649358342132611E-02
    93.55458378680952       0.2647551637822031E-02
    93.57380153725555       0.2645744933511450E-02
    93.59301928770158       0.2643938229200870E-02
    93.61223703814761       0.2642131524890289E-02
    93.63145478859364       0.2640324820579709E-02
    93.65067253903968       0.2638518116269128E-02
    93.66989028948571       0.2636711411958548E-02
    93.68910803993174       0.2634904707647967E-02
    93.70832579037777       0.2633098003337387E-02
    93.72754354082380       0.2631291299026806E-02
    93.74676129126983       0.2629484594716226E-02
    93.76597904171587       0.2627677890405645E-02
    93.78519679216190       0.2625871186095065E-02
    93.80441454260793       0.2624064481784484E-02
    93.82363229305396       0.2622257777473904E-02
    93.84285004349999       0.2620451073163323E-02
    93.86206779394603       0.2618644368852743E-02
    93.88128554439206       0.2616837664542162E-02
    93.90050329483809       0.2615030960231582E-02
    93.91972104528412       0.2613224255921001E-02
    93.93893879573015       0.2611417551610421E-02
    93.95815654617618       0.2609610847299840E-02
    93.97737429662222       0.2607804142989260E-02
    93.99659204706825       0.2605997438678679E-02
    94.01580979751428       0.2604190734368099E-02
    94.03502754796031       0.2602384030057518E-02
    94.05424529840634       0.2600577325746938E-02
    94.07346304885237       0.2598770621436357E-02
    94.09268079929841       0.2596963917125777E-02
    94.11189854974444       0.2595157212815196E-02
    94.13111630019047       0.2593350508504616E-02
    94.15033405063650       0.2591543804194035E-02
    94.16955180108253       0.2589737099883455E-02
    94.18876955152857       0.2587930395572874E-02
    94.20798730197460       0.2586123691262294E-02
    94.22720505242063       0.2584316986951713E-02
    94.24642280286666       0.2582510282641133E-02
    94.26564055331269       0.2580703578330552E-02
    94.28485830375872       0.2578896874019972E-02
    94.30407605420476       0.2577090169709391E-02
    94.32329380465079       0.2575283465398811E-02
    94.34251155509682       0.2573476761088230E-02
    94.36172930554285       0.2571670056777650E-02
    94.38094705598888       0.2569863352467069E-02
    94.40016480643492       0.2568056648156489E-02
    94.41938255688095       0.2566249943845908E-02
    94.43860030732698       0.2564443239535328E-02
    94.45781805777301       0.2562636535224747E-02
    94.47703580821904       0.2560829830914167E-02
    94.49625355866507       0.2559023126603586E-02
    94.51547130911111       0.2557216422293005E-02
    94.53468905955714       0.2555409717982422E-02
    94.55390681000317       0.2553713713437529E-02
    94.57312456044920       0.2552022397877554E-02
    94.59234231089523       0.2550331082317579E-02
    94.61156006134127       0.2548639766757604E-02
    94.63077781178730       0.2546948451197629E-02
    94.64999556223333       0.2545257135637654E-02
    94.66921331267936       0.2543565820077680E-02
    94.68843106312539       0.2541874504517704E-02
    94.70764881357142       0.2540183188957730E-02
    94.72686656401746       0.2538491873397755E-02
    94.74608431446349       0.2536800557837780E-02
    94.76530206490952       0.2535109242277805E-02
    94.78451981535555       0.2533417926717830E-02
    94.80373756580158       0.2531726611157855E-02
    94.82295531624762       0.2530035295597880E-02
    94.84217306669365       0.2528343980037906E-02
    94.86139081713968       0.2526652664477930E-02
    94.88060856758571       0.2524961348917956E-02
    94.89982631803174       0.2523270033357981E-02
    94.91904406847777       0.2521578717798006E-02
    94.93826181892381       0.2519887402238031E-02
    94.95747956936984       0.2518196086678056E-02
    94.97669731981587       0.2516504771118081E-02
    94.99591507026190       0.2514813455558106E-02
    95.01513282070793       0.2513122139998131E-02
    95.03435057115396       0.2511430824438156E-02
    95.05356832160000       0.2509739508878181E-02
    95.07278607204603       0.2508048193318207E-02
    95.09200382249206       0.2506356877758231E-02
    95.11122157293809       0.2504665562198257E-02
    95.13043932338412       0.2502974246638282E-02
    95.14965707383016       0.2501282931078307E-02
    95.16887482427619       0.2499591615518332E-02
    95.18809257472222       0.2497900299958357E-02
    95.20731032516825       0.2496208984398382E-02
    95.22652807561428       0.2494517668838407E-02
    95.24574582606031       0.2492826353278433E-02
    95.26496357650635       0.2491135037718457E-02
    95.28418132695238       0.2489443722158483E-02
    95.30339907739841       0.2487752406598508E-02
    95.32261682784444       0.2486061091038533E-02
    95.34183457829047       0.2484369775478558E-02
    95.36105232873651       0.2482678459918583E-02
    95.38027007918254       0.2480987144358608E-02
    95.39948782962857       0.2479295828798633E-02
    95.41870558007460       0.2477604513238658E-02
    95.43792333052063       0.2475913197678683E-02
    95.45714108096666       0.2474221882118708E-02
    95.47635883141270       0.2472530566558734E-02
    95.49557658185873       0.2470839250998759E-02
    95.51479433230476       0.2469147935438784E-02
    95.53401208275079       0.2467456619878809E-02
    95.55322983319682       0.2465765304318834E-02
    95.57244758364286       0.2464073988758859E-02
    95.59166533408889       0.2462382673198884E-02
    95.61088308453492       0.2460691357638909E-02
    95.63010083498095       0.2459000042078934E-02
    95.64931858542698       0.2457308726518960E-02
    95.66853633587301       0.2455617410958985E-02
    95.68775408631905       0.2453926095399010E-02
    95.70697183676508       0.2452234779839028E-02
    95.72618958721111       0.2450634083311847E-02
    95.74540733765714       0.2449048123919312E-02
    95.76462508810317       0.2447462164526776E-02
    95.78384283854921       0.2445876205134241E-02
    95.80306058899524       0.2444290245741706E-02
    95.82227833944127       0.2442704286349171E-02
    95.84149608988730       0.2441118326956636E-02
    95.86071384033333       0.2439532367564101E-02
    95.87993159077936       0.2437946408171565E-02
    95.89914934122540       0.2436360448779030E-02
    95.91836709167143       0.2434774489386495E-02
    95.93758484211746       0.2433188529993960E-02
    95.95680259256349       0.2431602570601424E-02
    95.97602034300952       0.2430016611208889E-02
    95.99523809345555       0.2428430651816354E-02
    96.01445584390159       0.2426844692423818E-02
    96.03367359434762       0.2425258733031283E-02
    96.05289134479365       0.2423672773638748E-02
    96.07210909523968       0.2422086814246213E-02
    96.09132684568571       0.2420500854853678E-02
    96.11054459613175       0.2418914895461143E-02
    96.12976234657778       0.2417328936068607E-02
    96.14898009702381       0.2415742976676072E-02
    96.16819784746984       0.2414157017283537E-02
    96.18741559791587       0.2412571057891002E-02
    96.20663334836190       0.2410985098498466E-02
    96.22585109880794       0.2409399139105931E-02
    96.24506884925397       0.2407813179713396E-02
    96.26428659970000       0.2406227220320860E-02
    96.28350435014603       0.2404641260928325E-02
    96.30272210059206       0.2403055301535790E-02
    96.32193985103810       0.2401469342143255E-02
    96.34115760148413       0.2399883382750720E-02
    96.36037535193016       0.2398297423358184E-02
    96.37959310237619       0.2396711463965649E-02
    96.39881085282222       0.2395125504573114E-02
    96.41802860326825       0.2393539545180579E-02
    96.43724635371429       0.2391953585788044E-02
    96.45646410416032       0.2390367626395508E-02
    96.47568185460635       0.2388781667002973E-02
    96.49489960505238       0.2387195707610438E-02
    96.51411735549841       0.2385609748217902E-02
    96.53333510594445       0.2384023788825367E-02
    96.55255285639048       0.2382437829432832E-02
    96.57177060683651       0.2380851870040297E-02
    96.59098835728254       0.2379265910647761E-02
    96.61020610772857       0.2377679951255226E-02
    96.62942385817460       0.2376093991862691E-02
    96.64864160862064       0.2374508032470156E-02
    96.66785935906667       0.2372922073077621E-02
    96.68707710951270       0.2371336113685086E-02
    96.70629485995873       0.2369750154292550E-02
    96.72551261040476       0.2368164194900015E-02
    96.74473036085080       0.2366578235507480E-02
    96.76394811129683       0.2364992276114944E-02
    96.78316586174286       0.2363406316722409E-02
    96.80238361218889       0.2361820357329874E-02
    96.82160136263492       0.2360234397937339E-02
    96.84081911308095       0.2358648438544803E-02
    96.86003686352699       0.2357062479152271E-02
    96.87925461397302       0.2355481316104501E-02
    96.89847236441905       0.2353991914020610E-02
    96.91769011486508       0.2352502511936719E-02
    96.93690786531111       0.2351013109852827E-02
    96.95612561575714       0.2349523707768936E-02
    96.97534336620318       0.2348034305685045E-02
    96.99456111664921       0.2346544903601154E-02
    97.01377886709524       0.2345055501517263E-02
    97.03299661754127       0.2343566099433372E-02
    97.05221436798730       0.2342076697349480E-02
    97.07143211843334       0.2340587295265589E-02
    97.09064986887937       0.2339097893181698E-02
    97.10986761932540       0.2337608491097807E-02
    97.12908536977143       0.2336119089013916E-02
    97.14830312021746       0.2334629686930025E-02
    97.16752087066349       0.2333140284846134E-02
    97.18673862110953       0.2331650882762242E-02
    97.20595637155556       0.2330161480678351E-02
    97.22517412200159       0.2328672078594460E-02
    97.24439187244762       0.2327182676510569E-02
    97.26360962289365       0.2325693274426678E-02
    97.28282737333969       0.2324203872342786E-02
    97.30204512378572       0.2322714470258896E-02
    97.32126287423175       0.2321225068175004E-02
    97.34048062467778       0.2319735666091113E-02
    97.35969837512381       0.2318246264007222E-02
    97.37891612556984       0.2316756861923331E-02
    97.39813387601588       0.2315267459839440E-02
    97.41735162646191       0.2313778057755548E-02
    97.43656937690794       0.2312288655671658E-02
    97.45578712735397       0.2310799253587766E-02
    97.47500487780000       0.2309309851503875E-02
    97.49422262824604       0.2307820449419984E-02
    97.51344037869207       0.2306331047336093E-02
    97.53265812913810       0.2304841645252202E-02
    97.55187587958413       0.2303352243168310E-02
    97.57109363003016       0.2301862841084420E-02
    97.59031138047619       0.2300373439000528E-02
    97.60952913092223       0.2298884036916637E-02
    97.62874688136826       0.2297394634832746E-02
    97.64796463181429       0.2295905232748855E-02
    97.66718238226032       0.2294415830664964E-02
    97.68640013270635       0.2292926428581072E-02
    97.70561788315239       0.2291437026497181E-02
    97.72483563359842       0.2289947624413290E-02
    97.74405338404445       0.2288458222329399E-02
    97.76327113449048       0.2286968820245508E-02
    97.78248888493651       0.2285479418161617E-02
    97.80170663538254       0.2283990016077726E-02
    97.82092438582858       0.2282500613993834E-02
    97.84014213627461       0.2281011211909943E-02
    97.85935988672064       0.2279521809826052E-02
    97.87857763716667       0.2278032407742161E-02
    97.89779538761270       0.2276543005658270E-02
    97.91701313805873       0.2275053603574379E-02
    97.93623088850477       0.2273564201490488E-02
    97.95544863895080       0.2272074799406596E-02
    97.97466638939683       0.2270585397322705E-02
    97.99388413984286       0.2269095995238814E-02
    98.01310189028889       0.2267606593154923E-02
    98.03231964073493       0.2266117191071013E-02
    98.05153739118096       0.2264672014554139E-02
    98.07075514162699       0.2263271169443136E-02
    98.08997289207302       0.2261870324332133E-02
    98.10919064251905       0.2260469479221130E-02
    98.12840839296508       0.2259068634110128E-02
    98.14762614341112       0.2257667788999124E-02
    98.16684389385715       0.2256266943888122E-02
    98.18606164430318       0.2254866098777119E-02
    98.20527939474921       0.2253465253666116E-02
    98.22449714519524       0.2252064408555113E-02
    98.24371489564128       0.2250663563444110E-02
    98.26293264608731       0.2249262718333107E-02
    98.28215039653334       0.2247861873222104E-02
    98.30136814697937       0.2246461028111101E-02
    98.32058589742540       0.2245060183000098E-02
    98.33980364787143       0.2243659337889095E-02
    98.35902139831747       0.2242258492778092E-02
    98.37823914876350       0.2240857647667089E-02
    98.39745689920953       0.2239456802556086E-02
    98.41667464965556       0.2238055957445083E-02
    98.43589240010159       0.2236655112334081E-02
    98.45511015054763       0.2235254267223077E-02
    98.47432790099366       0.2233853422112075E-02
    98.49354565143969       0.2232452577001072E-02
    98.51276340188572       0.2231051731890068E-02
    98.53198115233175       0.2229650886779066E-02
    98.55119890277778       0.2228250041668063E-02
    98.57041665322382       0.2226849196557060E-02
    98.58963440366985       0.2225448351446057E-02
    98.60885215411588       0.2224047506335054E-02
    98.62806990456191       0.2222646661224051E-02
    98.64728765500794       0.2221245816113048E-02
    98.66650540545398       0.2219844971002045E-02
    98.68572315590001       0.2218444125891042E-02
    98.70494090634604       0.2217043280780039E-02
    98.72415865679207       0.2215642435669036E-02
    98.74337640723810       0.2214241590558034E-02
    98.76259415768413       0.2212840745447030E-02
    98.78181190813017       0.2211439900336027E-02
    98.80102965857620       0.2210039055225025E-02
    98.82024740902223       0.2208638210114022E-02
    98.83946515946826       0.2207237365003019E-02
    98.85868290991429       0.2205836519892016E-02
    98.87790066036032       0.2204435674781013E-02
    98.89711841080636       0.2203034829670010E-02
    98.91633616125239       0.2201633984559007E-02
    98.93555391169842       0.2200233139448004E-02
    98.95477166214445       0.2198832294337001E-02
    98.97398941259048       0.2197431449225998E-02
    98.99320716303652       0.2196030604114995E-02
    99.01242491348255       0.2194629759003992E-02
    99.03164266392858       0.2193228913892989E-02
    99.05086041437461       0.2191828068781986E-02
    99.07007816482064       0.2190427223670984E-02
    99.08929591526667       0.2189026378559980E-02
    99.10851366571271       0.2187625533448978E-02
    99.12773141615874       0.2186224688337975E-02
    99.14694916660477       0.2184823843226972E-02
    99.16616691705080       0.2183422998115969E-02
    99.18538466749683       0.2182022153004964E-02
    99.20460241794287       0.2180636565576289E-02
    99.22382016838890       0.2179317115332877E-02
    99.24303791883493       0.2177997665089464E-02
    99.26225566928096       0.2176678214846052E-02
    99.28147341972699       0.2175358764602640E-02
    99.30069117017302       0.2174039314359228E-02
    99.31990892061906       0.2172719864115816E-02
    99.33912667106509       0.2171400413872404E-02
    99.35834442151112       0.2170080963628991E-02
    99.37756217195715       0.2168761513385579E-02
    99.39677992240318       0.2167442063142167E-02
    99.41599767284922       0.2166122612898755E-02
    99.43521542329525       0.2164803162655343E-02
    99.45443317374128       0.2163483712411931E-02
    99.47365092418731       0.2162164262168519E-02
    99.49286867463334       0.2160844811925106E-02
    99.51208642507937       0.2159525361681694E-02
    99.53130417552541       0.2158205911438282E-02
    99.55052192597144       0.2156886461194870E-02
    99.56973967641747       0.2155567010951457E-02
    99.58895742686350       0.2154247560708045E-02
    99.60817517730953       0.2152928110464633E-02
    99.62739292775557       0.2151608660221221E-02
    99.64661067820160       0.2150289209977809E-02
    99.66582842864763       0.2148969759734397E-02
    99.68504617909366       0.2147650309490985E-02
    99.70426392953969       0.2146330859247572E-02
    99.72348167998572       0.2145011409004160E-02
    99.74269943043176       0.2143691958760748E-02
    99.76191718087779       0.2142372508517336E-02
    99.78113493132382       0.2141053058273923E-02
    99.80035268176985       0.2139733608030511E-02
    99.81957043221588       0.2138414157787099E-02
    99.83878818266192       0.2137094707543687E-02
    99.85800593310795       0.2135775257300275E-02
    99.87722368355398       0.2134455807056863E-02
    99.89644143400001       0.2133136356813451E-02
    99.91565918444604       0.2131816906570038E-02
    99.93487693489207       0.2130497456326626E-02
    99.95409468533811       0.2129178006083214E-02
    99.97331243578414       0.2127858555839802E-02
    99.99253018623017       0.2126539105596389E-02
    100.0117479366762       0.2125219655352977E-02
    100.0309656871222       0.2123900205109565E-02
    100.0501834375683       0.2122580754866153E-02
    100.0694011880143       0.2121261304622741E-02
    100.0886189384603       0.2119941854379329E-02
    100.1078366889064       0.2118622404135917E-02
    100.1270544393524       0.2117302953892504E-02
    100.1462721897984       0.2115983503649092E-02
    100.1654899402445       0.2114664053405680E-02
    100.1847076906905       0.2113344603162268E-02
    100.2039254411365       0.2112025152918856E-02
    100.2231431915826       0.2110705702675443E-02
    100.2423609420286       0.2109386252432031E-02
    100.2615786924746       0.2108066802188619E-02
    100.2807964429206       0.2106747351945207E-02
    100.3000141933667       0.2105427901701795E-02
    100.3192319438127       0.2104108451458383E-02
    100.3384496942587       0.2102789001214968E-02
    100.3576674447048       0.2101476447859850E-02
    100.3768851951508       0.2100231988748068E-02
    100.3961029455968       0.2098987529636285E-02
    100.4153206960429       0.2097743070524504E-02
    100.4345384464889       0.2096498611412722E-02
    100.4537561969349       0.2095254152300940E-02
    100.4729739473810       0.2094009693189158E-02
    100.4921916978270       0.2092765234077375E-02
    100.5114094482730       0.2091520774965593E-02
    100.5306271987191       0.2090276315853811E-02
    100.5498449491651       0.2089031856742029E-02
    100.5690626996111       0.2087787397630247E-02
    100.5882804500572       0.2086542938518465E-02
    100.6074982005032       0.2085298479406683E-02
    100.6267159509492       0.2084054020294901E-02
    100.6459337013953       0.2082809561183119E-02
    100.6651514518413       0.2081565102071337E-02
    100.6843692022873       0.2080320642959555E-02
    100.7035869527333       0.2079076183847773E-02
    100.7228047031794       0.2077831724735991E-02
    100.7420224536254       0.2076587265624209E-02
    100.7612402040714       0.2075342806512427E-02
    100.7804579545175       0.2074098347400645E-02
    100.7996757049635       0.2072853888288863E-02
    100.8188934554095       0.2071609429177081E-02
    100.8381112058556       0.2070364970065299E-02
    100.8573289563016       0.2069120510953517E-02
    100.8765467067476       0.2067876051841735E-02
    100.8957644571937       0.2066631592729953E-02
    100.9149822076397       0.2065387133618170E-02
    100.9341999580857       0.2064142674506388E-02
    100.9534177085318       0.2062898215394606E-02
    100.9726354589778       0.2061653756282824E-02
    100.9918532094238       0.2060409297171042E-02
    101.0110709598699       0.2059164838059260E-02
    101.0302887103159       0.2057920378947478E-02
    101.0495064607619       0.2056675919835696E-02
    101.0687242112080       0.2055431460723914E-02
    101.0879419616540       0.2054187001612132E-02
    101.1071597121000       0.2052942542500350E-02
    101.1263774625460       0.2051698083388568E-02
    101.1455952129921       0.2050453624276786E-02
    101.1648129634381       0.2049209165165004E-02
    101.1840307138841       0.2047964706053222E-02
    101.2032484643302       0.2046720246941440E-02
    101.2224662147762       0.2045475787829658E-02
    101.2416839652222       0.2044231328717876E-02
    101.2609017156683       0.2042986869606094E-02
    101.2801194661143       0.2041742410494312E-02
    101.2993372165603       0.2040497951382530E-02
    101.3185549670064       0.2039253492270748E-02
    101.3377727174524       0.2038009033158966E-02
    101.3569904678984       0.2036764574047183E-02
    101.3762082183445       0.2035520114935401E-02
    101.3954259687905       0.2034275655823619E-02
    101.4146437192365       0.2033031196711838E-02
    101.4338614696826       0.2031786737600056E-02
    101.4530792201286       0.2030542278488273E-02
    101.4722969705746       0.2029297819376491E-02
    101.4915147210206       0.2028053360264709E-02
    101.5107324714667       0.2026822349742664E-02
    101.5299502219127       0.2025647134734625E-02
    101.5491679723587       0.2024471919726585E-02
    101.5683857228048       0.2023296704718545E-02
    101.5876034732508       0.2022121489710505E-02
    101.6068212236968       0.2020946274702465E-02
    101.6260389741429       0.2019771059694425E-02
    101.6452567245889       0.2018595844686385E-02
    101.6644744750349       0.2017420629678346E-02
    101.6836922254810       0.2016245414670306E-02
    101.7029099759270       0.2015070199662266E-02
    101.7221277263730       0.2013894984654226E-02
    101.7413454768191       0.2012719769646186E-02
    101.7605632272651       0.2011544554638146E-02
    101.7797809777111       0.2010369339630106E-02
    101.7989987281572       0.2009194124622067E-02
    101.8182164786032       0.2008018909614027E-02
    101.8374342290492       0.2006843694605987E-02
    101.8566519794953       0.2005668479597947E-02
    101.8758697299413       0.2004493264589907E-02
    101.8950874803873       0.2003318049581867E-02
    101.9143052308333       0.2002142834573828E-02
    101.9335229812794       0.2000967619565788E-02
    101.9527407317254       0.1999792404557748E-02
    101.9719584821714       0.1998617189549708E-02
    101.9911762326175       0.1997441974541668E-02
    102.0103939830635       0.1996266759533628E-02
    102.0296117335095       0.1995091544525588E-02
    102.0488294839556       0.1993916329517549E-02
    102.0680472344016       0.1992741114509509E-02
    102.0872649848476       0.1991565899501469E-02
    102.1064827352937       0.1990390684493429E-02
    102.1257004857397       0.1989215469485389E-02
    102.1449182361857       0.1988040254477349E-02
    102.1641359866318       0.1986865039469309E-02
    102.1833537370778       0.1985689824461270E-02
    102.2025714875238       0.1984514609453230E-02
    102.2217892379699       0.1983339394445190E-02
    102.2410069884159       0.1982164179437150E-02
    102.2602247388619       0.1980988964429110E-02
    102.2794424893080       0.1979813749421070E-02
    102.2986602397540       0.1978638534413030E-02
    102.3178779902000       0.1977463319404991E-02
    102.3370957406460       0.1976288104396951E-02
    102.3563134910921       0.1975112889388911E-02
    102.3755312415381       0.1973937674380871E-02
    102.3947489919841       0.1972762459372831E-02
    102.4139667424302       0.1971587244364791E-02
    102.4331844928762       0.1970412029356751E-02
    102.4524022433222       0.1969236814348712E-02
    102.4716199937683       0.1968061599340672E-02
    102.4908377442143       0.1966886384332632E-02
    102.5100554946603       0.1965711169324592E-02
    102.5292732451064       0.1964535954316552E-02
    102.5484909955524       0.1963360739308512E-02
    102.5677087459984       0.1962185524300472E-02
    102.5869264964445       0.1961010309292433E-02
    102.6061442468905       0.1959835094284393E-02
    102.6253619973365       0.1958659879276353E-02
    102.6445797477826       0.1957484664268303E-02
    102.6637974982286       0.1956340040439511E-02
    102.6830152486746       0.1955228744296605E-02
    102.7022329991207       0.1954117448153699E-02
    102.7214507495667       0.1953006152010793E-02
    102.7406685000127       0.1951894855867887E-02
    102.7598862504587       0.1950783559724981E-02
    102.7791040009048       0.1949672263582075E-02
    102.7983217513508       0.1948560967439168E-02
    102.8175395017968       0.1947449671296262E-02
    102.8367572522429       0.1946338375153356E-02
    102.8559750026889       0.1945227079010450E-02
    102.8751927531349       0.1944115782867544E-02
    102.8944105035810       0.1943004486724638E-02
    102.9136282540270       0.1941893190581731E-02
    102.9328460044730       0.1940781894438825E-02
    102.9520637549191       0.1939670598295919E-02
    102.9712815053651       0.1938559302153013E-02
    102.9904992558111       0.1937448006010107E-02
    103.0097170062572       0.1936336709867200E-02
    103.0289347567032       0.1935225413724294E-02
    103.0481525071492       0.1934114117581388E-02
    103.0673702575953       0.1933002821438482E-02
    103.0865880080413       0.1931891525295576E-02
    103.1058057584873       0.1930780229152670E-02
    103.1250235089334       0.1929668933009763E-02
    103.1442412593794       0.1928557636866857E-02
    103.1634590098254       0.1927446340723951E-02
    103.1826767602714       0.1926335044581045E-02
    103.2018945107175       0.1925223748438139E-02
    103.2211122611635       0.1924112452295233E-02
    103.2403300116095       0.1923001156152326E-02
    103.2595477620556       0.1921889860009420E-02
    103.2787655125016       0.1920778563866514E-02
    103.2979832629476       0.1919667267723608E-02
    103.3172010133937       0.1918555971580702E-02
    103.3364187638397       0.1917444675437796E-02
    103.3556365142857       0.1916333379294889E-02
    103.3748542647318       0.1915222083151983E-02
    103.3940720151778       0.1914110787009077E-02
    103.4132897656238       0.1912999490866171E-02
    103.4325075160699       0.1911888194723265E-02
    103.4517252665159       0.1910776898580359E-02
    103.4709430169619       0.1909665602437452E-02
    103.4901607674080       0.1908554306294546E-02
    103.5093785178540       0.1907443010151640E-02
    103.5285962683000       0.1906331714008734E-02
    103.5478140187461       0.1905220417865828E-02
    103.5670317691921       0.1904109121722922E-02
    103.5862495196381       0.1902997825580015E-02
    103.6054672700841       0.1901886529437109E-02
    103.6246850205302       0.1900775233294203E-02
    103.6439027709762       0.1899663937151297E-02
    103.6631205214222       0.1898552641008391E-02
    103.6823382718683       0.1897441344865485E-02
    103.7015560223143       0.1896330048722578E-02
    103.7207737727603       0.1895218752579672E-02
    103.7399915232064       0.1894107456436766E-02
    103.7592092736524       0.1892996160293860E-02
    103.7784270240984       0.1891884864150954E-02
    103.7976447745445       0.1890773568008043E-02
    103.8168625249905       0.1889717340216825E-02
    103.8360802754365       0.1888665290448146E-02
    103.8552980258826       0.1887613240679467E-02
    103.8745157763286       0.1886561190910789E-02
    103.8937335267746       0.1885509141142110E-02
    103.9129512772207       0.1884457091373431E-02
    103.9321690276667       0.1883405041604752E-02
    103.9513867781127       0.1882352991836073E-02
    103.9706045285588       0.1881300942067394E-02
    103.9898222790048       0.1880248892298716E-02
    104.0090400294508       0.1879196842530037E-02
    104.0282577798968       0.1878144792761358E-02
    104.0474755303429       0.1877092742992679E-02
    104.0666932807889       0.1876040693224000E-02
    104.0859110312349       0.1874988643455321E-02
    104.1051287816810       0.1873936593686642E-02
    104.1243465321270       0.1872884543917964E-02
    104.1435642825730       0.1871832494149285E-02
    104.1627820330191       0.1870780444380606E-02
    104.1819997834651       0.1869728394611927E-02
    104.2012175339111       0.1868676344843248E-02
    104.2204352843572       0.1867624295074570E-02
    104.2396530348032       0.1866572245305891E-02
    104.2588707852492       0.1865520195537212E-02
    104.2780885356953       0.1864468145768533E-02
    104.2973062861413       0.1863416095999854E-02
    104.3165240365873       0.1862364046231175E-02
    104.3357417870334       0.1861311996462497E-02
    104.3549595374794       0.1860259946693818E-02
    104.3741772879254       0.1859207896925139E-02
    104.3933950383715       0.1858155847156460E-02
    104.4126127888175       0.1857103797387781E-02
    104.4318305392635       0.1856051747619102E-02
    104.4510482897095       0.1854999697850423E-02
    104.4702660401556       0.1853947648081745E-02
    104.4894837906016       0.1852895598313066E-02
    104.5087015410476       0.1851843548544387E-02
    104.5279192914937       0.1850791498775708E-02
    104.5471370419397       0.1849739449007029E-02
    104.5663547923857       0.1848687399238350E-02
    104.5855725428318       0.1847635349469672E-02
    104.6047902932778       0.1846583299700993E-02
    104.6240080437238       0.1845531249932314E-02
    104.6432257941699       0.1844479200163635E-02
    104.6624435446159       0.1843427150394956E-02
    104.6816612950619       0.1842375100626277E-02
    104.7008790455080       0.1841323050857599E-02
    104.7200967959540       0.1840271001088920E-02
    104.7393145464000       0.1839218951320241E-02
    104.7585322968461       0.1838166901551562E-02
    104.7777500472921       0.1837114851782883E-02
    104.7969677977381       0.1836062802014204E-02
    104.8161855481842       0.1835010752245526E-02
    104.8354032986302       0.1833958702476847E-02
    104.8546210490762       0.1832906652708168E-02
    104.8738387995222       0.1831854602939489E-02
    104.8930565499683       0.1830802553170810E-02
    104.9122743004143       0.1829750503402131E-02
    104.9314920508603       0.1828698453633452E-02
    104.9507098013064       0.1827675857393971E-02
    104.9699275517524       0.1826678709805951E-02
    104.9891453021984       0.1825681562217932E-02
    105.0083630526445       0.1824684414629912E-02
    105.0275808030905       0.1823687267041892E-02
    105.0467985535365       0.1822690119453872E-02
    105.0660163039826       0.1821692971865853E-02
    105.0852340544286       0.1820695824277833E-02
    105.1044518048746       0.1819698676689813E-02
    105.1236695553207       0.1818701529101794E-02
    105.1428873057667       0.1817704381513774E-02
    105.1621050562127       0.1816707233925754E-02
    105.1813228066588       0.1815710086337734E-02
    105.2005405571048       0.1814712938749715E-02
    105.2197583075508       0.1813715791161695E-02
    105.2389760579969       0.1812718643573675E-02
    105.2581938084429       0.1811721495985656E-02
    105.2774115588889       0.1810724348397636E-02
    105.2966293093349       0.1809727200809616E-02
    105.3158470597810       0.1808730053221597E-02
    105.3350648102270       0.1807732905633577E-02
    105.3542825606730       0.1806735758045557E-02
    105.3735003111191       0.1805738610457537E-02
    105.3927180615651       0.1804741462869518E-02
    105.4119358120111       0.1803744315281498E-02
    105.4311535624572       0.1802747167693478E-02
    105.4503713129032       0.1801750020105458E-02
    105.4695890633492       0.1800752872517439E-02
    105.4888068137953       0.1799755724929419E-02
    105.5080245642413       0.1798758577341399E-02
    105.5272423146873       0.1797761429753380E-02
    105.5464600651334       0.1796764282165360E-02
    105.5656778155794       0.1795767134577340E-02
    105.5848955660254       0.1794769986989320E-02
    105.6041133164715       0.1793772839401301E-02
    105.6233310669175       0.1792775691813281E-02
    105.6425488173635       0.1791778544225261E-02
    105.6617665678096       0.1790781396637242E-02
    105.6809843182556       0.1789784249049222E-02
    105.7002020687016       0.1788787101461202E-02
    105.7194198191476       0.1787789953873183E-02
    105.7386375695937       0.1786792806285163E-02
    105.7578553200397       0.1785795658697143E-02
    105.7770730704857       0.1784798511109123E-02
    105.7962908209318       0.1783801363521104E-02
    105.8155085713778       0.1782804215933084E-02
    105.8347263218238       0.1781807068345064E-02
    105.8539440722699       0.1780809920757045E-02
    105.8731618227159       0.1779812773169025E-02
    105.8923795731619       0.1778815625581005E-02
    105.9115973236080       0.1777818477992985E-02
    105.9308150740540       0.1776821330404966E-02
    105.9500328245000       0.1775824182816946E-02
    105.9692505749461       0.1774827035228926E-02
    105.9884683253921       0.1773829887640907E-02
    106.0076860758381       0.1772832740052887E-02
    106.0269038262842       0.1771835592464867E-02
    106.0461215767302       0.1770838444876847E-02
    106.0653393271762       0.1769841297288827E-02
    106.0845570776223       0.1768858640989152E-02
    106.1037748280683       0.1767912526203376E-02
    106.1229925785143       0.1766966411417600E-02
    106.1422103289603       0.1766020296631823E-02
    106.1614280794064       0.1765074181846047E-02
    106.1806458298524       0.1764128067060270E-02
    106.1998635802984       0.1763181952274494E-02
    106.2190813307445       0.1762235837488717E-02
    106.2382990811905       0.1761289722702941E-02
    106.2575168316365       0.1760343607917164E-02
    106.2767345820826       0.1759397493131388E-02
    106.2959523325286       0.1758451378345612E-02
    106.3151700829746       0.1757505263559835E-02
    106.3343878334207       0.1756559148774059E-02
    106.3536055838667       0.1755613033988282E-02
    106.3728233343127       0.1754666919202506E-02
    106.3920410847588       0.1753720804416729E-02
    106.4112588352048       0.1752774689630953E-02
    106.4304765856508       0.1751828574845176E-02
    106.4496943360969       0.1750882460059400E-02
    106.4689120865429       0.1749936345273623E-02
    106.4881298369889       0.1748990230487847E-02
    106.5073475874349       0.1748044115702071E-02
    106.5265653378810       0.1747098000916294E-02
    106.5457830883270       0.1746151886130518E-02
    106.5650008387730       0.1745205771344741E-02
    106.5842185892191       0.1744259656558965E-02
    106.6034363396651       0.1743313541773188E-02
    106.6226540901111       0.1742367426987412E-02
    106.6418718405572       0.1741421312201635E-02
    106.6610895910032       0.1740475197415859E-02
    106.6803073414492       0.1739529082630083E-02
    106.6995250918953       0.1738582967844306E-02
    106.7187428423413       0.1737636853058529E-02
    106.7379605927873       0.1736690738272753E-02
    106.7571783432334       0.1735744623486977E-02
    106.7763960936794       0.1734798508701200E-02
    106.7956138441254       0.1733852393915424E-02
    106.8148315945715       0.1732906279129647E-02
    106.8340493450175       0.1731960164343871E-02
    106.8532670954635       0.1731014049558094E-02
    106.8724848459096       0.1730067934772318E-02
    106.8917025963556       0.1729121819986541E-02
    106.9109203468016       0.1728175705200765E-02
    106.9301380972476       0.1727229590414989E-02
    106.9493558476937       0.1726283475629212E-02
    106.9685735981397       0.1725337360843436E-02
    106.9877913485857       0.1724391246057659E-02
    107.0070090990318       0.1723445131271883E-02
    107.0262268494778       0.1722499016486106E-02
    107.0454445999238       0.1721552901700330E-02
    107.0646623503699       0.1720606786914553E-02
    107.0838801008159       0.1719660672128777E-02
    107.1030978512619       0.1718714557343000E-02
    107.1223156017080       0.1717768442557224E-02
    107.1415333521540       0.1716822327771448E-02
    107.1607511026000       0.1715876212985671E-02
    107.1799688530461       0.1714930098199895E-02
    107.1991866034921       0.1713983983414116E-02
    107.2184043539381       0.1713045538668633E-02
    107.2376221043842       0.1712146905878617E-02
    107.2568398548302       0.1711248273088600E-02
    107.2760576052762       0.1710349640298584E-02
    107.2952753557223       0.1709451007508568E-02
    107.3144931061683       0.1708552374718551E-02
    107.3337108566143       0.1707653741928535E-02
    107.3529286070603       0.1706755109138518E-02
    107.3721463575064       0.1705856476348502E-02
    107.3913641079524       0.1704957843558485E-02
    107.4105818583984       0.1704059210768469E-02
    107.4297996088445       0.1703160577978452E-02
    107.4490173592905       0.1702261945188436E-02
    107.4682351097365       0.1701363312398419E-02
    107.4874528601826       0.1700464679608403E-02
    107.5066706106286       0.1699566046818386E-02
    107.5258883610746       0.1698667414028370E-02
    107.5451061115207       0.1697768781238353E-02
    107.5643238619667       0.1696870148448337E-02
    107.5835416124127       0.1695971515658320E-02
    107.6027593628588       0.1695072882868304E-02
    107.6219771133048       0.1694174250078287E-02
    107.6411948637508       0.1693275617288271E-02
    107.6604126141969       0.1692376984498254E-02
    107.6796303646429       0.1691478351708238E-02
    107.6988481150889       0.1690579718918222E-02
    107.7180658655350       0.1689681086128205E-02
    107.7372836159810       0.1688782453338189E-02
    107.7565013664270       0.1687883820548172E-02
    107.7757191168730       0.1686985187758156E-02
    107.7949368673191       0.1686086554968139E-02
    107.8141546177651       0.1685187922178123E-02
    107.8333723682111       0.1684289289388106E-02
    107.8525901186572       0.1683390656598090E-02
    107.8718078691032       0.1682492023808073E-02
    107.8910256195492       0.1681593391018057E-02
    107.9102433699953       0.1680694758228040E-02
    107.9294611204413       0.1679796125438024E-02
    107.9486788708873       0.1678897492648007E-02
    107.9678966213334       0.1677998859857991E-02
    107.9871143717794       0.1677100227067974E-02
    108.0063321222254       0.1676201594277958E-02
    108.0255498726715       0.1675302961487941E-02
    108.0447676231175       0.1674404328697925E-02
    108.0639853735635       0.1673505695907908E-02
    108.0832031240096       0.1672607063117892E-02
    108.1024208744556       0.1671708430327876E-02
    108.1216386249016       0.1670809797537859E-02
    108.1408563753477       0.1669911164747843E-02
    108.1600741257937       0.1669012531957826E-02
    108.1792918762397       0.1668113899167810E-02
    108.1985096266857       0.1667215266377793E-02
    108.2177273771318       0.1666316633587777E-02
    108.2369451275778       0.1665418000797760E-02
    108.2561628780238       0.1664519368007744E-02
    108.2753806284699       0.1663620735217727E-02
    108.2945983789159       0.1662722102427711E-02
    108.3138161293619       0.1661823469637694E-02
    108.3330338798080       0.1660924836847680E-02
    108.3522516302540       0.1660033203581422E-02
    108.3714693807000       0.1659178650542037E-02
    108.3906871311461       0.1658324097502651E-02
    108.4099048815921       0.1657469544463265E-02
    108.4291226320381       0.1656614991423879E-02
    108.4483403824842       0.1655760438384493E-02
    108.4675581329302       0.1654905885345107E-02
    108.4867758833762       0.1654051332305721E-02
    108.5059936338223       0.1653196779266335E-02
    108.5252113842683       0.1652342226226950E-02
    108.5444291347143       0.1651487673187564E-02
    108.5636468851604       0.1650633120148178E-02
    108.5828646356064       0.1649778567108792E-02
    108.6020823860524       0.1648924014069406E-02
    108.6213001364984       0.1648069461030020E-02
    108.6405178869445       0.1647214907990634E-02
    108.6597356373905       0.1646360354951249E-02
    108.6789533878365       0.1645505801911863E-02
    108.6981711382826       0.1644651248872477E-02
    108.7173888887286       0.1643796695833091E-02
    108.7366066391746       0.1642942142793705E-02
    108.7558243896207       0.1642087589754319E-02
    108.7750421400667       0.1641233036714934E-02
    108.7942598905127       0.1640378483675548E-02
    108.8134776409588       0.1639523930636162E-02
    108.8326953914048       0.1638669377596776E-02
    108.8519131418508       0.1637814824557390E-02
    108.8711308922969       0.1636960271518004E-02
    108.8903486427429       0.1636105718478618E-02
    108.9095663931889       0.1635251165439233E-02
    108.9287841436350       0.1634396612399847E-02
    108.9480018940810       0.1633542059360461E-02
    108.9672196445270       0.1632687506321075E-02
    108.9864373949731       0.1631832953281689E-02
    109.0056551454191       0.1630978400242303E-02
    109.0248728958651       0.1630123847202917E-02
    109.0440906463111       0.1629269294163531E-02
    109.0633083967572       0.1628414741124146E-02
    109.0825261472032       0.1627560188084760E-02
    109.1017438976492       0.1626705635045374E-02
    109.1209616480953       0.1625851082005988E-02
    109.1401793985413       0.1624996528966602E-02
    109.1593971489873       0.1624141975927216E-02
    109.1786148994334       0.1623287422887830E-02
    109.1978326498794       0.1622432869848445E-02
    109.2170504003254       0.1621578316809059E-02
    109.2362681507715       0.1620723763769673E-02
    109.2554859012175       0.1619869210730287E-02
    109.2747036516635       0.1619014657690901E-02
    109.2939214021096       0.1618160104651515E-02
    109.3131391525556       0.1617305551612130E-02
    109.3323569030016       0.1616450998572744E-02
    109.3515746534477       0.1615596445533358E-02
    109.3707924038937       0.1614741892493972E-02
    109.3900101543397       0.1613887339454586E-02
    109.4092279047858       0.1613032786415200E-02
    109.4284456552318       0.1612178233375814E-02
    109.4476634056778       0.1611323680336428E-02
    109.4668811561238       0.1610469127297047E-02
    109.4860989065699       0.1609625972338278E-02
    109.5053166570159       0.1608812757160910E-02
    109.5245344074619       0.1607999541983542E-02
    109.5437521579080       0.1607186326806175E-02
    109.5629699083540       0.1606373111628807E-02
    109.5821876588000       0.1605559896451440E-02
    109.6014054092461       0.1604746681274073E-02
    109.6206231596921       0.1603933466096705E-02
    109.6398409101381       0.1603120250919338E-02
    109.6590586605842       0.1602307035741970E-02
    109.6782764110302       0.1601493820564603E-02
    109.6974941614762       0.1600680605387236E-02
    109.7167119119223       0.1599867390209868E-02
    109.7359296623683       0.1599054175032501E-02
    109.7551474128143       0.1598240959855133E-02
    109.7743651632604       0.1597427744677766E-02
    109.7935829137064       0.1596614529500399E-02
    109.8128006641524       0.1595801314323031E-02
    109.8320184145985       0.1594988099145664E-02
    109.8512361650445       0.1594174883968296E-02
    109.8704539154905       0.1593361668790929E-02
    109.8896716659365       0.1592548453613562E-02
    109.9088894163826       0.1591735238436194E-02
    109.9281071668286       0.1590922023258827E-02
    109.9473249172746       0.1590108808081459E-02
    109.9665426677207       0.1589295592904092E-02
    109.9857604181667       0.1588482377726725E-02
    110.0049781686127       0.1587669162549357E-02
    110.0241959190588       0.1586855947371990E-02
    110.0434136695048       0.1586042732194622E-02
    110.0626314199508       0.1585229517017255E-02
    110.0818491703969       0.1584416301839888E-02
    110.1010669208429       0.1583603086662520E-02
    110.1202846712889       0.1582789871485153E-02
    110.1395024217350       0.1581976656307785E-02
    110.1587201721810       0.1581163441130418E-02
    110.1779379226270       0.1580350225953051E-02
    110.1971556730731       0.1579537010775683E-02
    110.2163734235191       0.1578723795598316E-02
    110.2355911739651       0.1577910580420948E-02
    110.2548089244112       0.1577097365243581E-02
    110.2740266748572       0.1576284150066214E-02
    110.2932444253032       0.1575470934888846E-02
    110.3124621757492       0.1574657719711479E-02
    110.3316799261953       0.1573844504534111E-02
    110.3508976766413       0.1573031289356744E-02
    110.3701154270873       0.1572218074179377E-02
    110.3893331775334       0.1571404859002009E-02
    110.4085509279794       0.1570591643824642E-02
    110.4277686784254       0.1569778428647274E-02
    110.4469864288715       0.1568965213469907E-02
    110.4662041793175       0.1568151998292540E-02
    110.4854219297635       0.1567338783115172E-02
    110.5046396802096       0.1566525567937805E-02
    110.5238574306556       0.1565712352760437E-02
    110.5430751811016       0.1564899137583070E-02
    110.5622929315477       0.1564085922405703E-02
    110.5815106819937       0.1563272707228335E-02
    110.6007284324397       0.1562459492050962E-02
    110.6199461828858       0.1561665180964684E-02
    110.6391639333318       0.1560890425142748E-02
    110.6583816837778       0.1560115669320812E-02
    110.6775994342239       0.1559340913498876E-02
    110.6968171846699       0.1558566157676940E-02
    110.7160349351159       0.1557791401855004E-02
    110.7352526855619       0.1557016646033068E-02
    110.7544704360080       0.1556241890211132E-02
    110.7736881864540       0.1555467134389196E-02
    110.7929059369000       0.1554692378567260E-02
    110.8121236873461       0.1553917622745324E-02
    110.8313414377921       0.1553142866923388E-02
    110.8505591882381       0.1552368111101452E-02
    110.8697769386842       0.1551593355279516E-02
    110.8889946891302       0.1550818599457580E-02
    110.9082124395762       0.1550043843635644E-02
    110.9274301900223       0.1549269087813708E-02
    110.9466479404683       0.1548494331991772E-02
    110.9658656909143       0.1547719576169836E-02
    110.9850834413604       0.1546944820347900E-02
    111.0043011918064       0.1546170064525965E-02
    111.0235189422524       0.1545395308704028E-02
    111.0427366926985       0.1544620552882093E-02
    111.0619544431445       0.1543845797060157E-02
    111.0811721935905       0.1543071041238221E-02
    111.1003899440366       0.1542296285416285E-02
    111.1196076944826       0.1541521529594349E-02
    111.1388254449286       0.1540746773772413E-02
    111.1580431953746       0.1539972017950477E-02
    111.1772609458207       0.1539197262128541E-02
    111.1964786962667       0.1538422506306605E-02
    111.2156964467127       0.1537647750484669E-02
    111.2349141971588       0.1536872994662733E-02
    111.2541319476048       0.1536098238840797E-02
    111.2733496980508       0.1535323483018861E-02
    111.2925674484969       0.1534548727196925E-02
    111.3117851989429       0.1533773971374989E-02
    111.3310029493889       0.1532999215553053E-02
    111.3502206998350       0.1532224459731117E-02
    111.3694384502810       0.1531449703909181E-02
    111.3886562007270       0.1530674948087245E-02
    111.4078739511731       0.1529900192265309E-02
    111.4270917016191       0.1529125436443373E-02
    111.4463094520651       0.1528350680621437E-02
    111.4655272025112       0.1527575924799502E-02
    111.4847449529572       0.1526801168977566E-02
    111.5039627034032       0.1526026413155629E-02
    111.5231804538492       0.1525251657333694E-02
    111.5423982042953       0.1524476901511758E-02
    111.5616159547413       0.1523702145689822E-02
    111.5808337051873       0.1522927389867886E-02
    111.6000514556334       0.1522152634045950E-02
    111.6192692060794       0.1521377878224014E-02
    111.6384869565254       0.1520603122402078E-02
    111.6577047069715       0.1519828366580142E-02
    111.6769224574175       0.1519053610758206E-02
    111.6961402078635       0.1518278854936270E-02
    111.7153579583096       0.1517504099114334E-02
    111.7345757087556       0.1516729343292387E-02
    111.7537934592016       0.1515983592075453E-02
    111.7730112096477       0.1515244812935905E-02
    111.7922289600937       0.1514506033796356E-02
    111.8114467105397       0.1513767254656807E-02
    111.8306644609858       0.1513028475517259E-02
    111.8498822114318       0.1512289696377710E-02
    111.8690999618778       0.1511550917238162E-02
    111.8883177123239       0.1510812138098613E-02
    111.9075354627699       0.1510073358959064E-02
    111.9267532132159       0.1509334579819516E-02
    111.9459709636619       0.1508595800679967E-02
    111.9651887141080       0.1507857021540419E-02
    111.9844064645540       0.1507118242400870E-02
    112.0036242150000       0.1506379463261321E-02
    112.0228419654461       0.1505640684121773E-02
    112.0420597158921       0.1504901904982224E-02
    112.0612774663381       0.1504163125842675E-02
    112.0804952167842       0.1503424346703127E-02
    112.0997129672302       0.1502685567563578E-02
    112.1189307176762       0.1501946788424030E-02
    112.1381484681223       0.1501208009284481E-02
    112.1573662185683       0.1500469230144932E-02
    112.1765839690143       0.1499730451005384E-02
    112.1958017194604       0.1498991671865835E-02
    112.2150194699064       0.1498252892726287E-02
    112.2342372203524       0.1497514113586738E-02
    112.2534549707985       0.1496775334447189E-02
    112.2726727212445       0.1496036555307641E-02
    112.2918904716905       0.1495297776168092E-02
    112.3111082221366       0.1494558997028543E-02
    112.3303259725826       0.1493820217888995E-02
    112.3495437230286       0.1493081438749446E-02
    112.3687614734746       0.1492342659609898E-02
    112.3879792239207       0.1491603880470349E-02
    112.4071969743667       0.1490865101330800E-02
    112.4264147248127       0.1490126322191252E-02
    112.4456324752588       0.1489387543051703E-02
    112.4648502257048       0.1488648763912155E-02
    112.4840679761508       0.1487909984772606E-02
    112.5032857265969       0.1487171205633057E-02
    112.5225034770429       0.1486432426493509E-02
    112.5417212274889       0.1485693647353960E-02
    112.5609389779350       0.1484954868214412E-02
    112.5801567283810       0.1484216089074863E-02
    112.5993744788270       0.1483477309935314E-02
    112.6185922292731       0.1482738530795766E-02
    112.6378099797191       0.1481999751656217E-02
    112.6570277301651       0.1481260972516668E-02
    112.6762454806112       0.1480522193377120E-02
    112.6954632310572       0.1479783414237571E-02
    112.7146809815032       0.1479044635098023E-02
    112.7338987319493       0.1478305855958474E-02
    112.7531164823953       0.1477567076818926E-02
    112.7723342328413       0.1476828297679377E-02
    112.7915519832873       0.1476089518539828E-02
    112.8107697337334       0.1475350739400280E-02
    112.8299874841794       0.1474611960260731E-02
    112.8492052346254       0.1473873181121179E-02
    112.8684229850715       0.1473141640276960E-02
    112.8876407355175       0.1472436599739696E-02
    112.9068584859635       0.1471731559202433E-02
    112.9260762364096       0.1471026518665170E-02
    112.9452939868556       0.1470321478127906E-02
    112.9645117373016       0.1469616437590643E-02
    112.9837294877477       0.1468911397053379E-02
    113.0029472381937       0.1468206356516116E-02
    113.0221649886397       0.1467501315978852E-02
    113.0413827390858       0.1466796275441589E-02
    113.0606004895318       0.1466091234904326E-02
    113.0798182399778       0.1465386194367062E-02
    113.0990359904239       0.1464681153829799E-02
    113.1182537408699       0.1463976113292535E-02
    113.1374714913159       0.1463271072755272E-02
    113.1566892417620       0.1462566032218008E-02
    113.1759069922080       0.1461860991680745E-02
    113.1951247426540       0.1461155951143482E-02
    113.2143424931000       0.1460450910606218E-02
    113.2335602435461       0.1459745870068955E-02
    113.2527779939921       0.1459040829531691E-02
    113.2719957444381       0.1458335788994428E-02
    113.2912134948842       0.1457630748457165E-02
    113.3104312453302       0.1456925707919901E-02
    113.3296489957762       0.1456220667382638E-02
    113.3488667462223       0.1455515626845374E-02
    113.3680844966683       0.1454810586308111E-02
    113.3873022471143       0.1454105545770847E-02
    113.4065199975604       0.1453400505233584E-02
    113.4257377480064       0.1452695464696321E-02
    113.4449554984524       0.1451990424159057E-02
    113.4641732488985       0.1451285383621794E-02
    113.4833909993445       0.1450580343084530E-02
    113.5026087497905       0.1449875302547267E-02
    113.5218265002366       0.1449170262010004E-02
    113.5410442506826       0.1448465221472740E-02
    113.5602620011286       0.1447760180935477E-02
    113.5794797515747       0.1447055140398213E-02
    113.5986975020207       0.1446350099860950E-02
    113.6179152524667       0.1445645059323686E-02
    113.6371330029127       0.1444940018786423E-02
    113.6563507533588       0.1444234978249160E-02
    113.6755685038048       0.1443529937711896E-02
    113.6947862542508       0.1442824897174633E-02
    113.7140040046969       0.1442119856637369E-02
    113.7332217551429       0.1441414816100106E-02
    113.7524395055889       0.1440709775562842E-02
    113.7716572560350       0.1440004735025579E-02
    113.7908750064810       0.1439299694488316E-02
    113.8100927569270       0.1438594653951052E-02
    113.8293105073731       0.1437889613413789E-02
    113.8485282578191       0.1437184572876525E-02
    113.8677460082651       0.1436479532339262E-02
    113.8869637587112       0.1435774491801999E-02
    113.9061815091572       0.1435069451264735E-02
    113.9253992596032       0.1434364410727472E-02
    113.9446170100493       0.1433659370190208E-02
    113.9638347604953       0.1432954329652945E-02
    113.9830525109413       0.1432249289115675E-02
    114.0022702613874       0.1431566587357835E-02
    114.0214880118334       0.1430893182253084E-02
    114.0407057622794       0.1430219777148333E-02
    114.0599235127254       0.1429546372043582E-02
    114.0791412631715       0.1428872966938831E-02
    114.0983590136175       0.1428199561834080E-02
    114.1175767640635       0.1427526156729328E-02
    114.1367945145096       0.1426852751624577E-02
    114.1560122649556       0.1426179346519826E-02
    114.1752300154016       0.1425505941415075E-02
    114.1944477658477       0.1424832536310324E-02
    114.2136655162937       0.1424159131205573E-02
    114.2328832667397       0.1423485726100822E-02
    114.2521010171858       0.1422812320996071E-02
    114.2713187676318       0.1422138915891319E-02
    114.2905365180778       0.1421465510786568E-02
    114.3097542685239       0.1420792105681817E-02
    114.3289720189699       0.1420118700577066E-02
    114.3481897694159       0.1419445295472315E-02
    114.3674075198620       0.1418771890367564E-02
    114.3866252703080       0.1418098485262813E-02
    114.4058430207540       0.1417425080158062E-02
    114.4250607712001       0.1416751675053311E-02
    114.4442785216461       0.1416078269948559E-02
    114.4634962720921       0.1415404864843808E-02
    114.4827140225381       0.1414731459739057E-02
    114.5019317729842       0.1414058054634306E-02
    114.5211495234302       0.1413384649529555E-02
    114.5403672738762       0.1412711244424804E-02
    114.5595850243223       0.1412037839320053E-02
    114.5788027747683       0.1411364434215302E-02
    114.5980205252143       0.1410691029110551E-02
    114.6172382756604       0.1410017624005799E-02
    114.6364560261064       0.1409344218901048E-02
    114.6556737765524       0.1408670813796297E-02
    114.6748915269985       0.1407997408691546E-02
    114.6941092774445       0.1407324003586795E-02
    114.7133270278905       0.1406650598482044E-02
    114.7325447783366       0.1405977193377293E-02
    114.7517625287826       0.1405303788272541E-02
    114.7709802792286       0.1404630383167790E-02
    114.7901980296747       0.1403956978063039E-02
    114.8094157801207       0.1403283572958288E-02
    114.8286335305667       0.1402610167853537E-02
    114.8478512810128       0.1401936762748786E-02
    114.8670690314588       0.1401263357644035E-02
    114.8862867819048       0.1400589952539284E-02
    114.9055045323508       0.1399916547434532E-02
    114.9247222827969       0.1399243142329781E-02
    114.9439400332429       0.1398569737225030E-02
    114.9631577836889       0.1397896332120279E-02
    114.9823755341350       0.1397222927015528E-02
    115.0015932845810       0.1396549521910777E-02
    115.0208110350270       0.1395876116806026E-02
    115.0400287854731       0.1395202711701274E-02
    115.0592465359191       0.1394529306596523E-02
    115.0784642863651       0.1393855901491772E-02
    115.0976820368112       0.1393182496387020E-02
    115.1168997872572       0.1392517266814413E-02
    115.1361175377032       0.1391873507302771E-02
    115.1553352881493       0.1391229747791129E-02
    115.1745530385953       0.1390585988279487E-02
    115.1937707890413       0.1389942228767845E-02
    115.2129885394874       0.1389298469256203E-02
    115.2322062899334       0.1388654709744561E-02
    115.2514240403794       0.1388010950232919E-02
    115.2706417908255       0.1387367190721277E-02
    115.2898595412715       0.1386723431209635E-02
    115.3090772917175       0.1386079671697993E-02
    115.3282950421635       0.1385435912186351E-02
    115.3475127926096       0.1384792152674709E-02
    115.3667305430556       0.1384148393163067E-02
    115.3859482935016       0.1383504633651425E-02
    115.4051660439477       0.1382860874139783E-02
    115.4243837943937       0.1382217114628141E-02
    115.4436015448397       0.1381573355116499E-02
    115.4628192952858       0.1380929595604857E-02
    115.4820370457318       0.1380285836093215E-02
    115.5012547961778       0.1379642076581573E-02
    115.5204725466239       0.1378998317069931E-02
    115.5396902970699       0.1378354557558289E-02
    115.5589080475159       0.1377710798046647E-02
    115.5781257979620       0.1377067038535005E-02
    115.5973435484080       0.1376423279023363E-02
    115.6165612988540       0.1375779519511721E-02
    115.6357790493001       0.1375135760000079E-02
    115.6549967997461       0.1374492000488437E-02
    115.6742145501921       0.1373848240976795E-02
    115.6934323006382       0.1373204481465153E-02
    115.7126500510842       0.1372560721953511E-02
    115.7318678015302       0.1371916962441869E-02
    115.7510855519762       0.1371273202930227E-02
    115.7703033024223       0.1370629443418585E-02
    115.7895210528683       0.1369985683906943E-02
    115.8087388033143       0.1369341924395301E-02
    115.8279565537604       0.1368698164883659E-02
    115.8471743042064       0.1368054405372017E-02
    115.8663920546524       0.1367410645860375E-02
    115.8856098050985       0.1366766886348733E-02
    115.9048275555445       0.1366123126837091E-02
    115.9240453059905       0.1365479367325449E-02
    115.9432630564366       0.1364835607813807E-02
    115.9624808068826       0.1364191848302165E-02
    115.9816985573286       0.1363548088790523E-02
    116.0009163077747       0.1362904329278881E-02
    116.0201340582207       0.1362260569767239E-02
    116.0393518086667       0.1361616810255597E-02
    116.0585695591128       0.1360973050743955E-02
    116.0777873095588       0.1360329291232313E-02
    116.0970050600048       0.1359685531720671E-02
    116.1162228104509       0.1359041772209029E-02
    116.1354405608969       0.1358398012697387E-02
    116.1546583113429       0.1357754253185745E-02
    116.1738760617889       0.1357110493674103E-02
    116.1930938122350       0.1356466734162461E-02
    116.2123115626810       0.1355822974650819E-02
    116.2315293131270       0.1355179215139172E-02
    116.2507470635731       0.1354561054229488E-02
    116.2699648140191       0.1353945171737848E-02
    116.2891825644651       0.1353329289246208E-02
    116.3084003149112       0.1352713406754568E-02
    116.3276180653572       0.1352097524262928E-02
    116.3468358158032       0.1351481641771288E-02
    116.3660535662493       0.1350865759279648E-02
    116.3852713166953       0.1350249876788008E-02
    116.4044890671413       0.1349633994296368E-02
    116.4237068175874       0.1349018111804728E-02
    116.4429245680334       0.1348402229313088E-02
    116.4621423184794       0.1347786346821448E-02
    116.4813600689255       0.1347170464329808E-02
    116.5005778193715       0.1346554581838168E-02
    116.5197955698175       0.1345938699346528E-02
    116.5390133202635       0.1345322816854889E-02
    116.5582310707096       0.1344706934363248E-02
    116.5774488211556       0.1344091051871609E-02
    116.5966665716016       0.1343475169379969E-02
    116.6158843220477       0.1342859286888329E-02
    116.6351020724937       0.1342243404396689E-02
    116.6543198229397       0.1341627521905049E-02
    116.6735375733858       0.1341011639413409E-02
    116.6927553238318       0.1340395756921769E-02
    116.7119730742778       0.1339779874430129E-02
    116.7311908247239       0.1339163991938489E-02
    116.7504085751699       0.1338548109446849E-02
    116.7696263256159       0.1337932226955209E-02
    116.7888440760620       0.1337316344463569E-02
    116.8080618265080       0.1336700461971929E-02
    116.8272795769540       0.1336084579480289E-02
    116.8464973274001       0.1335468696988649E-02
    116.8657150778461       0.1334852814497009E-02
    116.8849328282921       0.1334236932005370E-02
    116.9041505787382       0.1333621049513730E-02
    116.9233683291842       0.1333005167022089E-02
    116.9425860796302       0.1332389284530450E-02
    116.9618038300762       0.1331773402038810E-02
    116.9810215805223       0.1331157519547170E-02
    117.0002393309683       0.1330541637055530E-02
    117.0194570814143       0.1329925754563890E-02
    117.0386748318604       0.1329309872072250E-02
    117.0578925823064       0.1328693989580610E-02
    117.0771103327524       0.1328078107088970E-02
    117.0963280831985       0.1327462224597330E-02
    117.1155458336445       0.1326846342105690E-02
    117.1347635840905       0.1326230459614050E-02
    117.1539813345366       0.1325614577122410E-02
    117.1731990849826       0.1324998694630770E-02
    117.1924168354286       0.1324382812139130E-02
    117.2116345858747       0.1323766929647490E-02
    117.2308523363207       0.1323151047155850E-02
    117.2500700867667       0.1322535164664211E-02
    117.2692878372128       0.1321919282172571E-02
    117.2885055876588       0.1321303399680931E-02
    117.3077233381048       0.1320687517189291E-02
    117.3269410885509       0.1320071634697651E-02
    117.3461588389969       0.1319455752206008E-02
    117.3653765894429       0.1318856490153859E-02
    117.3845943398889       0.1318266838936581E-02
    117.4038120903350       0.1317677187719303E-02
    117.4230298407810       0.1317087536502025E-02
    117.4422475912270       0.1316497885284746E-02
    117.4614653416731       0.1315908234067468E-02
    117.4806830921191       0.1315318582850190E-02
    117.4999008425651       0.1314728931632912E-02
    117.5191185930112       0.1314139280415633E-02
    117.5383363434572       0.1313549629198355E-02
    117.5575540939032       0.1312959977981077E-02
    117.5767718443493       0.1312370326763799E-02
    117.5959895947953       0.1311780675546520E-02
    117.6152073452413       0.1311191024329242E-02
    117.6344250956874       0.1310601373111964E-02
    117.6536428461334       0.1310011721894686E-02
    117.6728605965794       0.1309422070677407E-02
    117.6920783470255       0.1308832419460129E-02
    117.7112960974715       0.1308242768242851E-02
    117.7305138479175       0.1307653117025573E-02
    117.7497315983636       0.1307063465808295E-02
    117.7689493488096       0.1306473814591016E-02
    117.7881670992556       0.1305884163373738E-02
    117.8073848497016       0.1305294512156460E-02
    117.8266026001477       0.1304704860939182E-02
    117.8458203505937       0.1304115209721903E-02
    117.8650381010397       0.1303525558504625E-02
    117.8842558514858       0.1302935907287347E-02
    117.9034736019318       0.1302346256070069E-02
    117.9226913523778       0.1301756604852791E-02
    117.9419091028239       0.1301166953635512E-02
    117.9611268532699       0.1300577302418234E-02
    117.9803446037159       0.1299987651200956E-02
    117.9995623541620       0.1299397999983678E-02
    118.0187801046080       0.1298808348766399E-02
    118.0379978550540       0.1298218697549121E-02
    118.0572156055001       0.1297629046331843E-02
    118.0764333559461       0.1297039395114565E-02
    118.0956511063921       0.1296449743897286E-02
    118.1148688568382       0.1295860092680008E-02
    118.1340866072842       0.1295270441462730E-02
    118.1533043577302       0.1294680790245452E-02
    118.1725221081763       0.1294091139028173E-02
    118.1917398586223       0.1293501487810895E-02
    118.2109576090683       0.1292911836593617E-02
    118.2301753595143       0.1292322185376339E-02
    118.2493931099604       0.1291732534159060E-02
    118.2686108604064       0.1291142882941782E-02
    118.2878286108524       0.1290553231724504E-02
    118.3070463612985       0.1289963580507226E-02
    118.3262641117445       0.1289373929289948E-02
    118.3454818621905       0.1288784278072669E-02
    118.3646996126366       0.1288194626855391E-02
    118.3839173630826       0.1287604975638113E-02
    118.4031351135286       0.1287015324420835E-02
    118.4223528639747       0.1286425673203556E-02
    118.4415706144207       0.1285836021986278E-02
    118.4607883648667       0.1285246370769000E-02
    118.4800061153128       0.1284666842099877E-02
    118.4992238657588       0.1284101796216147E-02
    118.5184416162048       0.1283536750332417E-02
    118.5376593666509       0.1282971704448687E-02
    118.5568771170969       0.1282406658564957E-02
    118.5760948675429       0.1281841612681227E-02
    118.5953126179890       0.1281276566797497E-02
    118.6145303684350       0.1280711520913767E-02
    118.6337481188810       0.1280146475030037E-02
    118.6529658693270       0.1279581429146307E-02
    118.6721836197731       0.1279016383262577E-02
    118.6914013702191       0.1278451337378847E-02
    118.7106191206651       0.1277886291495117E-02
    118.7298368711112       0.1277321245611387E-02
    118.7490546215572       0.1276756199727657E-02
    118.7682723720032       0.1276191153843927E-02
    118.7874901224493       0.1275626107960197E-02
    118.8067078728953       0.1275061062076467E-02
    118.8259256233413       0.1274496016192737E-02
    118.8451433737874       0.1273930970309007E-02
    118.8643611242334       0.1273365924425277E-02
    118.8835788746794       0.1272800878541547E-02
    118.9027966251255       0.1272235832657817E-02
    118.9220143755715       0.1271670786774087E-02
    118.9412321260175       0.1271105740890357E-02
    118.9604498764636       0.1270540695006627E-02
    118.9796676269096       0.1269975649122897E-02
    118.9988853773556       0.1269410603239167E-02
    119.0181031278017       0.1268845557355437E-02
    119.0373208782477       0.1268280511471707E-02
    119.0565386286937       0.1267715465587977E-02
    119.0757563791397       0.1267150419704247E-02
    119.0949741295858       0.1266585373820517E-02
    119.1141918800318       0.1266020327936787E-02
    119.1334096304778       0.1265455282053057E-02
    119.1526273809239       0.1264890236169327E-02
    119.1718451313699       0.1264325190285597E-02
    119.1910628818159       0.1263760144401867E-02
    119.2102806322620       0.1263195098518137E-02
    119.2294983827080       0.1262630052634407E-02
    119.2487161331540       0.1262065006750677E-02
    119.2679338836001       0.1261499960866947E-02
    119.2871516340461       0.1260934914983217E-02
    119.3063693844921       0.1260369869099487E-02
    119.3255871349382       0.1259804823215757E-02
    119.3448048853842       0.1259239777332027E-02
    119.3640226358302       0.1258674731448297E-02
    119.3832403862763       0.1258109685564567E-02
    119.4024581367223       0.1257544639680837E-02
    119.4216758871683       0.1256979593797107E-02
    119.4408936376144       0.1256414547913377E-02
    119.4601113880604       0.1255849502029647E-02
    119.4793291385064       0.1255284456145917E-02
    119.4985468889524       0.1254719410262187E-02
    119.5177646393985       0.1254154364378457E-02
    119.5369823898445       0.1253589318494727E-02
    119.5562001402905       0.1253024272610998E-02
    119.5754178907366       0.1252459226727268E-02
    119.5946356411826       0.1251900171144117E-02
    119.6138533916286       0.1251358449504865E-02
    119.6330711420747       0.1250816727865612E-02
    119.6522888925207       0.1250275006226360E-02
    119.6715066429667       0.1249733284587108E-02
    119.6907243934128       0.1249191562947856E-02
    119.7099421438588       0.1248649841308603E-02
    119.7291598943048       0.1248108119669351E-02
    119.7483776447509       0.1247566398030099E-02
    119.7675953951969       0.1247024676390847E-02
    119.7868131456429       0.1246482954751595E-02
    119.8060308960890       0.1245941233112342E-02
    119.8252486465350       0.1245399511473090E-02
    119.8444663969810       0.1244857789833838E-02
    119.8636841474271       0.1244316068194586E-02
    119.8829018978731       0.1243774346555333E-02
    119.9021196483191       0.1243232624916081E-02
    119.9213373987651       0.1242690903276829E-02
    119.9405551492112       0.1242149181637577E-02
    119.9597728996572       0.1241607459998325E-02
    119.9789906501032       0.1241065738359072E-02
    119.9982084005493       0.1240524016719820E-02
    120.0174261509953       0.1239982295080568E-02
    120.0366439014413       0.1239440573441316E-02
    120.0558616518874       0.1238898851802064E-02
    120.0750794023334       0.1238357130162811E-02
    120.0942971527794       0.1237815408523559E-02
    120.1135149032255       0.1237273686884307E-02
    120.1327326536715       0.1236731965245055E-02
    120.1519504041175       0.1236190243605802E-02
    120.1711681545636       0.1235648521966550E-02
    120.1903859050096       0.1235106800327298E-02
    120.2096036554556       0.1234565078688046E-02
    120.2288214059017       0.1234023357048794E-02
    120.2480391563477       0.1233481635409541E-02
    120.2672569067937       0.1232939913770289E-02
    120.2864746572398       0.1232398192131037E-02
    120.3056924076858       0.1231856470491785E-02
    120.3249101581318       0.1231314748852533E-02
    120.3441279085778       0.1230773027213280E-02
    120.3633456590239       0.1230231305574028E-02
    120.3825634094699       0.1229689583934776E-02
    120.4017811599159       0.1229147862295524E-02
    120.4209989103620       0.1228606140656271E-02
    120.4402166608080       0.1228064419017019E-02
    120.4594344112540       0.1227522697377767E-02
    120.4786521617001       0.1226980975738515E-02
    120.4978699121461       0.1226439254099262E-02
    120.5170876625921       0.1225897532460010E-02
    120.5363054130382       0.1225355810820758E-02
    120.5555231634842       0.1224814089181506E-02
    120.5747409139302       0.1224272367542254E-02
    120.5939586643763       0.1223730645903001E-02
    120.6131764148223       0.1223188924263749E-02
    120.6323941652683       0.1222647202624497E-02
    120.6516119157144       0.1222105480985245E-02
    120.6708296661604       0.1221563759345992E-02
    120.6900474166064       0.1221022037706740E-02
    120.7092651670525       0.1220483705455531E-02
    120.7284829174985       0.1219963951014893E-02
    120.7477006679445       0.1219444196574255E-02
    120.7669184183905       0.1218924442133617E-02
    120.7861361688366       0.1218404687692979E-02
    120.8053539192826       0.1217884933252341E-02
    120.8245716697286       0.1217365178811703E-02
    120.8437894201747       0.1216845424371065E-02
    120.8630071706207       0.1216325669930427E-02
    120.8822249210667       0.1215805915489790E-02
    120.9014426715128       0.1215286161049152E-02
    120.9206604219588       0.1214766406608514E-02
    120.9398781724048       0.1214246652167876E-02
    120.9590959228509       0.1213726897727238E-02
    120.9783136732969       0.1213207143286600E-02
    120.9975314237429       0.1212687388845962E-02
    121.0167491741890       0.1212167634405324E-02
    121.0359669246350       0.1211647879964687E-02
    121.0551846750810       0.1211128125524049E-02
    121.0744024255271       0.1210608371083411E-02
    121.0936201759731       0.1210088616642773E-02
    121.1128379264191       0.1209568862202135E-02
    121.1320556768651       0.1209049107761497E-02
    121.1512734273112       0.1208529353320859E-02
    121.1704911777572       0.1208009598880221E-02
    121.1897089282032       0.1207489844439584E-02
    121.2089266786493       0.1206970089998945E-02
    121.2281444290953       0.1206450335558308E-02
    121.2473621795413       0.1205930581117670E-02
    121.2665799299874       0.1205410826677032E-02
    121.2857976804334       0.1204891072236394E-02
    121.3050154308794       0.1204371317795756E-02
    121.3242331813255       0.1203851563355118E-02
    121.3434509317715       0.1203331808914481E-02
    121.3626686822175       0.1202812054473842E-02
    121.3818864326636       0.1202292300033205E-02
    121.4011041831096       0.1201772545592567E-02
    121.4203219335556       0.1201252791151929E-02
    121.4395396840017       0.1200733036711291E-02
    121.4587574344477       0.1200213282270653E-02
    121.4779751848937       0.1199693527830015E-02
    121.4971929353398       0.1199173773389377E-02
    121.5164106857858       0.1198654018948739E-02
    121.5356284362318       0.1198134264508102E-02
    121.5548461866778       0.1197614510067464E-02
    121.5740639371239       0.1197094755626826E-02
    121.5932816875699       0.1196575001186188E-02
    121.6124994380159       0.1196055246745550E-02
    121.6317171884620       0.1195535492304912E-02
    121.6509349389080       0.1195015737864274E-02
    121.6701526893540       0.1194495983423636E-02
    121.6893704398001       0.1193976228982999E-02
    121.7085881902461       0.1193456474542361E-02
    121.7278059406921       0.1192936720101723E-02
    121.7470236911382       0.1192416965661085E-02
    121.7662414415842       0.1191897211220447E-02
    121.7854591920302       0.1191377456779809E-02
    121.8046769424763       0.1190857702339172E-02
    121.8238946929223       0.1190337719588936E-02
    121.8431124433683       0.1189815870522917E-02
    121.8623301938144       0.1189294021456899E-02
    121.8815479442604       0.1188772172390880E-02
    121.9007656947064       0.1188250323324862E-02
    121.9199834451525       0.1187728474258843E-02
    121.9392011955985       0.1187206625192825E-02
    121.9584189460445       0.1186684776126806E-02
    121.9776366964905       0.1186162927060788E-02
    121.9968544469366       0.1185641077994769E-02
    122.0160721973826       0.1185119228928751E-02
    122.0352899478286       0.1184597379862732E-02
    122.0545076982747       0.1184075530796714E-02
    122.0737254487207       0.1183553681730695E-02
    122.0929431991667       0.1183031832664677E-02
    122.1121609496128       0.1182509983598658E-02
    122.1313787000588       0.1181988134532640E-02
    122.1505964505048       0.1181466285466621E-02
    122.1698142009509       0.1180944436400603E-02
    122.1890319513969       0.1180422587334584E-02
    122.2082497018429       0.1179900738268566E-02
    122.2274674522890       0.1179378889202547E-02
    122.2466852027350       0.1178857040136529E-02
    122.2659029531810       0.1178335191070510E-02
    122.2851207036271       0.1177813342004492E-02
    122.3043384540731       0.1177291492938473E-02
    122.3235562045191       0.1176769643872455E-02
    122.3427739549652       0.1176247794806436E-02
    122.3619917054112       0.1175725945740417E-02
    122.3812094558572       0.1175204096674399E-02
    122.4004272063032       0.1174682247608380E-02
    122.4196449567493       0.1174160398542362E-02
    122.4388627071953       0.1173638549476343E-02
    122.4580804576413       0.1173116700410325E-02
    122.4772982080874       0.1172594851344306E-02
    122.4965159585334       0.1172073002278288E-02
    122.5157337089794       0.1171551153212269E-02
    122.5349514594255       0.1171029304146251E-02
    122.5541692098715       0.1170507455080232E-02
    122.5733869603175       0.1169985606014214E-02
    122.5926047107636       0.1169463756948195E-02
    122.6118224612096       0.1168941907882177E-02
    122.6310402116556       0.1168420058816158E-02
    122.6502579621017       0.1167898209750140E-02
    122.6694757125477       0.1167376360684121E-02
    122.6886934629937       0.1166854511618103E-02
    122.7079112134398       0.1166332662552084E-02
    122.7271289638858       0.1165810813486066E-02
    122.7463467143318       0.1165288964420047E-02
    122.7655644647779       0.1164767115354029E-02
    122.7847822152239       0.1164245266288010E-02
    122.8039999656699       0.1163723417221992E-02
    122.8232177161159       0.1163201568155973E-02
    122.8424354665620       0.1162679719089954E-02
    122.8616532170080       0.1162157870023936E-02
    122.8808709674540       0.1161636020957917E-02
    122.9000887179001       0.1161114171891899E-02
    122.9193064683461       0.1160592322825880E-02
    122.9385242187921       0.1160070473759862E-02
    122.9577419692382       0.1159548624693843E-02
    122.9769597196842       0.1159026775627825E-02
    122.9961774701302       0.1158504926561806E-02
    123.0153952205763       0.1157983077495788E-02
    123.0346129710223       0.1157461228429769E-02
    123.0538307214683       0.1156939379363751E-02
    123.0730484719144       0.1156417530297732E-02
    123.0922662223604       0.1155895681231714E-02
    123.1114839728064       0.1155373832165695E-02
    123.1307017232525       0.1154851983099677E-02
    123.1499194736985       0.1154330134033658E-02
    123.1691372241445       0.1153808284967640E-02
    123.1883549745906       0.1153286435901621E-02
    123.2075727250366       0.1152764586835603E-02
    123.2267904754826       0.1152242737769584E-02
    123.2460082259286       0.1151720888703566E-02
    123.2652259763747       0.1151199039637547E-02
    123.2844437268207       0.1150677190571529E-02
    123.3036614772667       0.1150155341505510E-02
    123.3228792277128       0.1149633492439491E-02
    123.3420969781588       0.1149111643373473E-02
    123.3613147286048       0.1148589794307454E-02
    123.3805324790509       0.1148067945241436E-02
    123.3997502294969       0.1147546096175417E-02
    123.4189679799429       0.1147024247109399E-02
    123.4381857303890       0.1146502398043380E-02
    123.4574034808350       0.1145980548977362E-02
    123.4766212312810       0.1145458699911343E-02
    123.4958389817271       0.1144936850845325E-02
    123.5150567321731       0.1144415001779306E-02
    123.5342744826191       0.1143893152713288E-02
    123.5534922330652       0.1143371303647269E-02
    123.5727099835112       0.1142849454581251E-02
    123.5919277339572       0.1142327605515232E-02
    123.6111454844033       0.1141805756449214E-02
    123.6303632348493       0.1141283907383195E-02
    123.6495809852953       0.1140762058317177E-02
    123.6687987357413       0.1140240209251158E-02
    123.6880164861874       0.1139718360185140E-02
    123.7072342366334       0.1139196511119121E-02
    123.7264519870794       0.1138674662053103E-02
    123.7456697375255       0.1138152812987084E-02
    123.7648874879715       0.1137630963921066E-02
    123.7841052384175       0.1137109114855047E-02
    123.8033229888636       0.1136587265789028E-02
    123.8225407393096       0.1136065416723010E-02
    123.8417584897556       0.1135543567656991E-02
    123.8609762402017       0.1135021718590973E-02
    123.8801939906477       0.1134499869524954E-02
    123.8994117410937       0.1133978020458936E-02
    123.9186294915398       0.1133456171392917E-02
    123.9378472419858       0.1132934322326899E-02
    123.9570649924318       0.1132412473260880E-02
    123.9762827428779       0.1131890624194862E-02
    123.9955004933239       0.1131368775128843E-02
    124.0147182437699       0.1130846926062825E-02
    124.0339359942160       0.1130325076996806E-02
    124.0531537446620       0.1129803227930788E-02
    124.0723714951080       0.1129281378864769E-02
    124.0915892455540       0.1128759529798751E-02
    124.1108069960001       0.1128237680732732E-02
    124.1300247464461       0.1127715831666714E-02
    124.1492424968921       0.1127193982600695E-02
    124.1684602473382       0.1126672133534677E-02
    124.1876779977842       0.1126150284468658E-02
    124.2068957482302       0.1125628435402640E-02
    124.2261134986763       0.1125106586336621E-02
    124.2453312491223       0.1124584737270603E-02
    124.2645489995683       0.1124062888204584E-02
    124.2837667500144       0.1123541039138565E-02
    124.3029845004604       0.1123019190072547E-02
    124.3222022509064       0.1122497341006528E-02
    124.3414200013525       0.1121975491940510E-02
    124.3606377517985       0.1121453642874491E-02
    124.3798555022445       0.1120931793808473E-02
    124.3990732526906       0.1120409944742454E-02
    124.4182910031366       0.1119888095676436E-02
    124.4375087535826       0.1119366246610417E-02
    124.4567265040287       0.1118844397544399E-02
    124.4759442544747       0.1118322548478380E-02
    124.4951620049207       0.1117800699412362E-02
    124.5143797553667       0.1117278850346343E-02
    124.5335975058128       0.1116757001280325E-02
    124.5528152562588       0.1116235152214306E-02
    124.5720330067048       0.1115713303148288E-02
    124.5912507571509       0.1115191454082269E-02
    124.6104685075969       0.1114669605016251E-02
    124.6296862580429       0.1114147755950232E-02
    124.6489040084890       0.1113625906884214E-02
    124.6681217589350       0.1113104057818195E-02
    124.6873395093810       0.1112582208752177E-02
    124.7065572598271       0.1112060359686158E-02
    124.7257750102731       0.1111538510620140E-02
    124.7449927607191       0.1111016661554121E-02
    124.7642105111652       0.1110494812488103E-02
    124.7834282616112       0.1109972963422084E-02
    124.8026460120572       0.1109451114356066E-02
    124.8218637625033       0.1108929265290047E-02
    124.8410815129493       0.1108407416224029E-02
    124.8602992633953       0.1107885567158010E-02
    124.8795170138414       0.1107363718091992E-02
    124.8987347642874       0.1106841869025973E-02
    124.9179525147334       0.1106320019959955E-02
    124.9371702651794       0.1105798170893936E-02
    124.9563880156255       0.1105276321827917E-02
    124.9756057660715       0.1104754472761899E-02
    124.9948235165175       0.1104232623695880E-02
    125.0140412669636       0.1103710774629862E-02
    125.0332590174096       0.1103188925563843E-02
    125.0524767678556       0.1102667076497825E-02
    125.0716945183017       0.1102145227431806E-02
    125.0909122687477       0.1101623378365788E-02
    125.1101300191937       0.1101101529299769E-02
    125.1293477696398       0.1100579680233751E-02
    125.1485655200858       0.1100057831167732E-02
    125.1677832705318       0.1099535982101714E-02
    125.1870010209779       0.1099014133035695E-02
    125.2062187714239       0.1098492283969677E-02
    125.2254365218699       0.1097970434903658E-02
    125.2446542723160       0.1097448585837640E-02
    125.2638720227620       0.1096926736771621E-02
    125.2830897732080       0.1096404887705603E-02
    125.3023075236541       0.1095883038639584E-02
    125.3215252741001       0.1095361189573566E-02
    125.3407430245461       0.1094839340507547E-02
    125.3599607749921       0.1094317491441529E-02
    125.3791785254382       0.1093795642375510E-02
    125.3983962758842       0.1093273793309492E-02
    125.4176140263302       0.1092751944243473E-02
    125.4368317767763       0.1092230095177454E-02
    125.4560495272223       0.1091708246111436E-02
    125.4752672776683       0.1091186397045417E-02
    125.4944850281144       0.1090664547979399E-02
    125.5137027785604       0.1090142698913380E-02
    125.5329205290064       0.1089620849847362E-02
    125.5521382794525       0.1089099000781343E-02
    125.5713560298985       0.1088577151715325E-02
    125.5905737803445       0.1088055302649306E-02
    125.6097915307906       0.1087533453583288E-02
    125.6290092812366       0.1087011604517269E-02
    125.6482270316826       0.1086489755451251E-02
    125.6674447821287       0.1085967906385232E-02
    125.6866625325747       0.1085446057319214E-02
    125.7058802830207       0.1084924208253195E-02
    125.7250980334668       0.1084402359187177E-02
    125.7443157839128       0.1083880510121158E-02
    125.7635335343588       0.1083358661055140E-02
    125.7827512848048       0.1082836811989121E-02
    125.8019690352509       0.1082314962923103E-02
    125.8211867856969       0.1081793113857084E-02
    125.8404045361429       0.1081271264791066E-02
    125.8596222865890       0.1080749415725047E-02
    125.8788400370350       0.1080227566659029E-02
    125.8980577874810       0.1079705717593010E-02
    125.9172755379271       0.1079183868526991E-02
    125.9364932883731       0.1078662019460973E-02
    125.9557110388191       0.1078140170394954E-02
    125.9749287892652       0.1077618321328936E-02
    125.9941465397112       0.1077096472262917E-02
    126.0133642901572       0.1076574623196899E-02
    126.0325820406033       0.1076052774130880E-02
    126.0517997910493       0.1075530925064862E-02
    126.0710175414953       0.1075009075998843E-02
    126.0902352919414       0.1074487226932825E-02
    126.1094530423874       0.1073965377866806E-02
    126.1286707928334       0.1073443528800788E-02
    126.1478885432794       0.1072921679734769E-02
    126.1671062937255       0.1072399830668751E-02
    126.1863240441715       0.1071877981602732E-02
    126.2055417946175       0.1071356132536714E-02
    126.2247595450636       0.1070834283470695E-02
    126.2439772955096       0.1070312434404677E-02
    126.2631950459556       0.1069790585338658E-02
    126.2824127964017       0.1069268736272640E-02
    126.3016305468477       0.1068746887206621E-02
    126.3208482972937       0.1068225038140603E-02
    126.3400660477398       0.1067703189074584E-02
    126.3592837981858       0.1067181340008566E-02
    126.3785015486318       0.1066659490942547E-02
    126.3977192990779       0.1066137641876528E-02
    126.4169370495239       0.1065615792810510E-02
    126.4361547999699       0.1065093943744491E-02
    126.4553725504160       0.1064572094678473E-02
    126.4745903008620       0.1064050245612454E-02
    126.4938080513080       0.1063528396546436E-02
    126.5130258017541       0.1063006547480417E-02
    126.5322435522001       0.1062484698414399E-02
    126.5514613026461       0.1061962849348380E-02
    126.5706790530921       0.1061441000282362E-02
    126.5898968035382       0.1060919151216343E-02
    126.6091145539842       0.1060397302150325E-02
    126.6283323044302       0.1059875453084306E-02
    126.6475500548763       0.1059353604018288E-02
    126.6667678053223       0.1058831754952269E-02
    126.6859855557683       0.1058309905886251E-02
    126.7052033062144       0.1057788056820232E-02
    126.7244210566604       0.1057266207754214E-02
    126.7436388071064       0.1056744358688195E-02
    126.7628565575525       0.1056222509622177E-02
    126.7820743079985       0.1055700660556158E-02
    126.8012920584445       0.1055178811490140E-02
    126.8205098088906       0.1054656962424121E-02
    126.8397275593366       0.1054135113358103E-02
    126.8589453097826       0.1053613264292084E-02
    126.8781630602287       0.1053091415226065E-02
    126.8973808106747       0.1052569566160047E-02
    126.9165985611207       0.1052047717094028E-02
    126.9358163115668       0.1051525868028010E-02
    126.9550340620128       0.1051004018961992E-02
    126.9742518124588       0.1050482169895973E-02
    126.9934695629048       0.1049960320829955E-02
    127.0126873133509       0.1049438471763936E-02
    127.0319050637969       0.1048916622697918E-02
    127.0511228142429       0.1048394773631899E-02
    127.0703405646890       0.1047872924565880E-02
    127.0895583151350       0.1047351075499862E-02
    127.1087760655810       0.1046829226433843E-02
    127.1279938160271       0.1046307377367825E-02
    127.1472115664731       0.1045785528301806E-02
    127.1664293169191       0.1045263679235788E-02
    127.1856470673652       0.1044741830169769E-02
    127.2048648178112       0.1044219981103751E-02
    127.2240825682572       0.1043698132037732E-02
    127.2433003187033       0.1043176282971714E-02
    127.2625180691493       0.1042654433905695E-02
    127.2817358195953       0.1042132584839677E-02
    127.3009535700414       0.1041610735773658E-02
    127.3201713204874       0.1041088886707640E-02
    127.3393890709334       0.1040567037641621E-02
    127.3586068213795       0.1040045188575603E-02
    127.3778245718255       0.1039523339509584E-02
    127.3970423222715       0.1039001490443566E-02
    127.4162600727175       0.1038479641377547E-02
    127.4354778231636       0.1037957792311529E-02
    127.4546955736096       0.1037435943245510E-02
    127.4739133240556       0.1036914094179492E-02
    127.4931310745017       0.1036392245113473E-02
    127.5123488249477       0.1035870396047455E-02
    127.5315665753937       0.1035348546981436E-02
    127.5507843258398       0.1034826697915417E-02
    127.5700020762858       0.1034304848849399E-02
    127.5892198267318       0.1033782999783380E-02
    127.6084375771779       0.1033261150717362E-02
    127.6276553276239       0.1032739301651343E-02
    127.6468730780699       0.1032217452585325E-02
    127.6660908285160       0.1031695603519306E-02
    127.6853085789620       0.1031173754453288E-02
    127.7045263294080       0.1030651905387269E-02
    127.7237440798541       0.1030130056321251E-02
    127.7429618303001       0.1029608207255232E-02
    127.7621795807461       0.1029086358189214E-02
    127.7813973311922       0.1028564509123195E-02
    127.8006150816382       0.1028042660057177E-02
    127.8198328320842       0.1027520810991158E-02
    127.8390505825302       0.1026998961925140E-02
    127.8582683329763       0.1026477112859121E-02
    127.8774860834223       0.1025955263793103E-02
    127.8967038338683       0.1025433414727084E-02
    127.9159215843144       0.1024911565661066E-02
    127.9351393347604       0.1024389716595047E-02
    127.9543570852064       0.1023867867529029E-02
    127.9735748356525       0.1023346018463010E-02
    127.9927925860985       0.1022824169396992E-02
    128.0120103365445       0.1022302320330973E-02
    128.0312280869906       0.1021780471264954E-02
    128.0504458374366       0.1021258622198934E-02
    128.0696635878827       0.1020736773132915E-02
    128.0888813383287       0.1020214924066896E-02
    128.1080990887748       0.1019693075000877E-02
    128.1273168392208       0.1019171225934857E-02
    128.1465345896669       0.1018649376868838E-02
    128.1657523401129       0.1018127527802819E-02
    128.1849700905589       0.1017605678736799E-02
    128.2041878410050       0.1017083829670780E-02
    128.2234055914510       0.1016561980604761E-02
    128.2426233418971       0.1016040131538741E-02
    128.2618410923431       0.1015518282472722E-02
    128.2810588427892       0.1014996433406703E-02
    128.3002765932352       0.1014474584340684E-02
    128.3194943436813       0.1013952735274664E-02
    128.3387120941273       0.1013430886208645E-02
    128.3579298445734       0.1012909037142626E-02
    128.3771475950194       0.1012387188076606E-02
    128.3963653454655       0.1011865339010587E-02
    128.4155830959115       0.1011343489944568E-02
    128.4348008463575       0.1010821640878549E-02
    128.4540185968036       0.1010299791812529E-02
    128.4732363472496       0.1009777942746510E-02
    128.4924540976957       0.1009256093680491E-02
    128.5116718481417       0.1008734244614471E-02
    128.5308895985878       0.1008212395548452E-02
    128.5501073490338       0.1007690546482433E-02
    128.5693250994799       0.1007168697416414E-02
    128.5885428499259       0.1006646848350394E-02
    128.6077606003720       0.1006124999284375E-02
    128.6269783508180       0.1005603150218356E-02
    128.6461961012641       0.1005081301152336E-02
    128.6654138517101       0.1004559452086317E-02
    128.6846316021561       0.1004037603020298E-02
    128.7038493526022       0.1003515753954279E-02
    128.7230671030482       0.1002993904888259E-02
    128.7422848534943       0.1002472055822240E-02
    128.7615026039403       0.1001950206756221E-02
    128.7807203543864       0.1001428357690201E-02
    128.7999381048324       0.1000906508624182E-02
    128.8191558552785       0.1000384659558163E-02
    128.8383736057245       0.9998628104921435E-03
    128.8575913561706       0.9993409614261243E-03
    128.8768091066166       0.9988191123601049E-03
    128.8960268570627       0.9982972632940855E-03
    128.9152446075087       0.9977754142280664E-03
    128.9344623579547       0.9972535651620470E-03
    128.9536801084008       0.9967317160960278E-03
    128.9728978588468       0.9962098670300084E-03
    128.9921156092929       0.9956880179639892E-03
    129.0113333597389       0.9951661688979698E-03
    129.0305511101850       0.9946443198319507E-03
    129.0497688606310       0.9941224707659313E-03
    129.0689866110771       0.9936006216999119E-03
    129.0882043615231       0.9930787726338927E-03
    129.1074221119692       0.9925569235678733E-03
    129.1266398624152       0.9920350745018542E-03
    129.1458576128612       0.9915132254358348E-03
    129.1650753633073       0.9909913763698156E-03
    129.1842931137533       0.9904695273037962E-03
    129.2035108641994       0.9899476782377771E-03
    129.2227286146454       0.9894258291717577E-03
    129.2419463650915       0.9889039801057385E-03
    129.2611641155375       0.9883821310397191E-03
    129.2803818659836       0.9878602819736997E-03
    129.2995996164296       0.9873384329076806E-03
    129.3188173668757       0.9868165838416612E-03
    129.3380351173217       0.9862947347756420E-03
    129.3572528677678       0.9857728857096226E-03
    129.3764706182138       0.9852510366436034E-03
    129.3956883686598       0.9847291875775841E-03
    129.4149061191059       0.9842073385115649E-03
    129.4341238695519       0.9836854894455455E-03
    129.4533416199980       0.9831636403795261E-03
    129.4725593704440       0.9826417913135069E-03
    129.4917771208901       0.9821199422474875E-03
    129.5109948713361       0.9815980931814684E-03
    129.5302126217822       0.9810762441154490E-03
    129.5494303722282       0.9805543950494298E-03
    129.5686481226743       0.9800325459834104E-03
    129.5878658731203       0.9795106969173913E-03
    129.6070836235664       0.9789888478513719E-03
    129.6263013740124       0.9784669987853525E-03
    129.6455191244584       0.9779451497193333E-03
    129.6647368749045       0.9774233006533139E-03
    129.6839546253505       0.9769014515872948E-03
    129.7031723757966       0.9763796025212753E-03
    129.7223901262426       0.9758577534552559E-03
    129.7416078766887       0.9753359043892365E-03
    129.7608256271347       0.9748140553232171E-03
    129.7800433775808       0.9742922062571977E-03
    129.7992611280268       0.9737703571911783E-03
    129.8184788784729       0.9732485081251589E-03
    129.8376966289189       0.9727266590591395E-03
    129.8569143793650       0.9722048099931202E-03
    129.8761321298110       0.9716829609271008E-03
    129.8953498802570       0.9711611118610813E-03
    129.9145676307031       0.9706392627950619E-03
    129.9337853811491       0.9701174137290425E-03
    129.9530031315952       0.9695955646630231E-03
    129.9722208820412       0.9690737155970037E-03
    129.9914386324873       0.9685518665309843E-03
    130.0106563829333       0.9680300174649650E-03
    130.0298741333794       0.9675081683989456E-03
    130.0490918838254       0.9669863193329262E-03
    130.0683096342715       0.9664644702669068E-03
    130.0875273847175       0.9659426212008873E-03
    130.1067451351635       0.9654207721348679E-03
    130.1259628856096       0.9648989230688485E-03
    130.1451806360556       0.9643770740028291E-03
    130.1643983865017       0.9638552249368097E-03
    130.1836161369477       0.9633333758707904E-03
    130.2028338873938       0.9628115268047710E-03
    130.2220516378398       0.9622896777387516E-03
    130.2412693882859       0.9617678286727322E-03
    130.2604871387319       0.9612459796067127E-03
    130.2797048891780       0.9607241305406933E-03
    130.2989226396240       0.9602022814746739E-03
    130.3181403900701       0.9596804324086545E-03
    130.3373581405161       0.9591585833426351E-03
    130.3565758909621       0.9586367342766158E-03
    130.3757936414082       0.9581148852105964E-03
    130.3950113918542       0.9575930361445770E-03
    130.4142291423003       0.9570711870785576E-03
    130.4334468927463       0.9565493380125382E-03
    130.4526646431924       0.9560274889465187E-03
    130.4718823936384       0.9555056398804993E-03
    130.4911001440845       0.9549837908144799E-03
    130.5103178945305       0.9544619417484606E-03
    130.5295356449766       0.9539400926824412E-03
    130.5487533954226       0.9534182436164218E-03
    130.5679711458687       0.9528963945504024E-03
    130.5871888963147       0.9523745454843830E-03
    130.6064066467607       0.9518526964183636E-03
    130.6256243972068       0.9513308473523442E-03
    130.6448421476528       0.9508089982863247E-03
    130.6640598980989       0.9502871492203053E-03
    130.6832776485449       0.9497653001542860E-03
    130.7024953989910       0.9492434510882666E-03
    130.7217131494370       0.9487216020222472E-03
    130.7409308998831       0.9481997529562278E-03
    130.7601486503291       0.9476779038902084E-03
    130.7793664007752       0.9471560548241890E-03
    130.7985841512212       0.9466342057581696E-03
    130.8178019016673       0.9461123566921502E-03
    130.8370196521133       0.9455905076261308E-03
    130.8562374025593       0.9450686585601114E-03
    130.8754551530054       0.9445468094940920E-03
    130.8946729034514       0.9440249604280726E-03
    130.9138906538975       0.9435031113620532E-03
    130.9331084043435       0.9429812622960338E-03
    130.9523261547896       0.9424594132300144E-03
    130.9715439052356       0.9419375641639950E-03
    130.9907616556817       0.9414157150979757E-03
    131.0099794061277       0.9408938660319563E-03
    131.0291971565738       0.9403720169659368E-03
    131.0484149070198       0.9398501678999174E-03
    131.0676326574659       0.9393283188338980E-03
    131.0868504079119       0.9388064697678786E-03
    131.1060681583579       0.9382846207018592E-03
    131.1252859088040       0.9377627716358398E-03
    131.1445036592500       0.9372409225698204E-03
    131.1637214096961       0.9367190735038011E-03
    131.1829391601421       0.9361972244377817E-03
    131.2021569105882       0.9356753753717622E-03
    131.2213746610342       0.9351535263057428E-03
    131.2405924114803       0.9346316772397234E-03
    131.2598101619263       0.9341098281737040E-03
    131.2790279123724       0.9335879791076846E-03
    131.2982456628184       0.9330661300416652E-03
    131.3174634132644       0.9325442809756458E-03
    131.3366811637105       0.9320224319096265E-03
    131.3558989141565       0.9315005828436071E-03
    131.3751166646026       0.9309787337775877E-03
    131.3943344150486       0.9304568847115682E-03
    131.4135521654947       0.9299350356455488E-03
    131.4327699159407       0.9294131865795294E-03
    131.4519876663868       0.9288913375135100E-03
    131.4712054168328       0.9283694884474906E-03
    131.4904231672789       0.9278476393814713E-03
    131.5096409177249       0.9273257903154519E-03
    131.5288586681710       0.9268039412494325E-03
    131.5480764186170       0.9262820921834131E-03
    131.5672941690630       0.9257602431173937E-03
    131.5865119195091       0.9252383940513742E-03
    131.6057296699551       0.9247165449853548E-03
    131.6249474204012       0.9241946959193354E-03
    131.6441651708472       0.9236728468533160E-03
    131.6633829212933       0.9231509977872967E-03
    131.6826006717393       0.9226291487212773E-03
    131.7018184221854       0.9221072996552579E-03
    131.7210361726314       0.9215854505892385E-03
    131.7402539230775       0.9210636015232191E-03
    131.7594716735235       0.9205417524571997E-03
    131.7786894239696       0.9200199033911802E-03
    131.7979071744156       0.9194980543251608E-03
    131.8171249248616       0.9189762052591414E-03
    131.8363426753077       0.9184543561931221E-03
    131.8555604257537       0.9179325071271027E-03
    131.8747781761998       0.9174106580610833E-03
    131.8939959266458       0.9168888089950639E-03
    131.9132136770919       0.9163669599290445E-03
    131.9324314275379       0.9158451108630251E-03
    131.9516491779840       0.9153232617970056E-03
    131.9708669284300       0.9148014127309862E-03
    131.9900846788761       0.9142795636649669E-03
    132.0093024293221       0.9137577145989475E-03
    132.0285201797682       0.9132358655329281E-03
    132.0477379302142       0.9127140164669087E-03
    132.0669556806602       0.9121921674008893E-03
    132.0861734311063       0.9116703183348699E-03
    132.1053911815523       0.9111484692688505E-03
    132.1246089319984       0.9106266202028311E-03
    132.1438266824444       0.9101047711368116E-03
    132.1630444328905       0.9095829220707923E-03
    132.1822621833365       0.9090610730047729E-03
    132.2014799337826       0.9085392239387535E-03
    132.2206976842286       0.9080173748727341E-03
    132.2399154346747       0.9074955258067147E-03
    132.2591331851207       0.9069736767406953E-03
    132.2783509355667       0.9064518276746759E-03
    132.2975686860128       0.9059299786086565E-03
    132.3167864364588       0.9054081295426372E-03
    132.3360041869049       0.9048862804766177E-03
    132.3552219373509       0.9043644314105983E-03
    132.3744396877970       0.9038425823445789E-03
    132.3936574382430       0.9033207332785595E-03
    132.4128751886891       0.9027988842125401E-03
    132.4320929391351       0.9022770351465207E-03
    132.4513106895812       0.9017551860805013E-03
    132.4705284400272       0.9012333370144820E-03
    132.4897461904733       0.9007114879484626E-03
    132.5089639409193       0.9001896388824432E-03
    132.5281816913653       0.8996677898164237E-03
    132.5473994418114       0.8991459407504043E-03
    132.5666171922574       0.8986240916843849E-03
    132.5858349427035       0.8981022426183655E-03
    132.6050526931495       0.8975803935523461E-03
    132.6242704435956       0.8970585444863267E-03
    132.6434881940416       0.8965366954203074E-03
    132.6627059444877       0.8960148463542880E-03
    132.6819236949337       0.8954929972882686E-03
    132.7011414453798       0.8949711482222492E-03
    132.7203591958258       0.8944492991562297E-03
    132.7395769462719       0.8939274500902103E-03
    132.7587946967179       0.8934056010241909E-03
    132.7780124471639       0.8928837519581715E-03
    132.7972301976100       0.8923619028921521E-03
    132.8164479480560       0.8918400538261328E-03
    132.8356656985021       0.8913182047601134E-03
    132.8548834489481       0.8907963556940940E-03
    132.8741011993942       0.8902745066280746E-03
    132.8933189498402       0.8897526575620551E-03
    132.9125367002863       0.8892308084960357E-03
    132.9317544507323       0.8887089594300163E-03
    132.9509722011784       0.8881871103639969E-03
    132.9701899516244       0.8876652612979776E-03
    132.9894077020705       0.8871434122319582E-03
    133.0086254525165       0.8866215631659388E-03
    133.0278432029625       0.8860997140999194E-03
    133.0470609534086       0.8855778650339000E-03
    133.0662787038546       0.8850560159678806E-03
    133.0854964543007       0.8845341669018611E-03
    133.1047142047467       0.8840123178358417E-03
    133.1239319551928       0.8834904687698223E-03
    133.1431497056388       0.8829686197038030E-03
    133.1623674560849       0.8824467706377836E-03
    133.1815852065309       0.8819249215717642E-03
    133.2008029569770       0.8814030725057448E-03
    133.2200207074230       0.8808812234397254E-03
    133.2392384578690       0.8803593743737060E-03
    133.2584562083151       0.8798375253076866E-03
    133.2776739587611       0.8793156762416671E-03
    133.2968917092072       0.8787938271756477E-03
    133.3161094596532       0.8782719781096284E-03
    133.3353272100993       0.8777501290436090E-03
    133.3545449605453       0.8772282799775896E-03
    133.3737627109914       0.8767064309115702E-03
    133.3929804614374       0.8761845818455508E-03
    133.4121982118835       0.8756627327795314E-03
    133.4314159623295       0.8751408837135120E-03
    133.4506337127756       0.8746190346474926E-03
    133.4698514632216       0.8740971855814732E-03
    133.4890692136676       0.8735753365154538E-03
    133.5082869641137       0.8730534874494344E-03
    133.5275047145597       0.8725316383834150E-03
    133.5467224650058       0.8720097893173956E-03
    133.5659402154518       0.8714879402513762E-03
    133.5851579658979       0.8709660911853568E-03
    133.6043757163439       0.8704442421193374E-03
    133.6235934667900       0.8699223930533181E-03
    133.6428112172360       0.8694005439872986E-03
    133.6620289676821       0.8688786949212792E-03
    133.6812467181281       0.8683568458552598E-03
    133.7004644685742       0.8678349967892404E-03
    133.7196822190202       0.8673131477232210E-03
    133.7388999694662       0.8667912986572016E-03
    133.7581177199123       0.8662694495911822E-03
    133.7773354703583       0.8657476005251628E-03
    133.7965532208044       0.8652257514591435E-03
    133.8157709712504       0.8647039023931241E-03
    133.8349887216965       0.8641820533271046E-03
    133.8542064721425       0.8636602042610852E-03
    133.8734242225886       0.8631383551950658E-03
    133.8926419730346       0.8626165061290464E-03
    133.9118597234807       0.8620946570630270E-03
    133.9310774739267       0.8615728079970076E-03
    133.9502952243728       0.8610509589309882E-03
    133.9695129748188       0.8605291098649689E-03
    133.9887307252648       0.8600072607989495E-03
    134.0079484757109       0.8594854117329301E-03
    134.0271662261569       0.8589635626669106E-03
    134.0463839766030       0.8584417136008912E-03
    134.0656017270490       0.8579198645348718E-03
    134.0848194774951       0.8573980154688524E-03
    134.1040372279411       0.8568761664028330E-03
    134.1232549783872       0.8563543173368137E-03
    134.1424727288332       0.8558324682707943E-03
    134.1616904792793       0.8553106192047749E-03
    134.1809082297253       0.8547887701387555E-03
    134.2001259801714       0.8542669210727361E-03
    134.2193437306174       0.8537450720067166E-03
    134.2385614810634       0.8532232229406972E-03
    134.2577792315095       0.8527013738746778E-03
    134.2769969819555       0.8521795248086584E-03
    134.2962147324016       0.8516576757426391E-03
    134.3154324828476       0.8511358266766197E-03
    134.3346502332937       0.8506139776106003E-03
    134.3538679837397       0.8500921285445809E-03
    134.3730857341858       0.8495702794785615E-03
    134.3923034846318       0.8490484304125421E-03
    134.4115212350779       0.8485265813465226E-03
    134.4307389855239       0.8480047322805032E-03
    134.4499567359699       0.8474828832144839E-03
    134.4691744864160       0.8469610341484645E-03
    134.4883922368620       0.8464391850824451E-03
    134.5076099873081       0.8459173360164257E-03
    134.5268277377541       0.8453954869504063E-03
    134.5460454882002       0.8448736378843869E-03
    134.5652632386462       0.8443517888183675E-03
    134.5844809890923       0.8438299397523480E-03
    134.6036987395383       0.8433080906863286E-03
    134.6229164899844       0.8427862416203093E-03
    134.6421342404304       0.8422643925542899E-03
    134.6613519908765       0.8417425434882705E-03
    134.6805697413225       0.8412206944222511E-03
    134.6997874917685       0.8406988453562317E-03
    134.7190052422146       0.8401769962902123E-03
    134.7382229926606       0.8396551472241929E-03
    134.7574407431067       0.8391332981581735E-03
    134.7766584935527       0.8386114490921540E-03
    134.7958762439988       0.8380896000261347E-03
    134.8150939944448       0.8375677509601153E-03
    134.8343117448909       0.8370459018940959E-03
    134.8535294953369       0.8365240528280765E-03
    134.8727472457830       0.8360022037620571E-03
    134.8919649962290       0.8354803546960377E-03
    134.9111827466751       0.8349585056300183E-03
    134.9304004971211       0.8344366565639989E-03
    134.9496182475671       0.8339148074979796E-03
    134.9688359980132       0.8333929584319601E-03
    134.9880537484592       0.8328711093659407E-03
    135.0072714989053       0.8323492602999213E-03
    135.0264892493513       0.8318274112339019E-03
    135.0457069997974       0.8313055621678825E-03
    135.0649247502434       0.8307837131018631E-03
    135.0841425006895       0.8302618640358437E-03
    135.1033602511355       0.8297400149698244E-03
    135.1225780015816       0.8292181659038050E-03
    135.1417957520276       0.8286963168377856E-03
    135.1610135024737       0.8281744677717661E-03
    135.1802312529197       0.8276526187057467E-03
    135.1994490033657       0.8271307696397273E-03
    135.2186667538118       0.8266089205737079E-03
    135.2378845042578       0.8260870715076885E-03
    135.2571022547039       0.8255652224416691E-03
    135.2763200051499       0.8250433733756498E-03
    135.2955377555960       0.8245215243096304E-03
    135.3147555060420       0.8239996752436110E-03
    135.3339732564881       0.8234778261775915E-03
    135.3531910069341       0.8229559771115721E-03
    135.3724087573802       0.8224341280455527E-03
    135.3916265078262       0.8219122789795333E-03
    135.4108442582722       0.8213904299135139E-03
    135.4300620087183       0.8208685808474945E-03
    135.4492797591643       0.8203467317814752E-03
    135.4684975096104       0.8198248827154558E-03
    135.4877152600564       0.8193030336494364E-03
    135.5069330105025       0.8187811845834170E-03
    135.5261507609485       0.8182593355173975E-03
    135.5453685113946       0.8177374864513781E-03
    135.5645862618406       0.8172156373853587E-03
    135.5838040122867       0.8166937883193393E-03
    135.6030217627327       0.8161719392533200E-03
    135.6222395131788       0.8156500901873006E-03
    135.6414572636248       0.8151282411212812E-03
    135.6606750140708       0.8146063920552618E-03
    135.6798927645169       0.8140845429892424E-03
    135.6991105149629       0.8135626939232230E-03
    135.7183282654090       0.8130408448572035E-03
    135.7375460158550       0.8125189957911841E-03
    135.7567637663011       0.8119971467251647E-03
    135.7759815167471       0.8114752976591454E-03
    135.7951992671932       0.8109534485931260E-03
    135.8144170176392       0.8104315995271066E-03
    135.8336347680853       0.8099097504610872E-03
    135.8528525185313       0.8093879013950678E-03
    135.8720702689774       0.8088660523290484E-03
    135.8912880194234       0.8083442032630290E-03
    135.9105057698694       0.8078223541970095E-03
    135.9297235203155       0.8073005051309901E-03
    135.9489412707615       0.8067786560649708E-03
    135.9681590212076       0.8062568069989514E-03
    135.9873767716536       0.8057349579329320E-03
    136.0065945220997       0.8052131088669126E-03
    136.0258122725457       0.8046912598008932E-03
    136.0450300229918       0.8041694107348738E-03
    136.0642477734378       0.8036475616688544E-03
    136.0834655238839       0.8031257126028350E-03
    136.1026832743299       0.8026038635368156E-03
    136.1219010247760       0.8020820144707962E-03
    136.1411187752220       0.8015601654047768E-03
    136.1603365256680       0.8010383163387574E-03
    136.1795542761141       0.8005164672727380E-03
    136.1987720265601       0.7999946182067186E-03
    136.2179897770062       0.7994727691406992E-03
    136.2372075274522       0.7989509200746798E-03
    136.2564252778983       0.7984290710086605E-03
    136.2756430283443       0.7979072219426410E-03
    136.2948607787904       0.7973853728766216E-03
    136.3140785292364       0.7968635238106022E-03
    136.3332962796825       0.7963416747445828E-03
    136.3525140301285       0.7958198256785634E-03
    136.3717317805745       0.7952979766125440E-03
    136.3909495310206       0.7947761275465246E-03
    136.4101672814666       0.7942542784805052E-03
    136.4293850319127       0.7937324294144859E-03
    136.4486027823587       0.7932105803484665E-03
    136.4678205328048       0.7926887312824470E-03
    136.4870382832508       0.7921668822164276E-03
    136.5062560336969       0.7916450331504082E-03
    136.5254737841429       0.7911231840843888E-03
    136.5446915345890       0.7906013350183694E-03
    136.5639092850350       0.7900794859523500E-03
    136.5831270354811       0.7895576368863307E-03
    136.6023447859271       0.7890357878203113E-03
    136.6215625363731       0.7885139387542919E-03
    136.6407802868192       0.7879920896882725E-03
    136.6599980372652       0.7874702406222530E-03
    136.6792157877113       0.7869483915562336E-03
    136.6984335381573       0.7864265424902142E-03
    136.7176512886034       0.7859046934241948E-03
    136.7368690390494       0.7853828443581754E-03
    136.7560867894955       0.7848609952921561E-03
    136.7753045399415       0.7843391462261367E-03
    136.7945222903876       0.7838172971601173E-03
    136.8137400408336       0.7832954480940979E-03
    136.8329577912797       0.7827735990280785E-03
    136.8521755417257       0.7822517499620590E-03
    136.8713932921717       0.7817299008960396E-03
    136.8906110426178       0.7812080518300202E-03
    136.9098287930638       0.7806862027640008E-03
    136.9290465435099       0.7801643536979815E-03
    136.9482642939559       0.7796425046319621E-03
    136.9674820444020       0.7791206555659427E-03
    136.9866997948480       0.7785988064999233E-03
    137.0059175452941       0.7780769574339039E-03
    137.0251352957401       0.7775551083678844E-03
    137.0443530461862       0.7770332593018650E-03
    137.0635707966322       0.7765114102358456E-03
    137.0827885470783       0.7759895611698263E-03
    137.1020062975243       0.7754677121038069E-03
    137.1212240479703       0.7749458630377875E-03
    137.1404417984164       0.7744240139717681E-03
    137.1596595488624       0.7739021649057487E-03
    137.1788772993085       0.7733803158397293E-03
    137.1980950497545       0.7728584667737099E-03
    137.2173128002006       0.7723366177076904E-03
    137.2365305506466       0.7718147686416710E-03
    137.2557483010927       0.7712929195756517E-03
    137.2749660515387       0.7707710705096323E-03
    137.2941838019848       0.7702492214436129E-03
    137.3134015524308       0.7697273723775935E-03
    137.3326193028769       0.7692055233115741E-03
    137.3518370533229       0.7686836742455547E-03
    137.3710548037689       0.7681618251795353E-03
    137.3902725542150       0.7676399761135159E-03
    137.4094903046610       0.7671181270474964E-03
    137.4287080551071       0.7665962779814771E-03
    137.4479258055531       0.7660744289154577E-03
    137.4671435559992       0.7655525798494383E-03
    137.4863613064452       0.7650307307834189E-03
    137.5055790568913       0.7645088817173995E-03
    137.5247968073373       0.7639870326513801E-03
    137.5440145577834       0.7634651835853607E-03
    137.5632323082294       0.7629433345193413E-03
    137.5824500586754       0.7624214854533220E-03
    137.6016678091215       0.7618996363873025E-03
    137.6208855595675       0.7613777873212831E-03
    137.6401033100136       0.7608559382552637E-03
    137.6593210604596       0.7603340891892443E-03
    137.6785388109057       0.7598122401232249E-03
    137.6977565613517       0.7592903910572055E-03
    137.7169743117978       0.7587685419911861E-03
    137.7361920622438       0.7582466929251668E-03
    137.7554098126899       0.7577248438591474E-03
    137.7746275631359       0.7572029947931280E-03
    137.7938453135820       0.7566811457271085E-03
    137.8130630640280       0.7561592966610891E-03
    137.8322808144740       0.7556374475950697E-03
    137.8514985649201       0.7551155985290503E-03
    137.8707163153661       0.7545937494630309E-03
    137.8899340658122       0.7540719003970115E-03
    137.9091518162582       0.7535500513309922E-03
    137.9283695667043       0.7530282022649728E-03
    137.9475873171503       0.7525063531989534E-03
    137.9668050675964       0.7519845041329339E-03
    137.9860228180424       0.7514626550669145E-03
    138.0052405684885       0.7509408060008951E-03
    138.0244583189345       0.7504189569348757E-03
    138.0436760693806       0.7498971078688563E-03
    138.0628938198266       0.7493752588028369E-03
    138.0821115702726       0.7488534097368176E-03
    138.1013293207187       0.7483315606707982E-03
    138.1205470711647       0.7478097116047788E-03
    138.1397648216108       0.7472878625387594E-03
    138.1589825720568       0.7467660134727399E-03
    138.1782003225029       0.7462441644067205E-03
    138.1974180729489       0.7457223153407011E-03
    138.2166358233950       0.7452004662746817E-03
    138.2358535738410       0.7446786172086624E-03
    138.2550713242871       0.7441567681426430E-03
    138.2742890747331       0.7436349190766236E-03
    138.2935068251792       0.7431130700106042E-03
    138.3127245756252       0.7425912209445848E-03
    138.3319423260712       0.7420693718785654E-03
    138.3511600765173       0.7415475228125459E-03
    138.3703778269633       0.7410256737465265E-03
    138.3895955774094       0.7405038246805071E-03
    138.4088133278554       0.7399819756144878E-03
    138.4280310783015       0.7394601265484684E-03
    138.4472488287475       0.7389382774824490E-03
    138.4664665791936       0.7384164284164296E-03
    138.4856843296396       0.7378945793504102E-03
    138.5049020800857       0.7373727302843908E-03
    138.5241198305317       0.7368508812183714E-03
    138.5433375809777       0.7363290321523519E-03
    138.5625553314238       0.7358071830863326E-03
    138.5817730818698       0.7352853340203132E-03
    138.6009908323159       0.7347634849542938E-03
    138.6202085827619       0.7342416358882744E-03
    138.6394263332080       0.7337197868222550E-03
    138.6586440836540       0.7331979377562356E-03
    138.6778618341001       0.7326760886902162E-03
    138.6970795845461       0.7321542396241968E-03
    138.7162973349922       0.7316323905581773E-03
    138.7355150854382       0.7311105414921580E-03
    138.7547328358843       0.7305886924261386E-03
    138.7739505863303       0.7300668433601192E-03
    138.7931683367763       0.7295449942940998E-03
    138.8123860872224       0.7290231452280804E-03
    138.8316038376684       0.7285012961620610E-03
    138.8508215881145       0.7279794470960416E-03
    138.8700393385605       0.7274575980300222E-03
    138.8892570890066       0.7269357489640029E-03
    138.9084748394526       0.7264138998979834E-03
    138.9276925898987       0.7258920508319640E-03
    138.9469103403447       0.7253702017659446E-03
    138.9661280907908       0.7248483526999252E-03
    138.9853458412368       0.7243265036339058E-03
    139.0045635916829       0.7238046545678864E-03
    139.0237813421289       0.7232828055018670E-03
    139.0429990925749       0.7227609564358476E-03
    139.0622168430210       0.7222391073698283E-03
    139.0814345934670       0.7217172583038089E-03
    139.1006523439131       0.7211954092377894E-03
    139.1198700943591       0.7206735601717700E-03
    139.1390878448052       0.7201517111057506E-03
    139.1583055952512       0.7196298620397312E-03
    139.1775233456973       0.7191080129737118E-03
    139.1967410961433       0.7185861639076924E-03
    139.2159588465894       0.7180643148416731E-03
    139.2351765970354       0.7175424657756537E-03
    139.2543943474815       0.7170206167096343E-03
    139.2736120979275       0.7164987676436149E-03
    139.2928298483735       0.7159769185775954E-03
    139.3120475988196       0.7154550695115760E-03
    139.3312653492656       0.7149332204455566E-03
    139.3504830997117       0.7144113713795372E-03
    139.3697008501577       0.7138895223135178E-03
    139.3889186006038       0.7133676732474985E-03
    139.4081363510498       0.7128458241814791E-03
    139.4273541014959       0.7123239751154597E-03
    139.4465718519419       0.7118021260494403E-03
    139.4657896023880       0.7112802769834209E-03
    139.4850073528340       0.7107584279174014E-03
    139.5042251032800       0.7102365788513820E-03
    139.5234428537261       0.7097147297853626E-03
    139.5426606041721       0.7091928807193432E-03
    139.5618783546182       0.7086710316533239E-03
    139.5810961050642       0.7081491825873045E-03
    139.6003138555103       0.7076273335212851E-03
    139.6195316059563       0.7071054844552657E-03
    139.6387493564024       0.7065836353892463E-03
    139.6579671068484       0.7060617863232268E-03
    139.6771848572945       0.7055399372572074E-03
    139.6964026077405       0.7050180881911880E-03
    139.7156203581866       0.7044962391251687E-03
    139.7348381086326       0.7039743900591493E-03
    139.7540558590786       0.7034525409931299E-03
    139.7732736095247       0.7029306919271105E-03
    139.7924913599707       0.7024088428610911E-03
    139.8117091104168       0.7018869937950717E-03
    139.8309268608628       0.7013651447290523E-03
    139.8501446113089       0.7008432956630328E-03
    139.8693623617549       0.7003214465970134E-03
    139.8885801122010       0.6997995975309941E-03
    139.9077978626470       0.6992777484649747E-03
    139.9270156130931       0.6987558993989553E-03
    139.9462333635391       0.6982340503329359E-03
    139.9654511139852       0.6977122012669165E-03
    139.9846688644312       0.6971903522008971E-03
    140.0038866148772       0.6966685031348777E-03
    140.0231043653233       0.6961466540688583E-03
    140.0423221157693       0.6956248050028388E-03
    140.0615398662154       0.6951029559368195E-03
    140.0807576166614       0.6945811068708001E-03
    140.0999753671075       0.6940592578047807E-03
    140.1191931175535       0.6935374087387613E-03
    140.1384108679996       0.6930155596727419E-03
    140.1576286184456       0.6924937106067225E-03
    140.1768463688917       0.6919718615407031E-03
    140.1960641193377       0.6914500124746837E-03
    140.2152818697838       0.6909281634086644E-03
    140.2344996202298       0.6904063143426449E-03
    140.2537173706758       0.6898844652766255E-03
    140.2729351211219       0.6893626162106061E-03
    140.2921528715679       0.6888407671445867E-03
    140.3113706220140       0.6883189180785673E-03
    140.3305883724600       0.6877970690125479E-03
    140.3498061229061       0.6872752199465285E-03
    140.3690238733521       0.6867533708805092E-03
    140.3882416237982       0.6862315218144898E-03
    140.4074593742442       0.6857096727484703E-03
    140.4266771246903       0.6851878236824509E-03
    140.4458948751363       0.6846659746164315E-03
    140.4651126255823       0.6841441255504121E-03
    140.4843303760284       0.6836222764843927E-03
    140.5035481264744       0.6831004274183733E-03
    140.5227658769205       0.6825785783523539E-03
    140.5419836273665       0.6820567292863346E-03
    140.5612013778126       0.6815348802203152E-03
    140.5804191282586       0.6810130311542958E-03
    140.5996368787047       0.6804911820882763E-03
    140.6188546291507       0.6799693330222569E-03
    140.6380723795968       0.6794474839562375E-03
    140.6572901300428       0.6789256348902181E-03
    140.6765078804889       0.6784037858241987E-03
    140.6957256309349       0.6778819367581794E-03
    140.7149433813809       0.6773600876921600E-03
    140.7341611318270       0.6768382386261406E-03
    140.7533788822730       0.6763163895601212E-03
    140.7725966327191       0.6757945404941018E-03
    140.7918143831651       0.6752726914280823E-03
    140.8110321336112       0.6747508423620629E-03
    140.8302498840572       0.6742289932960435E-03
    140.8494676345033       0.6737071442300241E-03
    140.8686853849493       0.6731852951640048E-03
    140.8879031353954       0.6726634460979854E-03
    140.9071208858414       0.6721415970319660E-03
    140.9263386362875       0.6716197479659466E-03
    140.9455563867335       0.6710978988999272E-03
    140.9647741371795       0.6705760498339078E-03
    140.9839918876256       0.6700542007678883E-03
    141.0032096380716       0.6695323517018689E-03
    141.0224273885177       0.6690105026358495E-03
    141.0416451389637       0.6684886535698302E-03
    141.0608628894098       0.6679668045038108E-03
    141.0800806398558       0.6674449554377914E-03
    141.0992983903019       0.6669231063717720E-03
    141.1185161407479       0.6664012573057526E-03
    141.1377338911940       0.6658794082397332E-03
    141.1569516416400       0.6653575591737138E-03
    141.1761693920861       0.6648357101076943E-03
    141.1953871425321       0.6643138610416750E-03
    141.2146048929781       0.6637920119756556E-03
    141.2338226434242       0.6632701629096362E-03
    141.2530403938702       0.6627483138436168E-03
    141.2722581443163       0.6622264647775974E-03
    141.2914758947623       0.6617046157115780E-03
    141.3106936452084       0.6611827666455586E-03
    141.3299113956544       0.6606609175795392E-03
    141.3491291461005       0.6601390685135197E-03
    141.3683468965465       0.6596172194475004E-03
    141.3875646469926       0.6590953703814810E-03
    141.4067823974386       0.6585735213154616E-03
    141.4260001478847       0.6580516722494422E-03
    141.4452178983307       0.6575298231834228E-03
    141.4644356487767       0.6570079741174034E-03
    141.4836533992228       0.6564861250513840E-03
    141.5028711496688       0.6559642759853646E-03
    141.5220889001149       0.6554424269193453E-03
    141.5413066505609       0.6549205778533258E-03
    141.5605244010070       0.6543987287873064E-03
    141.5797421514530       0.6538768797212870E-03
    141.5989599018991       0.6533550306552676E-03
    141.6181776523451       0.6528331815892482E-03
    141.6373954027912       0.6523113325232288E-03
    141.6566131532372       0.6517894834572094E-03
    141.6758309036832       0.6512676343911900E-03
    141.6950486541293       0.6507457853251707E-03
    141.7142664045753       0.6502239362591513E-03
    141.7334841550214       0.6497020871931318E-03
    141.7527019054674       0.6491802381271124E-03
    141.7719196559135       0.6486583890610930E-03
    141.7911374063595       0.6481365399950736E-03
    141.8103551568056       0.6476146909290542E-03
    141.8295729072516       0.6470928418630348E-03
    141.8487906576977       0.6465709927970155E-03
    141.8680084081437       0.6460491437309961E-03
    141.8872261585898       0.6455272946649767E-03
    141.9064439090358       0.6450054455989573E-03
    141.9256616594818       0.6444835965329378E-03
    141.9448794099279       0.6439617474669184E-03
    141.9640971603739       0.6434398984008990E-03
    141.9833149108200       0.6429180493348796E-03
    142.0025326612660       0.6423962002688602E-03
    142.0217504117121       0.6418743512028409E-03
    142.0409681621581       0.6413525021368215E-03
    142.0601859126042       0.6408306530708021E-03
    142.0794036630502       0.6403088040047827E-03
    142.0986214134963       0.6397869549387632E-03
    142.1178391639423       0.6392651058727438E-03
    142.1370569143884       0.6387432568067244E-03
    142.1562746648344       0.6382214077407050E-03
    142.1754924152804       0.6376995586746856E-03
    142.1947101657265       0.6371777096086663E-03
    142.2139279161725       0.6366558605426469E-03
    142.2331456666186       0.6361340114766275E-03
    142.2523634170646       0.6356121624106081E-03
    142.2715811675107       0.6350903133445887E-03
    142.2907989179567       0.6345684642785692E-03
    142.3100166684028       0.6340466152125498E-03
    142.3292344188488       0.6335247661465304E-03
    142.3484521692949       0.6330029170805111E-03
    142.3676699197409       0.6324810680144917E-03
    142.3868876701870       0.6319592189484723E-03
    142.4061054206330       0.6314373698824529E-03
    142.4253231710790       0.6309155208164335E-03
    142.4445409215251       0.6303936717504141E-03
    142.4637586719711       0.6298718226843947E-03
    142.4829764224172       0.6293499736183752E-03
    142.5021941728632       0.6288281245523558E-03
    142.5214119233093       0.6283062754863365E-03
    142.5406296737553       0.6277844264203171E-03
    142.5598474242014       0.6272625773542977E-03
    142.5790651746474       0.6267407282882783E-03
    142.5982829250935       0.6262188792222589E-03
    142.6175006755395       0.6256970301562395E-03
    142.6367184259855       0.6251751810902201E-03
    142.6559361764316       0.6246533320242007E-03
    142.6751539268776       0.6241314829581813E-03
    142.6943716773237       0.6236096338921619E-03
    142.7135894277697       0.6230877848261425E-03
    142.7328071782158       0.6225659357601231E-03
    142.7520249286618       0.6220440866941037E-03
    142.7712426791079       0.6215222376280843E-03
    142.7904604295539       0.6210003885620649E-03
    142.8096781800000       0.6204785394960455E-03
    142.8288959304460       0.6199566904300262E-03
    142.8481136808921       0.6194348413640068E-03
    142.8673314313381       0.6189129922979873E-03
    142.8865491817841       0.6183911432319679E-03
    142.9057669322302       0.6178692941659485E-03
    142.9249846826762       0.6173474450999291E-03
    142.9442024331223       0.6168255960339097E-03
    142.9634201835683       0.6163037469678903E-03
    142.9826379340144       0.6157818979018709E-03
    143.0018556844604       0.6152600488358516E-03
    143.0210734349065       0.6147381997698322E-03
    143.0402911853525       0.6142163507038127E-03
    143.0595089357986       0.6136945016377933E-03
    143.0787266862446       0.6131726525717739E-03
    143.0979444366907       0.6126508035057545E-03
    143.1171621871367       0.6121289544397351E-03
    143.1363799375827       0.6116071053737157E-03
    143.1555976880288       0.6110852563076963E-03
    143.1748154384748       0.6105634072416770E-03
    143.1940331889209       0.6100415581756576E-03
    143.2132509393669       0.6095197091096382E-03
    143.2324686898130       0.6089978600436187E-03
    143.2516864402590       0.6084760109775993E-03
    143.2709041907051       0.6079541619115799E-03
    143.2901219411511       0.6074323128455605E-03
    143.3093396915972       0.6069104637795411E-03
    143.3285574420432       0.6063886147135218E-03
    143.3477751924893       0.6058667656475024E-03
    143.3669929429353       0.6053449165814830E-03
    143.3862106933813       0.6048230675154636E-03
    143.4054284438274       0.6043012184494442E-03
    143.4246461942734       0.6037793693834247E-03
    143.4438639447195       0.6032575203174053E-03
    143.4630816951655       0.6027356712513859E-03
    143.4822994456116       0.6022138221853665E-03
    143.5015171960576       0.6016919731193472E-03
    143.5207349465037       0.6011701240533278E-03
    143.5399526969497       0.6006482749873084E-03
    143.5591704473958       0.6001264259212890E-03
    143.5783881978418       0.5996045768552696E-03
    143.5976059482878       0.5990827277892502E-03
    143.6168236987339       0.5985608787232307E-03
    143.6360414491799       0.5980390296572113E-03
    143.6552591996260       0.5975171805911919E-03
    143.6744769500720       0.5969953315251726E-03
    143.6936947005181       0.5964734824591532E-03
    143.7129124509641       0.5959516333931338E-03
    143.7321302014102       0.5954297843271144E-03
    143.7513479518562       0.5949079352610950E-03
    143.7705657023023       0.5943860861950756E-03
    143.7897834527483       0.5938642371290561E-03
    143.8090012031944       0.5933423880630367E-03
    143.8282189536404       0.5928205389970174E-03
    143.8474367040864       0.5922986899309980E-03
    143.8666544545325       0.5917768408649786E-03
    143.8858722049785       0.5912549917989592E-03
    143.9050899554246       0.5907331427329398E-03
    143.9243077058706       0.5902112936669204E-03
    143.9435254563167       0.5896894446009010E-03
    143.9627432067627       0.5891675955348816E-03
    143.9819609572088       0.5886457464688621E-03
    144.0011787076548       0.5881238974028428E-03
    144.0203964581009       0.5876020483368234E-03
    144.0396142085469       0.5870801992708040E-03
    144.0588319589930       0.5865583502047846E-03
    144.0780497094390       0.5860365011387652E-03
    144.0972674598850       0.5855146520727458E-03
    144.1164852103311       0.5849928030067264E-03
    144.1357029607771       0.5844709539407070E-03
    144.1549207112232       0.5839491048746877E-03
    144.1741384616692       0.5834272558086682E-03
    144.1933562121153       0.5829054067426488E-03
    144.2125739625613       0.5823835576766294E-03
    144.2317917130074       0.5818617086106100E-03
    144.2510094634534       0.5813398595445906E-03
    144.2702272138995       0.5808180104785712E-03
    144.2894449643455       0.5802961614125518E-03
    144.3086627147916       0.5797743123465325E-03
    144.3278804652376       0.5792524632805131E-03
    144.3470982156836       0.5787306142144937E-03
    144.3663159661297       0.5782087651484742E-03
    144.3855337165757       0.5776869160824548E-03
    144.4047514670218       0.5771650670164354E-03
    144.4239692174678       0.5766432179504160E-03
    144.4431869679139       0.5761213688843966E-03
    144.4624047183599       0.5755995198183772E-03
    144.4816224688060       0.5750776707523579E-03
    144.5008402192520       0.5745558216863385E-03
    144.5200579696981       0.5740339726203191E-03
    144.5392757201441       0.5735121235542997E-03
    144.5584934705902       0.5729902744882802E-03
    144.5777112210362       0.5724684254222608E-03
    144.5969289714822       0.5719465763562414E-03
    144.6161467219283       0.5714247272902220E-03
    144.6353644723743       0.5709028782242026E-03
    144.6545822228204       0.5703810291581833E-03
    144.6737999732664       0.5698591800921639E-03
    144.6930177237125       0.5693373310261445E-03
    144.7122354741585       0.5688154819601251E-03
    144.7314532246046       0.5682936328941056E-03
    144.7506709750506       0.5677717838280862E-03
    144.7698887254967       0.5672499347620668E-03
    144.7891064759427       0.5667280856960474E-03
    144.8083242263887       0.5662062366300281E-03
    144.8275419768348       0.5656843875640087E-03
    144.8467597272808       0.5651625384979893E-03
    144.8659774777269       0.5646406894319699E-03
    144.8851952281729       0.5641188403659505E-03
    144.9044129786190       0.5635969912999311E-03
    144.9236307290650       0.5630751422339116E-03
    144.9428484795111       0.5625532931678922E-03
    144.9620662299571       0.5620314441018728E-03
    144.9812839804032       0.5615095950358535E-03
    145.0005017308492       0.5609877459698341E-03
    145.0197194812953       0.5604658969038147E-03
    145.0389372317413       0.5599440478377953E-03
    145.0581549821873       0.5594221987717759E-03
    145.0773727326334       0.5589003497057565E-03
    145.0965904830794       0.5583785006397371E-03
    145.1158082335255       0.5578566515737176E-03
    145.1350259839715       0.5573348025076982E-03
    145.1542437344176       0.5568129534416789E-03
    145.1734614848636       0.5562911043756595E-03
    145.1926792353097       0.5557692553096401E-03
    145.2118969857557       0.5552474062436207E-03
    145.2311147362018       0.5547255571776013E-03
    145.2503324866478       0.5542037081115819E-03
    145.2695502370939       0.5536818590455625E-03
    145.2887679875399       0.5531600099795431E-03
    145.3079857379859       0.5526381609135237E-03
    145.3272034884320       0.5521163118475043E-03
    145.3464212388780       0.5515944627814849E-03
    145.3656389893241       0.5510726137154655E-03
    145.3848567397701       0.5505507646494461E-03
    145.4040744902162       0.5500289155834267E-03
    145.4232922406622       0.5495070665174073E-03
    145.4425099911083       0.5489852174513879E-03
    145.4617277415543       0.5484633683853686E-03
    145.4809454920004       0.5479415193193491E-03
    145.5001632424464       0.5474196702533297E-03
    145.5193809928925       0.5468978211873103E-03
    145.5385987433385       0.5463759721212909E-03
    145.5578164937845       0.5458541230552715E-03
    145.5770342442306       0.5453322739892521E-03
    145.5962519946766       0.5448104249232327E-03
    145.6154697451227       0.5442885758572133E-03
    145.6346874955687       0.5437667267911940E-03
    145.6539052460148       0.5432448777251746E-03
    145.6731229964608       0.5427230286591551E-03
    145.6923407469069       0.5422011795931357E-03
    145.7115584973529       0.5416793305271163E-03
    145.7307762477990       0.5411574814610969E-03
    145.7499939982450       0.5406356323950775E-03
    145.7692117486910       0.5401137833290581E-03
    145.7884294991371       0.5395919342630387E-03
    145.8076472495831       0.5390700851970194E-03
    145.8268650000292       0.5385482361310000E-03
    145.8460827504752       0.5380263870649806E-03
    145.8653005009213       0.5375045379989611E-03
    145.8845182513673       0.5369826889329417E-03
    145.9037360018134       0.5364608398669223E-03
    145.9229537522594       0.5359389908009029E-03
    145.9421715027055       0.5354171417348835E-03
    145.9613892531515       0.5348952926688642E-03
    145.9806070035976       0.5343734436028448E-03
    145.9998247540436       0.5338515945368254E-03
    146.0190425044896       0.5333297454708060E-03
    146.0382602549357       0.5328078964047866E-03
    146.0574780053817       0.5322860473387671E-03
    146.0766957558278       0.5317641982727477E-03
    146.0959135062738       0.5312423492067283E-03
    146.1151312567199       0.5307205001407089E-03
    146.1343490071659       0.5301986510746896E-03
    146.1535667576120       0.5296768020086702E-03
    146.1727845080580       0.5291549529426508E-03
    146.1920022585041       0.5286331038766314E-03
    146.2112200089501       0.5281112548106120E-03
    146.2304377593962       0.5275894057445926E-03
    146.2496555098422       0.5270675566785731E-03
    146.2688732602882       0.5265457076125537E-03
    146.2880910107343       0.5260238585465344E-03
    146.3073087611803       0.5255020094805150E-03
    146.3265265116264       0.5249801604144956E-03
    146.3457442620724       0.5244583113484762E-03
    146.3649620125185       0.5239364622824568E-03
    146.3841797629645       0.5234146132164374E-03
    146.4033975134106       0.5228927641504180E-03
    146.4226152638566       0.5223709150843985E-03
    146.4418330143027       0.5218490660183791E-03
    146.4610507647487       0.5213272169523598E-03
    146.4802685151948       0.5208053678863404E-03
    146.4994862656408       0.5202835188203210E-03
    146.5187040160868       0.5197616697543016E-03
    146.5379217665329       0.5192398206882822E-03
    146.5571395169789       0.5187179716222628E-03
    146.5763572674250       0.5181961225562434E-03
    146.5955750178710       0.5176742734902240E-03
    146.6147927683171       0.5171524244242045E-03
    146.6340105187631       0.5166305753581852E-03
    146.6532282692092       0.5161087262921658E-03
    146.6724460196552       0.5155868772261464E-03
    146.6916637701013       0.5150650281601270E-03
    146.7108815205473       0.5145431790941076E-03
    146.7300992709933       0.5140213300280882E-03
    146.7493170214394       0.5134994809620688E-03
    146.7685347718854       0.5129776318960494E-03
    146.7877525223315       0.5124557828300301E-03
    146.8069702727775       0.5119339337640106E-03
    146.8261880232236       0.5114120846979912E-03
    146.8454057736696       0.5108902356319718E-03
    146.8646235241157       0.5103683865659524E-03
    146.8838412745617       0.5098465374999330E-03
    146.9030590250078       0.5093246884339136E-03
    146.9222767754538       0.5088028393678942E-03
    146.9414945258999       0.5082809903018749E-03
    146.9607122763459       0.5077591412358555E-03
    146.9799300267919       0.5072372921698361E-03
    146.9991477772380       0.5067154431038166E-03
    147.0183655276840       0.5061935940377972E-03
    147.0375832781301       0.5056717449717778E-03
    147.0568010285761       0.5051498959057584E-03
    147.0760187790222       0.5046280468397390E-03
    147.0952365294682       0.5041061977737196E-03
    147.1144542799143       0.5035843487077003E-03
    147.1336720303603       0.5030624996416809E-03
    147.1528897808064       0.5025406505756615E-03
    147.1721075312524       0.5020188015096420E-03
    147.1913252816985       0.5014969524436226E-03
    147.2105430321445       0.5009751033776032E-03
    147.2297607825905       0.5004532543115838E-03
    147.2489785330366       0.4999314052455644E-03
    147.2681962834826       0.4994095561795450E-03
    147.2874140339287       0.4988877071135257E-03
    147.3066317843747       0.4983658580475063E-03
    147.3258495348208       0.4978440089814869E-03
    147.3450672852668       0.4973221599154675E-03
    147.3642850357129       0.4968003108494480E-03
    147.3835027861589       0.4962784617834286E-03
    147.4027205366050       0.4957566127174092E-03
    147.4219382870510       0.4952347636513898E-03
    147.4411560374971       0.4947129145853705E-03
    147.4603737879431       0.4941910655193511E-03
    147.4795915383891       0.4936692164533317E-03
    147.4988092888352       0.4931473673873123E-03
    147.5180270392812       0.4926255183212929E-03
    147.5372447897273       0.4921036692552735E-03
    147.5564625401733       0.4915818201892540E-03
    147.5756802906194       0.4910599711232346E-03
    147.5948980410654       0.4905381220572152E-03
    147.6141157915115       0.4900162729911959E-03
    147.6333335419575       0.4894944239251765E-03
    147.6525512924036       0.4889725748591571E-03
    147.6717690428496       0.4884507257931377E-03
    147.6909867932957       0.4879288767271183E-03
    147.7102045437417       0.4874070276610989E-03
    147.7294222941877       0.4868851785950795E-03
    147.7486400446338       0.4863633295290601E-03
    147.7678577950798       0.4858414804630407E-03
    147.7870755455259       0.4853196313970213E-03
    147.8062932959719       0.4847977823310019E-03
    147.8255110464180       0.4842759332649825E-03
    147.8447287968640       0.4837540841989631E-03
    147.8639465473101       0.4832322351329437E-03
    147.8831642977561       0.4827103860669243E-03
    147.9023820482022       0.4821885370009049E-03
    147.9215997986482       0.4816666879348855E-03
    147.9408175490942       0.4811448388688661E-03
    147.9600352995403       0.4806229898028467E-03
    147.9792530499863       0.4801011407368273E-03
    147.9984708004324       0.4795792916708079E-03
    148.0176885508784       0.4790574426047885E-03
    148.0369063013245       0.4785355935387691E-03
    148.0561240517705       0.4780137444727497E-03
    148.0753418022166       0.4774918954067303E-03
    148.0945595526626       0.4769700463407109E-03
    148.1137773031087       0.4764481972746915E-03
    148.1329950535547       0.4759263482086721E-03
    148.1522128040008       0.4754044991426527E-03
    148.1714305544468       0.4748826500766333E-03
    148.1906483048928       0.4743608010106139E-03
    148.2098660553389       0.4738389519445945E-03
    148.2290838057849       0.4733171028785751E-03
    148.2483015562310       0.4727952538125557E-03
    148.2675193066770       0.4722734047465363E-03
    148.2867370571231       0.4717515556805169E-03
    148.3059548075691       0.4712297066144975E-03
    148.3251725580152       0.4707078575484781E-03
    148.3443903084612       0.4701860084824588E-03
    148.3636080589073       0.4696641594164393E-03
    148.3828258093533       0.4691423103504199E-03
    148.4020435597994       0.4686204612844005E-03
    148.4212613102454       0.4680986122183812E-03
    148.4404790606914       0.4675767631523617E-03
    148.4596968111375       0.4670549140863423E-03
    148.4789145615835       0.4665330650203229E-03
    148.4981323120296       0.4660112159543035E-03
    148.5173500624756       0.4654893668882842E-03
    148.5365678129217       0.4649675178222647E-03
    148.5557855633677       0.4644456687562453E-03
    148.5750033138138       0.4639238196902259E-03
    148.5942210642598       0.4634019706242066E-03
    148.6134388147059       0.4628801215581872E-03
    148.6326565651519       0.4623582724921677E-03
    148.6518743155980       0.4618364234261483E-03
    148.6710920660440       0.4613145743601290E-03
    148.6903098164900       0.4607927252941096E-03
    148.7095275669361       0.4602708762280902E-03
    148.7287453173821       0.4597490271620707E-03
    148.7479630678282       0.4592271780960513E-03
    148.7671808182742       0.4587053290300320E-03
    148.7863985687203       0.4581834799640126E-03
    148.8056163191663       0.4576616308979932E-03
    148.8248340696124       0.4571397818319737E-03
    148.8440518200584       0.4566179327659544E-03
    148.8632695705045       0.4560960836999350E-03
    148.8824873209505       0.4555742346339156E-03
    148.9017050713965       0.4550523855678962E-03
    148.9209228218426       0.4545305365018768E-03
    148.9401405722886       0.4540086874358574E-03
    148.9593583227347       0.4534868383698380E-03
    148.9785760731807       0.4529649893038186E-03
    148.9977938236268       0.4524431402377992E-03
    149.0170115740728       0.4519212911717798E-03
    149.0362293245189       0.4513994421057604E-03
    149.0554470749649       0.4508775930397410E-03
    149.0746648254110       0.4503557439737216E-03
    149.0938825758570       0.4498338949077022E-03
    149.1131003263031       0.4493120458416828E-03
    149.1323180767491       0.4487901967756634E-03
    149.1515358271951       0.4482683477096440E-03
    149.1707535776412       0.4477464986436246E-03
    149.1899713280872       0.4472246495776052E-03
    149.2091890785333       0.4467028005115858E-03
    149.2284068289793       0.4461809514455664E-03
    149.2476245794254       0.4456591023795470E-03
    149.2668423298714       0.4451372533135276E-03
    149.2860600803175       0.4446154042475082E-03
    149.3052778307635       0.4440935551814888E-03
    149.3244955812096       0.4435717061154694E-03
    149.3437133316556       0.4430498570494500E-03
    149.3629310821017       0.4425280079834306E-03
    149.3821488325477       0.4420061589174112E-03
    149.4013665829937       0.4414843098513918E-03
    149.4205843334398       0.4409624607853724E-03
    149.4398020838858       0.4404406117193530E-03
    149.4590198343319       0.4399187626533336E-03
    149.4782375847779       0.4393969135873142E-03
    149.4974553352240       0.4388750645212948E-03
    149.5166730856700       0.4383532154552754E-03
    149.5358908361161       0.4378313663892560E-03
    149.5551085865621       0.4373095173232366E-03
    149.5743263370082       0.4367876682572172E-03
    149.5935440874542       0.4362658191911978E-03
    149.6127618379003       0.4357439701251784E-03
    149.6319795883463       0.4352221210591590E-03
    149.6511973387923       0.4347002719931396E-03
    149.6704150892384       0.4341784229271202E-03
    149.6896328396844       0.4336565738611008E-03
    149.7088505901305       0.4331347247950814E-03
    149.7280683405765       0.4326128757290620E-03
    149.7472860910226       0.4320910266630427E-03
    149.7665038414686       0.4315691775970232E-03
    149.7857215919147       0.4310473285310038E-03
    149.8049393423607       0.4305254794649844E-03
    149.8241570928068       0.4300036303989651E-03
    149.8433748432528       0.4294817813329457E-03
    149.8625925936988       0.4289599322669262E-03
    149.8818103441449       0.4284380832009068E-03
    149.9010280945909       0.4279162341348874E-03
    149.9202458450370       0.4273943850688681E-03
    149.9394635954830       0.4268725360028487E-03
    149.9586813459291       0.4263506869368292E-03
    149.9778990963751       0.4258288378708098E-03
    149.9971168468212       0.4253069888047905E-03
    150.0163345972672       0.4247851397387711E-03
    150.0355523477133       0.4242632906727517E-03
    150.0547700981593       0.4237414416067322E-03
    150.0739878486054       0.4232195925407129E-03
    150.0932055990514       0.4226977434746935E-03
    150.1124233494974       0.4221758944086741E-03
    150.1316410999435       0.4216540453426546E-03
    150.1508588503895       0.4211321962766353E-03
    150.1700766008356       0.4206103472106159E-03
    150.1892943512816       0.4200884981445965E-03
    150.2085121017277       0.4195666490785771E-03
    150.2277298521737       0.4190448000125576E-03
    150.2469476026198       0.4185229509465383E-03
    150.2661653530658       0.4180011018805189E-03
    150.2853831035119       0.4174792528144995E-03
    150.3046008539579       0.4169574037484801E-03
    150.3238186044040       0.4164355546824607E-03
    150.3430363548500       0.4159137056164413E-03
    150.3622541052960       0.4153918565504219E-03
    150.3814718557421       0.4148700074844025E-03
    150.4006896061881       0.4143481584183831E-03
    150.4199073566342       0.4138263093523637E-03
    150.4391251070802       0.4133044602863443E-03
    150.4583428575263       0.4127826112203249E-03
    150.4775606079723       0.4122607621543055E-03
    150.4967783584184       0.4117389130882861E-03
    150.5159961088644       0.4112170640222667E-03
    150.5352138593105       0.4106952149562473E-03
    150.5544316097565       0.4101733658902279E-03
    150.5736493602026       0.4096515168242085E-03
    150.5928671106486       0.4091296677581891E-03
    150.6120848610946       0.4086078186921697E-03
    150.6313026115407       0.4080859696261503E-03
    150.6505203619867       0.4075641205601309E-03
    150.6697381124328       0.4070422714941115E-03
    150.6889558628788       0.4065204224280921E-03
    150.7081736133249       0.4059985733620727E-03
    150.7273913637709       0.4054767242960533E-03
    150.7466091142170       0.4049548752300339E-03
    150.7658268646630       0.4044330261640145E-03
    150.7850446151091       0.4039111770979951E-03
    150.8042623655551       0.4033893280319757E-03
    150.8234801160012       0.4028674789659563E-03
    150.8426978664472       0.4023456298999369E-03
    150.8619156168932       0.4018237808339175E-03
    150.8811333673393       0.4013019317678981E-03
    150.9003511177853       0.4007800827018787E-03
    150.9195688682314       0.4002582336358593E-03
    150.9387866186774       0.3997363845698399E-03
    150.9580043691235       0.3992145355038205E-03
    150.9772221195695       0.3986926864378011E-03
    150.9964398700156       0.3981708373717817E-03
    151.0156576204616       0.3976489883057623E-03
    151.0348753709077       0.3971271392397429E-03
    151.0540931213537       0.3966052901737236E-03
    151.0733108717997       0.3960834411077041E-03
    151.0925286222458       0.3955615920416847E-03
    151.1117463726918       0.3950397429756653E-03
    151.1309641231379       0.3945178939096459E-03
    151.1501818735839       0.3939960448436266E-03
    151.1693996240300       0.3934741957776071E-03
    151.1886173744760       0.3929523467115877E-03
    151.2078351249221       0.3924304976455683E-03
    151.2270528753681       0.3919086485795490E-03
    151.2462706258142       0.3913867995135296E-03
    151.2654883762602       0.3908649504475101E-03
    151.2847061267063       0.3903431013814907E-03
    151.3039238771523       0.3898212523154714E-03
    151.3231416275983       0.3892994032494520E-03
    151.3423593780444       0.3887775541834326E-03
    151.3615771284904       0.3882557051174131E-03
    151.3807948789365       0.3877338560513937E-03
    151.4000126293825       0.3872120069853744E-03
    151.4192303798286       0.3866901579193550E-03
    151.4384481302746       0.3861683088533356E-03
    151.4576658807207       0.3856464597873161E-03
    151.4768836311667       0.3851246107212968E-03
    151.4961013816128       0.3846027616552774E-03
    151.5153191320588       0.3840809125892580E-03
    151.5345368825049       0.3835590635232386E-03
    151.5537546329509       0.3830372144572192E-03
    151.5729723833969       0.3825153653911998E-03
    151.5921901338430       0.3819935163251804E-03
    151.6114078842890       0.3814716672591610E-03
    151.6306256347351       0.3809498181931416E-03
    151.6498433851811       0.3804279691271222E-03
    151.6690611356272       0.3799061200611028E-03
    151.6882788860732       0.3793842709950834E-03
    151.7074966365193       0.3788624219290640E-03
    151.7267143869653       0.3783405728630446E-03
    151.7459321374114       0.3778187237970252E-03
    151.7651498878574       0.3772968747310058E-03
    151.7843676383035       0.3767750256649864E-03
    151.8035853887495       0.3762531765989670E-03
    151.8228031391955       0.3757313275329476E-03
    151.8420208896416       0.3752094784669282E-03
    151.8612386400876       0.3746876294009088E-03
    151.8804563905337       0.3741657803348894E-03
    151.8996741409797       0.3736439312688700E-03
    151.9188918914258       0.3731220822028506E-03
    151.9381096418718       0.3726002331368312E-03
    151.9573273923179       0.3720783840708118E-03
    151.9765451427639       0.3715565350047924E-03
    151.9957628932100       0.3710346859387730E-03
    152.0149806436560       0.3705128368727536E-03
    152.0341983941020       0.3699909878067342E-03
    152.0534161445481       0.3694691387407148E-03
    152.0726338949941       0.3689472896746954E-03
    152.0918516454402       0.3684254406086760E-03
    152.1110693958862       0.3679035915426566E-03
    152.1302871463323       0.3673817424766372E-03
    152.1495048967783       0.3668598934106178E-03
    152.1687226472244       0.3663380443445984E-03
    152.1879403976704       0.3658161952785790E-03
    152.2071581481165       0.3652943462125596E-03
    152.2263758985625       0.3647724971465402E-03
    152.2455936490086       0.3642506480805208E-03
    152.2648113994546       0.3637287990145014E-03
    152.2840291499006       0.3632069499484821E-03
    152.3032469003467       0.3626851008824626E-03
    152.3224646507927       0.3621632518164432E-03
    152.3416824012388       0.3616414027504238E-03
    152.3609001516848       0.3611195536844044E-03
    152.3801179021309       0.3605977046183851E-03
    152.3993356525769       0.3600758555523656E-03
    152.4185534030230       0.3595540064863462E-03
    152.4377711534690       0.3590321574203268E-03
    152.4569889039151       0.3585103083543075E-03
    152.4762066543611       0.3579884592882881E-03
    152.4954244048072       0.3574666102222686E-03
    152.5146421552532       0.3569447611562492E-03
    152.5338599056992       0.3564229120902299E-03
    152.5530776561453       0.3559010630242105E-03
    152.5722954065913       0.3553792139581910E-03
    152.5915131570374       0.3548573648921716E-03
    152.6107309074834       0.3543355158261522E-03
    152.6299486579295       0.3538136667601329E-03
    152.6491664083755       0.3532918176941135E-03
    152.6683841588216       0.3527699686280940E-03
    152.6876019092676       0.3522481195620746E-03
    152.7068196597137       0.3517262704960553E-03
    152.7260374101597       0.3512044214300359E-03
    152.7452551606058       0.3506825723640165E-03
    152.7644729110518       0.3501607232979970E-03
    152.7836906614978       0.3496388742319777E-03
    152.8029084119439       0.3491170251659583E-03
    152.8221261623899       0.3485951760999389E-03
    152.8413439128360       0.3480733270339195E-03
    152.8605616632820       0.3475514779679000E-03
    152.8797794137281       0.3470296289018807E-03
    152.8989971641741       0.3465077798358613E-03
    152.9182149146202       0.3459859307698419E-03
    152.9374326650662       0.3454640817038225E-03
    152.9566504155123       0.3449422326378031E-03
    152.9758681659583       0.3444203835717837E-03
    152.9950859164043       0.3438985345057643E-03
    153.0143036668504       0.3433766854397449E-03
    153.0335214172964       0.3428548363737255E-03
    153.0527391677425       0.3423329873077061E-03
    153.0719569181885       0.3418111382416867E-03
    153.0911746686346       0.3412892891756673E-03
    153.1103924190806       0.3407674401096479E-03
    153.1296101695267       0.3402455910436285E-03
    153.1488279199727       0.3397237419776091E-03
    153.1680456704188       0.3392018929115897E-03
    153.1872634208648       0.3386800438455703E-03
    153.2064811713109       0.3381581947795509E-03
    153.2256989217569       0.3376363457135315E-03
    153.2449166722029       0.3371144966475121E-03
    153.2641344226490       0.3365926475814927E-03
    153.2833521730950       0.3360707985154733E-03
    153.3025699235411       0.3355489494494539E-03
    153.3217876739871       0.3350271003834345E-03
    153.3410054244332       0.3345052513174151E-03
    153.3602231748792       0.3339834022513957E-03
    153.3794409253253       0.3334615531853763E-03
    153.3986586757713       0.3329397041193569E-03
    153.4178764262174       0.3324178550533375E-03
    153.4370941766634       0.3318960059873181E-03
    153.4563119271095       0.3313741569212987E-03
    153.4755296775555       0.3308523078552793E-03
    153.4947474280015       0.3303304587892599E-03
    153.5139651784476       0.3298086097232405E-03
    153.5331829288936       0.3292867606572211E-03
    153.5524006793397       0.3287649115912017E-03
    153.5716184297857       0.3282430625251823E-03
    153.5908361802318       0.3277212134591629E-03
    153.6100539306778       0.3271993643931435E-03
    153.6292716811239       0.3266775153271241E-03
    153.6484894315699       0.3261556662611047E-03
    153.6677071820160       0.3256338171950853E-03
    153.6869249324620       0.3251119681290660E-03
    153.7061426829081       0.3245901190630465E-03
    153.7253604333541       0.3240682699970271E-03
    153.7445781838001       0.3235464209310077E-03
    153.7637959342462       0.3230245718649883E-03
    153.7830136846922       0.3225027227989690E-03
    153.8022314351383       0.3219808737329495E-03
    153.8214491855843       0.3214590246669301E-03
    153.8406669360304       0.3209371756009107E-03
    153.8598846864764       0.3204153265348914E-03
    153.8791024369225       0.3198934774688720E-03
    153.8983201873685       0.3193716284028525E-03
    153.9175379378146       0.3188497793368331E-03
    153.9367556882606       0.3183279302708138E-03
    153.9559734387066       0.3178060812047944E-03
    153.9751911891527       0.3172842321387750E-03
    153.9944089395987       0.3167623830727555E-03
    154.0136266900448       0.3162405340067362E-03
    154.0328444404908       0.3157186849407168E-03
    154.0520621909369       0.3151968358746974E-03
    154.0712799413829       0.3146749868086780E-03
    154.0904976918290       0.3141531377426585E-03
    154.1097154422750       0.3136312886766392E-03
    154.1289331927211       0.3131094396106198E-03
    154.1481509431671       0.3125875905446004E-03
    154.1673686936132       0.3120657414785810E-03
    154.1865864440592       0.3115438924125616E-03
    154.2058041945052       0.3110220433465422E-03
    154.2250219449513       0.3105001942805228E-03
    154.2442396953973       0.3099783452145034E-03
    154.2634574458434       0.3094564961484840E-03
    154.2826751962894       0.3089346470824646E-03
    154.3018929467355       0.3084127980164452E-03
    154.3211106971815       0.3078909489504258E-03
    154.3403284476276       0.3073690998844064E-03
    154.3595461980736       0.3068472508183870E-03
    154.3787639485197       0.3063254017523676E-03
    154.3979816989657       0.3058035526863482E-03
    154.4171994494118       0.3052817036203288E-03
    154.4364171998578       0.3047598545543094E-03
    154.4556349503038       0.3042380054882900E-03
    154.4748527007499       0.3037161564222706E-03
    154.4940704511959       0.3031943073562512E-03
    154.5132882016420       0.3026724582902318E-03
    154.5325059520880       0.3021506092242124E-03
    154.5517237025341       0.3016287601581930E-03
    154.5709414529801       0.3011069110921736E-03
    154.5901592034262       0.3005850620261542E-03
    154.6093769538722       0.3000632129601348E-03
    154.6285947043183       0.2995413638941154E-03
    154.6478124547643       0.2990195148280960E-03
    154.6670302052104       0.2984976657620766E-03
    154.6862479556564       0.2979758166960572E-03
    154.7054657061024       0.2974539676300378E-03
    154.7246834565485       0.2969321185640184E-03
    154.7439012069945       0.2964102694979990E-03
    154.7631189574406       0.2958884204319796E-03
    154.7823367078866       0.2953665713659602E-03
    154.8015544583327       0.2948447222999408E-03
    154.8207722087787       0.2943228732339214E-03
    154.8399899592248       0.2938010241679020E-03
    154.8592077096708       0.2932791751018826E-03
    154.8784254601169       0.2927573260358632E-03
    154.8976432105629       0.2922354769698438E-03
    154.9168609610090       0.2917136279038245E-03
    154.9360787114550       0.2911917788378050E-03
    154.9552964619010       0.2906699297717856E-03
    154.9745142123471       0.2901480807057662E-03
    154.9937319627931       0.2896262316397468E-03
    155.0129497132392       0.2891043825737275E-03
    155.0321674636852       0.2885825335077080E-03
    155.0513852141313       0.2880606844416886E-03
    155.0706029645773       0.2875388353756692E-03
    155.0898207150234       0.2870169863096499E-03
    155.1090384654694       0.2864951372436304E-03
    155.1282562159155       0.2859732881776110E-03
    155.1474739663615       0.2854514391115916E-03
    155.1666917168075       0.2849295900455723E-03
    155.1859094672536       0.2844077409795529E-03
    155.2051272176996       0.2838858919135334E-03
    155.2243449681457       0.2833640428475140E-03
    155.2435627185917       0.2828421937814946E-03
    155.2627804690378       0.2823203447154753E-03
    155.2819982194838       0.2817984956494559E-03
    155.3012159699299       0.2812766465834364E-03
    155.3204337203759       0.2807547975174170E-03
    155.3396514708220       0.2802329484513977E-03
    155.3588692212680       0.2797110993853783E-03
    155.3780869717141       0.2791892503193589E-03
    155.3973047221601       0.2786674012533394E-03
    155.4165224726061       0.2781455521873201E-03
    155.4357402230522       0.2776237031213007E-03
    155.4549579734982       0.2771018540552813E-03
    155.4741757239443       0.2765800049892619E-03
    155.4933934743903       0.2760581559232424E-03
    155.5126112248364       0.2755363068572231E-03
    155.5318289752824       0.2750144577912037E-03
    155.5510467257285       0.2744926087251843E-03
    155.5702644761745       0.2739707596591649E-03
    155.5894822266206       0.2734489105931455E-03
    155.6086999770666       0.2729270615271261E-03
    155.6279177275127       0.2724052124611067E-03
    155.6471354779587       0.2718833633950873E-03
    155.6663532284047       0.2713615143290679E-03
    155.6855709788508       0.2708396652630485E-03
    155.7047887292968       0.2703178161970291E-03
    155.7240064797429       0.2697959671310097E-03
    155.7432242301889       0.2692741180649903E-03
    155.7624419806350       0.2687522689989709E-03
    155.7816597310810       0.2682304199329515E-03
    155.8008774815271       0.2677085708669321E-03
    155.8200952319731       0.2671867218009127E-03
    155.8393129824192       0.2666648727348933E-03
    155.8585307328652       0.2661430236688739E-03
    155.8777484833113       0.2656211746028545E-03
    155.8969662337573       0.2650993255368351E-03
    155.9161839842033       0.2645774764708157E-03
    155.9354017346494       0.2640556274047963E-03
    155.9546194850954       0.2635337783387769E-03
    155.9738372355415       0.2630119292727575E-03
    155.9930549859875       0.2624900802067381E-03
    156.0122727364336       0.2619682311407187E-03
    156.0314904868796       0.2614463820746993E-03
    156.0507082373257       0.2609245330086799E-03
    156.0699259877717       0.2604026839426605E-03
    156.0891437382178       0.2598808348766411E-03
    156.1083614886638       0.2593589858106217E-03
    156.1275792391098       0.2588371367446023E-03
    156.1467969895559       0.2583152876785829E-03
    156.1660147400019       0.2577934386125635E-03
    156.1852324904480       0.2572715895465441E-03
    156.2044502408940       0.2567497404805247E-03
    156.2236679913401       0.2562278914145053E-03
    156.2428857417861       0.2557060423484859E-03
    156.2621034922322       0.2551841932824665E-03
    156.2813212426782       0.2546623442164471E-03
    156.3005389931243       0.2541404951504277E-03
    156.3197567435703       0.2536186460844084E-03
    156.3389744940164       0.2530967970183889E-03
    156.3581922444624       0.2525749479523695E-03
    156.3774099949084       0.2520530988863501E-03
    156.3966277453545       0.2515312498203308E-03
    156.4158454958005       0.2510094007543114E-03
    156.4350632462466       0.2504875516882919E-03
    156.4542809966926       0.2499657026222725E-03
    156.4734987471387       0.2494438535562531E-03
    156.4927164975847       0.2489220044902338E-03
    156.5119342480308       0.2484001554242144E-03
    156.5311519984768       0.2478783063581949E-03
    156.5503697489229       0.2473564572921755E-03
    156.5695874993689       0.2468346082261562E-03
    156.5888052498150       0.2463127591601368E-03
    156.6080230002610       0.2457909100941174E-03
    156.6272407507070       0.2452690610280979E-03
    156.6464585011531       0.2447472119620786E-03
    156.6656762515991       0.2442253628960592E-03
    156.6848940020452       0.2437035138300397E-03
    156.7041117524912       0.2431816647640204E-03
    156.7233295029373       0.2426598156980010E-03
    156.7425472533833       0.2421379666319816E-03
    156.7617650038294       0.2416161175659622E-03
    156.7809827542754       0.2410942684999428E-03
    156.8002005047215       0.2405724194339234E-03
    156.8194182551675       0.2400505703679040E-03
    156.8386360056136       0.2395287213018846E-03
    156.8578537560596       0.2390068722358652E-03
    156.8770715065056       0.2384850231698458E-03
    156.8962892569517       0.2379631741038264E-03
    156.9155070073977       0.2374413250378070E-03
    156.9347247578438       0.2369194759717876E-03
    156.9539425082898       0.2363976269057682E-03
    156.9731602587359       0.2358757778397488E-03
    156.9923780091819       0.2353539287737294E-03
    157.0115957596280       0.2348320797077100E-03
    157.0308135100740       0.2343102306416906E-03
    157.0500312605201       0.2337883815756712E-03
    157.0692490109661       0.2332665325096518E-03
    157.0884667614121       0.2327446834436324E-03
    157.1076845118582       0.2322228343776130E-03
    157.1269022623042       0.2317009853115936E-03
    157.1461200127503       0.2311791362455742E-03
    157.1653377631963       0.2306572871795548E-03
    157.1845555136424       0.2301354381135354E-03
    157.2037732640884       0.2296135890475160E-03
    157.2229910145345       0.2290917399814966E-03
    157.2422087649805       0.2285698909154772E-03
    157.2614265154266       0.2280480418494578E-03
    157.2806442658726       0.2275261927834384E-03
    157.2998620163187       0.2270043437174190E-03
    157.3190797667647       0.2264824946513996E-03
    157.3382975172107       0.2259606455853802E-03
    157.3575152676568       0.2254387965193608E-03
    157.3767330181028       0.2249169474533414E-03
    157.3959507685489       0.2243950983873220E-03
    157.4151685189949       0.2238732493213026E-03
    157.4343862694410       0.2233514002552832E-03
    157.4536040198870       0.2228295511892638E-03
    157.4728217703331       0.2223077021232444E-03
    157.4920395207791       0.2217858530572250E-03
    157.5112572712252       0.2212640039912056E-03
    157.5304750216712       0.2207421549251862E-03
    157.5496927721173       0.2202203058591668E-03
    157.5689105225633       0.2196984567931474E-03
    157.5881282730093       0.2191766077271280E-03
    157.6073460234554       0.2186547586611086E-03
    157.6265637739014       0.2181329095950892E-03
    157.6457815243475       0.2176110605290698E-03
    157.6649992747935       0.2170892114630504E-03
    157.6842170252396       0.2165673623970310E-03
    157.7034347756856       0.2160455133310116E-03
    157.7226525261317       0.2155236642649922E-03
    157.7418702765777       0.2150018151989728E-03
    157.7610880270238       0.2144799661329535E-03
    157.7803057774698       0.2139581170669340E-03
    157.7995235279159       0.2134362680009147E-03
    157.8187412783619       0.2129144189348952E-03
    157.8379590288079       0.2123925698688759E-03
    157.8571767792540       0.2118707208028564E-03
    157.8763945297000       0.2113488717368370E-03
    157.8956122801461       0.2108270226708177E-03
    157.9148300305921       0.2103051736047982E-03
    157.9340477810382       0.2097833245387789E-03
    157.9532655314842       0.2092614754727594E-03
    157.9724832819303       0.2087396264067401E-03
    157.9917010323763       0.2082177773407207E-03
    158.0109187828224       0.2076959282747013E-03
    158.0301365332684       0.2071740792086819E-03
    158.0493542837145       0.2066522301426625E-03
    158.0685720341605       0.2061303810766431E-03
    158.0877897846065       0.2056085320106237E-03
    158.1070075350526       0.2050866829446043E-03
    158.1262252854986       0.2045648338785849E-03
    158.1454430359447       0.2040429848125655E-03
    158.1646607863907       0.2035211357465461E-03
    158.1838785368368       0.2029992866805267E-03
    158.2030962872828       0.2024774376145073E-03
    158.2223140377289       0.2019555885484879E-03
    158.2415317881749       0.2014337394824685E-03
    158.2607495386210       0.2009118904164491E-03
    158.2799672890670       0.2003900413504297E-03
    158.2991850395130       0.1998681922844103E-03
    158.3184027899591       0.1993463432183909E-03
    158.3376205404051       0.1988244941523715E-03
    158.3568382908512       0.1983026450863521E-03
    158.3760560412972       0.1977807960203327E-03
    158.3952737917433       0.1972589469543133E-03
    158.4144915421893       0.1967370978882939E-03
    158.4337092926354       0.1962152488222745E-03
    158.4529270430814       0.1956933997562551E-03
    158.4721447935275       0.1951715506902357E-03
    158.4913625439735       0.1946497016242163E-03
    158.5105802944196       0.1941278525581969E-03
    158.5297980448656       0.1936060034921775E-03
    158.5490157953116       0.1930841544261581E-03
    158.5682335457577       0.1925623053601387E-03
    158.5874512962037       0.1920404562941193E-03
    158.6066690466498       0.1915186072280999E-03
    158.6258867970958       0.1909967581620805E-03
    158.6451045475419       0.1904749090960611E-03
    158.6643222979879       0.1899530600300417E-03
    158.6835400484340       0.1894312109640223E-03
    158.7027577988800       0.1889093618980029E-03
    158.7219755493261       0.1883875128319835E-03
    158.7411932997721       0.1878656637659641E-03
    158.7604110502182       0.1873438146999447E-03
    158.7796288006642       0.1868219656339253E-03
    158.7988465511102       0.1863001165679059E-03
    158.8180643015563       0.1857782675018865E-03
    158.8372820520023       0.1852564184358671E-03
    158.8564998024484       0.1847345693698477E-03
    158.8757175528944       0.1842127203038283E-03
    158.8949353033405       0.1836908712378089E-03
    158.9141530537865       0.1831690221717895E-03
    158.9333708042326       0.1826471731057701E-03
    158.9525885546786       0.1821253240397507E-03
    158.9718063051247       0.1816034749737313E-03
    158.9910240555707       0.1810816259077119E-03
    159.0102418060168       0.1805597768416925E-03
    159.0294595564628       0.1800379277756732E-03
    159.0486773069088       0.1795160787096537E-03
    159.0678950573549       0.1789942296436344E-03
    159.0871128078009       0.1784723805776149E-03
    159.1063305582470       0.1779505315115955E-03
    159.1255483086930       0.1774286824455761E-03
    159.1447660591391       0.1769068333795567E-03
    159.1639838095851       0.1763849843135374E-03
    159.1832015600312       0.1758631352475179E-03
    159.2024193104772       0.1753412861814986E-03
    159.2216370609233       0.1748194371154791E-03
    159.2408548113693       0.1742975880494598E-03
    159.2600725618153       0.1737757389834404E-03
    159.2792903122614       0.1732538899174210E-03
    159.2985080627074       0.1727320408514016E-03
    159.3177258131535       0.1722101917853822E-03
    159.3369435635995       0.1716883427193628E-03
    159.3561613140456       0.1711664936533434E-03
    159.3753790644916       0.1706446445873240E-03
    159.3945968149377       0.1701227955213046E-03
    159.4138145653837       0.1696009464552852E-03
    159.4330323158298       0.1690790973892658E-03
    159.4522500662758       0.1685572483232464E-03
    159.4714678167219       0.1680353992572270E-03
    159.4906855671679       0.1675135501912076E-03
    159.5099033176139       0.1669917011251882E-03
    159.5291210680600       0.1664698520591688E-03
    159.5483388185060       0.1659480029931494E-03
    159.5675565689521       0.1654261539271300E-03
    159.5867743193981       0.1649043048611106E-03
    159.6059920698442       0.1643824557950912E-03
    159.6252098202902       0.1638606067290718E-03
    159.6444275707363       0.1633387576630524E-03
    159.6636453211823       0.1628169085970330E-03
    159.6828630716284       0.1622950595310136E-03
    159.7020808220744       0.1617732104649942E-03
    159.7212985725205       0.1612513613989748E-03
    159.7405163229665       0.1607295123329554E-03
    159.7597340734125       0.1602076632669360E-03
    159.7789518238586       0.1596858142009166E-03
    159.7981695743046       0.1591639651348972E-03
    159.8173873247507       0.1586421160688778E-03
    159.8366050751967       0.1581202670028584E-03
    159.8558228256428       0.1575984179368390E-03
    159.8750405760888       0.1570765688708196E-03
    159.8942583265349       0.1565547198048002E-03
    159.9134760769809       0.1560328707387808E-03
    159.9326938274270       0.1555110216727614E-03
    159.9519115778730       0.1549891726067420E-03
    159.9711293283191       0.1544673235407226E-03
    159.9903470787651       0.1539454744747032E-03
    160.0095648292111       0.1534236254086838E-03
    160.0287825796572       0.1529017763426644E-03
    160.0480003301032       0.1523799272766450E-03
    160.0672180805493       0.1518580782106256E-03
    160.0864358309953       0.1513362291446062E-03
    160.1056535814414       0.1508143800785868E-03
    160.1248713318874       0.1502925310125674E-03
    160.1440890823335       0.1497706819465480E-03
    160.1633068327795       0.1492488328805286E-03
    160.1825245832256       0.1487269838145092E-03
    160.2017423336716       0.1482051347484898E-03
    160.2209600841176       0.1476832856824704E-03
    160.2401778345637       0.1471614366164510E-03
    160.2593955850097       0.1466395875504316E-03
    160.2786133354558       0.1461177384844122E-03
    160.2978310859018       0.1455958894183928E-03
    160.3170488363479       0.1450740403523734E-03
    160.3362665867939       0.1445521912863540E-03
    160.3554843372400       0.1440303422203346E-03
    160.3747020876860       0.1435084931543152E-03
    160.3939198381321       0.1429866440882958E-03
    160.4131375885781       0.1424647950222764E-03
    160.4323553390242       0.1419429459562571E-03
    160.4515730894702       0.1414210968902376E-03
    160.4707908399162       0.1408992478242183E-03
    160.4900085903623       0.1403773987581988E-03
    160.5092263408083       0.1398555496921795E-03
    160.5284440912544       0.1393337006261601E-03
    160.5476618417004       0.1388118515601406E-03
    160.5668795921465       0.1382900024941213E-03
    160.5860973425925       0.1377681534281018E-03
    160.6053150930386       0.1372463043620825E-03
    160.6245328434846       0.1367244552960631E-03
    160.6437505939307       0.1362026062300437E-03
    160.6629683443767       0.1356807571640243E-03
    160.6821860948228       0.1351589080980049E-03
    160.7014038452688       0.1346370590319855E-03
    160.7206215957148       0.1341152099659661E-03
    160.7398393461609       0.1335933608999467E-03
    160.7590570966069       0.1330715118339273E-03
    160.7782748470530       0.1325496627679079E-03
    160.7974925974990       0.1320278137018885E-03
    160.8167103479451       0.1315059646358691E-03
    160.8359280983911       0.1309841155698497E-03
    160.8551458488372       0.1304622665038303E-03
    160.8743635992832       0.1299404174378109E-03
    160.8935813497293       0.1294185683717915E-03
    160.9127991001753       0.1288967193057721E-03
    160.9320168506214       0.1283748702397527E-03
    160.9512346010674       0.1278530211737333E-03
    160.9704523515134       0.1273311721077139E-03
    160.9896701019595       0.1268093230416945E-03
    161.0088878524055       0.1262874739756751E-03
    161.0281056028516       0.1257656249096557E-03
    161.0473233532976       0.1252437758436363E-03
    161.0665411037437       0.1247219267776169E-03
    161.0857588541897       0.1242000777115975E-03
    161.1049766046358       0.1236782286455781E-03
    161.1241943550818       0.1231563795795587E-03
    161.1434121055279       0.1226345305135393E-03
    161.1626298559739       0.1221126814475199E-03
    161.1818476064200       0.1215908323815005E-03
    161.2010653568660       0.1210689833154811E-03
    161.2202831073120       0.1205471342494617E-03
    161.2395008577581       0.1200252851834423E-03
    161.2587186082041       0.1195034361174229E-03
    161.2779363586502       0.1189815870514035E-03
    161.2971541090962       0.1184597379853841E-03
    161.3163718595423       0.1179378889193647E-03
    161.3355896099883       0.1174160398533453E-03
    161.3548073604344       0.1168941907873259E-03
    161.3740251108804       0.1163723417213065E-03
    161.3932428613265       0.1158504926552871E-03
    161.4124606117725       0.1153286435892677E-03
    161.4316783622185       0.1148067945232483E-03
    161.4508961126646       0.1142849454572289E-03
    161.4701138631106       0.1137630963912095E-03
    161.4893316135567       0.1132412473251901E-03
    161.5085493640027       0.1127193982591707E-03
    161.5277671144488       0.1121975491931513E-03
    161.5469848648948       0.1116757001271319E-03
    161.5662026153409       0.1111538510611125E-03
    161.5854203657869       0.1106320019950931E-03
    161.6046381162330       0.1101101529290737E-03
    161.6238558666790       0.1095883038630543E-03
    161.6430736171251       0.1090664547970349E-03
    161.6622913675711       0.1085446057310155E-03
    161.6815091180171       0.1080227566649961E-03
    161.7007268684632       0.1075009075989767E-03
    161.7199446189092       0.1069790585329574E-03
    161.7391623693553       0.1064572094669379E-03
    161.7583801198013       0.1059353604009185E-03
    161.7775978702474       0.1054135113348991E-03
    161.7968156206934       0.1048916622688797E-03
    161.8160333711395       0.1043698132028603E-03
    161.8352511215855       0.1038479641368410E-03
    161.8544688720316       0.1033261150708216E-03
    161.8736866224776       0.1028042660048022E-03
    161.8929043729237       0.1022824169387828E-03
    161.9121221233697       0.1017605678727634E-03
    161.9313398738157       0.1012387188067440E-03
    161.9505576242618       0.1007168697407246E-03
    161.9697753747078       0.1001950206747052E-03
    161.9889931251539       0.9967317160868576E-04
    162.0082108755999       0.9915132254266636E-04
    162.0274286260460       0.9862947347664696E-04
    162.0466463764920       0.9810762441062757E-04
    162.0658641269381       0.9758577534460817E-04
    162.0850818773841       0.9706392627858877E-04
    162.1042996278302       0.9654207721256937E-04
    162.1235173782762       0.9602022814654997E-04
    162.1427351287223       0.9549837908053058E-04
    162.1619528791683       0.9497653001451118E-04
    162.1811706296143       0.9445468094849178E-04
    162.2003883800604       0.9393283188247238E-04
    162.2196061305064       0.9341098281645298E-04
    162.2388238809525       0.9288913375043358E-04
    162.2580416313985       0.9236728468441419E-04
    162.2772593818446       0.9184543561839479E-04
    162.2964771322906       0.9132358655237539E-04
    162.3156948827367       0.9080173748635599E-04
    162.3349126331827       0.9027988842033659E-04
    162.3541303836288       0.8975803935431720E-04
    162.3733481340748       0.8923619028829780E-04
    162.3925658845208       0.8871434122227840E-04
    162.4117836349669       0.8819249215625900E-04
    162.4310013854129       0.8767064309023960E-04
    162.4502191358590       0.8714879402422019E-04
    162.4694368863050       0.8662694495820081E-04
    162.4886546367511       0.8610509589218141E-04
    162.5078723871971       0.8558324682616200E-04
    162.5270901376432       0.8506139776014260E-04
    162.5463078880892       0.8453954869412320E-04
    162.5655256385353       0.8401769962810382E-04
    162.5847433889813       0.8349585056208441E-04
    162.6039611394274       0.8297400149606501E-04
    162.6231788898734       0.8245215243004561E-04
    162.6423966403194       0.8193030336402621E-04
    162.6616143907655       0.8140845429800681E-04
    162.6808321412115       0.8088660523198742E-04
    162.7000498916576       0.8036475616596802E-04
    162.7192676421036       0.7984290709994862E-04
    162.7384853925497       0.7932105803392922E-04
    162.7577031429957       0.7879920896790982E-04
    162.7769208934418       0.7827735990189043E-04
    162.7961386438878       0.7775551083587103E-04
    162.8153563943339       0.7723366176985163E-04
    162.8345741447799       0.7671181270383223E-04
    162.8537918952260       0.7618996363781283E-04
    162.8730096456720       0.7566811457179343E-04
    162.8922273961180       0.7514626550577404E-04
    162.9114451465641       0.7462441643975464E-04
    162.9306628970101       0.7410256737373524E-04
    162.9498806474562       0.7358071830771584E-04
    162.9690983979022       0.7305886924169643E-04
    162.9883161483483       0.7253702017567705E-04
    163.0075338987943       0.7201517110965765E-04
    163.0267516492404       0.7149332204363825E-04
    163.0459693996864       0.7097147297761884E-04
    163.0651871501325       0.7044962391159944E-04
    163.0844049005785       0.6992777484558004E-04
    163.1036226510246       0.6940592577956065E-04
    163.1228404014706       0.6888407671354125E-04
    163.1420581519166       0.6836222764752185E-04
    163.1612759023627       0.6784037858150245E-04
    163.1804936528087       0.6731852951548305E-04
    163.1997114032548       0.6679668044946366E-04
    163.2189291537008       0.6627483138344426E-04
    163.2381469041469       0.6575298231742486E-04
    163.2573646545929       0.6523113325140546E-04
    163.2765824050390       0.6470928418538606E-04
    163.2958001554850       0.6418743511936666E-04
    163.3150179059311       0.6366558605334727E-04
    163.3342356563771       0.6314373698732787E-04
    163.3534534068231       0.6262188792130847E-04
    163.3726711572692       0.6210003885528907E-04
    163.3918889077152       0.6157818978926967E-04
    163.4111066581613       0.6105634072325028E-04
    163.4303244086073       0.6053449165723088E-04
    163.4495421590534       0.6001264259121149E-04
    163.4687599094994       0.5949079352519210E-04
    163.4879776599455       0.5896894445917270E-04
    163.5071954103915       0.5844709539315332E-04
    163.5264131608376       0.5792524632713392E-04
    163.5456309112836       0.5740339726111453E-04
    163.5648486617297       0.5688154819509514E-04
    163.5840664121757       0.5635969912907574E-04
    163.6032841626217       0.5583785006305636E-04
    163.6225019130678       0.5531600099703696E-04
    163.6417196635138       0.5479415193101757E-04
    163.6609374139599       0.5427230286499818E-04
    163.6801551644059       0.5375045379897879E-04
    163.6993729148520       0.5322860473295939E-04
    163.7185906652980       0.5270675566694001E-04
    163.7378084157441       0.5218490660092061E-04
    163.7570261661901       0.5166305753490122E-04
    163.7762439166362       0.5114120846888183E-04
    163.7954616670822       0.5061935940286244E-04
    163.8146794175283       0.5009751033684305E-04
    163.8338971679743       0.4957566127082365E-04
    163.8531149184203       0.4905381220480426E-04
    163.8723326688664       0.4853196313878487E-04
    163.8915504193124       0.4801011407276548E-04
    163.9107681697585       0.4748826500674608E-04
    163.9299859202045       0.4696641594072670E-04
    163.9492036706506       0.4644456687470730E-04
    163.9684214210966       0.4592271780868791E-04
    163.9876391715427       0.4540086874266852E-04
    164.0068569219887       0.4487901967664913E-04
    164.0260746724348       0.4435717061062974E-04
    164.0452924228808       0.4383532154461034E-04
    164.0645101733269       0.4331347247859095E-04
    164.0837279237729       0.4279162341257156E-04
    164.1029456742189       0.4226977434655217E-04
    164.1221634246650       0.4174792528053277E-04
    164.1413811751110       0.4122607621451339E-04
    164.1605989255571       0.4070422714849399E-04
    164.1798166760031       0.4018237808247461E-04
    164.1990344264492       0.3966052901645521E-04
    164.2182521768952       0.3913867995043582E-04
    164.2374699273413       0.3861683088441643E-04
    164.2566876777873       0.3809498181839704E-04
    164.2759054282334       0.3757313275237764E-04
    164.2951231786794       0.3705128368635825E-04
    164.3143409291254       0.3652943462033886E-04
    164.3335586795715       0.3600758555431946E-04
    164.3527764300175       0.3548573648830008E-04
    164.3719941804636       0.3496388742228068E-04
    164.3912119309096       0.3444203835626130E-04
    164.4104296813557       0.3392018929024190E-04
    164.4296474318017       0.3339834022422251E-04
    164.4488651822478       0.3287649115820312E-04
    164.4680829326938       0.3235464209218373E-04
    164.4873006831399       0.3183279302616433E-04
    164.5065184335859       0.3131094396014494E-04
    164.5257361840320       0.3078909489412555E-04
    164.5449539344780       0.3026724582810616E-04
    164.5641716849240       0.2974539676208677E-04
    164.5833894353701       0.2922354769606737E-04
    164.6026071858161       0.2870169863004798E-04
    164.6218249362622       0.2817984956402859E-04
    164.6410426867082       0.2765800049800920E-04
    164.6602604371543       0.2713615143198981E-04
    164.6794781876003       0.2661430236597042E-04
    164.6986959380464       0.2609245329995103E-04
    164.7179136884924       0.2557060423393163E-04
    164.7371314389385       0.2504875516791224E-04
    164.7563491893845       0.2452690610189285E-04
    164.7755669398306       0.2400505703587346E-04
    164.7947846902766       0.2348320796985406E-04
    164.8140024407226       0.2296135890383467E-04
    164.8332201911687       0.2243950983781528E-04
    164.8524379416147       0.2191766077179589E-04
    164.8716556920608       0.2139581170577650E-04
    164.8908734425068       0.2087396263975711E-04
    164.9100911929529       0.2035211357373772E-04
    164.9293089433989       0.1983026450771832E-04
    164.9485266938450       0.1930841544169893E-04
    164.9677444442910       0.1878656637567954E-04
    164.9869621947371       0.1826471730966015E-04
    165.0061799451831       0.1774286824364076E-04
    165.0253976956292       0.1722101917762136E-04
    165.0446154460752       0.1669917011160197E-04
    165.0638331965212       0.1617732104558258E-04
    165.0830509469673       0.1565547197956319E-04
    165.1022686974133       0.1513362291354380E-04
    165.1214864478594       0.1461177384752440E-04
    165.1407041983054       0.1408992478150501E-04
    165.1599219487515       0.1356807571548562E-04
    165.1791396991975       0.1304622664946623E-04
    165.1983574496436       0.1252437758344684E-04
    165.2175752000896       0.1200252851742745E-04
    165.2367929505357       0.1148067945140805E-04
    165.2560107009817       0.1095883038538866E-04
    165.2752284514278       0.1043698131936927E-04
    165.2944462018738       0.9915132253349881E-05
    165.3136639523198       0.9393283187330488E-05
    165.3328817027659       0.8871434121311096E-05
    165.3520994532119       0.8349585055291705E-05
    165.3713172036580       0.7827735989272312E-05
    165.3905349541040       0.7305886923252921E-05
    165.4097527045501       0.6784037857233530E-05
    165.4289704549961       0.6262188791214137E-05
    165.4481882054422       0.5740339725194745E-05
    165.4674059558882       0.5218490659175354E-05
    165.4866237063343       0.4696641593155962E-05
    165.5058414567803       0.4174792527136570E-05
    165.5250592072263       0.3652943461117179E-05
    165.5442769576724       0.3131094395097787E-05
    165.5634947081184       0.2609245329078395E-05
    165.5827124585645       0.2087396263059004E-05
    165.6019302090105       0.1565547197039612E-05
    165.6211479594566       0.1043698131020219E-05
    165.6403657099026       0.5218490650008565E-06
    165.6595834603487        0.000000000000000    
