 zone  i=           8  j=          37 k=1                                                           
         0.109999999999377E-03        -0.164613062009720E-14         0.316000000000031E-02
         0.109999999999377E-03        -0.164613062009720E-14         0.316000000000031E-02
         0.109999999999377E-03        -0.164613062009720E-14         0.316000000000031E-02
         0.109999999999377E-03        -0.164613062009720E-14         0.316000000000031E-02
         0.109999999999377E-03        -0.164613062009720E-14         0.316000000000031E-02
         0.109999999999377E-03        -0.164613062009720E-14         0.316000000000031E-02
         0.109999999999377E-03        -0.164613062009720E-14         0.316000000000031E-02
         0.109999999999377E-03        -0.164613062009720E-14         0.316000000000031E-02
         0.589110000000000            -0.165620356767486E-14         0.123230000000000    
         0.542400000000073             0.764999999997074E-01         0.114139999999930    
         0.495880000000067             0.153139999999846             0.103439999999914    
         0.449710000000043             0.229849999999929             0.900899999998851E-01
         0.403790000000007             0.306209999999975             0.742599999998600E-01
         0.357969999999974             0.382189999999990             0.569999999998507E-01
         0.312559999999937             0.458170000000000             0.381999999998532E-01
         0.268109999999866             0.533380000000000             0.159199999998704E-01
          1.18584999999999            -0.169374038901139E-14         0.195530000000003    
          1.13429000000000             0.109870000000001             0.188580000000000    
          1.08296000000000             0.220279999999998             0.179560000000000    
          1.03169000000000             0.330929999999998             0.167550000000000    
         0.980180000000136             0.441699999999955             0.152749999999847    
         0.928559999999999             0.554509999999998             0.131250000000000    
         0.879110000000000             0.666129999999998             0.932900000000004E-01
         0.834070000000001             0.764550000000002             0.412999999999999E-01
          1.78343000000001            -0.170743921463932E-14         0.261420000000001    
          1.73159000000000             0.129579999999999             0.253300000000001    
          1.68024000000000             0.260030000000000             0.241390000000000    
          1.62918999999999             0.390539999999998             0.225640000000000    
          1.57830000000010             0.521709999999978             0.206319999999857    
          1.52786999999990             0.653209999999997             0.180889999999761    
          1.47686999999999             0.789410000000000             0.139050000000000    
          1.43295000000000             0.899880000000001             0.676900000000000E-01
          2.38123999999999            -0.168593284296774E-14         0.325189999999999    
          2.33008000000001             0.145300000000001             0.316910000000000    
          2.27953000000000             0.291800000000001             0.303530000000000    
          2.22928000000000             0.438590000000002             0.285169999999999    
          2.17921000000004             0.587089999999992             0.259619999999830    
          2.13000000000000             0.734310000000001             0.222909999999999    
          2.08120000000000             0.881770000000002             0.177490000000000    
          2.03761000000000              1.00714000000000             0.942100000000000E-01
          2.97925000000001            -0.166916239132294E-14         0.387050000000000    
          2.92910000000000             0.158779999999999             0.378320000000000    
          2.87972999999999             0.319050000000002             0.363050000000000    
          2.83075000000001             0.479950000000001             0.341540000000000    
          2.78221999999997             0.642569999999996             0.309889999999817    
          2.73425000000000             0.803950000000002             0.265190000000000    
          2.68777999999999             0.958670000000001             0.211740000000000    
          2.64490000000001              1.09848000000000             0.120770000000000    
          3.57742000000000            -0.166369885014214E-14         0.447350000000000    
          3.52853000000001             0.170710000000001             0.438280000000000    
          3.48056000000000             0.343190000000001             0.421320000000000    
          3.43304000000000             0.516850000000001             0.396560000000000    
          3.38611999999989             0.691919999999998             0.358409999999803    
          3.34001000000000             0.864180000000001             0.305840000000000    
          3.29526000000000              1.02850000000000             0.243370000000000    
          3.25372999999999              1.17890000000000             0.147350000000000    
          4.17575000000001            -0.167411542309945E-14         0.506060000000000    
          4.12826000000000             0.181559999999999             0.496650000000001    
          4.08183000000000             0.365119999999999             0.478070000000000    
          4.03593999999999             0.550540000000001             0.449909999999999    
          3.99073999999983             0.736619999999998             0.405799999999816    
          3.94639999999977             0.918730000000004             0.345290000000188    
          3.90329000000001              1.09361000000000             0.274390000000000    
          3.86352000000000              1.25166000000000             0.173950000000000    
          4.77423000000001            -0.169601372618015E-14         0.563170000000001    
          4.72826000000000             0.191609999999998             0.553440000000001    
          4.68345000000000             0.385490000000000             0.533360000000000    
          4.63927000000017             0.581779999999878             0.501750000000182    
          4.59583999999976             0.778170000000002             0.451869999999846    
          4.55327999999995             0.969470000000083             0.384170000000145    
          4.51194000000001              1.15352000000000             0.305650000000000    
          4.47395000000000              1.31889000000000             0.200560000000000    
          5.37287000000000            -0.169839865332226E-14         0.618630000000001    
          5.32850000000000             0.200980000000000             0.608600000000000    
          5.28538000000001             0.404490000000002             0.587120000000000    
          5.24296000000015             0.610859999999981             0.552180000000247    
          5.20134999999973             0.816940000000005             0.496819999999888    
          5.16059000000000              1.01666000000000             0.422539999999999    
          5.12112000000000              1.20861000000000             0.337050000000000    
          5.08488000000000              1.38141000000000             0.227150000000000    
          5.97166000000000            -0.173042960126938E-14         0.672379999999999    
          5.92896000000000             0.209760000000002             0.662100000000000    
          5.88759000000000             0.422320000000002             0.639320000000000    
          5.84696999999999             0.638069999999998             0.601270000000000    
          5.80716999999972             0.853140000000009             0.540799999999929    
          5.76822000000001              1.06094000000000             0.460370000000000    
          5.73071000000000              1.25951000000000             0.368520000000000    
          5.69621000000000              1.43996000000000             0.253700000000000    
          6.57061000000001            -0.170633580202429E-14         0.724400000000001    
          6.52962000000000             0.218130000000000             0.713879999999999    
          6.49003999999999             0.439299999999999             0.689929999999999    
          6.45123000000000             0.663879999999999             0.649000000000000    
          6.41322999999974             0.887280000000013             0.583969999999957    
          6.37610000000000              1.10318000000000             0.497590000000000    
          6.34054000000000              1.30802000000000             0.399380000000000    
          6.30780000000000              1.49571000000000             0.280300000000000    
          7.16970000000000            -0.168431898050543E-14         0.774660000000001    
          7.13045999999999             0.226280000000002             0.763929999999999    
          7.09268000000000             0.455810000000001             0.738890000000000    
          7.05568000000001             0.688859999999999             0.695330000000001    
          7.01945999999977             0.920380000000008             0.626159999999963    
          6.98414000000000              1.14421000000000             0.533970000000000    
          6.95053000000000              1.35529000000000             0.429350000000000    
          6.91950000000001              1.55008000000000             0.307070000000000    
          7.76894000000000            -0.167118329943853E-14         0.823160000000001    
          7.73145999999999             0.234400000000001             0.812210000000000    
          7.69548000000000             0.472240000000000             0.786149999999999    
          7.66027000000000             0.713580000000001             0.740170000000000    
          7.62579999999983             0.953260000000025             0.667149999999958    
          7.59229000000001              1.18481000000000             0.569250000000000    
          7.56059000000000              1.40221000000000             0.458160000000000    
          7.53119000000001              1.60446000000000             0.334140000000000    
          8.36833000000000            -0.169449184620195E-14         0.869900000000000    
          8.33259000000001             0.242580000000000             0.858740000000001    
          8.29841000000000             0.488770000000000             0.831700000000000    
          8.26497000000000             0.738380000000000             0.783500000000001    
          8.23221999999991             0.986200000000287             0.706869999999995    
          8.20050000000001              1.22528000000000             0.603420000000001    
          8.17071000000000              1.44879000000000             0.485909999999999    
          8.14281000000000              1.65948000000000             0.361569999999999    
          8.96784000000001            -0.169626542731438E-14         0.914900000000000    
          8.93385999999999             0.250809999999998             0.903530000000001    
          8.90147000000000             0.505360000000002             0.875560000000000    
          8.86977000000000             0.763229999999998             0.825339999999999    
          8.83872000000000              1.01916000000000             0.745390000000001    
          8.80876000000000              1.26565000000000             0.636560000000000    
          8.78084999999999              1.49492000000000             0.513010000000000    
          8.75436000000000              1.71505000000000             0.389360000000000    
          9.56748000000000            -0.168593628403909E-14         0.958170000000001    
          9.53525000000000             0.259080000000002             0.946599999999999    
          9.50465000000000             0.521980000000001             0.917759999999999    
          9.47465999999999             0.788069999999998             0.865750000000001    
          9.44529000000000              1.05204000000000             0.782799999999999    
          9.41708000000000              1.30597000000000             0.668710000000000    
          9.39098000000000              1.54074000000000             0.539830000000000    
          9.36585000000001              1.77107000000000             0.417520000000001    
          10.1672400000000            -0.173757628294316E-14         0.999750000000000    
          10.1367600000000             0.267370000000002             0.987979999999999    
          10.1079300000000             0.538610000000000             0.958350000000001    
          10.0796400000000             0.812850000000002             0.904790000000001    
          10.0519100000000              1.08486000000000             0.819150000000000    
          10.0254500000000              1.34618000000000             0.699889999999999    
          10.0010800000000              1.58655000000000             0.566750000000000    
          9.97729000000001              1.82751000000000             0.446060000000000    
          10.7671200000000            -0.164905202259267E-14          1.03967000000000    
          10.7383800000000             0.275699999999999              1.02771000000000    
          10.7113000000000             0.555230000000003             0.997370000000001    
          10.6846900000000             0.837580000000001             0.942510000000001    
          10.6585900000000              1.11769000000000             0.854460000000002    
          10.6338600000000              1.38628000000000             0.730130000000001    
          10.6111300000000              1.63284000000000             0.593839999999999    
          10.5886700000000              1.88440000000000             0.474970000000001    
          11.3671000000000            -0.173890951280214E-14          1.07798000000000    
          11.3400800000000             0.284070000000000              1.06583000000000    
          11.3147600000000             0.571869999999998              1.03487000000000    
          11.2898000000000             0.862230000000265             0.979000000000164    
          11.2653000000000              1.15053000000000             0.888789999999999    
          11.2423100000000              1.42620000000000             0.759489999999999    
          11.2211200000000              1.67975000000000             0.621090000000001    
          11.1999800000000              1.94177000000000             0.504290000000000    
          11.9671800000000            -0.170042541787659E-14          1.11472000000000    
          11.9418800000000             0.292490000000002              1.10239000000000    
          11.9182800000000             0.588540000000002              1.07089000000000    
          11.8949500000000             0.886820000000156              1.01433000000009    
          11.8720500000000              1.18338000000000             0.922190000000000    
          11.8507700000000              1.46581000000000             0.788230000000000    
          11.8310600000000              1.72729000000000             0.648489999999999    
          11.8112200000000              1.99967000000000             0.534010000000000    
          12.5673500000000            -0.166072705329637E-14          1.14993000000000    
          12.5437500000000             0.300950000000001              1.13742000000000    
          12.5218700000000             0.605259999999999              1.10550000000000    
          12.5001400000000             0.911500000000065              1.04852000000003    
          12.4788200000000              1.21623000000000             0.954730000000001    
          12.4592100000000              1.50519000000000             0.816570000000001    
          12.4409500000000              1.77543000000000             0.676069999999999    
          12.4223900000000              2.05810000000000             0.564150000000000    
          13.1676000000000            -0.169087742840302E-14          1.18366000000000    
          13.1456900000000             0.309469999999998              1.17098000000000    
          13.1255100000000             0.622040000000002              1.13873000000000    
          13.1053700000000             0.936300000000012              1.08162000000000    
          13.0856000000000              1.24914000000000             0.986469999999998    
          13.0676300000000              1.54451000000000             0.844760000000002    
          13.0507700000000              1.82416000000000             0.703870000000000    
          13.0334899999999              2.11707000000002             0.594719999999767    
          13.7679300000000            -0.169851909743690E-14          1.21596000000000    
          13.7477000000000             0.318050000000001              1.20312000000000    
          13.7291900000000             0.638880000000001              1.17065000000000    
          13.7106200000000             0.961230000000002              1.11366000000000    
          13.6923900000000              1.28220000000000              1.01742000000000    
          13.6759900000000              1.58400000000000             0.872999999999999    
          13.6605400000000              1.87350000000000             0.731930000000000    
          13.6445200000000              2.17658999999995             0.625719999999985    
          14.3683400000000            -0.165447705686159E-14          1.24688000000000    
          14.3497600000000             0.326690000000002              1.23389000000000    
          14.3329100000000             0.655810000000000              1.20129000000000    
          14.3158900000000             0.986310000000006              1.14467000000000    
          14.2991900000000              1.31542000000000              1.04760000000000    
          14.2843100000000              1.62404000000000             0.901340000000001    
          14.2702300000000              1.92345000000000             0.760280000000000    
          14.2554700000000              2.23667000000000             0.657190000000000    
          14.9688100000000            -0.953402735436169E-13          1.27647999999981    
          14.9518600000000             0.335389999999998              1.26332000000000    
          14.9366600000000             0.672850000000002              1.23071000000000    
          14.9211800000000              1.01155000000016              1.17468000000001    
          14.9059800000000              1.34881000000000              1.07702000000000    
          14.8925700000000              1.66473000000000             0.929739999999999    
          14.8798600000000              1.97403000000000             0.788969999999997    
          14.8663300000000              2.29732000000000             0.689129999999999    
          15.5693400000000            -0.164853217729711E-13          1.30478999999994    
          15.5540100000000             0.344160000000002              1.29148000000000    
          15.5404300000000             0.690009999999998              1.25895000000000    
          15.5264700000000              1.03697000000000              1.20374000000000    
          15.5127800000000              1.38237000000000              1.10572000000000    
          15.5007700000000              1.70605000000000             0.958200000000000    
          15.4894100000000              2.02525000000000             0.818029999999999    
          15.4771100000000              2.35856000000000             0.721550000000000    
          16.1699400000000            -0.163433546040883E-14          1.33186000000000    
          16.1561900000000             0.353010000000000              1.31839000000000    
          16.1442200000000             0.707319999999999              1.28606000000000    
          16.1317600000000              1.06262000000000              1.23188000000000    
          16.1195600000000              1.41613000000000              1.13372000000000    
          16.1089200000000              1.74801000000000             0.986720000000000    
          16.0988700000000              2.07716000000000             0.847460000000000    
          16.0878000000000              2.42044000000000             0.754449999999999    
          16.7705800000000            -0.115383386057935E-13          1.35774000000000    
          16.7584100000000             0.361940000000002              1.34411000000000    
          16.7480100000000             0.724809999999998              1.31206000000000    
          16.7370400000000              1.08854000000000              1.25912000000000    
          16.7263300000000              1.45004000000000              1.16110000000000    
          16.7170100000000              1.79062000000000              1.01527000000000    
          16.7082500000000              2.12979000000000             0.877280000000000    
          16.6983900000000              2.48302000000000             0.787820000000000    
          17.3712700000000            -0.171889835942326E-14          1.38247000000000    
          17.3606500000000             0.370990000000000              1.36868000000000    
          17.3518000000000             0.742569999999998              1.33700000000000    
          17.3423000000000              1.11485000000000              1.28547000000000    
          17.3330500000000              1.48430000000000              1.18790000000000    
          17.3250300000000              1.83404000000000              1.04379000000000    
          17.3175300000000              2.18335000000000             0.907460000000001    
          17.3088800000000              2.54649000000000             0.821490000000000    
          17.9720100000000            -0.165946862201976E-14          1.40609000000000    
          17.9629000000000             0.380219999999999              1.39212000000000    
          17.9555800000000             0.760710000000000              1.36089000000000    
          17.9475200000000              1.14173000000000              1.31093000000000    
          17.9397100000000              1.51920000000000              1.21415000000000    
          17.9329400000000              1.87855000000000              1.07220000000000    
          17.9266600000000              2.23818000000000             0.937940000000001    
          17.9192300000000              2.61121000000000             0.855210000000001    
          18.5727900000000            -0.167634427118615E-14          1.42865000000000    
          18.5651500000000             0.389669999999999              1.41449000000000    
          18.5593300000000             0.779350000000000              1.38377000000000    
          18.5526800000000              1.16936000000000              1.33551000000000    
          18.5462900000000              1.55505000000000              1.23986000000000    
          18.5407300000000              1.92443000000000              1.10040000000000    
          18.5356100000000              2.29463000000000             0.968659999999999    
          18.5294200000000              2.67754000000000             0.888710000000000    
          19.1736000000000            -0.169599840017776E-14          1.45017000000000    
          19.1674000000000             0.399380000000000              1.43580000000000    
          19.1630400000000             0.798539999999998              1.40565000000000    
          19.1577800000000              1.19784000000000              1.35924000000000    
          19.1527500000000              1.59209000000000              1.26510000000000    
          19.1483700000000              1.97184000000000              1.12839000000000    
          19.1443600000000              2.35287000000000             0.999639999999999    
          19.1394300000000              2.74570000000000             0.921940000000000    
          19.7744500000000            -0.165940496468136E-14          1.47068000000000    
          19.7696500000000             0.409369999999999              1.45609000000000    
          19.7667000000000             0.818330000000000              1.42658000000000    
          19.7627900000000              1.22723000000000              1.38215000000000    
          19.7590900000000              1.63046000000000              1.28991000000000    
          19.7558500000000              2.02083000000000              1.15617000000000    
          19.7528800000000              2.41295000000000              1.03092000000000    
          19.7492200000000              2.81578000000000             0.954940000000002    
          20.3753400000000            -0.166694729263239E-14          1.49024000000000    
          20.3718900000000             0.419640000000001              1.47539000000000    
          20.3703100000000             0.838729999999998              1.44659000000000    
          20.3677100000000              1.25757000000000              1.40428000000000    
          20.3653000000000              1.67018000000000              1.31426000000000    
          20.3631600000000              2.07144000000000              1.18378000000000    
          20.3611700000000              2.47491000000000              1.06252000000000    
          20.3588000000000              2.88785000000000             0.987740000000000    
          20.9762500000000            -0.164784184412161E-14          1.50885000000000    
          20.9741000000000             0.430209999999998              1.49373000000000    
          20.9738600000000             0.859790000000001              1.46570000000000    
          20.9725300000000              1.28890000000000              1.42566000000000    
          20.9713800000000              1.71131000000000              1.33814000000000    
          20.9702800000000              2.12373000000000              1.21123000000000    
          20.9692200000000              2.53877000000000              1.09432000000000    
          20.9681400000000              2.96202000000000              1.02031000000000    
          21.5771900000000            -0.168286168678946E-14          1.52654000000000    
          21.5763000000000             0.441130000000002              1.51114000000000    
          21.5773300000000             0.881599999999999              1.48394000000000    
          21.5772300000000              1.32138000000000              1.44632000000000    
          21.5772800000000              1.75399000000000              1.36151000000000    
          21.5771800000000              2.17794000000000              1.23850000000000    
          21.5770100000000              2.60473000000000              1.12594000000000    
          21.5771900000000              3.03860999999997              1.05260999999999    
 zone  i=           8  j=          37 k=1                                                           
         0.109999999989048E-03        -0.167826009564673E-14         0.315999999998318E-02
         0.109999999989048E-03        -0.167826009564673E-14         0.315999999998318E-02
         0.109999999989048E-03        -0.167826009564673E-14         0.315999999998318E-02
         0.109999999989048E-03        -0.167826009564673E-14         0.315999999998318E-02
         0.109999999989048E-03        -0.167826009564673E-14         0.315999999998318E-02
         0.109999999989048E-03        -0.167826009564673E-14         0.315999999998318E-02
         0.109999999989048E-03        -0.167826009564673E-14         0.315999999998318E-02
         0.109999999989048E-03        -0.167826009564673E-14         0.315999999998318E-02
         0.268110000000001             0.533380000000000             0.159200000000001E-01
         0.314510000000018             0.459690000000000            -0.199000000014899E-02
         0.361749999999955             0.384930000000000            -0.133600000000452E-01
         0.409209999999961             0.309809999999995            -0.215400000000098E-01
         0.456639999999971             0.233559999999976            -0.280799999999977E-01
         0.503949999999984             0.156449999999923            -0.330599999999931E-01
         0.551149999999996             0.784199999997929E-01        -0.367399999999950E-01
         0.598240000000000            -0.169345451042861E-14        -0.397500000000002E-01
         0.834070000000000             0.764550000000002             0.412999999999974E-01
         0.881690000000000             0.673390000000001            -0.158200000000004E-01
         0.934480000000088             0.559090000000011            -0.503199999999113E-01
         0.988069999999975             0.446720000000000            -0.589299999999882E-01
          1.04088000000002             0.337449999999959            -0.605399999999745E-01
          1.09321000000000             0.226629999999998            -0.628300000000004E-01
          1.14533000000000             0.113690000000001            -0.654799999999996E-01
          1.19726000000000            -0.170862351393773E-14        -0.678000000000000E-01
          1.43294999999999             0.899880000000010             0.676899999999988E-01
          1.47967000000000             0.806900000000000            -0.153099999999996E-01
          1.53482000000001             0.663509999999999            -0.638799999999999E-01
          1.58695000000001             0.531599999999998            -0.789800000000009E-01
          1.63952000000000             0.400729999999982            -0.842099999999920E-01
          1.69203000000000             0.269540000000002            -0.880800000000002E-01
          1.74429000000001             0.135280000000000            -0.925399999999997E-01
          1.79629000000001            -0.162066567212913E-14        -0.957000000000002E-01
          2.03761000000000              1.00714000000000             0.942100000000000E-01
          2.08457000000000             0.905639999999998            -0.685999999999987E-02
          2.13777999999999             0.750920000000001            -0.635799999999996E-01
          2.18905999999996             0.602469999999999            -0.933900000000653E-01
          2.24086000000000             0.452799999999995            -0.106730000000000    
          2.29256999999999             0.304519999999999            -0.113319999999999    
          2.34408000000000             0.152870000000001            -0.119890000000000    
          2.39530000000001            -0.169335168691539E-14        -0.123840000000000    
          2.64490000000001              1.09848000000000             0.120770000000000    
          2.69237000000001             0.983180000000001             0.433000000000021E-02
          2.74282000000000             0.825779999999998            -0.591499999999999E-01
          2.79320000000000             0.662910000000000            -0.100899999999999    
          2.84350000000000             0.498799999999999            -0.124310000000036    
          2.89393000000000             0.335069999999998            -0.136590000000000    
          2.94427000000000             0.168209999999999            -0.146620000000000    
          2.99433000000000            -0.164925169737509E-14        -0.151820000000000    
          3.25372999999999              1.17890000000000             0.147350000000000    
          3.30090000000000              1.05109000000000             0.209000000000002E-01
          3.34938000000001             0.887929999999998            -0.518499999999993E-01
          3.39808000000001             0.716110000000000            -0.103830000000000    
          3.44692000000000             0.540150000000000            -0.138090000000000    
          3.49580999999998             0.362519999999753            -0.158180000000023    
          3.54471000000000             0.181980000000001            -0.172660000000000    
          3.59338000000000            -0.166314733904925E-14        -0.179370000000000    
          3.86352000000000              1.25166000000000             0.173950000000000    
          3.90940000000000              1.11534000000000             0.415199999999996E-01
          3.95642000000000             0.943450000000002            -0.423100000000002E-01
          4.00353000000000             0.763540000000000            -0.104020000000000    
          4.05082000000000             0.577390000000002            -0.148490000000000    
          4.09803000000019             0.387659999999967            -0.177840000000028    
          4.14532999999999             0.194650000000002            -0.197730000000000    
          4.19245000000001            -0.167974622020012E-14        -0.206240000000001    
          4.47395000000000              1.31889000000000             0.200560000000000    
          4.51819000000000              1.17548000000000             0.632600000000003E-01
          4.56375999999999             0.994850000000000            -0.315700000000007E-01
          4.60931000000000             0.806620000000000            -0.102230000000001    
          4.65501000000000             0.611250000000001            -0.156500000000000    
          4.70049999999999             0.410949999999999            -0.195650000000000    
          4.74609000000000             0.206489999999999            -0.221740000000000    
          4.79157000000000            -0.174513758724462E-14        -0.232250000000000    
          5.08488000000000              1.38141000000000             0.227150000000000    
          5.12751000000000              1.23021000000000             0.843700000000000E-01
          5.17145000000000              1.04220000000000            -0.205500000000004E-01
          5.21535000000000             0.846020000000002            -0.995099999999995E-01
          5.25943000000000             0.642169999999998            -0.162920000000000    
          5.30316000000000             0.432510000000001            -0.211760000000000    
          5.34697000000001             0.217600000000002            -0.244590000000001    
          5.39072000000000            -0.166355481483644E-14        -0.257280000000000    
          5.69621000000000              1.43996000000000             0.253700000000000    
          5.73723000000001              1.28069000000000             0.104850000000001    
          5.77940000000001              1.08637000000000            -0.950999999999942E-02
          5.82160000000000             0.882510000000001            -0.966199999999994E-01
          5.86403000000000             0.670689999999999            -0.168380000000000    
          5.90596999999999             0.452510000000002            -0.226460000000001    
          5.94795000000000             0.228080000000000            -0.266280000000000    
          5.98992000000000            -0.168715315274694E-14        -0.281250000000001    
          6.30780000000000              1.49571000000001             0.280300000000000    
          6.34721000000000              1.32819000000000             0.125380000000000    
          6.38751000000000              1.12852000000000             0.147000000000004E-02
          6.42800000000000             0.917220000000001            -0.938500000000004E-01
          6.46875000000001             0.697570000000002            -0.173280000000001    
          6.50888999999999             0.471320000000001            -0.239970000000000    
          6.54900000000000             0.238100000000001            -0.286820000000000    
          6.58915999999999            -0.167827254169057E-14        -0.304110000000000    
          6.91949999999999              1.55008000000001             0.307070000000002    
          6.95724000000000              1.37427000000000             0.146730000000000    
          6.99569000000000              1.16965000000000             0.124399999999990E-01
          7.03447000000000             0.951150000000000            -0.912100000000000E-01
          7.07353000000000             0.723640000000000            -0.177859999999999    
          7.11186000000001             0.489430000000000            -0.252459999999999    
          7.15011000000000             0.247850000000001            -0.306210000000000    
          7.18845000000000            -0.168136654128865E-14        -0.325860000000000    
          7.53118999999999              1.60446000000002             0.334140000000001    
          7.56725000000000              1.41978000000000             0.169140000000001    
          7.60387000000000              1.21071000000000             0.235999999999993E-01
          7.64095000000000             0.985159999999999            -0.886000000000001E-01
          7.67832000000000             0.749670000000000            -0.182200000000001    
          7.71485000000000             0.507330000000001            -0.264060000000001    
          7.75125000000000             0.257540000000001            -0.324490000000000    
          7.78777000000000            -0.168088352075048E-14        -0.346489999999999    
          8.14281000000001              1.65948000000002             0.361570000000001    
          8.17720000000000              1.46498000000000             0.192390000000000    
          8.21200000000000              1.25217000000000             0.350000000000007E-01
          8.24738999999999              1.01965000000000            -0.860400000000009E-01
          8.28309000000000             0.776039999999997            -0.186409999999999    
          8.31784000000000             0.525300000000000            -0.274930000000001    
          8.35241000000000             0.267269999999998            -0.341710000000001    
          8.38712999999999            -0.169624192215010E-14        -0.366030000000000    
          8.75436000000000              1.71505000000002             0.389360000000001    
          8.78713000000000              1.51004000000000             0.215990000000000    
          8.82009999999999              1.29410000000000             0.465900000000002E-01
          8.85381000000000              1.05468000000000            -0.836300000000008E-01
          8.88785000000000             0.802850000000001            -0.190659999999999    
          8.92081999999999             0.543449999999999            -0.285239999999999    
          8.95358000000001             0.277030000000001            -0.357950000000001    
          8.98652000000000            -0.165515531849411E-14        -0.384529999999999    
          9.36585000000001              1.77107000000001             0.417519999999999    
          9.39702000000000              1.55534000000000             0.239570000000001    
          9.42817000000000              1.33643000000000             0.583799999999997E-01
          9.46020000000000              1.09027000000000            -0.814700000000000E-01
          9.49259000000000             0.830150000000000            -0.195089999999999    
          9.52381000000000             0.561850000000000            -0.295170000000001    
          9.55477000000000             0.286840000000000            -0.373310000000001    
          9.58595000000000            -0.170447762349625E-14        -0.402040000000001    
          9.97729000000000              1.82751000000000             0.446060000000001    
          10.0068700000000              1.60142000000000             0.262810000000001    
          10.0362200000000              1.37912000000000             0.703900000000011E-01
          10.0665500000000              1.12644000000000            -0.795700000000006E-01
          10.0973100000000             0.857989999999999            -0.199799999999999    
          10.1267800000000             0.580590000000001            -0.304870000000000    
          10.1559600000000             0.296710000000000            -0.387860000000001    
          10.1854000000000            -0.170874666955041E-14        -0.418609999999999    
          10.5886700000000              1.88440000000000             0.474970000000005    
          10.6166700000000              1.64861000000000             0.285669999999999    
          10.6442300000000              1.42211000000000             0.827000000000008E-01
          10.6728600000000              1.16324000000000            -0.779199999999989E-01
          10.7019900000000             0.886410000000000            -0.204830000000001    
          10.7297500000000             0.599720000000001            -0.314469999999999    
          10.7571700000000             0.306649999999998            -0.401720000000000    
          10.7848700000000            -0.169410739912302E-14        -0.434300000000000    
          11.1999800000000              1.94177000000000             0.504290000000005    
          11.2264000000000              1.69688000000000             0.308239999999999    
          11.2522000000000              1.46541000000000             0.952700000000009E-01
          11.2791300000000              1.20069000000000            -0.764599999999989E-01
          11.3066400000000             0.915439999999999            -0.210220000000000    
          11.3327000000000             0.619329999999998            -0.324080000000000    
          11.3583800000000             0.316709999999998            -0.414969999999999    
          11.3843600000000            -0.165686759559698E-14        -0.449189999999999    
          11.8112200000000              1.99967000000000             0.534010000000000    
          11.8360600000000              1.74619000000000             0.330600000000001    
          11.8601400000000              1.50909000000000             0.108029999999999    
          11.8853400000000              1.23880000000000            -0.751300000000009E-01
          11.9112400000000             0.945090000000001            -0.215950000000001    
          11.9356300000000             0.639430000000001            -0.333810000000001    
          11.9595900000000             0.326890000000000            -0.427700000000001    
          11.9838800000000            -0.170479780195031E-14        -0.463339999999999    
          12.4223900000000              2.05810000000000             0.564150000000000    
          12.4456499999999              1.79649000000003             0.352830000000111    
          12.4680200000000              1.55331000000000             0.120820000000001    
          12.4914900000000              1.27755000000000            -0.738700000000007E-01
          12.5157900000000             0.975339999999999            -0.222000000000000    
          12.5385200000000             0.660040000000000            -0.343739999999999    
          12.5607900000000             0.337220000000002            -0.440000000000000    
          12.5834000000000            -0.163984562148896E-14        -0.476810000000000    
          13.0334900000000              2.11707000000000             0.594720000000003    
          13.0551600000000              1.84777999999998             0.374960000000020    
          13.0758400000000              1.59827000000000             0.133500000000002    
          13.0975900000000              1.31692000000000            -0.725599999999997E-01
          13.1202800000000              1.00617000000000            -0.228300000000000    
          13.1413900000000             0.681150000000001            -0.353930000000001    
          13.1620000000000             0.347720000000002            -0.451970000000000    
          13.1829400000000            -0.168050659108895E-14        -0.489680000000000    
          13.6445200000000              2.17659000000000             0.625719999999999    
          13.6645899999999              1.90003999999997             0.397030000000027    
          13.6835900000000              1.64410000000000             0.146050000000000    
          13.7036400000000              1.35685000000000            -0.711099999999991E-01
          13.7247200000000              1.03756000000000            -0.234810000000001    
          13.7442200000000             0.702759999999999            -0.364430000000000    
          13.7632000000000             0.358379999999998            -0.463680000000001    
          13.7824900000000            -0.171310380703109E-14        -0.502010000000001    
          14.2554700000000              2.23666999999990             0.657190000000000    
          14.2739200000000              1.95329000000000             0.419070000000001    
          14.2912600000000              1.69075000000000             0.158589999999999    
          14.3096300000000              1.39730000000000            -0.693899999999998E-01
          14.3291000000000              1.06948000000000            -0.241429999999999    
          14.3470000000000             0.724809999999998            -0.375290000000001    
          14.3643900000000             0.369240000000000            -0.475199999999999    
          14.3820600000000            -0.172558229641004E-14        -0.513850000000000    
          14.8663300000000              2.29732000000000             0.689129999999999    
          14.8831600000000              2.00751000000000             0.441129999999999    
          14.8988600000000              1.73816000000000             0.171210000000001    
          14.9155700000000              1.43822000000000            -0.673100000000011E-01
          14.9334200000000              1.10188000000000            -0.248069999999999    
          14.9497400000000             0.747220000000001            -0.386470000000000    
          14.9655600000000             0.380280000000000            -0.486619999999999    
          14.9816300000000            -0.166954264211463E-14        -0.525260000000001    
          15.4771100000000              2.35856000000000             0.721549999999998    
          15.4923000000000              2.06268000000000             0.463240000000001    
          15.5063900000000              1.78627000000000             0.184000000000000    
          15.5214600000000              1.47956000000000            -0.647800000000002E-01
          15.5377000000000              1.13472000000000            -0.254609999999998    
          15.5524300000000             0.769960000000001            -0.397950000000000    
          15.5667300000000             0.391499999999998            -0.497979999999999    
          15.5812000000000            -0.170400633568789E-14        -0.536299999999999    
          16.0878000000000              2.42044000000000             0.754449999999999    
          16.1013400000000              2.11878000000000             0.485439999999999    
          16.1138400000000              1.83501000000000             0.197029999999999    
          16.1273000000000              1.52128000000000            -0.617599999999989E-01
          16.1419300000000              1.16795000000000            -0.260899999999999    
          16.1550800000000             0.792989999999999            -0.409610000000001    
          16.1678800000000             0.402889999999998            -0.509359999999999    
          16.1807900000000            -0.165872122132293E-14        -0.546999999999999    
          16.6983900000000              2.48302000000000             0.787820000000000    
          16.7102700000000              2.17580000000000             0.507770000000000    
          16.7212200000000              1.88437000000000             0.210349999999999    
          16.7331000000000              1.56334000000000            -0.582199999999990E-01
          16.7461200000000              1.20154000000000            -0.266809999999998    
          16.7576800000000             0.816309999999999            -0.421369999999999    
          16.7690200000000             0.414450000000000            -0.520779999999999    
          16.7803700000000            -0.172395572845351E-14        -0.557429999999999    
          17.3088800000000              2.54649000000000             0.821490000000000    
          17.3191000000000              2.23374000000000             0.530250000000002    
          17.3285300000000              1.93430000000000             0.224020000000001    
          17.3388400000000              1.60576000000000            -0.541699999999997E-01
          17.3502700000000              1.23547000000001            -0.272199999999999    
          17.3602500000000             0.839909999999998            -0.433079999999998    
          17.3701300000000             0.426189999999998            -0.532270000000000    
          17.3799700000000            -0.171139258871940E-14        -0.567600000000000    
          17.9192300000000              2.61121000000000             0.855209999999999    
          17.9278100000000              2.29259000000000             0.552940000000002    
          17.9357600000000              1.98479000000000             0.238119999999999    
          17.9445300000000              1.64856000000000            -0.495299999999998E-01
          17.9543900000000              1.26975000000001            -0.276930000000000    
          17.9627700000000             0.863859999999998            -0.444600000000000    
          17.9712300000000             0.438110000000000            -0.543849999999999    
          17.9795600000000            -0.166664786152245E-14        -0.577560000000000    
          18.5294200000000              2.67754000000000             0.888710000000000    
          18.5364200000000              2.35237000000000             0.575889999999999    
          18.5429200000000              2.03583000000000             0.252730000000000    
          18.5501700000000              1.69175000000000            -0.441799999999990E-01
          18.5584700000000              1.30437000000001            -0.280839999999999    
          18.5652600000000             0.888219999999999            -0.455819999999998    
          18.5723000000000             0.450250000000000            -0.555510000000001    
          18.5791600000000            -0.166534470133310E-14        -0.587320000000000    
          19.1394300000000              2.74570000000000             0.921940000000000    
          19.1449100000000              2.41312000000000             0.599190000000000    
          19.1500000000000              2.08742000000000             0.267940000000001    
          19.1557400000000              1.73530000000000            -0.380100000000018E-01
          19.1625100000000              1.33931000000000            -0.283789999999999    
          19.1677100000000             0.912970000000001            -0.466599999999998    
          19.1733400000000             0.462630000000000            -0.567240000000000    
          19.1787600000000            -0.163601195036969E-14        -0.596920000000000    
          19.7492200000000              2.81578000000000             0.954940000000002    
          19.7532500000000              2.47490000000000             0.622920000000002    
          19.7569800000000              2.13955000000000             0.283849999999999    
          19.7612400000000              1.77921000000000            -0.309500000000007E-01
          19.7665100000000              1.37453000000000            -0.285660000000000    
          19.7701200000000             0.938120000000005            -0.476819999999995    
          19.7743500000000             0.475239999999999            -0.579020000000000    
          19.7783700000000            -0.170973515699986E-14        -0.606370000000001    
          20.3588000000000              2.88785000000000             0.987739999999999    
          20.3614500000000              2.53775000000000             0.647139999999998    
          20.3638500000000              2.19222000000000             0.300549999999998    
          20.3666600000000              1.82344000000000            -0.229099999999990E-01
          20.3704500000000              1.40997000000000            -0.286349999999999    
          20.3725000000000             0.963640000000016            -0.486339999999992    
          20.3753300000000             0.488090000000001            -0.590810000000000    
          20.3779700000000            -0.169256664619196E-14        -0.615680000000000    
          20.9681400000000              2.96202000000000              1.02031000000000    
          20.9694800000000              2.60173999999997             0.671879999999992    
          20.9706100000000              2.24541000000000             0.318119999999999    
          20.9719800000000              1.86798000000000            -0.138299999999998E-01
          20.9743300000000              1.44557000000000            -0.285770000000001    
          20.9748300000000             0.989510000000030            -0.495019999999986    
          20.9762700000000             0.501190000000000            -0.602560000000000    
          20.9775800000000            -0.167949184561814E-14        -0.624859999999999    
          21.5771900000000              3.03861000000000              1.05261000000000    
          21.5773200000000              2.66702999999975             0.697269999999932    
          21.5772200000000              2.29918000000000             0.336710000000001    
          21.5771800000000              1.91290000000000            -0.359000000000062E-02
          21.5781200000000              1.48136000000000            -0.283789999999998    
          21.5771100000000              1.01574000000004            -0.502709999999981    
          21.5771800000000             0.514579999999999            -0.614230000000001    
          21.5771900000000            -0.167939189573037E-14        -0.633909999999999    
 zone  i=           8  j=          61 k=1                                                           
          21.5771900000000            -0.411207531921576E-13          1.52654000000005    
          21.5763000000000             0.441130000000002              1.51114000000000    
          21.5773300000000             0.881599999999999              1.48394000000000    
          21.5772300000000              1.32138000000000              1.44632000000000    
          21.5772800000000              1.75399000000000              1.36151000000000    
          21.5771800000000              2.17794000000000              1.23850000000000    
          21.5770100000000              2.60473000000000              1.12594000000000    
          21.5771900000000              3.03860999999997              1.05260999999999    
          22.3657900000000            -0.166499635903354E-14          1.54842000000000    
          22.3648100000000             0.440920000000002              1.53338000000000    
          22.3657100000000             0.881269999999999              1.50825000000000    
          22.3653500000000              1.32126000000000              1.47679000000000    
          22.3647400000000              1.75625000000000              1.40445000000000    
          22.3639300000000              2.18243000000000              1.29211000000000    
          22.3633300000000              2.60924000000000              1.18624000000000    
          22.3648100000000              3.03860999999997              1.09898000000000    
          23.1544200000000            -0.170507171122963E-14          1.56882000000000    
          23.1533600000000             0.440660000000000              1.55410000000000    
          23.1541400000000             0.880839999999998              1.53082000000000    
          23.1535900000000              1.32072000000000              1.50495000000000    
          23.1525200000000              1.75672000000000              1.44486000000000    
          23.1511400000000              2.18461000000000              1.34366000000000    
          23.1501100000000              2.61183000000000              1.24558000000000    
          23.1523100000000              3.03860999999997              1.15182000000000    
          23.9430900000000            -0.167624453305661E-14          1.58777000000000    
          23.9419100000000             0.440369999999999              1.57333000000000    
          23.9425400000000             0.880380000000001              1.55170000000000    
          23.9418100000000              1.32008000000000              1.53082000000000    
          23.9403800000000              1.75603000000000              1.48242000000000    
          23.9385500000000              2.18504000000000              1.39259000000000    
          23.9371300000000              2.61272000000000              1.30305000000000    
          23.9394900000000              3.03860999999998              1.20938000000000    
          24.7317900000000            -0.171022834193340E-14          1.60533000000000    
          24.7304700000000             0.440060000000001              1.59113000000000    
          24.7309400000000             0.879939999999999              1.57095000000000    
          24.7300200000000              1.31953000000000              1.55447000000000    
          24.7283400000000              1.75488000000000              1.51694000000000    
          24.7261500000000              2.18448000000000              1.43846000000000    
          24.7243800000000              2.61256000000000              1.35784000000000    
          24.7265600000000              3.03860999999997              1.26836000000000    
          25.5205200000000            -0.167384806509059E-14          1.62152000000000    
          25.5190500000000             0.439760000000000              1.60753000000000    
          25.5193400000000             0.879549999999999              1.58863000000000    
          25.5182600000000              1.31918000000000              1.57599000000000    
          25.5164000000000              1.75366000000000              1.54838000000000    
          25.5139400000000              2.18343000000000              1.48096000000000    
          25.5118800000000              2.61183000000000              1.40936000000000    
          25.5136800000000              3.03860999999997              1.32665000000000    
          26.3092800000000            -0.170983541211728E-14          1.63636000000000    
          26.3076500000000             0.439480000000002              1.62256000000000    
          26.3077900000000             0.879220000000003              1.60479000000000    
          26.3065500000000              1.31902000000000              1.59547000000000    
          26.3045600000000              1.75260000000000              1.57678000000000    
          26.3019200000000              2.18219000000000              1.51996000000000    
          26.2996400000000              2.61084000000000              1.45722000000000    
          26.3009500000000              3.03860999999997              1.38283000000000    
          27.0980600000000            -0.171362557436351E-14          1.64989000000000    
          27.0962900000000             0.439219999999998              1.63625000000000    
          27.0962700000000             0.878940000000000              1.61949000000000    
          27.0949000000000              1.31903000000000              1.61302000000000    
          27.0928200000000              1.75180000000000              1.60224000000000    
          27.0900700000000              2.18098000000000              1.55539000000000    
          27.0876400000000              2.60979000000000              1.50117000000000    
          27.0884400000000              3.03860999999997              1.43593000000000    
          27.8868600000000            -0.168778109532843E-14          1.66212000000000    
          27.8849700000000             0.438979999999999              1.64863000000000    
          27.8848100000000             0.878690000000002              1.63278000000000    
          27.8833200000000              1.31916000000000              1.62873000000000    
          27.8811800000000              1.75129000000000              1.62487000000000    
          27.8783900000000              2.17990000000000              1.58726000000000    
          27.8758500000000              2.60883000000000              1.54111000000000    
          27.8761700000000              3.03860999999996              1.48531000000000    
          28.6756800000000            -0.292563868192298E-12          1.67308000000000    
          28.6736800000000             0.438759999999998              1.65973000000000    
          28.6734000000000             0.878479999999999              1.64471000000000    
          28.6718100000000              1.31935000000000              1.64270000000000    
          28.6696400000000              1.75103000000000              1.64482000000000    
          28.6668500000000              2.17900000000000              1.61566000000000    
          28.6642600000000              2.60799000000000              1.57701000000000    
          28.6641500000000              3.03860999999997              1.53057000000000    
          29.4645200000000            -0.168255953425530E-14          1.68278000000000    
          29.4624200000000             0.438570000000001              1.66956000000000    
          29.4620400000000             0.878290000000000              1.65531000000000    
          29.4603700000000              1.31956000000000              1.65500000000000    
          29.4582000000000              1.75097000000000              1.66223000000000    
          29.4554400000000              2.17830000000000              1.64069000000000    
          29.4528500000000              2.60732000000000              1.60893000000000    
          29.4523600000000              3.03860999999996              1.57149000000000    
          30.2533700000000            -0.168430331039590E-14          1.69124000000000    
          30.2511900000000             0.438409999999999              1.67816000000000    
          30.2507300000000             0.878129999999998              1.66463000000000    
          30.2489900000000              1.31975000000000              1.66574000000000    
          30.2468400000000              1.75105000000000              1.67726000000000    
          30.2441500000000              2.17779000000000              1.66250000000000    
          30.2415800000000              2.60681000000000              1.63700000000000    
          30.2407900000000              3.03860999999997              1.60800000000000    
          31.0422300000000            -0.167696916974298E-14          1.69849000000000    
          31.0399900000000             0.438270000000001              1.68555000000000    
          31.0394600000000             0.877979999999999              1.67273000000000    
          31.0376800000000              1.31989000000000              1.67500000000000    
          31.0355500000000              1.75121000000000              1.69005000000000    
          31.0329600000000              2.17743000000000              1.68126000000000    
          31.0304400000000              2.60644000000000              1.66138000000000    
          31.0294100000000              3.03860999999996              1.64015000000000    
          31.8311100000000            -0.172192353759437E-14          1.70454000000000    
          31.8288200000000             0.438149999999998              1.69174000000000    
          31.8282400000000             0.877839999999998              1.67962000000000    
          31.8264200000000              1.31996000000000              1.68286000000000    
          31.8243300000000              1.75139000000000              1.70078000000000    
          31.8218400000000              2.17720000000000              1.69716000000000    
          31.8193900000000              2.60618000000000              1.68226000000000    
          31.8182000000000              3.03860999999996              1.66808000000000    
          32.6199900000000            -0.167502967605201E-14          1.70941000000000    
          32.6176600000000             0.438060000000002              1.69677000000000    
          32.6170500000000             0.877709999999999              1.68537000000000    
          32.6152200000000              1.31995000000000              1.68942000000000    
          32.6131700000000              1.75155000000000              1.70959000000000    
          32.6107900000000              2.17707000000000              1.71040000000000    
          32.6084300000000              2.60602000000000              1.69989000000000    
          32.6071100000000              3.03860999999996              1.69198000000000    
          33.4088700000000            -0.165690910289973E-14          1.71312000000000    
          33.4065200000000             0.437979999999998              1.70067000000000    
          33.4058800000000             0.877599999999999              1.69001000000000    
          33.4040500000000              1.31986000000000              1.69476000000000    
          33.4020600000000              1.75166000000000              1.71665000000000    
          33.3998000000000              2.17699000000000              1.72120000000000    
          33.3975200000000              2.60593000000000              1.71450000000000    
          33.3961300000000              3.03860999999997              1.71212000000000    
          34.1977700000000            -0.170164416593879E-14          1.71572000000000    
          34.1954000000000             0.437920000000002              1.70346000000000    
          34.1947400000000             0.877499999999999              1.69357000000000    
          34.1929200000000              1.31969000000000              1.69895000000000    
          34.1909900000000              1.75170000000000              1.72212000000000    
          34.1888500000000              2.17695000000000              1.72977000000000    
          34.1866600000000              2.60588000000000              1.72638000000000    
          34.1852300000000              3.03860999999996              1.72880000000000    
          34.9866600000000            -0.168271169578334E-14          1.71721000000000    
          34.9842800000000             0.437880000000001              1.70518000000000    
          34.9836300000000             0.877409999999999              1.69610000000000    
          34.9818300000000              1.31946000000000              1.70209000000000    
          34.9799700000000              1.75166000000000              1.72615000000000    
          34.9779300000000              2.17692000000000              1.73634000000000    
          34.9758400000000              2.60588000000000              1.73578000000000    
          34.9743900000000              3.03860999999996              1.74234000000000    
          35.7755600000000            -0.170181314901176E-14          1.71765000000000    
          35.7731800000000             0.437850000000000              1.70585000000000    
          35.7725300000000             0.877330000000001              1.69765000000000    
          35.7707600000000              1.31918000000000              1.70423000000000    
          35.7689700000000              1.75153000000000              1.72891000000000    
          35.7670400000000              2.17689000000000              1.74114000000000    
          35.7650400000000              2.60589000000000              1.74300000000000    
          35.7635900000000              3.03860999999996              1.75307000000000    
          36.5644600000000            -0.169299370961605E-14          1.71706000000000    
          36.5620800000000             0.437830000000001              1.70554000000000    
          36.5614400000000             0.877260000000002              1.69826000000000    
          36.5597100000000              1.31887000000000              1.70547000000000    
          36.5579900000000              1.75133000000000              1.73055000000000    
          36.5561599999999              2.17686000000000              1.74439000000000    
          36.5542600000000              2.60592000000000              1.74831000000000    
          36.5528300000000              3.03860999999996              1.76136000000000    
          37.3533500000000            -0.172737906504940E-14          1.71550000000000    
          37.3509900000000             0.437820000000000              1.70426000000000    
          37.3503600000000             0.877200000000000              1.69796000000000    
          37.3486800000000              1.31852000000000              1.70587000000000    
          37.3470400000000              1.75106000000000              1.73120000000000    
          37.3453100000000              2.17681000000000              1.74630000000000    
          37.3434800000000              2.60595000000000              1.75198000000000    
          37.3420800000000              3.03860999999996              1.76752000000000    
          38.1422500000000            -0.166146338461055E-14          1.71301000000000    
          38.1399100000000             0.437810000000000              1.70208000000000    
          38.1393000000000             0.877140000000001              1.69681000000000    
          38.1376600000000              1.31816000000000              1.70548000000000    
          38.1361000000000              1.75074000000000              1.73100000000000    
          38.1344600000000              2.17674000000000              1.74708000000000    
          38.1327100000000              2.60598000000000              1.75427000000000    
          38.1313400000000              3.03860999999996              1.77192000000000    
          38.9311300000000            -0.167287778884951E-14          1.70965000000000    
          38.9288200000000             0.437800000000001              1.69905000000000    
          38.9282500000000             0.877080000000001              1.69485000000000    
          38.9266700000000              1.31780000000000              1.70438000000000    
          38.9251799999999              1.75038000000000              1.73009000000000    
          38.9236200000000              2.17665000000000              1.74692000000000    
          38.9219400000000              2.60601000000000              1.75544000000000    
          38.9206100000000              3.03860999999996              1.77485000000000    
          39.7200200000000            -0.170063251743219E-14          1.70547000000000    
          39.7177400000000             0.437789999999998              1.69521000000000    
          39.7172000000000             0.877020000000001              1.69214000000000    
          39.7156800000000              1.31743000000000              1.70263000000000    
          39.7142600000000              1.74998000000000              1.72856000000000    
          39.7127800000000              2.17654000000000              1.74601000000000    
          39.7111700000000              2.60603000000000              1.75571000000000    
          39.7098900000000              3.03860999999996              1.77662000000000    
          40.5089000000000            -0.173505493035018E-14          1.70053000000000    
          40.5066600000000             0.437780000000000              1.69064000000000    
          40.5061600000000             0.876949999999998              1.68871000000000    
          40.5046900000000              1.31706000000000              1.70026000000000    
          40.5033600000000              1.74957000000000              1.72652000000000    
          40.5019500000000              2.17642000000000              1.74451000000000    
          40.5004000000001              2.60605000000000              1.75528000000000    
          40.4991600000000              3.03860999999996              1.77750000000001    
          41.2977800000000            -0.161399577736042E-14          1.69492000000000    
          41.2955800000000             0.437770000000002              1.68540000000000    
          41.2951200000000             0.876870000000000              1.68463000000000    
          41.2937200000000              1.31670000000000              1.69734000000000    
          41.2924600000000              1.74914000000000              1.72406000000000    
          41.2911200000000              2.17629000000000              1.74255000000000    
          41.2896300000000              2.60605000000000              1.75435000000000    
          41.2884400000000              3.03860999999996              1.77774000000001    
          42.0866500000000            -0.167240703705418E-14          1.68870000000000    
          42.0845100000000             0.437739999999998              1.67955000000000    
          42.0840900000001             0.876789999999998              1.67994000000000    
          42.0827500000000              1.31634000000000              1.69389000000000    
          42.0815700000000              1.74871000000000              1.72125000000000    
          42.0802900000000              2.17614000000000              1.74027000000000    
          42.0788600000000              2.60605000000000              1.75307000000000    
          42.0777200000000              3.03860999999996              1.77753000000001    
          42.8755200000000            -0.163610538869168E-14          1.68195000000000    
          42.8734300000000             0.437720000000001              1.67318000000000    
          42.8730600000000             0.876700000000000              1.67469000000000    
          42.8717800000000              1.31598000000000              1.68997000000000    
          42.8706800000000              1.74827000000000              1.71814000000000    
          42.8694600000000              2.17598000000000              1.73775000000000    
          42.8680800000000              2.60605000000000              1.75156000000000    
          42.8669900000000              3.03860999999996              1.77707000000000    
          43.6643800000000            -0.168507209867465E-14          1.67475000000000    
          43.6623500000000             0.437680000000000              1.66634000000000    
          43.6620300000000             0.876590000000000              1.66895000000000    
          43.6608200000000              1.31563000000000              1.68560000000000    
          43.6597900000000              1.74783000000000              1.71476000000000    
          43.6586300000001              2.17581000000000              1.73507000000000    
          43.6573100000000              2.60603000000000              1.74993000000000    
          43.6562700000000              3.03860999999996              1.77647000000000    
          44.4532400000000            -0.167793256384137E-14          1.66719000000000    
          44.4512700000000             0.437640000000001              1.65912000000000    
          44.4510100000000             0.876469999999999              1.66276000000000    
          44.4498600000000              1.31528000000000              1.68081000000000    
          44.4489000000000              1.74738000000000              1.71116000000000    
          44.4478000000000              2.17563000000000              1.73229000000000    
          44.4465300000000              2.60600000000000              1.74824000000000    
          44.4455500000000              3.03860999999997              1.77586000000000    
          45.2421000000000            -0.169272673541899E-14          1.65935000000000    
          45.2402000000000             0.437580000000001              1.65159000000000    
          45.2399900000000             0.876329999999999              1.65618000000000    
          45.2389000000000              1.31492000000000              1.67562000000000    
          45.2380100000000              1.74694000000000              1.70732000000000    
          45.2369600000000              2.17544000000000              1.72941000000000    
          45.2357500000000              2.60596000000000              1.74653000000000    
          45.2348300000000              3.03860999999997              1.77527000000000    
          46.0309600000000            -0.167879389046961E-14          1.65132000000000    
          46.0291300000000             0.437519999999998              1.64385000000000    
          46.0289700000000             0.876180000000001              1.64926000000000    
          46.0279500000000              1.31457000000000              1.67005000000000    
          46.0271200000000              1.74649000000000              1.70324000000000    
          46.0261300000000              2.17524000000000              1.72644000000000    
          46.0249700000000              2.60592000000000              1.74479000000000    
          46.0241000000000              3.03860999999997              1.77474000000000    
          46.8198100000000            -0.172054372092330E-14          1.64319000000000    
          46.8180600000000             0.437440000000001              1.63595000000000    
          46.8179500000000             0.876020000000002              1.64206000000000    
          46.8169900000000              1.31422000000000              1.66410000000000    
          46.8162300000000              1.74604000000000              1.69891000000000    
          46.8153000000000              2.17502000000000              1.72335000000000    
          46.8141900000000              2.60586000000000              1.74300000000000    
          46.8133800000000              3.03860999999997              1.77424000000000    
          47.6086700000000            -0.263189143938894E-13          1.63504000000000    
          47.6069900000000             0.437350000000000              1.62799000000000    
          47.6069300000000             0.875840000000002              1.63461000000000    
          47.6060300000000              1.31388000000000              1.65780000000000    
          47.6053500000000              1.74559000000000              1.69427000000000    
          47.6044700000000              2.17480000000000              1.72009000000000    
          47.6034100000000              2.60581000000000              1.74111000000000    
          47.6026500000000              3.03860999999997              1.77374000000000    
          48.3975200000000            -0.164009262754603E-14          1.62696000000000    
          48.3959200000000             0.437250000000002              1.62003000000000    
          48.3959200000000             0.875650000000001              1.62698000000000    
          48.3950800000000              1.31353000000000              1.65113000000000    
          48.3944600000000              1.74515000000000              1.68928000000000    
          48.3936400000000              2.17457000000000              1.71657000000000    
          48.3926400000000              2.60575000000000              1.73901000000000    
          48.3919300000000              3.03860999999997              1.77312000000000    
          49.1863800000000            -0.169373896626074E-14          1.61903000000000    
          49.1848600000000             0.437140000000000              1.61215000000000    
          49.1849000000000             0.875430000000001              1.61919000000000    
          49.1841200000000              1.31319000000000              1.64409000000000    
          49.1835700000000              1.74471000000000              1.68387000000000    
          49.1828200000000              2.17434000000000              1.71270000000000    
          49.1818700000000              2.60569000000000              1.73661000000000    
          49.1812100000000              3.03860999999997              1.77228000000000    
          49.9752400000000            -0.114845379846596E-13          1.61132000000000    
          49.9738000000000             0.437020000000000              1.60441000000000    
          49.9738900000000             0.875199999999998              1.61130000000000    
          49.9731600000000              1.31285000000000              1.63668000000000    
          49.9726800000000              1.74429000000000              1.67796000000000    
          49.9720000000000              2.17411000000000              1.70835000000000    
          49.9711000000000              2.60564000000000              1.73374000000000    
          49.9704800000000              3.03860999999996              1.77106000000000    
          50.7641000000000            -0.174276192452537E-14          1.60389000000000    
          50.7627500000000             0.436880000000000              1.59686000000000    
          50.7628800000000             0.874939999999998              1.60332000000000    
          50.7622000000000              1.31252000000000              1.62887000000000    
          50.7618000000001              1.74389000000000              1.67146000000000    
          50.7611900000000              2.17389000000000              1.70338000000000    
          50.7603500000000              2.60559000000000              1.73026000000000    
          50.7597600000000              3.03860999999996              1.76929000000000    
          51.5529700000000            -0.165381467709684E-14          1.59681000000000    
          51.5516999999999             0.436719999999999              1.58955000000000    
          51.5518700000000             0.874650000000000              1.59529000000000    
          51.5512300000000              1.31218000000000              1.62065000000000    
          51.5509100000000              1.74352000000000              1.66427000000000    
          51.5503800000000              2.17369000000000              1.69765000000000    
          51.5495900000000              2.60556000000000              1.72597000000000    
          51.5490300000000              3.03860999999996              1.76675000000000    
          52.3418400000000            -0.277750900688875E-12          1.59011000000000    
          52.3406500000000             0.436550000000001              1.58252000000000    
          52.3408700000000             0.874329999999999              1.58722000000000    
          52.3402600000000              1.31183000000000              1.61198000000000    
          52.3400200000000              1.74319000000000              1.65630000000000    
          52.3395800000000              2.17351000000000              1.69097000000000    
          52.3388400000000              2.60555000000000              1.72069000000000    
          52.3383000000000              3.03860999999996              1.76324000000000    
          53.1307100000000            -0.170002138316075E-14          1.58383000000000    
          53.1296100000000             0.436370000000002              1.57578000000000    
          53.1298600000000             0.873970000000002              1.57912000000000    
          53.1293000000000              1.31147000000000              1.60283000000000    
          53.1291300000000              1.74289000000000              1.64742000000000    
          53.1287700000000              2.17337000000000              1.68319000000000    
          53.1280900000000              2.60556000000000              1.71420000000000    
          53.1275600000000              3.03860999999996              1.75852000000000    
          53.9195800000000            -0.166479667101623E-14          1.57798000000000    
          53.9185700000000             0.436179999999999              1.56935000000000    
          53.9188500000000             0.873580000000001              1.57099000000000    
          53.9183200000000              1.31109000000000              1.59317000000000    
          53.9182300000000              1.74264000000000              1.63752000000000    
          53.9179600000000              2.17327000000000              1.67410000000000    
          53.9173300000000              2.60560000000000              1.70630000000000    
          53.9168100000000              3.03860999999996              1.75236000000000    
          54.7084600000000            -0.165550042114080E-14          1.57254000000000    
          54.7075300000000             0.435980000000000              1.56320000000000    
          54.7078500000000             0.873150000000001              1.56279000000000    
          54.7073400000000              1.31067000000000              1.58293000000000    
          54.7073200000000              1.74243000000000              1.62649000000000    
          54.7071400000000              2.17321000000000              1.66355000000000    
          54.7065600000000              2.60567000000000              1.69676000000000    
          54.7060500000000              3.03860999999996              1.74452000000000    
          55.4973400000000            -0.167947043818389E-14          1.56749000000000    
          55.4964800000000             0.435779999999999              1.55730000000000    
          55.4968300000000             0.872689999999998              1.55451000000000    
          55.4963400000000              1.31022000000000              1.57208000000000    
          55.4963900000000              1.74225000000000              1.61421000000000    
          55.4963000000000              2.17321000000000              1.65134000000000    
          55.4957700000000              2.60577000000000              1.68540000000000    
          55.4952700000000              3.03860999999996              1.73478000000000    
          56.2862200000000            -0.171149402091483E-14          1.56277000000000    
          56.2854400000000             0.435579999999998              1.55160000000000    
          56.2858200000000             0.872210000000000              1.54609000000000    
          56.2853400000000              1.30971000000000              1.56055000000000    
          56.2854400000000              1.74211000000000              1.60057000000000    
          56.2854400000000              2.17326000000000              1.63732000000000    
          56.2849500000000              2.60590000000000              1.67201000000000    
          56.2844500000000              3.03860999999997              1.72292000000000    
          57.0751100000000            -0.172996892122519E-14          1.55829000000000    
          57.0743799999999             0.435390000000000              1.54599000000000    
          57.0747900000000             0.871700000000002              1.53746000000000    
          57.0743100000000              1.30916000000000              1.54828000000000    
          57.0744600000000              1.74199000000000              1.58547000000000    
          57.0745300000000              2.17337000000000              1.62134000000000    
          57.0740900000000              2.60608000000000              1.65643000000000    
          57.0736000000000              3.03860999999996              1.70876000000000    
          57.8639900000000            -0.171739265248039E-14          1.55393000000000    
          57.8633200000000             0.435219999999998              1.54037000000000    
          57.8637400000000             0.871190000000000              1.52852000000000    
          57.8632700000000              1.30856000000000              1.53519000000000    
          57.8634400000000              1.74187000000000              1.56882000000000    
          57.8635700000000              2.17351000000000              1.60328000000000    
          57.8631800000000              2.60629000000000              1.63853000000000    
          57.8627100000001              3.03860999999997              1.69214000000000    
          58.6528800000000            -0.174815826555321E-14          1.54953000000000    
          58.6522500000000             0.435079999999998              1.53457000000000    
          58.6526799999999             0.870690000000002              1.51917000000000    
          58.6522000000000              1.30791000000000              1.52122000000000    
          58.6523800000000              1.74175000000000              1.55054000000000    
          58.6525600000000              2.17370000000000              1.58304000000000    
          58.6522000000000              2.60653000000000              1.61820000000000    
          58.6517500000000              3.03860999999997              1.67295000000000    
          59.4417600000000            -0.169167429698203E-14          1.54490000000000    
          59.4411700000000             0.434960000000000              1.52840000000000    
          59.4416000000000             0.870209999999999              1.50925000000000    
          59.4411100000000              1.30724000000000              1.50627000000000    
          59.4412700000000              1.74161000000000              1.53057000000000    
          59.4414700000000              2.17391000000000              1.56057000000000    
          59.4411500000000              2.60680000000000              1.59539000000000    
          59.4407199999999              3.03860999999997              1.65113000000000    
          60.2306400000000            -0.167920724254787E-14          1.53978000000000    
          60.2300700000000             0.434890000000000              1.52162000000000    
          60.2305100000000             0.869789999999998              1.49860000000000    
          60.2299900000000              1.30655000000000              1.49025000000000    
          60.2301000000000              1.74142000000000              1.50889000000000    
          60.2303000000000              2.17413000000000              1.53586000000000    
          60.2300100000000              2.60709000000000              1.57012000000000    
          60.2296200000000              3.03860999999997              1.62670000000000    
          61.0195200000000            -0.168057096559295E-14          1.53389000000000    
          61.0189600000000             0.434850000000000              1.51395000000000    
          61.0193800000000             0.869429999999999              1.48700000000000    
          61.0188400000000              1.30587000000000              1.47306000000000    
          61.0188800000000              1.74120000000000              1.48548000000000    
          61.0190499999999              2.17434000000000              1.50898000000000    
          61.0187800000000              2.60740000000000              1.54245000000000    
          61.0184400000000              3.03860999999996              1.59974000000000    
          61.8083800000001            -0.167928125173074E-14          1.52688000000000    
          61.8078300000000             0.434860000000000              1.50506000000000    
          61.8082400000000             0.869160000000002              1.47421000000000    
          61.8076600000000              1.30522000000000              1.45458000000000    
          61.8076100000000              1.74092000000000              1.46039000000000    
          61.8077100000000              2.17452000000000              1.48003000000000    
          61.8074600000000              2.60772000000000              1.51256000000000    
          61.8071700000000              3.03860999999997              1.57043000000000    
          62.5972300000000            -0.168273679906057E-14          1.51833000000000    
          62.5966900000000             0.434909999999998              1.49455000000000    
          62.5970600000000             0.868980000000002              1.45995000000000    
          62.5964400000000              1.30464000000000              1.43470000000000    
          62.5962800000000              1.74059000000000              1.43368000000000    
          62.5962900000000              2.17467000000000              1.44921000000000    
          62.5960500000000              2.60804000000000              1.48068000000000    
          62.5958200000000              3.03860999999997              1.53903000000000    
          63.3860600000000            -0.164386370756272E-14          1.50776999999998    
          63.3855300000000             0.434990000000001              1.48198000000000    
          63.3858600000000             0.868899999999999              1.44389000000000    
          63.3852000000000              1.30416000000000              1.41327000000000    
          63.3849200000000              1.74022000000000              1.40546000000000    
          63.3848200000000              2.17476000000000              1.41682000000000    
          63.3845700000000              2.60835000000000              1.44717000000000    
          63.3844000000000              3.03860999999997              1.50594000000000    
          64.1748400000000            -0.170728416128786E-14          1.49467000000000    
          64.1743400000000             0.435079999999998              1.46684000000000    
          64.1746400000000             0.868889999999998              1.42567000000000    
          64.1739300000000              1.30378000000000              1.39016000000000    
          64.1735200000000              1.73983000000000              1.37589000000000    
          64.1733000000000              2.17481000000000              1.38323000000000    
          64.1730400000000              2.60864000000000              1.41252000000000    
          64.1729400000000              3.03860999999997              1.47168000000000    
          64.9635800000000            -0.173093173298842E-14          1.47840000000000    
          64.9631000000000             0.435160000000001              1.44854000000000    
          64.9633699999999             0.868949999999999              1.40488000000000    
          64.9626300000000              1.30351000000000              1.36519000000000    
          64.9621000000000              1.73945000000000              1.34518000000000    
          64.9617800000000              2.17480000000000              1.34893000000000    
          64.9615000000000              2.60889000000000              1.37732000000000    
          64.9614500000000              3.03860999999996              1.43691000000000    
          65.7522100000000            -0.171154568992461E-14          1.45828000000000    
          65.7517900000000             0.435199999999998              1.42644000000000    
          65.7520600000000             0.869029999999998              1.38106000000000    
          65.7513000000000              1.30335000000000              1.33822000000000    
          65.7506900000000              1.73911000000000              1.31360000000000    
          65.7502700000000              2.17476000000000              1.31456000000000    
          65.7499900000000              2.60910000000000              1.34234000000000    
          65.7499700000000              3.03860999999996              1.40246000000000    
          66.5407200000000            -0.172601767134493E-14          1.43351000000000    
          66.5403700000000             0.435169999999999              1.39979000000000    
          66.5406700000000             0.869069999999998              1.35369000000000    
          66.5399300000001              1.30325000000000              1.30906000000000    
          66.5392800000000              1.73884000000000              1.28150000000000    
          66.5388300000000              2.17470000000000              1.28086000000000    
          66.5385400000000              2.60924000000000              1.30850000000000    
          66.5385500000001              3.03860999999995              1.36934000000000    
          67.3290300000000            -0.166944772892960E-14          1.40322000000000    
          67.3287800000000             0.435029999999999              1.36778000000000    
          67.3291600000000             0.869019999999999              1.32221000000000    
          67.3285100000000              1.30318000000000              1.27754000000000    
          67.3279000000000              1.73864000000000              1.24927000000000    
          67.3274800000000              2.17461000000000              1.24875000000000    
          67.3271900000000              2.60929000000000              1.27691000000000    
          67.3272400000000              3.03860999999995              1.33874000000000    
          68.1170699999999            -0.170148759719244E-14          1.36645000000000    
          68.1169100000000             0.434760000000000              1.32950000000000    
          68.1174600000000             0.868840000000001              1.28598000000000    
          68.1169700000000              1.30307000000000              1.24348000000000    
          68.1165000000000              1.73850000000000              1.21742000000000    
          68.1162000000001              2.17449000000000              1.21930000000000    
          68.1159700000000              2.60923000000000              1.24887000000000    
          68.1160600000000              3.03860999999994              1.31207000000000    
          68.9047200000000            -0.169004079394325E-14          1.32213000000000    
          68.9045400000000             0.434350000000000              1.28396000000000    
          68.9053400000000             0.868480000000001              1.24430000000000    
          68.9051100000000              1.30287000000000              1.20667000000000    
          68.9048799999999              1.73835000000001              1.18654000000000    
          68.9047400000000              2.17425000000000              1.19376000000000    
          68.9045700000000              2.60902000000000              1.22593000000000    
          68.9047200000000              3.03860999999994              1.29098999999999    
 zone  i=           8  j=          61 k=1                                                           
          21.5771900000000              3.03861000000000              1.05261000000000    
          21.5773200000000              2.66702999999975             0.697269999999932    
          21.5772200000000              2.29918000000000             0.336710000000001    
          21.5771800000000              1.91290000000000            -0.359000000000062E-02
          21.5781200000000              1.48136000000000            -0.283789999999998    
          21.5771100000000              1.01574000000004            -0.502709999999981    
          21.5771800000000             0.514579999999999            -0.614230000000001    
          21.5771900000000            -0.170344763143239E-14        -0.633910000000002    
          22.3634500000000              3.03861000000000             0.985699999999999    
          22.3643100000000              2.66153999999970             0.645389999999920    
          22.3644500000000              2.29592000000000             0.291600000000000    
          22.3649400000000              1.90741000000000            -0.368900000000014E-01
          22.3663200000000              1.47613000000000            -0.308370000000001    
          22.3656800000000              1.01339000000003            -0.524779999999987    
          22.3662500000000             0.513260000000000            -0.630689999999999    
          22.3667400000000            -0.163770093406651E-14        -0.645630000000001    
          23.1513200000000              3.03861000000000             0.938150000000000    
          23.1522100000000              2.66354999999975             0.602159999999937    
          23.1525700000000              2.29781000000000             0.254799999999999    
          23.1534500000000              1.90560000000000            -0.640599999999997E-01
          23.1550900000000              1.47360000000000            -0.329399999999999    
          23.1546300000000              1.01236000000002            -0.544899999999991    
          23.1555000000000             0.512040000000000            -0.646350000000000    
          23.1563000000000            -0.172631429831259E-14        -0.657120000000001    
          23.9392300000000              3.03861000000000             0.891190000000001    
          23.9402100000000              2.66462999999981             0.560409999999952    
          23.9408400000000              2.29799000000000             0.220089999999999    
          23.9420500000000              1.90235000000000            -0.888400000000015E-01
          23.9439100000000              1.47035000000000            -0.348729999999999    
          23.9436400000000              1.01092000000002            -0.563599999999995    
          23.9447800000000             0.510720000000001            -0.661169999999999    
          23.9458600000000            -0.170421446094745E-14        -0.668350000000000    
          24.7272100000000              3.03861000000000             0.845310000000000    
          24.7283300000000              2.66470999999985             0.520639999999967    
          24.7292400000000              2.29656000000000             0.187860000000000    
          24.7307400000000              1.89785000000000            -0.111010000000001    
          24.7327800000000              1.46647000000000            -0.366300000000000    
          24.7327100000000              1.00913000000001            -0.580789999999997    
          24.7340900000000             0.509350000000001            -0.675100000000000    
          24.7354200000000            -0.167961254781313E-14        -0.679289999999999    
          25.5152900000000              3.03861000000000             0.801279999999999    
          25.5166100000000              2.66391999999989             0.483409999999977    
          25.5177800000000              2.29378000000000             0.158540000000000    
          25.5195100000000              1.89241000000000            -0.130380000000001    
          25.5217200000000              1.46210000000000            -0.382019999999999    
          25.5218400000000              1.00705000000001            -0.596389999999999    
          25.5234200000000             0.507949999999999            -0.688090000000001    
          25.5249800000000            -0.172398352172210E-14        -0.689909999999999    
          26.3035000000000              3.03861000000000             0.759770000000002    
          26.3050300000000              2.66244999999992             0.449139999999985    
          26.3064700000000              2.28993000000000             0.132460000000001    
          26.3083500000000              1.88629000000000            -0.146889999999999    
          26.3107100000000              1.45738000000000            -0.395869999999999    
          26.3110400000000              1.00475000000000            -0.610349999999999    
          26.3127900000000             0.506550000000001            -0.700120000000000    
          26.3145600000000            -0.172385350216469E-14        -0.700160000000001    
          27.0918700000000              3.03861000000000             0.721220000000000    
          27.0936100000000              2.66043999999993             0.418129999999990    
          27.0952700000000              2.28525000000000             0.109819999999999    
          27.0972600000000              1.87970000000000            -0.160520000000000    
          27.0997700000000              1.45241000000000            -0.407830000000001    
          27.1002900000000              1.00228000000000            -0.622639999999999    
          27.1021900000000             0.505140000000000            -0.711140000000001    
          27.1041300000000            -0.165950017399705E-14        -0.709990000000000    
          27.8803900000000              3.03861000000000             0.685950000000001    
          27.8823300000000              2.65800999999994             0.390549999999995    
          27.8841800000000              2.27996000000000             0.907100000000004E-01
          27.8862200000000              1.87280000000000            -0.171379999999999    
          27.8888800000000              1.44728000000000            -0.417909999999999    
          27.8896000000000             0.999690000000002            -0.633260000000000    
          27.8916200000000             0.503759999999999            -0.721129999999999    
          27.8937100000000            -0.165500412311302E-14        -0.719359999999999    
          28.6690600000000              3.03861000000000             0.654129999999999    
          28.6711800000000              2.65528999999995             0.366469999999996    
          28.6731700000000              2.27426000000000             0.751100000000010E-01
          28.6752500000000              1.86570000000000            -0.179590000000000    
          28.6780500000000              1.44206000000000            -0.426159999999999    
          28.6789700000000             0.997000000000003            -0.642210000000000    
          28.6810800000000             0.502390000000002            -0.730080000000002    
          28.6833000000000            -0.174242469953324E-14        -0.728220000000001    
          29.4578600000000              3.03861000000000             0.625840000000001    
          29.4601300000000              2.65236999999996             0.345869999999998    
          29.4622400000000              2.26830000000000             0.629200000000014E-01
          29.4643100000000              1.85851000000000            -0.185319999999999    
          29.4672800000000              1.43684000000000            -0.432630000000001    
          29.4683800000000             0.994250000000003            -0.649520000000000    
          29.4705699999999             0.501040000000001            -0.737969999999999    
          29.4729000000000            -0.165261210206998E-14        -0.736509999999999    
          30.2467800000000              3.03861000000000             0.601070000000000    
          30.2491700000000              2.64933999999996             0.328659999999999    
          30.2513500000000              2.26222000000000             0.539799999999990E-01
          30.2534200000000              1.85129000000000            -0.188780000000001    
          30.2565400000000              1.43165000000000            -0.437369999999999    
          30.2578200000000             0.991450000000000            -0.655240000000000    
          30.2600800000000             0.499710000000000            -0.744790000000001    
          30.2625000000000            -0.167883206981796E-14        -0.744190000000001    
          31.0358000000000              3.03861000000000             0.579710000000001    
          31.0382900000000              2.64625999999996             0.314700000000000    
          31.0405000000000              2.25614000000000             0.480700000000013E-01
          31.0425700000000              1.84412000000000            -0.190169999999999    
          31.0458500000000              1.42654000000000            -0.440480000000001    
          31.0473000000000             0.988640000000002            -0.659410000000001    
          31.0496100000000             0.498399999999999            -0.750559999999999    
          31.0521000000000            -0.168484768788319E-14        -0.751210000000000    
          31.8249000000000              3.03861000000000             0.561620000000001    
          31.8274600000000              2.64321999999996             0.303790000000000    
          31.8296800000000              2.25013000000000             0.449300000000009E-01
          31.8317500000000              1.83705000000000            -0.189699999999999    
          31.8351900000000              1.42157000000000            -0.442030000000000    
          31.8368100000000             0.985809999999999            -0.662109999999999    
          31.8391600000000             0.497120000000001            -0.755260000000001    
          31.8417200000000            -0.166446992805682E-14        -0.757540000000000    
          32.6140700000000              3.03861000000000             0.546610000000000    
          32.6166600000000              2.64023999999996             0.295700000000001    
          32.6188800000000              2.24426000000000             0.442899999999992E-01
          32.6209700000000              1.83012000000012            -0.187589999999997    
          32.6245600000000              1.41676000000000            -0.442139999999999    
          32.6263400000000             0.982999999999999            -0.663420000000000    
          32.6287300000000             0.495860000000001            -0.758930000000001    
          32.6313300000000            -0.162121428478115E-14        -0.763130000000001    
          33.4032800000000              3.03860999999987             0.534470000000007    
          33.4059100000000              2.63738999999997             0.290170000000003    
          33.4080900000000              2.23858000000000             0.458399999999990E-01
          33.4102100000000              1.82339000000000            -0.184049999999981    
          33.4139500000000              1.41214000000000            -0.440910000000001    
          33.4158700000000             0.980219999999999            -0.663419999999999    
          33.4183000000000             0.494620000000001            -0.761580000000000    
          33.4209600000000            -0.164177177441101E-14        -0.767949999999999    
          34.1925400000000              3.03860999999987             0.524930000000011    
          34.1951700000000              2.63467999999997             0.286950000000003    
          34.1973300000000              2.23313000000000             0.492899999999997E-01
          34.1994900000000              1.81689000000000            -0.179279999999967    
          34.2033600000000              1.40773000000000            -0.438440000000002    
          34.2054300000000             0.977470000000002            -0.662209999999999    
          34.2078900000000             0.493410000000000            -0.763240000000000    
          34.2105900000000            -0.168886003001478E-14        -0.771990000000001    
          34.9818100000000              3.03860999999985             0.517750000000016    
          34.9844400000000              2.63213999999997             0.285730000000004    
          34.9865700000000              2.22792000000000             0.543300000000007E-01
          34.9888000000000              1.81068000000007            -0.173459999999945    
          34.9927900000000              1.40356000000000            -0.434859999999999    
          34.9949900000000             0.974769999999999            -0.659879999999999    
          34.9974800000000             0.492219999999999            -0.763940000000000    
          35.0002200000000            -0.170680696410120E-14        -0.775229999999999    
          35.7711000000000              3.03860999999983             0.512660000000025    
          35.7737300000000              2.62979999999997             0.286240000000006    
          35.7758400000000              2.22299000000000             0.606800000000012E-01
          35.7781400000000              1.80479000000000            -0.166790000000000    
          35.7822400000000              1.39963000000000            -0.430290000000001    
          35.7845500000000             0.972140000000002            -0.656530000000001    
          35.7870800000000             0.491049999999999            -0.763739999999999    
          35.7898500000000            -0.174255006040944E-14        -0.777670000000001    
          36.5604100000000              3.03860999999977             0.509390000000043    
          36.5630300000000              2.62764999999997             0.288200000000007    
          36.5651300000000              2.21834000000000             0.680600000000019E-01
          36.5675200000000              1.79925000000000            -0.159419999999999    
          36.5717000000000              1.39597000000000            -0.424860000000000    
          36.5741200000000             0.969580000000000            -0.652269999999999    
          36.5766800000000             0.489909999999998            -0.762670000000000    
          36.5794900000000            -0.166947483398391E-14        -0.779310000000000    
          37.3497100000000              3.03861000000000             0.507670000000000    
          37.3523400000000              2.62570999999998             0.291340000000009    
          37.3544400000000              2.21397000000000             0.762199999999994E-01
          37.3569100000000              1.79409000000000            -0.151510000000000    
          37.3611700000000              1.39257000000000            -0.418680000000001    
          37.3636900000000             0.967100000000000            -0.647210000000001    
          37.3662900000000             0.488790000000002            -0.760800000000001    
          37.3691300000000            -0.165680953413542E-14        -0.780169999999999    
          38.1390200000000              3.03861000000000             0.507259999999998    
          38.1416500000000              2.62395999999997             0.295400000000007    
          38.1437700000000              2.20991000000000             0.849100000000013E-01
          38.1463400000000              1.78934000000000            -0.143220000000001    
          38.1506500000000              1.38945000000000            -0.411880000000000    
          38.1532600000000             0.964720000000001            -0.641449999999999    
          38.1559000000000             0.487700000000002            -0.758179999999999    
          38.1587600000000            -0.169564677562553E-14        -0.780260000000001    
          38.9283300000000              3.03861000000000             0.507909999999999    
          38.9309700000000              2.62240999999998             0.300160000000008    
          38.9331300000000              2.20616000000000             0.939300000000002E-01
          38.9357800000000              1.78502000000000            -0.134669999999999    
          38.9401300000000              1.38659000000000            -0.404580000000000    
          38.9428400000000             0.962429999999998            -0.635100000000002    
          38.9455000000000             0.486639999999998            -0.754890000000001    
          38.9484000000000            -0.168899703759399E-14        -0.779630000000002    
          39.7176400000000              3.03861000000000             0.509430000000001    
          39.7203100000000              2.62104999999997             0.305390000000011    
          39.7225100000000              2.20271000000000             0.103079999999998    
          39.7252500000000              1.78112000000000            -0.125990000000001    
          39.7296300000000              1.38401000000000            -0.396879999999998    
          39.7324100000000             0.960249999999999            -0.628259999999999    
          39.7351100000000             0.485600000000001            -0.750980000000000    
          39.7380400000000            -0.166229368865709E-14        -0.778300000000001    
          40.5069400000000              3.03861000000000             0.511610000000000    
          40.5096400000000              2.61984999999997             0.310910000000013    
          40.5119100000000              2.19957000000000             0.112210000000000    
          40.5147400000000              1.77766000000000            -0.117280000000001    
          40.5191300000000              1.38169000000000            -0.388900000000001    
          40.5219800000000             0.958170000000001            -0.621020000000000    
          40.5247200000000             0.484600000000000            -0.746540000000000    
          40.5276700000000            -0.169599374149655E-14        -0.776340000000000    
          41.2962500000000              3.03861000000000             0.514290000000001    
          41.2989900000000              2.61881999999997             0.316570000000014    
          41.3013300000000              2.19674000000000             0.121159999999999    
          41.3042300000000              1.77464000000000            -0.108639999999999    
          41.3086400000000              1.37964000000000            -0.380729999999999    
          41.3115500000000             0.956209999999998            -0.613480000000001    
          41.3143200000000             0.483620000000001            -0.741630000000000    
          41.3173100000000            -0.166942231794118E-14        -0.773790000000000    
          42.0855500000000              3.03861000000000             0.517339999999999    
          42.0883400000000              2.61793999999997             0.322230000000014    
          42.0907700000000              2.19422000000000             0.129830000000002    
          42.0937500000000              1.77203000000000            -0.100139999999998    
          42.0981500000000              1.37783000000000            -0.372459999999999    
          42.1011200000000             0.954350000000000            -0.605720000000001    
          42.1039200000000             0.482670000000002            -0.736340000000001    
          42.1069400000000            -0.168494673779846E-14        -0.770720000000001    
          42.8748600000000              3.03861000000000             0.520639999999999    
          42.8776900000000              2.61717999999997             0.327800000000014    
          42.8802300000000              2.19199000000000             0.138149999999999    
          42.8832600000000              1.76984000000000            -0.918600000000011E-01
          42.8876600000000              1.37626000000000            -0.364150000000001    
          42.8906800000000             0.952599999999999            -0.597820000000001    
          42.8935200000000             0.481750000000003            -0.730729999999999    
          42.8965700000000            -0.170469107579896E-14        -0.767200000000000    
          43.6641600000000              3.03861000000000             0.524130000000001    
          43.6670500000000              2.61653999999997             0.333220000000013    
          43.6696900000000              2.19004000000000             0.146049999999999    
          43.6727900000000              1.76803000000000            -0.838299999999993E-01
          43.6771700000000              1.37491000000000            -0.355880000000001    
          43.6802500000000             0.950960000000003            -0.589840000000000    
          43.6831200000000             0.480850000000001            -0.724869999999999    
          43.6862000000000            -0.167408768567849E-14        -0.763300000000001    
          44.4534600000000              3.03861000000000             0.527760000000001    
          44.4564100000000              2.61600999999997             0.338460000000016    
          44.4591500000000              2.18838000000000             0.153509999999999    
          44.4623100000000              1.76658000000000            -0.760799999999988E-01
          44.4666900000000              1.37377000000000            -0.347690000000000    
          44.4698100000000             0.949410000000001            -0.581839999999999    
          44.4727100000000             0.479990000000002            -0.718839999999999    
          44.4758200000000            -0.165268163818099E-14        -0.759090000000002    
          45.2427600000000              3.03861000000000             0.531529999999999    
          45.2457700000000              2.61554999999997             0.343510000000014    
          45.2486100000000              2.18696000000000             0.160530000000001    
          45.2518300000000              1.76547000000000            -0.686100000000005E-01
          45.2562100000000              1.37281000000000            -0.339589999999999    
          45.2593800000000             0.947960000000001            -0.573849999999999    
          45.2623000000000             0.479160000000001            -0.712699999999999    
          45.2654500000000            -0.171547888741519E-14        -0.754659999999999    
          46.0320600000000              3.03861000000000             0.535459999999999    
          46.0351300000000              2.61517999999997             0.348430000000015    
          46.0380700000000              2.18579000000000             0.167150000000002    
          46.0413400000000              1.76467000000000            -0.614200000000003E-01
          46.0457200000000              1.37201000000000            -0.331600000000002    
          46.0489400000000             0.946590000000002            -0.565880000000002    
          46.0519000000000             0.478360000000001            -0.706490000000000    
          46.0550700000000            -0.168122466326999E-14        -0.750050000000002    
          46.8213600000000              3.03861000000000             0.539609999999999    
          46.8244800000000              2.61485999999996             0.353280000000016    
          46.8275300000000              2.18484000000000             0.173429999999998    
          46.8308500000000              1.76413000000000            -0.544699999999991E-01
          46.8352400000000              1.37136000000000            -0.323710000000001    
          46.8385000000000             0.945300000000001            -0.557960000000000    
          46.8414800000000             0.477599999999998            -0.700269999999999    
          46.8447000000000            -0.170132284928420E-14        -0.745349999999999    
          47.6106500000000              3.03861000000000             0.544070000000000    
          47.6138300000000              2.61459999999996             0.358160000000015    
          47.6169700000000              2.18409000000000             0.179460000000002    
          47.6203500000000              1.76383000000000            -0.476800000000003E-01
          47.6247500000000              1.37081000000000            -0.315880000000000    
          47.6280700000000             0.944080000000000            -0.550060000000001    
          47.6310700000000             0.476870000000000            -0.694040000000000    
          47.6343200000000            -0.170280896859016E-14        -0.740610000000001    
          48.3999500000000              3.03861000000000             0.548960000000000    
          48.4031800000000              2.61436999999996             0.363200000000014    
          48.4064000000000              2.18351000000000             0.185360000000001    
          48.4098400000000              1.76373000000000            -0.409800000000011E-01
          48.4142700000000              1.37035000000000            -0.308040000000001    
          48.4176500000000             0.942910000000000            -0.542130000000000    
          48.4206600000000             0.476190000000000            -0.687840000000000    
          48.4239400000000            -0.169723887992902E-14        -0.735880000000002    
          49.1892400000000              3.03861000000000             0.554420000000000    
          49.1925200000000              2.61417999999996             0.368570000000015    
          49.1958200000000              2.18309000000000             0.191279999999999    
          49.1993300000000              1.76379000000000            -0.342499999999988E-01
          49.2037900000000              1.36994000000000            -0.300110000000000    
          49.2072300000000             0.941790000000001            -0.534130000000001    
          49.2102500000000             0.475549999999999            -0.681640000000001    
          49.2135700000000            -0.173818953479697E-14        -0.731180000000001    
          49.9785200000000              3.03860999999978             0.560630000000046    
          49.9818500000000              2.61399999999995             0.374450000000013    
          49.9852300000000              2.18280000000000             0.197400000000001    
          49.9888000000000              1.76397000000000            -0.273499999999984E-01
          49.9933200000000              1.36955000000000            -0.291979999999999    
          49.9968100000000             0.940699999999999            -0.525959999999998    
          49.9998400000000             0.474970000000001            -0.675419999999999    
          50.0031900000000            -0.173232467867018E-14        -0.726530000000001    
          50.7678000000000              3.03860999999985             0.567790000000016    
          50.7711800000000              2.61384999999993             0.381040000000010    
          50.7746200000000              2.18261000000000             0.203899999999999    
          50.7782700000000              1.76424000000000            -0.201100000000015E-01
          50.7828500000000              1.36915000000000            -0.283519999999999    
          50.7864100000000             0.939629999999998            -0.517490000000001    
          50.7894400000000             0.474439999999998            -0.669110000000000    
          50.7928200000000            -0.171448695062259E-14        -0.721910000000001    
          51.5570600000000              3.03860999999987             0.576090000000002    
          51.5605100000000              2.61368999999990             0.388580000000004    
          51.5640100000000              2.18250000000000             0.211020000000000    
          51.5677300000000              1.76456000000000            -0.123500000000008E-01
          51.5724000000000              1.36870000000000            -0.274540000000001    
          51.5760300000000             0.938559999999999            -0.508600000000001    
          51.5790400000000             0.473990000000002            -0.662640000000002    
          51.5824400000000            -0.169342463762797E-14        -0.717289999999999    
          52.3463100000000              3.03860999999986             0.585769999999992    
          52.3498200000000              2.61353999999984             0.397309999999991    
          52.3533800000000              2.18246000000000             0.219000000000000    
          52.3571900000000              1.76488000000008            -0.384000000008494E-02
          52.3619500000000              1.36816000000000            -0.264860000000001    
          52.3656600000000             0.937479999999999            -0.499100000000000    
          52.3686500000000             0.473610000000000            -0.655859999999999    
          52.3720600000000            -0.164631568265656E-14        -0.712600000000001    
          53.1355400000000              3.03860999999985             0.597059999999984    
          53.1391300000000              2.61337999999974             0.407489999999962    
          53.1427500000000              2.18246000000000             0.228100000000002    
          53.1466400000000              1.76517000000000             0.565000000000047E-02
          53.1515300000000              1.36751000000000            -0.254250000000001    
          53.1553100000000             0.936370000000002            -0.488769999999998    
          53.1582700000000             0.473309999999999            -0.648630000000002    
          53.1616900000000            -0.167764743137550E-14        -0.707729999999999    
          53.9247400000000              3.03861000000000             0.610200000000001    
          53.9284200000000              2.61320000000000             0.419379999999999    
          53.9321100000000              2.18246000000000             0.238610000000001    
          53.9361000000000              1.76539000000000             0.163999999999994E-01
          53.9411200000000              1.36670000000000            -0.242460000000001    
          53.9449900000000             0.935210000000000            -0.477380000000001    
          53.9479000000000             0.473100000000000            -0.640739999999999    
          53.9513100000000            -0.169872245813613E-14        -0.702520000000000    
          54.7139100000000              3.03861000000000             0.625410000000001    
          54.7176900000000              2.61299000000000             0.433259999999999    
          54.7214600000000              2.18246000000000             0.250810000000000    
          54.7255700000000              1.76551000000000             0.286899999999997E-01
          54.7307300000000              1.36568000000000            -0.229190000000001    
          54.7346900000000             0.933970000000002            -0.464640000000002    
          54.7375500000000             0.472970000000000            -0.631930000000000    
          54.7409200000000            -0.172447776544682E-14        -0.696770000000001    
          55.5030200000000              3.03861000000000             0.642929999999998    
          55.5069400000000              2.61274000000000             0.449370000000001    
          55.5107900000000              2.18243000000000             0.265010000000001    
          55.5150300000000              1.76548000000000             0.428299999999989E-01
          55.5203600000000              1.36442000000000            -0.214140000000000    
          55.5244100000000             0.932630000000001            -0.450230000000000    
          55.5272200000000             0.472930000000001            -0.621910000000001    
          55.5305400000000            -0.170795045857999E-14        -0.690239999999998    
          56.2920700000000              3.03861000000000             0.662960000000001    
          56.2961300000000              2.61243999999979             0.467999999999965    
          56.3001100000000              2.18233000000000             0.281509999999999    
          56.3044800000000              1.76527000000000             0.591599999999991E-01
          56.3099900000000              1.36288000000000            -0.196950000000000    
          56.3141600000000             0.931150000000001            -0.433810000000000    
          56.3169000000000             0.472960000000001            -0.610310000000000    
          56.3201400000000            -0.164798052591439E-14        -0.682590000000000    
          57.0810500000000              3.03861000000000             0.685690000000000    
          57.0852900000000              2.61207999999988             0.489359999999987    
          57.0894000000000              2.18213000000000             0.300630000000000    
          57.0939300000000              1.76482000000000             0.780199999999986E-01
          57.0996400000000              1.36100000000000            -0.177259999999999    
          57.1039100000000             0.929470000000001            -0.414960000000001    
          57.1066000000000             0.473040000000000            -0.596719999999999    
          57.1097200000000            -0.167799259730150E-14        -0.673450000000001    
          57.8699500000000              3.03861000000000             0.711270000000000    
          57.8743600000000              2.61162999999993             0.513699999999998    
          57.8786500000000              2.18181000000000             0.322670000000000    
          57.8833500000000              1.76409000000000             0.997600000000009E-01
          57.8892700000000              1.35875000000000            -0.154660000000000    
          57.8936700000000             0.927570000000002            -0.393249999999999    
          57.8963000000000             0.473139999999998            -0.580650000000001    
          57.8992800000000            -0.168131585000636E-14        -0.662349999999999    
          58.6587400000000              3.03861000000000             0.739799999999999    
          58.6633600000000              2.61107999999995             0.541200000000004    
          58.6678400000001              2.18132999999989             0.347930000000136    
          58.6727400000000              1.76304999999999             0.124759999999984    
          58.6788800000000              1.35607000000000            -0.128710000000000    
          58.6834200000000             0.925380000000001            -0.368200000000001    
          58.6860000000000             0.473210000000002            -0.561550000000000    
          58.6888000000000            -0.164851955650620E-14        -0.648750000000001    
          59.4474200000000              3.03861000000000             0.771360000000000    
          59.4522500000000              2.61040999999996             0.572030000000004    
          59.4569700000000              2.18063000000000             0.376690000000000    
          59.4620800000000              1.76162000000000             0.153409999999999    
          59.4684500000000              1.35291000000000            -0.989599999999987E-01
          59.4731300000000             0.922829999999999            -0.339290000000000    
          59.4756900000000             0.473199999999998            -0.538800000000001    
          59.4782600000000            -0.170688150300056E-14        -0.632009999999999    
          60.2359700000000              3.03861000000000             0.805930000000001    
          60.2410200000000              2.60960999999996             0.606300000000008    
          60.2460000000000              2.17968000000000             0.409239999999999    
          60.2513400000000              1.75977000000000             0.186089999999999    
          60.2579300000000              1.34923000000000            -0.649099999999997E-01
          60.2627499999999             0.919870000000001            -0.305940000000000    
          60.2653100000000             0.473040000000000            -0.511710000000000    
          60.2676300000001            -0.168245476686764E-14        -0.611380000000000    
          61.0243900000000              3.03861000000000             0.843450000000000    
          61.0296499999999              2.60864999999996             0.644090000000009    
          61.0349100000000              2.17843000000000             0.445810000000001    
          61.0404800000000              1.75743000000000             0.223210000000000    
          61.0472900000000              1.34497000000000            -0.260300000000002E-01
          61.0522500000000             0.916410000000002            -0.267509999999999    
          61.0548300000000             0.472629999999999            -0.479499999999999    
          61.0568600000000            -0.171042464181892E-14        -0.586040000000001    
          61.8126700000000              3.03861000000000             0.883769999999999    
          61.8181200000000              2.60751999999996             0.685410000000009    
          61.8236700000000              2.17682000000000             0.486630000000002    
          61.8294700000000              1.75454000000000             0.265160000000000    
          61.8364700000000              1.34008000000000             0.182299999999982E-01
          61.8415600000000             0.912400000000001            -0.223350000000001    
          61.8441800000000             0.471880000000000            -0.441310000000001    
          61.8458800000000            -0.166605790307469E-14        -0.555000000000000    
          62.6008100000000              3.03860999999980             0.926640000000036    
          62.6064100000000              2.60619999999995             0.730220000000011    
          62.6122400000000              2.17480000000000             0.531909999999999    
          62.6182500000000              1.75104000000000             0.312370000000000    
          62.6253800000000              1.33452000000000             0.684600000000007E-01
          62.6305700000000             0.907740000000000            -0.172689999999999    
          62.6332600000000             0.470680000000002            -0.396200000000000    
          62.6346100000000            -0.172584995882137E-14        -0.517200000000001    
          63.3888300000000              3.03860999999983             0.971710000000022    
          63.3945200000000              2.60467999999994             0.778410000000008    
          63.4005700000001              2.17231000000000             0.581820000000002    
          63.4067300000001              1.74688000000000             0.365260000000000    
          63.4139300000000              1.32824000000000             0.125289999999999    
          63.4191700000000             0.902379999999999            -0.114740000000000    
          63.4219200000000             0.468920000000002            -0.343119999999998    
          63.4229200000000            -0.169812148826005E-14        -0.471419999999998    
          64.1767500000000              3.03860999999986              1.01851000000001    
          64.1824200000000              2.60293999999991             0.829770000000008    
          64.1886100000000              2.16930000000000             0.636490000000000    
          64.1948400000000              1.74198000000000             0.424249999999999    
          64.2019700000000              1.32120000000000             0.189379999999998    
          64.2071800000000             0.896249999999999            -0.486100000000007E-01
          64.2099800000000             0.466489999999999            -0.280920000000000    
          64.2106200000000            -0.168198381654897E-14        -0.416300000000001    
          64.9646100000000              3.03860999999987              1.06645000000000    
          64.9701000000000              2.60097999999987             0.884039999999999    
          64.9762900000000              2.16571000000000             0.696049999999999    
          64.9824400000000              1.73632000000000             0.489799999999998    
          64.9893300000000              1.31338000000000             0.261460000000001    
          64.9944000000000             0.889280000000002             0.266500000000012E-01
          64.9972000000000             0.463279999999998            -0.208350000000003    
          64.9975000000000            -0.167326948533933E-14        -0.350360000000001    
          65.7524300000000              3.03860999999987              1.11476999999999    
          65.7575500000001              2.59879999999979             0.940859999999978    
          65.7635000000000              2.16152000000000             0.760580000000003    
          65.7693600000000              1.72986000000000             0.562370000000002    
          65.7757800000000              1.30478000000000             0.342270000000003    
          65.7805300000000             0.881449999999998             0.112090000000003    
          65.7832300000000             0.459190000000001            -0.124030000000000    
          65.7832300000000            -0.166829576412134E-14        -0.271970000000002    
          66.5402900000000              3.03860999999985              1.16256999999998    
          66.5447500000000              2.59642000000000             0.999740000000001    
          66.5501499999999              2.15672000000000             0.830149999999999    
          66.5553800000000              1.72261000000000             0.642449999999998    
          66.5610000000000              1.29541000000000             0.432640000000002    
          66.5651900000000             0.872720000000000             0.208869999999999    
          66.5676300000000             0.454130000000000            -0.264400000000026E-01
          66.5674100000000            -0.167236745149879E-14        -0.179380000000002    
          67.3282500000000              3.03860999999985              1.20875999999998    
          67.3316800000000              2.59387000000000              1.06015000000000    
          67.3360500000000              2.15136000000000             0.904820000000002    
          67.3402200000000              1.71463000000000             0.730550000000002    
          67.3446100000000              1.28536000000000             0.533429999999999    
          67.3478900000000             0.863130000000000             0.318230000000000    
          67.3498400000000             0.448050000000000             0.860699999999979E-01
          67.3495100000000            -0.166695575799878E-14        -0.706900000000027E-01
          68.1163700000000              3.03860999999987              1.25206999999999    
          68.1182900000000              2.59125000000000              1.12138000000000    
          68.1209999999999              2.14558000000000             0.984629999999998    
          68.1234900000000              1.70609000000000             0.827240000000001    
          68.1260800000000              1.27478000000000             0.645569999999998    
          68.1279900000000             0.852750000000001             0.441520000000000    
          68.1290700000000             0.440930000000001             0.215270000000002    
          68.1288800000000            -0.172736106559927E-14         0.560800000000000E-01
          68.9047200000000              3.03860999999995              1.29098999999998    
          68.9045000000000              2.58871000000000              1.18265000000000    
          68.9047200000000              2.13970000000000              1.06960000000000    
          68.9046900000000              1.69730000000000             0.933090000000000    
          68.9047500000000              1.26398000000000             0.770040000000001    
          68.9046500000000             0.841730000000002             0.580200000000001    
          68.9043900000000             0.432809999999999             0.363079999999999    
          68.9047200000000            -0.166597489384586E-14         0.202960000000000    
 zone  i=           2  j=          61 k=1                                                           
          21.5771900000000              3.03861000000000              1.05261000000000    
          23.0268400000000              3.23246000000000              1.12822000000000    
          22.3648100000000              3.03861000000000              1.09898000000000    
          23.8109600000000              3.23539000000000              1.17248000000000    
          23.1523100000000              3.03860999999985              1.15182000000000    
          24.5944300000000              3.23833000000000              1.22260000000000    
          23.9394900000000              3.03860999999998              1.20937999999999    
          25.3769100000000              3.24128000000000              1.27685000000000    
          24.7265600000000              3.03860999999996              1.26836000000000    
          26.1585900000000              3.24422000000000              1.33215000000000    
          25.5136800000000              3.03861000000000              1.32665000000000    
          26.9396200000000              3.24718000000000              1.38653000000000    
          26.3009500000000              3.03861000000000              1.38283000000000    
          27.7201000000000              3.25013000000000              1.43869000000000    
          27.0884400000000              3.03861000000000              1.43593000000000    
          28.5000800000000              3.25309000000000              1.48775000000000    
          27.8761700000000              3.03860999999975              1.48531000000000    
          29.2795900000000              3.25606000000000              1.53317000000000    
          28.6641500000000              3.03861000000000              1.53057000000000    
          30.0586400000000              3.25903000000000              1.57460000000000    
          29.4523600000000              3.03860999999984              1.57149000000000    
          30.8372000000000              3.26200000000000              1.61190000000000    
          30.2407900000000              3.03860999999992              1.60800000000000    
          31.6152800000000              3.26498000000000              1.64503000000000    
          31.0294100000000              3.03861000000000              1.64015000000000    
          32.3928300000000              3.26796000000000              1.67410000000000    
          31.8182000000000              3.03861000000000              1.66808000000000    
          33.1698300000000              3.27095000000000              1.69925000000000    
          32.6071100000000              3.03861000000000              1.69198000000000    
          33.9462600000000              3.27394000000000              1.72072000000000    
          33.3961300000000              3.03861000000000              1.71212000000000    
          34.7220900000000              3.27694000000000              1.73877000000000    
          34.1852300000000              3.03861000000000              1.72880000000000    
          35.4973000000000              3.27994000000000              1.75371000000000    
          34.9743900000000              3.03860999999992              1.74234000000000    
          36.2718600000000              3.28294000000000              1.76586000000000    
          35.7635900000000              3.03860999999977              1.75307000000001    
          37.0457600000000              3.28595000000000              1.77554000000000    
          36.5528300000000              3.03861000000000              1.76136000000000    
          37.8190000000000              3.28896000000000              1.78310000000000    
          37.3420800000000              3.03861000000000              1.76752000000000    
          38.5915500000000              3.29198000000000              1.78885000000000    
          38.1313400000000              3.03860999999980              1.77192000000002    
          39.3634200000000              3.29500000000000              1.79311000000000    
          38.9206100000000              3.03861000000000              1.77485000000000    
          40.1345900000000              3.29803000000000              1.79616000000000    
          39.7098900000001              3.03860999999976              1.77662000000003    
          40.9050800000000              3.30106000000000              1.79828000000000    
          40.4991600000000              3.03861000000000              1.77750000000000    
          41.6748700000000              3.30410000000000              1.79971000000000    
          41.2884400000000              3.03860999999980              1.77774000000004    
          42.4439500000000              3.30714000000000              1.80065000000000    
          42.0777200000000              3.03861000000000              1.77753000000000    
          43.2123500000000              3.31018000000000              1.80130000000000    
          42.8669900000000              3.03860999999994              1.77707000000001    
          43.9800500000000              3.31323000000000              1.80179000000000    
          43.6562700000000              3.03861000000000              1.77647000000000    
          44.7470500000000              3.31629000000000              1.80224000000000    
          44.4455500000000              3.03861000000000              1.77586000000000    
          45.5133500000000              3.31935000000000              1.80271000000000    
          45.2348300000000              3.03861000000000              1.77527000000000    
          46.2789600000000              3.32241000000000              1.80324000000000    
          46.0241000000000              3.03860999999997              1.77474000000000    
          47.0438800000000              3.32548000000000              1.80384000000000    
          46.8133800000000              3.03860999999996              1.77424000000000    
          47.8081100000000              3.32855000000000              1.80448000000000    
          47.6026500000000              3.03860999999984              1.77374000000000    
          48.5716300000000              3.33163000000000              1.80507000000000    
          48.3919300000000              3.03861000000000              1.77312000000000    
          49.3344700000000              3.33471000000000              1.80554000000000    
          49.1812100000000              3.03860999999994              1.77228000000000    
          50.0966100000000              3.33780000000000              1.80574000000000    
          49.9704800000000              3.03860999999999              1.77106000000000    
          50.8580600000000              3.34089000000000              1.80554000000000    
          50.7597600000000              3.03861000000000              1.76929000000000    
          51.6188100000000              3.34399000000000              1.80476000000000    
          51.5490300000000              3.03860999999999              1.76675000000000    
          52.3788800000000              3.34709000000000              1.80322000000000    
          52.3383000000000              3.03861000000000              1.76324000000000    
          53.1382400000000              3.35020000000000              1.80069000000000    
          53.1275600000000              3.03860999999994              1.75852000000000    
          53.8969100000000              3.35331000000000              1.79699000000000    
          53.9168100000000              3.03861000000000              1.75236000000000    
          54.6548800000000              3.35642000000000              1.79189000000000    
          54.7060500000000              3.03860999999992              1.74452000000000    
          55.4121400000000              3.35954000000000              1.78518000000000    
          55.4952700000000              3.03860999999989              1.73478000000000    
          56.1687000000000              3.36266000000000              1.77666000000000    
          56.2844500000000              3.03861000000000              1.72292000000000    
          56.9245300000000              3.36579000000000              1.76616000000000    
          57.0736000000000              3.03860999999999              1.70876000000000    
          57.6796500000000              3.36892000000000              1.75350000000000    
          57.8627100000000              3.03860999999999              1.69214000000000    
          58.4340200000000              3.37206000000000              1.73857000000000    
          58.6517500000000              3.03861000000000              1.67295000000000    
          59.1876600000000              3.37520000000000              1.72128000000000    
          59.4407200000000              3.03861000000000              1.65113000000000    
          59.9405400000000              3.37835000000000              1.70160000000000    
          60.2296200000000              3.03860999999998              1.62670000000000    
          60.6926700000000              3.38149000000000              1.67954000000000    
          61.0184400000000              3.03861000000000              1.59974000000000    
          61.4440300000000              3.38465000000000              1.65520000000000    
          61.8071700000000              3.03860999999996              1.57043000000000    
          62.1946200000000              3.38781000000000              1.62875000000000    
          62.5958200000000              3.03861000000000              1.53903000000000    
          62.9444500000000              3.39097000000000              1.60045000000000    
          63.3844000000000              3.03860999999998              1.50594000000000    
          63.6935400000000              3.39413000000000              1.57065000000000    
          64.1729400000000              3.03861000000000              1.47168000000000    
          64.4418900000000              3.39730000000000              1.53984000000000    
          64.9614500000000              3.03860999999999              1.43691000000000    
          65.1895400000000              3.40048000000000              1.50861000000000    
          65.7499700000000              3.03860999999997              1.40246000000000    
          65.9365100000000              3.40365000000000              1.47770000000000    
          66.5385500000000              3.03861000000000              1.36934000000000    
          66.6828500000000              3.40683000000000              1.44799000000000    
          67.3272400000000              3.03861000000000              1.33873999999999    
          67.4286000000000              3.41002000000000              1.42054000000000    
          68.1160600000000              3.03861000000000              1.31207000000000    
          68.1738000000000              3.41321000000000              1.39659000000000    
          68.9047200000001              3.03860999999989              1.29098999999999    
          68.9181300000000              3.41639000000000              1.37757000000000    
 zone  i=          30  j=          61 k=1                                                           
          23.0268400000000              3.23246000000000              1.12822000000000    
          24.4737200000000              3.44676000000000              1.20158000000000    
          25.9180200000000              3.67888000000000              1.27164000000000    
          27.3619900000000              3.91425000000000              1.33757000000000    
          28.8057600000000              4.15197000000000              1.39924000000000    
          30.2493400000000              4.39198000000000              1.45651000000000    
          31.6926900000000              4.63439000000000              1.50924000000000    
          33.1357800000000              4.87928000000000              1.55732000000000    
          34.5784500000000              5.12740000000000              1.60133000000000    
          36.0197600000000              5.38321000000000              1.64576000000000    
          37.4593800000000              5.64820000000000              1.69139000000000    
          38.8970300000000              5.92342000000000              1.73837000000000    
          40.3323800000000              6.21015000000000              1.78688000000000    
          41.7650000000000              6.50993000000000              1.83710000000000    
          43.1943200000000              6.82469000000000              1.88930000000000    
          44.6197400000000              7.15642000000000              1.94337000000000    
          46.0412600000000              7.50461000000000              1.99648000000000    
          47.4582200000000              7.87117000000000              2.04783000000000    
          48.8695000000000              8.25926000000000              2.09712000000000    
          50.2735300000000              8.67306000000000              2.14390000000000    
          51.6681500000000              9.11784000000000              2.18773000000000    
          53.0534400000000              9.59094000000000              2.23109000000000    
          54.4282000000000              10.0937200000000              2.27519000000000    
          55.7893000000000              10.6322600000000              2.32017000000000    
          57.1339000000000              11.2107100000000              2.36637000000000    
          58.4781500000000              11.7897800000000              2.41588000000000    
          59.8270200000000              12.3576900000000              2.46909000000000    
          61.1801600000000              12.9150100000000              2.52577000000000    
          62.5372400000000              13.4622800000000              2.58574000000000    
          63.8980100000000              14.0000000000000              2.64882000000000    
          23.8109600000000              3.23539000000000              1.17248000000000    
          25.2485200000000              3.45237000000000              1.24441000000000    
          26.6828900000000              3.68705000000000              1.31384000000000    
          28.1166200000000              3.92477000000000              1.37950000000000    
          29.5480800000000              4.16446000000000              1.44113000000000    
          30.9805500000000              4.40664000000000              1.49871000000000    
          32.4110500000000              4.65097000000000              1.55192000000000    
          33.8398300000000              4.89756000000000              1.60066000000000    
          35.2665400000000              5.14738000000000              1.64567000000000    
          36.6900600000000              5.40488000000000              1.69110000000000    
          38.1102800000000              5.67139000000000              1.73753000000000    
          39.5273600000000              5.94805000000000              1.78511000000000    
          40.9414600000000              6.23629000000000              1.83402000000000    
          42.3501700000000              6.53721000000000              1.88439000000000    
          43.7542200000000              6.85298000000000              1.93655000000000    
          45.1532100000000              7.18541000000000              1.99017000000000    
          46.5474300000000              7.53400000000000              2.04240000000000    
          47.9360500000000              7.90077000000000              2.09258000000000    
          49.3158800000000              8.28804000000000              2.14040000000000    
          50.6901700000000              8.70142000000000              2.18558000000000    
          52.0544900000000              9.14532000000000              2.22763000000000    
          53.4096100000000              9.61682000000000              2.26899000000000    
          54.7525200000000              10.1169700000000              2.31061000000000    
          56.0849700000000              10.6532300000000              2.35288000000000    
          57.4021500000000              11.2285100000000              2.39603000000000    
          58.7205200000000              11.8036500000000              2.44236000000000    
          60.0433800000000              12.3677900000000              2.49227000000000    
          61.3705100000000              12.9215700000000              2.54561000000000    
          62.7015400000000              13.4654800000000              2.60224000000000    
          64.0361900000000              14.0000000000000              2.66207000000000    
          24.5944300000000              3.23833000000000              1.22260000000000    
          26.0223200000000              3.45800000000000              1.29066000000000    
          27.4464300000000              3.69522000000000              1.35588000000000    
          28.8695600000000              3.93529000000000              1.41820000000000    
          30.2885800000000              4.17696000000000              1.47730000000000    
          31.7096300000000              4.42132000000000              1.53320000000000    
          33.1270500000000              4.66757000000000              1.58545000000000    
          34.5413400000000              4.91586000000000              1.63383000000000    
          35.9519100000000              5.16743000000000              1.67917000000000    
          37.3575400000000              5.42662000000000              1.72486000000000    
          38.7582900000000              5.69466000000000              1.77128000000000    
          40.1549800000000              5.97281000000000              1.81862000000000    
          41.5475700000000              6.26255000000000              1.86704000000000    
          42.9324100000000              6.56462000000000              1.91665000000000    
          44.3112800000000              6.88141000000000              1.96780000000000    
          45.6839900000000              7.21452000000000              2.01998000000000    
          47.0510600000000              7.56351000000000              2.07042000000000    
          48.4114100000000              7.93047000000000              2.11862000000000    
          49.7604300000000              8.31698000000000              2.16424000000000    
          51.1051800000000              8.72991000000000              2.20711000000000    
          52.4395300000000              9.17290000000000              2.24678000000000    
          53.7647300000000              9.64277000000000              2.28593000000000    
          55.0762600000000              10.1402900000000              2.32538000000000    
          56.3803900000000              10.6742600000000              2.36564000000000    
          57.6704400000000              11.2463200000000              2.40690000000000    
          58.9630900000000              11.8175200000000              2.45155000000000    
          60.2601100000000              12.3779000000000              2.49989000000000    
          61.5613800000000              12.9281300000000              2.55178000000000    
          62.8664900000000              13.4686700000000              2.60708000000000    
          64.1751700000000              14.0000000000000              2.66566000000000    
          25.3769100000000              3.24128000000000              1.27685000000000    
          26.7946500000000              3.46364000000000              1.34017000000000    
          28.2080700000000              3.70339000000000              1.40020000000000    
          29.6201000000000              3.94580000000000              1.45838000000000    
          31.0264800000000              4.18946000000000              1.51434000000000    
          32.4357000000000              4.43600000000000              1.56809000000000    
          33.8397400000000              4.68418000000000              1.61902000000000    
          35.2392700000000              4.93417000000000              1.66684000000000    
          36.6334500000000              5.18752000000000              1.71232000000000    
          38.0210300000000              5.44841000000000              1.75798000000000    
          39.4021900000000              5.71799000000000              1.80412000000000    
          40.7785800000000              5.99769000000000              1.85094000000000    
          42.1493900000000              6.28889000000000              1.89857000000000    
          43.5104000000000              6.59213000000000              1.94712000000000    
          44.8641500000000              6.90995000000000              1.99698000000000    
          46.2107400000000              7.24372000000000              2.04741000000000    
          47.5508200000000              7.59312000000000              2.09580000000000    
          48.8829100000000              7.96021000000000              2.14177000000000    
          50.2018100000000              8.34603000000000              2.18499000000000    
          51.5172600000000              8.75850000000000              2.22533000000000    
          52.8220100000000              9.20055000000000              2.26246000000000    
          54.1175900000000              9.66878000000000              2.29934000000000    
          55.3983000000000              10.1636600000000              2.33666000000000    
          56.6744000000000              10.6953200000000              2.37502000000000    
          57.9377000000000              11.2641300000000              2.41460000000000    
          59.2048300000000              11.8313900000000              2.45784000000000    
          60.4762200000000              12.3880200000000              2.50493000000000    
          61.7518500000000              12.9347000000000              2.55571000000000    
          63.0312500000000              13.4718700000000              2.61002000000000    
          64.3141700000000              14.0000000000000              2.66771000000000    
          26.1585900000000              3.24422000000000              1.33215000000000    
          27.5657000000000              3.46928000000000              1.39033000000000    
          28.9679600000000              3.71157000000000              1.44486000000000    
          30.3684100000000              3.95631000000000              1.49868000000000    
          31.7619200000000              4.20198000000000              1.55132000000000    
          33.1588900000000              4.45069000000000              1.60277000000000    
          34.5492200000000              4.70080000000000              1.65226000000000    
          35.9337000000000              4.95249000000000              1.69942000000000    
          37.3112600000000              5.20765000000000              1.74485000000000    
          38.6806000000000              5.47026000000000              1.79028000000000    
          40.0420300000000              5.74139000000000              1.83592000000000    
          41.3981700000000              6.02268000000000              1.88201000000000    
          42.7469600000000              6.31533000000000              1.92866000000000    
          44.0841700000000              6.61974000000000              1.97598000000000    
          45.4128800000000              6.93860000000000              2.02439000000000    
          46.7334800000000              7.27301000000000              2.07290000000000    
          48.0467100000000              7.62284000000000              2.11915000000000    
          49.3505400000000              7.98998000000000              2.16280000000000    
          50.6399800000000              8.37519000000000              2.20357000000000    
          51.9264100000000              8.78721000000000              2.24134000000000    
          53.2019200000000              9.22825000000000              2.27595000000000    
          54.4682000000000              9.69486000000000              2.31062000000000    
          55.7186500000000              10.1871000000000              2.34593000000000    
          56.9670100000000              10.7164300000000              2.38253000000000    
          58.2039000000000              11.2819200000000              2.42061000000000    
          59.4457200000000              11.8452500000000              2.46262000000000    
          60.6917000000000              12.3981200000000              2.50865000000000    
          61.9419100000000              12.9412600000000              2.55852000000000    
          63.1958100000000              13.4750700000000              2.61202000000000    
          64.4531900000000              14.0000000000000              2.66900000000000    
          26.9396200000000              3.24718000000000              1.38653000000000    
          28.3355900000000              3.47494000000000              1.43948000000000    
          29.7262400000000              3.71974000000000              1.48857000000000    
          31.1145900000000              3.96681000000000              1.53809000000000    
          32.4950300000000              4.21452000000000              1.58746000000000    
          33.8792900000000              4.46538000000000              1.63662000000000    
          35.2555900000000              4.71743000000000              1.68466000000000    
          36.6247300000000              4.97083000000000              1.73113000000000    
          37.9854000000000              5.22784000000000              1.77634000000000    
          39.3363400000000              5.49217000000000              1.82134000000000    
          40.6778800000000              5.76484000000000              1.86631000000000    
          42.0137600000000              6.04778000000000              1.91154000000000    
          43.3403400000000              6.34186000000000              1.95707000000000    
          44.6537700000000              6.64746000000000              2.00305000000000    
          45.9575100000000              6.96736000000000              2.04991000000000    
          47.2522500000000              7.30240000000000              2.09643000000000    
          48.5387800000000              7.65266000000000              2.14050000000000    
          49.8142900000000              8.01976000000000              2.18183000000000    
          51.0749600000000              8.40445000000000              2.22020000000000    
          52.3326500000000              8.81601000000000              2.25546000000000    
          53.5792600000000              9.25603000000000              2.28766000000000    
          54.8166000000000              9.72100000000000              2.32026000000000    
          56.0372800000000              10.2105900000000              2.35372000000000    
          57.2582100000000              10.7375800000000              2.38873000000000    
          58.4690500000000              11.2997100000000              2.42550000000000    
          59.6857500000000              11.8591100000000              2.46644000000000    
          60.9065500000000              12.4082300000000              2.51155000000000    
          62.1315300000000              12.9478200000000              2.56063000000000    
          63.3601500000000              13.4782600000000              2.61345000000000    
          64.5922000000000              14.0000000000000              2.66982000000000    
          27.7201000000000              3.25013000000000              1.43869000000000    
          29.1044300000000              3.48061000000000              1.48650000000000    
          30.4829800000000              3.72791000000000              1.53045000000000    
          31.8587200000000              3.97730000000000              1.57591000000000    
          33.2258600000000              4.22706000000000              1.62221000000000    
          34.5969800000000              4.48008000000000              1.66918000000000    
          35.9589000000000              4.73407000000000              1.71582000000000    
          37.3124000000000              4.98919000000000              1.76158000000000    
          38.6559200000000              5.24807000000000              1.80642000000000    
          39.9882900000000              5.51413000000000              1.85084000000000    
          41.3097800000000              5.78834000000000              1.89501000000000    
          42.6253700000000              6.07298000000000              1.93925000000000    
          43.9295600000000              6.36847000000000              1.98357000000000    
          45.2192300000000              6.67528000000000              2.02815000000000    
          46.4980700000000              6.99623000000000              2.07342000000000    
          47.7670600000000              7.33190000000000              2.11793000000000    
          49.0270500000000              7.68259000000000              2.15985000000000    
          50.2741900000000              8.04952000000000              2.19892000000000    
          51.5067500000000              8.43381000000000              2.23497000000000    
          52.7360100000000              8.84493000000000              2.26783000000000    
          53.9540600000000              9.28387000000000              2.29780000000000    
          55.1628100000000              9.74724000000000              2.32851000000000    
          56.3542300000000              10.2341500000000              2.36031000000000    
          57.5480000000000              10.7587800000000              2.39389000000000    
          58.7331300000000              11.3174800000000              2.42953000000000    
          59.9249300000000              11.8729700000000              2.46955000000000    
          61.1207500000000              12.4183300000000              2.51387000000000    
          62.3207400000000              12.9543800000000              2.56225000000000    
          63.5242900000000              13.4814600000000              2.61446000000000    
          64.7312200000000              14.0000000000000              2.67029000000000    
          28.5000800000000              3.25309000000000              1.48775000000000    
          29.8722600000000              3.48628000000000              1.53069000000000    
          31.2382400000000              3.73608000000000              1.56993000000000    
          32.6008600000000              3.98778000000000              1.61168000000000    
          33.9544500000000              4.23962000000000              1.65516000000000    
          35.3119900000000              4.49479000000000              1.70011000000000    
          36.6591900000000              4.75072000000000              1.74543000000000    
          37.9967400000000              5.00758000000000              1.79049000000000    
          39.3228600000000              5.26835000000000              1.83483000000000    
          40.6364700000000              5.53616000000000              1.87854000000000    
          41.9377700000000              5.81191000000000              1.92179000000000    
          43.2329700000000              6.09828000000000              1.96498000000000    
          44.5146400000000              6.39518000000000              2.00803000000000    
          45.7805700000000              6.70321000000000              2.05118000000000    
          47.0345800000000              7.02520000000000              2.09483000000000    
          48.2779500000000              7.36149000000000              2.13735000000000    
          49.5115300000000              7.71263000000000              2.17720000000000    
          50.7302700000000              8.07926000000000              2.21408000000000    
          51.9353700000000              8.46327000000000              2.24795000000000    
          53.1364900000000              8.87396000000000              2.27855000000000    
          54.3263300000000              9.31179000000000              2.30650000000000    
          55.5068400000000              9.77356000000000              2.33553000000000    
          56.6694700000000              10.2577600000000              2.36586000000000    
          57.8364000000000              10.7800200000000              2.39820000000000    
          58.9961600000000              11.3352500000000              2.43287000000000    
          60.1632700000000              11.8868200000000              2.47210000000000    
          61.3343300000000              12.4284300000000              2.51573000000000    
          62.5095200000000              12.9609400000000              2.56350000000000    
          63.6882100000000              13.4846600000000              2.61516000000000    
          64.8702300000000              14.0000000000000              2.67048000000000    
          29.2795900000000              3.25606000000000              1.53317000000000    
          30.6391000000000              3.49197000000000              1.57158000000000    
          31.9920300000000              3.74425000000000              1.60663000000000    
          33.3410200000000              3.99826000000000              1.64508000000000    
          34.6808000000000              4.25219000000000              1.68606000000000    
          36.0243500000000              4.50950000000000              1.72920000000000    
          37.3564800000000              4.76739000000000              1.77330000000000    
          38.6777600000000              5.02600000000000              1.81765000000000    
          39.9862400000000              5.28867000000000              1.86137000000000    
          41.2809100000000              5.55824000000000              1.90428000000000    
          42.5619000000000              5.83555000000000              1.94655000000000    
          43.8365500000000              6.12368000000000              1.98861000000000    
          45.0956100000000              6.42199000000000              2.03037000000000    
          46.3378000000000              6.73124000000000              2.07208000000000    
          47.5670600000000              7.05428000000000              2.11412000000000    
          48.7849100000000              7.39119000000000              2.15471000000000    
          49.9922300000000              7.74279000000000              2.19255000000000    
          51.1826700000000              8.10899000000000              2.22739000000000    
          52.3608400000000              8.49284000000000              2.25921000000000    
          53.5341100000000              8.90309000000000              2.28771000000000    
          54.6960700000000              9.33977000000000              2.31388000000000    
          55.8487100000000              9.79999000000000              2.34143000000000    
          56.9830100000000              10.2814200000000              2.37048000000000    
          58.1234100000000              10.8013000000000              2.40175000000000    
          59.2581300000000              11.3530200000000              2.43561000000000    
          60.4007400000000              11.9006600000000              2.47417000000000    
          61.5472600000000              12.4385300000000              2.51719000000000    
          62.6978700000000              12.9675000000000              2.56442000000000    
          63.8519200000000              13.4878500000000              2.61558000000000    
          65.0092500000000              14.0000000000000              2.67044000000000    
          30.0586400000000              3.25903000000000              1.57460000000000    
          31.4049700000000              3.49766000000000              1.60892000000000    
          32.7443700000000              3.75242000000000              1.64034000000000    
          34.0792200000000              4.00872000000000              1.67593000000000    
          35.4049200000000              4.26477000000000              1.71475000000000    
          36.7340500000000              4.52423000000000              1.75629000000000    
          38.0507500000000              4.78406000000000              1.79929000000000    
          39.3554700000000              5.04445000000000              1.84294000000000    
          40.6460500000000              5.30905000000000              1.88595000000000    
          41.9216000000000              5.58039000000000              1.92798000000000    
          43.1821900000000              5.85927000000000              1.96923000000000    
          44.4360900000000              6.14917000000000              2.01013000000000    
          45.6724700000000              6.44889000000000              2.05059000000000    
          46.8909300000000              6.75938000000000              2.09087000000000    
          48.0955200000000              7.08346000000000              2.13133000000000    
          49.2879600000000              7.42098000000000              2.17003000000000    
          50.4691500000000              7.77305000000000              2.20599000000000    
          51.6315200000000              8.13875000000000              2.23890000000000    
          52.7831700000000              8.52252000000000              2.26884000000000    
          53.9288700000000              8.93235000000000              2.29540000000000    
          55.0633000000000              9.36782000000000              2.32002000000000    
          56.1884000000000              9.82652000000000              2.34630000000000    
          57.2948500000000              10.3051400000000              2.37425000000000    
          58.4090200000000              10.8226400000000              2.40463000000000    
          59.5190400000000              11.3707700000000              2.43782000000000    
          60.6373700000000              11.9145000000000              2.47582000000000    
          61.7595600000000              12.4486300000000              2.51831000000000    
          62.8858000000000              12.9740600000000              2.56504000000000    
          64.0154200000000              13.4910500000000              2.61574000000000    
          65.1482700000000              14.0000000000000              2.67017000000000    
          30.8372000000000              3.26200000000000              1.61190000000000    
          32.1698500000000              3.50337000000000              1.64259000000000    
          33.4952400000000              3.76059000000000              1.67097000000000    
          34.8154600000000              4.01916000000000              1.70416000000000    
          36.1267900000000              4.27735000000000              1.74115000000000    
          37.4411000000000              4.53896000000000              1.78131000000000    
          38.7420200000000              4.80074000000000              1.82332000000000    
          40.0298500000000              5.06293000000000              1.86629000000000    
          41.3022900000000              5.32947000000000              1.90852000000000    
          42.5585600000000              5.60259000000000              1.94962000000000    
          43.7986600000000              5.88307000000000              1.98982000000000    
          45.0315900000000              6.17475000000000              2.02955000000000    
          46.2452100000000              6.47589000000000              2.06871000000000    
          47.4399600000000              6.78764000000000              2.10760000000000    
          48.6199500000000              7.11274000000000              2.14649000000000    
          49.7870800000000              7.45088000000000              2.18341000000000    
          50.9422800000000              7.80342000000000              2.21758000000000    
          52.0769200000000              8.16856000000000              2.24871000000000    
          53.2023800000000              8.55230000000000              2.27691000000000    
          54.3207800000000              8.96171000000000              2.30173000000000    
          55.4280100000000              9.39594000000000              2.32503000000000    
          56.5258800000000              9.85313000000000              2.35022000000000    
          57.6049900000000              10.3289100000000              2.37725000000000    
          58.6932500000000              10.8440300000000              2.40687000000000    
          59.7788800000000              11.3885200000000              2.43954000000000    
          60.8731300000000              11.9283400000000              2.47706000000000    
          61.9712200000000              12.4587200000000              2.51910000000000    
          63.0733000000000              12.9806200000000              2.56539000000000    
          64.1787000000000              13.4942500000000              2.61567000000000    
          65.2872800000000              14.0000000000000              2.66968000000000    
          31.6152800000000              3.26498000000000              1.64503000000000    
          32.9337300000000              3.50908000000000              1.67260000000000    
          34.2446100000000              3.76877000000000              1.69852000000000    
          35.5497200000000              4.02959000000000              1.72975000000000    
          36.8463900000000              4.28995000000000              1.76524000000000    
          38.1454700000000              4.55370000000000              1.80424000000000    
          39.4302600000000              4.81743000000000              1.84539000000000    
          40.7008900000000              5.08145000000000              1.88768000000000    
          41.9549500000000              5.34994000000000              1.92908000000000    
          43.1917500000000              5.62486000000000              1.96924000000000    
          44.4113100000000              5.90696000000000              2.00836000000000    
          45.6230200000000              6.20042000000000              2.04693000000000    
          46.8138400000000              6.50298000000000              2.08481000000000    
          47.9848900000000              6.81600000000000              2.12235000000000    
          49.1403600000000              7.14212000000000              2.15972000000000    
          50.2823000000000              7.48089000000000              2.19494000000000    
          51.4116100000000              7.83389000000000              2.22744000000000    
          52.5189500000000              8.19847000000000              2.25693000000000    
          53.6184800000000              8.58220000000000              2.28354000000000    
          54.7098500000000              8.99118000000000              2.30678000000000    
          55.7902100000000              9.42414000000000              2.32898000000000    
          56.8610800000000              9.87978000000000              2.35327000000000    
          57.9134300000000              10.3527200000000              2.37954000000000    
          58.9760900000000              10.8654700000000              2.40854000000000    
          60.0376500000000              11.4062600000000              2.44079000000000    
          61.1080500000000              11.9421600000000              2.47793000000000    
          62.1822400000000              12.4688200000000              2.51957000000000    
          63.2603700000000              12.9871700000000              2.56547000000000    
          64.3417700000000              13.4974400000000              2.61535000000000    
          65.4263000000000              14.0000000000000              2.66897000000000    
          32.3928300000000              3.26796000000000              1.67410000000000    
          33.6965800000000              3.51480000000000              1.69905000000000    
          34.9924900000000              3.77694000000000              1.72306000000000    
          36.2820000000000              4.04001000000000              1.75276000000000    
          37.5637000000000              4.30256000000000              1.78707000000000    
          38.8471500000000              4.56844000000000              1.82512000000000    
          40.1154700000000              4.83413000000000              1.86551000000000    
          41.3685800000000              5.10001000000000              1.90714000000000    
          42.6040300000000              5.37046000000000              1.94769000000000    
          43.8211800000000              5.64719000000000              1.98688000000000    
          45.0201400000000              5.93095000000000              2.02495000000000    
          46.2103800000000              6.22618000000000              2.06236000000000    
          47.3783500000000              6.53018000000000              2.09899000000000    
          48.5257000000000              6.84449000000000              2.13522000000000    
          49.6567600000000              7.17160000000000              2.17111000000000    
          50.7735900000000              7.51100000000000              2.20472000000000    
          51.8771400000000              7.86445000000000              2.23567000000000    
          52.9576900000000              8.22850000000000              2.26366000000000    
          54.0314600000000              8.61222000000000              2.28884000000000    
          55.0961100000000              9.02075000000000              2.31067000000000    
          56.1499000000000              9.45241000000000              2.33197000000000    
          57.1939900000000              9.90644000000000              2.35552000000000    
          58.2201800000000              10.3765900000000              2.38117000000000    
          59.2575500000000              10.8869600000000              2.40968000000000    
          60.2953700000000              11.4240000000000              2.44161000000000    
          61.3421100000000              11.9559900000000              2.47843000000000    
          62.3926200000000              12.4789000000000              2.51974000000000    
          63.4470200000000              12.9937300000000              2.56528000000000    
          64.5046200000000              13.5006400000000              2.61479000000000    
          65.5653200000000              14.0000000000000              2.66805000000000    
          33.1698300000000              3.27095000000000              1.69925000000000    
          34.4583700000000              3.52053000000000              1.72209000000000    
          35.7388200000000              3.78512000000000              1.74472000000000    
          37.0122900000000              4.05041000000000              1.77329000000000    
          38.2786800000000              4.31517000000000              1.80670000000000    
          39.5461200000000              4.58320000000000              1.84401000000000    
          40.7976200000000              4.85084000000000              1.88375000000000    
          42.0328900000000              5.11861000000000              1.92471000000000    
          43.2495000000000              5.39103000000000              1.96442000000000    
          44.4468200000000              5.66958000000000              2.00265000000000    
          45.6251400000000              5.95506000000000              2.03967000000000    
          46.7936400000000              6.25202000000000              2.07595000000000    
          47.9387400000000              6.55747000000000              2.11138000000000    
          49.0624000000000              6.87308000000000              2.14634000000000    
          50.1691300000000              7.20117000000000              2.18078000000000    
          51.2609600000000              7.54121000000000              2.21290000000000    
          52.3388800000000              7.89511000000000              2.24241000000000    
          53.3931600000000              8.25867000000000              2.26903000000000    
          54.4413400000000              8.64236000000000              2.29290000000000    
          55.4795600000000              9.05042000000000              2.31351000000000    
          56.5070800000000              9.48076000000000              2.33409000000000    
          57.5245900000000              9.93307000000000              2.35703000000000    
          58.5252300000000              10.4005000000000              2.38219000000000    
          59.5376400000000              10.9085000000000              2.41031000000000    
          60.5520100000000              11.4417300000000              2.44202000000000    
          61.5753000000000              11.9698000000000              2.47858000000000    
          62.6023600000000              12.4889900000000              2.51959000000000    
          63.6332300000000              13.0002800000000              2.56482000000000    
          64.6672700000000              13.5038300000000              2.61399000000000    
          65.7043300000000              14.0000000000000              2.66690000000000    
          33.9462600000000              3.27394000000000              1.72072000000000    
          35.2190900000000              3.52627000000000              1.74194000000000    
          36.4836000000000              3.79330000000000              1.76367000000000    
          37.7406000000000              4.06080000000000              1.79148000000000    
          38.9913300000000              4.32779000000000              1.82426000000000    
          40.2423600000000              4.59797000000000              1.86100000000000    
          41.4766900000000              4.86756000000000              1.90020000000000    
          42.6938300000000              5.13725000000000              1.94051000000000    
          43.8913500000000              5.41165000000000              1.97937000000000    
          45.0686600000000              5.69202000000000              2.01666000000000    
          46.2262800000000              5.97927000000000              2.05266000000000    
          47.3728100000000              6.27796000000000              2.08783000000000    
          48.4950000000000              6.58487000000000              2.12209000000000    
          49.5950000000000              6.90180000000000              2.15584000000000    
          50.6774700000000              7.23084000000000              2.18888000000000    
          51.7444200000000              7.57153000000000              2.21959000000000    
          52.7968000000000              7.92585000000000              2.24777000000000    
          53.8253400000000              8.28899000000000              2.27315000000000    
          54.8481100000000              8.67261000000000              2.29585000000000    
          55.8602100000000              9.08016000000000              2.31540000000000    
          56.8617600000000              9.50918000000000              2.33541000000000    
          57.8528900000000              9.95964000000000              2.35788000000000    
          58.8286000000000              10.4244700000000              2.38266000000000    
          59.8163700000000              10.9300700000000              2.41048000000000    
          60.8075700000000              11.4594500000000              2.44203000000000    
          61.8076400000000              11.9836100000000              2.47839000000000    
          62.8114500000000              12.4990800000000              2.51915000000000    
          63.8190200000000              13.0068300000000              2.56409000000000    
          64.8296900000000              13.5070300000000              2.61295000000000    
          65.8433500000000              14.0000000000000              2.66553000000000    
          34.7220900000000              3.27694000000000              1.73877000000000    
          35.9787000000000              3.53201000000000              1.75884000000000    
          37.2268000000000              3.80148000000000              1.78010000000000    
          38.4669100000000              4.07118000000000              1.80748000000000    
          39.7016100000000              4.34042000000000              1.83988000000000    
          40.9358600000000              4.61274000000000              1.87620000000000    
          42.1526800000000              4.88429000000000              1.91495000000000    
          43.3513800000000              5.15593000000000              1.95462000000000    
          44.5295800000000              5.43232000000000              1.99266000000000    
          45.6867000000000              5.71453000000000              2.02904000000000    
          46.8235300000000              6.00359000000000              2.06405000000000    
          47.9478700000000              6.30398000000000              2.09814000000000    
          49.0471200000000              6.61236000000000              2.13127000000000    
          50.1234800000000              6.93062000000000              2.16384000000000    
          51.1818000000000              7.26061000000000              2.19554000000000    
          52.2239500000000              7.60196000000000              2.22494000000000    
          53.2509100000000              7.95665000000000              2.25189000000000    
          54.2542200000000              8.31944000000000              2.27615000000000    
          55.2517700000000              8.70298000000000              2.29779000000000    
          56.2380700000000              9.10999000000000              2.31644000000000    
          57.2139300000000              9.53767000000000              2.33602000000000    
          58.1789100000000              9.98611000000000              2.35813000000000    
          59.1302900000000              10.4484900000000              2.38261000000000    
          60.0937600000000              10.9516700000000              2.41022000000000    
          61.0620600000000              11.4771700000000              2.44167000000000    
          62.0391100000000              11.9974200000000              2.47787000000000    
          63.0199000000000              12.5091600000000              2.51841000000000    
          64.0043700000000              13.0133900000000              2.56309000000000    
          64.9918900000000              13.5102200000000              2.61166000000000    
          65.9823500000000              14.0000000000000              2.66393000000000    
          35.4973000000000              3.27994000000000              1.75371000000000    
          36.7371900000000              3.53777000000000              1.77305000000000    
          37.9684000000000              3.80967000000000              1.79423000000000    
          39.1912200000000              4.08155000000000              1.82148000000000    
          40.4095100000000              4.35305000000000              1.85370000000000    
          41.6265900000000              4.62752000000000              1.88977000000000    
          42.8255700000000              4.90102000000000              1.92814000000000    
          44.0055100000000              5.17465000000000              1.96719000000000    
          45.1641700000000              5.45304000000000              2.00443000000000    
          46.3009100000000              5.73709000000000              2.03993000000000    
          47.4168500000000              6.02803000000000              2.07398000000000    
          48.5188100000000              6.33008000000000              2.10702000000000    
          49.5950900000000              6.63996000000000              2.13905000000000    
          50.6478500000000              6.95955000000000              2.17049000000000    
          51.6820900000000              7.29048000000000              2.20090000000000    
          52.6995700000000              7.63250000000000              2.22908000000000    
          53.7012000000000              7.98747000000000              2.25490000000000    
          54.6797700000000              8.35002000000000              2.27814000000000    
          55.6523300000000              8.73347000000000              2.29883000000000    
          56.6131500000000              9.13988000000000              2.31675000000000    
          57.5635900000000              9.56622000000000              2.33599000000000    
          58.5027200000000              10.0124700000000              2.35783000000000    
          59.4302900000000              10.4725700000000              2.38210000000000    
          60.3698100000000              10.9733000000000              2.40956000000000    
          61.3154800000000              11.4948700000000              2.44095000000000    
          62.2697200000000              12.0112200000000              2.47702000000000    
          63.2277000000000              12.5192400000000              2.51738000000000    
          64.1892900000000              13.0199400000000              2.56182000000000    
          65.1538800000000              13.5134200000000              2.61013000000000    
          66.1213600000000              14.0000000000000              2.66211000000000    
          36.2718600000000              3.28294000000000              1.76586000000000    
          37.4945400000000              3.54352000000000              1.78487000000000    
          38.7083900000000              3.81786000000000              1.80630000000000    
          39.9135200000000              4.09191000000000              1.83367000000000    
          41.1150100000000              4.36569000000000              1.86590000000000    
          42.3145400000000              4.64231000000000              1.90182000000000    
          43.4953300000000              4.91776000000000              1.93990000000000    
          44.6562300000000              5.19342000000000              1.97835000000000    
          45.7951200000000              5.47381000000000              2.01482000000000    
          46.9113000000000              5.75970000000000              2.04946000000000    
          48.0062000000000              6.05256000000000              2.08258000000000    
          49.0856400000000              6.35628000000000              2.11461000000000    
          50.1389300000000              6.66767000000000              2.14559000000000    
          51.1681100000000              6.98860000000000              2.17592000000000    
          52.1783500000000              7.32045000000000              2.20510000000000    
          53.1712700000000              7.66315000000000              2.23213000000000    
          54.1477000000000              8.01831000000000              2.25691000000000    
          55.1019800000000              8.38071000000000              2.27922000000000    
          56.0498000000000              8.76408000000000              2.29907000000000    
          56.9854500000000              9.16986000000000              2.31639000000000    
          57.9107400000000              9.59484000000000              2.33539000000000    
          58.8243900000000              10.0387600000000              2.35704000000000    
          59.7286300000000              10.4967000000000              2.38117000000000    
          60.6445300000000              10.9949500000000              2.40853000000000    
          61.5678100000000              11.5125700000000              2.43990000000000    
          62.4994700000000              12.0250100000000              2.47587000000000    
          63.4348600000000              12.5293200000000              2.51606000000000    
          64.3737900000000              13.0264900000000              2.56030000000000    
          65.3156500000000              13.5166100000000              2.60836000000000    
          66.2603600000000              14.0000000000000              2.66008000000000    
          37.0457600000000              3.28595000000000              1.77554000000000    
          38.2507400000000              3.54929000000000              1.79458000000000    
          39.4467400000000              3.82605000000000              1.81653000000000    
          40.6338300000000              4.10227000000000              1.84424000000000    
          41.8181000000000              4.37833000000000              1.87663000000000    
          42.9997100000000              4.65711000000000              1.91252000000000    
          44.1619700000000              4.93451000000000              1.95035000000000    
          45.3035300000000              5.21222000000000              1.98823000000000    
          46.4224200000000              5.49463000000000              2.02397000000000    
          47.5178700000000              5.78237000000000              2.05779000000000    
          48.5915600000000              6.07719000000000              2.09000000000000    
          49.6483500000000              6.38257000000000              2.12105000000000    
          50.6786300000000              6.69547000000000              2.15100000000000    
          51.6842600000000              7.01775000000000              2.18025000000000    
          52.6705800000000              7.35052000000000              2.20826000000000    
          53.6390500000000              7.69392000000000              2.23422000000000    
          54.5904400000000              8.04912000000000              2.25804000000000    
          55.5208600000000              8.41152000000000              2.27951000000000    
          56.4441700000000              8.79481000000000              2.29860000000000    
          57.3549700000000              9.19991000000000              2.31545000000000    
          58.2554000000000              9.62352000000000              2.33430000000000    
          59.1440100000000              10.0650000000000              2.35581000000000    
          60.0253000000000              10.5208800000000              2.37985000000000    
          60.9179200000000              11.0166100000000              2.40716000000000    
          61.8190600000000              11.5302700000000              2.43853000000000    
          62.7283500000000              12.0388000000000              2.47443000000000    
          63.6413700000000              12.5393900000000              2.51448000000000    
          64.5578400000000              13.0330400000000              2.55852000000000    
          65.4772000000000              13.5198100000000              2.60636000000000    
          66.3993600000000              14.0000000000000              2.65782000000000    
          37.8190000000000              3.28896000000000              1.78310000000000    
          39.0057600000000              3.55506000000000              1.80247000000000    
          40.1834400000000              3.83424000000000              1.82517000000000    
          41.3521200000000              4.11262000000000              1.85339000000000    
          42.5187700000000              4.39098000000000              1.88607000000000    
          43.6820700000000              4.67192000000000              1.92202000000000    
          44.8254800000000              4.95128000000000              1.95966000000000    
          45.9474000000000              5.23107000000000              1.99697000000000    
          47.0460700000000              5.51551000000000              2.03202000000000    
          48.1206200000000              5.80509000000000              2.06504000000000    
          49.1729100000000              6.10191000000000              2.09638000000000    
          50.2069400000000              6.40894000000000              2.12647000000000    
          51.2141800000000              6.72339000000000              2.15542000000000    
          52.1963000000000              7.04701000000000              2.18362000000000    
          53.1587800000000              7.38070000000000              2.21050000000000    
          54.1029200000000              7.72480000000000              2.23546000000000    
          55.0295000000000              8.07992000000000              2.25840000000000    
          55.9364100000000              8.44244000000000              2.27911000000000    
          56.8354600000000              8.82567000000000              2.29752000000000    
          57.7217300000000              9.23003000000000              2.31402000000000    
          58.5975800000000              9.65226000000000              2.33277000000000    
          59.4616200000000              10.0912300000000              2.35421000000000    
          60.3202900000000              10.5451200000000              2.37819000000000    
          61.1900000000000              11.0382700000000              2.40548000000000    
          62.0692300000000              11.5479500000000              2.43687000000000    
          62.9563600000000              12.0525800000000              2.47271000000000    
          63.8472200000000              12.5494700000000              2.51263000000000    
          64.7414600000000              13.0395900000000              2.55650000000000    
          65.6385300000000              13.5230000000000              2.60413000000000    
          66.5383600000000              14.0000000000000              2.65536000000000    
          38.5915500000000              3.29198000000000              1.78885000000000    
          39.7596200000000              3.56084000000000              1.80882000000000    
          40.9184900000000              3.84244000000000              1.83245000000000    
          42.0684100000000              4.12296000000000              1.86132000000000    
          43.2170100000000              4.40363000000000              1.89439000000000    
          44.3616400000000              4.68673000000000              1.93045000000000    
          45.4858400000000              4.96806000000000              1.96794000000000    
          46.5878400000000              5.24995000000000              2.00472000000000    
          47.6660600000000              5.53644000000000              2.03910000000000    
          48.7195500000000              5.82788000000000              2.07135000000000    
          49.7502300000000              6.12673000000000              2.10184000000000    
          50.7614200000000              6.43541000000000              2.13100000000000    
          51.7455900000000              6.75141000000000              2.15897000000000    
          52.7042500000000              7.07637000000000              2.18612000000000    
          53.6429600000000              7.41099000000000              2.21194000000000    
          54.5628800000000              7.75580000000000              2.23596000000000    
          55.4649400000000              8.11070000000000              2.25808000000000    
          56.3486400000000              8.47348000000000              2.27810000000000    
          57.2236700000000              8.85665000000000              2.29591000000000    
          58.0857000000000              9.26023000000000              2.31215000000000    
          58.9372700000000              9.68107000000000              2.33086000000000    
          59.7772700000000              10.1174700000000              2.35226000000000    
          60.6136300000000              10.5694200000000              2.37623000000000    
          61.4607700000000              11.0599400000000              2.40352000000000    
          62.3183100000000              11.5656300000000              2.43494000000000    
          63.1835100000000              12.0663600000000              2.47073000000000    
          64.0524300000000              12.5595400000000              2.51054000000000    
          64.9246500000000              13.0461300000000              2.55425000000000    
          65.7996400000000              13.5261900000000              2.60169000000000    
          66.6773500000000              14.0000000000000              2.65270000000000    
          39.3634200000000              3.29500000000000              1.79311000000000    
          40.5122900000000              3.56662000000000              1.81389000000000    
          41.6518800000000              3.85065000000000              1.83859000000000    
          42.7826900000000              4.13331000000000              1.86821000000000    
          43.9128300000000              4.41628000000000              1.90175000000000    
          45.0383900000000              4.70156000000000              1.93798000000000    
          46.1430500000000              4.98485000000000              1.97533000000000    
          47.2248400000000              5.26888000000000              2.01161000000000    
          48.2824000000000              5.55742000000000              2.04534000000000    
          49.3146800000000              5.85073000000000              2.07684000000000    
          50.3235200000000              6.15163000000000              2.10650000000000    
          51.3117800000000              6.46197000000000              2.13475000000000    
          52.2728700000000              6.77954000000000              2.16176000000000    
          53.2081000000000              7.10584000000000              2.18788000000000    
          54.1231200000000              7.44138000000000              2.21268000000000    
          55.0189200000000              7.78692000000000              2.23582000000000    
          55.8968500000000              8.14152000000000              2.25719000000000    
          56.7575600000000              8.50463000000000              2.27658000000000    
          57.6088200000000              8.88776000000000              2.29384000000000    
          58.4469200000000              9.29052000000000              2.30992000000000    
          59.2745000000000              9.70997000000000              2.32863000000000    
          60.0909800000000              10.1437600000000              2.35002000000000    
          60.9053100000000              10.5937700000000              2.37400000000000    
          61.7302300000000              11.0816200000000              2.40131000000000    
          62.5663100000000              11.5833100000000              2.43277000000000    
          63.4097900000000              12.0801300000000              2.46852000000000    
          64.2569900000000              12.5696000000000              2.50823000000000    
          65.1074000000000              13.0526800000000              2.55178000000000    
          65.9605400000000              13.5293900000000              2.59903000000000    
          66.8163400000000              14.0000000000000              2.64984000000000    
          40.1345900000000              3.29803000000000              1.79616000000000    
          41.2637800000000              3.57241000000000              1.81793000000000    
          42.3836100000000              3.85886000000000              1.84379000000000    
          43.4949600000000              4.14365000000000              1.87423000000000    
          44.6062200000000              4.42894000000000              1.90829000000000    
          45.7123300000000              4.71639000000000              1.94472000000000    
          46.7971200000000              5.00167000000000              1.98196000000000    
          47.8584100000000              5.28785000000000              2.01775000000000    
          48.8950800000000              5.57846000000000              2.05086000000000    
          49.9060000000000              5.87366000000000              2.08163000000000    
          50.8927600000000              6.17662000000000              2.11047000000000    
          51.8580400000000              6.48863000000000              2.13781000000000    
          52.7960100000000              6.80778000000000              2.16387000000000    
          53.7078600000000              7.13541000000000              2.18897000000000    
          54.5992600000000              7.47188000000000              2.21281000000000    
          55.4710700000000              7.81814000000000              2.23513000000000    
          56.3252800000000              8.17240000000000              2.25579000000000    
          57.1631900000000              8.53590000000000              2.27460000000000    
          57.9909000000000              8.91899000000000              2.29137000000000    
          58.8053900000000              9.32089000000000              2.30737000000000    
          59.6092500000000              9.73896000000000              2.32613000000000    
          60.4027400000000              10.1701100000000              2.34753000000000    
          61.1953500000000              10.6181800000000              2.37153000000000    
          61.9983900000000              11.1032900000000              2.39887000000000    
          62.8132200000000              11.6009700000000              2.43037000000000    
          63.6352000000000              12.0938900000000              2.46608000000000    
          64.4608900000000              12.5796700000000              2.50570000000000    
          65.2897200000000              13.0592300000000              2.54911000000000    
          66.1212200000000              13.5325800000000              2.59619000000000    
          66.9553200000000              14.0000000000000              2.64681000000000    
          40.9050800000000              3.30106000000000              1.79828000000000    
          42.0140800000000              3.57820000000000              1.82117000000000    
          43.1136700000000              3.86707000000000              1.84825000000000    
          44.2052400000000              4.15400000000000              1.87956000000000    
          45.2971700000000              4.44161000000000              1.91416000000000    
          46.3834600000000              4.73123000000000              1.95081000000000    
          47.4480300000000              5.01851000000000              1.98795000000000    
          48.4885500000000              5.30686000000000              2.02325000000000    
          49.5041100000000              5.59955000000000              2.05575000000000    
          50.4935200000000              5.89668000000000              2.08581000000000    
          51.4579700000000              6.20169000000000              2.11383000000000    
          52.4001800000000              6.51539000000000              2.14027000000000    
          53.3150200000000              6.83614000000000              2.16539000000000    
          54.2035400000000              7.16507000000000              2.18949000000000    
          55.0713900000000              7.50248000000000              2.21241000000000    
          55.9193200000000              7.84947000000000              2.23395000000000    
          56.7502700000000              8.20338000000000              2.25397000000000    
          57.5655300000000              8.56730000000000              2.27224000000000    
          58.3699300000000              8.95036000000000              2.28857000000000    
          59.1610900000000              9.35133000000000              2.30457000000000    
          59.9415400000000              9.76806000000000              2.32339000000000    
          60.7125900000000              10.1965500000000              2.34482000000000    
          61.4837400000000              10.6426400000000              2.36886000000000    
          62.2652400000000              11.1249500000000              2.39623000000000    
          63.0590400000000              11.6186300000000              2.42777000000000    
          63.8597500000000              12.1076500000000              2.46345000000000    
          64.6641500000000              12.5897300000000              2.50297000000000    
          65.4716000000000              13.0657700000000              2.54625000000000    
          66.2816700000000              13.5357700000000              2.59317000000000    
          67.0943100000000              14.0000000000000              2.64360000000000    
          41.6748700000000              3.30410000000000              1.79971000000000    
          42.7631900000000              3.58400000000000              1.82381000000000    
          43.8420600000000              3.87529000000000              1.85213000000000    
          44.9135200000000              4.16435000000000              1.88432000000000    
          45.9857000000000              4.45427000000000              1.91948000000000    
          47.0517800000000              4.74608000000000              1.95636000000000    
          48.0957800000000              5.03538000000000              1.99338000000000    
          49.1152600000000              5.32591000000000              2.02822000000000    
          50.1094900000000              5.62070000000000              2.06012000000000    
          51.0772200000000              5.91978000000000              2.08946000000000    
          52.0191300000000              6.22685000000000              2.11667000000000    
          52.9382300000000              6.54224000000000              2.14222000000000    
          53.8299100000000              6.86461000000000              2.16638000000000    
          54.6951500000000              7.19484000000000              2.18950000000000    
          55.5395200000000              7.53320000000000              2.21155000000000    
          56.3636900000000              7.88090000000000              2.23236000000000    
          57.1718100000000              8.23450000000000              2.25178000000000    
          57.9645900000000              8.59882000000000              2.26956000000000    
          58.7459300000000              8.98185000000000              2.28549000000000    
          59.5140600000000              9.38187000000000              2.30154000000000    
          60.2713300000000              9.79729000000000              2.32046000000000    
          61.0204900000000              10.2230700000000              2.34193000000000    
          61.7704900000000              10.6671500000000              2.36601000000000    
          62.5307800000000              11.1466100000000              2.39343000000000    
          63.3037800000000              11.6362800000000              2.42500000000000    
          64.0834400000000              12.1214000000000              2.46064000000000    
          64.8667500000000              12.5998000000000              2.50007000000000    
          65.6530500000000              13.0723100000000              2.54322000000000    
          66.4419100000000              13.5389700000000              2.58998000000000    
          67.2332800000000              14.0000000000000              2.64024000000000    
          42.4439500000000              3.30714000000000              1.80065000000000    
          43.5111000000000              3.58980000000000              1.82603000000000    
          44.5687800000000              3.88351000000000              1.85558000000000    
          45.6197900000000              4.17470000000000              1.88866000000000    
          46.6717900000000              4.46695000000000              1.92436000000000    
          47.7172800000000              4.76094000000000              1.96146000000000    
          48.7403800000000              5.05227000000000              1.99836000000000    
          49.7385300000000              5.34501000000000              2.03273000000000    
          50.7112100000000              5.64190000000000              2.06403000000000    
          51.6571000000000              5.94299000000000              2.09266000000000    
          52.5762600000000              6.25209000000000              2.11905000000000    
          53.4721800000000              6.56918000000000              2.14371000000000    
          54.3406900000000              6.89320000000000              2.16692000000000    
          55.1826900000000              7.22470000000000              2.18907000000000    
          56.0036500000000              7.56402000000000              2.21029000000000    
          56.8042100000000              7.91242000000000              2.23041000000000    
          57.5899000000000              8.26578000000000              2.24927000000000    
          58.3603800000000              8.63048000000000              2.26660000000000    
          59.1189200000000              9.01346000000000              2.28219000000000    
          59.8642900000000              9.41249000000000              2.29834000000000    
          60.5986300000000              9.82665000000000              2.31737000000000    
          61.3264700000000              10.2496500000000              2.33888000000000    
          62.0556100000000              10.6917200000000              2.36301000000000    
          62.7950300000000              11.1682600000000              2.39047000000000    
          63.5474200000000              11.6539200000000              2.42207000000000    
          64.3062400000000              12.1351500000000              2.45767000000000    
          65.0687000000000              12.6098500000000              2.49701000000000    
          65.8340600000000              13.0788600000000              2.54003000000000    
          66.6019300000000              13.5421600000000              2.58663000000000    
          67.3722600000000              14.0000000000000              2.63673000000000    
          43.2123500000000              3.31018000000000              1.80130000000000    
          44.2578400000000              3.59560000000000              1.82798000000000    
          45.2938200000000              3.89173000000000              1.85874000000000    
          46.3240700000000              4.18506000000000              1.89266000000000    
          47.3554600000000              4.47962000000000              1.92889000000000    
          48.3799700000000              4.77580000000000              1.96620000000000    
          49.3818300000000              5.06919000000000              2.00295000000000    
          50.3583800000000              5.36415000000000              2.03685000000000    
          51.3092800000000              5.66316000000000              2.06755000000000    
          52.2331400000000              5.96629000000000              2.09546000000000    
          53.1293500000000              6.27741000000000              2.12103000000000    
          54.0020400000000              6.59623000000000              2.14478000000000    
          54.8473600000000              6.92190000000000              2.16703000000000    
          55.6661700000000              7.25466000000000              2.18824000000000    
          56.4637900000000              7.59496000000000              2.20867000000000    
          57.2409200000000              7.94401000000000              2.22815000000000    
          58.0045500000000              8.29720000000000              2.24648000000000    
          58.7529200000000              8.66226000000000              2.26341000000000    
          59.4889000000000              9.04517000000000              2.27871000000000    
          60.2117800000000              9.44319000000000              2.29499000000000    
          60.9234300000000              9.85610000000000              2.31415000000000    
          61.6305300000000              10.2763100000000              2.33571000000000    
          62.3391100000000              10.7163400000000              2.35988000000000    
          63.0579700000000              11.1899000000000              2.38739000000000    
          63.7899700000000              11.6715600000000              2.41901000000000    
          64.5281900000000              12.1488900000000              2.45457000000000    
          65.2700000000000              12.6199100000000              2.49381000000000    
          66.0146400000000              13.0854000000000              2.53671000000000    
          66.7617300000000              13.5453500000000              2.58316000000000    
          67.5112300000000              14.0000000000000              2.63308000000000    
          43.9800500000000              3.31323000000000              1.80179000000000    
          45.0033800000000              3.60141000000000              1.82976000000000    
          46.0172000000000              3.89995000000000              1.86169000000000    
          47.0263400000000              4.19542000000000              1.89642000000000    
          48.0367000000000              4.49231000000000              1.93314000000000    
          49.0398500000000              4.79068000000000              1.97063000000000    
          50.0201200000000              5.08615000000000              2.00721000000000    
          50.9748100000000              5.38333000000000              2.04064000000000    
          51.9037100000000              5.68447000000000              2.07072000000000    
          52.8053200000000              5.98970000000000              2.09789000000000    
          53.6784100000000              6.30282000000000              2.12263000000000    
          54.5278200000000              6.62337000000000              2.14547000000000    
          55.3499300000000              6.95071000000000              2.16676000000000    
          56.1456000000000              7.28472000000000              2.18705000000000    
          56.9199500000000              7.62601000000000              2.20673000000000    
          57.6738500000000              7.97564000000000              2.22561000000000    
          58.4157400000000              8.32877000000000              2.24345000000000    
          59.1422000000000              8.69418000000000              2.26001000000000    
          59.8558900000000              9.07698000000000              2.27508000000000    
          60.5565500000000              9.47399000000000              2.29152000000000    
          61.2457900000000              9.88559000000000              2.31081000000000    
          61.9326700000000              10.3030300000000              2.33242000000000    
          62.6209900000000              10.7410300000000              2.35664000000000    
          63.3196200000000              11.2115300000000              2.38419000000000    
          64.0314300000000              11.6891800000000              2.41583000000000    
          64.7492700000000              12.1626300000000              2.45134000000000    
          65.4706600000000              12.6299700000000              2.49049000000000    
          66.1947900000000              13.0919400000000              2.53326000000000    
          66.9213100000000              13.5485400000000              2.57955000000000    
          67.6501900000000              14.0000000000000              2.62932000000000    
          44.7470500000000              3.31629000000000              1.80224000000000    
          45.7477300000000              3.60722000000000              1.83148000000000    
          46.7389100000000              3.90817000000000              1.86450000000000    
          47.7266100000000              4.20579000000000              1.90001000000000    
          48.7155000000000              4.50499000000000              1.93718000000000    
          49.6969200000000              4.80556000000000              1.97479000000000    
          50.6552600000000              5.10314000000000              2.01118000000000    
          51.5878100000000              5.40255000000000              2.04411000000000    
          52.4945000000000              5.70583000000000              2.07356000000000    
          53.3736200000000              6.01321000000000              2.09999000000000    
          54.2234600000000              6.32832000000000              2.12388000000000    
          55.0495100000000              6.65062000000000              2.14580000000000    
          55.8484200000000              6.97963000000000              2.16612000000000    
          56.6209700000000              7.31488000000000              2.18554000000000    
          57.3721300000000              7.65718000000000              2.20451000000000    
          58.1031000000000              8.00729000000000              2.22282000000000    
          58.8234900000000              8.36047000000000              2.24021000000000    
          59.5282500000000              8.72623000000000              2.25643000000000    
          60.2199200000000              9.10889000000000              2.27134000000000    
          60.8986100000000              9.50487000000000              2.28795000000000    
          61.5657600000000              9.91509000000000              2.30738000000000    
          62.2329200000000              10.3298200000000              2.32904000000000    
          62.9012500000000              10.7657700000000              2.35331000000000    
          63.5799700000000              11.2331400000000              2.38091000000000    
          64.2718000000000              11.7068100000000              2.41256000000000    
          64.9694800000000              12.1763600000000              2.44801000000000    
          65.6706500000000              12.6400200000000              2.48707000000000    
          66.3744900000000              13.0984800000000              2.52970000000000    
          67.0806700000000              13.5517300000000              2.57584000000000    
          67.7891600000000              14.0000000000000              2.62544000000000    
          45.5133500000000              3.31935000000000              1.80271000000000    
          46.4908900000000              3.61304000000000              1.83319000000000    
          47.4589600000000              3.91640000000000              1.86724000000000    
          48.4248700000000              4.21618000000000              1.90344000000000    
          49.3918900000000              4.51769000000000              1.94101000000000    
          50.3511800000000              4.82045000000000              1.97873000000000    
          51.2872500000000              5.12016000000000              2.01487000000000    
          52.1974000000000              5.42182000000000              2.04729000000000    
          53.0816600000000              5.72724000000000              2.07609000000000    
          53.9380300000000              6.03682000000000              2.10176000000000    
          54.7644900000000              6.35389000000000              2.12479000000000    
          55.5671400000000              6.67796000000000              2.14578000000000    
          56.3428200000000              7.00865000000000              2.16513000000000    
          57.0923000000000              7.34515000000000              2.18371000000000    
          57.8203400000000              7.68846000000000              2.20201000000000    
          58.5287200000000              8.03894000000000              2.21979000000000    
          59.2278300000000              8.39230000000000              2.23677000000000    
          59.9110700000000              8.75841000000000              2.25269000000000    
          60.5809900000000              9.14087000000000              2.26750000000000    
          61.2379500000000              9.53583000000000              2.28429000000000    
          61.8834300000000              9.94454000000000              2.30387000000000    
          62.5312700000000              10.3566700000000              2.32558000000000    
          63.1799000000000              10.7905700000000              2.34991000000000    
          63.8390100000000              11.2547300000000              2.37755000000000    
          64.5110900000000              11.7244200000000              2.40921000000000    
          65.1888300000000              12.1900800000000              2.44460000000000    
          65.8700000000000              12.6500700000000              2.48355000000000    
          66.5537600000000              13.1050200000000              2.52605000000000    
          67.2398100000000              13.5549200000000              2.57203000000000    
          67.9281200000000              14.0000000000000              2.62146000000000    
          46.2789600000000              3.32241000000000              1.80324000000000    
          47.2328700000000              3.61885000000000              1.83490000000000    
          48.1773400000000              3.92462000000000              1.86991000000000    
          49.1211200000000              4.22657000000000              1.90676000000000    
          50.0658400000000              4.53039000000000              1.94467000000000    
          51.0026200000000              4.83534000000000              1.98244000000000    
          51.9160900000000              5.13722000000000              2.01830000000000    
          52.8035700000000              5.44113000000000              2.05018000000000    
          53.6651900000000              5.74870000000000              2.07832000000000    
          54.4985500000000              6.06052000000000              2.10320000000000    
          55.3015100000000              6.37955000000000              2.12536000000000    
          56.0807000000000              6.70541000000000              2.14541000000000    
          56.8331400000000              7.03778000000000              2.16379000000000    
          57.5595900000000              7.37553000000000              2.18157000000000    
          58.2645800000000              7.71987000000000              2.19925000000000    
          58.9508400000000              8.07055000000000              2.21654000000000    
          59.6287500000000              8.42425000000000              2.23315000000000    
          60.2906700000000              8.79072000000000              2.24879000000000    
          60.9391000000000              9.17295000000000              2.26357000000000    
          61.5746000000000              9.56687000000000              2.28055000000000    
          62.1989300000000              9.97389000000000              2.30028000000000    
          62.8277400000000              10.3835800000000              2.32206000000000    
          63.4569400000000              10.8154400000000              2.34644000000000    
          64.0967600000000              11.2763200000000              2.37413000000000    
          64.7492700000000              11.7420300000000              2.40578000000000    
          65.4073000000000              12.2038100000000              2.44111000000000    
          66.0687000000000              12.6601200000000              2.47995000000000    
          66.7326000000000              13.1115500000000              2.52231000000000    
          67.3987400000000              13.5581200000000              2.56813000000000    
          68.0670800000000              14.0000000000000              2.61739000000000    
          47.0438800000000              3.32548000000000              1.80384000000000    
          47.9736600000000              3.62467000000000              1.83662000000000    
          48.8940700000000              3.93284000000000              1.87251000000000    
          49.8153500000000              4.23697000000000              1.90993000000000    
          50.7373700000000              4.54309000000000              1.94814000000000    
          51.6512600000000              4.85024000000000              1.98591000000000    
          52.5417900000000              5.15431000000000              2.02145000000000    
          53.4063300000000              5.46049000000000              2.05277000000000    
          54.2451100000000              5.77022000000000              2.08021000000000    
          55.0551600000000              6.08432000000000              2.10429000000000    
          55.8345300000000              6.40530000000000              2.12557000000000    
          56.5901900000000              6.73296000000000              2.14468000000000    
          57.3194000000000              7.06702000000000              2.16209000000000    
          58.0228500000000              7.40601000000000              2.17913000000000    
          58.7048500000000              7.75140000000000              2.19622000000000    
          59.3695100000000              8.10215000000000              2.21307000000000    
          60.0262800000000              8.45632000000000              2.22934000000000    
          60.6670700000000              8.82317000000000              2.24476000000000    
          61.2942700000000              9.20510000000000              2.25956000000000    
          61.9085800000000              9.59799000000000              2.27674000000000    
          62.5123600000000              10.0031100000000              2.29662000000000    
          63.1223400000000              10.4105600000000              2.31847000000000    
          63.7323900000000              10.8403800000000              2.34291000000000    
          64.3532000000000              11.2978900000000              2.37065000000000    
          64.9863700000000              11.7596300000000              2.40230000000000    
          65.6249200000000              12.2175200000000              2.43756000000000    
          66.2667400000000              12.6701600000000              2.47629000000000    
          66.9110100000000              13.1180900000000              2.51850000000000    
          67.5574500000000              13.5613100000000              2.56416000000000    
          68.2060400000000              14.0000000000000              2.61324000000000    
          47.8081100000000              3.32855000000000              1.80448000000000    
          48.7132600000000              3.63049000000000              1.83832000000000    
          49.6091500000000              3.94106000000000              1.87502000000000    
          50.5075700000000              4.24737000000000              1.91295000000000    
          51.4064700000000              4.55581000000000              1.95139000000000    
          52.2971000000000              4.86515000000000              1.98912000000000    
          53.1643500000000              5.17143000000000              2.02428000000000    
          54.0056800000000              5.47989000000000              2.05501000000000    
          54.8214300000000              5.79178000000000              2.08174000000000    
          55.6078800000000              6.10820000000000              2.10501000000000    
          56.3635400000000              6.43114000000000              2.12539000000000    
          57.0956300000000              6.76062000000000              2.14356000000000    
          57.8016100000000              7.09636000000000              2.16003000000000    
          58.4820900000000              7.43660000000000              2.17637000000000    
          59.1411900000000              7.78304000000000              2.19293000000000    
          59.7847500000000              8.13377000000000              2.20937000000000    
          60.4204300000000              8.48851000000000              2.22536000000000    
          61.0402800000000              8.85576000000000              2.24057000000000    
          61.6465100000000              9.23735000000000              2.25546000000000    
          62.2398900000000              9.62918000000000              2.27286000000000    
          62.8237800000000              10.0322200000000              2.29289000000000    
          63.4150700000000              10.4376000000000              2.31482000000000    
          64.0062400000000              10.8653900000000              2.33933000000000    
          64.6083200000000              11.3194500000000              2.36712000000000    
          65.2223600000000              11.7772300000000              2.39877000000000    
          65.8416500000000              12.2312400000000              2.43395000000000    
          66.4641300000000              12.6802100000000              2.47257000000000    
          67.0889800000000              13.1246300000000              2.51463000000000    
          67.7159300000000              13.5645000000000              2.56011000000000    
          68.3449900000000              14.0000000000000              2.60901000000000    
          48.5716300000000              3.33163000000000              1.80507000000000    
          49.4516800000000              3.63631000000000              1.83992000000000    
          50.3225700000000              3.94928000000000              1.87736000000000    
          51.1977700000000              4.25779000000000              1.91575000000000    
          52.0731400000000              4.56853000000000              1.95437000000000    
          52.9401200000000              4.88007000000000              1.99201000000000    
          53.7837600000000              5.18859000000000              2.02676000000000    
          54.6016300000000              5.49933000000000              2.05688000000000    
          55.3941500000000              5.81339000000000              2.08288000000000    
          56.1567000000000              6.13216000000000              2.10532000000000    
          56.8885700000000              6.45706000000000              2.12480000000000    
          57.5970200000000              6.78839000000000              2.14202000000000    
          58.2797500000000              7.12580000000000              2.15759000000000    
          58.9373100000000              7.46730000000000              2.17329000000000    
          59.5735900000000              7.81480000000000              2.18936000000000    
          60.1965600000000              8.16546000000000              2.20545000000000    
          60.8112200000000              8.52082000000000              2.22118000000000    
          61.4103000000000              8.88849000000000              2.23624000000000    
          61.9958200000000              9.26969000000000              2.25127000000000    
          62.5685700000000              9.66044000000000              2.26890000000000    
          63.1332200000000              10.0612600000000              2.28908000000000    
          63.7059300000000              10.4647200000000              2.31112000000000    
          64.2785100000000              10.8904700000000              2.33570000000000    
          64.8621400000000              11.3410000000000              2.36355000000000    
          65.4572700000000              11.7948200000000              2.39519000000000    
          66.0575300000000              12.2449500000000              2.43030000000000    
          66.6608700000000              12.6902500000000              2.46879000000000    
          67.2665200000000              13.1311600000000              2.51069000000000    
          67.8742100000000              13.5676900000000              2.55600000000000    
          68.4839400000000              14.0000000000000              2.60471000000000    
          49.3344700000000              3.33471000000000              1.80554000000000    
          50.1889100000000              3.64214000000000              1.84134000000000    
          51.0343600000000              3.95749000000000              1.87947000000000    
          51.8859600000000              4.26821000000000              1.91827000000000    
          52.7373900000000              4.58125000000000              1.95702000000000    
          53.5803400000000              4.89499000000000              1.99453000000000    
          54.4000400000000              5.20578000000000              2.02883000000000    
          55.1941700000000              5.51883000000000              2.05831000000000    
          55.9632500000000              5.83506000000000              2.08356000000000    
          56.7016200000000              6.15620000000000              2.10517000000000    
          57.4096000000000              6.48308000000000              2.12375000000000    
          58.0943700000000              6.81626000000000              2.14003000000000    
          58.7538600000000              7.15534000000000              2.15474000000000    
          59.3885200000000              7.49811000000000              2.16986000000000    
          60.0020900000000              7.84667000000000              2.18550000000000    
          60.6049000000000              8.19724000000000              2.20128000000000    
          61.1986400000000              8.55327000000000              2.21681000000000    
          61.7771500000000              8.92136000000000              2.23176000000000    
          62.3422100000000              9.30212000000000              2.24699000000000    
          62.8945800000000              9.69179000000000              2.26486000000000    
          63.4406500000000              10.0902900000000              2.28520000000000    
          63.9949400000000              10.4919000000000              2.30735000000000    
          64.5492100000000              10.9156100000000              2.33201000000000    
          65.1146600000000              11.3625300000000              2.35993000000000    
          65.6910800000000              11.8124000000000              2.39156000000000    
          66.2725300000000              12.2586500000000              2.42660000000000    
          66.8569600000000              12.7002800000000              2.46496000000000    
          67.4436200000000              13.1377000000000              2.50671000000000    
          68.0322600000000              13.5708800000000              2.55183000000000    
          68.6228900000000              14.0000000000000              2.60035000000000    
          50.0966100000000              3.33780000000000              1.80574000000000    
          50.9249500000000              3.64796000000000              1.84247000000000    
          51.7445100000000              3.96570000000000              1.88125000000000    
          52.5721200000000              4.27864000000000              1.92041000000000    
          53.3992100000000              4.59398000000000              1.95926000000000    
          54.2177500000000              4.90992000000000              1.99660000000000    
          55.0131800000000              5.22301000000000              2.03042000000000    
          55.7833100000000              5.53836000000000              2.05924000000000    
          56.5287500000000              5.85680000000000              2.08374000000000    
          57.2426500000000              6.18032000000000              2.10450000000000    
          57.9266400000000              6.50918000000000              2.12219000000000    
          58.5876800000000              6.84425000000000              2.13755000000000    
          59.2239400000000              7.18497000000000              2.15146000000000    
          59.8357300000000              7.52903000000000              2.16606000000000    
          60.4267100000000              7.87864000000000              2.18133000000000    
          61.0097400000000              8.22915000000000              2.19685000000000    
          61.5827000000000              8.58586000000000              2.21222000000000    
          62.1408400000000              8.95437000000000              2.22710000000000    
          62.6856800000000              9.33465000000000              2.24259000000000    
          63.2179200000000              9.72325000000000              2.26073000000000    
          63.7460600000000              10.1193300000000              2.28123000000000    
          64.2821000000000              10.5191500000000              2.30352000000000    
          64.8183500000000              10.9407900000000              2.32827000000000    
          65.3658600000000              11.3840600000000              2.35626000000000    
          65.9237900000000              11.8299700000000              2.38789000000000    
          66.4866600000000              12.2723600000000              2.42285000000000    
          67.0524100000000              12.7103200000000              2.46109000000000    
          67.6202900000000              13.1442300000000              2.50267000000000    
          68.1901000000000              13.5740700000000              2.54760000000000    
          68.7618400000000              14.0000000000000              2.59592000000000    
          50.8580600000000              3.34089000000000              1.80554000000000    
          51.6598100000000              3.65379000000000              1.84318000000000    
          52.4530300000000              3.97390000000000              1.88257000000000    
          53.2562600000000              4.28907000000000              1.92207000000000    
          54.0586100000000              4.60672000000000              1.96099000000000    
          54.8523500000000              4.92485000000000              1.99813000000000    
          55.6231800000000              5.24027000000000              2.03144000000000    
          56.3690400000000              5.55795000000000              2.05960000000000    
          57.0906100000000              5.87860000000000              2.08334000000000    
          57.7798000000000              6.20452000000000              2.10327000000000    
          58.4397100000000              6.53538000000000              2.12009000000000    
          59.0769600000000              6.87234000000000              2.13453000000000    
          59.6899800000000              7.21471000000000              2.14772000000000    
          60.2789500000000              7.56006000000000              2.16186000000000    
          60.8475000000000              7.91071000000000              2.17683000000000    
          61.4110000000000              8.26123000000000              2.19214000000000    
          61.9634200000000              8.61858000000000              2.20741000000000    
          62.5013900000000              8.98753000000000              2.22227000000000    
          63.0262500000000              9.36726000000000              2.23806000000000    
          63.5385500000000              9.75483000000000              2.25649000000000    
          64.0493900000000              10.1484200000000              2.27717000000000    
          64.5674100000000              10.5464700000000              2.29961000000000    
          65.0859500000000              10.9660100000000              2.32447000000000    
          65.6157500000000              11.4055800000000              2.35254000000000    
          66.1554100000000              11.8475300000000              2.38416000000000    
          66.6999200000000              12.2860500000000              2.41904000000000    
          67.2471800000000              12.7203600000000              2.45716000000000    
          67.7965200000000              13.1507600000000              2.49857000000000    
          68.3477200000000              13.5772600000000              2.54331000000000    
          68.9007900000000              14.0000000000000              2.59142000000000    
          51.6188100000000              3.34399000000000              1.80476000000000    
          52.3934700000000              3.65961000000000              1.84330000000000    
          53.1599200000000              3.98210000000000              1.88331000000000    
          53.9383900000000              4.29951000000000              1.92313000000000    
          54.7155700000000              4.61946000000000              1.96210000000000    
          55.4841500000000              4.93980000000000              1.99903000000000    
          56.2300600000000              5.25757000000000              2.03181000000000    
          56.9513700000000              5.57758000000000              2.05930000000000    
          57.6488300000000              5.90049000000000              2.08230000000000    
          58.3130600000000              6.22880000000000              2.10140000000000    
          58.9488000000000              6.56167000000000              2.11737000000000    
          59.5622200000000              6.90055000000000              2.13094000000000    
          60.1520000000000              7.24454000000000              2.14349000000000    
          60.7181800000000              7.59120000000000              2.15725000000000    
          61.2645300000000              7.94285000000000              2.17198000000000    
          61.8087100000000              8.29347000000000              2.18714000000000    
          62.3408000000000              8.65145000000000              2.20235000000000    
          62.8588000000000              9.02081000000000              2.21725000000000    
          63.3639100000000              9.39998000000000              2.23340000000000    
          63.8564400000000              9.78654000000000              2.25214000000000    
          64.3505900000000              10.1776100000000              2.27301000000000    
          64.8508800000000              10.5738600000000              2.29561000000000    
          65.3520100000000              10.9912700000000              2.32059000000000    
          65.8643300000000              11.4270900000000              2.34876000000000    
          66.3859300000000              11.8650900000000              2.38038000000000    
          66.9123200000000              12.2997500000000              2.41519000000000    
          67.4413200000000              12.7303900000000              2.45317000000000    
          67.9723200000000              13.1572900000000              2.49442000000000    
          68.5051300000000              13.5804500000000              2.53896000000000    
          69.0397300000000              14.0000000000000              2.58685000000000    
          52.3788800000000              3.34709000000000              1.80322000000000    
          53.1259600000000              3.66543000000000              1.84267000000000    
          53.8652000000000              3.99029000000000              1.88331000000000    
          54.6184800000000              4.30996000000000              1.92346000000000    
          55.3701100000000              4.63221000000000              1.96248000000000    
          56.1131400000000              4.95475000000000              1.99918000000000    
          56.8337900000000              5.27490000000000              2.03143000000000    
          57.5303100000000              5.59726000000000              2.05827000000000    
          58.2033800000000              5.92245000000000              2.08053000000000    
          58.8424500000000              6.25316000000000              2.09885000000000    
          59.4539200000000              6.58806000000000              2.11400000000000    
          60.0434600000000              6.92886000000000              2.12674000000000    
          60.6100000000000              7.27447000000000              2.13874000000000    
          61.1534300000000              7.62246000000000              2.15219000000000    
          61.6779100000000              7.97504000000000              2.16675000000000    
          62.2028800000000              8.32586000000000              2.18182000000000    
          62.7148500000000              8.68445000000000              2.19703000000000    
          63.2131100000000              9.05420000000000              2.21203000000000    
          63.6986800000000              9.43280000000000              2.22857000000000    
          64.1715400000000              9.81842000000000              2.24766000000000    
          64.6496600000000              10.2069000000000              2.26872000000000    
          65.1325400000000              10.6013300000000              2.29150000000000    
          65.6165200000000              11.0165400000000              2.31663000000000    
          66.1116000000000              11.4485900000000              2.34490000000000    
          66.6153600000000              11.8826400000000              2.37653000000000    
          67.1238300000000              12.3134400000000              2.41127000000000    
          67.6348000000000              12.7404200000000              2.44913000000000    
          68.1476900000000              13.1638200000000              2.49020000000000    
          68.6623100000000              13.5836400000000              2.53454000000000    
          69.1786700000000              14.0000000000000              2.58222000000000    
          53.1382400000000              3.35020000000000              1.80069000000000    
          53.8572500000000              3.67126000000000              1.84111000000000    
          54.5688700000000              3.99848000000000              1.88242000000000    
          55.2965600000000              4.32041000000000              1.92291000000000    
          56.0222200000000              4.64497000000000              1.96200000000000    
          56.7393200000000              4.96972000000000              1.99848000000000    
          57.4344000000000              5.29226000000000              2.03021000000000    
          58.1058400000000              5.61699000000000              2.05642000000000    
          58.7542400000000              5.94451000000000              2.07797000000000    
          59.3679700000000              6.27760000000000              2.09553000000000    
          59.9550700000000              6.61454000000000              2.10992000000000    
          60.5206900000000              6.95729000000000              2.12188000000000    
          61.0640000000000              7.30450000000000              2.13344000000000    
          61.5846900000000              7.65383000000000              2.14665000000000    
          62.0877400000000              8.00725000000000              2.16111000000000    
          62.5935300000000              8.35840000000000              2.17615000000000    
          63.0855900000000              8.71759000000000              2.19143000000000    
          63.5643100000000              9.08770000000000              2.20661000000000    
          64.0305600000000              9.46572000000000              2.22357000000000    
          64.4839000000000              9.85041000000000              2.24303000000000    
          64.9466000000000              10.2362700000000              2.26429000000000    
          65.4123700000000              10.6288600000000              2.28728000000000    
          65.8795200000000              11.0418200000000              2.31257000000000    
          66.3575400000000              11.4700700000000              2.34095000000000    
          66.8437000000000              11.9001800000000              2.37260000000000    
          67.3344800000000              12.3271200000000              2.40727000000000    
          67.8276300000000              12.7504400000000              2.44501000000000    
          68.3226200000000              13.1703500000000              2.48591000000000    
          68.8192700000000              13.5868300000000              2.53005000000000    
          69.3176000000000              14.0000000000000              2.57751000000000    
          53.8969100000000              3.35331000000000              1.79699000000000    
          54.5873600000000              3.67708000000000              1.83844000000000    
          55.2709500000000              4.00666000000000              1.88047000000000    
          55.9726100000000              4.33086000000000              1.92135000000000    
          56.6719100000000              4.65773000000000              1.96053000000000    
          57.3626800000000              4.98470000000000              1.99681000000000    
          58.0318800000000              5.30967000000000              2.02804000000000    
          58.6779800000000              5.63677000000000              2.05365000000000    
          59.3013600000000              5.96665000000000              2.07455000000000    
          59.8896300000000              6.30211000000000              2.09141000000000    
          60.4522700000000              6.64111000000000              2.10508000000000    
          60.9939200000000              6.98582000000000              2.11633000000000    
          61.5139700000000              7.33463000000000              2.12755000000000    
          62.0119800000000              7.68533000000000              2.14062000000000    
          62.4941700000000              8.03944000000000              2.15506000000000    
          62.9807100000000              8.39106000000000              2.17014000000000    
          63.4530300000000              8.75088000000000              2.18552000000000    
          63.9124200000000              9.12130000000000              2.20096000000000    
          64.3595600000000              9.49873000000000              2.21837000000000    
          64.7936700000000              9.88248000000000              2.23822000000000    
          65.2414300000000              10.2657400000000              2.25971000000000    
          65.6903900000000              10.6564600000000              2.28292000000000    
          66.1409800000000              11.0671000000000              2.30839000000000    
          66.6021700000000              11.4915500000000              2.33691000000000    
          67.0709400000000              11.9177100000000              2.36858000000000    
          67.5442500000000              12.3408100000000              2.40319000000000    
          68.0198000000000              12.7604700000000              2.44081000000000    
          68.4971100000000              13.1768800000000              2.48154000000000    
          68.9760300000000              13.5900200000000              2.52549000000000    
          69.4565400000000              14.0000000000000              2.57273000000000    
          54.6548800000000              3.35642000000000              1.79189000000000    
          55.3162700000000              3.68290000000000              1.83447000000000    
          55.9714200000000              4.01483000000000              1.87729000000000    
          56.6466400000000              4.34132000000000              1.91863000000000    
          57.3191600000000              4.67050000000000              1.95795000000000    
          57.9832400000000              4.99970000000000              1.99407000000000    
          58.6262300000000              5.32710000000000              2.02484000000000    
          59.2467200000000              5.65659000000000              2.04991000000000    
          59.8447300000000              5.98890000000000              2.07020000000000    
          60.4074300000000              6.32671000000000              2.08641000000000    
          60.9455000000000              6.66778000000000              2.09943000000000    
          61.4631600000000              7.01445000000000              2.11005000000000    
          61.9599500000000              7.36488000000000              2.12106000000000    
          62.4352800000000              7.71695000000000              2.13407000000000    
          62.8973500000000              8.07162000000000              2.14855000000000    
          63.3644400000000              8.42386000000000              2.16374000000000    
          63.8171800000000              8.78431000000000              2.17930000000000    
          64.2574500000000              9.15499000000000              2.19506000000000    
          64.6856800000000              9.53184000000000              2.21295000000000    
          65.1010300000000              9.91454000000000              2.23323000000000    
          65.5341700000000              10.2952900000000              2.25496000000000    
          65.9666100000000              10.6841300000000              2.27841000000000    
          66.4009300000000              11.0923900000000              2.30409000000000    
          66.8454700000000              11.5130200000000              2.33274000000000    
          67.2970800000000              11.9352300000000              2.36445000000000    
          67.7531500000000              12.3544800000000              2.39901000000000    
          68.2113200000000              12.7704900000000              2.43651000000000    
          68.6711700000000              13.1834000000000              2.47709000000000    
          69.1325500000000              13.5932100000000              2.52084000000000    
          69.5954700000000              14.0000000000000              2.56786000000000    
          55.4121400000000              3.35954000000000              1.78518000000000    
          56.0439800000000              3.68873000000000              1.82901000000000    
          56.6703100000000              4.02299000000000              1.87273000000000    
          57.3186400000000              4.35178000000000              1.91460000000000    
          57.9639700000000              4.68328000000000              1.95413000000000    
          58.6009800000000              5.01471000000000              1.99014000000000    
          59.2174500000000              5.34457000000000              2.02052000000000    
          59.8120800000000              5.67646000000000              2.04510000000000    
          60.3843600000000              6.01123000000000              2.06485000000000    
          60.9213800000000              6.35138000000000              2.08050000000000    
          61.4347900000000              6.69455000000000              2.09295000000000    
          61.9284000000000              7.04318000000000              2.10304000000000    
          62.4019300000000              7.39522000000000              2.11393000000000    
          62.8546100000000              7.74869000000000              2.12699000000000    
          63.2973000000000              8.10377000000000              2.14160000000000    
          63.7447400000000              8.45677000000000              2.15696000000000    
          64.1780500000000              8.81788000000000              2.17275000000000    
          64.5994100000000              9.18878000000000              2.18891000000000    
          65.0089800000000              9.56505000000000              2.20731000000000    
          65.4061900000000              9.94656000000000              2.22801000000000    
          65.8248400000000              10.3249100000000              2.25002000000000    
          66.2410300000000              10.7118700000000              2.27373000000000    
          66.6593500000000              11.1176700000000              2.29964000000000    
          67.0874700000000              11.5344800000000              2.32844000000000    
          67.5221300000000              11.9527500000000              2.36019000000000    
          67.9611700000000              12.3681600000000              2.39471000000000    
          68.4021800000000              12.7805100000000              2.43211000000000    
          68.8447900000000              13.1899300000000              2.47253000000000    
          69.2888600000000              13.5963900000000              2.51609000000000    
          69.7344100000000              14.0000000000000              2.56291000000000    
          56.1687000000000              3.36266000000000              1.77666000000000    
          56.7704900000000              3.69455000000000              1.82188000000000    
          57.3676100000000              4.03114000000000              1.86663000000000    
          57.9886100000000              4.36225000000000              1.90914000000000    
          58.6063500000000              4.69606000000000              1.94895000000000    
          59.2159100000000              5.02975000000000              1.98492000000000    
          59.8055400000000              5.36208000000000              2.01499000000000    
          60.3740500000000              5.69638000000000              2.03917000000000    
          60.9202300000000              6.03365000000000              2.05847000000000    
          61.4314700000000              6.37613000000000              2.07363000000000    
          61.9201200000000              6.72141000000000              2.08559000000000    
          62.3896600000000              7.07202000000000              2.09526000000000    
          62.8399200000000              7.42568000000000              2.10617000000000    
          63.2700000000000              7.78055000000000              2.11937000000000    
          63.6939700000000              8.13595000000000              2.13417000000000    
          64.1216300000000              8.48982000000000              2.14977000000000    
          64.5356600000000              8.85161000000000              2.16586000000000    
          64.9383000000000              9.22266000000000              2.18248000000000    
          65.3294500000000              9.59834000000000              2.20141000000000    
          65.7093800000000              9.97845000000000              2.22256000000000    
          66.1134600000000              10.3546200000000              2.24487000000000    
          66.5136600000000              10.7396800000000              2.26887000000000    
          66.9162400000000              11.1429400000000              2.29502000000000    
          67.3281300000000              11.5559200000000              2.32399000000000    
          67.7460800000000              11.9702500000000              2.35580000000000    
          68.1683200000000              12.3818300000000              2.39029000000000    
          68.5923900000000              12.7905300000000              2.42760000000000    
          69.0179700000000              13.1964600000000              2.46787000000000    
          69.4449500000000              13.5995800000000              2.51125000000000    
          69.8733300000000              14.0000000000000              2.55785000000000    
          56.9245300000000              3.36579000000000              1.76616000000000    
          57.4957900000000              3.70037000000000              1.81293000000000    
          58.0633300000000              4.03928000000000              1.85884000000000    
          58.6565400000000              4.37272000000000              1.90211000000000    
          59.2462800000000              4.70885000000000              1.94232000000000    
          59.8280100000000              5.04480000000000              1.97834000000000    
          60.3904900000000              5.37963000000000              2.00819000000000    
          60.9326500000000              5.71634000000000              2.03207000000000    
          61.4523400000000              6.05616000000000              2.05101000000000    
          61.9377100000000              6.40095000000000              2.06578000000000    
          62.4015200000000              6.74838000000000              2.07735000000000    
          62.8469300000000              7.10096000000000              2.08673000000000    
          63.2739200000000              7.45624000000000              2.09776000000000    
          63.6814600000000              7.81253000000000              2.11119000000000    
          64.0873000000000              8.16819000000000              2.12626000000000    
          64.4951000000000              8.52300000000000              2.14218000000000    
          64.8900100000000              8.88548000000000              2.15861000000000    
          65.2741400000000              9.25665000000000              2.17576000000000    
          65.6471400000000              9.63171000000000              2.19525000000000    
          66.0108000000000              10.0101900000000              2.21685000000000    
          66.4000500000000              10.3843900000000              2.23950000000000    
          66.7845100000000              10.7675700000000              2.26381000000000    
          67.1716100000000              11.1682000000000              2.29023000000000    
          67.5674800000000              11.5773600000000              2.31937000000000    
          67.9689300000000              11.9877500000000              2.35125000000000    
          68.3745900000000              12.3954900000000              2.38572000000000    
          68.7819400000000              12.8005500000000              2.42295000000000    
          69.1907200000000              13.2029800000000              2.46309000000000    
          69.6008300000000              13.6027700000000              2.50629000000000    
          70.0122500000000              14.0000000000000              2.55270000000000    
          57.6796500000000              3.36892000000000              1.75350000000000    
          58.2198800000000              3.70619000000000              1.80202000000000    
          58.7574700000000              4.04741000000000              1.84925000000000    
          59.3224400000000              4.38319000000000              1.89341000000000    
          59.8837600000000              4.72164000000000              1.93414000000000    
          60.4372900000000              5.05988000000000              1.97032000000000    
          60.9723100000000              5.39721000000000              2.00006000000000    
          61.4878700000000              5.73635000000000              2.02375000000000    
          61.9807100000000              6.07875000000000              2.04244000000000    
          62.4401100000000              6.42587000000000              2.05694000000000    
          62.8789600000000              6.77544000000000              2.06821000000000    
          63.3002200000000              7.12999000000000              2.07743000000000    
          63.7039400000000              7.48691000000000              2.08872000000000    
          64.0890400000000              7.84461000000000              2.10248000000000    
          64.4771700000000              8.20054000000000              2.11789000000000    
          64.8651500000000              8.55632000000000              2.13418000000000    
          65.2411200000000              8.91951000000000              2.15100000000000    
          65.6069300000000              9.29073000000000              2.16874000000000    
          65.9620500000000              9.66517000000000              2.18882000000000    
          66.3104500000000              10.0418100000000              2.21088000000000    
          66.6845900000000              10.4142500000000              2.23390000000000    
          67.0535700000000              10.7955400000000              2.25854000000000    
          67.4254500000000              11.1934500000000              2.28525000000000    
          67.8055000000000              11.5987800000000              2.31458000000000    
          68.1906900000000              12.0052300000000              2.34653000000000    
          68.5799800000000              12.4091500000000              2.38100000000000    
          68.9708300000000              12.8105600000000              2.41816000000000    
          69.3630300000000              13.2095000000000              2.45818000000000    
          69.7564800000000              13.6059600000000              2.50122000000000    
          70.1511800000000              14.0000000000000              2.54744000000000    
          58.4340200000000              3.37206000000000              1.73857000000000    
          58.9427300000000              3.71200000000000              1.78903000000000    
          59.4500200000000              4.05554000000000              1.83776000000000    
          59.9863000000000              4.39367000000000              1.88297000000000    
          60.5187900000000              4.73444000000000              1.92435000000000    
          61.0437400000000              5.07499000000000              1.96081000000000    
          61.5509900000000              5.41482000000000              1.99058000000000    
          62.0397300000000              5.75639000000000              2.01421000000000    
          62.5053200000000              6.10141000000000              2.03276000000000    
          62.9386500000000              6.45086000000000              2.04709000000000    
          63.3524700000000              6.80262000000000              2.05818000000000    
          63.7495400000000              7.15912000000000              2.06739000000000    
          64.1299800000000              7.51769000000000              2.07905000000000    
          64.4927600000000              7.87681000000000              2.09324000000000    
          64.8634600000000              8.23304000000000              2.10906000000000    
          65.2318000000000              8.58979000000000              2.12578000000000    
          65.5889900000000              8.95369000000000              2.14305000000000    
          65.9366800000000              9.32492000000000              2.16142000000000    
          66.2741500000000              9.69873000000000              2.18212000000000    
          66.6082200000000              10.0733800000000              2.20464000000000    
          66.9671100000000              10.4441900000000              2.22806000000000    
          67.3208800000000              10.8235900000000              2.25305000000000    
          67.6777600000000              11.2186700000000              2.28006000000000    
          68.0421800000000              11.6202000000000              2.30959000000000    
          68.4113500000000              12.0227100000000              2.34164000000000    
          68.7844900000000              12.4228100000000              2.37612000000000    
          69.1590700000000              12.8205700000000              2.41322000000000    
          69.5349000000000              13.2160300000000              2.45313000000000    
          69.9119100000000              13.6091500000000              2.49603000000000    
          70.2900800000000              14.0000000000000              2.54207000000000    
          59.1876600000000              3.37520000000000              1.72128000000000    
          59.6643600000000              3.71782000000000              1.77389000000000    
          60.1409800000000              4.06366000000000              1.82431000000000    
          60.6481100000000              4.40414000000000              1.87072000000000    
          61.1513600000000              4.74725000000000              1.91291000000000    
          61.6473500000000              5.09012000000000              1.94979000000000    
          62.1265400000000              5.43247000000000              1.97973000000000    
          62.5882300000000              5.77648000000000              2.00343000000000    
          63.0262000000000              6.12416000000000              2.02198000000000    
          63.4333400000000              6.47594000000000              2.03627000000000    
          63.8220400000000              6.82989000000000              2.04728000000000    
          64.1948900000000              7.18834000000000              2.05665000000000    
          64.5520600000000              7.54858000000000              2.06878000000000    
          64.8926900000000              7.90910000000000              2.08349000000000    
          65.2460700000000              8.26571000000000              2.09978000000000    
          65.5950200000000              8.62340000000000              2.11700000000000    
          65.9336400000000              8.98801000000000              2.13475000000000    
          66.2633900000000              9.35921000000000              2.15382000000000    
          66.5833500000000              9.73241000000000              2.17515000000000    
          66.9040200000000              10.1049300000000              2.19813000000000    
          67.2476000000000              10.4742200000000              2.22199000000000    
          67.5864300000000              10.8517300000000              2.24734000000000    
          67.9285400000000              11.2438800000000              2.27467000000000    
          68.2775400000000              11.6416000000000              2.30441000000000    
          68.6309100000000              12.0401800000000              2.33657000000000    
          68.9881300000000              12.4364600000000              2.37107000000000    
          69.3466500000000              12.8305800000000              2.40813000000000    
          69.7063400000000              13.2225500000000              2.44795000000000    
          70.0671200000000              13.6123400000000              2.49071000000000    
          70.4290000000000              14.0000000000000              2.53660000000000    
          59.9405400000000              3.37835000000000              1.70160000000000    
          60.3847400000000              3.72364000000000              1.75657000000000    
          60.8303400000000              4.07177000000000              1.80886000000000    
          61.3078600000000              4.41462000000000              1.85666000000000    
          61.7814700000000              4.76006000000000              1.89982000000000    
          62.2481300000000              5.10527000000000              1.93726000000000    
          62.6989400000000              5.45016000000000              1.96753000000000    
          63.1333700000000              5.79662000000000              1.99145000000000    
          63.5433400000000              6.14697000000000              2.01013000000000    
          63.9241800000000              6.50110000000000              2.02451000000000    
          64.2876700000000              6.85727000000000              2.03555000000000    
          64.6362800000000              7.21766000000000              2.04524000000000    
          64.9701800000000              7.57958000000000              2.05795000000000    
          65.2889400000000              7.94147000000000              2.07327000000000    
          65.6250300000000              8.29853000000000              2.09009000000000    
          65.9548600000000              8.65716000000000              2.10785000000000    
          66.2750900000000              9.02248000000000              2.12613000000000    
          66.5870700000000              9.39361000000000              2.14593000000000    
          66.8896100000000              9.76624000000000              2.16793000000000    
          67.1977100000000              10.1365300000000              2.19137000000000    
          67.5260700000000              10.5043300000000              2.21567000000000    
          67.8502200000000              10.8799600000000              2.24142000000000    
          68.1777800000000              11.2690700000000              2.26907000000000    
          68.5115700000000              11.6629900000000              2.29904000000000    
          68.8493700000000              12.0576300000000              2.33131000000000    
          69.1908800000000              12.4501100000000              2.36585000000000    
          69.5335600000000              12.8405900000000              2.40289000000000    
          69.8773300000000              13.2290700000000              2.44263000000000    
          70.2221100000000              13.6155200000000              2.48528000000000    
          70.5679000000000              14.0000000000000              2.53102000000000    
          60.6926700000000              3.38149000000000              1.67954000000000    
          61.1038700000000              3.72946000000000              1.73708000000000    
          61.5181000000000              4.07988000000000              1.79145000000000    
          61.9655500000000              4.42511000000000              1.84081000000000    
          62.4091000000000              4.77288000000000              1.88511000000000    
          62.8460700000000              5.12046000000000              1.92328000000000    
          63.2681900000000              5.46789000000000              1.95403000000000    
          63.6751500000000              5.81680000000000              1.97831000000000    
          64.0567700000000              6.16986000000000              1.99726000000000    
          64.4111700000000              6.52635000000000              2.01185000000000    
          64.7493700000000              6.88476000000000              2.02305000000000    
          65.0736900000000              7.24707000000000              2.03322000000000    
          65.3843200000000              7.61069000000000              2.04661000000000    
          65.6816600000000              7.97389000000000              2.06261000000000    
          66.0003700000000              8.33152000000000              2.08003000000000    
          66.3113000000000              8.69106000000000              2.09838000000000    
          66.6133300000000              9.05706000000000              2.11723000000000    
          66.9077100000000              9.42812000000000              2.13778000000000    
          67.1928400000000              9.80024000000000              2.16047000000000    
          67.4891100000000              10.1682300000000              2.18437000000000    
          67.8025300000000              10.5345200000000              2.20914000000000    
          68.1122700000000              10.9082700000000              2.23528000000000    
          68.4254800000000              11.2942400000000              2.26328000000000    
          68.7442600000000              11.6843700000000              2.29347000000000    
          69.0667300000000              12.0750800000000              2.32587000000000    
          69.3927500000000              12.4637500000000              2.36046000000000    
          69.7198300000000              12.8505900000000              2.39750000000000    
          70.0478900000000              13.2355900000000              2.43719000000000    
          70.3768800000000              13.6187100000000              2.47973000000000    
          70.7068100000000              14.0000000000000              2.52534000000000    
          61.4440300000000              3.38465000000000              1.65520000000000    
          61.8217400000000              3.73528000000000              1.71553000000000    
          62.2042600000000              4.08798000000000              1.77214000000000    
          62.6211800000000              4.43559000000000              1.82324000000000    
          63.0342600000000              4.78570000000000              1.86884000000000    
          63.4411700000000              5.13567000000000              1.90791000000000    
          63.8342900000000              5.48565000000000              1.93931000000000    
          64.2135300000000              5.83703000000000              1.96409000000000    
          64.5664700000000              6.19282000000000              1.98346000000000    
          64.8943200000000              6.55168000000000              1.99839000000000    
          65.2071500000000              6.91235000000000              2.00986000000000    
          65.5071500000000              7.27658000000000              2.02066000000000    
          65.7945000000000              7.64192000000000              2.03484000000000    
          66.0710300000000              8.00632000000000              2.05159000000000    
          66.3721600000000              8.36465000000000              2.06965000000000    
          66.6643800000000              8.72512000000000              2.08861000000000    
          66.9483800000000              9.09176000000000              2.10808000000000    
          67.2253300000000              9.46275000000000              2.12941000000000    
          67.4930200000000              9.83441000000000              2.15281000000000    
          67.7781800000000              10.2000300000000              2.17716000000000    
          68.0769700000000              10.5648100000000              2.20241000000000    
          68.3725900000000              10.9366500000000              2.22896000000000    
          68.6716500000000              11.3194000000000              2.25730000000000    
          68.9756200000000              11.7057500000000              2.28773000000000    
          69.2830000000000              12.0925200000000              2.32027000000000    
          69.5937500000000              12.4773900000000              2.35493000000000    
          69.9054300000000              12.8605900000000              2.39197000000000    
          70.2180000000000              13.2421100000000              2.43162000000000    
          70.5314300000000              13.6219000000000              2.47408000000000    
          70.8457000000000              14.0000000000000              2.51958000000000    
          62.1946200000000              3.38781000000000              1.62875000000000    
          62.5383600000000              3.74110000000000              1.69205000000000    
          62.8888200000000              4.09608000000000              1.75109000000000    
          63.2747400000000              4.44608000000000              1.80408000000000    
          63.6569500000000              4.79854000000000              1.85115000000000    
          64.0334200000000              5.15091000000000              1.89127000000000    
          64.3972500000000              5.50345000000000              1.92348000000000    
          64.7485000000000              5.85732000000000              1.94892000000000    
          65.0724600000000              6.21585000000000              1.96883000000000    
          65.3736300000000              6.57710000000000              1.98423000000000    
          65.6610200000000              6.94005000000000              1.99608000000000    
          65.9366500000000              7.30619000000000              2.00766000000000    
          66.2007100000000              7.67327000000000              2.02270000000000    
          66.4572200000000              8.03875000000000              2.04026000000000    
          66.7404400000000              8.39791000000000              2.05901000000000    
          67.0141100000000              8.75933000000000              2.07862000000000    
          67.2802600000000              9.12657000000000              2.09874000000000    
          67.5399300000000              9.49748000000000              2.12085000000000    
          67.7903600000000              9.86869000000000              2.14497000000000    
          68.0649300000000              10.2319500000000              2.16978000000000    
          68.3494300000000              10.5951800000000              2.19550000000000    
          68.6311900000000              10.9650700000000              2.22247000000000    
          68.9162800000000              11.3445400000000              2.25116000000000    
          69.2056400000000              11.7271100000000              2.28183000000000    
          69.4981800000000              12.1099500000000              2.31452000000000    
          69.7938600000000              12.4910300000000              2.34926000000000    
          70.0903700000000              12.8705900000000              2.38633000000000    
          70.3876800000000              13.2486200000000              2.42595000000000    
          70.6857600000000              13.6250800000000              2.46835000000000    
          70.9846000000000              14.0000000000000              2.51375000000000    
          62.9444500000000              3.39097000000000              1.60045000000000    
          63.2537200000000              3.74692000000000              1.66688000000000    
          63.5717800000000              4.10417000000000              1.72850000000000    
          63.9262400000000              4.45658000000000              1.78354000000000    
          64.2771700000000              4.81137000000000              1.83222000000000    
          64.6228400000000              5.16617000000000              1.87354000000000    
          64.9570800000000              5.52129000000000              1.90670000000000    
          65.2800400000000              5.87767000000000              1.93292000000000    
          65.5747500000000              6.23896000000000              1.95351000000000    
          65.8491100000000              6.60261000000000              1.96948000000000    
          66.1109700000000              6.96784000000000              1.98184000000000    
          66.3622200000000              7.33590000000000              1.99432000000000    
          66.6029700000000              7.70474000000000              2.01031000000000    
          66.8404400000000              8.07115000000000              2.02871000000000    
          67.1052600000000              8.43131000000000              2.04819000000000    
          67.3605000000000              8.79368000000000              2.06846000000000    
          67.6089700000000              9.16147000000000              2.08927000000000    
          67.8515500000000              9.53232000000000              2.11217000000000    
          68.0851700000000              9.90300000000000              2.13701000000000    
          68.3494100000000              10.2639800000000              2.16226000000000    
          68.6199000000000              10.6256300000000              2.18847000000000    
          68.8880600000000              10.9935300000000              2.21587000000000    
          69.1593600000000              11.3696600000000              2.24490000000000    
          69.4343300000000              11.7484600000000              2.27582000000000    
          69.7122500000000              12.1273700000000              2.30866000000000    
          69.9931000000000              12.5046600000000              2.34350000000000    
          70.2746500000000              12.8805900000000              2.38061000000000    
          70.5569300000000              13.2551400000000              2.42022000000000    
          70.8398700000000              13.6282700000000              2.46256000000000    
          71.1235000000000              14.0000000000000              2.50788000000000    
          63.6935400000000              3.39413000000000              1.57065000000000    
          63.9678500000000              3.75274000000000              1.64036000000000    
          64.2531400000000              4.11226000000000              1.70466000000000    
          64.5756900000000              4.46707000000000              1.76187000000000    
          64.8949200000000              4.82421000000000              1.81228000000000    
          65.2094300000000              5.18146000000000              1.85492000000000    
          65.5137600000000              5.53917000000000              1.88916000000000    
          65.8081200000000              5.89809000000000              1.91629000000000    
          66.0733600000000              6.26213000000000              1.93766000000000    
          66.3207700000000              6.62821000000000              1.95431000000000    
          66.5570300000000              6.99574000000000              1.96728000000000    
          66.7838500000000              7.36572000000000              1.98078000000000    
          67.0012700000000              7.73634000000000              1.99778000000000    
          67.2207000000000              8.10354000000000              2.01704000000000    
          67.4666700000000              8.46484000000000              2.03728000000000    
          67.7035800000000              8.82819000000000              2.05823000000000    
          67.9345300000000              9.19648000000000              2.07974000000000    
          68.1602200000000              9.56725000000000              2.10343000000000    
          68.3778200000000              9.93727000000000              2.12897000000000    
          68.6316400000000              10.2961000000000              2.15468000000000    
          68.8884000000000              10.6561700000000              2.18138000000000    
          69.1432200000000              11.0220200000000              2.20921000000000    
          69.4009000000000              11.3947700000000              2.23858000000000    
          69.6616700000000              11.7698000000000              2.26975000000000    
          69.9252300000000              12.1447800000000              2.30275000000000    
          70.1914500000000              12.5182900000000              2.33768000000000    
          70.4582800000000              12.8905900000000              2.37484000000000    
          70.7257400000000              13.2616500000000              2.41445000000000    
          70.9937700000000              13.6314600000000              2.45676000000000    
          71.2623900000000              14.0000000000000              2.50201000000000    
          64.4418900000000              3.39730000000000              1.53984000000000    
          64.6807400000000              3.75856000000000              1.61289000000000    
          64.9329500000000              4.12035000000000              1.67996000000000    
          65.2231100000000              4.47757000000000              1.73941000000000    
          65.5102300000000              4.83706000000000              1.79165000000000    
          65.7932100000000              5.19678000000000              1.83571000000000    
          66.0673300000000              5.55709000000000              1.87112000000000    
          66.3327300000000              5.91857000000000              1.89924000000000    
          66.5682900000000              6.28538000000000              1.92149000000000    
          66.7886300000000              6.65389000000000              1.93890000000000    
          66.9992100000000              7.02374000000000              1.95257000000000    
          67.2015700000000              7.39563000000000              1.96718000000000    
          67.3956500000000              7.76805000000000              1.98524000000000    
          67.5978800000000              8.13595000000000              2.00538000000000    
          67.8246400000000              8.49850000000000              2.02640000000000    
          68.0433500000000              8.86286000000000              2.04801000000000    
          68.2569600000000              9.23159000000000              2.07025000000000    
          68.4660000000000              9.60229000000000              2.09471000000000    
          68.6686900000000              9.97143000000000              2.12094000000000    
          68.9116600000000              10.3283100000000              2.14711000000000    
          69.1549500000000              10.6867900000000              2.17430000000000    
          69.3966600000000              11.0505200000000              2.20255000000000    
          69.6409100000000              11.4198700000000              2.23226000000000    
          69.8877000000000              11.7911400000000              2.26367000000000    
          70.1371200000000              12.1621900000000              2.29683000000000    
          70.3889300000000              12.5319100000000              2.33187000000000    
          70.6412600000000              12.9005800000000              2.36909000000000    
          70.8941100000000              13.2681700000000              2.40871000000000    
          71.1474600000000              13.6346400000000              2.45100000000000    
          71.4012800000000              14.0000000000000              2.49618000000000    
          65.1895400000000              3.40048000000000              1.50861000000000    
          65.3924300000000              3.76438000000000              1.58503000000000    
          65.6111800000000              4.12843000000000              1.65488000000000    
          65.8685100000000              4.48808000000000              1.71661000000000    
          66.1231200000000              4.84991000000000              1.77070000000000    
          66.3742100000000              5.21213000000000              1.81623000000000    
          66.6178000000000              5.57505000000000              1.85287000000000    
          66.8538200000000              5.93914000000000              1.88204000000000    
          67.0595900000000              6.30869000000000              1.90523000000000    
          67.2527100000000              6.67967000000000              1.92346000000000    
          67.4375400000000              7.05183000000000              1.93792000000000    
          67.6153900000000              7.42565000000000              1.95371000000000    
          67.7861800000000              7.79988000000000              1.97286000000000    
          67.9718600000000              8.16842000000000              1.99387000000000    
          68.1792100000000              8.53230000000000              2.01567000000000    
          68.3798600000000              8.89768000000000              2.03793000000000    
          68.5762800000000              9.26680000000000              2.06090000000000    
          68.7689400000000              9.63741000000000              2.08613000000000    
          68.9581500000000              10.0054200000000              2.11299000000000    
          69.1895300000000              10.3606200000000              2.13965000000000    
          69.4195700000000              10.7175000000000              2.16732000000000    
          69.6484000000000              11.0790100000000              2.19599000000000    
          69.8793900000000              11.4449600000000              2.22603000000000    
          70.1123900000000              11.8124600000000              2.25768000000000    
          70.3479100000000              12.1795800000000              2.29100000000000    
          70.5855400000000              12.5455300000000              2.32614000000000    
          70.8235900000000              12.9105700000000              2.36342000000000    
          71.0620600000000              13.2746800000000              2.40306000000000    
          71.3009300000000              13.6378300000000              2.44532000000000    
          71.5401800000000              14.0000000000000              2.49045000000000    
          65.9365100000000              3.40365000000000              1.47770000000000    
          66.1029600000000              3.77020000000000              1.55744000000000    
          66.2879000000000              4.13652000000000              1.63001000000000    
          66.5119200000000              4.49858000000000              1.69399000000000    
          66.7336000000000              4.86277000000000              1.74991000000000    
          66.9524300000000              5.22750000000000              1.79688000000000    
          67.1651800000000              5.59305000000000              1.83475000000000    
          67.3713900000000              5.95978000000000              1.86499000000000    
          67.5472800000000              6.33207000000000              1.88914000000000    
          67.7130300000000              6.70553000000000              1.90822000000000    
          67.8720200000000              7.08002000000000              1.92354000000000    
          68.0253400000000              7.45578000000000              1.94055000000000    
          68.1728900000000              7.83182000000000              1.96081000000000    
          68.3424600000000              8.20100000000000              1.98267000000000    
          68.5303700000000              8.56625000000000              2.00524000000000    
          68.7131100000000              8.93267000000000              2.02812000000000    
          68.8925100000000              9.30213000000000              2.05182000000000    
          69.0690200000000              9.67263000000000              2.07781000000000    
          69.2461700000000              10.0392700000000              2.10525000000000    
          69.4652500000000              10.3930100000000              2.13241000000000    
          69.6822700000000              10.7483000000000              2.16056000000000    
          69.8984300000000              11.1075100000000              2.18963000000000    
          70.1163300000000              11.4700300000000              2.21999000000000    
          70.3357600000000              11.8337700000000              2.25187000000000    
          70.5576200000000              12.1969700000000              2.28534000000000    
          70.7812800000000              12.5591400000000              2.32059000000000    
          71.0052600000000              12.9205600000000              2.35792000000000    
          71.2295800000000              13.2812000000000              2.39758000000000    
          71.4541900000000              13.6410100000000              2.43981000000000    
          71.6790900000000              14.0000000000000              2.48489000000000    
          66.6828500000000              3.40683000000000              1.44799000000000    
          66.8123500000000              3.77602000000000              1.53091000000000    
          66.9631200000000              4.14461000000000              1.60609000000000    
          67.1533700000000              4.50909000000000              1.67219000000000    
          67.3417100000000              4.87563000000000              1.72981000000000    
          67.5279200000000              5.24290000000000              1.77814000000000    
          67.7095100000000              5.61109000000000              1.81718000000000    
          67.8854400000000              5.98051000000000              1.84844000000000    
          68.0313800000000              6.35553000000000              1.87354000000000    
          68.1696100000000              6.73149000000000              1.89347000000000    
          68.3027000000000              7.10831000000000              1.90969000000000    
          68.4314400000000              7.48601000000000              1.92793000000000    
          68.5558600000000              7.86387000000000              1.94930000000000    
          68.7095100000000              8.23373000000000              1.97198000000000    
          68.8781400000000              8.60035000000000              1.99527000000000    
          69.0431400000000              8.96782000000000              2.01874000000000    
          69.2056600000000              9.33757000000000              2.04318000000000    
          69.3661800000000              9.70798000000000              2.06990000000000    
          69.5325600000000              10.0730400000000              2.09788000000000    
          69.7388300000000              10.4255000000000              2.12555000000000    
          69.9430600000000              10.7791900000000              2.15416000000000    
          70.1467700000000              11.1360000000000              2.18362000000000    
          70.3517500000000              11.4950900000000              2.21428000000000    
          70.5578200000000              11.8550700000000              2.24638000000000    
          70.7662400000000              12.2143500000000              2.27998000000000    
          70.9761600000000              12.5727500000000              2.31533000000000    
          71.1863000000000              12.9305500000000              2.35270000000000    
          71.3966800000000              13.2877100000000              2.39237000000000    
          71.6072500000000              13.6442000000000              2.43457000000000    
          71.8180100000000              14.0000000000000              2.47957000000000    
          67.4286000000000              3.41002000000000              1.42054000000000    
          67.5206400000000              3.78184000000000              1.50642000000000    
          67.6368800000000              4.15270000000000              1.58395000000000    
          67.7928900000000              4.51961000000000              1.65195000000000    
          67.9474800000000              4.88849000000000              1.71106000000000    
          68.1006900000000              5.25833000000000              1.76055000000000    
          68.2508100000000              5.62917000000000              1.80060000000000    
          68.3960000000000              6.00132000000000              1.83280000000000    
          68.5119100000000              6.37905000000000              1.85877000000000    
          68.6224900000000              6.75754000000000              1.87951000000000    
          68.7295800000000              7.13668000000000              1.89664000000000    
          68.8337200000000              7.51634000000000              1.91611000000000    
          68.9351600000000              7.89602000000000              1.93853000000000    
          69.0728900000000              8.26663000000000              1.96199000000000    
          69.2225400000000              8.63460000000000              1.98597000000000    
          69.3699600000000              9.00312000000000              2.00998000000000    
          69.5157500000000              9.37312000000000              2.03515000000000    
          69.6603200000000              9.74346000000000              2.06259000000000    
          69.8171200000000              10.1068000000000              2.09104000000000    
          70.0103000000000              10.4580900000000              2.11922000000000    
          70.2019800000000              10.8101800000000              2.14828000000000    
          70.3934000000000              11.1644800000000              2.17811000000000    
          70.5856600000000              11.5201300000000              2.20906000000000    
          70.7785800000000              11.8763500000000              2.24135000000000    
          70.9737800000000              12.2317200000000              2.27507000000000    
          71.1701700000000              12.5863600000000              2.31049000000000    
          71.3667100000000              12.9405300000000              2.34789000000000    
          71.5633500000000              13.2942200000000              2.38754000000000    
          71.7601100000000              13.6473800000000              2.42970000000000    
          71.9569400000000              14.0000000000000              2.47461000000000    
          68.1738000000000              3.41321000000000              1.39659000000000    
          68.2278700000000              3.78767000000000              1.48506000000000    
          68.3092000000000              4.16078000000000              1.56460000000000    
          68.4305300000000              4.53013000000000              1.63415000000000    
          68.5509300000000              4.90137000000000              1.69439000000000    
          68.6707900000000              5.27379000000000              1.74473000000000    
          68.7891200000000              5.64728000000000              1.78556000000000    
          68.9031100000000              6.02221000000000              1.81849000000000    
          68.9889100000000              6.40265000000000              1.84521000000000    
          69.0716800000000              6.78369000000000              1.86667000000000    
          69.1526900000000              7.16515000000000              1.88472000000000    
          69.2322000000000              7.54678000000000              1.90535000000000    
          69.3109200000000              7.92826000000000              1.92877000000000    
          69.4326500000000              8.29970000000000              1.95295000000000    
          69.5636000000000              8.66900000000000              1.97755000000000    
          69.6936000000000              9.03856000000000              2.00206000000000    
          69.8227900000000              9.40879000000000              2.02793000000000    
          69.9513500000000              9.77912000000000              2.05606000000000    
          70.0995600000000              10.1406100000000              2.08494000000000    
          70.2796600000000              10.4907800000000              2.11362000000000    
          70.4590500000000              10.8412800000000              2.14311000000000    
          70.6383500000000              11.1929300000000              2.17330000000000    
          70.8180400000000              11.5451600000000              2.20450000000000    
          70.9980400000000              11.8976300000000              2.23696000000000    
          71.1802400000000              12.2490900000000              2.27077000000000    
          71.3633400000000              12.5999600000000              2.30624000000000    
          71.5464700000000              12.9505100000000              2.34364000000000    
          71.7296200000000              13.3007300000000              2.38325000000000    
          71.9127700000000              13.6505700000000              2.42532000000000    
          72.0958900000000              14.0000000000000              2.47011000000000    
          68.9181300000000              3.41639000000000              1.37757000000000    
          68.9337500000000              3.79348000000000              1.46816000000000    
          68.9798100000000              4.16887000000000              1.54921000000000    
          69.0660200000000              4.54064000000000              1.61981000000000    
          69.1518600000000              4.91423000000000              1.68067000000000    
          69.2380100000000              5.28926000000000              1.73139000000000    
          69.3242600000000              5.66543000000000              1.77263000000000    
          69.4065900000000              6.04316000000000              1.80604000000000    
          69.4622200000000              6.42631000000000              1.83330000000000    
          69.5170700000000              6.80992000000000              1.85534000000000    
          69.5719200000000              7.19369000000000              1.87426000000000    
          69.6267900000000              7.57732000000000              1.89596000000000    
          69.6832600000000              7.96054000000000              1.92029000000000    
          69.7887700000000              8.33292000000000              1.94511000000000    
          69.9012600000000              8.70354000000000              1.97026000000000    
          70.0140000000000              9.07411000000000              1.99523000000000    
          70.1267200000000              9.44456000000000              2.02178000000000    
          70.2391000000000              9.81495000000000              2.05058000000000    
          70.3795900000000              10.1745300000000              2.07983000000000    
          70.5468700000000              10.5235600000000              2.10898000000000    
          70.7142300000000              10.8724800000000              2.13889000000000    
          70.8815700000000              11.2213600000000              2.16940000000000    
          71.0488900000000              11.5701700000000              2.20082000000000    
          71.2161800000000              11.9188900000000              2.23342000000000    
          71.3856000000000              12.2664500000000              2.26729000000000    
          71.5556300000000              12.6135500000000              2.30276000000000    
          71.7256000000000              12.9604900000000              2.34013000000000    
          71.8954700000000              13.3072400000000              2.37966000000000    
          72.0652200000000              13.6537500000000              2.42160000000000    
          72.2348500000000              14.0000000000000              2.46623000000000    
 zone  i=          31  j=          61 k=1                                                           
          63.8980100000000              14.0000000000000              2.64882000000000    
          62.5372400000000              13.4622800000000              2.58574000000000    
          61.1801600000000              12.9150100000000              2.52577000000000    
          59.8270200000000              12.3576900000000              2.46909000000000    
          58.4781500000000              11.7897800000000              2.41588000000000    
          57.1339000000000              11.2107100000000              2.36637000000000    
          55.7893000000000              10.6322600000000              2.32017000000000    
          54.4282000000000              10.0937200000000              2.27519000000000    
          53.0534400000000              9.59094000000000              2.23109000000000    
          51.6681500000000              9.11784000000000              2.18773000000000    
          50.2735300000000              8.67306000000000              2.14390000000000    
          48.8695000000000              8.25926000000000              2.09712000000000    
          47.4582200000000              7.87117000000000              2.04783000000000    
          46.0412600000000              7.50461000000000              1.99648000000000    
          44.6197400000000              7.15642000000000              1.94337000000000    
          43.1943200000000              6.82469000000000              1.88930000000000    
          41.7650000000000              6.50993000000000              1.83710000000000    
          40.3323800000000              6.21015000000000              1.78688000000000    
          38.8970300000000              5.92342000000000              1.73837000000000    
          37.4593800000000              5.64820000000000              1.69139000000000    
          36.0197600000000              5.38321000000000              1.64576000000000    
          34.5784500000000              5.12740000000000              1.60133000000000    
          33.1357800000000              4.87928000000000              1.55732000000000    
          31.6926900000000              4.63439000000000              1.50924000000000    
          30.2493400000000              4.39198000000000              1.45651000000000    
          28.8057600000000              4.15197000000000              1.39924000000000    
          27.3619900000000              3.91425000000000              1.33757000000000    
          25.9180200000000              3.67888000000000              1.27164000000000    
          24.4737200000000              3.44676000000000              1.20158000000000    
          23.0268400000000              3.23246000000000              1.12822000000000    
          21.5771900000000              3.03860999999981              1.05260999999998    
          64.0350800000000              14.0000000000000              2.62701000000000    
          62.7003100000000              13.4654700000000              2.56190000000000    
          61.3691700000000              12.9215700000000              2.50021000000000    
          60.0419500000000              12.3677900000000              2.44218000000000    
          58.7189900000000              11.8036400000000              2.38809000000000    
          57.4005400000000              11.2285100000000              2.33822000000000    
          56.0833000000000              10.6532200000000              2.29232000000000    
          54.7507700000000              10.1169700000000              2.24808000000000    
          53.4077900000000              9.61681000000000              2.20505000000000    
          52.0526000000000              9.14532000000000              2.16309000000000    
          50.6882200000000              8.70141000000000              2.12116000000000    
          49.3138700000000              8.28804000000000              2.07614000000000    
          47.9339700000000              7.90076000000000              2.02845000000000    
          46.5453100000000              7.53398000000000              1.97833000000000    
          45.1510500000000              7.18540000000000              1.92624000000000    
          43.7520400000000              6.85297000000000              1.87285000000000    
          42.3479700000000              6.53720000000000              1.82128000000000    
          40.9392500000000              6.23628000000000              1.77189000000000    
          39.5251500000000              5.94803000000000              1.72438000000000    
          38.1080700000000              5.67138000000000              1.67864000000000    
          36.6878700000000              5.40486000000000              1.63447000000000    
          35.2643800000000              5.14737000000000              1.59169000000000    
          33.8377000000000              4.89754000000000              1.54950000000000    
          32.4089500000000              4.65095000000000              1.50144000000000    
          30.9785100000000              4.40662000000000              1.44597000000000    
          29.5461300000000              4.16444000000000              1.38300000000000    
          28.1147400000000              3.92475000000000              1.31252000000000    
          26.6811300000000              3.68704000000000              1.23436000000000    
          25.2469200000000              3.45237000000000              1.14894000000000    
          23.8094900000000              3.23539000000000              1.06475000000000    
          22.3634500000000              3.03861000000000             0.985699999999999    
          64.1736800000000              14.0000000000000              2.61590000000000    
          62.8648400000000              13.4686700000000              2.54951000000000    
          61.5596000000000              12.9281300000000              2.48658000000000    
          60.2582100000000              12.3779000000000              2.42739000000000    
          58.9610800000000              11.8175200000000              2.37225000000000    
          57.6683400000000              11.2463200000000              2.32146000000000    
          56.3782000000000              10.6742500000000              2.27495000000000    
          55.0740000000000              10.1402800000000              2.23048000000000    
          53.7623700000000              9.64276000000000              2.18754000000000    
          52.4371100000000              9.17289000000000              2.14595000000000    
          51.1026800000000              8.72990000000000              2.10486000000000    
          49.7578700000000              8.31696000000000              2.06058000000000    
          48.4087800000000              7.93044000000000              2.01344000000000    
          47.0484000000000              7.56349000000000              1.96348000000000    
          45.6813000000000              7.21450000000000              1.91130000000000    
          44.3085900000000              6.88139000000000              1.85744000000000    
          42.9297100000000              6.56460000000000              1.80500000000000    
          41.5448800000000              6.26252000000000              1.75463000000000    
          40.1523100000000              5.97278000000000              1.70598000000000    
          38.7556600000000              5.69464000000000              1.65903000000000    
          37.3549700000000              5.42659000000000              1.61352000000000    
          35.9494100000000              5.16740000000000              1.56929000000000    
          34.5389100000000              4.91583000000000              1.52570000000000    
          33.1246900000000              4.66753000000000              1.47626000000000    
          31.7073800000000              4.42128000000000              1.41888000000000    
          30.2865000000000              4.17692000000000              1.35337000000000    
          28.8676100000000              3.93525000000000              1.27984000000000    
          27.4447200000000              3.69520000000000              1.19788000000000    
          26.0209000000000              3.45799000000000              1.10795000000000    
          24.5932500000000              3.23833000000000              1.01985000000000    
          23.1513200000000              3.03860999999990             0.938149999999989    
          64.3123900000000              14.0000000000000              2.60645000000000    
          63.0293000000000              13.4718700000000              2.53894000000000    
          61.7497500000000              12.9346900000000              2.47488000000000    
          60.4739900000000              12.3880100000000              2.41457000000000    
          59.2024800000000              11.8313900000000              2.35837000000000    
          57.9352500000000              11.2641200000000              2.30658000000000    
          56.6718600000000              10.6953200000000              2.25931000000000    
          55.3956800000000              10.1636500000000              2.21440000000000    
          54.1148800000000              9.66877000000000              2.17135000000000    
          52.8192400000000              9.20054000000000              2.12988000000000    
          51.5144200000000              8.75849000000000              2.08936000000000    
          50.1989100000000              8.34601000000000              2.04559000000000    
          48.8799600000000              7.96018000000000              1.99877000000000    
          47.5478400000000              7.59309000000000              1.94875000000000    
          46.2077600000000              7.24369000000000              1.89622000000000    
          44.8612000000000              6.90992000000000              1.84162000000000    
          43.5074700000000              6.59210000000000              1.78796000000000    
          42.1464900000000              6.28886000000000              1.73615000000000    
          40.7757300000000              5.99765000000000              1.68582000000000    
          39.3994300000000              5.71796000000000              1.63699000000000    
          38.0183600000000              5.44837000000000              1.58942000000000    
          36.6309200000000              5.18748000000000              1.54290000000000    
          35.2368500000000              4.93412000000000              1.49697000000000    
          33.8374400000000              4.68412000000000              1.44558000000000    
          32.4335700000000              4.43594000000000              1.38615000000000    
          31.0246100000000              4.18942000000000              1.31851000000000    
          29.6184300000000              3.94574000000000              1.24287000000000    
          28.2067400000000              3.70336000000000              1.15863000000000    
          26.7937600000000              3.46363000000000              1.06628000000000    
          25.3763700000000              3.24128000000000             0.975580000000000    
          23.9392300000000              3.03860999999999             0.891190000000005    
          64.4511600000000              14.0000000000000              2.59785000000000    
          63.1936000000000              13.4750700000000              2.52937000000000    
          61.9395400000000              12.9412600000000              2.46432000000000    
          60.6891900000000              12.3981200000000              2.40302000000000    
          59.4430900000000              11.8452500000000              2.34585000000000    
          58.2011700000000              11.2819200000000              2.29313000000000    
          56.9641900000000              10.7164300000000              2.24509000000000    
          55.7157600000000              10.1870900000000              2.19971000000000    
          54.4652300000000              9.69484000000000              2.15647000000000    
          53.1988900000000              9.22824000000000              2.11498000000000    
          51.9233300000000              8.78719000000000              2.07486000000000    
          50.6368600000000              8.37516000000000              2.03151000000000    
          49.3473600000000              7.98995000000000              1.98490000000000    
          48.0435400000000              7.62280000000000              1.93474000000000    
          46.7303400000000              7.27298000000000              1.88179000000000    
          45.4097900000000              6.93857000000000              1.82642000000000    
          44.0811300000000              6.61971000000000              1.77141000000000    
          42.7439800000000              6.31529000000000              1.71799000000000    
          41.3952900000000              6.02263000000000              1.66576000000000    
          40.0392800000000              5.74134000000000              1.61476000000000    
          38.6780000000000              5.47021000000000              1.56478000000000    
          37.3088300000000              5.20760000000000              1.51554000000000    
          35.9314600000000              4.95243000000000              1.46674000000000    
          34.5471300000000              4.70073000000000              1.41301000000000    
          33.1570300000000              4.45061000000000              1.35140000000000    
          31.7604200000000              4.20192000000000              1.28176000000000    
          30.3671700000000              3.95624000000000              1.20445000000000    
          28.9671900000000              3.71152000000000              1.11867000000000    
          27.5654900000000              3.46927000000000              1.02497000000000    
          26.1588600000000              3.24423000000000             0.932400000000000    
          24.7272100000000              3.03861000000000             0.845310000000000    
          64.5899600000000              14.0000000000000              2.58981000000000    
          63.3577200000000              13.4782600000000              2.52051000000000    
          62.1289400000000              12.9478200000000              2.45463000000000    
          60.9038000000000              12.4082300000000              2.39251000000000    
          59.6828900000000              11.8591100000000              2.33451000000000    
          58.4660800000000              11.2997100000000              2.28099000000000    
          57.2551600000000              10.7375800000000              2.23225000000000    
          56.0341700000000              10.2105800000000              2.18644000000000    
          54.8134100000000              9.72099000000000              2.14299000000000    
          53.5760400000000              9.25602000000000              2.10140000000000    
          52.3293900000000              8.81600000000000              2.06157000000000    
          51.0716600000000              8.40442000000000              2.01859000000000    
          49.8109600000000              8.01972000000000              1.97216000000000    
          48.5354700000000              7.65261000000000              1.92187000000000    
          47.2489900000000              7.30236000000000              1.86850000000000    
          45.9543500000000              6.96732000000000              1.81242000000000    
          44.6506800000000              6.64741000000000              1.75609000000000    
          43.3373500000000              6.34180000000000              1.70105000000000    
          42.0109100000000              6.04772000000000              1.64686000000000    
          40.6752100000000              5.76478000000000              1.59357000000000    
          39.3338600000000              5.49211000000000              1.54103000000000    
          37.9831400000000              5.22777000000000              1.48890000000000    
          36.6227200000000              4.97076000000000              1.43693000000000    
          35.2537800000000              4.71734000000000              1.38059000000000    
          33.8777800000000              4.46529000000000              1.31668000000000    
          32.4939700000000              4.21444000000000              1.24508000000000    
          31.1138600000000              3.96672000000000              1.16631000000000    
          29.7260900000000              3.71968000000000              1.07942000000000    
          28.3361400000000              3.47493000000000             0.985020000000000    
          26.9407600000000              3.24718000000000             0.891040000000000    
          25.5152900000000              3.03861000000000             0.801279999999999    
          64.7287900000000              14.0000000000000              2.58217000000000    
          63.5216600000000              13.4814600000000              2.51223000000000    
          62.3179300000000              12.9543800000000              2.44570000000000    
          61.1178100000000              12.4183300000000              2.38292000000000    
          59.9218600000000              11.8729700000000              2.32427000000000    
          58.7299700000000              11.3174800000000              2.27008000000000    
          57.5447600000000              10.7587700000000              2.22077000000000    
          56.3509200000000              10.2341400000000              2.17458000000000    
          55.1594300000000              9.74722000000000              2.13097000000000    
          53.9506700000000              9.28386000000000              2.08924000000000    
          52.7325900000000              8.84491000000000              2.04960000000000    
          51.5033100000000              8.43378000000000              2.00695000000000    
          50.2707300000000              8.04948000000000              1.96070000000000    
          49.0236200000000              7.68254000000000              1.91035000000000    
          47.7637300000000              7.33185000000000              1.85663000000000    
          46.4948600000000              6.99618000000000              1.79994000000000    
          45.2161300000000              6.67523000000000              1.74241000000000    
          43.9265900000000              6.36841000000000              1.68582000000000    
          42.6225700000000              6.07292000000000              1.62971000000000    
          41.3072100000000              5.78828000000000              1.57414000000000    
          39.9859500000000              5.51406000000000              1.51904000000000    
          38.6538700000000              5.24799000000000              1.46396000000000    
          37.3106400000000              4.98912000000000              1.40871000000000    
          35.9574000000000              4.73397000000000              1.34958000000000    
          34.5958300000000              4.47997000000000              1.28329000000000    
          33.2252400000000              4.22697000000000              1.20975000000000    
          31.8585100000000              3.97720000000000              1.12964000000000    
          30.4834500000000              3.72784000000000              1.04186000000000    
          29.1057100000000              3.48059000000000             0.947140000000000    
          27.7220900000000              3.25014000000000             0.852120000000000    
          26.3035000000000              3.03861000000000             0.759769999999999    
          64.8676300000000              14.0000000000000              2.57488000000000    
          63.6854000000000              13.4846600000000              2.50446000000000    
          62.5065300000000              12.9609400000000              2.43744000000000    
          61.3311900000000              12.4284300000000              2.37417000000000    
          60.1600000000000              11.8868200000000              2.31503000000000    
          58.9928100000000              11.3352500000000              2.26033000000000    
          57.8329800000000              10.7800100000000              2.21058000000000    
          56.6659900000000              10.2577500000000              2.16411000000000    
          55.5033000000000              9.77354000000000              2.12038000000000    
          54.3227900000000              9.31177000000000              2.07849000000000    
          53.1329400000000              8.87394000000000              2.03896000000000    
          51.9318000000000              8.46324000000000              1.99667000000000    
          50.7267100000000              8.07921000000000              1.95060000000000    
          49.5080100000000              7.71257000000000              1.90028000000000    
          48.2745500000000              7.36143000000000              1.84630000000000    
          47.0313400000000              7.02515000000000              1.78914000000000    
          45.7774700000000              6.70315000000000              1.73057000000000    
          44.5117000000000              6.39512000000000              1.67257000000000    
          43.2302300000000              6.09821000000000              1.61467000000000    
          41.9353000000000              5.81184000000000              1.55691000000000    
          40.6342800000000              5.53608000000000              1.49932000000000    
          39.3210000000000              5.26826000000000              1.44135000000000    
          37.9952200000000              5.00749000000000              1.38281000000000    
          36.6579700000000              4.75061000000000              1.32079000000000    
          35.3111900000000              4.49467000000000              1.25207000000000    
          33.9542400000000              4.23952000000000              1.17659000000000    
          32.6011300000000              3.98767000000000              1.09520000000000    
          31.2392800000000              3.73600000000000              1.00667000000000    
          29.8742300000000              3.48627000000000             0.911870000000000    
          28.5028600000000              3.25310000000000             0.816050000000000    
          27.0918700000000              3.03861000000000             0.721220000000000    
          65.0064900000000              14.0000000000000              2.56789000000000    
          63.8489500000000              13.4878500000000              2.49714000000000    
          62.6947100000000              12.9675000000000              2.42980000000000    
          61.5439600000000              12.4385300000000              2.36620000000000    
          60.3973100000000              11.9006600000000              2.30672000000000    
          59.2546100000000              11.3530200000000              2.25168000000000    
          58.1198300000000              10.8013000000000              2.20162000000000    
          56.9793800000000              10.2814100000000              2.15496000000000    
          55.8450200000000              9.79997000000000              2.11117000000000    
          54.6924000000000              9.33975000000000              2.06913000000000    
          53.5304300000000              8.90307000000000              2.02966000000000    
          52.3571700000000              8.49280000000000              1.98772000000000    
          51.1790200000000              8.10894000000000              1.94186000000000    
          49.9886400000000              7.74272000000000              1.89167000000000    
          48.7814600000000              7.39112000000000              1.83753000000000    
          47.5637900000000              7.05422000000000              1.78005000000000    
          46.3346900000000              6.73117000000000              1.72065000000000    
          45.0926900000000              6.42191000000000              1.66140000000000    
          43.8338700000000              6.12360000000000              1.60188000000000    
          42.5595200000000              5.83547000000000              1.54207000000000    
          41.2788400000000              5.55815000000000              1.48214000000000    
          39.9845400000000              5.28858000000000              1.42140000000000    
          38.6764600000000              5.02590000000000              1.35967000000000    
          37.3555100000000              4.76726000000000              1.29473000000000    
          36.0238500000000              4.50937000000000              1.22356000000000    
          34.6809600000000              4.25207000000000              1.14616000000000    
          33.3417200000000              3.99813000000000              1.06351000000000    
          31.9936000000000              3.74416000000000             0.974310000000000    
          30.6417000000000              3.49195000000000             0.879550000000000    
          29.2830800000000              3.25607000000000             0.783130000000000    
          27.8803900000000              3.03861000000000             0.685950000000001    
          65.1453700000000              14.0000000000000              2.56120000000000    
          64.0123000000000              13.4910500000000              2.49026000000000    
          62.8824900000000              12.9740600000000              2.42272000000000    
          61.7561000000000              12.4486300000000              2.35895000000000    
          60.6337900000000              11.9145000000000              2.29928000000000    
          59.5153700000000              11.3707700000000              2.24403000000000    
          58.4053000000000              10.8226400000000              2.19378000000000    
          57.2910800000000              10.3051300000000              2.14703000000000    
          56.1845900000000              9.82650000000000              2.10326000000000    
          55.0595000000000              9.36780000000000              2.06108000000000    
          53.9250800000000              8.93233000000000              2.02161000000000    
          52.7794000000000              8.52248000000000              1.98005000000000    
          51.6277800000000              8.13869000000000              1.93444000000000    
          50.4654800000000              7.77298000000000              1.88447000000000    
          49.2844400000000              7.42092000000000              1.83029000000000    
          48.0922100000000              7.08340000000000              1.77265000000000    
          46.8878100000000              6.75931000000000              1.71261000000000    
          45.6695600000000              6.44881000000000              1.65232000000000    
          44.4334400000000              6.14908000000000              1.59138000000000    
          43.1798800000000              5.85918000000000              1.52971000000000    
          41.9196400000000              5.58029000000000              1.46762000000000    
          40.6444900000000              5.30894000000000              1.40429000000000    
          39.3543500000000              5.04434000000000              1.33953000000000    
          38.0500000000000              4.78392000000000              1.27170000000000    
          36.7338100000000              4.52408000000000              1.19811000000000    
          35.4054000000000              4.26464000000000              1.11880000000000    
          34.0803000000000              4.00858000000000              1.03490000000000    
          32.7463800000000              3.75233000000000             0.945050000000000    
          31.4081000000000              3.49764000000000             0.850380000000000    
          30.0627500000000              3.25904000000000             0.753500000000000    
          28.6690600000000              3.03860999999998             0.654129999999997    
          65.2842600000000              14.0000000000000              2.55480000000000    
          64.1754500000000              13.4942500000000              2.48377000000000    
          63.0698500000000              12.9806100000000              2.41618000000000    
          61.9676200000000              12.4587200000000              2.35235000000000    
          60.8694200000000              11.9283400000000              2.29263000000000    
          59.7750800000000              11.3885200000000              2.23729000000000    
          58.6893900000000              10.8440300000000              2.18696000000000    
          57.6010900000000              10.3289000000000              2.14021000000000    
          56.5219400000000              9.85311000000000              2.09653000000000    
          55.4241000000000              9.39593000000000              2.05425000000000    
          54.3168900000000              8.96169000000000              2.01475000000000    
          53.1985200000000              8.55226000000000              1.97359000000000    
          52.0730900000000              8.16850000000000              1.92826000000000    
          50.9385300000000              7.80334000000000              1.87861000000000    
          49.7835200000000              7.45081000000000              1.82450000000000    
          48.6166100000000              7.11268000000000              1.76683000000000    
          47.4368200000000              6.78756000000000              1.70638000000000    
          46.2423100000000              6.47580000000000              1.64526000000000    
          45.0289600000000              6.17465000000000              1.58311000000000    
          43.7963900000000              5.88297000000000              1.51979000000000    
          42.5566700000000              5.60248000000000              1.45576000000000    
          41.3008500000000              5.32936000000000              1.39006000000000    
          40.0288700000000              5.06281000000000              1.32248000000000    
          38.7414400000000              4.80059000000000              1.25184000000000    
          37.4410700000000              4.53880000000000              1.17588000000000    
          36.1275300000000              4.27722000000000              1.09469000000000    
          34.8168400000000              4.01901000000000              1.00954000000000    
          33.4976200000000              3.76049000000000             0.919050000000000    
          32.1734300000000              3.50334000000000             0.824460000000000    
          30.8418400000000              3.26201000000000             0.727240000000000    
          29.4578600000000              3.03861000000000             0.625840000000001    
          65.4231600000000              14.0000000000000              2.54868000000000    
          64.3383900000000              13.4974400000000              2.47767000000000    
          63.2568000000000              12.9871700000000              2.41013000000000    
          62.1785200000000              12.4688200000000              2.34636000000000    
          61.1042100000000              11.9421600000000              2.28669000000000    
          60.0337400000000              11.4062700000000              2.23139000000000    
          58.9721100000000              10.8654700000000              2.18107000000000    
          57.9094200000000              10.3527100000000              2.13440000000000    
          56.8570400000000              9.87976000000000              2.09087000000000    
          55.7862000000000              9.42412000000000              2.04852000000000    
          54.7058800000000              8.99116000000000              2.00897000000000    
          53.6145300000000              8.58216000000000              1.96823000000000    
          52.5150500000000              8.19841000000000              1.92323000000000    
          51.4077900000000              7.83380000000000              1.87399000000000    
          50.2786700000000              7.48081000000000              1.82006000000000    
          49.1369800000000              7.14205000000000              1.76250000000000    
          47.9817300000000              6.81592000000000              1.70185000000000    
          46.8109300000000              6.50289000000000              1.64010000000000    
          45.6204000000000              6.20031000000000              1.57698000000000    
          44.4090800000000              5.90685000000000              1.51224000000000    
          43.1899200000000              5.62474000000000              1.44650000000000    
          41.9535900000000              5.34982000000000              1.37867000000000    
          40.7000200000000              5.08132000000000              1.30850000000000    
          39.4298200000000              4.81727000000000              1.23518000000000    
          38.1456000000000              4.55352000000000              1.15694000000000    
          36.8473300000000              4.28980000000000              1.07391000000000    
          35.5513600000000              4.02944000000000             0.987520000000000    
          34.2473000000000              3.76866000000000             0.896360000000000    
          32.9376800000000              3.50905000000000             0.801800000000000    
          31.6203500000000              3.26499000000000             0.704300000000000    
          30.2467800000000              3.03860999999995             0.601069999999998    
          65.5620700000000              14.0000000000000              2.54284000000000    
          64.5011400000000              13.5006400000000              2.47195000000000    
          63.4433400000000              12.9937300000000              2.40455000000000    
          62.3887900000000              12.4789100000000              2.34092000000000    
          61.3381600000000              11.9559900000000              2.28141000000000    
          60.2913400000000              11.4240000000000              2.22622000000000    
          59.2534700000000              10.8869600000000              2.17600000000000    
          58.2160700000000              10.3765800000000              2.12948000000000    
          57.1898500000000              9.90641000000000              2.08615000000000    
          56.1458000000000              9.45239000000000              2.04379000000000    
          55.0920600000000              9.02073000000000              2.00419000000000    
          54.0274400000000              8.61217000000000              1.96387000000000    
          52.9537200000000              8.22843000000000              1.91926000000000    
          51.8732600000000              7.86436000000000              1.87049000000000    
          50.7699100000000              7.51091000000000              1.81684000000000    
          49.6533300000000              7.17152000000000              1.75952000000000    
          48.5225100000000              6.84440000000000              1.69887000000000    
          47.3754300000000              6.53008000000000              1.63671000000000    
          46.2077600000000              6.22606000000000              1.57284000000000    
          45.0179200000000              5.93084000000000              1.50693000000000    
          43.8193800000000              5.64706000000000              1.43972000000000    
          42.6027100000000              5.37034000000000              1.37000000000000    
          41.3677900000000              5.09988000000000              1.29753000000000    
          40.1151200000000              4.83397000000000              1.22169000000000    
          38.8474000000000              4.56826000000000              1.14127000000000    
          37.5647900000000              4.30240000000000              1.05647000000000    
          36.2838400000000              4.03984000000000             0.968820000000000    
          34.9954100000000              3.77683000000000             0.876970000000000    
          33.7008200000000              3.51477000000000             0.782340000000000    
          32.3982600000000              3.26798000000000             0.684600000000000    
          31.0358000000000              3.03861000000000             0.579710000000001    
          65.7010000000000              14.0000000000000              2.53729000000000    
          64.6637000000000              13.5038300000000              2.46658000000000    
          63.6294600000000              13.0002800000000              2.39939000000000    
          62.5984300000000              12.4889900000000              2.33600000000000    
          61.5712600000000              11.9698000000000              2.27671000000000    
          60.5478900000000              11.4417300000000              2.22171000000000    
          59.5334700000000              10.9085000000000              2.17166000000000    
          58.5210300000000              10.4005000000000              2.12536000000000    
          57.5203600000000              9.93304000000000              2.08227000000000    
          56.5029100000000              9.48074000000000              2.03994000000000    
          55.4754400000000              9.05039000000000              2.00031000000000    
          54.4372500000000              8.64231000000000              1.96041000000000    
          53.3891300000000              8.25860000000000              1.91623000000000    
          52.3349300000000              7.89501000000000              1.86800000000000    
          51.2572300000000              7.54112000000000              1.81473000000000    
          50.1656600000000              7.20109000000000              1.75776000000000    
          49.0591900000000              6.87299000000000              1.69730000000000    
          47.9357900000000              6.55736000000000              1.63493000000000    
          46.7910100000000              6.25190000000000              1.57053000000000    
          45.6229200000000              5.95493000000000              1.50370000000000    
          44.4450400000000              5.66944000000000              1.43525000000000    
          43.2482200000000              5.39090000000000              1.36393000000000    
          42.0321700000000              5.11847000000000              1.28942000000000    
          40.7973400000000              4.85067000000000              1.21127000000000    
          39.5464700000000              4.58301000000000              1.12880000000000    
          38.2798900000000              4.31500000000000              1.04228000000000    
          37.0142900000000              4.05024000000000             0.953380000000000    
          35.7419400000000              3.78500000000000             0.860800000000000    
          34.4628500000000              3.52050000000000             0.765990000000000    
          33.1755400000000              3.27096000000000             0.668010000000000    
          31.8249000000000              3.03860999999976             0.561620000000004    
          65.8399400000000              14.0000000000000              2.53202000000000    
          64.8260300000000              13.5070300000000              2.46156000000000    
          63.8151700000000              13.0068300000000              2.39465000000000    
          62.8074500000000              12.4990800000000              2.33155000000000    
          61.8035200000000              11.9836100000000              2.27254000000000    
          60.8033800000000              11.4594500000000              2.21780000000000    
          59.8121300000000              10.9300700000000              2.16796000000000    
          58.8243300000000              10.4244600000000              2.12192000000000    
          57.8485900000000              9.95961000000000              2.07911000000000    
          56.8575200000000              9.50916000000000              2.03688000000000    
          55.8560300000000              9.08014000000000              1.99722000000000    
          54.8439600000000              8.67256000000000              1.95775000000000    
          53.8212500000000              8.28891000000000              1.91405000000000    
          52.7928000000000              7.92575000000000              1.86641000000000    
          51.7406300000000              7.57143000000000              1.81361000000000    
          50.6739700000000              7.23076000000000              1.75708000000000    
          49.5917600000000              6.90170000000000              1.69698000000000    
          48.4920300000000              6.58475000000000              1.63460000000000    
          47.3701600000000              6.27783000000000              1.56988000000000    
          46.2240600000000              5.97914000000000              1.50238000000000    
          45.0668900000000              5.69188000000000              1.43294000000000    
          43.8900900000000              5.41151000000000              1.36027000000000    
          42.6931400000000              5.13710000000000              1.28400000000000    
          41.4764700000000              4.86738000000000              1.20378000000000    
          40.2427700000000              4.59776000000000              1.11939000000000    
          38.9926200000000              4.32761000000000              1.03124000000000    
          37.7427100000000              4.06062000000000             0.941080000000000    
          36.4868600000000              3.79317000000000             0.847730000000000    
          35.2237400000000              3.52623000000000             0.752600000000000    
          33.9521900000000              3.27395000000000             0.654330000000000    
          32.6140700000000              3.03860999999991             0.546610000000005    
          65.9788800000000              14.0000000000000              2.52703000000000    
          64.9881800000000              13.5102200000000              2.45686000000000    
          64.0004700000000              13.0133900000000              2.39028000000000    
          63.0158300000000              12.5091600000000              2.32752000000000    
          62.0349300000000              11.9974200000000              2.26885000000000    
          61.0578100000000              11.4771700000000              2.21441000000000    
          60.0894600000000              10.9516700000000              2.16483000000000    
          59.1259600000000              10.4484800000000              2.11909000000000    
          58.1745600000000              9.98608000000000              2.07656000000000    
          57.2096300000000              9.53764000000000              2.03450000000000    
          56.2338400000000              9.10996000000000              1.99486000000000    
          55.2475800000000              8.70293000000000              1.95579000000000    
          54.2500800000000              8.31936000000000              1.91261000000000    
          53.2468600000000              7.95654000000000              1.86560000000000    
          52.2201300000000              7.60185000000000              1.81335000000000    
          51.1782600000000              7.26052000000000              1.75737000000000    
          50.1202200000000              6.93052000000000              1.69776000000000    
          49.0441300000000              6.61225000000000              1.63556000000000    
          47.9452100000000              6.30384000000000              1.57074000000000    
          46.8213000000000              6.00346000000000              1.50279000000000    
          45.6849300000000              5.71438000000000              1.43258000000000    
          44.5283300000000              5.43217000000000              1.35883000000000    
          43.3507100000000              5.15578000000000              1.28109000000000    
          42.1525000000000              4.88409000000000              1.19904000000000    
          40.9363100000000              4.61252000000000              1.11289000000000    
          39.7029600000000              4.34023000000000              1.02319000000000    
          38.4691100000000              4.07099000000000             0.931790000000000    
          37.2301600000000              3.80134000000000             0.837590000000000    
          35.9834900000000              3.53197000000000             0.741990000000000    
          34.7281900000000              3.27695000000000             0.643370000000000    
          33.4032800000000              3.03860999999999             0.534470000000000    
          66.1178400000000              14.0000000000000              2.52231000000000    
          65.1501200000000              13.5134200000000              2.45249000000000    
          64.1853300000000              13.0199400000000              2.38628000000000    
          63.2235900000000              12.5192400000000              2.32390000000000    
          62.2654900000000              12.0112200000000              2.26559000000000    
          61.3111700000000              11.4948800000000              2.21149000000000    
          60.3654600000000              10.9733000000000              2.16220000000000    
          59.4259300000000              10.4725600000000              2.11679000000000    
          58.4983300000000              10.0124400000000              2.07456000000000    
          57.5592500000000              9.56620000000000              2.03272000000000    
          56.6088800000000              9.13986000000000              1.99313000000000    
          55.6481100000000              8.73342000000000              1.95445000000000    
          54.6756100000000              8.34993000000000              1.91183000000000    
          53.6971200000000              7.98736000000000              1.86548000000000    
          52.6957200000000              7.63239000000000              1.81387000000000    
          51.6785300000000              7.29038000000000              1.75851000000000    
          50.6445700000000              6.95945000000000              1.69952000000000    
          49.5920900000000              6.63984000000000              1.63766000000000    
          48.5161400000000              6.32994000000000              1.57293000000000    
          47.4146100000000              6.02788000000000              1.50476000000000    
          46.2991400000000              5.73694000000000              1.43401000000000    
          45.1629300000000              5.45289000000000              1.35943000000000    
          44.0048600000000              5.17449000000000              1.28050000000000    
          42.8254100000000              4.90082000000000              1.19688000000000    
          41.6270700000000              4.62730000000000              1.10913000000000    
          40.4109000000000              4.35286000000000              1.01797000000000    
          39.1934900000000              4.08135000000000             0.925320000000000    
          37.9718400000000              3.80952000000000             0.830220000000000    
          36.7420800000000              3.53772000000000             0.733970000000000    
          35.5035300000000              3.27995000000000             0.634900000000000    
          34.1925400000000              3.03860999999992             0.524930000000007    
          66.2568100000000              14.0000000000000              2.51787000000000    
          65.3118500000000              13.5166100000000              2.44842000000000    
          64.3697900000000              13.0264900000000              2.38261000000000    
          63.4307100000000              12.5293200000000              2.32063000000000    
          62.4952000000000              12.0250100000000              2.26273000000000    
          61.5634700000000              11.5125800000000              2.20899000000000    
          60.6401500000000              10.9949500000000              2.16000000000000    
          59.7242300000000              10.4966900000000              2.11496000000000    
          58.8199800000000              10.0387300000000              2.07303000000000    
          57.9063800000000              9.59481000000000              2.03147000000000    
          56.9811600000000              9.16983000000000              1.99197000000000    
          56.0455500000000              8.76403000000000              1.95366000000000    
          55.0978000000000              8.38063000000000              1.91162000000000    
          54.1436000000000              8.01819000000000              1.86596000000000    
          53.1674000000000              7.66304000000000              1.81506000000000    
          52.1747700000000              7.32035000000000              1.76039000000000    
          51.1648200000000              6.98849000000000              1.70212000000000    
          50.1359300000000              6.66754000000000              1.64077000000000    
          49.0829600000000              6.35614000000000              1.57629000000000    
          48.0039500000000              6.05241000000000              1.50813000000000    
          46.9095300000000              5.75955000000000              1.43704000000000    
          45.7938800000000              5.47365000000000              1.36188000000000    
          44.6555900000000              5.19325000000000              1.28201000000000    
          43.4952000000000              4.91756000000000              1.19709000000000    
          42.3150500000000              4.64208000000000              1.10792000000000    
          41.1164300000000              4.36549000000000              1.01539000000000    
          39.9158400000000              4.09171000000000             0.921510000000000    
          38.7118800000000              3.81771000000000             0.825420000000000    
          37.4995100000000              3.54348000000000             0.728340000000000    
          36.2781900000000              3.28296000000000             0.628690000000000    
          34.9818100000000              3.03860999999999             0.517750000000002    
          66.3957700000000              14.0000000000000              2.51368000000000    
          65.4733700000000              13.5198000000000              2.44464000000000    
          64.5538200000000              13.0330400000000              2.37926000000000    
          63.6371900000000              12.5393900000000              2.31771000000000    
          62.7240600000000              12.0388000000000              2.26023000000000    
          61.8147000000000              11.5302700000000              2.20687000000000    
          60.9135300000000              11.0166100000000              2.15821000000000    
          60.0208800000000              10.5208700000000              2.11354000000000    
          59.1395800000000              10.0649700000000              2.07192000000000    
          58.2510300000000              9.62349000000000              2.03068000000000    
          57.3506800000000              9.19988000000000              1.99131000000000    
          56.4399200000000              8.79476000000000              1.95334000000000    
          55.5166800000000              8.41144000000000              1.91192000000000    
          54.5863500000000              8.04900000000000              1.86696000000000    
          53.6351700000000              7.69380000000000              1.81684000000000    
          52.6670000000000              7.35042000000000              1.76293000000000    
          51.6809700000000              7.01764000000000              1.70545000000000    
          50.6756200000000              6.69534000000000              1.64475000000000    
          49.6456700000000              6.38242000000000              1.58070000000000    
          48.5893200000000              6.07703000000000              1.51272000000000    
          47.5161100000000              5.78221000000000              1.44150000000000    
          46.4212000000000              5.49447000000000              1.36599000000000    
          45.3029000000000              5.21205000000000              1.28545000000000    
          44.1618600000000              4.93430000000000              1.19948000000000    
          43.0002400000000              4.65687000000000              1.10906000000000    
          41.8195500000000              4.37812000000000              1.01526000000000    
          40.6361900000000              4.10206000000000             0.920150000000000    
          39.4502800000000              3.82589000000000             0.823000000000000    
          38.2557600000000              3.54924000000000             0.724890000000000    
          37.0521700000000              3.28597000000000             0.624490000000000    
          35.7711000000000              3.03860999999999             0.512660000000001    
          66.5347600000000              14.0000000000000              2.50975000000000    
          65.6346900000000              13.5230000000000              2.44114000000000    
          64.7374300000000              13.0395900000000              2.37620000000000    
          63.8430400000000              12.5494700000000              2.31511000000000    
          62.9520700000000              12.0525800000000              2.25806000000000    
          62.0648700000000              11.5479600000000              2.20511000000000    
          61.1856000000000              11.0382800000000              2.15678000000000    
          60.3158800000000              10.5451100000000              2.11250000000000    
          59.4572000000000              10.0912000000000              2.07119000000000    
          58.5932000000000              9.65223000000000              2.03031000000000    
          57.7174400000000              9.23001000000000              1.99109000000000    
          56.8312200000000              8.82561000000000              1.95346000000000    
          55.9322300000000              8.44236000000000              1.91268000000000    
          55.0254100000000              8.07979000000000              1.86842000000000    
          54.0990500000000              7.72468000000000              1.81915000000000    
          53.1552100000000              7.38059000000000              1.76604000000000    
          52.1930200000000              7.04690000000000              1.70943000000000    
          51.2111900000000              6.72325000000000              1.64951000000000    
          50.2042800000000              6.40879000000000              1.58603000000000    
          49.1706700000000              6.10175000000000              1.51841000000000    
          48.1188700000000              5.80493000000000              1.44724000000000    
          47.0448600000000              5.51534000000000              1.37160000000000    
          45.9467900000000              5.23089000000000              1.29061000000000    
          44.8253900000000              4.95106000000000              1.20386000000000    
          43.6826200000000              4.67167000000000              1.11237000000000    
          42.5202400000000              4.39076000000000              1.01739000000000    
          41.3545200000000              4.11241000000000             0.921050000000000    
          40.1870200000000              3.83408000000000             0.822760000000000    
          39.0108300000000              3.55501000000000             0.723410000000000    
          37.8254600000000              3.28898000000000             0.622070000000000    
          36.5604100000000              3.03861000000000             0.509390000000000    
          66.6737400000000              14.0000000000000              2.50606000000000    
          65.7958100000000              13.5261900000000              2.43790000000000    
          64.9206200000000              13.0461300000000              2.37343000000000    
          64.0482500000000              12.5595400000000              2.31281000000000    
          63.1792200000000              12.0663600000000              2.25621000000000    
          62.3139500000000              11.5656400000000              2.20367000000000    
          61.4563800000000              11.0599500000000              2.15569000000000    
          60.6092300000000              10.5694100000000              2.11180000000000    
          59.7728600000000              10.1174400000000              2.07080000000000    
          58.9329100000000              9.68104000000000              2.03032000000000    
          58.0814400000000              9.26021000000000              1.99129000000000    
          57.2194500000000              8.85659000000000              1.95397000000000    
          56.3444900000000              8.47339000000000              1.91384000000000    
          55.4608800000000              8.11057000000000              1.87028000000000    
          54.5590200000000              7.75568000000000              1.82193000000000    
          53.6394100000000              7.41087000000000              1.76967000000000    
          52.7009900000000              7.07626000000000              1.71397000000000    
          51.7426300000000              6.75127000000000              1.65493000000000    
          50.7587800000000              6.43525000000000              1.59216000000000    
          49.7480200000000              6.12656000000000              1.52506000000000    
          48.7178200000000              5.82771000000000              1.45411000000000    
          47.6648800000000              5.53626000000000              1.37854000000000    
          46.5872500000000              5.24977000000000              1.29733000000000    
          45.4857900000000              4.96784000000000              1.21004000000000    
          44.3622100000000              4.68648000000000              1.11765000000000    
          43.2185100000000              4.40340000000000              1.02160000000000    
          42.0708500000000              4.12275000000000             0.924030000000000    
          40.9221000000000              3.84228000000000             0.824510000000000    
          39.7647200000000              3.56079000000000             0.723710000000000    
          38.5980600000000              3.29200000000000             0.621210000000000    
          37.3497100000000              3.03861000000000             0.507670000000000    
          66.8127400000000              14.0000000000000              2.50260000000000    
          65.9567000000000              13.5293900000000              2.43491000000000    
          65.1033800000000              13.0526800000000              2.37093000000000    
          64.2528200000000              12.5696100000000              2.31079000000000    
          63.4055200000000              12.0801300000000              2.25466000000000    
          62.5619700000000              11.5833100000000              2.20254000000000    
          61.7258600000000              11.0816200000000              2.15491000000000    
          60.9009300000000              10.5937600000000              2.11142000000000    
          60.0865900000000              10.1437200000000              2.07075000000000    
          59.2701700000000              9.70994000000000              2.03069000000000    
          58.4426900000000              9.29049000000000              1.99187000000000    
          57.6046300000000              8.88770000000000              1.95485000000000    
          56.7534400000000              8.50454000000000              1.91539000000000    
          55.8928300000000              8.14139000000000              1.87254000000000    
          55.0151000000000              7.78678000000000              1.82514000000000    
          54.1196000000000              7.44126000000000              1.77375000000000    
          53.2048800000000              7.10572000000000              1.71902000000000    
          52.2699400000000              6.77940000000000              1.66094000000000    
          51.3091700000000              6.46181000000000              1.59899000000000    
          50.3213300000000              6.15146000000000              1.53256000000000    
          49.3129800000000              5.85056000000000              1.46199000000000    
          48.2812400000000              5.55724000000000              1.38667000000000    
          47.2242900000000              5.26870000000000              1.30544000000000    
          46.1430400000000              4.98463000000000              1.21783000000000    
          45.0390000000000              4.70130000000000              1.12473000000000    
          43.9143600000000              4.41605000000000              1.02769000000000    
          42.7851700000000              4.13309000000000             0.928900000000000    
          41.6555300000000              3.85048000000000             0.828050000000000    
          40.5174300000000              3.56657000000000             0.725580000000000    
          39.3699700000000              3.29502000000000             0.621680000000000    
          38.1390200000000              3.03861000000000             0.507260000000001    
          66.9517400000000              14.0000000000000              2.49937000000000    
          66.1174000000000              13.5325800000000              2.43217000000000    
          65.2857200000000              13.0592300000000              2.36869000000000    
          64.4567500000000              12.5796700000000              2.30905000000000    
          63.6309600000000              12.0938900000000              2.25339000000000    
          62.8089100000000              11.6009800000000              2.20170000000000    
          61.9940500000000              11.1032900000000              2.15444000000000    
          61.1910000000000              10.6181700000000              2.11134000000000    
          60.3984000000000              10.1700800000000              2.07103000000000    
          59.6049700000000              9.73893000000000              2.03140000000000    
          58.8011900000000              9.32086000000000              1.99281000000000    
          57.9867600000000              8.91894000000000              1.95607000000000    
          57.1591100000000              8.53581000000000              1.91729000000000    
          56.3213100000000              8.17227000000000              1.87515000000000    
          55.4672900000000              7.81800000000000              1.82873000000000    
          54.5957800000000              7.47176000000000              1.77825000000000    
          53.7046900000000              7.13529000000000              1.72451000000000    
          52.7931300000000              6.80765000000000              1.66747000000000    
          51.8554800000000              6.48847000000000              1.60645000000000    
          50.8906200000000              6.17644000000000              1.54081000000000    
          49.9043500000000              5.87349000000000              1.47077000000000    
          48.8939700000000              5.57827000000000              1.39586000000000    
          47.8578900000000              5.28766000000000              1.31479000000000    
          46.7971500000000              5.00145000000000              1.22708000000000    
          45.7129800000000              4.71613000000000              1.13343000000000    
          44.6077800000000              4.42871000000000              1.03551000000000    
          43.4974900000000              4.14344000000000             0.935490000000000    
          42.3872900000000              3.85868000000000             0.833210000000000    
          41.2689400000000              3.57235000000000             0.728860000000000    
          40.1411800000000              3.29805000000000             0.623280000000000    
          38.9283300000000              3.03861000000000             0.507909999999999    
          67.0907400000000              14.0000000000000              2.49633000000000    
          66.2778900000000              13.5357700000000              2.42965000000000    
          65.4676400000000              13.0657700000000              2.36669000000000    
          64.6600400000000              12.5897400000000              2.30757000000000    
          63.8555500000000              12.1076500000000              2.25240000000000    
          63.0547800000000              11.6186300000000              2.20116000000000    
          62.2609400000000              11.1249600000000              2.15426000000000    
          61.4794400000000              10.6426300000000              2.11157000000000    
          60.7082900000000              10.1965200000000              2.07162000000000    
          59.9373000000000              9.76803000000000              2.03245000000000    
          59.1569600000000              9.35131000000000              1.99410000000000    
          58.3658600000000              8.95030000000000              1.95762000000000    
          57.5615200000000              8.56720000000000              1.91953000000000    
          56.7463500000000              8.20325000000000              1.87811000000000    
          55.9156000000000              7.84933000000000              1.83269000000000    
          55.0679700000000              7.50236000000000              1.78313000000000    
          54.2004300000000              7.16495000000000              1.73040000000000    
          53.3122000000000              6.83600000000000              1.67447000000000    
          52.3976800000000              6.51522000000000              1.61447000000000    
          51.4558700000000              6.20151000000000              1.54973000000000    
          50.4919200000000              5.89650000000000              1.48036000000000    
          49.5030400000000              5.59936000000000              1.40599000000000    
          48.4880800000000              5.30667000000000              1.32524000000000    
          47.4481100000000              5.01829000000000              1.23762000000000    
          46.3841600000000              4.73097000000000              1.14360000000000    
          45.2987800000000              4.44137000000000              1.04488000000000    
          44.2078200000000              4.15378000000000             0.943630000000000    
          43.1173800000000              3.86689000000000             0.839820000000000    
          42.0192700000000              3.57814000000000             0.733380000000000    
          40.9116900000000              3.30108000000000             0.625840000000000    
          39.7176400000000              3.03861000000000             0.509430000000001    
          67.2297400000000              14.0000000000000              2.49349000000000    
          66.4381600000000              13.5389700000000              2.42734000000000    
          65.6491200000000              13.0723100000000              2.36493000000000    
          64.8626900000000              12.5998000000000              2.30634000000000    
          64.0792700000000              12.1214000000000              2.25167000000000    
          63.2995600000000              11.6362800000000              2.20090000000000    
          62.5265500000000              11.1466200000000              2.15439000000000    
          61.7662500000000              10.6671500000000              2.11211000000000    
          61.0162500000000              10.2230300000000              2.07252000000000    
          60.2671500000000              9.79725000000000              2.03384000000000    
          59.5099800000000              9.38184000000000              1.99574000000000    
          58.7419200000000              8.98180000000000              1.95951000000000    
          57.9606500000000              8.59873000000000              1.92211000000000    
          57.1679600000000              8.23437000000000              1.88143000000000    
          56.3600400000000              7.88075000000000              1.83699000000000    
          55.5361600000000              7.53307000000000              1.78838000000000    
          54.6921000000000              7.19472000000000              1.73668000000000    
          53.8271600000000              6.86447000000000              1.68189000000000    
          52.9357900000000              6.54207000000000              1.62299000000000    
          52.0171000000000              6.22667000000000              1.55925000000000    
          51.0756900000000              5.91960000000000              1.49066000000000    
          50.1084800000000              5.62051000000000              1.41696000000000    
          49.1148400000000              5.32572000000000              1.33669000000000    
          48.0959300000000              5.03515000000000              1.24932000000000    
          47.0525300000000              4.74582000000000              1.15510000000000    
          45.9873600000000              4.45403000000000              1.05566000000000    
          44.9161500000000              4.16413000000000             0.953180000000000    
          43.8458100000000              3.87511000000000             0.847750000000000    
          42.7684100000000              3.58394000000000             0.738990000000000    
          41.6815100000000              3.30412000000000             0.629200000000000    
          40.5069400000000              3.03861000000000             0.511610000000000    
          67.3687600000000              14.0000000000000              2.49082000000000    
          66.5982100000000              13.5421600000000              2.42523000000000    
          65.8301800000000              13.0788600000000              2.36339000000000    
          65.0646900000000              12.6098600000000              2.30535000000000    
          64.3021400000000              12.1351500000000              2.25121000000000    
          63.5432600000000              11.6539300000000              2.20092000000000    
          62.7908600000000              11.1682700000000              2.15481000000000    
          62.0514400000000              10.6917100000000              2.11294000000000    
          61.3223000000000              10.2496200000000              2.07374000000000    
          60.5945200000000              9.82661000000000              2.03557000000000    
          59.8602900000000              9.41246000000000              1.99773000000000    
          59.1149900000000              9.01341000000000              1.96175000000000    
          58.3565200000000              8.63038000000000              1.92503000000000    
          57.5861400000000              8.26564000000000              1.88509000000000    
          56.8006400000000              7.91227000000000              1.84163000000000    
          56.0003700000000              7.56389000000000              1.79397000000000    
          55.1797300000000              7.22457000000000              1.74333000000000    
          54.3380200000000              6.89306000000000              1.68969000000000    
          53.4698200000000              6.56901000000000              1.63196000000000    
          52.5743000000000              6.25191000000000              1.56931000000000    
          51.6556400000000              5.94280000000000              1.50161000000000    
          50.7102700000000              5.64171000000000              1.42868000000000    
          49.7381800000000              5.34482000000000              1.34902000000000    
          48.7406000000000              5.05204000000000              1.26205000000000    
          47.7181000000000              4.76067000000000              1.16778000000000    
          46.6735100000000              4.46670000000000              1.06771000000000    
          45.6224800000000              4.17448000000000             0.964000000000000    
          44.5725700000000              3.88332000000000             0.856840000000000    
          43.5163700000000              3.58973000000000             0.745560000000000    
          42.4506200000000              3.30716000000000             0.633210000000000    
          41.2962500000000              3.03861000000000             0.514290000000001    
          67.5077700000000              14.0000000000000              2.48832000000000    
          66.7580600000000              13.5453500000000              2.42332000000000    
          66.0108100000000              13.0854000000000              2.36206000000000    
          65.2660500000000              12.6199100000000              2.30461000000000    
          64.5241500000000              12.1488900000000              2.25101000000000    
          63.7858800000000              11.6715600000000              2.20122000000000    
          63.0538700000000              11.1899100000000              2.15554000000000    
          62.3350100000000              10.7163400000000              2.11409000000000    
          61.6264400000000              10.2762800000000              2.07529000000000    
          60.9194100000000              9.85606000000000              2.03764000000000    
          60.2078600000000              9.44316000000000              2.00008000000000    
          59.4850500000000              9.04512000000000              1.96435000000000    
          58.7491400000000              8.66217000000000              1.92828000000000    
          58.0008700000000              8.29707000000000              1.88909000000000    
          57.2374300000000              7.94386000000000              1.84660000000000    
          56.4606000000000              7.59483000000000              1.79991000000000    
          55.6632900000000              7.25453000000000              1.75032000000000    
          54.8447800000000              6.92176000000000              1.69786000000000    
          53.9997700000000              6.59606000000000              1.64136000000000    
          53.1274700000000              6.27723000000000              1.57986000000000    
          52.2317600000000              5.96611000000000              1.51315000000000    
          51.3084200000000              5.66297000000000              1.44108000000000    
          50.3581000000000              5.36395000000000              1.36213000000000    
          49.3821200000000              5.06897000000000              1.27569000000000    
          48.3808600000000              4.77553000000000              1.18152000000000    
          47.3572300000000              4.47938000000000              1.08091000000000    
          46.3268200000000              4.18484000000000             0.975960000000000    
          45.2976600000000              3.89154000000000             0.866990000000000    
          44.2631300000000              3.59554000000000             0.752990000000000    
          43.2190400000000              3.31020000000000             0.637780000000000    
          42.0855500000000              3.03860999999992             0.517340000000039    
          67.6467900000000              14.0000000000000              2.48596000000000    
          66.9177000000000              13.5485400000000              2.42158000000000    
          66.1910200000000              13.0919400000000              2.36095000000000    
          65.4667700000000              12.6299700000000              2.30409000000000    
          64.7453000000000              12.1626300000000              2.25107000000000    
          64.0274200000000              11.6891900000000              2.20181000000000    
          63.3156000000000              11.2115300000000              2.15656000000000    
          62.6169700000000              10.7410200000000              2.11555000000000    
          61.9286700000000              10.3030000000000              2.07717000000000    
          61.2418500000000              9.88555000000000              2.04006000000000    
          60.5527200000000              9.47396000000000              2.00280000000000    
          59.8521500000000              9.07693000000000              1.96732000000000    
          59.1385300000000              8.69408000000000              1.93188000000000    
          58.4121700000000              8.32864000000000              1.89344000000000    
          57.6704600000000              7.97549000000000              1.85190000000000    
          56.9168500000000              7.62587000000000              1.80619000000000    
          56.1428100000000              7.28459000000000              1.75765000000000    
          55.3474500000000              6.95056000000000              1.70638000000000    
          54.5256300000000              6.62320000000000              1.65116000000000    
          53.6766300000000              6.30264000000000              1.59087000000000    
          52.8040200000000              5.98952000000000              1.52523000000000    
          51.9029300000000              5.68427000000000              1.45410000000000    
          50.9746100000000              5.38313000000000              1.37596000000000    
          50.0204900000000              5.08592000000000              1.29015000000000    
          49.0408100000000              4.79041000000000              1.19623000000000    
          48.0385400000000              4.49206000000000              1.09514000000000    
          47.0291600000000              4.19520000000000             0.988970000000000    
          46.0210900000000              3.89976000000000             0.878090000000000    
          45.0087100000000              3.60134000000000             0.761200000000000    
          43.9867700000000              3.31325000000000             0.642820000000000    
          42.8748600000000              3.03860999999996             0.520640000000019    
          67.7858000000000              14.0000000000000              2.48375000000000    
          67.0771300000000              13.5517300000000              2.42001000000000    
          66.3708000000000              13.0984800000000              2.36003000000000    
          65.6668400000000              12.6400200000000              2.30381000000000    
          64.9655900000000              12.1763600000000              2.25139000000000    
          64.2678800000000              11.7068100000000              2.20267000000000    
          63.5760300000000              11.2331400000000              2.15790000000000    
          62.8973200000000              10.7657600000000              2.11733000000000    
          62.2290100000000              10.3297900000000              2.07938000000000    
          61.5619200000000              9.91505000000000              2.04281000000000    
          60.8948700000000              9.50484000000000              2.00589000000000    
          60.2162700000000              9.10884000000000              1.97068000000000    
          59.5246800000000              8.72613000000000              1.93583000000000    
          58.8200200000000              8.36034000000000              1.89814000000000    
          58.0998100000000              8.00714000000000              1.85752000000000    
          57.3691300000000              7.65704000000000              1.81281000000000    
          56.6182800000000              7.31475000000000              1.76531000000000    
          55.8460300000000              6.97948000000000              1.71522000000000    
          55.0474300000000              6.65045000000000              1.66132000000000    
          54.2217700000000              6.32813000000000              1.60230000000000    
          53.3724100000000              6.01303000000000              1.53780000000000    
          52.4938100000000              5.70564000000000              1.46767000000000    
          51.5877000000000              5.40236000000000              1.39043000000000    
          50.6557200000000              5.10291000000000              1.30535000000000    
          49.6979600000000              4.80529000000000              1.21179000000000    
          48.7174200000000              4.50475000000000              1.11032000000000    
          47.7294900000000              4.20557000000000              1.00292000000000    
          46.7428500000000              3.90798000000000             0.890070000000000    
          45.7530900000000              3.60715000000000             0.770100000000000    
          44.7538000000000              3.31631000000000             0.648270000000000    
          43.6641600000000              3.03861000000000             0.524130000000001    
          67.9248300000000              14.0000000000000              2.48167000000000    
          67.2363400000000              13.5549200000000              2.41861000000000    
          66.5501400000000              13.1050200000000              2.35930000000000    
          65.8662600000000              12.6500700000000              2.30374000000000    
          65.1850200000000              12.1900900000000              2.25195000000000    
          64.5072400000000              11.7244300000000              2.20382000000000    
          63.8351600000000              11.2547400000000              2.15955000000000    
          63.1760600000000              10.7905600000000              2.11943000000000    
          62.5274600000000              10.3566400000000              2.08194000000000    
          61.8796900000000              9.94449000000000              2.04591000000000    
          61.2343200000000              9.53580000000000              2.00936000000000    
          60.5774500000000              9.14083000000000              1.97443000000000    
          59.9076000000000              8.75831000000000              1.94014000000000    
          59.2244600000000              8.39217000000000              1.90319000000000    
          58.5255500000000              8.03878000000000              1.86345000000000    
          57.8174500000000              7.68832000000000              1.81976000000000    
          57.0897200000000              7.34502000000000              1.77330000000000    
          56.3405400000000              7.00851000000000              1.72439000000000    
          55.5651600000000              6.67779000000000              1.67183000000000    
          54.7629000000000              6.35370000000000              1.61412000000000    
          53.9369200000000              6.03663000000000              1.55083000000000    
          53.0810600000000              5.72705000000000              1.48176000000000    
          52.1973800000000              5.42162000000000              1.40548000000000    
          51.2878000000000              5.11993000000000              1.32121000000000    
          50.3523100000000              4.82018000000000              1.22812000000000    
          49.3938800000000              4.51744000000000              1.12634000000000    
          48.4278300000000              4.21596000000000              1.01774000000000    
          47.4629500000000              3.91621000000000             0.902840000000000    
          46.4963000000000              3.61297000000000             0.779670000000000    
          45.5201300000000              3.31937000000000             0.654110000000000    
          44.4534600000000              3.03861000000000             0.527760000000001    
          68.0638500000000              14.0000000000000              2.47970000000000    
          67.3953300000000              13.5581200000000              2.41735000000000    
          66.7290600000000              13.1115600000000              2.35876000000000    
          66.0650400000000              12.6601200000000              2.30390000000000    
          65.4035900000000              12.2038100000000              2.25276000000000    
          64.7455200000000              11.7420400000000              2.20525000000000    
          64.0930000000000              11.2763300000000              2.16150000000000    
          63.4532100000000              10.8154300000000              2.12186000000000    
          62.8240400000000              10.3835500000000              2.08484000000000    
          62.1952900000000              9.97384000000000              2.04934000000000    
          61.5710800000000              9.56684000000000              2.01321000000000    
          60.9356800000000              9.17290000000000              1.97859000000000    
          60.2873300000000              8.79063000000000              1.94482000000000    
          59.6255000000000              8.42411000000000              1.90859000000000    
          58.9477800000000              8.07040000000000              1.86971000000000    
          58.2618000000000              7.71973000000000              1.82704000000000    
          57.5571200000000              7.37540000000000              1.78162000000000    
          56.8309800000000              7.03764000000000              1.73386000000000    
          56.0788300000000              6.70524000000000              1.68267000000000    
          55.3000300000000              6.37936000000000              1.62631000000000    
          54.4975400000000              6.06034000000000              1.56428000000000    
          53.6647000000000              5.74851000000000              1.49631000000000    
          52.8036500000000              5.44093000000000              1.42106000000000    
          51.9167400000000              5.13699000000000              1.33765000000000    
          51.0038500000000              4.83507000000000              1.24515000000000    
          50.0679200000000              4.53014000000000              1.14313000000000    
          49.1241500000000              4.22635000000000              1.03335000000000    
          48.1814000000000              3.92443000000000             0.916360000000000    
          47.2383200000000              3.61878000000000             0.789870000000000    
          46.2857700000000              3.32243000000000             0.660340000000000    
          45.2427600000000              3.03860999999991             0.531530000000041    
          68.2028700000000              14.0000000000000              2.47785000000000    
          67.5541200000000              13.5613100000000              2.41624000000000    
          66.9075500000000              13.1180900000000              2.35839000000000    
          66.2631800000000              12.6701700000000              2.30426000000000    
          65.6212800000000              12.2175300000000              2.25382000000000    
          64.9827100000000              11.7596400000000              2.20695000000000    
          64.3495400000000              11.2979000000000              2.16376000000000    
          63.7287600000000              10.8403700000000              2.12461000000000    
          63.1187400000000              10.4105300000000              2.08809000000000    
          62.5088300000000              10.0030600000000              2.05310000000000    
          61.9051700000000              9.59796000000000              2.01744000000000    
          61.2909700000000              9.20506000000000              1.98315000000000    
          60.6638500000000              8.82308000000000              1.94985000000000    
          60.0231600000000              8.45618000000000              1.91435000000000    
          59.3665700000000              8.10200000000000              1.87628000000000    
          58.7021900000000              7.75126000000000              1.83465000000000    
          58.0204900000000              7.40588000000000              1.79025000000000    
          57.3173600000000              7.06688000000000              1.74364000000000    
          56.5884400000000              6.73279000000000              1.69383000000000    
          55.8331600000000              6.40511000000000              1.63884000000000    
          55.0542700000000              6.08413000000000              1.57812000000000    
          54.2447200000000              5.77003000000000              1.51128000000000    
          53.4065100000000              5.46029000000000              1.43712000000000    
          52.5425400000000              5.15408000000000              1.35463000000000    
          51.6525900000000              4.84998000000000              1.26279000000000    
          50.7395300000000              4.54284000000000              1.16062000000000    
          49.8184600000000              4.23675000000000              1.04970000000000    
          48.8981900000000              3.93265000000000             0.930600000000000    
          47.9791500000000              3.62460000000000             0.800690000000000    
          47.0507100000000              3.32550000000000             0.666970000000000    
          46.0320600000000              3.03861000000000             0.535459999999999    
          68.3419000000000              14.0000000000000              2.47610000000000    
          67.7126800000000              13.5645000000000              2.41526000000000    
          67.0856000000000              13.1246300000000              2.35819000000000    
          66.4606600000000              12.6802100000000              2.30482000000000    
          65.8381200000000              12.2312400000000              2.25511000000000    
          65.2188100000000              11.7772400000000              2.20891000000000    
          64.6047700000000              11.3194600000000              2.16631000000000    
          64.0027200000000              10.8653900000000              2.12767000000000    
          63.4115800000000              10.4375700000000              2.09167000000000    
          62.8203700000000              10.0321800000000              2.05718000000000    
          62.2366000000000              9.62915000000000              2.02203000000000    
          61.6433200000000              9.23731000000000              1.98809000000000    
          61.0371700000000              8.85567000000000              1.95524000000000    
          60.4174300000000              8.48837000000000              1.92045000000000    
          59.7819300000000              8.13362000000000              1.88317000000000    
          59.1386400000000              7.78290000000000              1.84257000000000    
          58.4798500000000              7.43647000000000              1.79918000000000    
          57.7996800000000              7.09622000000000              1.75370000000000    
          57.0940100000000              6.76045000000000              1.70527000000000    
          56.3622900000000              6.43095000000000              1.65169000000000    
          55.6070900000000              6.10801000000000              1.59231000000000    
          54.8211500000000              5.79159000000000              1.52665000000000    
          54.0059600000000              5.47969000000000              1.45360000000000    
          53.1652000000000              5.17121000000000              1.37209000000000    
          52.2985200000000              4.86489000000000              1.28099000000000    
          51.4087300000000              4.55556000000000              1.17875000000000    
          50.5107700000000              4.24716000000000              1.06674000000000    
          49.6133300000000              3.94087000000000             0.945520000000000    
          48.7187900000000              3.63042000000000             0.812160000000000    
          47.8149600000000              3.32857000000000             0.674070000000000    
          46.8213600000000              3.03861000000000             0.539609999999999    
          68.4809300000000              14.0000000000000              2.47445000000000    
          67.8710400000000              13.5676900000000              2.41442000000000    
          67.2632300000000              13.1311600000000              2.35815000000000    
          66.6575000000000              12.6902500000000              2.30558000000000    
          66.0540900000000              12.2449500000000              2.25662000000000    
          65.4538200000000              11.7948200000000              2.21113000000000    
          64.8587100000000              11.3410100000000              2.16915000000000    
          64.2751000000000              10.8904700000000              2.13104000000000    
          63.7025600000000              10.4646900000000              2.09557000000000    
          63.1299200000000              10.0612200000000              2.06159000000000    
          62.5653900000000              9.66041000000000              2.02699000000000    
          61.9927500000000              9.26965000000000              1.99341000000000    
          61.4073200000000              8.88840000000000              1.96098000000000    
          60.8083500000000              8.52069000000000              1.92688000000000    
          60.1938700000000              8.16530000000000              1.89037000000000    
          59.5711700000000              7.81465000000000              1.85080000000000    
          58.9351900000000              7.46717000000000              1.80840000000000    
          58.2779500000000              7.12566000000000              1.76403000000000    
          57.5955200000000              6.78822000000000              1.71697000000000    
          56.8874400000000              6.45687000000000              1.66483000000000    
          56.1560200000000              6.13197000000000              1.60682000000000    
          55.3939800000000              5.81320000000000              1.54237000000000    
          54.6020200000000              5.49914000000000              1.47048000000000    
          53.7847200000000              5.18837000000000              1.38998000000000    
          52.9416500000000              4.87981000000000              1.29967000000000    
          52.0754900000000              4.56828000000000              1.19746000000000    
          51.2010500000000              4.25757000000000              1.08442000000000    
          50.3268200000000              3.94908000000000             0.961100000000000    
          49.4572500000000              3.63624000000000             0.824280000000000    
          48.5785200000000              3.33165000000000             0.681710000000000    
          47.6106500000000              3.03860999999999             0.544070000000002    
          68.6199600000000              14.0000000000000              2.47290000000000    
          68.0291800000000              13.5708800000000              2.41370000000000    
          67.4404200000000              13.1377000000000              2.35827000000000    
          66.8536800000000              12.7002900000000              2.30652000000000    
          66.2692000000000              12.2586600000000              2.25834000000000    
          65.6877400000000              11.8124000000000              2.21359000000000    
          65.1113400000000              11.3625400000000              2.17225000000000    
          64.5459100000000              10.9156000000000              2.13470000000000    
          63.9916800000000              10.4918700000000              2.09978000000000    
          63.4374800000000              10.0902500000000              2.06629000000000    
          62.8915300000000              9.69176000000000              2.03228000000000    
          62.3392700000000              9.30208000000000              1.99908000000000    
          61.7743000000000              8.92127000000000              1.96704000000000    
          61.1959000000000              8.55314000000000              1.93363000000000    
          60.6023400000000              8.19709000000000              1.89786000000000    
          59.9998000000000              7.84652000000000              1.85931000000000    
          59.3865300000000              7.49798000000000              1.81788000000000    
          58.7521900000000              7.15520000000000              1.77460000000000    
          58.0929900000000              6.81609000000000              1.72891000000000    
          57.4085900000000              6.48289000000000              1.67822000000000    
          56.7010700000000              6.15601000000000              1.62161000000000    
          55.9632100000000              5.83487000000000              1.55839000000000    
          55.1946600000000              5.51863000000000              1.48770000000000    
          54.4011000000000              5.20557000000000              1.40824000000000    
          53.5819800000000              4.89473000000000              1.31880000000000    
          52.7398300000000              4.58101000000000              1.21671000000000    
          51.8893100000000              4.26800000000000              1.10271000000000    
          51.0386700000000              3.95730000000000             0.977350000000000    
          50.1945200000000              3.64206000000000             0.837110000000000    
          49.3413800000000              3.33473000000000             0.689990000000000    
          48.3999500000000              3.03860999999998             0.548960000000007    
          68.7589900000000              14.0000000000000              2.47145000000000    
          68.1871100000000              13.5740700000000              2.41310000000000    
          67.6171900000000              13.1442300000000              2.35854000000000    
          67.0492200000000              12.7103200000000              2.30763000000000    
          66.4834400000000              12.2723600000000              2.26026000000000    
          65.9205600000000              11.8299800000000              2.21627000000000    
          65.3626600000000              11.3840700000000              2.17560000000000    
          64.8151800000000              10.9407900000000              2.13861000000000    
          64.2789600000000              10.5191200000000              2.10426000000000    
          63.7430100000000              10.1192900000000              2.07129000000000    
          63.2149900000000              9.72322000000000              2.03788000000000    
          62.6828700000000              9.33460000000000              2.00507000000000    
          62.1381300000000              8.95429000000000              1.97340000000000    
          61.5801000000000              8.58573000000000              1.94067000000000    
          61.0073100000000              8.22900000000000              1.90564000000000    
          60.4245500000000              7.87849000000000              1.86806000000000    
          59.8338700000000              7.52890000000000              1.82760000000000    
          59.2223900000000              7.18484000000000              1.78539000000000    
          58.5864300000000              6.84408000000000              1.74103000000000    
          57.9257600000000              6.50900000000000              1.69182000000000    
          57.2422200000000              6.18014000000000              1.63663000000000    
          56.5288200000000              5.85661000000000              1.57469000000000    
          55.7839100000000              5.53817000000000              1.50521000000000    
          55.0143500000000              5.22280000000000              1.42683000000000    
          54.2194900000000              4.90966000000000              1.33830000000000    
          53.4017500000000              4.59374000000000              1.23643000000000    
          52.5755600000000              4.27843000000000              1.12159000000000    
          51.7488900000000              3.96551000000000             0.994270000000000    
          50.9306100000000              3.64789000000000             0.850690000000000    
          50.1035400000000              3.33782000000000             0.699010000000000    
          49.1892400000000              3.03861000000000             0.554420000000000    
          68.8980100000000              14.0000000000000              2.47009000000000    
          68.3448200000000              13.5772600000000              2.41263000000000    
          67.7935200000000              13.1507600000000              2.35894000000000    
          67.2441200000000              12.7203600000000              2.30890000000000    
          66.6968200000000              12.2860600000000              2.26236000000000    
          66.1523000000000              11.8475400000000              2.21915000000000    
          65.6126600000000              11.4055900000000              2.17917000000000    
          65.0828900000000              10.9660100000000              2.14276000000000    
          64.5644000000000              10.5464400000000              2.10899000000000    
          64.0464700000000              10.1483800000000              2.07653000000000    
          63.5357500000000              9.75479000000000              2.04375000000000    
          63.0235700000000              9.36722000000000              2.01135000000000    
          62.4988100000000              8.98745000000000              1.98002000000000    
          61.9609600000000              8.61845000000000              1.94795000000000    
          61.4087200000000              8.26109000000000              1.91365000000000    
          60.8454700000000              7.91056000000000              1.87704000000000    
          60.2772200000000              7.55993000000000              1.83752000000000    
          59.6885700000000              7.21458000000000              1.79636000000000    
          59.0758500000000              6.87218000000000              1.75330000000000    
          58.4389500000000              6.53520000000000              1.70558000000000    
          57.7794900000000              6.20434000000000              1.65184000000000    
          57.0908000000000              5.87842000000000              1.59120000000000    
          56.3697600000000              5.55776000000000              1.52296000000000    
          55.6244700000000              5.24006000000000              1.44570000000000    
          54.8542100000000              4.92460000000000              1.35812000000000    
          54.0612400000000              4.60648000000000              1.25659000000000    
          53.2597800000000              4.28886000000000              1.14102000000000    
          52.4574700000000              3.97371000000000              1.01187000000000    
          51.6655000000000              3.65371000000000             0.865090000000000    
          50.8650100000000              3.34091000000000             0.708900000000000    
          49.9785200000000              3.03861000000000             0.560630000000002    
          69.0370500000000              14.0000000000000              2.46883000000000    
          68.5023200000000              13.5804500000000              2.41226000000000    
          67.9694200000000              13.1572900000000              2.35948000000000    
          67.4383500000000              12.7303900000000              2.31032000000000    
          66.9093200000000              12.2997500000000              2.26462000000000    
          66.3829300000000              11.8651000000000              2.22220000000000    
          65.8613600000000              11.4271000000000              2.18293000000000    
          65.3490700000000              10.9912600000000              2.14711000000000    
          64.8480100000000              10.5738400000000              2.11393000000000    
          64.3478000000000              10.1775700000000              2.08199000000000    
          63.8537700000000              9.78651000000000              2.04985000000000    
          63.3613700000000              9.39994000000000              2.01786000000000    
          62.8563700000000              9.02073000000000              1.98688000000000    
          62.3384700000000              8.65132000000000              1.95545000000000    
          61.8065700000000              8.29333000000000              1.92187000000000    
          61.2626400000000              7.94270000000000              1.88617000000000    
          60.7165900000000              7.59107000000000              1.84759000000000    
          60.1507200000000              7.24441000000000              1.80747000000000    
          59.5612400000000              6.90039000000000              1.76567000000000    
          58.9481700000000              6.56149000000000              1.71946000000000    
          58.3128700000000              6.22862000000000              1.66718000000000    
          57.6491400000000              5.90031000000000              1.60787000000000    
          56.9522100000000              5.57739000000000              1.54091000000000    
          56.2314500000000              5.25736000000000              1.46478000000000    
          55.4861100000000              4.93955000000000              1.37820000000000    
          54.7183000000000              4.61923000000000              1.27713000000000    
          53.9419800000000              4.29931000000000              1.16097000000000    
          53.1644300000000              3.98191000000000              1.03015000000000    
          52.3992000000000              3.65954000000000             0.880370000000000    
          51.6257700000000              3.34401000000000             0.719820000000000    
          50.7678000000000              3.03861000000000             0.567790000000000    
          69.1760800000000              14.0000000000000              2.46768000000000    
          68.6596000000000              13.5836400000000              2.41202000000000    
          68.1448900000000              13.1638200000000              2.36014000000000    
          67.6319500000000              12.7404200000000              2.31186000000000    
          67.1209600000000              12.3134400000000              2.26702000000000    
          66.6124900000000              11.8826500000000              2.22540000000000    
          66.1087400000000              11.4486000000000              2.18684000000000    
          65.6137200000000              11.0165300000000              2.15161000000000    
          65.1297800000000              10.6013000000000              2.11901000000000    
          64.6470000000000              10.2068600000000              2.08761000000000    
          64.1690000000000              9.81838000000000              2.05612000000000    
          63.6962700000000              9.43276000000000              2.02454000000000    
          63.2108100000000              9.05413000000000              1.99391000000000    
          62.7126700000000              8.68433000000000              1.96309000000000    
          62.2008700000000              8.32572000000000              1.93023000000000    
          61.6761500000000              7.97489000000000              1.89541000000000    
          61.1519700000000              7.62233000000000              1.85776000000000    
          60.6088600000000              7.27434000000000              1.81865000000000    
          60.0426100000000              6.92871000000000              1.77807000000000    
          59.4534200000000              6.58788000000000              1.73339000000000    
          58.8423800000000              6.25298000000000              1.68259000000000    
          58.2038000000000              5.92228000000000              1.62464000000000    
          57.5312500000000              5.59707000000000              1.55898000000000    
          56.8352900000000              5.27470000000000              1.48403000000000    
          56.1152000000000              4.95451000000000              1.39848000000000    
          55.3729200000000              4.63198000000000              1.29801000000000    
          54.6221600000000              4.30976000000000              1.18143000000000    
          53.8697700000000              3.99011000000000              1.04913000000000    
          53.1317200000000              3.66536000000000             0.896600000000000    
          52.3858400000000              3.34711000000000             0.731910000000000    
          51.5570600000000              3.03861000000000             0.576090000000001    
          69.3151100000000              14.0000000000000              2.46664000000000    
          68.8166700000000              13.5868300000000              2.41189000000000    
          68.3199300000000              13.1703500000000              2.36091000000000    
          67.8248900000000              12.7504500000000              2.31353000000000    
          67.3317200000000              12.3271300000000              2.26953000000000    
          66.8409400000000              11.9001900000000              2.22871000000000    
          66.3548200000000              11.4700800000000              2.19086000000000    
          65.8768500000000              11.0418100000000              2.15623000000000    
          65.4097500000000              10.6288300000000              2.12421000000000    
          64.9440800000000              10.2362400000000              2.09334000000000    
          64.4815000000000              9.85038000000000              2.06250000000000    
          64.0282900000000              9.46568000000000              2.03133000000000    
          63.5621500000000              9.08763000000000              2.00105000000000    
          63.0835500000000              8.71747000000000              1.97082000000000    
          62.5916700000000              8.35826000000000              1.93866000000000    
          62.0861200000000              8.00710000000000              1.90469000000000    
          61.5833700000000              7.65371000000000              1.86796000000000    
          61.0629800000000              7.30437000000000              1.82985000000000    
          60.5199700000000              6.95713000000000              1.79045000000000    
          59.9547000000000              6.61436000000000              1.74729000000000    
          59.3680300000000              6.27742000000000              1.69799000000000    
          58.7547700000000              5.94433000000000              1.64144000000000    
          58.1068900000000              5.61681000000000              1.57710000000000    
          57.4360000000000              5.29207000000000              1.50337000000000    
          56.7414800000000              4.96949000000000              1.41891000000000    
          56.0251200000000              4.64474000000000              1.31917000000000    
          55.3003000000000              4.32021000000000              1.20236000000000    
          54.5734900000000              3.99830000000000              1.06883000000000    
          53.8630300000000              3.67119000000000             0.913860000000000    
          53.1452000000000              3.35021000000000             0.745340000000000    
          52.3463100000000              3.03860999999999             0.585769999999999    
          69.4541400000000              14.0000000000000              2.46571000000000    
          68.9735200000000              13.5900200000000              2.41187000000000    
          68.4945400000000              13.1768800000000              2.36180000000000    
          68.0171800000000              12.7604700000000              2.31529000000000    
          67.5416100000000              12.3408100000000              2.27214000000000    
          67.0683100000000              11.9177200000000              2.23210000000000    
          66.5995700000000              11.4915600000000              2.19495000000000    
          66.1384400000000              11.0671000000000              2.16090000000000    
          65.6879000000000              10.6564400000000              2.12944000000000    
          65.2390400000000              10.2657000000000              2.09910000000000    
          64.7914000000000              9.88244000000000              2.06890000000000    
          64.3574100000000              9.49869000000000              2.03816000000000    
          63.9104000000000              9.12123000000000              2.00824000000000    
          63.4511300000000              8.75076000000000              1.97856000000000    
          62.9789800000000              8.39092000000000              1.94709000000000    
          62.4926900000000              8.03930000000000              1.91393000000000    
          62.0107800000000              7.68520000000000              1.87813000000000    
          61.5130800000000              7.33451000000000              1.84098000000000    
          60.9933400000000              6.98567000000000              1.80272000000000    
          60.4520100000000              6.64094000000000              1.76108000000000    
          59.8898000000000              6.30194000000000              1.71329000000000    
          59.3020000000000              5.96649000000000              1.65818000000000    
          58.6791300000000              5.63659000000000              1.59520000000000    
          58.0335800000000              5.30947000000000              1.52273000000000    
          57.3649400000000              4.98447000000000              1.43941000000000    
          56.6748700000000              4.65751000000000              1.34054000000000    
          55.9764100000000              4.33067000000000              1.22373000000000    
          55.2756000000000              4.00648000000000              1.08924000000000    
          54.5931400000000              3.67701000000000             0.932220000000000    
          53.9038400000000              3.35332000000000             0.760250000000000    
          53.1355400000000              3.03861000000000             0.597060000000000    
          69.5931800000000              14.0000000000000              2.46491000000000    
          69.1301600000000              13.5932100000000              2.41196000000000    
          68.6687100000000              13.1834100000000              2.36277000000000    
          68.2088200000000              12.7704900000000              2.31713000000000    
          67.7506400000000              12.3544900000000              2.27480000000000    
          67.2945900000000              11.9352400000000              2.23552000000000    
          66.8430200000000              11.5130300000000              2.19906000000000    
          66.3985200000000              11.0923800000000              2.16558000000000    
          65.9642600000000              10.6841100000000              2.13465000000000    
          65.5319100000000              10.2952500000000              2.10482000000000    
          65.0989000000000              9.91450000000000              2.07525000000000    
          64.6836900000000              9.53181000000000              2.04493000000000    
          64.2555800000000              9.15493000000000              2.01539000000000    
          63.8154300000000              8.78419000000000              1.98623000000000    
          63.3628600000000              8.42372000000000              1.95544000000000    
          62.8960000000000              8.07148000000000              1.92305000000000    
          62.4342200000000              7.71683000000000              1.88817000000000    
          61.9591900000000              7.36476000000000              1.85197000000000    
          61.4627000000000              7.01430000000000              1.81480000000000    
          60.9453700000000              6.66761000000000              1.77467000000000    
          60.4077100000000              6.32654000000000              1.72842000000000    
          59.8454900000000              5.98873000000000              1.67478000000000    
          59.2479700000000              5.65642000000000              1.61319000000000    
          58.6280100000000              5.32692000000000              1.54204000000000    
          57.9855800000000              4.99948000000000              1.45992000000000    
          57.3221900000000              4.67029000000000              1.36208000000000    
          56.6504800000000              4.34114000000000              1.24550000000000    
          55.9761000000000              4.01465000000000              1.11038000000000    
          55.3220500000000              3.68283000000000             0.951730000000000    
          54.6617700000000              3.35644000000000             0.776810000000000    
          53.9247400000000              3.03861000000000             0.610199999999998    
          69.7322100000000              14.0000000000000              2.46424000000000    
          69.2865800000000              13.5963900000000              2.41216000000000    
          68.8424500000000              13.1899300000000              2.36384000000000    
          68.3998100000000              12.7805100000000              2.31903000000000    
          67.9587900000000              12.3681600000000              2.27749000000000    
          67.5197700000000              11.9527500000000              2.23895000000000    
          67.0851400000000              11.5344800000000              2.20314000000000    
          66.6570700000000              11.1176600000000              2.17021000000000    
          66.2388200000000              10.7118500000000              2.13978000000000    
          65.8227300000000              10.3248800000000              2.11043000000000    
          65.4041900000000              9.94652000000000              2.08144000000000    
          65.0071200000000              9.56501000000000              2.05156000000000    
          64.5976700000000              9.18872000000000              2.02240000000000    
          64.1764400000000              8.81777000000000              1.99374000000000    
          63.7433000000000              8.45664000000000              1.96361000000000    
          63.2960800000000              8.10364000000000              1.93196000000000    
          62.8536800000000              7.74857000000000              1.89800000000000    
          62.4012900000000              7.39511000000000              1.86272000000000    
          61.9280600000000              7.04304000000000              1.82661000000000    
          61.4347800000000              6.69439000000000              1.78798000000000    
          60.9217600000000              6.35121000000000              1.74326000000000    
          60.3852100000000              6.01107000000000              1.69113000000000    
          59.8134100000000              5.67629000000000              1.63097000000000    
          59.2193100000000              5.34439000000000              1.56120000000000    
          58.6033900000000              5.01450000000000              1.48035000000000    
          57.9670600000000              4.68307000000000              1.38370000000000    
          57.3225200000000              4.35160000000000              1.26762000000000    
          56.6750000000000              4.02282000000000              1.13223000000000    
          56.0497400000000              3.68866000000000             0.972470000000000    
          55.4189800000000              3.35955000000000             0.795150000000000    
          54.7139100000000              3.03861000000000             0.625410000000001    
          69.8712500000000              14.0000000000000              2.46371000000000    
          69.4427900000000              13.5995800000000              2.41248000000000    
          69.0157500000000              13.1964600000000              2.36498000000000    
          68.5901400000000              12.7905300000000              2.32097000000000    
          68.1660700000000              12.3818300000000              2.28018000000000    
          67.7438500000000              11.9702600000000              2.24234000000000    
          67.3259500000000              11.5559300000000              2.20715000000000    
          66.9141100000000              11.1429400000000              2.17472000000000    
          66.5115900000000              10.7396600000000              2.14474000000000    
          66.1114900000000              10.3545800000000              2.11586000000000    
          65.7075200000000              9.97841000000000              2.08738000000000    
          65.3277400000000              9.59830000000000              2.05797000000000    
          64.9367100000000              9.22260000000000              2.02918000000000    
          64.5341900000000              8.85150000000000              2.00099000000000    
          64.1203200000000              8.48969000000000              1.97152000000000    
          63.6928900000000              8.13582000000000              1.94058000000000    
          63.2691900000000              7.78043000000000              1.90753000000000    
          62.8394000000000              7.42557000000000              1.87314000000000    
          62.3894300000000              7.07189000000000              1.83805000000000    
          61.9202200000000              6.72125000000000              1.80088000000000    
          61.4319600000000              6.37596000000000              1.75772000000000    
          60.9211700000000              6.03350000000000              1.70714000000000    
          60.3754600000000              5.69622000000000              1.64845000000000    
          59.8074700000000              5.36191000000000              1.58012000000000    
          59.2183800000000              5.02954000000000              1.50062000000000    
          58.6094700000000              4.69586000000000              1.40533000000000    
          57.9925000000000              4.36208000000000              1.29003000000000    
          57.3723000000000              4.03097000000000              1.15478000000000    
          56.7762000000000              3.69448000000000             0.994460000000000    
          56.1754500000000              3.36268000000000             0.815410000000000    
          55.5030200000000              3.03860999999983             0.642929999999983    
          70.0102800000000              14.0000000000000              2.46332000000000    
          69.5987900000000              13.6027700000000              2.41290000000000    
          69.1886300000000              13.2029800000000              2.36619000000000    
          68.7798300000000              12.8005500000000              2.32293000000000    
          68.3724700000000              12.3955000000000              2.28285000000000    
          67.9668400000000              11.9877500000000              2.24565000000000    
          67.5654300000000              11.5773700000000              2.21103000000000    
          67.1696200000000              11.1682000000000              2.17905000000000    
          66.7825900000000              10.7675400000000              2.14948000000000    
          66.3982200000000              10.3843600000000              2.12101000000000    
          66.0090900000000              10.0101500000000              2.09299000000000    
          65.6455600000000              9.63167000000000              2.06404000000000    
          65.2726900000000              9.25659000000000              2.03563000000000    
          64.8886800000000              8.88538000000000              2.00787000000000    
          64.4939300000000              8.52288000000000              1.97905000000000    
          64.0863500000000              8.16807000000000              1.94880000000000    
          63.6807700000000              7.81241000000000              1.91665000000000    
          63.2735200000000              7.45613000000000              1.88313000000000    
          62.8468100000000              7.10083000000000              1.84902000000000    
          62.4017100000000              6.74823000000000              1.81328000000000    
          61.9383000000000              6.40080000000000              1.77169000000000    
          61.4533600000000              6.05601000000000              1.72268000000000    
          60.9341200000000              5.71618000000000              1.66551000000000    
          60.3924800000000              5.37946000000000              1.59870000000000    
          59.8305300000000              5.04461000000000              1.52065000000000    
          59.2494300000000              4.70865000000000              1.42688000000000    
          58.6604300000000              4.37255000000000              1.31269000000000    
          58.0679900000000              4.03912000000000              1.17801000000000    
          57.5014300000000              3.70030000000000              1.01775000000000    
          56.9311800000000              3.36580000000000             0.837700000000000    
          56.2920700000000              3.03861000000000             0.662960000000001    
          70.1493200000000              14.0000000000000              2.46308000000000    
          69.7545600000000              13.6059600000000              2.41343000000000    
          69.3610800000000              13.2095000000000              2.36746000000000    
          68.9688600000000              12.8105600000000              2.32489000000000    
          68.5780100000000              12.4091600000000              2.28545000000000    
          68.1887400000000              12.0052400000000              2.24884000000000    
          67.8036000000000              11.5987900000000              2.21473000000000    
          67.4236100000000              11.1934500000000              2.18316000000000    
          67.0518000000000              10.7955100000000              2.15393000000000    
          66.6829100000000              10.4142200000000              2.12582000000000    
          66.3088800000000              10.0417800000000              2.09818000000000    
          65.9606100000000              9.66513000000000              2.06969000000000    
          65.6056100000000              9.29068000000000              2.04163000000000    
          65.2399200000000              8.91941000000000              2.01429000000000    
          64.8641200000000              8.55620000000000              1.98611000000000    
          64.4763400000000              8.20043000000000              1.95653000000000    
          64.0884700000000              7.84450000000000              1.92525000000000    
          63.7036400000000              7.48681000000000              1.89258000000000    
          63.3002100000000              7.12987000000000              1.85941000000000    
          62.8792600000000              6.77530000000000              1.82506000000000    
          62.4407700000000              6.42572000000000              1.78504000000000    
          61.9817900000000              6.07860000000000              1.73764000000000    
          61.4894000000000              5.73620000000000              1.68205000000000    
          60.9743300000000              5.39704000000000              1.61683000000000    
          60.4398300000000              5.05970000000000              1.54033000000000    
          59.8869200000000              4.72145000000000              1.44827000000000    
          59.3263100000000              4.38303000000000              1.33550000000000    
          58.7620700000000              4.04726000000000              1.20188000000000    
          58.2254200000000              3.70612000000000              1.04232000000000    
          57.6861500000000              3.36894000000000             0.862090000000000    
          57.0810500000000              3.03861000000000             0.685689999999998    
          70.2883500000000              14.0000000000000              2.46300000000000    
          69.9101200000000              13.6091500000000              2.41405000000000    
          69.5330800000000              13.2160300000000              2.36876000000000    
          69.1572300000000              12.8205700000000              2.32683000000000    
          68.7826600000000              12.4228100000000              2.28796000000000    
          68.4095500000000              12.0227100000000              2.25187000000000    
          68.0404300000000              11.6202000000000              2.21820000000000    
          67.6760600000000              11.2186700000000              2.18697000000000    
          67.3192400000000              10.8235700000000              2.15801000000000    
          66.9655700000000              10.4441600000000              2.13020000000000    
          66.6068000000000              10.0733400000000              2.10289000000000    
          66.2728400000000              9.69869000000000              2.07483000000000    
          65.9355000000000              9.32487000000000              2.04710000000000    
          65.5879300000000              8.95359000000000              2.02013000000000    
          65.2308900000000              8.58967000000000              1.99258000000000    
          64.8627500000000              8.23293000000000              1.96367000000000    
          64.4923100000000              7.87670000000000              1.93323000000000    
          64.1297900000000              7.51759000000000              1.90138000000000    
          63.7496300000000              7.15900000000000              1.86912000000000    
          63.3528500000000              6.80248000000000              1.83609000000000    
          62.9393800000000              6.45072000000000              1.79766000000000    
          62.5064600000000              6.10127000000000              1.75190000000000    
          62.0413000000000              5.75625000000000              1.69794000000000    
          61.5530400000000              5.41467000000000              1.63440000000000    
          61.0462800000000              5.07481000000000              1.55957000000000    
          60.5219200000000              4.73426000000000              1.46940000000000    
          59.9901100000000              4.39351000000000              1.35840000000000    
          59.4545400000000              4.05539000000000              1.22632000000000    
          58.9481500000000              3.71194000000000              1.06818000000000    
          58.4403600000000              3.37207000000000             0.888650000000000    
          57.8699500000000              3.03861000000000             0.711270000000000    
          70.4273900000000              14.0000000000000              2.46307000000000    
          70.0654700000000              13.6123400000000              2.41478000000000    
          69.7046500000000              13.2225500000000              2.37009000000000    
          69.3449600000000              12.8305800000000              2.32872000000000    
          68.9864400000000              12.4364700000000              2.29036000000000    
          68.6292500000000              12.0401800000000              2.25471000000000    
          68.2759300000000              11.6416000000000              2.22140000000000    
          67.9269900000000              11.2438800000000              2.19044000000000    
          67.5849400000000              10.8517100000000              2.16168000000000    
          67.2462100000000              10.4741900000000              2.13410000000000    
          66.9027300000000              10.1049000000000              2.10703000000000    
          66.5821800000000              9.73238000000000              2.07938000000000    
          66.2623400000000              9.35917000000000              2.05193000000000    
          65.9327200000000              8.98793000000000              2.02531000000000    
          65.5942500000000              8.62329000000000              1.99838000000000    
          65.2454800000000              8.26560000000000              1.97012000000000    
          64.8923400000000              7.90899000000000              1.94048000000000    
          64.5519600000000              7.54848000000000              1.90943000000000    
          64.1950600000000              7.18823000000000              1.87806000000000    
          63.8224900000000              6.82976000000000              1.84628000000000    
          63.4341300000000              6.47580000000000              1.80943000000000    
          63.0273800000000              6.12402000000000              1.76534000000000    
          62.5898200000000              5.77635000000000              1.71307000000000    
          62.1285800000000              5.43233000000000              1.65130000000000    
          61.6498800000000              5.08995000000000              1.57826000000000    
          61.1544500000000              4.74708000000000              1.49015000000000    
          60.6518400000000              4.40400000000000              1.38127000000000    
          60.1453800000000              4.06352000000000              1.25126000000000    
          59.6696100000000              3.71777000000000              1.09526000000000    
          59.1937800000000              3.37521000000000             0.917390000000000    
          58.6587400000000              3.03861000000000             0.739799999999999    
          70.5664300000000              14.0000000000000              2.46329000000000    
          70.2205900000000              13.6155200000000              2.41558000000000    
          69.8757900000000              13.2290700000000              2.37144000000000    
          69.5320100000000              12.8405900000000              2.33055000000000    
          69.1893500000000              12.4501100000000              2.29261000000000    
          68.8478600000000              12.0576400000000              2.25731000000000    
          68.5101100000000              11.6630000000000              2.22430000000000    
          68.1763800000000              11.2690700000000              2.19353000000000    
          67.8488800000000              10.8799400000000              2.16488000000000    
          67.5248200000000              10.5043000000000              2.13745000000000    
          67.1965500000000              10.1365000000000              2.11056000000000    
          66.8885800000000              9.76621000000000              2.08326000000000    
          66.5861500000000              9.39357000000000              2.05605000000000    
          66.2742800000000              9.02240000000000              2.02973000000000    
          65.9541900000000              8.65705000000000              2.00339000000000    
          65.6245600000000              8.29843000000000              1.97577000000000    
          65.2886900000000              7.94136000000000              1.94690000000000    
          64.9701700000000              7.57949000000000              1.91663000000000    
          64.6365100000000              7.21756000000000              1.88610000000000    
          64.2881900000000              6.85715000000000              1.85551000000000    
          63.9250100000000              6.50097000000000              1.82024000000000    
          63.5445400000000              6.14685000000000              1.77784000000000    
          63.1349600000000              5.79649000000000              1.72731000000000    
          62.7009500000000              5.45002000000000              1.66741000000000    
          62.2506100000000              5.10512000000000              1.59629000000000    
          61.7844800000000              4.75990000000000              1.51044000000000    
          61.3114800000000              4.41449000000000              1.40403000000000    
          60.8345900000000              4.07164000000000              1.27661000000000    
          60.3897900000000              3.72359000000000              1.12351000000000    
          59.9464100000000              3.37835000000000             0.948260000000000    
          59.4474200000000              3.03860999999992             0.771360000000007    
          70.7054700000000              14.0000000000000              2.46365000000000    
          70.3755000000000              13.6187100000000              2.41646000000000    
          70.0464900000000              13.2355900000000              2.37278000000000    
          69.7184200000000              12.8505900000000              2.33229000000000    
          69.3913700000000              12.4637600000000              2.29468000000000    
          69.0653800000000              12.0750900000000              2.25966000000000    
          68.7429500000000              11.6843800000000              2.22685000000000    
          68.4242300000000              11.2942400000000              2.19619000000000    
          68.1110800000000              10.9082500000000              2.16757000000000    
          67.8014100000000              10.5345000000000              2.14021000000000    
          67.4881000000000              10.1681900000000              2.11342000000000    
          67.1919400000000              9.80021000000000              2.08641000000000    
          66.9069300000000              9.42808000000000              2.05938000000000    
          66.6126500000000              9.05699000000000              2.03330000000000    
          66.3107500000000              8.69097000000000              2.00753000000000    
          66.0000100000000              8.33142000000000              1.98053000000000    
          65.6815000000000              7.97379000000000              1.95239000000000    
          65.3843800000000              7.61061000000000              1.92287000000000    
          65.0739900000000              7.24698000000000              1.89317000000000    
          64.7499300000000              6.88464000000000              1.86367000000000    
          64.4120300000000              6.52623000000000              1.82998000000000    
          64.0579700000000              6.16974000000000              1.78930000000000    
          63.6767200000000              5.81668000000000              1.74057000000000    
          63.2701600000000              5.46776000000000              1.68261000000000    
          62.8484800000000              5.12031000000000              1.61356000000000    
          62.4120100000000              4.77273000000000              1.53013000000000    
          61.9690200000000              4.42498000000000              1.42654000000000    
          61.5221700000000              4.07975000000000              1.30225000000000    
          61.1086700000000              3.72941000000000              1.15281000000000    
          60.6982300000000              3.38150000000000             0.981180000000000    
          60.2359700000000              3.03860999999979             0.805930000000032    
          70.8445000000000              14.0000000000000              2.46413000000000    
          70.5302000000000              13.6219000000000              2.41740000000000    
          70.2167500000000              13.2421100000000              2.37410000000000    
          69.9041700000000              12.8606000000000              2.33392000000000    
          69.5925100000000              12.4774000000000              2.29657000000000    
          69.2818000000000              12.0925200000000              2.26173000000000    
          68.9744600000000              11.7057500000000              2.22904000000000    
          68.6705400000000              11.3194000000000              2.19840000000000    
          68.3715400000000              10.9366300000000              2.16972000000000    
          68.0760000000000              10.5647800000000              2.14235000000000    
          67.7773000000000              10.2000000000000              2.11558000000000    
          67.4922400000000              9.83438000000000              2.08879000000000    
          67.2246600000000              9.46271000000000              2.06187000000000    
          66.9478100000000              9.09169000000000              2.03599000000000    
          66.6639400000000              8.72503000000000              2.01072000000000    
          66.3718900000000              8.36456000000000              1.98431000000000    
          66.0709400000000              8.00623000000000              1.95687000000000    
          65.7946300000000              7.64184000000000              1.92807000000000    
          65.5075000000000              7.27649000000000              1.89916000000000    
          65.2077400000000              6.91224000000000              1.87069000000000    
          64.8951900000000              6.55157000000000              1.83855000000000    
          64.5676600000000              6.19271000000000              1.79960000000000    
          64.2150600000000              5.83692000000000              1.75272000000000    
          63.8362000000000              5.48553000000000              1.69681000000000    
          63.4434700000000              5.13553000000000              1.62995000000000    
          63.0370300000000              4.78556000000000              1.54912000000000    
          62.6244700000000              4.43547000000000              1.44869000000000    
          62.2081100000000              4.08786000000000              1.32805000000000    
          61.8262600000000              3.73523000000000              1.18301000000000    
          61.4492500000000              3.38465000000000              1.01601000000000    
          61.0243900000000              3.03861000000000             0.843450000000000    
          70.9835400000000              14.0000000000000              2.46473000000000    
          70.6846700000000              13.6250800000000              2.41837000000000    
          70.3865800000000              13.2486200000000              2.37537000000000    
          70.0892700000000              12.8705900000000              2.33543000000000    
          69.7927800000000              12.4910300000000              2.29824000000000    
          69.4971200000000              12.1099500000000              2.26350000000000    
          69.2046300000000              11.7271100000000              2.23084000000000    
          68.9153100000000              11.3445300000000              2.20015000000000    
          68.6302800000000              10.9650600000000              2.17133000000000    
          68.3485900000000              10.5951500000000              2.14384000000000    
          68.0641900000000              10.2319300000000              2.11701000000000    
          67.7897000000000              9.86866000000000              2.09038000000000    
          67.5393800000000              9.49744000000000              2.06348000000000    
          67.2798000000000              9.12650000000000              2.03773000000000    
          67.0137600000000              8.75924000000000              2.01291000000000    
          66.7402400000000              8.39783000000000              1.98706000000000    
          66.4572000000000              8.03866000000000              1.96026000000000    
          66.2009000000000              7.67320000000000              1.93216000000000    
          65.9370300000000              7.30611000000000              1.90399000000000    
          65.6616100000000              6.93995000000000              1.87649000000000    
          65.3744800000000              6.57700000000000              1.84587000000000    
          65.0736100000000              6.21575000000000              1.80866000000000    
          64.7499700000000              5.85722000000000              1.76369000000000    
          64.3990600000000              5.50334000000000              1.70990000000000    
          64.0356000000000              5.15078000000000              1.64536000000000    
          63.6595400000000              4.79841000000000              1.56730000000000    
          63.2778200000000              4.44597000000000              1.47035000000000    
          62.8924000000000              4.09597000000000              1.35386000000000    
          62.5425500000000              3.74105000000000              1.21392000000000    
          62.1994400000000              3.38781000000000              1.05252000000000    
          61.8126700000000              3.03861000000000             0.883769999999999    
          71.1225700000000              14.0000000000000              2.46540000000000    
          70.8389400000000              13.6282700000000              2.41934000000000    
          70.5559800000000              13.2551400000000              2.37658000000000    
          70.2737000000000              12.8805900000000              2.33679000000000    
          69.9921600000000              12.5046600000000              2.29968000000000    
          69.7113500000000              12.1273700000000              2.26495000000000    
          69.4334600000000              11.7484700000000              2.23224000000000    
          69.1585400000000              11.3696600000000              2.20142000000000    
          68.8872900000000              10.9935200000000              2.17239000000000    
          68.6192000000000              10.6256100000000              2.14470000000000    
          68.3487800000000              10.2639500000000              2.11772000000000    
          68.0846300000000              9.90297000000000              2.09115000000000    
          67.8511000000000              9.53228000000000              2.06420000000000    
          67.6086100000000              9.16141000000000              2.03851000000000    
          67.3602400000000              8.79360000000000              2.01406000000000    
          67.1051500000000              8.43123000000000              1.98873000000000    
          66.8404600000000              8.07107000000000              1.96250000000000    
          66.6031800000000              7.70467000000000              1.93509000000000    
          66.3626200000000              7.33582000000000              1.90762000000000    
          66.1115600000000              6.96775000000000              1.88101000000000    
          65.8499300000000              6.60251000000000              1.85189000000000    
          65.5758400000000              6.23886000000000              1.81641000000000    
          65.2814100000000              5.87757000000000              1.77339000000000    
          64.9587600000000              5.52119000000000              1.72179000000000    
          64.6248600000000              5.16606000000000              1.65970000000000    
          64.2795600000000              4.81125000000000              1.58456000000000    
          63.9290600000000              4.45648000000000              1.49137000000000    
          63.5750500000000              4.10407000000000              1.37948000000000    
          63.2575400000000              3.74687000000000              1.24531000000000    
          62.9488300000000              3.39097000000000              1.09042000000000    
          62.6008100000000              3.03861000000000             0.926639999999999    
          71.2616000000000              14.0000000000000              2.46611000000000    
          70.9929700000000              13.6314600000000              2.42030000000000    
          70.7249300000000              13.2616500000000              2.37769000000000    
          70.4574800000000              12.8905900000000              2.33798000000000    
          70.1906700000000              12.5182900000000              2.30089000000000    
          69.9244800000000              12.1447800000000              2.26610000000000    
          69.6609500000000              11.7698100000000              2.23327000000000    
          69.4002200000000              11.3947700000000              2.20225000000000    
          69.1425900000000              11.0220100000000              2.17293000000000    
          68.8878300000000              10.6561500000000              2.14495000000000    
          68.6311300000000              10.2960700000000              2.11774000000000    
          68.3773800000000              9.93725000000000              2.09113000000000    
          68.1598700000000              9.56722000000000              2.06407000000000    
          67.9342600000000              9.19642000000000              2.03836000000000    
          67.7033900000000              8.82812000000000              2.01417000000000    
          67.4666100000000              8.46476000000000              1.98931000000000    
          67.2207600000000              8.10346000000000              1.96359000000000    
          67.0015000000000              7.73627000000000              1.93681000000000    
          66.7842500000000              7.36564000000000              1.91000000000000    
          66.5576000000000              6.99566000000000              1.88421000000000    
          66.3215400000000              6.62812000000000              1.85655000000000    
          66.0743600000000              6.26204000000000              1.82281000000000    
          65.8093700000000              5.89800000000000              1.78176000000000    
          65.5152900000000              5.53908000000000              1.73243000000000    
          65.2112500000000              5.18136000000000              1.67288000000000    
          64.8970700000000              4.82411000000000              1.60079000000000    
          64.5782200000000              4.46698000000000              1.51162000000000    
          64.2560700000000              4.11217000000000              1.40472000000000    
          63.9712400000000              3.75270000000000              1.27690000000000    
          63.6974300000000              3.39413000000000              1.12935000000000    
          63.3888300000000              3.03861000000000             0.971709999999999    
          71.4006400000000              14.0000000000000              2.46681000000000    
          71.1468000000000              13.6346400000000              2.42118000000000    
          70.8934600000000              13.2681700000000              2.37868000000000    
          70.6406100000000              12.9005800000000              2.33899000000000    
          70.3883000000000              12.5319100000000              2.30184000000000    
          70.1365100000000              12.1621900000000              2.26694000000000    
          69.8871100000000              11.7911400000000              2.23393000000000    
          69.6403700000000              11.4198700000000              2.20265000000000    
          69.3961600000000              11.0505000000000              2.17299000000000    
          69.1545000000000              10.6867700000000              2.14465000000000    
          68.9112600000000              10.3282900000000              2.11714000000000    
          68.6683500000000              9.97141000000000              2.09038000000000    
          68.4657400000000              9.60226000000000              2.06314000000000    
          68.2567700000000              9.23154000000000              2.03731000000000    
          68.0432400000000              8.86279000000000              2.01328000000000    
          67.8246200000000              8.49843000000000              1.98880000000000    
          67.5979800000000              8.13588000000000              1.96353000000000    
          67.3958900000000              7.76799000000000              1.93734000000000    
          67.2019400000000              7.39557000000000              1.91113000000000    
          66.9997400000000              7.02366000000000              1.88611000000000    
          66.7893200000000              6.65381000000000              1.85984000000000    
          66.5691800000000              6.28530000000000              1.82783000000000    
          66.3338200000000              5.91850000000000              1.78879000000000    
          66.0686700000000              5.55701000000000              1.74177000000000    
          65.7948100000000              5.19669000000000              1.68485000000000    
          65.5121100000000              4.83697000000000              1.61590000000000    
          65.2253000000000              4.47749000000000              1.53094000000000    
          64.9354800000000              4.12027000000000              1.42936000000000    
          64.6836800000000              3.75852000000000              1.30835000000000    
          64.4452400000000              3.39730000000000              1.16883000000000    
          64.1767500000000              3.03861000000000              1.01851000000000    
          71.5396700000000              14.0000000000000              2.46743000000000    
          71.3004100000000              13.6378300000000              2.42195000000000    
          71.0615400000000              13.2746800000000              2.37950000000000    
          70.8230700000000              12.9105700000000              2.33980000000000    
          70.5850400000000              12.5455300000000              2.30256000000000    
          70.3474300000000              12.1795800000000              2.26749000000000    
          70.1119400000000              11.8124600000000              2.23426000000000    
          69.8789600000000              11.4449600000000              2.20268000000000    
          69.6480100000000              11.0790000000000              2.17265000000000    
          69.4192200000000              10.7174800000000              2.14390000000000    
          69.1892200000000              10.3606000000000              2.11601000000000    
          68.9579000000000              10.0054000000000              2.08900000000000    
          68.7687500000000              9.63739000000000              2.06152000000000    
          68.5761500000000              9.26676000000000              2.03547000000000    
          68.3797900000000              8.89763000000000              2.01145000000000    
          68.1792200000000              8.53224000000000              1.98728000000000    
          67.9719600000000              8.16836000000000              1.96236000000000    
          67.7864000000000              7.79983000000000              1.93669000000000    
          67.6157200000000              7.42560000000000              1.91102000000000    
          67.4380000000000              7.05177000000000              1.88671000000000    
          67.2533100000000              6.67960000000000              1.86180000000000    
          67.0603600000000              6.30862000000000              1.83149000000000    
          66.8547500000000              5.93907000000000              1.79447000000000    
          66.6189300000000              5.57498000000000              1.74979000000000    
          66.3755400000000              5.21205000000000              1.69557000000000    
          66.1246800000000              4.84983000000000              1.62983000000000    
          65.8703300000000              4.48801000000000              1.54918000000000    
          65.6132900000000              4.12837000000000              1.45314000000000    
          65.3948700000000              3.76434000000000              1.33927000000000    
          65.1923100000000              3.40048000000000              1.20830000000000    
          64.9646099999999              3.03861000000000              1.06645000000000    
          71.6787100000000              14.0000000000000              2.46791000000000    
          71.4538000000000              13.6410100000000              2.42255000000000    
          71.2291900000000              13.2812000000000              2.38014000000000    
          71.0048800000000              12.9205600000000              2.34039000000000    
          70.7809100000000              12.5591400000000              2.30303000000000    
          70.5572600000000              12.1969700000000              2.26778000000000    
          70.3354300000000              11.8337700000000              2.23431000000000    
          70.1160200000000              11.4700300000000              2.20242000000000    
          69.8981500000000              11.1075000000000              2.17200000000000    
          69.6820100000000              10.7482800000000              2.14281000000000    
          69.4650300000000              10.3929900000000              2.11450000000000    
          69.2459900000000              10.0392400000000              2.08713000000000    
          69.0688900000000              9.67261000000000              2.05936000000000    
          68.8924200000000              9.30210000000000              2.03298000000000    
          68.7130700000000              8.93262000000000              2.00882000000000    
          68.5304000000000              8.56620000000000              1.98485000000000    
          68.3425600000000              8.20095000000000              1.96018000000000    
          68.1730800000000              7.83177000000000              1.93495000000000    
          68.0256100000000              7.45573000000000              1.90975000000000    
          67.8724000000000              7.07997000000000              1.88609000000000    
          67.7135100000000              6.70547000000000              1.86247000000000    
          67.5478800000000              6.33202000000000              1.83385000000000    
          67.3721300000000              5.95973000000000              1.79884000000000    
          67.1660700000000              5.59299000000000              1.75652000000000    
          66.9534800000000              5.22744000000000              1.70503000000000    
          66.7348300000000              4.86270000000000              1.64251000000000    
          66.5133400000000              4.49853000000000              1.56622000000000    
          66.2895500000000              4.13647000000000              1.47580000000000    
          66.1048600000000              3.77017000000000              1.36922000000000    
          65.9386600000000              3.40365000000000              1.24709000000000    
          65.7524300000000              3.03861000000000              1.11477000000000    
          71.8177500000000              14.0000000000000              2.46815000000000    
          71.6069900000000              13.6442000000000              2.42290000000000    
          71.3964100000000              13.2877100000000              2.38052000000000    
          71.1860400000000              12.9305500000000              2.34073000000000    
          70.9759100000000              12.5727500000000              2.30326000000000    
          70.7660000000000              12.2143500000000              2.26784000000000    
          70.5576000000000              11.8550700000000              2.23416000000000    
          70.3515400000000              11.4950900000000              2.20196000000000    
          70.1465700000000              11.1359900000000              2.17117000000000    
          69.9428900000000              10.7791700000000              2.14154000000000    
          69.7386900000000              10.4254900000000              2.11278000000000    
          69.5324500000000              10.0730200000000              2.08498000000000    
          69.3661000000000              9.70796000000000              2.05688000000000    
          69.2056000000000              9.33754000000000              2.03005000000000    
          69.0431200000000              8.96778000000000              2.00557000000000    
          68.8781700000000              8.60031000000000              1.98167000000000    
          68.7095900000000              8.23369000000000              1.95713000000000    
          68.5560000000000              7.86383000000000              1.93223000000000    
          68.4316400000000              7.48597000000000              1.90741000000000    
          68.3029600000000              7.10826000000000              1.88434000000000    
          68.1699600000000              6.73144000000000              1.86197000000000    
          68.0318100000000              6.35548000000000              1.83502000000000    
          67.8859700000000              5.98047000000000              1.80201000000000    
          67.7101400000000              5.61104000000000              1.76202000000000    
          67.5286600000000              5.24285000000000              1.71324000000000    
          67.3425800000000              4.87557000000000              1.65392000000000    
          67.1543800000000              4.50905000000000              1.58191000000000    
          66.9642800000000              4.14456000000000              1.49705000000000    
          66.8136800000000              3.77600000000000              1.39769000000000    
          66.6843600000000              3.40683000000000              1.28440000000000    
          66.5402900000001              3.03861000000000              1.16257000000000    
          71.9567800000000              14.0000000000000              2.46803000000000    
          71.7599500000000              13.6473800000000              2.42293000000000    
          71.5631900000000              13.2942200000000              2.38061000000000    
          71.3665500000000              12.9405300000000              2.34082000000000    
          71.1700200000000              12.5863500000000              2.30328000000000    
          70.9736300000000              12.2317200000000              2.26774000000000    
          70.7784400000000              11.8763500000000              2.23388000000000    
          70.5855300000000              11.5201300000000              2.20144000000000    
          70.3932900000000              11.1644700000000              2.17032000000000    
          70.2018700000000              10.8101700000000              2.14030000000000    
          70.0102100000000              10.4580800000000              2.11109000000000    
          69.8170400000000              10.1067800000000              2.08283000000000    
          69.6602700000000              9.74345000000000              2.05434000000000    
          69.5157100000000              9.37310000000000              2.02697000000000    
          69.3699400000000              9.00309000000000              2.00198000000000    
          69.2225400000000              8.63456000000000              1.97796000000000    
          69.0729300000000              8.26660000000000              1.95341000000000    
          68.9352300000000              7.89599000000000              1.92871000000000    
          68.8338200000000              7.51631000000000              1.90418000000000    
          68.7297200000000              7.13665000000000              1.88163000000000    
          68.6226800000000              6.75750000000000              1.86046000000000    
          68.5121500000000              6.37902000000000              1.83516000000000    
          68.3963000000000              6.00129000000000              1.80412000000000    
          68.2511700000000              5.62913000000000              1.76641000000000    
          68.1011100000000              5.25829000000000              1.72028000000000    
          67.9479800000000              4.88845000000000              1.66404000000000    
          67.7934700000000              4.51957000000000              1.59614000000000    
          67.6375400000000              4.15266000000000              1.51659000000000    
          67.5214000000000              3.78182000000000              1.42410000000000    
          67.4294700000000              3.41002000000000              1.31931000000000    
          67.3282500000000              3.03860999999986              1.20875999999998    
          72.0958200000000              14.0000000000000              2.46745000000000    
          71.9127000000000              13.6505700000000              2.42253000000000    
          71.7295500000000              13.3007300000000              2.38035000000000    
          71.5464000000000              12.9505100000000              2.34063000000000    
          71.3632700000000              12.5999600000000              2.30311000000000    
          71.1801700000000              12.2490900000000              2.26753000000000    
          70.9979700000000              11.8976200000000              2.23359000000000    
          70.8179700000000              11.5451600000000              2.20100000000000    
          70.6382800000000              11.1929300000000              2.16966000000000    
          70.4589800000000              10.8412700000000              2.13932000000000    
          70.2795900000000              10.4907700000000              2.10971000000000    
          70.0995100000000              10.1406000000000              2.08098000000000    
          69.9513100000000              9.77910000000000              2.05211000000000    
          69.8227500000000              9.40877000000000              2.02406000000000    
          69.6935700000000              9.03853000000000              1.99839000000000    
          69.5635700000000              8.66898000000000              1.97403000000000    
          69.4326300000000              8.29968000000000              1.94929000000000    
          69.3109100000000              7.92824000000000              1.92463000000000    
          69.2322100000000              7.54676000000000              1.90026000000000    
          69.1527000000000              7.16513000000000              1.87818000000000    
          69.0717100000000              6.78366000000000              1.85815000000000    
          68.9889500000000              6.40263000000000              1.83448000000000    
          68.9031600000000              6.02218000000000              1.80537000000000    
          68.7891900000000              5.64726000000000              1.76987000000000    
          68.6708800000000              5.27376000000000              1.72627000000000    
          68.5510600000000              4.90134000000000              1.67294000000000    
          68.4306600000000              4.53011000000000              1.60880000000000    
          68.3093700000000              4.16076000000000              1.53409000000000    
          68.2280700000000              3.78765000000000              1.44783000000000    
          68.1740300000000              3.41320000000000              1.35077000000000    
          68.1163700000000              3.03861000000000              1.25207000000000    
          72.2348500000000              14.0000000000000              2.46623000000000    
          72.0652200000000              13.6537500000000              2.42160000000000    
          71.8954700000000              13.3072400000000              2.37966000000000    
          71.7256000000000              12.9604900000000              2.34013000000000    
          71.5556300000000              12.6135500000000              2.30276000000000    
          71.3856000000000              12.2664500000000              2.26729000000000    
          71.2161800000000              11.9188900000000              2.23342000000000    
          71.0488900000000              11.5701700000000              2.20082000000000    
          70.8815700000000              11.2213600000000              2.16940000000000    
          70.7142300000000              10.8724800000000              2.13889000000000    
          70.5468700000000              10.5235600000000              2.10898000000000    
          70.3795900000000              10.1745300000000              2.07983000000000    
          70.2391000000000              9.81495000000000              2.05058000000000    
          70.1267200000000              9.44456000000000              2.02178000000000    
          70.0140000000000              9.07411000000000              1.99523000000000    
          69.9012600000000              8.70354000000000              1.97026000000000    
          69.7887700000000              8.33292000000000              1.94511000000000    
          69.6832600000000              7.96054000000000              1.92029000000000    
          69.6267900000000              7.57732000000000              1.89596000000000    
          69.5719200000000              7.19369000000000              1.87426000000000    
          69.5170700000000              6.80992000000000              1.85534000000000    
          69.4622200000000              6.42631000000000              1.83330000000000    
          69.4065900000000              6.04316000000000              1.80604000000000    
          69.3242600000000              5.66543000000000              1.77263000000000    
          69.2380100000000              5.28926000000000              1.73139000000000    
          69.1518600000000              4.91423000000000              1.68067000000000    
          69.0660200000000              4.54064000000000              1.61981000000000    
          68.9798100000000              4.16887000000000              1.54921000000000    
          68.9337500000000              3.79348000000000              1.46816000000000    
          68.9181300000000              3.41639000000000              1.37757000000000    
          68.9047200000000              3.03861000000000              1.29099000000000    
 zone  i=           2  j=          61 k=1                                                           
          63.8980100000000              14.0000000000000              2.64882000000000    
          63.8980100000000              14.0000000000000              2.64882000000000    
          64.0361900000000              14.0000000000000              2.66207000000000    
          64.0350800000000              14.0000000000000              2.62701000000000    
          64.1751700000000              14.0000000000000              2.66566000000000    
          64.1736800000000              14.0000000000000              2.61590000000000    
          64.3141700000000              14.0000000000000              2.66771000000000    
          64.3123900000000              14.0000000000000              2.60645000000000    
          64.4531900000000              14.0000000000000              2.66900000000000    
          64.4511600000000              14.0000000000000              2.59785000000000    
          64.5922000000000              14.0000000000000              2.66982000000000    
          64.5899600000000              14.0000000000000              2.58981000000000    
          64.7312200000000              14.0000000000000              2.67029000000000    
          64.7287900000000              14.0000000000000              2.58217000000000    
          64.8702300000000              14.0000000000000              2.67048000000000    
          64.8676300000000              14.0000000000000              2.57488000000000    
          65.0092500000000              14.0000000000000              2.67044000000000    
          65.0064900000000              14.0000000000000              2.56789000000000    
          65.1482700000000              14.0000000000000              2.67017000000000    
          65.1453700000000              14.0000000000000              2.56120000000000    
          65.2872800000000              14.0000000000000              2.66968000000000    
          65.2842600000000              14.0000000000000              2.55480000000000    
          65.4263000000000              14.0000000000000              2.66897000000000    
          65.4231600000000              14.0000000000000              2.54868000000000    
          65.5653200000000              14.0000000000000              2.66805000000000    
          65.5620700000000              14.0000000000000              2.54284000000000    
          65.7043300000000              14.0000000000000              2.66690000000000    
          65.7010000000000              14.0000000000000              2.53729000000000    
          65.8433500000000              14.0000000000000              2.66553000000000    
          65.8399400000000              14.0000000000000              2.53202000000000    
          65.9823500000000              14.0000000000000              2.66393000000000    
          65.9788800000000              14.0000000000000              2.52703000000000    
          66.1213600000000              14.0000000000000              2.66211000000000    
          66.1178400000000              14.0000000000000              2.52231000000000    
          66.2603600000000              14.0000000000000              2.66008000000000    
          66.2568100000000              14.0000000000000              2.51787000000000    
          66.3993600000000              14.0000000000000              2.65782000000000    
          66.3957700000000              14.0000000000000              2.51368000000000    
          66.5383600000000              14.0000000000000              2.65536000000000    
          66.5347600000000              14.0000000000000              2.50975000000000    
          66.6773500000000              14.0000000000000              2.65270000000000    
          66.6737400000000              14.0000000000000              2.50606000000000    
          66.8163400000000              14.0000000000000              2.64984000000000    
          66.8127400000000              14.0000000000000              2.50260000000000    
          66.9553200000000              14.0000000000000              2.64681000000000    
          66.9517400000000              14.0000000000000              2.49937000000000    
          67.0943100000000              14.0000000000000              2.64360000000000    
          67.0907400000000              14.0000000000000              2.49633000000000    
          67.2332800000000              14.0000000000000              2.64024000000000    
          67.2297400000000              14.0000000000000              2.49349000000000    
          67.3722600000000              14.0000000000000              2.63673000000000    
          67.3687600000000              14.0000000000000              2.49082000000000    
          67.5112300000000              14.0000000000000              2.63308000000000    
          67.5077700000000              14.0000000000000              2.48832000000000    
          67.6501900000000              14.0000000000000              2.62932000000000    
          67.6467900000000              14.0000000000000              2.48596000000000    
          67.7891600000000              14.0000000000000              2.62544000000000    
          67.7858000000000              14.0000000000000              2.48375000000000    
          67.9281200000000              14.0000000000000              2.62146000000000    
          67.9248300000000              14.0000000000000              2.48167000000000    
          68.0670800000000              14.0000000000000              2.61739000000000    
          68.0638500000000              14.0000000000000              2.47970000000000    
          68.2060400000000              14.0000000000000              2.61324000000000    
          68.2028700000000              14.0000000000000              2.47785000000000    
          68.3449900000000              14.0000000000000              2.60901000000000    
          68.3419000000000              14.0000000000000              2.47610000000000    
          68.4839400000000              14.0000000000000              2.60471000000000    
          68.4809300000000              14.0000000000000              2.47445000000000    
          68.6228900000000              14.0000000000000              2.60035000000000    
          68.6199600000000              14.0000000000000              2.47290000000000    
          68.7618400000000              14.0000000000000              2.59592000000000    
          68.7589900000000              14.0000000000000              2.47145000000000    
          68.9007900000000              14.0000000000000              2.59142000000000    
          68.8980100000000              14.0000000000000              2.47009000000000    
          69.0397300000000              14.0000000000000              2.58685000000000    
          69.0370500000000              14.0000000000000              2.46883000000000    
          69.1786700000000              14.0000000000000              2.58222000000000    
          69.1760800000000              14.0000000000000              2.46768000000000    
          69.3176000000000              14.0000000000000              2.57751000000000    
          69.3151100000000              14.0000000000000              2.46664000000000    
          69.4565400000000              14.0000000000000              2.57273000000000    
          69.4541400000000              14.0000000000000              2.46571000000000    
          69.5954700000000              14.0000000000000              2.56786000000000    
          69.5931800000000              14.0000000000000              2.46491000000000    
          69.7344100000000              14.0000000000000              2.56291000000000    
          69.7322100000000              14.0000000000000              2.46424000000000    
          69.8733300000000              14.0000000000000              2.55785000000000    
          69.8712500000000              14.0000000000000              2.46371000000000    
          70.0122500000000              14.0000000000000              2.55270000000000    
          70.0102800000000              14.0000000000000              2.46332000000000    
          70.1511800000000              14.0000000000000              2.54744000000000    
          70.1493200000000              14.0000000000000              2.46308000000000    
          70.2900800000000              14.0000000000000              2.54207000000000    
          70.2883500000000              14.0000000000000              2.46300000000000    
          70.4290000000000              14.0000000000000              2.53660000000000    
          70.4273900000000              14.0000000000000              2.46307000000000    
          70.5679000000000              14.0000000000000              2.53102000000000    
          70.5664300000000              14.0000000000000              2.46329000000000    
          70.7068100000000              14.0000000000000              2.52534000000000    
          70.7054700000000              14.0000000000000              2.46365000000000    
          70.8457000000000              14.0000000000000              2.51958000000000    
          70.8445000000000              14.0000000000000              2.46413000000000    
          70.9846000000000              14.0000000000000              2.51375000000000    
          70.9835400000000              14.0000000000000              2.46473000000000    
          71.1235000000000              14.0000000000000              2.50788000000000    
          71.1225700000000              14.0000000000000              2.46540000000000    
          71.2623900000000              14.0000000000000              2.50201000000000    
          71.2616000000000              14.0000000000000              2.46611000000000    
          71.4012800000000              14.0000000000000              2.49618000000000    
          71.4006400000000              14.0000000000000              2.46681000000000    
          71.5401800000000              14.0000000000000              2.49045000000000    
          71.5396700000000              14.0000000000000              2.46743000000000    
          71.6790900000000              14.0000000000000              2.48489000000000    
          71.6787100000000              14.0000000000000              2.46791000000000    
          71.8180100000000              14.0000000000000              2.47957000000000    
          71.8177500000000              14.0000000000000              2.46815000000000    
          71.9569400000000              14.0000000000000              2.47461000000000    
          71.9567800000000              14.0000000000000              2.46803000000000    
          72.0958900000000              14.0000000000000              2.47011000000000    
          72.0958200000000              14.0000000000000              2.46745000000000    
          72.2348500000000              14.0000000000000              2.46623000000000    
          72.2348500000000              14.0000000000000              2.46623000000000    
 zone  i=           8  j=           8 k=1                                                           
          68.9047200000000            -0.169004079394325E-14          1.32213000000000    
          68.9045400000000             0.434350000000000              1.28396000000000    
          68.9053400000000             0.868480000000001              1.24430000000000    
          68.9051100000000              1.30287000000000              1.20667000000000    
          68.9048800000000              1.73835000000000              1.18654000000000    
          68.9047400000000              2.17425000000000              1.19376000000000    
          68.9045700000000              2.60902000000000              1.22593000000000    
          68.9047200000000              3.03860999999994              1.29098999999999    
          69.3190500000000            -0.165828044655300E-14          1.29537000000000    
          69.3147700000000             0.374410000000002              1.26213000000000    
          69.3114400000000             0.748859999999999              1.23069000000000    
          69.3069800000000              1.12325000000000              1.19964000000000    
          69.3020000000000              1.49713000000000              1.17676000000000    
          69.2968700000000              1.87088000000000              1.17237000000000    
          69.2917900000000              2.24427000000000              1.18724000000000    
          69.2868700000000              2.61514000000000              1.21781000000000    
          69.7331899999999            -0.166572078396168E-14          1.26602000000000    
          69.7286899999999             0.315840000000002              1.23712000000000    
          69.7251700000000             0.631720000000000              1.21229000000000    
          69.7206700000000             0.947789999999998              1.18852999999996    
          69.7153700000000              1.26328000000000              1.16785000000000    
          69.7095600000000              1.57781000000000              1.15693000000000    
          69.7037700000000              1.89219000000000              1.16003000000000    
          69.6982500000000              2.20458000000000              1.17551000000000    
          70.1471400000000            -0.166967812189125E-14          1.23388000000002    
          70.1430100000000             0.257690000000001              1.20920000000000    
          70.1398400000000             0.515300000000002              1.18933000000000    
          70.1360200000000             0.773280000000101              1.17260999999999    
          70.1313500000001              1.03102000000000              1.15661000000000    
          70.1258900000001              1.28784000000000              1.14423000000000    
          70.1201700000000              1.54376000000000              1.13963000000000    
          70.1146500000000              1.79810000000000              1.14444000000000    
          70.5608399999999            -0.168238361610007E-14          1.19872000000012    
          70.5576700000000             0.200070000000001              1.17844000000000    
          70.5553100000000             0.400049999999998              1.16201000000000    
          70.5527300000000             0.600159999999904              1.15018999999998    
          70.5494699999999             0.800550000000000              1.13970000000000    
          70.5453100000000              1.00029000000000              1.12993000000000    
          70.5406400000000              1.19916000000000              1.12277000000000    
          70.5358000000000              1.39607000000000              1.11991000000000    
          70.9742600000000            -0.167367611740230E-14          1.16051000000000    
          70.9720300000000             0.142350000000001              1.14508000000000    
          70.9703100000000             0.284710000000002              1.13164000000000    
          70.9685800000000             0.427029999999999              1.12176000000000    
          70.9665700000000             0.569459999999987              1.11481000000000    
          70.9639100000000             0.711799999999999              1.10920000000000    
          70.9606900000000             0.853680000000001              1.10416000000000    
          70.9570300000000             0.993840000000131              1.10015000000001    
          71.3873400000000            -0.172032391587348E-14          1.11872000000000    
          71.3861700000000             0.847700000000004E-01          1.10872000000000    
          71.3852200000000             0.169550000000002              1.09925000000000    
          71.3842400000000             0.254389999999873              1.09105000000000    
          71.3831500000000             0.339189999999964              1.08455000000000    
          71.3818400000001             0.423879999999991              1.07993000000000    
          71.3803200000000             0.508410000000000              1.07683000000000    
          71.3784900000000             0.592199999999999              1.07466000000000    
          71.8000000000000            -0.161842924045058E-14          1.07295000000000    
          71.8000000000000             0.272199999999988E-01          1.06977000000000    
          71.8000000000000             0.544499999999999E-01          1.06659000000000    
          71.8000000000000             0.816700000000008E-01          1.06341000000000    
          71.8000000000000             0.108900000000002              1.06023000000000    
          71.8000000000000             0.136119999999998              1.05705000000000    
          71.8000000000000             0.163350000000002              1.05387000000000    
          71.8000000000000             0.190570000000000              1.05069000000000    
 zone  i=           8  j=           8 k=1                                                           
          68.9047200000000              3.03860999999999              1.29099000000000    
          68.9045000000000              2.58871000000000              1.18265000000000    
          68.9047200000000              2.13970000000000              1.06960000000000    
          68.9046900000000              1.69730000000000             0.933090000000000    
          68.9047500000000              1.26398000000000             0.770040000000000    
          68.9046500000000             0.841730000000002             0.580200000000001    
          68.9043900000000             0.432809999999999             0.363079999999998    
          68.9047200000000            -0.166597489384586E-14         0.202960000000000    
          69.2868700000000              2.61514000000000              1.21781000000000    
          69.2910500000000              2.22591000000000              1.13480000000000    
          69.2968800000000              1.84023000000000              1.03466000000000    
          69.3028900000000              1.46103000000000             0.913509999999999    
          69.3087100000000              1.08912000000000             0.772329999999999    
          69.3146100000000             0.727420000000002             0.607559999999999    
          69.3194000000000             0.374580000000000             0.423920000000000    
          69.3240000000000            -0.169297491607254E-14         0.291860000000001    
          69.6982500000000              2.20458000000000              1.17551000000000    
          69.7035300000000              1.87687000000000              1.10242000000000    
          69.7110000000000              1.55316000000000              1.01297000000000    
          69.7183200000000              1.23434000000000             0.908400000000001    
          69.7254700000000             0.921940000000001             0.786880000000001    
          69.7327199999999             0.618300000000002             0.645799999999998    
          69.7373000000000             0.317610000000000             0.495529999999999    
          69.7417700000000            -0.168180763369594E-14         0.387600000000002    
          70.1146499999999              1.79810000000000              1.14443999999993    
          70.1206800000000              1.53206000000000              1.07843000000000    
          70.1285800000000              1.26914000000000              1.00146000000000    
          70.1362500000000              1.01029000000000             0.912700000000000    
          70.1438100000000             0.756860000000000             0.810220000000002    
          70.1511500000000             0.509579999999998             0.693420000000002    
          70.1541200000000             0.260199999999998             0.576779999999996    
          70.1578100000000            -0.167133830646787E-14         0.490560000000000    
          70.5358000000000              1.39607000000000              1.11990999999994    
          70.5414000000000              1.19047000000000              1.06394000000000    
          70.5487800000001             0.987760000000002             0.999450000000001    
          70.5561100000000             0.788529999999999             0.925610000000000    
          70.5632500000000             0.593379999999999             0.841869999999999    
          70.5689700000000             0.399760000000002             0.751689999999999    
          70.5694400000000             0.202579999999999             0.667459999999998    
          70.5719100000000            -0.171322916790728E-14         0.601099999999996    
          70.9570300000000             0.993839999999997              1.10014999999996    
          70.9622800000000             0.849179999999999              1.05395000000000    
          70.9688800000000             0.706879999999998              1.00241000000000    
          70.9753400000000             0.566739999999999             0.945129999999999    
          70.9808300000000             0.427470000000001             0.883810000000001    
          70.9838100000000             0.286619999999999             0.822550000000000    
          70.9825100000000             0.144470000000000             0.766890000000002    
          70.9839500000000            -0.167707102545489E-14         0.719130000000005    
          71.3784900000000             0.592199999999999              1.07466000000002    
          71.3826900000000             0.507989999999998              1.04223999999998    
          71.3872100000000             0.424309999999999              1.00855999999997    
          71.3908999999999             0.340349999999997             0.974109999999967    
          71.3932500000000             0.255739999999967             0.939869999999978    
          71.3938800000001             0.170689999999870             0.906679999999997    
          71.3926100000000             0.857900000000007E-01         0.875169999999998    
          71.3934400000000            -0.177813222045770E-14         0.845660000000001    
          71.8000000000002             0.190570000000000              1.05069000000002    
          71.8001900000000             0.163410000000000              1.04060000000000    
          71.8002900000000             0.136229999999999              1.03058000000000    
          71.8003300000000             0.109020000000000              1.02063000000000    
          71.8003200000000             0.817899999999975E-01          1.01074000000000    
          71.8002500000000             0.545299999999976E-01          1.00091000000000    
          71.8001400000000             0.272699999999983E-01         0.991119999999999    
          71.8000000000000            -0.170241425123674E-14         0.981330000000001    
